SMILES,nearest_training_tanimoto
O=C(NCc1ccc(-c2nnc3n2-c2cccnc2Nc2ccccc2-3)cc1)c1ccccc1,0.75
Cc1ccc(NC(=O)Cc2nc(N3CCOCC3)cc(=O)n2C)cc1Br,0.8136
Cn1c(CC(=O)Nc2ccc(F)c(C3CCNCC3F)c2)nc(N2CCOCC2)cc1=O,0.7465
O=C(Nc1ccc(-c2nnc3n2-c2cccnc2Nc2ccccc2-3)cc1)c1ccccc1,1
NC1(c2ccc(-c3nc4n(c3-c3ccccc3)COc3ccncc3-4)cc2)CC1,0.9245
Cn1ncc(Cl)c1-c1cc(C(=O)NC2CNCCC2c2ccccc2)oc1Cl,1
Cn1c(CC(=O)Nc2ccccc2OCCN2CCCCC2)nc(N2CCOCC2)cc1=O,0.7183
Cc1ncc(OCC(N)Cc2ccccc2)cc1-c1ccc2[nH]nc(C)c2c1,0.8421
O=C(Cc1nc(=O)cc(N2CCOCC2)[nH]1)N1CCc2c(Cl)cccc21,0.7377
Cn1nccc1-c1cc(F)c(C(=O)NC2CNCCC2c2ccncc2)c(F)c1,0.8167
Cn1c(CC(=O)Nc2cccc(Br)c2)nc(N2CCOCC2)cc1=O,0.7377
Cn1c(CC(=O)N2c3ccccc3CC2C2CC2)nc(N2CCOCC2)cc1=O,0.7903
Nc1ncnc(N2CCC(c3nc(-c4ccnc(Cl)c4)cn3CCN3CCC3)CC2)c1Br,0.7971
Cc1n[nH]c2ccc(-c3cc(OCC(N)Cc4ccccc4F)cnc3-c3ccoc3)cc12,0.8026
Cn1ncc(Cl)c1-c1ccc(C(=O)NC2CNCCC2c2ccnnc2)o1,0.8095
Cn1ncc(Br)c1-c1ccc(C(=O)NC2CNCCC2c2ccncc2)cc1,0.75
O=C(Nc1csc(-c2nncn2C2CC2)n1)c1cc(-n2cnc(C3CC3)c2)c(C(F)(F)F)cn1,0.7662
NC(COc1cncc(-c2ccc3c(c2)C(Cc2ccccc2)C(=O)N3)c1)Cc1cccnc1,0.7429
CC1Cc2cccnc2N1C(=O)Cc1nc(N2CCOCC2)cc(=O)n1C,0.7619
Cn1c(CC(=O)Nc2ccsc2O)nc(N2CCOCC2)cc1=O,0.7302
CC1Cc2ccccc2N1C(=O)Cc1nc(=N)cc(N2CCOCC2)[nH]1,0.7031
NC(=O)c1cccn2c(-c3ccccc3)c(-c3ccccc3)nc12,0.7292
Cn1c(CC(=O)N2CCc3c(C#N)cccc32)nc(N2CCOCC2)cc1=O,0.7903
Cn1nccc1-c1ccc(C(=O)NC2CNCCC2c2cccnc2)cc1,0.7031
Cn1nccc1-c1ccc(C(=O)NC2CNCCC2c2ccccc2)nc1,0.8226
CCNC(=O)c1c(N)ncnc1N1CCC(c2nc(-c3ccnc(C(F)(F)F)c3)cn2CCN2CCC2)CC1,0.8205
COc1ccc2c(c1)CC(C)N2C(=O)Cc1nc(N2CCOCC2)cc(=O)n1C,0.7846
CN(C)C(=O)c1cccc(NC(=O)Cc2nc(N3CCOCC3)cc(=O)[nH]2)c1,0.7541
Cn1ncc(Cl)c1-c1ccc(C(=O)NC2CNCCC2c2ccccc2)o1,0.8667
Cn1nccc1-c1cccc(C(=O)NC2CNCCC2c2cccc(F)c2)n1,0.7463
Cc1[nH]nc2ccc(-c3cncc(OCC(N)Cc4c[nH]c5ccccc45)c3)cc12,0.7937
Cc1n[nH]c2ccc(-c3cncc(OCC(N)Cc4cccc(F)c4F)c3)cc12,1
Cc1n[nH]c2ccc(-c3nnc(NCC(N)Cc4ccccc4F)s3)cc12,0.8
O=C(Nc1ccc(-c2nnc3n2-c2cccnc2Nc2ccccc2-3)cc1)c1ccccn1,0.8214
NC(=O)c1cccn2c(-c3ccccc3)c(-c3ccc(C4(N)CCC4)cc3)nc12,1
Cn1c(CC(=O)N2CCc3c(OCC(=O)N4CCCC4)cccc32)nc(N2CCOCC2)cc1=O,0.7361
Cc1ccc2nc(-c3ccc(C4(N)CCC4)cc3)c(-c3ccccc3)n2c1,0.76
Cn1c(CC(=O)N2c3ccccc3CCc3ccccc32)nc(N2CCOCC2)cc1=O,0.8036
Cn1ncc(Br)c1-c1ccc(C(=O)NC2CNCCC2c2ccccc2)cc1,0.7619
Cn1nccc1-c1ccc(C(=O)NC2CNCCC2c2ccc(F)cc2)cc1,0.8136
CC(=O)c1c(N)ncnc1N1CCC(c2nc(-c3ccnc(F)c3)cn2CCN2CCC2)CC1,0.7333
Cn1ncc(Cl)c1-c1cc(C(=O)NC2CNCCC2c2ccc(F)c(F)c2)no1,0.7246
NC(=O)c1c(N)ncnc1N1CCC(c2nc(-c3cccnc3)cn2CCN2CCC2)CC1,0.7639
Cn1ncc(Cl)c1-c1cc(C(=O)NC2CNCCC2c2ccc(F)c(F)c2)nc(C(F)(F)F)c1,0.7571
Cn1nccc1-c1ccc(C(=O)NC2CNCCC2c2ccccc2)cc1,0.75
Cc1n[nH]c2ccc(-c3cncc(OCC(N)Cc4cccc(F)c4)c3)cc12,1
NC1(c2ccc(-c3nc4n(c3-c3ccccc3)COc3ccccc3-4)cc2)CC1,0.9167
Cn1c(CC(=O)Nc2ccc(F)c(Cl)c2)nc(N2CCOCC2)cc1=O,0.8
Cn1ncc(Br)c1-c1ccc(C(=O)NC2CNCCC2c2ccc(F)nc2)o1,0.7761
Cn1nccc1-c1cccc(C2CCNCC2NC(=O)c2ccc(F)cc2)c1,0.746
C=Cc1cccn2c(-c3ccccc3)c(-c3ccc(C4(N)CCC4)cc3)nc12,0.7451
Cc1n[nH]c2ccc(-c3cncc(OCC(N)Cc4ccccc4)c3)cc12,0.8214
Cc1n[nH]c2ncc(-c3cncc(OCC(N)Cc4ccc(F)cc4F)c3)cc12,0.8167
Cc1n[nH]c2cnc(-c3cncc(OCC(N)Cc4ccccc4)c3)cc12,1
CN(C)CC(NC(=O)c1ccc(-c2ccncc2)cc1)c1ccccc1,0.7111
Cn1nccc1-c1cc(F)c(C(=O)NC2CNCCC2c2ccccc2)c(Cl)c1,0.8308
CNCC(Nc1ncnc2c(C(N)=O)ccnc12)c1cccc(F)c1,0.7719
Cc1n[nH]c2ccc(-c3cncc(OCC(N)Cc4ccc(Cl)cc4)c3)cc12,1
Cc1cc(-c2cn(CCNC(C)(C)C)c(C3CCN(c4ncnc(N)c4C#N)CC3)n2)ccc1F,0.8493
CC(N)COc1cncc(-c2ccc3c(c2)C(=Cc2ccco2)C(=O)N3)c1,0.7761
Cn1ncc(Br)c1-c1cc(C(=O)NC2CNCCC2c2cccc(F)c2)no1,0.7222
Cn1nccc1-c1ccc(C(=O)NC2CNCCC2c2ccc(F)c(F)c2)nc1C1CC1,0.7246
CNC(=O)c1ccc(-n2c(-c3cccnc3N)nc3ccc(-c4ccccc4)nc32)cc1,0.7049
Cn1nccc1-c1ccnn2c(-c3ccccc3)c(-c3ccc(C4(N)CCC4)cc3)nc12,0.746
O=C(NC(c1ccc(Cl)c(Cl)c1)C1CCNCC1)c1ccncc1,0.7455
Cn1ncc(Br)c1-c1cc(F)c(C(=O)NC2CNCCC2c2ccccc2)cc1Cl,0.7183
O=C(Nc1ccc(-c2nnc3n2-c2cccnc2Nc2ccccc2-3)cc1)c1ccccc1F,0.7667
Cn1nccc1-c1ccc(C(=O)NC2CNCC2c2cc(F)cc(F)c2)s1,0.7231
NC(COc1cncc(-c2ccc(CO)cc2)c1)Cc1c[nH]c2ccccc12,0.7097
COc1cnc(N2CCC(c3nc(-c4ccc(F)c(C)c4)cn3CC3CNC3)CC2)nc1,0.7027
NC(=O)c1c(N)ncnc1N1CCC(c2nc(-c3ccc(F)c(Cl)c3)cn2CCN2CCC2)CC1,1
Cn1c(CC(=O)Nc2cccc(F)c2)nc(N2CCOCC2)cc1=O,0.7377
Cc1ccc(-c2cncc(OCC(N)Cc3c[nH]c4ccccc34)c2)cc1F,0.7344
O=C(Cc1nc(N2CCOCC2)cc(=O)[nH]1)N1CCc2c(OC(F)F)ccnc21,0.75
Cc1cc(-c2cn(CCN(C)C)c(C3CCN(c4ncccc4C#N)CC3)n2)ccc1F,0.7105
NC1(C(=O)NCc2ccccc2)CCN(c2ncnc3[nH]ccc23)CC1,0.8333
Cn1nccc1-c1ccc(C(=O)NC2CNCCC2c2cc(F)cc(Cl)c2)cc1,0.7656
O=C(NC1CNCCC1c1cccnc1)c1ccc2c(c1)OCCn1nccc1-2,0.7647
Cc1n[nH]c2ccc(-c3cncc(OCC(N)Cc4cccc(Br)c4)c3)cc12,1
Cn1nccc1-c1cc(F)c(C(=O)NC2CNCCC2c2ccccc2)c(F)c1,0.8167
NC(=O)CC(NC(=O)c1ccc(-c2ccncc2)cc1)c1ccccc1,0.7674
CC1COCCN1c1nc(N2CCOCC2C)c2ccc(-c3cccc(C(N)=O)c3)nc2n1,0.7627
Cn1c(CC(=O)Nc2ccc(Br)cc2F)nc(N2CCOCC2)cc1=O,0.7143
Cn1c(CC(=O)Nc2ccc(NC(=O)c3ccccc3F)cc2)nc(N2CCOCC2)cc1=O,0.7077
Cc1n[nH]c2cnc(-c3cncc(OCC(N)Cc4cccc(F)c4Cl)c3)cc12,0.8548
NCc1ccccc1CC(N)COc1cncc(-c2ccc3c(c2)CC(=O)N3)c1,0.7424
NC(CO)COc1cncc(-c2ccc3[nH]nc(-c4ccccc4)c3c2)c1,0.7097
Cn1nccc1-c1ccc(-c2cn3cc(C(=O)NC4CNCCC4c4cccc(F)c4)nc3s2)cn1,0.7013
Cc1cc(-c2cn(CCN3CCC3)c(C3CCN(c4ncnc(N)c4C#N)CC3)n2)ccn1,0.8406
Cc1[nH]nc2ccc(-c3cncc(OCC(N)Cc4cccc(F)c4)c3)cc12,0.7742
O=C(Cc1nc(N2CCOCC2)cc(=O)[nH]1)NC(=O)c1ccc(F)cc1F,0.7333
O=C(NC(c1ccc(Cl)c(F)c1)C1CCNCC1)c1ccncc1,0.7586
O=C(Cc1nc(N2CCOCC2)cc(=O)[nH]1)N1CCc2c(OC(F)F)cccc21,1
CC1(O)CC(N)(c2ccc(-c3nc4n(c3-c3ccccc3)COc3ccc(C(N)=O)cc3-4)cc2)C1,1
Cn1ncc(Cl)c1-c1ccc(C(=O)NC2CNCCC2c2ccccc2)s1,0.8667
Cc1n[nH]c2cnc(-c3cncc(OCC(N)Cc4ccccc4C(F)(F)F)c3)cc12,0.7538
Cn1ncc(Cl)c1-c1cc(C(=O)NC2CNCCC2c2ccncc2)c(Cl)cc1F,0.7143
Cn1ncc(Cl)c1-c1ccc(C(=O)NC2CNCCC2c2ccncc2)s1,0.8525
NC(Cc1ccc(Cl)cc1)C(=O)N1CCN(c2ncncc2Br)CC1,0.7143
CN(C)CCn1cc(-c2ccncc2)nc1C1CCN(c2ncnc(N)c2C(N)=O)CC1,0.7534
O=C(Cc1nc(N2CCOCC2)cc(=O)[nH]1)N1CCc2c(-c3cncc(Cl)c3)cccc21,0.8088
Cn1ncc(Cl)c1-c1ccc(C(=O)NC2CNCCC2c2ccc(F)c(F)c2)nc1,0.8154
Cn1c(CC(=O)Nc2cc(F)cc(Br)c2)nc(N2CCOCC2)cc1=O,0.7258
Cn1c(CC(=O)Nc2ccc(Br)c(F)c2F)nc(N2CCOCC2)cc1=O,0.7143
NC(=O)c1c(N)ncnc1N1CCC(c2nc(-c3cccc(Cl)c3)cn2CCN2CCC2)CC1,0.9697
O=C(Cc1nc(N2CCOCC2)cc(=O)[nH]1)NC(=O)Nc1c(F)cccc1F,0.7097
COc1ccccc1C(=O)NCC1(N)CCN(c2ncnc3[nH]cc(C)c23)C1,0.7879
O=C(NC(c1cccc(Cl)c1)C1CCNCC1)c1ccncc1,0.75
NC1(c2ccc(-c3nc4n(c3-c3ccccn3)COc3ccccc3-4)cc2)CCC1,0.7679
Cn1cc(-c2cnc3cc(-c4ccccc4)c(-c4ccc(C5(N)CCC5)cc4)nn23)cn1,0.7759
Cn1cc(N2CCOCC2)nc1CC(=O)N1CCc2c(F)cccc21,0.7541
Cc1nc(C(=O)NC2CNCCC2c2cccc(F)c2)cc(-c2c(Cl)cnn2C)n1,0.7083
Cc1cc(C(N)=O)cn2c(-c3ccccc3)c(-c3ccc(C4(N)CCC4)cc3)nc12,1
NC1(c2ccc(-c3nc4n(c3-c3ccccc3)COc3ccnc(F)c3-4)cc2)CC1,0.7167
Cn1nccc1-c1ccc(C(=O)NC2CNCCC2c2ccnn2C)c(F)c1,0.8
NC1(c2ccc(-n3c(-c4ccccc4)nc4cccnc43)cc2)CCC1,0.72
Cc1cc(Br)ncc1-c1ccc(NC(=O)Cc2nc(N3CCOCC3)cc(=O)n2C)cc1F,0.7
O=C(NC(c1ccc(Cl)c(F)c1)C1CCNCC1)c1cccnc1,0.7377
NC(=O)c1ccnn2c(-c3ccccc3)c(-c3ccccc3)nc12,0.7347
CC1Cc2ccccc2N1C(=O)Cc1nc(N2CCOCC2)c(Br)c(=O)[nH]1,1
O=C(Nc1csc(-c2nncn2C2CC2)n1)c1cc(-n2cnc(C3CC3)c2)c(N2CC(CO)C2)cn1,0.8421
CC1Cc2ccccc2N1C(=O)Cc1nc(N2CCOCC2)cc(=O)n1C,1
Cn1nccc1-c1ccc(C(=O)NC2CNCCC2c2ccccc2)cn1,0.7619
NC(=O)c1c(N)ncnc1N1CCC(c2nc(-c3ccccc3)cn2CCN2CCC2)CC1,0.7971
Cc1n[nH]c2ccc(-c3cncc(OCC(N)Cc4cc(C(F)(F)F)cc(C(F)(F)F)c4)c3)cc12,1
Cc1c[nH]c2ncnc(N3CCC(N)(CNC(=O)c4ccccc4F)C3)c12,1
O=C(Cc1nc(N2CCOCC2)cc(=O)[nH]1)Nc1cccnc1,0.7288
O=C(NC1CNCCC1c1cccnc1)c1cc2c(s1)OCCn1nccc1-2,0.7714
Cn1ncc(Cl)c1-c1ccc(C(=O)NC2CNCCC2c2ccoc2)s1,0.7846
NC(=O)CC(NC(=O)C1(N)CCN(c2ncnc3[nH]ccc23)CC1)c1ccccc1Cl,0.7538
Cn1c(CC(=O)Nc2ccc(F)c(F)c2F)nc(N2CCOCC2)cc1=O,0.7097
Cn1ncc(Cl)c1-c1cc(C(=O)NC2CNCCC2c2cccc(F)c2)n[nH]1,0.7286
Cc1n[nH]c2ncc(-c3cncc(OCC(N)Cc4ccc(F)c(F)c4)c3)cc12,0.7031
O=C(Nc1csc(-c2nncn2C2CC2)n1)c1cc(-n2cnc(C3CC3)c2)c(C2CC2)cn1,0.7838
NC1(c2ccc(-c3nc4n(c3-c3ccncc3)COc3ccccc3-4)cc2)CC1,0.9216
Cn1ncc(Cl)c1-c1ccc(C(=O)NC2CNCCC2c2ccc(F)cc2)cc1,0.8226
Cn1c(CC(=O)Nc2ccc(F)c(C3CCN(Cc4ccccn4)CC3)c2)nc(N2CCOCC2)cc1=O,0.7671
CC(=O)Nc1ccc(-c2nnc3n2-c2cccnc2Nc2ccccc2-3)cc1,0.7857
Cn1c(CC(=O)N2CCc3ccc(F)cc32)nc(N2CCOCC2)cc1=O,0.7966
O=C(NC(c1ccccc1)c1ccccc1)c1ccc(-c2ccnc3[nH]ccc23)s1,0.7778
Cn1ncc(Cl)c1-c1cccc(C(=O)NC2CNCCC2c2ccccc2)c1,0.7164
Cn1c(CC(=O)Nc2ccc(Cl)cc2)nc(N2CCOCC2)cc1=O,0.7458
O=C(Cc1nc(N2CCCCCC2)cc(=O)[nH]1)N1CCc2c(OC(F)F)cccc21,0.8413
CCc1ccccc1NC(=O)Cc1nc(N2CCOCC2)cc(=O)[nH]1,0.7049
Cn1ncc(Cl)c1-c1cc(C(=O)NC2CNCCCC2c2cncc(F)c2)oc1Cl,0.726
Cc1cc(-c2c(Cl)cnn2C)cc(C(=O)NC2CNCCC2c2cccc(F)c2)n1,0.7571
Cn1ncc(Cl)c1-c1ccc(C(=O)NC2CNCCC2c2cccc(F)n2)s1,0.7465
NC(=O)c1c(N)ncnc1N1CCC(c2nc(-c3cccc(F)c3)cn2CCN2CCC2)CC1,0.8056
CCc1n[nH]c2ccc(-c3cncc(OCC(N)Cc4ccccc4)c3)cc12,0.75
Cn1c(CC(=O)Nc2ccc(F)c(Br)c2F)nc(N2CCOCC2)cc1=O,0.7302
CN(C)CCn1cc(-c2cnoc2)nc1C1CCN(c2ncnc(N)c2C(N)=O)CC1,0.7013
Cc1n[nH]c2ccc(-c3cncc(OCC(N)Cc4cccnc4)c3)cc12,0.7705
NC(=O)c1c(N)ncnc1N1CCC(c2nc(-c3ccnc(F)c3)cn2CCN2CCC2)CC1,0.8429
Cn1nccc1-c1ccc(Cl)c(C(=O)NC2CNCCC2c2cc(F)cc(Cl)c2)c1,0.8
Cn1c(CC(=O)N2CCc3c(-c4ccccn4)cccc32)nc(N2CCOCC2)cc1=O,0.7313
O=C(Cc1nc(N2CCOCC2)cc(=O)[nH]1)Nc1ccccc1F,0.8393
Cn1nccc1-c1ccc(C(=O)NC2CNCCC2c2cc(F)cc(F)c2)nc1C1CC1,0.7059
O=C(Cc1nc(N2CCOCC2)cc(=O)[nH]1)Nc1ccccc1Br,0.8393
Cc1n[nH]c2ccc(-c3cncc(OCC(N)Cc4cccc(OC(F)(F)F)c4)c3)cc12,1
O=C(Cc1nc(N2CCOCC2)cc(=O)n1CC1CC1)N1CCc2ccccc21,0.7258
NC(=O)c1cccc2c(NC(CN3CCC3)c3ccc(F)cc3)ncnc12,1
NC1(c2ccc(-c3nc4ccccn4c3-c3ccccc3)cc2)CCC1,0.7347
Cn1c(CC(=O)Nc2ccc(F)c(C3CC3)c2)nc(N2CCCCC2)cc1=O,0.8361
NCC(NC(=O)c1ccc(-c2cnccc2F)cc1)c1ccccc1,0.7083
Cn1nccc1-c1ccc(C(=O)NC2CNCCC2c2ccccc2)c(Cl)c1,0.8065
CCc1ccc(NC(=O)Cc2nc(N3CCOCC3)cc(=O)n2C)cc1,0.7049
Cn1c(CC(=O)N2CCc3c(-c4ccc(CO)cc4)cccc32)nc(N2CCOCC2)cc1=O,0.7424
Cc1c(Cl)cc(C(=O)NC2CNCCC2c2cccc(F)c2)cc1-c1c(Cl)cnn1C,0.7681
Cn1ccc(-c2cnc3cc(-c4ccccc4)c(-c4ccc(C5(N)CCC5)cc4)nn23)c1,0.7627
NC1(c2ccc(-c3nc4n(c3-c3ccccc3)COc3ccccc3-4)cc2)CCC1,1
NC(=O)c1c(N)ncnc1N1CCC(c2nc(-c3ccc(F)c(C(F)(F)F)c3)cn2CCN2CCC2)CC1,1
Cc1n[nH]c2ccc(-c3cncc(OCC(N)Cc4ccccc4F)c3)cc12,0.8793
O=C(Cc1nc(N2CCOCC2)cc(=O)[nH]1)NC(=O)Nc1ccc(F)cc1F,0.8596
CCn1cc(-c2ccc(F)c(C(F)(F)F)c2)nc1C1CCN(c2ncnc(N)c2C(N)=O)CC1,0.8696
Cn1nccc1-c1ccc(C(=O)NC2CNCCC2c2cccc(F)c2)c(F)c1,0.8525
Cn1nccc1-c1cc(C(=O)NC2CNCCC2c2ccc(F)cc2)oc1Cl,0.7015
Cn1nccc1-c1ccc(C(=O)NC2CNCCC2c2cccc(Cl)c2)cn1,0.7727
O=C(NC(c1ccc(Cl)c(F)c1)C1CCNCC1)c1ccnnc1,0.7213
Cc1ccc(NC(=O)Cc2nc(N3CCOCC3)cc(=O)n2C)cc1C,0.7333
Cn1nccc1-c1cc(C(=O)NC2CNCCC2c2cccc(F)c2)no1,0.7463
Cc1cc(-c2cn(CCN(C)C)c(C3CCN(c4ncnc(N)c4C)CC3)n2)ccc1F,0.8382
Cn1ncc(Cl)c1-c1cc(C(=O)NC2CNCCC2c2ccccc2)c(Cl)cc1F,0.7246
Cn1ncc(Cl)c1-c1ccc(C(=O)NC2CNCCC2c2ccc(F)c(F)c2)o1,0.8281
NCC(NC(=O)c1ccc(-c2cncnc2)cc1)c1ccccc1,0.7674
CC(C)C(=O)Nc1ccc(-c2nnc3n2-c2cccnc2Nc2ccccc2-3)cc1,0.7458
Cn1ncc(Cl)c1-c1cc(Cl)nc(C(=O)NC2CNCCC2c2ccc(F)c(F)c2)c1,0.791
Nc1ncnc(N2CCC(c3nc(-c4cccnc4)cn3CCN3CCC3)CC2)c1Br,0.7286
Cn1ncc(Cl)c1-c1ccc(C(=O)NC2CNCCC2c2ccccc2)cc1,0.8065
Cn1nccc1-c1ccc(C(=O)NC2CNCCC2c2ccc(F)cc2)cn1,0.8226
Cn1nccc1-c1cc(C(=O)NC2CNCCC2c2ccccc2)ccc1F,0.7385
O=C(Cc1nc(N2CCOCC2)cc(=O)[nH]1)Nc1ccccc1C(F)(F)F,0.8475
Cc1ccc(F)cc1CNC(=O)Cc1nc(N2CCOCC2)cc(=O)[nH]1,0.7143
CNCC(Nc1ncnc2c(C(N)=O)ccnc12)c1ccc(F)c(Br)c1,1
Cc1ccn2c(-c3ccccc3)c(-c3ccc(C4(N)CCC4)cc3)nc2c1,0.7647
NCC(NC(=O)c1ccc(-c2cn[nH]c2-c2ccncc2)cc1)c1ccccc1,0.72
CC1(O)CC(N)(c2ccc(-c3nc4n(c3-c3ccoc3)COc3cccnc3-4)cc2)C1,0.8065
NC1(c2ccc(-c3nc4n(c3-c3ccccc3)COc3ncccc3-4)cc2)CCC1,1
CNC(=O)c1cccn2c(-c3ccccc3)c(-c3ccc(C4(N)CCC4)cc3)nc12,0.7931
Cn1nc(-c2c(Cl)cnn2C)cc1C(=O)NC1CNCCC1c1ccc(F)c(F)c1,0.7353
O=C(Cc1nc(N2CCOCC2)cc(=O)[nH]1)NCc1cccc(Cl)c1,0.7333
Cn1nccc1-c1ccc(C(=O)NC2CNCCC2c2ccc(F)nc2)cc1,0.7619
c1ccc(-c2nnc3n2-c2cccnc2Nc2ccccc2-3)cc1,0.7
O=C(Cc1nc(N2CCOCC2)cc(=O)[nH]1)NCc1ccc(F)cc1F,0.7333
COc1cccc(C(=O)Nc2ccc(-c3nnc4n3-c3cccnc3Nc3ccccc3-4)cc2)c1,0.7778
O=C(NC(c1ccc(Cl)c(Cl)c1)C1CCNCC1)c1cncnc1,0.7143
Cn1ncc(Cl)c1-c1cc(F)c(C(=O)NC2CNCCC2c2ccccc2F)c(F)c1,0.7576
Cn1c(CC(=O)Nc2ccccc2)nc(N2CCOCC2)cc1=O,0.7119
Cc1nccn2c(-c3ccccc3)c(-c3ccc(C4(N)CCC4)cc3)nc12,0.7308
O=C(NC1CNCCC1c1ccc(Cl)cc1)c1ccc(-c2ccncc2)o1,0.7458
Cn1c(CC(=O)Nc2cccc(Cl)c2)nc(N2CCOCC2)cc1=O,0.7097
Cn1ncc(Br)c1-c1ccc(C(=O)NC2CNCCC2c2ccccc2)s1,0.8154
NC1(c2ccc(-c3nc4n(c3-c3ccsc3)COc3ccncc3-4)cc2)CCC1,0.7833
NC(=O)c1c(N)ncnc1N1CCC(c2nc(-c3ccccn3)cn2CCN2CCC2)CC1,0.7361
CC(=O)c1ccc(NC(=O)Cc2nc(N3CCOCC3)cc(=O)n2C)cc1,0.7049
Cn1c(CC(=O)N2CCc3ccccc32)nc(N2CCOCC2)cc1=O,1
NC(=O)c1c(N)ncnc1N1CCC(c2nc(-c3ccco3)cn2CCN2CCC2)CC1,0.7162
NC(=O)c1ccnc2c(NC(CN3CCC3)c3cccc(F)c3)ccnc12,0.8
Cn1ncc(Br)c1-c1ccc(C(=O)NC2CNCCC2c2ccccc2)o1,0.8387
Cc1n[nH]c2ccc(-c3nnc(NCC(N)Cc4ccccc4)s3)cc12,1
Cn1c(CC(=O)N2CCc3c(-c4ccc(F)cn4)cccc32)nc(N2CCOCC2)cc1=O,0.7391
NC1(c2ccc(-c3c(-c4ccccc4)nc4cc(C(=O)O)ccn34)cc2)CCC1,0.7627
CCc1cnc(C(=O)Nc2csc(-c3nncn3C3CC3)n2)cc1-n1cnc(C2CC2)c1,0.7532
O=C(NC(Cc1ccc(Cl)cc1)C(=O)N1CCN(c2ncnc3ccccc23)CC1)c1ccccc1,0.7167
Cn1c(CC(=O)Nc2ccc(F)c(Br)c2)nc(N2CCOCC2)cc1=O,1
CNC(=O)c1cc(NC(=O)Cc2nc(N3CCOCC3)cc(=O)n2C)ccc1F,0.7619
CC(NC(=O)C1(N)CCN(c2ncnc3c2cnn3C)CC1)c1ccc(Cl)cc1,0.7031
O=C(Nc1ccc(-c2nnc3n2-c2cccnc2Nc2ccccc2-3)cc1)c1ccccc1Cl,0.7667
O=C(Nc1ccc(-c2nnc3n2-c2cccnc2Nc2ccccc2-3)cc1)c1ccncc1,0.8909
O=C(NC1CNCCC1c1ccccc1)c1ccc2c(c1)OCCn1nccc1-2,0.8125
O=C(NC(c1ccc(Cl)c(Cl)c1)C1CCNCC1)c1cccnc1,0.7241
Cn1c(CC(=O)N2CCc3c(F)cccc32)nc(N2CCOCC2)cc1=O,1
Cn1c(CC(=O)Nc2ccc(Cl)c(Cl)c2)nc(N2CCOCC2)cc1=O,0.7213
O=C(Nc1nc2ccc(-c3cnc(Cl)c(NS(=O)(=O)c4ccccc4F)c3)cc2s1)C1CC1,0.8182
Cn1c(CC(=O)Nc2ccc3c(c2)OCCO3)nc(N2CCOCC2)cc1=O,0.7097
Cc1c(N2CCOCC2)nc(CC(=O)N2c3cccc(F)c3CC2C)n1C,0.7273
O=C(NC(c1ccc(Cl)c(F)c1)C1CCNCC1)c1cncnc1,0.7288
Cn1c(CC(=O)N2CCc3c(-c4ccnc(F)c4)cccc32)nc(N2CCOCC2)cc1=O,0.7391
Cn1nccc1-c1cc(F)c(C(=O)NC2CNCCC2c2cccc(F)c2)cc1F,0.8254
CNCC(Nc1ncnc2c(C(N)=O)ccnc12)c1ccc(F)c(Cl)c1,0.8475
Cn1c(CC(=O)Nc2ccc(Br)cc2)nc(N2CCOCC2)cc1=O,0.7759
Cn1nccc1-c1ccc(C(=O)NC2CNCCC2c2cc(F)cc(Cl)c2)c(F)c1,0.8852
O=C(Nc1ccc(-c2nnc3n2-c2cccnc2Nc2ccccc2-3)cc1)c1cccnc1,0.8596
O=C(NC1CNCCC1c1ccc(Cl)cc1)c1ccc(-c2cn[nH]c2)cc1,0.7
Cn1nc(-c2c(Cl)cnn2C)cc1C(=O)NC1CNCCC1c1cccc(F)c1,0.7391
COc1nn2c(-c3ccccc3)c(-c3ccc(C4(N)CCC4)cc3)nc2c(C)c1C,1
CC(=O)c1ccc2nc(-c3ccc(C4(N)CCC4)cc3)c(-c3ccccc3)n2c1,1
Cn1ncc(Cl)c1-c1ccc(C(=O)NC2CNCCC2c2ccnc(C(F)(F)F)c2)s1,0.7397
Cn1nccc1-c1cc(C(=O)NC2CNCCC2c2ccccc2)oc1Cl,0.7538
Cn1c(CC(=O)N2CCc3ccc(Cl)cc32)nc(N2CCOCC2)cc1=O,0.7797
NC(COc1cncc(-c2cnc3c(c2)CC(=O)N3)c1)Cc1ccccc1,0.7188
NC(=O)c1ccc2c(c1)OCn1c-2nc(-c2ccc(C3(N)CC3)cc2)c1-c1ccccc1,0.8254
Cc1n[nH]c2ccc(-c3cncc(OCC(N)Cc4ccc(F)c(C(F)(F)F)c4)c3)cc12,1
Cn1c(CC(=O)N2CCc3ccccc3C2)nc(N2CCOCC2)cc1=O,0.7288
O=C(Cc1nc(N2CCOCC2)cc(=O)[nH]1)Nc1ccc(Br)cc1,0.8
O=C(Nc1ccc(-c2nnc3n2-c2cccnc2Nc2ccccc2-3)cc1)c1ccc(Cl)cc1,0.8596
NC(=O)c1ccc(-c2cnc3cc(-c4ccccc4)c(-c4ccccc4)nn23)cc1,0.7736
Cc1n[nH]c2ccc(-c3cncc(OCC(N)Cc4ccc(F)c(F)c4)c3)cc12,0.8793
CCn1c(-c2nonc2N)nc2c(C#CC(C)(C)O)nccc21,0.7
Cn1nccc1-c1ccc(C(=O)NC2CNCCC2c2ccccc2)s1,0.8305
Cn1c(CC(=O)Nc2c(F)cccc2F)nc(N2CCOCC2)cc1=O,0.7049
Cc1n[nH]c2cnc(-c3cncc(OCC(N)Cc4ccc(Cl)cc4F)c3)cc12,0.8226
NC1(c2ccc(-c3nc4cnc(Br)cn4c3-c3ccccc3)cc2)CCC1,0.7308
Cn1c(CC(=O)Nc2cc(Br)ccc2F)nc(N2CCOCC2)cc1=O,0.7419
NC(=O)c1cccc(-c2cnc3cc(-c4ccccc4)c(-c4ccccc4)nn23)c1,0.7636
Cn1ncc(Br)c1-c1cc(F)c(C(=O)NC2CNCCC2c2ccccc2)cc1F,0.8308
NC(=O)c1c(N)ncnc1N1CCC(c2nc(-c3ccnc(Cl)c3)cn2CCN2CCC2)CC1,0.8429
CNC(=O)c1ccc(-n2c(-c3cccnc3N)nc3ccc(-c4cn[nH]c4)nc32)cc1,0.7015
NC1(c2ccc(-c3nc4c(Br)cccn4c3-c3ccccc3)cc2)CC1,0.907
O=C(Cc1nc(N2CCOCC2)cc(=O)[nH]1)N1CCc2c(OCc3ccccn3)cccc21,0.7681
COc1ccc(C2CCNCC2NC(=O)c2ccc(-c3ccnn3C)cc2)cc1,0.7302
Cn1ncc(Cl)c1-c1ccc(C(=O)NC2CNCCC2c2ccncc2)cc1,0.75
CC1Cc2c(CF)cccc2N1C(=O)Cc1nc(N2CCOCC2)cc(=O)n1C,0.8154
NC(Cc1ccccc1F)C(=O)N1CCN(c2ncnc3ccccc23)CC1,0.7414
Cn1c(CC(=O)N2CCCc3cc(F)ccc32)nc(N2CCOCC2)cc1=O,0.7143
Cn1cc(-c2ccc(C(=O)NC3CNCCC3c3cccc(F)c3)cc2)cn1,0.7273
Cn1nccc1-c1ccc(C(=O)NC2CNCCC2c2ccncc2)s1,0.8305
NCC(NC(=O)C1(N)CCN(c2ncnc3[nH]ccc23)CC1)c1ccccc1,0.8305
Cn1c(CC(=O)N2CCc3c(Cl)cccc32)nc(N2CCOCC2)cc1=O,1
Cc1n[nH]c2ccc(-c3cncc(OCC(N)Cc4ccccc4)c3)nc12,0.7759
Cc1n[nH]c2ccc(-c3cncc(OCC(N)Cc4ccc(S(N)(=O)=O)c(F)c4)c3)cc12,0.7879
NC1(c2ccc(-c3nc4n(c3-c3ccccc3)COc3ncccc3-4)cc2)CC1,0.9231
COc1cc(-c2cn(CCN3CCC3)c(C3CCN(c4ncnc(N)c4C(N)=O)CC3)n2)ccn1,0.8082
Cn1nccc1-c1cc(F)c(C(=O)NC2CNCCC2c2ccc(F)cc2)c(Cl)c1,0.8594
Cn1ncc(Cl)c1-c1ccc(C(=O)NC2CNCCC2c2cc(F)cc(F)c2)cc1,0.8548
NC1(c2ccc(-c3nc4n(c3-c3ccsc3)COc3ccccc3-4)cc2)CC1,0.9245
Cn1nccc1-c1ccc(Cl)c(C(=O)NC2CNCCC2c2cncc(F)c2)c1,0.7463
Cn1nccc1-c1ccc(C(=O)NC2CNCCC2c2cc(F)cc(F)c2)cc1,0.8
Cn1ncc(Br)c1-c1cc(C(=O)NC2CNCCC2c2ccc(F)c(F)c2)no1,0.7246
COc1c(N)ncnc1N1CCC(c2nc(-c3cccc(F)c3)cn2CCN2CCC2)CC1,0.7887
O=C(CCOc1ccccc1)Nc1ccc(-c2nnc3n2-c2cccnc2Nc2ccccc2-3)cc1,0.7031
Cn1c(CC(=O)Nc2ccc(CO)cc2)nc(N2CCOCC2)cc1=O,0.7049
Nc1ncnc(N2CCC(c3nc(-c4ccnc(Cl)c4)cn3CCN3CCC3)CC2)c1C(=O)c1ccc(F)c(F)c1,0.7073
NC(=O)c1c(N)ncnc1N1CCC(c2nc(-c3cc(F)ccn3)cn2CCN2CCCC2)CC1,0.7397
NC(=O)c1ccc(NC(=O)Cc2nc(N3CCOCC3)cc(=O)[nH]2)cc1,0.7241
NCC(NC(=O)c1ccc(-c2ccncc2)cc1)c1ccccc1,1
Cn1c(CC(=O)N2CCc3c(-c4cccc(C5CC5)c4)cccc32)nc(N2CCOCC2)cc1=O,0.7
Cn1ncc(Cl)c1-c1ccc(C(=O)NC2CNCCC2c2cccc(Cl)c2)s1,0.8485
Cn1ncc(Cl)c1-c1ccc(C(=O)NC2CNCCC2c2ccc(F)cc2F)cc1,0.7879
Cn1c(CC(=O)Nc2cc(F)ccc2F)nc(N2CCOCC2)cc1=O,0.7097
CNC(=O)c1ccn2c(-c3ccccc3)c(-c3ccc(C4(N)CCC4)cc3)nc2c1,0.7302
Cn1c(CC(=O)N2CCc3c(-c4ccccc4F)cccc32)nc(N2CCOCC2)cc1=O,0.8548
CNCCn1cc(-c2ccc(F)c(C(F)(F)F)c2)nc1C1CCN(c2ncnc(N)c2C(N)=O)CC1,1
Cn1c(CC(=O)Nc2ccc(F)c(-c3nc(C4CC4)no3)c2)nc(N2CCOCC2)cc1=O,0.7324
O=C(Cc1nc(N2CCOCC2)cc(=O)n1C1CC1)N1CCc2ccccc21,0.75
CNC(=O)c1ccc2nc(-c3ccccc3)c(-c3ccccc3)n2n1,0.7308
COc1ncc(OCC(N)Cc2ccc(F)cc2F)cc1-c1ccc2[nH]nc(C)c2c1,0.7424
CCc1c(N)ncnc1N1CCC(c2nc(-c3ccc(F)nc3)cn2CCN2CCC2)CC1,0.806
Cn1nccc1-c1cc(F)c(C(=O)NC2CNCCC2c2ccc(F)cc2F)cc1F,0.8095
NCC1(c2ccc(-c3nnc4n3-c3cccnc3Nc3ccccc3-4)cc2)CC1,0.7321
Cc1n[nH]c2ccc(-c3cncc(OCC(N)Cc4c(F)cccc4F)c3)cc12,1
NC(Cc1ccc(Cl)cc1)C(=O)N1CCN(c2ncncc2Cl)CC1,0.7037
CCc1ccc2nc(-c3ccc(C4(N)CCC4)cc3)c(-c3ccccc3)n2n1,1
NC1(c2ccc(-c3nc4c(Br)cccn4c3-c3ccccc3)cc2)CCC1,1
Cc1c(C2CCNCC2NC(=O)c2ccc(-c3c(Cl)cnn3C)s2)cnn1C,0.7656
Cc1cccc(NC(=O)Cc2nc(N3CCOCC3)cc(=O)n2C)c1C,0.7031
NC1(c2ccc(-c3nc4c(Br)cc(Br)cn4c3-c3ccccc3)cc2)CCC1,0.8077
Cn1c(CC(=O)Nc2ccc(F)c(-c3ncccn3)c2)nc(N2CCOCC2)cc1=O,0.7385
Cn1nccc1-c1ccc(C(=O)NC2CNCCC2c2cncc(F)c2)s1,0.8154
Cc1n[nH]c2ccc(-c3cncc(OCC(N)Cc4cccc(Cl)c4)c3)cc12,1
NC(=O)c1c(N)ncnc1N1CCC(c2nc(-c3cncc(F)c3)cn2CCN2CCC2)CC1,0.7368
Cc1ncc(C(N)=O)c(N2CCC(c3nc(-c4ccc(F)c(C)c4)cn3CCN3CCC3)CC2)n1,0.7273
O=C(Cc1ccccc1)Nc1ccc(-c2nnc3n2-c2cccnc2Nc2ccccc2-3)cc1,0.75
Cn1nccc1-c1ccc(C(=O)NC2CNCCC2c2ccccc2)c(F)c1,0.8333
Cn1c(CC(=O)Nc2cc(Cl)cc(Cl)c2)nc(N2CCOCC2)cc1=O,0.7
Cn1ncc(Cl)c1-c1ccc(C(=O)NC2CNCCC2c2ccc(F)cc2)s1,0.8689
NC(=O)c1c(N)ncnc1N1CCC(c2nc(-c3cccc(F)c3)cn2CCN2CCCC2)CC1,0.831
NC1(c2ccc(-c3nc4n(c3-c3ccccn3)COc3cccnc3-4)cc2)CCC1,0.8214
Cn1ncc(Cl)c1-c1ccc(C(=O)NC2CNCCC2c2cccnc2)cc1,0.7576
Cc1cc(-c2cn(CCN(C)C)c(C3CCN(c4cc(N)ncn4)CC3)n2)ccc1F,0.7222
NC(COc1cncc(-c2ccc3c(c2)C(=O)C(=O)N3)c1)Cc1c[nH]c2ccccc12,1
Cn1nccc1-c1ccc(C(=O)NC2CNCCC2c2ccc(F)cc2)nc1,0.8254
O=C(Nc1ccccc1)Nc1ccc(-c2nnc3n2-c2cccnc2Nc2ccccc2-3)cc1,0.8182
CC(NC(=O)Cc1nc(N2CCOCC2)cc(=O)[nH]1)c1cccc(Cl)c1,0.7097
Cc1n[nH]c2ccc(-c3cncc(OCC(N)Cc4ccc(F)c(Cl)c4)c3)cc12,1
CNCCn1cc(-c2ccc(F)c(C)c2)nc1C1CCN(c2cc(N)ncn2)CC1,0.7027
Cn1ncc(Cl)c1-c1ccc(C(=O)NC2CNCCC2c2cc(F)cc(F)c2)cc1F,0.7164
Cc1cc(Cl)ccc1NC(=O)Cc1nc(N2CCOCC2)cc(=O)[nH]1,0.7966
CC1Cc2ccccc2N1C(=O)Cc1nc(N2CCOCC2)c(F)c(=O)n1C,0.8095
Cn1nccc1-c1ccc(C(=O)NC2CNCCC2c2ncc(F)cc2F)cn1,0.7576
Cn1c(CC(=O)N2CCc3c(O)cccc32)nc(N2CCOCC2)cc1=O,1
CNCC(Nc1ncnc2c(C(N)=O)ccnc12)c1ccc(Cl)cc1,1
Cn1ncc(Cl)c1-c1cc(C(=O)NC2(c3ccc(Cl)c(Cl)c3)CCNCC2)no1,0.7031
CCOC(=O)Nc1ccc(-c2nnc3n2-c2cccnc2Nc2ccccc2-3)cc1,0.7213
O=C(Cc1nc(=O)cc(N2CCOCC2)[nH]1)N1CCc2c1ccc(F)c2F,0.7377
NC(=O)c1n[nH]c2ccc(-c3cncc(OCC(N)Cc4cccc(Cl)c4)c3)cc12,0.7812
O=C(Cc1nc(N2CCOCC2)cc(=O)n1CC(F)F)N1CCc2c(OC(F)F)cccc21,0.7971
Cc1n[nH]c2ccc(-c3nnc(NCC(N)Cc4cccc(Cl)c4)s3)cc12,1
Cn1nccc1-c1ccc(C(=O)NC2CNCCC2c2ccn(C)c(=N)c2)cc1F,0.7879
NC1(c2ccc(-c3nc4n(c3-c3ccsc3)COc3ccccc3-4)cc2)CCC1,1
NC1(c2ccc(-c3nnc4n3-c3cccnc3Nc3ccccc3-4)cc2)CCC1,1
Cn1nccc1-c1csc(C(=O)NC2CNCCC2c2ccc(F)c(F)c2)c1,0.7538
NC(=O)C(Cc1ccccc1)NC(=O)c1cc(Br)c(-c2ccnc3[nH]ccc23)s1,0.7778
NC(=O)c1cccc2c(NC(CN3CCC3)c3cc(F)cc(Cl)c3)ncnc12,0.8065
O=C(NC(c1ccc(Cl)c(F)c1)C1CCNCC1)c1ccc(F)c(F)c1,0.7119
CC(NC(=O)c1ccc(-c2ccnc3[nH]ccc23)s1)c1ccccc1,0.75
Cn1ncc(Cl)c1-c1ccc(C(=O)NC2CNCCC2c2cccc(Cl)c2)c(F)c1,0.7042
Nc1ncnc(N2CCC(c3nc(-c4cccnc4)cn3CCN3CCC3)CC2)c1Cl,0.7286
Nc1ncnc(N2CCC(c3nc(-c4cccc(F)c4)cn3CCN3CCC3)CC2)c1Cl,0.9677
Cc1n[nH]c2ccc(-c3cncc(OCC(N)Cc4cc(Cl)cc(Cl)c4)c3)cc12,1
Cc1n[nH]c2ccc(-c3cncc(OCC(N)Cc4ccc(OC(F)(F)F)cc4)c3)cc12,1
CC1(O)CC(N)(c2ccc(-c3nc4n(c3-c3ccsc3)COc3cccnc3-4)cc2)C1,0.8065
O=C(Nc1ccc(-c2nnc3n2-c2cccnc2Nc2ccccc2-3)cc1)c1c(F)ccc(F)c1F,0.7419
NC(Cc1ccc(Cl)cc1)C(=O)N1CCN(c2ncnc3ccccc23)CC1,1
Cn1nccc1-c1cc(C(=O)NC2CNCCC2c2ccc(F)c(F)c2)c2nccnc2c1,0.75
Cc1n[nH]c2cnc(-c3cncc(OCC(N)Cc4cccc(F)c4F)c3)cc12,1
Cc1ncc(OCC(N)Cc2cccc(F)c2F)cc1-c1ccc2[nH]nc(C)c2c1,0.8033
Cn1c(CC(=O)N2CCc3cc(-c4cccnc4)ccc32)nc(N2CCOCC2)cc1=O,0.7121
O=C(Nc1ccc(-c2nnc3n2-c2cccnc2Nc2ccccc2-3)cc1)c1cccc(Cl)c1,0.8167
Cc1n[nH]c2ccc(-c3cncc(OCC(N)Cc4ccc([N+](=O)[O-])cc4)c3)cc12,0.7581
CN(C)CCn1cc(-c2ccc(F)c(C(F)(F)F)c2)nc1C1CCN(c2ncccc2C#N)CC1,0.7215
Cn1ccc(-c2cccc3c2CCN3C(=O)Cc2nc(N3CCOCC3)cc(=O)n2C)n1,0.7424
Cn1ncc(Cl)c1-c1ccc(C(=O)NC2CNCCC2c2ccnc(F)c2)s1,0.7857
Cn1ncc(Cl)c1-c1cc(C(=O)NC(CN)Cc2ccccc2)oc1Cl,0.8197
Cn1ncc(Cl)c1-c1cc(F)c(C(=O)NC2CNCCC2c2ccccc2)c(F)c1,0.8254
Cn1nccc1-c1ccc(C(=O)NC2CNCCC2c2ccccc2Cl)c(F)c1,0.7273
CCc1c(N)ncnc1N1CCC(c2nc(-c3cnccn3)cn2CCN2CCC2)CC1,0.7183
Cn1ncc(Cl)c1-c1ccc(C(=O)NC2CNCCC2c2cccc(F)c2)s1,1
O=C(Cc1nc(N2CCOCC2)cc(=O)[nH]1)Nc1ccoc1O,0.7213
NC(COc1cncc(-c2ccc3[nH]nc(N4CCOCC4)c3c2)c1)Cc1ccccc1F,0.7808
Cn1ncc(Cl)c1-c1cc(F)c(C(=O)NC2CNCCC2c2cccc(F)c2)cc1Cl,0.7429
NC1(c2ccc(-c3nc4cc(F)ccn4c3-c3ccccc3)cc2)CC1,0.913
O=C(Cc1nc(N2CCOCC2)cc(=O)[nH]1)Nc1ccc2c(c1)OCO2,0.7288
O=C(C(Cc1ccc(Cl)cc1)C(F)(F)F)N1CCN(c2ncnc3[nH]ccc23)CC1,0.7627
Cn1nccc1-c1ccc(C(=O)NC2CNCCC2c2cccc(C(F)(F)F)c2)c(F)c1,0.7612
Cn1c(CC(=O)Nc2ccc3nc(C4CC4)n(C)c3c2)nc(N2CCOCC2)cc1=O,0.7059
NC1(c2ccc(-c3nc4cc(F)ccn4c3Br)cc2)CCC1,0.7059
CCOc1ccccc1C(=O)Nc1ccc(-c2nnc3n2-c2cccnc2Nc2ccccc2-3)cc1,0.7077
CCOc1ccccc1NC(=O)Cc1nc(N2CCOCC2)cc(=O)[nH]1,0.8226
NC(=O)c1cccc2c(NC(CN3CCC3)c3ccccc3)ncnc12,0.8364
Cn1nccc1-c1cc(F)c(C(=O)NC2CNCCC2c2ccccc2Cl)c(F)c1,0.7121
Cn1c(CC(=O)N2CCc3c(-c4cccc(F)c4)cccc32)nc(N2CCOCC2)cc1=O,0.7846
Cn1ncc(Cl)c1-c1ccc(C(=O)NC2CNCCC2c2cnc(Cl)nc2)s1,0.8226
CC(C)CC(=O)Nc1ccc(-c2nnc3n2-c2cccnc2Nc2ccccc2-3)cc1,0.7097
O=C(NC(c1ccc(Cl)c(Cl)c1)C1CCNC1)c1cncnc1,0.7241
O=C(NCc1ccc(-c2nnc3n2-c2cccnc2Nc2ccccc2-3)cc1)Nc1ccccc1,0.7097
Cc1n[nH]c2ccc(-c3cncc(OCC(N)Cc4ccc(Br)cc4F)c3)cc12,1
Nc1ncnc(N2CCC(c3nc(-c4ccccn4)cn3CCN3CCC3)CC2)c1Cl,0.7042
O=C(NC1CNCCC1c1ccc(F)c(F)c1)c1ccc2c(c1)OCCn1nccc1-2,1
CCc1nc(C(=O)NC2CNCCC2c2cccc(F)c2)ccc1-c1ccnn1C,0.7083
NC(=O)C(CC1CCCCC1)NC(=O)c1cc(Br)c(-c2ccnc3[nH]ccc23)s1,0.7879
O=C(Nc1ccc(-c2nnc3n2-c2cccnc2Nc2ccccc2-3)cc1)c1ccno1,0.7667
NCC(C(=O)Nc1ccc(-c2nnc3n2-c2cccnc2Nc2ccccc2-3)cc1)c1ccccc1,0.7031
NCC(NC(=O)c1cc(Br)c(-c2ccnc3[nH]ccc23)s1)c1ccccc1,1
Cc1n[nH]c2cnc(-c3cncc(OCC(N)Cc4cccc(Cl)c4)c3)cc12,0.8136
Cn1ncc(Br)c1-c1ccc(C(=O)NC2CNCCC2c2ccc(F)o2)cc1,0.7059
CC1C(=O)Nc2ccc(-c3cncc(OCC(N)Cc4c[nH]c5ccccc45)c3)cc21,1
Cn1nccc1-c1cc(C(=O)NC2CNCCC2c2cc(F)cc(Cl)c2)ccc1F,0.7846
Cc1ccc(CC(N)COc2cncc(-c3ccc4[nH]nc(CN)c4c3)c2)c(C)c1,0.7077
NC1(c2ccc(-n3c(-c4cccnc4)nc4cccnc43)cc2)CCC1,0.7455
Cn1ncc(Cl)c1-c1cc(C(=O)NC2CNCCC2c2ccccc2)ccc1Cl,0.7273
NC(=O)c1c(N)ncnc1N1CCC(c2nc(-c3ccc(F)c(OC(F)F)c3)cn2CCN2CCCC2)CC1,0.9726
NC(=O)c1n[nH]c2cc(-c3cncc(OCC(N)Cc4cccc(F)c4)c3)ccc12,0.7015
O=C(Cc1nc(N2CCOCC2)cc(=O)n1CCC1CCCC1)N1CCc2ccccc21,0.7077
Cn1ncc(Cl)c1-c1ccc(C(=O)NC2CNCCC2c2cccnc2)s1,0.7846
Cn1c(CC(=O)N2Cc3ccccc3C2)nc(N2CCOCC2)cc1=O,0.7193
NC1(c2ccc(-c3nc4n(c3-c3ccncc3)COc3ccccc3-4)cc2)CCC1,1
COc1ccc(NC(=O)Cc2nc(N3CCOCC3)cc(=O)[nH]2)cc1Cl,0.7097
Cn1ncc(Cl)c1-c1ccc(C(=O)NC2CNCCC2c2ccn(C)c(=O)c2)cc1,0.7463
Cc1cc(-c2cn(CCN3CCC3)c(C3CCN(c4ncccc4F)CC3)n2)ccc1F,0.7042
CNCC(Nc1ncnc2c(C(N)=O)cccc12)c1ccccc1F,0.7069
NC(=O)c1c(N)ncnc1N1CCC(c2nc(-c3ccc(F)c(F)c3)cn2CCN2CCC2)CC1,0.8714
Cn1ccnc1-c1nc(NC(=O)c2cc(-n3cnc(C4CC4)c3)c(N3CCC(F)CC3)cn2)cs1,0.7342
Cc1cc(-c2cn(CCN3CCC3)c(C3CCN(c4ncnc(N)c4C(N)=O)CC3)n2)ccc1F,1
NC(COc1cncc(-c2ccc3c(c2)C(=Cc2ccccc2F)C(=O)N3)c1)Cc1ccccc1,0.7429
Cc1c[nH]c2ncnc(N3CCC(N)(CNC(=O)c4ccccc4)C3)c12,1
Cn1nccc1-c1cc(C(=O)NC2CNCCC2c2ccncc2)c(Cl)cc1F,0.7164
Cn1nccc1-c1cc(C(=O)NC2CNCCC2c2cccc(F)c2)n[nH]1,0.7353
Cn1nccc1-c1cc(F)c(C(=O)NC2CNCCC2c2ccccc2)cc1F,0.8667
O=C(NC(c1cccc(Cl)c1)C1CCNCC1)c1cncnc1,0.7193
Cn1nccc1-c1ccc(C(=O)NC2CNCCC2c2cccc(F)n2)cn1,0.7059
NC(COc1cncc(-c2ccc3[nH]ncc3c2)c1)Cc1ccccc1,0.7167
Cc1n[nH]c2ccc(-c3cncc(OCC(N)Cc4ccc5ccccc5c4)c3)cc12,0.7705
Cn1c(CC(=O)Nc2cc(F)cc(F)c2)nc(N2CCOCC2)cc1=O,0.7288
Cn1c(CC(=O)Nc2ccc(Br)c(Cl)c2)nc(N2CCOCC2)cc1=O,0.7705
Cn1c(CC(=O)Nc2cccc(C3CC3)c2)nc(N2CCOCC2)cc1=O,0.7231
CC(NC(=O)C1(N)CCN(c2ncncc2Br)CC1)c1ccc(Cl)cc1,0.7143
C[S+]([O-])c1ccc2nc(-c3ccc(C4(N)CCC4)cc3)c(-c3ccccc3)n2c1,0.7037
Cc1n[nH]c2ccc(-c3cncc(OCC(N)Cc4cccc(OCCN)c4)c3)cc12,1
Cn1c(CC(=O)Nc2cccc3cnccc23)nc(N2CCOCC2)cc1=O,0.7015
Cc1cc(NC(=O)Cc2nc(N3CCOCC3)cc(=O)n2C)ccc1Br,0.7833
NC(=O)c1ccnc2c(NC(CN3CCC3)c3ccc(Cl)c(C(F)(F)F)c3)ncnc12,0.8209
NC1(c2ccc(-c3nc4n(c3-c3ccccc3)COc3c(F)cccc3-4)cc2)CC1,0.7581
Cn1c(CC(=O)N2CCc3c(F)cc(F)cc32)nc(N2CCOCC2)cc1=O,0.7869
O=C(Nc1ccc(-c2nnc3n2-c2cccnc2Nc2ccccc2-3)cc1)c1ccc(F)cc1,0.8596
NS(=O)(=O)CCCC(NC(=O)c1ccc(-c2ccnc3[nH]ccc23)s1)c1ccccc1,0.7419
CCN1CCN(CC(Nc2ncnc3c(C(N)=O)cccc23)c2ccccc2)CC1,0.7049
Cc1n[nH]c2ccc(-c3cncc(OCC(N)Cc4ccc(F)cc4F)c3)cc12,1
Cc1cc(F)c(-c2ccnn2C)cc1C(=O)NC1CNCCC1c1ccccc1,0.7273
O=C(NC1CNCCC1c1ccsc1)c1ccc2c(c1)OCCn1nccc1-2,0.7647
Cn1nccc1-c1ccnc(C(=O)NC2CNCCC2c2cc(F)cc(Cl)c2)c1,0.7059
NC(=O)Nc1ccc(-c2nnc3n2-c2cccnc2Nc2ccccc2-3)cc1,0.7857
NC1(c2ccc(-c3nc4n(c3-c3ccncc3)COc3cccc(F)c3-4)cc2)CC1,0.8033
NC(=O)c1ccc(-c2nnc3n2-c2cccnc2Nc2ccccc2-3)cc1,0.7018
Cc1ccsc1C(=O)Nc1ccc(-c2nnc3n2-c2cccnc2Nc2ccccc2-3)cc1,0.7302
NC(Cc1ccc(-c2cccc(C(F)(F)F)c2)cc1)C(=O)N1CCN(c2ncnc3ccccc23)CC1,0.8197
CCc1c(N)ncnc1N1CCC(c2nc(-c3ccnnc3)cn2CCN2CCC2)CC1,0.7714
Cn1ncc(Cl)c1-c1ccc(C(=O)NC2CNCCC2c2ccc(F)c(F)c2)cc1,1
Cc1n[nH]c2cnc(-c3cncc(OCC(N)Cc4cc(Cl)ccc4F)c3)cc12,0.8065
Cn1ncc(Cl)c1-c1ccc(C(=O)NC2CNCCC2c2ccc(F)c(F)c2)[nH]1,0.7353
Cn1nccc1-c1ccc(C(=O)NC2CNCCC2c2ccnc(F)c2)c(F)c1,0.8095
Cn1c(CC(=O)Nc2cccc(-c3cccc(F)c3)c2)nc(N2CCOCC2)cc1=O,0.7031
Cn1c(CC(=O)N2CCc3cc(F)ccc32)nc(N2CCOCC2)cc1=O,0.7966
CCn1c(CC(=O)N2c3cccc(F)c3CC2C)nc(N2CCOCC2)cc1=O,0.8154
NC(=O)CC(NC(=O)c1cc(Br)c(-c2ccnc3[nH]ccc23)s1)c1ccccc1,0.8333
Cn1ncc(Cl)c1-c1ccc(C(=O)NC2CNCCC2c2ccncc2F)s1,0.7101
Cn1ncc(Cl)c1-c1ccc(C(=O)NC2CNCCC2c2cccc(F)c2)nc1Cl,0.7286
Cn1nccc1-c1ccc(C(=O)NC2CNCCC2c2cccc(Cl)c2)cc1,0.7619
CSc1ccc2nc(-c3ccc(C4(N)CCC4)cc3)c(-c3ccccc3)n2n1,1
Cn1ncc(Cl)c1-c1cc(C(=O)NC2CNCCC2c2cccc(C(F)(F)F)c2)oc1Cl,1
Cn1nccc1C(=O)NC1CNCCC1c1cccc(F)c1,0.7031
Cn1ncc(Br)c1-c1cc(F)c(C(=O)NC2CNCCC2c2ccccc2)c(Cl)c1,0.7391
CNC(=O)c1c(N)ncnc1N1CCC(c2nc(-c3ccnc(C(F)(F)F)c3)cn2CCN2CCC2)CC1,0.8421
Cn1ncc(Cl)c1-c1cc(F)c(C(=O)NC2CNCCC2c2ccnc(F)c2)cc1Cl,0.7324
NC(=O)c1cnc2nc(-c3ccc(C4(N)CCC4)cc3)c(-c3ccccc3)n2c1,0.7193
Cn1c(CC(=O)N2CCc3c(-c4ccccc4)cccc32)nc(N2CCOCC2)cc1=O,0.7778
Cn1nccc1-c1ccc(C(=O)NC2CNCCC2c2cc(F)ccc2F)s1,0.7612
Cn1ncc(Cl)c1-c1cc(C(=O)NC(CN)Cc2cc(F)ccc2F)oc1Cl,0.7846
O=C(NCC(NC(=O)c1ccc(-c2ccncc2)cc1)c1ccccc1)c1ccccc1,0.7273
Cc1n[nH]c2ccc(-c3cncc(OCC(N)Cc4cc(F)ccc4F)c3)cc12,0.8644
Cn1nccc1-c1cc(C(=O)NC2CNCCC2c2cc(F)cc(Cl)c2)c(Cl)cc1F,0.7246
CCc1c(N)ncnc1N1CCC(c2nc(-c3ccc(F)c(Cl)c3)cn2CCN2CCC2)CC1,1
Cc1cc(-c2cn(CC3CNC3)c(C3CCN(c4ncncc4Cl)CC3)n2)ccc1F,0.7067
Cc1n[nH]c2ccc(-c3cncc(OCC(N)Cc4ccc(Br)c(F)c4)c3)cc12,1
NC(COc1cncc(-c2ccc3[nH]nc(C4CC4)c3c2)c1)Cc1ccccc1,0.7576
Cc1c[nH]c2ncnc(N3CCC(N)(CNC(=O)c4ccccc4Cl)CC3)c12,0.7273
O=C(NC(CCc1ccccc1)c1ccccc1)c1ccc(-c2ccncc2)cc1,0.7111
COc1ccc(-c2ccc3nc(-c4ccc(C5(N)CCC5)cc4)c(-c4ccccc4)n3n2)cn1,0.7895
NC(=O)c1ccc2nc(-c3ccc(C4(N)CCC4)cc3)c(-c3ccccc3)n2n1,1
Cn1c(CC(=O)Nc2cc(F)ccc2Br)nc(N2CCOCC2)cc1=O,0.7143
Cn1nccc1-c1ccc(C(=O)NC2CNCCC2c2cccnc2)cn1,0.7273
Cc1n[nH]c2ccc(-c3cncc(OCC(N)Cc4cccc(Cl)c4Cl)c3)cc12,1
Cn1nccc1-c1cc(C(=O)NC2CNCCC2c2cc(F)cc(F)c2)ccc1F,0.8667
Cn1c(CC(=O)N2CCc3c(-c4ccncc4)cccc32)nc(N2CCOCC2)cc1=O,0.7538
NC(COc1cncc(-c2ccc3c(c2)C(=Cc2ccc[nH]2)C(=O)N3)c1)Cc1ccccc1,1
O=C(Cc1nc(N2CCOCC2)cc(=O)[nH]1)Nc1ccc(F)cc1OCC1CC1,0.7794
Cc1cc(CC(N)COc2cncc(-c3ccc4n[nH]c(C)c4c3)c2)ccc1F,0.7742
NC(COc1cncc(-c2ccc3c(c2)C(=O)C(=O)N3)c1)Cc1ccccc1,0.7143
CC(=O)Nc1nc2ccc(-c3cnc(Cl)c(NS(=O)(=O)c4ccccc4)c3)cc2s1,1
Cc1cc(-c2cn(CCNC3CCCC3)c(C3CCN(c4ncnc(N)c4C(N)=O)CC3)n2)ccc1F,1
Cn1ncc(Br)c1-c1ccc(C(=O)NC2CNCCC2c2ccc(F)nc2)s1,0.7571
Cn1c(CC(=O)Nc2ccc(F)cc2)nc(N2CCOCC2)cc1=O,0.7759
Cn1ncc(Cl)c1-c1ccc(C(=O)NC2CNCCC2c2cccc(F)c2)cc1,1
O=C(Cc1nc(N2CCOCC2)cc(=O)[nH]1)Nc1cccc(Br)c1,1
Cn1ncc(Cl)c1-c1ccc(C(=O)NC2CNCCC2c2ccccc2Cl)cc1,0.7121
Cn1ncc(Cl)c1-c1ccc(C(=O)NC2CNCCC2c2ccccc2)cc1Cl,0.7273
O=C(Nc1ccc(-c2nnc3n2-c2cccnc2Nc2ccccc2-3)cc1)C(F)(F)F,0.7586
NC1(c2ccc(-c3nc4n(c3-c3ccccc3)COc3nccnc3-4)cc2)CC1,0.7857
Cn1ncc(Cl)c1-c1ccc(C(=O)NC2CNCCC2c2ccsc2)cc1,0.7164
Cc1c[nH]c2ncnc(N3CCC(N)(CNC(=O)c4cccc(C#N)c4)C3)c12,0.7826
CNC(=O)c1ccc(NC(=O)Cc2nc(N3CCOCC3)cc(=O)[nH]2)cc1,0.7
NC(=O)c1c(N)ncnc1N1CCC(c2nc(C3CC3)cn2CCN2CCC2)CC1,0.7612
Cn1nccc1-c1cnc(C(=O)NC2CNCCC2c2cccc(F)c2)c(F)c1,0.7761
COc1c(N)ncnc1N1CCC(c2nc(-c3ccncc3)cn2CCN2CCC2)CC1,0.7746
Cn1ncc(Br)c1-c1ccc(C(=O)NC2CNCCC2c2ccc(F)cc2)cc1,0.8226
Cc1cc(F)cc(NC(=O)Cc2nc(N3CCOCC3)cc(=O)[nH]2)c1,0.8679
Cn1ncc(Cl)c1-c1csc(C(=O)NC2CNCCC2c2ccnn(C)c2=O)c1,0.7391
Cn1cc(C2CCNCC2NC(=O)c2ccc(-c3c(Cl)cnn3C)cc2)cn1,0.75
NC(COc1cncc(-c2ccc3[nH]c(=O)oc3c2)c1)Cc1ccccc1Cl,0.7424
O=C(Cc1nc(=O)cc(N2CCOCC2)[nH]1)Nc1cccc(Br)c1,0.7288
Cn1c(CC(=O)N2CCc3c(-c4ccc5nc(F)ccc5c4)cccc32)nc(N2CCOCC2)cc1=O,0.7083
Cc1nc(C(=O)NC2CNCCC2c2ccc(F)c(F)c2)ccc1-c1ccnn1C,0.7463
CC1(O)CC(N)(c2ccc(-c3nc4n(c3-c3ccccc3)COc3nc(C(N)=O)ncc3-4)cc2)C1,0.7313
Cc1nc(-c2cn(CCN3CCC3)c(C3CCN(c4ncnc(N)c4C(N)=O)CC3)n2)ccc1F,0.7838
Cn1ncc(Cl)c1-c1ccc(C(=O)NC2CNCCC2c2ccc(F)c(F)c2)cn1,0.803
CC1Cc2cc(F)ccc2N1C(=O)Cc1nc(N2CCOCC2)cc(=O)n1C1CC1,0.8
Cn1nccc1-c1ccc(C(=O)NC2CNCCC2c2cccc(F)c2)cc1,0.7969
Cc1ccccc1NC(=O)Cc1nc(N2CCOCC2)cc(=O)[nH]1,0.7759
CC(n1cnnc1-c1nc(NC(=O)c2cc(-n3cnc(C4CC4)c3)c(N3CCC(F)C3)cn2)cs1)C(F)(F)F,0.869
Cn1ncc(Cl)c1-c1ccc(C(=O)NC2CNCCC2c2cncc(F)c2)cc1,0.8281
Cn1nccc1-c1ccc(C(=O)NC2CNCCC2c2cccc(F)c2)nc1C1CC1,0.7429
Cn1cc(N2CCOCC2)nc1CC(=O)N1CCc2c(Cl)cccc21,0.7541
Cc1ccc(NC(=O)Cc2nc(N3CCOCC3)cc(=O)n2C)cc1F,0.7966
NC(=O)c1c(N)ncnc1N1CCC(c2nc(-c3ccncn3)cn2CCN2CCC2)CC1,0.7361
NCC(NC(=O)c1ccc(-c2cccnc2)cc1)c1ccccc1,0.7727
NC(=O)c1c(N)ncnc1N1CCC(c2nc(-c3cc(Cl)ccn3)cn2CCN2CCC2)CC1,0.7778
Cn1nccc1-c1ccc(C(=O)NC2CNCCC2c2cc(F)cc(Cl)c2)s1,0.791
Cn1c(CC(=O)Nc2ccc(F)c(F)c2)nc(N2CCOCC2)cc1=O,0.8421
CC(C)NCCn1cc(-c2ccncn2)nc1C1CCN(c2ncnc(N)c2C(N)=O)CC1,0.7089
CNC(=O)c1c(N)ncnc1N1CCC(c2nc(-c3cccc(F)c3)cn2CCN2CCC2)CC1,0.7368
NC(=O)CCC(NC(=O)c1cc(Br)c(-c2ccnc3[nH]ccc23)s1)c1ccccc1,0.8387
Cc1n[nH]c2ccc(-c3cncc(OCC(N)Cc4cc(Cl)ccc4F)c3)cc12,0.8033
NC(=O)c1ccc2nc(-c3ccc(C4(N)CCC4)cc3)c(-c3ccccc3)n2c1,1
NC(=O)NC(=O)c1c(N)ncnc1N1CCC(c2nc(-c3cccc(F)c3)cn2CCN2CCC2)CC1,0.7333
N#Cc1c(C(N)=O)ncnc1N1CCC(c2nc(-c3cccc(F)c3)cn2CCN2CCC2)CC1,0.7733
Cc1c[nH]c2ncnc(N3CCN(C(=O)C(CN)Cc4ccc(Cl)cc4)CC3)c12,1
Cn1ncc(Cl)c1-c1cc(C(=O)NC2CNCCC2c2ccccc2)n(C)c1C1CC1,0.7059
Cc1n[nH]c2ccc(-c3cncc(OCC(N)Cc4cccc(C(F)(F)F)c4)c3)cc12,1
Cc1n[nH]c2ccc(-c3cncc(OCC(N)Cc4ccc(F)c(Br)c4)c3)cc12,0.8689
O=C(Nc1ccc(-c2nnc3n2-c2cccnc2Nc2ccccc2-3)cc1)C1CC1,0.7333
CN(C)CCn1cc(-c2cccnc2)nc1C1CCN(c2ncnc(N)c2C(N)=O)CC1,0.7237
Cc1n[nH]c2ncc(-c3cncc(OCC(N)Cc4cccc(F)c4)c3)cc12,0.8167
COc1cccc2c1CCN2C(=O)Cc1nc(N2CCOCC2)cc(=O)n1C,0.8154
Cn1c(CC(=O)N2CCc3c(Br)cccc32)nc(N2CCOCC2)cc1=O,1
Cc1n[nH]c2ncc(-c3cncc(OCC(N)Cc4ccc(Cl)cc4)c3)cc12,0.7931
CC(=O)C(Cc1ccccc1)NC(=O)c1cc(Br)c(-c2ccnc3[nH]ccc23)s1,0.7656
CCOc1cc(C(=O)NC2CNCCC2c2ccc(F)cc2)c(F)cc1-c1ccnn1C,0.803
Cn1c(CC(=O)NCc2c(F)ccc(Br)c2F)nc(N2CCOCC2)cc1=O,0.7077
Cn1nccc1-c1ccc(C(=O)NC2CNCCC2c2ccsc2)cc1,0.7031
Cn1nccc1-c1ccc(C(=O)NC2CNCCC2c2cc(F)cc(Br)c2)c(F)c1,0.8852
Cn1ncc(Cl)c1-c1cc(F)c(C(=O)NC2CNCCC2c2cncc(F)c2)c(Cl)c1,0.7353
NCC(NC(=O)c1ccc(-c2ccncc2N)cc1)c1ccccc1,0.7234
Cn1c(CC(=O)N2CCc3cc(Cl)c(Cl)cc32)nc(N2CCOCC2)cc1=O,0.7931
O=C(NC(c1ccc(Cl)c(Cl)c1)C1CCNC1)c1ccncc1,0.7544
Cn1c(CC(=O)N2CCc3ccc(C(F)(F)F)cc32)nc(N2CCOCC2)cc1=O,0.7419
Cn1c(CC(=O)Nc2ccc(F)c(C(F)(F)F)c2)nc(N2CCOCC2)cc1=O,0.7742
Cn1ncc(Cl)c1-c1cc(C(=O)NC2CNCCC2c2cccc(F)c2)nc(C(F)F)c1,0.726
Cn1cc(-c2ccnn3c(-c4ccccc4)c(-c4ccc(C5(N)CCC5)cc4)nc23)nn1,0.7097
Cc1cccc(NC(=O)Cc2nc(N3CCOCC3)cc(=O)[nH]2)c1,1
Cn1ncc(Cl)c1-c1cc(C(=O)NC2CNCCC2c2ccnc(Cl)c2)c(F)cc1Cl,0.7083
Cn1ncc(Cl)c1-c1cc(C(=O)NC2CNCCC2c2ccccc2)c(Cl)nc1Cl,0.7059
CC(C)NCCn1cc(-c2ccc(F)c(C(F)(F)F)c2)nc1C1CCN(c2cc(N)ncn2)CC1,0.7778
CC1CN(C2CC2)c2ccccc2N1C(=O)Cc1nc(N2CCOCC2)cc(=O)n1C,0.7231
COc1cc(-c2ccnn2C)cc(F)c1C(=O)NC1CNCCC1c1ccccc1,0.7059
Cn1nccc1-c1ccc(C(=O)NC2CNCCC2c2cncc(F)c2)cc1F,0.8548
Cc1n[nH]c2ccc(-c3cc(OCC(N)Cc4ccccc4)cnc3-c3cnccn3)cc12,0.8095
Cc1n[nH]c2ccc(-c3cncc(OCC(N)Cc4ccc5c[nH]nc5c4)c3)cc12,0.7705
CCc1c(N)ncnc1N1CCC(c2nc(-c3ccc(Cl)cc3)cn2CCN(CC)CC)CC1,0.7857
COc1ccccc1NC(=O)Cc1nc(N2CCOCC2)cc(=O)[nH]1,0.8197
O=C(Cc1nc(N2CCOCC2)cc(=O)[nH]1)N1CCc2c(F)cccc21,1
Cn1c(CC(=O)N2CCc3c(C(=O)N4CCCC4)cccc32)nc(N2CCOCC2)cc1=O,0.7538
NC(=O)c1ccnn2c(-c3ccccc3)c(-c3ccc(C4(N)CCC4)cc3)nc12,1
Cn1ncc(Cl)c1-c1cc(C(=O)NC2CNCCC2c2ccc(C(F)(F)F)cc2)oc1Cl,1
Nc1ccc2nc(-c3ccc(C4(N)CC4)cc3)c(-c3ccccc3)n2n1,0.7143
CC1Cc2c(F)cccc2N1C(=O)Cc1nc(N2CCOCC2)cc(=O)n1C,1
NC(COc1cncc(-c2ccc3[nH]nc(N4CCOCC4)c3c2)c1)Cc1ccccc1,0.7746
Cn1nccc1-c1ccc(C(=O)NC2CNCCC2c2cccc(F)c2)cn1,0.8
Cc1n[nH]c2ccc(-c3cncc(OCC(N)Cc4ccc(Cl)c(Cl)c4)c3)cc12,1
NC(=O)c1c(N)ncnc1N1CCC(c2nc(-c3cccc(F)c3)cn2CC2CNC2)CC1,0.7662
NC1(c2ccc(-c3nc4cc(C=O)ccn4c3-c3ccccc3)cc2)CCC1,0.7358
CCc1c(N)ncnc1N1CCC(c2nc(-c3ccncc3)cn2CCN2CCCC2)CC1,0.8281
CC1Cc2c(Cl)cccc2N1C(=O)Cc1nc(N2CCOCC2)cc(=O)n1C1CC1,0.7246
CC(C)NCCn1cc(-c2cnn(C)c2)nc1C1CCN(c2ncnc(N)c2C(N)=O)CC1,0.7403
Cn1c(CC(=O)N2CCc3c(Cl)cccc32)nc(N2CCCCC2)cc1=O,0.8305
NC1(c2ccc(-c3nc4cc(F)ccn4c3-c3ccccc3)cc2)CCC1,1
Cn1c(CC(=O)N2CCc3c2csc3Br)nc(N2CCOCC2)cc1=O,0.7302
Nc1ccc(CC(N)C(=O)N2CCN(c3ncnc4ccccc34)CC2)cn1,0.7544
Cc1c[nH]c2ncnc(N3CCC(N)(CNC(=O)c4cccc(F)c4)C3)c12,1
CCCn1c(CC(=O)N2CCc3c(Br)cccc32)nc(N2CCOCC2)cc1=O,0.8065
Cn1ncc(Cl)c1-c1ccc(C(=O)NC2CNCCC2c2ccc(F)c(F)c2)c(F)c1,0.8154
CC(=O)Nc1ccc(NC(=O)Cc2nc(N3CCOCC3)cc(=O)n2C)cc1,0.7288
Cn1nccc1-c1cc(F)c(C(=O)NC2CNCCC2c2cccc(F)c2)c(Cl)c1,0.8209
Cn1ncc(Br)c1-c1ccc(C(=O)NC2CNCCC2c2ccn(C)c(=O)c2)s1,0.7465
O=C(Cc1nc(N2CCOCC2)cc(=O)[nH]1)N1CCc2c(-c3ccccc3F)cccc21,1
COc1ccc(C(=O)NC2CNCCC2c2cccc(F)c2)cc1-c1c(Cl)cnn1C,0.7606
Cn1ncc(Cl)c1-c1ccc(C(=O)NC2CNCCC2c2cccc(Cl)c2)cc1,0.8413
CC(Cc1ccc(Cl)cc1)C(=O)N1CCN(c2ncnc(N)c2Cl)CC1,0.7885
Cc1[nH]nc2ccc(-c3cncc(OCC(N)Cc4cccc(Cl)c4)c3)cc12,0.7742
O=C(NC(c1cccc(Cl)c1)C1CCNCC1)c1cccnc1,0.7414
Cn1c(CC(=O)N2CCNc3ccccc32)nc(N2CCOCC2)cc1=O,0.7213
O=C(Cc1nc(N2CCOCC2)cc(=O)[nH]1)NC(=O)c1cc(F)ccc1F,0.7049
CCNC(=O)c1ccc2nc(-c3ccccc3)c(-c3ccccc3)n2n1,0.7455
Cc1nc(C(=O)NC2CNCCC2c2ccc(F)c(F)c2)cc(-c2c(Br)cnn2C)n1,0.7042
Cc1cccc(-c2cn(CCN3CCC3)c(C3CCN(c4ncnc(N)c4C(N)=O)CC3)n2)c1,0.8056
Cc1ccc(NC(=O)Cc2nc(N3CCOCC3)cc(=O)n2C)cc1Cl,0.7097
Cn1nccc1-c1cc(F)c(C(=O)NC2CNCCC2c2cccnc2)c(F)c1,0.7656
COc1cc(-c2cn(CCN3CCC3)c(C3CCN(c4cc(N)ncn4)CC3)n2)ccc1F,0.791
Cc1cc(Cl)c2nc(-c3ccc(C4(N)CCC4)cc3)c(-c3ccccc3)n2c1,0.8077
Cn1nccc1-c1cc(C(=O)NC2CNCCC2c2cc(F)cc(Br)c2)ccc1F,0.7727
Cc1n[nH]c2ccc(-c3cncc(OCC(N)Cc4ccc(Cl)c(N)c4)c3)cc12,0.8644
Cn1c(CC(=O)N2CCc3c(OC(F)F)cccc32)nc(N2CCOCC2)cc1=O,1
CC(=O)Nc1cc(NC(=O)Cc2nc(N3CCOCC3)cc(=O)[nH]2)ccc1F,0.7966
Cn1ncc(Cl)c1-c1ccc(C(=O)NC2CNCCC2c2cc(F)cc(Cl)c2)s1,0.8235
NC1(c2ccc(-c3nc4ccc(C(=O)NCc5ccccc5)cn4c3-c3ccccc3)cc2)CCC1,0.7586
CCc1c(N)ncnc1N1CCC(c2nc(-c3cncc(F)c3)cn2CCN2CCC2)CC1,0.8261
CC1Cc2ccc(Cl)cc2N1C(=O)Cc1nc(N2CCOCC2)cc(=O)n1C,0.7903
Cc1cc(F)cn2c(-c3ccccc3)c(-c3ccc(C4(N)CCC4)cc3)nc12,0.8235
Cn1c(CC(=O)Nc2ccc(F)c(C(N)=O)c2)nc(N2CCOCC2)cc1=O,0.7742
NCCn1cc(-c2ccccc2)nc1C1CCN(c2ncnc(N)c2C(N)=O)CC1,0.7286
Cc1cc(C)c(NC(=O)Cc2nc(N3CCOCC3)cc(=O)[nH]2)c(C)c1,0.7069
CNCC(Nc1ncnc2c(C(N)=O)ccnc12)c1cccc(Cl)c1,0.7818
Cn1ncc(Cl)c1-c1ccc(C(=O)NC2CNCCC2c2ccnnc2)s1,0.7969
CC(NC(=O)Cc1nc(N2CCOCC2)cc(=O)[nH]1)c1ccc(F)c(F)c1,0.7049
Cn1ncc(Cl)c1-c1ccc(C(=O)NC2CNCCC2c2cccc(F)c2)nc1,0.8308
Cn1c(CC(=O)Nc2cccc3ccccc23)nc(N2CCOCC2)cc1=O,0.7581
Cn1ncc(Br)c1-c1ccc(C(=O)NC2CNCCC2c2ccc(F)cc2)s1,0.8182
CCc1c(N)ncnc1N1CCC(c2nc(-c3ccncn3)cn2CCN2CCC2)CC1,0.7222
CN(C)CCn1cc(-c2ccnc(C(=O)N(C)C)c2)nc1C1CCN(c2ncnc(N)c2C(N)=O)CC1,0.7403
COc1ccc(-c2cn(CCN3CCC3)c(C3CCN(c4cc(N)ncn4)CC3)n2)cc1F,0.791
Cn1ncc(Br)c1-c1cc(F)c(C(=O)NC2CNCCC2c2ccc(F)c(F)c2)cc1Cl,0.8636
CCn1c(CC(=O)N2CCc3cc(F)c(F)cc32)nc(N2CCOCC2)cc1=O,0.7966
O=C(Cc1nc(N2CCOCC2)cc(=O)[nH]1)NC(=O)c1c(F)cccc1F,0.7049
O=C(Nc1nc2ccc(-c3cnc(Cl)c(NS(=O)(=O)c4ccccc4)c3)cc2s1)c1c(F)cccc1F,0.7576
Cn1c(CC(=O)Nc2ccc(F)c(C3CC3)c2)nc(N2CCOCC2)cc1=S,0.8254
Cc1n[nH]c2ccc(-c3cncc(OCC(N)Cc4cccc(Cl)c4F)c3)cc12,0.8525
Cc1n[nH]c2ccc(-c3cncc(OCC(N)Cc4ccc(C(F)(F)F)c(F)c4)c3)cc12,1
Cn1c(CC(=O)Nc2ccc(C(F)(F)F)cc2)nc(N2CCOCC2)cc1=O,0.7097
CCC1Cc2ccccc2N1C(=O)Cc1nc(N2CCOCC2)cc(=O)n1C,0.8333
CNCC(Nc1ncnc2c(C(N)=O)cccc12)c1ccc(F)c(F)c1,0.8036
Cn1nccc1-c1ccc(C(=O)NC2CNCC2c2ccc(F)cc2)cn1,0.7077
Cn1ncnc1-c1ccc(C(=O)NC2CNCCC2c2cccc(F)c2)cc1,0.7059
Cn1nccc1-c1ccc(C(=O)NC2CNCCC2c2cccs2)s1,0.7188
Cn1nccc1-c1ccc(C(=O)NC2CNCCC2c2ccc(Cl)c(Cl)c2)cn1,0.7846
Cn1c(CC(=O)N2CCc3c(-c4cccnc4)cccc32)nc(N2CCOCC2)cc1=O,0.7313
Cc1nc(C(=O)NC2CNCCC2c2ccc(F)c(F)c2)cc(-c2c(Cl)cnn2C)n1,0.7042
Cc1n[nH]c2cnc(-c3cncc(OCC(N)Cc4cccc(Cl)c4)c3)nc12,0.7385
Cn1c(CC(=O)N2c3ccccc3CC2c2ccc(Cl)cc2)nc(N2CCOCC2)cc1=O,0.7538
COc1cc(C(=O)NC2CNCCC2c2ccccc2)c(F)cc1-c1ccnn1C,0.7206
CN(C)CCn1cc(-c2cnn(C)c2)nc1C1CCN(c2ncnc(N)c2C(N)=O)CC1,0.7297
Nc1ccccc1NC(=O)Cc1nc(N2CCOCC2)cc(=O)[nH]1,0.7458
Cc1n[nH]c2cnc(-c3cncc(OCC(N)Cc4cccc(F)c4F)c3)nc12,0.7538
NC1(c2ccc(-c3nc4ccc(Br)nn4c3-c3ccccc3)cc2)CC1,0.9091
Cc1c(-c2c(Cl)cnn2C)cc(C(=O)NC2CNCCC2c2ccccc2)n1C,0.7164
COc1ccc(-c2cc3c(C)nc(N)nc3n(C3CCC(OCO)CC3)c2=O)cn1,1
Cn1ncc(Cl)c1-c1cc(C(=O)NC2CNCCC2c2cccc(F)c2)no1,0.7286
O=C(NC1CNCCC1c1cncc(F)c1)c1cc2c(s1)OCCn1nccc1-2,0.8657
O=C(NC1CNCCC1c1ccc(F)c(F)c1)c1ccc(-c2ccncc2)nc1,0.7231
O=C(NC(CO)c1ccccc1)c1ccc(-c2ccncc2)cc1,0.7805
Cn1nccc1-c1ccc(C(=O)NC2CNCCC2c2cccc(F)c2F)nc1,0.75
O=C(Cc1nc(N2CCCC2)cc(=O)[nH]1)N1CCc2c1ccc(F)c2F,0.8393
O=C(Nc1ccc(-c2nnc3n2-c2cccnc2Nc2ccccc2-3)cc1)c1ccc(F)cc1F,0.7188
O=C(Nc1csc(-c2nncn2C2CC2)n1)c1cc(-n2cnc(C3CC3)c2)c(C(F)F)cn1,0.8026
Cn1nccc1-c1coc(C(=O)NC2CNCCC2c2cccc(F)c2)c1,0.7424
Cn1ncc(Cl)c1-c1ccc(C(=O)NC2CNCCC2c2cccc(F)c2)c(F)c1,0.806
Cn1nccc1-c1cc(F)c(C(=O)NC2CNCCC2c2ccccc2)cc1Cl,0.7424
CN(C)C(=O)c1c(N)ncnc1N1CCC(c2nc(-c3cccc(F)c3)cn2CCN2CCCC2)CC1,0.7368
Cc1n[nH]c2cnc(-c3cncc(OCC(N)Cc4cccc(F)c4)c3)cc12,1
Cn1ncc(Cl)c1-c1cc(C(=O)NC2CNCCC2c2cncc(F)c2)oc1Cl,0.7826
CC(C)(C)NCCn1cc(-c2cccc(F)c2)nc1C1CCN(c2ncnc(N)c2C#N)CC1,0.7821
O=C(Cc1nc(N2CCOCC2)cc(=O)[nH]1)Nc1ccccc1,0.7963
CCn1nccc1C1CCNCC1NC(=O)c1ccc(-c2c(Cl)cnn2C)s1,0.7206
Cc1cccc2c1CCN2C(=O)Cc1nc(N2CCOCC2)c(O)n1C,0.7097
O=C(NC1CNCCC1Cc1ccc(F)cc1)c1ccc2c(c1)OCCn1nccc1-2,0.7143
CCc1c(N)ncnc1N1CCC(c2nc(-c3cccnc3)cn2CCN(C)C)CC1,0.7027
Cn1nccc1-c1ccc(C(=O)NC2CNCCC2c2cncc(Br)c2)cc1F,0.7612
CNC(=O)c1ccc(-c2nnc3n2-c2cccnc2Nc2ccccc2-3)cc1,0.7759
Cn1nccc1-c1ccc(C(=O)NC2CNCCC2c2ccccc2)cc1F,0.8361
Cn1nc(C(=O)NC2CNCCC2c2cccc(F)c2)cc1-c1c(Cl)cnn1C,0.7391
NC(=O)c1c(N)ncnc1N1CCC(c2nc(-c3ccc(F)cc3)cn2CCN2CCCC2)CC1,0.8028
CN(C)CCn1cc(-c2ccc(F)c(C(F)(F)F)c2)nc1C1CCN(c2cc(N)ncn2)CC1,0.7857
Cn1c(CC(=O)N2CCc3ccccc32)nc(N2CCSCC2)cc1=O,0.7895
Cc1cc(-c2cn(CCNCC3CC3)c(C3CCN(c4ncnc(N)c4C(N)=O)CC3)n2)ccc1F,1
NC(=O)c1c(N)ncnc1N1CCC(c2nc(-c3cccc(Cl)c3F)cn2CCN2CCC2)CC1,0.7403
Cn1c(CC(=O)Nc2cccc3ncccc23)nc(N2CCOCC2)cc1=O,0.7015
Cn1c(CC(=O)N2c3ccccc3CC2c2ccccn2)nc(N2CCOCC2)cc1=O,0.7424
Cn1ncc(Br)c1-c1ccc(C(=O)NC2CNCCC2c2cc(F)ccc2F)cc1,0.7727
Cn1ncc(Cl)c1-c1ncc(C(=O)NC2CNCCC2c2ccccc2)o1,0.7424
CNC(=O)c1ccc(NC(=O)Cc2nc(N3CCOCC3)cc(=O)n2C)cc1F,0.7344
NC(Cc1ccc(Cl)cc1)C(=O)N1CCN(c2ncnc3cc(Cl)ccc23)CC1,0.8545
Cn1c(CC(=O)Nc2ccc(C(=O)Nc3ccccc3F)cc2)nc(N2CCOCC2)cc1=O,0.7015
CNCCn1cc(-c2cccc(F)c2)nc1C1CCN(c2ncnc(N)c2C(N)=O)CC1,0.7973
NC1(c2ccc(-n3c(-c4cccnc4F)nc4ccc(-c5ccccc5)nc43)cc2)CCC1,1
NC(=O)C(NC(=O)C1(N)CCN(c2ncnc3[nH]ccc23)C1)c1ccccc1,0.7419
Nc1ncnc(N2CCC(c3nc(-c4ccsc4)cn3CCN3CCC3)CC2)c1Cl,0.7794
Cc1ncc(C2CCNCC2NC(=O)c2ccc(F)c(-c3ccnn3C)c2)cn1,0.7059
Cn1ncc(Cl)c1-c1ccc(C(=O)NC2CNCCC2c2cccc(Cl)c2)nc1,0.7101
O=C(Cc1nc(N2CCOCC2)cc(=O)[nH]1)Nc1ccc(C(=O)Nc2ccccc2F)cc1,0.7031
Cc1n[nH]c2ncc(-c3cncc(OCC(N)Cc4ccc(Cl)c(F)c4)c3)cc12,0.8095
Cn1c(CC(=O)Nc2ccc(OC(F)F)c(Br)c2)nc(N2CCOCC2)cc1=O,0.7538
Cn1ncc(Cl)c1-c1ccc(C(=O)NC2CNCCC2c2ccnc(Cl)c2)o1,0.7846
CC(C)NCCn1cc(-c2cccc(F)c2F)nc1C1CCN(c2ncnc(N)c2C(N)=O)CC1,0.7375
NC(=O)c1c(N)ncnc1N1CCC(c2nc(-c3ccc(F)c(C(=O)N4CCOCC4)c3)cn2CCN2CCC2)CC1,0.7625
Cn1nccc1-c1ccc(C(=O)NC2CNCCC2c2cccc(F)c2)nc1,1
CCc1ccc2nc(-c3ccc(C4(N)CCC4)cc3)c(-c3ccccc3)n2c1,0.717
Cn1c(CC(=O)N2c3ccccc3CC2c2ccc(F)cc2)nc(N2CCOCC2)cc1=O,0.7538
O=C(Cc1nc(N2CCOCC2)cc(=O)[nH]1)Nc1cccc([N+](=O)[O-])c1,0.75
NC1(c2ccc(-c3nc4n(c3-c3ccccn3)COc3ccccc3-4)cc2)CC1,0.7018
NC(=O)c1cccc2c(NC(CN3CCC3)c3ccc(Cl)cc3)ncnc12,0.8276
NC(=O)c1c(N)ncnc1N1CCC(c2nc(-c3cc[nH]n3)cn2CCN2CCC2)CC1,0.7027
Cc1nc(C2CCNCC2NC(=O)c2ccc(-c3ccnn3C)s2)ccc1F,0.7164
Cn1nccc1-c1cc(C(=O)NC2CNCCC2c2ccc(F)c(F)c2)no1,0.7231
CC(C)n1cnnc1-c1nc(NC(=O)c2cc(-n3cnc(C4CC4)c3)c(N3CCC(N)C3)cn2)cs1,0.7222
Cn1c(CC(=O)Nc2ccc(Br)c(F)c2)nc(N2CCOCC2)cc1=O,0.8621
NC1(c2ccc(-c3nc4c(Cl)cccn4c3-c3ccccc3)cc2)CCC1,1
COc1cccc(-c2cn(CCN3CCC3)c(C3CCN(c4ncnc(N)c4C(N)=O)CC3)n2)c1,0.7733
O=C(Nc1nc2ccc(-c3cnc(Cl)c(NS(=O)(=O)c4ccccc4)c3)cc2s1)c1cnccn1,0.7576
O=C(Nc1ccc(-c2nnc3n2-c2cccnc2Nc2ccccc2-3)cc1)c1ccco1,0.7667
Cc1cc(Cl)cn2c(-c3ccccc3)c(-c3ccc(C4(N)CCC4)cc3)nc12,1
CC(=O)c1ccc(NC(=O)Cc2nc(N3CCOCC3)cc(=O)[nH]2)cc1,0.7241
Cc1n[nH]c2ccc(-c3cncc(OCC(N)Cc4ccc(F)c(F)c4F)c3)cc12,1
N#Cc1c(N)ncnc1N1CCC(c2nc(-c3cncc(F)c3)cn2CCN2CCC2)CC1,0.7808
Cc1n[nH]c2cnc(-c3cncc(OCC(N)Cc4cccc(Cl)c4Cl)c3)nc12,0.7424
Nc1ncnc(N2CCC(c3nc(-c4cncc(Cl)c4)cn3CCN3CCC3)CC2)c1C(=O)c1ccccc1,0.7051
O=C(NC(c1ccc(Cl)c(F)c1)C1CCNCC1)c1ccncc1F,0.7213
O=C(Nc1ccc(-c2nnc3n2-c2cccnc2Nc2ccccc2-3)cc1)c1cccs1,0.7541
Cn1ncc(Cl)c1-c1cc(F)c(C(=O)NC2CNCCC2c2ccccc2)c(Cl)c1,0.7727
Cn1ncc(Cl)c1-c1ccc(C(=O)NC2CNCCC2c2ccc(Cl)cn2)s1,0.8254
Cn1ncc(Br)c1-c1ccc(C(=O)NC2CNCCC2c2ccc(Cl)c(F)c2)s1,0.7746
C=Cc1n[nH]c2ccc(-c3cncc(OCC(N)Cc4cccc(Br)c4)c3)cc12,0.7812
CC1Cc2cc(F)ccc2N1C(=O)Cc1nc(N2CCOCC2)cc(=O)n1C,1
O=C(Cc1nc(N2CCOCC2)cc(=O)[nH]1)Nc1ccccc1OCc1cscn1,0.7143
CC1(O)CC(N)(c2ccc(-c3nc4n(c3-c3ccncc3)COc3cc(C(N)=O)ccc3-4)cc2)C1,0.8615
Cn1nccc1-c1ccc(C(=O)NC2CNCCC2c2cccc(Cl)c2)c(F)c1,0.8125
Cn1c(CC(=O)Nc2ccc(F)c(NC(=O)c3cccc(F)c3F)c2)nc(N2CCOCC2)cc1=O,0.7101
CNCC(Nc1ncnc2c(C(N)=O)cccc12)c1ccc(F)c(C)c1,0.7759
CN(C)CCn1cc(-c2ccc(F)c(Cl)c2)nc1C1CCN(c2ncnc(N)c2C#N)CC1,0.8472
Cn1c(CC(=O)N2CCCc3ccccc32)nc(N2CCOCC2)cc1=O,0.8909
NC(=O)c1ccn2c(-c3ccccc3)c(-c3ccc(C4(N)CCC4)cc3)nc2c1,0.75
Cc1c(Cl)cc(C(=O)NC2CNCCC2c2ccc(F)c(F)c2)nc1-c1c(Cl)cnn1C,0.7042
CCNCCn1cc(-c2ccnc(C(F)(F)F)c2)nc1C1CCN(c2ncnc(N)c2C(N)=O)CC1,0.7821
NC(=O)c1c(N)ncnc1N1CCC(c2nc(-c3ccnc(C4COC4)c3)cn2CCN2CCC2)CC1,0.8857
O=C(Nc1nc2ccc(-c3cnc(Cl)c(NS(=O)(=O)c4cccc(F)c4)c3)cc2s1)c1cncnc1,0.7826
O=C(Cc1nc(N2CCOCC2)cc(=O)[nH]1)Nc1cccc(Oc2ccccc2)c1,0.7424
Cc1cc(F)ccc1CC(N)COc1cncc(-c2ncc3[nH]nc(C)c3n2)c1,0.75
Cc1c[nH]c2ncnc(N3CCC(N)(CNC(=O)c4ccc(F)cc4)C3)c12,1
Cn1nccc1-c1ccc(C(=O)NC2CNCCC2c2ccc(F)cc2)c(Cl)c1,0.8689
Cn1ncc(Cl)c1-c1ccc(C(=O)NC2CNCCC2c2ccccn2)s1,0.7576
NC(COc1cncc(-c2ccc3c(c2)CC(=O)N3)c1)Cc1ccccc1,0.7231
Cn1ncc(Cl)c1-c1cc(C(=O)NC2CNCCC2c2cccc(F)c2)nc(C(F)(F)F)c1,0.7361
COc1cc(C)c2nc(-c3ccc(C4(N)CCC4)cc3)c(-c3ccccc3)n2n1,0.8182
NC(=O)c1c(N)ncnc1N1CCC(c2nc(-c3ccccc3)cn2CCN2CCCC2)CC1,0.8235
O=C(NC1CNCCC1c1ccsc1)c1ccc(-c2cn[nH]c2)o1,0.7419
Cn1nccc1-c1cc(F)c(C(=O)NC2CNCCC2c2ccc(F)cn2)cc1F,0.8125
Cc1c[nH]c2ncnc(N3CCC4(CCNCC4)C3)c12,0.7447
Cn1c(CC(=O)N2c3ccccc3CC2c2ccc(Br)cc2)nc(N2CCOCC2)cc1=O,0.7538
CC1Cc2ccccc2N1C(=O)Cc1nc(N2CCOCC2)cc(N2CCN(C)CC2)n1,0.7097
O=C(NC(Cc1ccc(F)c(F)c1)C(=O)N1CCN(c2ncnc3ccccc23)CC1)c1ccccc1,0.7302
O=C(Cc1nc(N2CCCC2)cc(=O)[nH]1)N1CCc2ccc(F)cc21,0.8393
CC(C)NCCn1cc(-c2ccsc2)nc1C1CCN(c2ncnc(N)c2C(N)=O)CC1,0.7342
CC(C)NC(=O)C1(N)CCN(c2ncnc3[nH]cc(Cl)c23)CC1,0.7719
Cn1nccc1-c1ccc(C(=O)NC2CNCCC2c2ccccc2Cl)s1,0.75
NC(COc1cncc(-c2ccc3c(c2)C(=O)C(=O)N3)c1)Cc1ccccc1F,0.7231
CNC(=O)c1ccc2c(c1)OCn1c-2nc(-c2ccc(C3(N)CC(O)(C4CC4)C3)cc2)c1-c1ccccc1,0.8429
CNC(COc1cncc(-c2ccc3[nH]nc(C)c3c2)c1)Cc1c(F)cccc1F,0.7705
NC(=O)c1c(N)ncnc1N1CCC(c2nc(-c3ccnc(C(F)(F)F)c3)cn2CCN2CCC2)CC1,1
NC1(c2ccc(-c3nc4ccc(CO)cn4c3-c3ccccc3)cc2)CCC1,0.717
Cc1n[nH]c2ccc(-c3cc(OCC(N)Cc4ccccc4)cnc3-c3ccncc3)cc12,0.9298
NC(COc1cncc(-c2ccc3[nH]nc(-c4ccccc4)c3c2)c1)Cc1c[nH]cn1,0.7121
Cc1n[nH]c2ccc(-c3cncc(OCC(N)c4cccc(F)c4)c3)cc12,0.7419
NC1(c2ccc(-c3nc4ccc(S(N)(=O)=O)nn4c3-c3ccccc3)cc2)CCC1,0.717
Cn1c(CC(=O)N2c3ccccc3CC2CN2CCCC2)nc(N2CCOCC2)cc1=O,0.7812
CCN(C)C(=O)c1c(N)ncnc1N1CCC(c2nc(-c3cccc(Cl)c3)cn2CCN2CCC2)CC1,0.7792
Cc1n[nH]c2ccc(-c3cncc(OCC(N)Cc4ccc(Br)cc4)c3)cc12,1
Cc1n[nH]c2ccc(-c3cncc(OCC(N)Cc4ccc(-c5ccccc5)nc4)c3)cc12,0.7302
NC(=O)c1cncnc1N1CCC(c2nc(-c3cccc(Cl)c3)cn2CCN2CCC2)CC1,0.7333
Cc1n[nH]c2ccc(-c3cc(OCC(N)Cc4ccccc4)cnc3Cl)cc12,0.8
NC(=O)c1c(N)ncnc1N1CCC(c2nc(-c3cccc(Cl)c3)cn2CCN2CCCC2)CC1,1
Cn1c(CC(=O)Nc2ccc(F)nc2)nc(N2CCOCC2)cc1=O,0.7258
Cn1c(CC(=O)Nc2cc(F)c(F)c(Br)c2)nc(N2CCOCC2)cc1=O,0.8
CN(C)CCn1cc(-c2ccnc(C(F)(F)F)n2)nc1C1CCN(c2ncnc(N)c2C(N)=O)CC1,0.7125
COc1n[nH]c2ccc(-c3cncc(OCC(N)Cc4cc(F)cc(F)c4)c3)cc12,0.7015
Cn1nc(-c2ccnn2C)cc1C(=O)NC1CNCCC1c1ccc(F)c(F)c1,0.7424
NC1(c2ccc(-c3nc4n(c3-c3ccccc3)COc3cccc(F)c3-4)cc2)CCC1,1
Cn1cc(C2CCNCC2NC(=O)c2ccc(-c3c(Br)cnn3C)s2)cn1,0.75
Cn1nccc1-c1cc(C(=O)NC2CNCCC2c2ccccc2)c(F)cc1F,0.8065
O=C(NC(c1ccc(Cl)c(Cl)c1)C1CCNCC1)c1ccc(Cl)c(Cl)c1,0.7358
COC(=O)NCCCC(NC(=O)c1cc(Br)c(-c2ccnc3[nH]ccc23)s1)c1ccccc1,0.7826
COc1ccc(CC(N)COc2cncc(-c3ccc4[nH]nc(C)c4c3)c2)cc1,0.8246
COCCCn1c(CC(=O)N2c3ccccc3CC2C)nc(N2CCOCC2)cc1=O,0.7463
O=C(NC(Cc1ccccc1)c1ccccc1)c1ccc(-c2ccncc2)cc1,0.7442
O=C(Nc1nc2ccc(-c3cnc(Cl)c(NS(=O)(=O)c4ccccc4F)c3)cc2s1)c1cccnc1,0.7606
Cn1nccc1-c1ccc(C(=O)NC2CNCCC2c2cc(F)cc(Cl)c2)cc1F,0.8871
Cn1ncc(Cl)c1-c1cc(C(=O)NC2CNCCC2c2ccccc2)n(C)c1Cl,0.7273
Cn1ncc(Br)c1-c1ccc(C(=O)NC2CNCCC2c2cccnc2)s1,0.7681
Cn1nccc1-c1ccc(C(=O)NC2CNCCC2c2ccc(F)c(F)c2)nc1,0.8154
Cc1oc(-c2ccnn2C)cc1C(=O)NC1CNCCC1c1cc(F)cc(F)c1,0.7231
CCC(NC(=O)c1ccc(-c2ccncc2)cc1)c1ccccc1,0.7619
Cn1nccc1-c1ccc(C(=O)NC2CNCCC2c2ccc(F)cc2)s1,0.8333
Cc1n[nH]c2cnc(-c3cncc(OCC(N)Cc4ccc(Cl)c(F)c4)c3)nc12,0.7463
NC(=O)c1c(N)ncnc1N1CCC(c2nc(-c3cncnc3)cn2CCN2CCC2)CC1,0.7571
Cn1ncc(Cl)c1-c1cc(C(=O)NC(CN)Cc2cccc(F)c2)sc1Cl,1
NCC(NC(=O)c1ccc(-c2ccncc2)c(F)c1)c1ccccc1,0.7083
Cn1nccc1-c1cc(F)c(C(=O)NC2CNCCC2c2ccc(F)cc2)c(F)c1,0.8475
Cc1n[nH]c2ncc(-c3cncc(OCC(N)Cc4cccc(Br)c4)c3)cc12,0.8033
Cc1ccc(C(N)=O)c(N2CCC(c3nc(-c4ccc(F)c(C(F)(F)F)c4)cn3CCN3CCC3)CC2)n1,0.7308
COc1ccc2nc(-c3ccc(C4(N)CCC4)cc3)c(-c3ccccc3)n2n1,1
NC(=O)c1c(N)ncnc1N1CCC(c2nc(-c3ncc(F)cn3)cn2CCN2CCC2)CC1,0.7067
Cn1c(CC(=O)Nc2ccc(F)c(C3CC3)c2)nc(N2CCOCC2)cc1=O,1
NC1(c2ccc(-n3c(-c4cccnc4F)nc4cccnc43)cc2)CCC1,0.7544
NCCC(NC(=O)c1cc(Br)c(-c2ccnc3[nH]ccc23)s1)c1ccccc1,1
Cn1ccc(C2CCNCC2NC(=O)c2ccc(-c3c(Cl)cnn3C)s2)n1,0.7692
O=C(Cc1nc(N2CCOCC2)cc(=O)[nH]1)N1CCCc2ccccc21,0.7419
Cc1cnc(C(=O)Nc2csc(-c3nncn3C3CC3)n2)cc1-n1cnc(C2CC2)c1,0.7838
COc1ccccc1C(=O)Nc1ccc(-c2nnc3n2-c2cccnc2Nc2ccccc2-3)cc1,0.75
O=C(NC(c1ccc(Cl)c(Cl)c1)C1CCNCC1)c1ccnnc1,0.7069
Cn1ncc(Cl)c1-c1cc(C(=O)NC2CNCCCC2c2ccccc2)c(F)cc1F,0.7042
CC(C)c1cc(-c2cn(CCN3CCC3)c(C3CCN(c4ncnc(N)c4C(N)=O)CC3)n2)ccn1,1
O=C(Cc1nc(N2CCOCC2)c(F)c(=O)[nH]1)N1CCc2c(Br)cccc21,0.8448
Cc1c[nH]c2ncnc(N3CCC(N)(CNC(=O)c4ccc(F)c(F)c4)C3)c12,0.8254
Cc1n[nH]c2ccc(-c3cncc(OCC(N)Cc4cccc(OCC(F)(F)F)c4)c3)cc12,0.8438
Cn1ncc(Cl)c1-c1ccc(C(=O)NC2CNCCC2c2cncc(F)c2)s1,0.8358
Cn1ncc(Cl)c1-c1ccc(C(=O)NC2CNCCC2c2ccnnc2)cc1,0.7273
O=C(NC(c1ccc(Cl)c(Cl)c1)C1CCNCC1)c1ccc(-c2ccncc2)cc1,0.7241
Nc1cc(N2CCC(c3nc(-c4cc(F)ccc4F)cn3CCN3CCC3)CC2)ncn1,0.7424
NC1(c2ccc(-c3nc4ccc(Cl)cn4c3-c3ccccc3)cc2)CCC1,1
Cc1n[nH]c2ccc(-c3cnc(F)c(OCC(N)Cc4c(F)cccc4F)c3)cc12,0.7541
CN(C)c1ccc(NC(=O)Cc2nc(N3CCOCC3)cc(=O)[nH]2)cc1,0.7119
CC(=O)c1c(N)ncnc1N1CCC(c2nc(-c3ccc(F)c(C)c3)cn2CCN2CCC2)CC1,0.8873
Cn1nccc1C1CCNCC1NC(=O)c1ccc(-c2c(Br)cnn2C)s1,0.7
CC(=O)Nc1nc2ccc(-c3cnc(Cl)c(NS(=O)(=O)c4ccc(F)cc4)c3)cc2s1,1
O=C(NC(CNC(=O)C1CC1)c1ccccc1)c1ccc(-c2ccnc3[nH]ccc23)s1,0.7302
Cn1nccc1-c1cc(C(=O)NC2CNCCC2c2ccn(C)c(=O)c2)ccc1F,0.7101
Cc1ccc(-c2cncc(OCC(N)Cc3ccc(Cl)c(F)c3)c2)cc1F,0.7258
Nc1ncnc(N2CCC(c3nc(-c4cccc(F)c4)cn3CCN3CCC3)CC2)c1F,0.8209
Nc1c(Br)cccc1NC(=O)Cc1nc(N2CCOCC2)cc(=O)[nH]1,0.8136
NC(COc1cncc(-c2ccc3c(c2)C(=Cc2ccco2)C(=O)N3)c1)Cc1cccnc1,0.8676
O=C(Cc1nc(N2CCOCC2)cc(=O)n1C1CC1)N1CCc2c(F)cccc21,0.8125
Cc1ccccc1C(=O)Nc1ccc(-c2nnc3n2-c2cccnc2Nc2ccccc2-3)cc1,0.7797
NC(=O)c1c(N)ncnc1N1CCC(c2nc(-c3cccc(C(F)(F)F)c3)cn2CCN2CCC2)CC1,0.971
CN(C)C(=O)c1ccc2nc(-c3ccc(C4(N)CCC4)cc3)c(-c3ccccc3)n2c1,0.8036
Cn1c(CC(=O)N2CCc3c(-c4cccnc4F)cccc32)nc(N2CCOCC2)cc1=O,0.7612
O=C(NC1CNCCC1c1cccc(F)c1)c1ccc2c(c1)OCCn1nccc1-2,0.8615
Cc1n[nH]c2ccc(-c3cc(OCC(N)Cc4c[nH]c5ccccc45)cnc3-c3ccoc3)cc12,0.8378
Cn1nccc1-c1ccc(Cl)c(C(=O)NC2CNCCC2c2ccc(Cl)c(Cl)c2)c1,0.7273
Cn1c(CC(=O)N2CCc3c(OC4CCC4)cccc32)nc(N2CCOCC2)cc1=O,0.7714
Cc1c(N2CCOCC2)nc(CC(=O)Nc2ccc(F)c(C3CC3)c2)n1C,0.7385
Cn1ncc(Br)c1-c1ccc(C(=O)NC2CNCCC2c2ccncc2)o1,0.8387
NC1(C(=O)NC(CCCN2CCCC2)c2ccc(Cl)cc2)CCN(c2ncncc2Cl)CC1,0.7324
Cn1nccc1-c1ccc(C(=O)NC2CNCCC2c2ccc(Cl)c(Cl)c2)nc1,0.7727
CNCC(Nc1ncnc2c(C(N)=O)ccnc12)c1cc(F)c(F)cc1F,1
Cn1cc(-c2ccc(F)c(F)c2)nc1C1CCN(c2ncnc(N)c2C(F)(F)F)CC1,0.7121
Cn1ncc(Cl)c1-c1ccc(C(=O)NC2CNCCC2c2cc(F)cc(Br)c2)cc1,0.791
CNCCNC(=O)c1c(N)ncnc1N1CCC(c2nc(-c3cccc(F)c3)cn2CCN2CCC2)CC1,0.7
Cc1cccc(-c2cn(CCN(C)C)c(C3CCN(c4ncnc(N)c4C(N)=O)CC3)n2)n1,0.7105
Cn1nccc1-c1ccc(C(=O)NC2CNCCC2c2cc(F)cc(C(F)(F)F)c2)s1,0.7681
Cc1n[nH]c2ccc(-c3cncc(OCC(N)Cc4cccc(F)c4Cl)c3)cc12,0.8525
Cc1n[nH]c2ccc(-c3cncc(OCC(N)Cc4cc(F)cc(F)c4)c3)cc12,0.85
O=C(Cc1nc(N2CCOCC2)cc(=O)[nH]1)Nc1cccc(OC(F)F)c1,0.8413
CCn1c(CC(=O)N2CCc3c(F)cccc32)nc(N2CCOCC2)cc1=O,0.8065
Nc1nccc(N2CCC(c3nc(-c4ccc(F)c(C(F)(F)F)c4)cn3CCN3CCC3)CC2)n1,0.7714
Cn1ncc(Cl)c1-c1ccc(C(=O)NC2CNCCC2c2cccc(F)c2)cc1F,0.806
Cc1n[nH]c2cnc(-c3cncc(OCC(N)Cc4cc(F)cc(F)c4)c3)cc12,0.8305
COc1cc(C(=O)NC2CNCCC2c2cc(F)cc(F)c2)c(Cl)cc1-c1ccnn1C,0.7391
Cc1c(-c2ccnn2C)cc(C(=O)NC2CNCCC2c2cc(F)cc(F)c2)n1C,0.7231
O=C(Cc1nc(N2CCOCC2)cc(=O)[nH]1)NCc1c(F)cccc1F,0.7049
Cn1nccc1-c1ccc(C(=O)NC2CNCCC2c2ccn(C)c(=O)c2)cn1,0.7463
Cn1ncc(Cl)c1-c1ccc(C(=O)NC2CNCCC2c2cncc(F)c2)nc1,0.7
Cn1nccc1-c1cc(C(=O)NC2CNCCC2c2ccc(F)cc2)cc(F)c1F,0.7385
Cn1ncc(Cl)c1-c1cc(F)c(C(=O)NC2CNCCC2c2cccnc2)c(Cl)c1,0.7286
Cn1nccc1-c1ccc(C(=O)NC2CNCCC2c2cncc(F)c2)cc1,0.7619
Cn1c(CC(=O)Nc2cccc(-c3ccc(F)c(C4CCNCC4)c3)c2)nc(N2CCOCC2)cc1=O,0.75
NC(=O)c1c(N)ncnc1N1CCC(c2nc(-c3ccc(F)nc3)cn2CCN2CCC2)CC1,0.7808
O=C(Cc1nc(N2CCOCC2)cc(=O)n1C1CCCC1)N1CCc2ccccc21,0.7302
NC(=O)c1c(N)ncnc1N1CCC(c2nc(-c3cncc(Cl)c3)cn2CCN2CCC2)CC1,0.7808
CC1Cc2c(ccc(F)c2F)N1C(=O)Cc1nc(N2CCOCC2)cc(=O)n1C,1
O=C(NC(c1ccc(Cl)c(Cl)c1)C1CCNC1)c1cccnc1,0.7333
Nc1cc(N2CCC(c3nc(-c4ccc(F)c(C(F)(F)F)c4)cn3CC=O)CC2)ncn1,0.7571
Cn1nccc1-c1cc(F)c(C(=O)NC2CNCCC2c2ccc(F)nc2)c(F)c1,0.7937
Cn1c(CC(=O)N2CCc3cc(C(F)(F)F)ccc32)nc(N2CCOCC2)cc1=O,0.7419
CC(C)CC(NC(=O)c1ccc(-c2ccncc2)cc1)c1ccccc1,0.7273
Cn1c(CC(=O)Nc2ccc(F)c(-c3ccco3)c2)nc(N2CCOCC2)cc1=O,0.7164
Cn1nccc1-c1ccc(C(=O)NC2CNCCC2c2ccc(Cl)cc2)o1,0.746
CNCCn1cc(-c2ccnc(C(F)(F)F)c2)nc1C1CCN(c2ncnc(N)c2Cl)CC1,1
CN(C)CCn1cc(-c2ccc(F)c(C(F)(F)F)c2)nc1C1CCN(c2ncc(C(F)(F)F)cn2)CC1F,0.7
Cn1ncc(Cl)c1-c1cc(C(=O)NC2CNCCC2c2ccccc2)c(F)cc1F,0.7761
CC(NC(=O)C1(N)CCN(c2ncnc3cc[nH]c23)CC1)c1ccc(F)cc1,0.7705
Cn1nccc1-c1ccc(C(=O)NC2CNCCC2c2cncc(F)c2)cc1Cl,0.7206
NC(=O)c1cccnc1N1CCC(c2nc(-c3ccc(F)c(Cl)c3)cn2CCN2CCC2)CC1,0.7273
NC(Cc1cccc(F)c1)C(=O)N1CCN(c2ncnc3ccccc23)CC1,0.7931
CC(C)NCCn1cc(-c2cncc(F)c2)nc1C1CCN(c2ncnc(N)c2C(N)=O)CC1,0.7595
NC(=O)c1cccc2c(NC(CN3CCC3)c3ccc(F)c(F)c3)ncnc12,1
Cn1ncc(Br)c1-c1cc(F)c(C(=O)NC2CNCCC2c2ccc(F)cc2)cc1F,0.8594
CC1Cc2ccccc2N1C(=O)Cc1nc(=O)cc(N2CCOCC2)[nH]1,0.7419
CCc1c(N)ncnc1N1CCC(c2nc(-c3ccccc3F)cn2CCN2CCC2)CC1,0.7571
O=C(Cc1nc(N2CCOCC2)cc(=O)n1C1CC1)N1CCc2c(-c3cccc(F)c3F)cccc21,0.7536
CNCCn1cc(-c2cccc(C(F)(F)F)c2)nc1C1CCN(c2ncnc(N)c2C(N)=O)CC1,0.8026
O=C(NC1CNCCC1c1cccc(F)c1)c1ccc(-c2ccccn2)s1,0.7015
Cn1nccc1-c1cc(C(=O)NC2CNCCC2c2cccc(F)c2)nc(C(F)(F)F)c1,0.7324
Cn1nccc1-c1cc(C(=O)NC2CNCCC2c2ccccc2)c(Cl)cc1F,0.7164
COc1cccc2c1CCN2C(=O)Cc1nc(N2CCOCC2)c(F)c(=O)[nH]1,0.7903
COc1cccc2c1CC(C(N)C(=O)N1CCN(c3ncnc4[nH]cc(C)c34)CC1)CC2,0.7059
Cc1noc(C2CCNCC2NC(=O)c2ccc(-c3c(Cl)cnn3C)s2)n1,0.7101
CN1CCN(CC(Nc2ncnc3c(C(N)=O)cccc23)c2ccc(Cl)c(Cl)c2)CC1,0.7313
CCN(C)CCn1cc(-c2cccc(F)c2)nc1C1CCN(c2ncnc(N)c2C(N)=O)CC1,0.7037
Cn1nccc1-c1cc(F)c(C(=O)NC2CNCCC2c2ccc(F)c(F)c2)c(F)c1,1
COc1ncc(OCC(N)Cc2ccccc2)cc1-c1ccc2[nH]nc(C)c2c1,0.8167
NC(=O)c1c(N)ncnc1N1CCC(c2nc(-c3cccc(Cl)c3)cn2CCNC2CCCC2)CC1,0.7973
CNCC(Nc1ncnc2c(C(N)=O)cccc12)c1ccc(F)cc1,0.8148
CC1(C)C(=O)Nc2ncnc(N3CCC(c4nc(-c5cncc(F)c5)ccc4F)CC3)c21,0.7467
Nc1ncnc(N2CCC(c3nc(-c4ccncn4)cn3CCN3CCC3)CC2)c1Cl,0.7042
Cc1cc(C(=O)NC(CN)c2ccccc2)ccc1-c1ccncc1,0.7083
COCC1Cc2ccccc2N1C(=O)Cc1nc(N2CCOCC2)cc(=O)n1C,0.7937
NC(=O)c1ccc2nc(-c3ccccc3)c(-c3ccccc3)n2c1,0.7292
CNC(=O)c1cccc(-c2ccc3c(N4CCOCC4C)nc(N4CCOCC4C)nc3n2)c1,0.7097
Cn1ncc(Cl)c1-c1ccc(C(=O)NC2CNCCC2c2cccc(Br)c2)s1,0.8235
Cc1ncccc1-c1cc(NC(=O)Cc2nc(N3CCOCC3)cc(=O)n2C)ccc1F,0.7059
Cn1ncc(Cl)c1-c1ccc(C(=O)NC2CNCCC2c2cccc(F)c2)cn1,0.806
CCc1c(N)ncnc1N1CCC(c2nc(-c3ccncc3)cn2CCN2CCC2)CC1,0.806
NC(=O)c1cccnc1N1CCC(c2nc(-c3cccc(Cl)c3)cn2CCN2CCC2)CC1,0.7067
CC(O)CN1CCC(c2cc(NC(=O)Cc3nc(N4CCOCC4)cc(=O)n3C)ccc2F)CC1,0.8235
Cn1ncc(Br)c1-c1ccc(C(=O)NC2CNCCC2c2cccc(Cl)c2)o1,0.8182
CCn1c(CC(=O)N2CCc3ccccc32)nc(N2CCOCC2)cc1=O,0.7931
CCC1(O)CC(N)(c2ccc(-c3nc4n(c3-c3ccncc3)COc3ccncc3-4)cc2)C1,0.9016
Cn1nccc1C1CCNCC1NC(=O)c1cc2c(s1)CCCn1nccc1-2,0.7083
NC(COc1cncc(-c2ccc3[nH]nc(-c4ccccc4)c3c2)c1)Cc1ccccc1,0.7719
Cn1nccc1-c1cc(F)c(C(=O)NC2CNCCC2c2ccc(F)c(Cl)c2)c(Cl)c1,0.9048
Cc1n[nH]c2ncc(-c3cncc(OCC(N)Cc4cccc(C(F)(F)F)c4)c3)cc12,0.8125
Cn1ncc(Br)c1-c1ccc(C(=O)NC2CNCCC2c2ccc(Cl)c(Cl)c2)cc1,0.7846
CC(=O)c1ccc2nc(-c3ccc(C4(N)CCC4)cc3)c(-c3ccccc3)n2n1,1
CC(N)c1c(N)ncnc1N1CCC(c2nc(-c3ccc(F)c(Cl)c3)cn2CCN2CCC2)CC1,0.7838
Cc1cc(-c2ccc(C(=O)NC(CN)c3ccccc3)cc2)ccn1,0.7234
NC(=O)c1ccc2nc(-c3ccc(C4(N)CC4)cc3)c(-c3ccccc3)n2c1,0.9184
Nc1ncnc(N2CCC(c3nc(-c4ccncn4)cn3CCN3CCC3)CC2)c1Br,0.7042
NC(COc1cncc(-c2ccc3c(-c4ccccc4)n[nH]c3c2)c1)Cc1ccccc1,0.7414
NC(=O)c1ccnc2c(NC(CN3CCC3)c3cccc(F)c3)ncnc12,1
Cn1c(CC(=O)Nc2ccc(-c3cncnc3)c(F)c2)nc(N2CCOCC2)cc1=O,0.7015
Cn1c(CC(=O)N2c3ccccc3CC2c2ccccc2)nc(N2CCOCC2)cc1=O,0.8033
Cn1nccc1-c1ccc(C(=O)NC2CNCCC2c2cccc(F)n2)c(F)c1,0.7273
Cn1ncc(F)c1-c1cccc(C(=O)NC2CNCCC2c2ccc(F)c(F)c2)c1,0.7059
CS(=O)(=O)c1ccc(NC(=O)Cc2nc(N3CCOCC3)cc(=O)[nH]2)cc1,0.7
NC(=O)c1c(N)ncnc1N1CCC(c2nc(-c3ccnc(C4CC4)c3)cn2CCN2CCC2)CC1,1
Cn1nccc1-c1ccc(C(=O)NC2CNCCC2c2cccc(F)c2)s1,1
NC(CNc1nnc(-c2ccc3[nH]ncc3c2)s1)Cc1ccccc1,0.8182
Cc1n[nH]c2ccc(-c3cncc(OCC(N)Cc4cccc(OCCC(F)(F)F)c4)c3)cc12,0.8182
Cc1ccc(C(N)=O)c(N2CCC(c3nc(-c4ccc(F)c(Cl)c4)cn3CCN3CCC3)CC2)n1,0.7143
Cc1n[nH]c2ccc(-c3cncc(OCC(N)Cc4ccc(C(F)(F)F)cc4)c3)cc12,1
CC(Cc1ccc(Cl)cc1)C(=O)N1CCN(c2ncnc3c2C(C)SC3)CC1,0.8167
CN(C)CCn1cc(-c2cccc(Cl)c2)nc1C1CCN(c2ncnc(N)c2C(N)=O)CC1,0.7945
Cn1ncc(Cl)c1-c1cc(F)c(C(=O)NC2CNCCC2c2ccncc2)c(F)c1,0.8125
NC(COc1cncc(-c2ccc3c(c2)C(=Cc2ccncc2)C(=O)N3)c1)Cc1ccccc1,0.7647
Cc1n[nH]c2ccc(-c3cncc(OCC(N)Cc4cccc5ccccc45)c3)cc12,0.7869
CCc1c(N)ncnc1N1CCC(c2nc(-c3cccnc3)cn2CCN2CCC2)CC1,0.7606
Cn1nccc1-c1cc(F)c(C(=O)NC2CNCCC2c2cccc(F)c2)c(F)c1,0.8065
Cn1c(CC(=O)Nc2ccc(F)cc2Br)nc(N2CCOCC2)cc1=O,0.7143
COc1ccccc1CC(N)COc1cncc(-c2ccc3[nH]nc(C)c3c2)c1,0.8361
NC(Cc1ccc(Cl)cc1)C(=O)N1CCN(c2ncnc3[nH]cnc23)CC1,0.7368
Cn1c(CC(=O)N2CCc3c(OC(F)(F)F)cccc32)nc(N2CCOCC2)cc1=O,0.7941
Cn1c(CC(=O)Nc2ccc(Nc3ccccc3)c(F)c2)nc(N2CCOCC2)cc1=O,0.7121
CNCC(Nc1ncnc2c(C(N)=O)cccc12)c1ccccc1,0.7925
Cn1ncc(Cl)c1-c1cc(F)c(C(=O)NC2CNCCC2c2cncc(F)c2)cc1Cl,0.7143
CNC(=O)c1ccnc2c(NC(CN3CCC3)c3cccc(F)c3)ncnc12,0.8065
Cn1c(CC(=O)N2CCc3c(N4CC(F)C4)cccc32)nc(N2CCOCC2)cc1=O,0.7937
Cc1n[nH]c2ccc(-c3cncc(OCC(N)Cc4cc(C(F)(F)F)ccc4F)c3)cc12,1
CNCC(NC(=O)c1ccc(-c2ccncc2)cc1)c1ccccc1,0.7273
Cc1cc(-c2cn(CC3CNC3)c(C3CCN(c4cc(N)ncn4)CC3)n2)ccc1F,0.726
Cc1cc(F)ccc1CC(N)COc1cncc(-c2ccncc2)c1,0.7069
Cn1nccc1-c1cc(F)c(C(=O)NC2CNCCC2c2cccnc2)c(Cl)c1,0.7826
O=C(Cc1nc(N2CCOCC2)cc(=O)[nH]1)N1CCc2c(Cl)cccc21,1
NC(=O)c1c(N)ncnc1N1CCC(c2nc(-c3cnc(F)nc3)cn2CCN2CCC2)CC1,0.7534
NC(=O)c1c(N)ncnc1N1CCC(c2nc(-c3ccnc(F)c3)cn2CCO)CC1,0.7746
O=C(Cc1nc(=O)cc(N2CCOCC2)[nH]1)N1CCc2c(F)cccc21,0.7377
Cc1n[nH]c2cnc(-c3cncc(OCC(N)Cc4cccc(Br)c4)c3)cc12,0.8167
CC(C)n1cnnc1-c1nc(NC(=O)c2cc(-n3cnc(C4CC4)c3)c(N3CC4CC4C3)cn2)cs1,0.8608
NC(COc1cncc(-c2ccc3c(c2)CCCC(=O)N3)c1)Cc1c[nH]c2ccccc12,0.8358
CNCCn1cc(-c2ccc(F)c(F)c2)nc1C1CCN(c2ncnc(N)c2C(N)=O)CC1,0.8857
CC1Cc2ccccc2N1C(=O)Cc1nc(N2CCOCC2)cn1C,0.75
Cn1c(CC(=O)Nc2ccc(CC(=O)N3CCc4ccccc43)cc2)nc(N2CCOCC2)cc1=O,0.7812
O=C(CBr)Nc1ccc(-c2nnc3n2-c2cccnc2Nc2ccccc2-3)cc1,0.7458
Cc1cc(-c2cn(CCNC(C)C)c(C3CCN(c4cc(N)ncn4)CC3)n2)ccc1F,0.7143
CCc1c(N)ncnc1N1CCC(c2nc(-c3cccnc3)cn2CCNC)CC1,0.7067
NC1(c2ccc(-c3nc4n(c3-c3ccncc3)COc3ncccc3-4)cc2)CC1,0.8036
Cc1cc(-c2cn(CCNCC3CC3)c(C3CCN(c4cc(N)ncn4)CC3)n2)ccc1F,0.7179
O=C(CCCc1ccccc1)Nc1ccc(-c2nnc3n2-c2cccnc2Nc2ccccc2-3)cc1,0.7031
Cc1c(-c2ccnn2C)cc(C(=O)NC2CNCCC2c2ccc(F)cc2)n1C,0.7231
CC1Cc2c(F)cc(F)cc2N1C(=O)Cc1nc(N2CCOCC2)cc(=O)n1C,0.7969
Fc1ccc(-c2cn(CCN3CCC3)c(C3CCN(c4ccncn4)CC3)n2)cc1F,0.7385
Cn1ncc(Cl)c1-c1cccc(C(=O)NC2CNCCC2c2cc(F)cc(F)c2)c1,0.7612
O=C1CC(c2ccccc2)N(C(=O)Cc2nc(N3CCOCC3)cc(=O)[nH]2)c2ccccc21,0.8197
CC1(O)CC(N)(c2ccc(-c3nc4n(c3-c3ccccc3)COc3nccnc3-4)cc2)C1,1
Cc1n[nH]c2ccc(-c3cc(OCC(N)Cc4ccccc4)cnc3-c3ccoc3)nc12,0.7733
O=C(Nc1ccc(-c2nnc3n2-c2cccnc2Nc2ccccc2-3)cc1)c1cccc(F)c1,0.8167
Nc1cncc(-c2nc3ccc(-c4ccccc4)nc3n2-c2ccc(C3(N)CCC3)cc2)n1,0.7736
Cn1nccc1-c1ccc(C(=O)NC2CNCCC2c2ccc(F)c(Cl)c2)s1,0.8125
CC(C)Oc1c(N)ncnc1N1CCC(c2nc(-c3ccnc(F)c3)cn2CCN2CCC2)CC1,0.8267
Nc1ncnc(N2CCC(c3nc(-c4ccnc(F)c4)cn3CCN3CCC3)CC2)c1NC=O,0.7467
CCn1cc(-c2ccnc(C(F)(F)F)c2)nc1C1CCN(c2ncnc(N)c2C#N)CC1,0.831
COc1ccccc1CC(N)CNc1nnc(-c2ccc3[nH]nc(C)c3c2)s1,0.7742
Cn1nccc1-c1ccc(C(=O)NC2CNCCC2c2cncnc2)cc1,0.7258
COc1cccn2c(-c3ccccc3)c(-c3ccc(C4(N)CCC4)cc3)nc12,0.75
Cc1cc2c(cc1Cl)CCN2C(=O)Cc1nc(N2CCOCC2)cc(=O)n1C,0.7541
Cn1nccc1-c1cc(C(=O)NC2CNCCC2c2cccc(F)c2)nc(C2CC2)c1,0.7429
O=C(Nc1ccc(-c2nnc3n2-c2cccnc2Nc2ccccc2-3)cc1)c1ccoc1,0.8
Cn1nccc1-c1cc(C(=O)NC2CNCCC2c2ccoc2)ccc1F,0.7164
Cc1cc(Cl)c(Cl)cc1NC(=O)Cc1nc(N2CCOCC2)cc(=O)[nH]1,0.7333
CC1(O)CC(N)(c2ccc(-c3nc4n(c3-c3ccccc3)COc3ccncc3-4)cc2)C1,1
NC(=O)c1c(N)ncnc1N1CCC(c2nc(-c3ccnc(F)c3)cn2CCNC2CC2)CC1,0.7436
COc1ccc2nc(-c3ccc(C4(N)CCC4)cc3)c(-c3ccccc3)n2c1,1
CCn1c(-c2nonc2N)nc2c(C#CC(C)(C)O)nc(OC)cc21,0.8033
O=C(CCc1ccccc1)Nc1ccc(-c2nnc3n2-c2cccnc2Nc2ccccc2-3)cc1,0.7258
Cn1c(CC(=O)Nc2ccc3ccccc3c2)nc(N2CCOCC2)cc1=O,0.7213
Cn1ncc(Cl)c1-c1ncc(-c2ccc(C(=O)NC3CNCCC3c3ccccc3)s2)o1,0.7042
Cn1cc(-c2ccc(C(=O)NC3CNCCC3c3ccc(F)c(F)c3)cc2)cn1,0.7302
COc1nc(C)c2nc(-c3ccc(C4(N)CCC4)cc3)c(-c3ccccc3)n2n1,0.7193
CC(C)NCCn1cc(-c2cncc(C(F)(F)F)c2)nc1C1CCN(c2ncnc(N)c2C(N)=O)CC1,0.747
Cc1nccc(-c2cccc3c2CCN3C(=O)Cc2nc(N3CCOCC3)cc(=O)n2C)n1,0.7353
O=C(NC(c1ccc(Cl)c(Cl)c1)C1CNC1)c1ccncc1,0.7358
Cn1nccc1-c1ccc(NC(=O)Cc2nc(N3CCOCC3)cc(=O)[nH]2)c(F)c1,0.7344
Cn1c(CC(=O)N2CC(C)(C)c3c(Cl)cccc32)nc(N2CCOCC2)cc1=O,1
NC(=O)c1ccc(-n2c(-c3cccnc3N)nc3ccc(-c4cn[nH]c4)nc32)cc1,0.746
Cn1ncc(Cl)c1-c1ccc(C(=O)NC2CNCCC2c2cc(F)cc(F)c2)nc1,0.7206
NC1(c2ccc(-c3nc4n(c3-c3ccccc3)COc3cnccc3-4)cc2)CC1,0.9245
Cn1ncc(Cl)c1-c1cc(C(=O)NC2CNCCC2c2ccccc2)oc1C1CC1,0.8308
Cc1ccc(-n2c(CC(=O)N3CCc4ccccc43)nc(N3CCOCC3)cc2=S)cc1,0.7077
Cc1ncc(OCC(N)Cc2ccccc2F)cc1-c1ccc2[nH]nc(C)c2c1,0.7031
Cn1nccc1-c1ccc(C(=O)NC2CNCCC2c2ccncc2)cc1,0.75
O=C(Nc1nc2ccc(-c3cnc(Cl)c(NS(=O)(=O)c4ccccc4)c3)cc2s1)c1cccnc1,0.7463
Cn1nccc1-c1ccc(C(=O)NC2CNCCC2c2cc(F)cc(F)c2)cc1Cl,0.8387
NC(=O)c1ccnn2c(-c3ccc(C4(N)CCC4)cc3)c(-c3ccccc3)nc12,1
Cn1ncc(Cl)c1-c1ccc(C(=O)NC2CNCCC2c2ccc(Cl)cc2)cc1Cl,0.7273
NC(=O)c1c(N)ncnc1N1CCC(c2nc(-c3ccncc3)cn2CCN2CCCC2)CC1,0.7971
CNCCn1cc(-c2cncc(C(F)(F)F)c2)nc1C1CCCN(c2ncnc(N)c2CN)CC1,0.7
CC1Cc2c(F)cccc2N1C(=O)Cc1nc(=O)cc(N2CCOCC2)[nH]1,0.7576
Cn1ncc(Cl)c1-c1cc(C(=O)NCC2CNCCC2c2ccccc2)oc1Cl,0.7761
NC(=O)c1c(N)ncnc1N1CCC(c2nc(-c3ccccc3F)cn2CCN2CCC2)CC1,0.7333
Cn1ncc(Cl)c1-c1ccc(C(=O)NC2CNCCC2c2cccc(F)c2F)cc1,0.7353
Cn1c(CC(=O)N2CCc3c(F)cccc3C2)nc(N2CCOCC2)cc1=O,0.7231
Cn1nccc1-c1coc(C(=O)NC2CNCCC2c2cc(F)cc(F)c2)c1,0.7778
Cc1n[nH]c2ncc(-c3cncc(OCC(N)Cc4ccc(Br)cc4F)c3)cc12,0.8095
Cc1ccc(NC(=O)Cc2nc(N3CCOCC3)cc(=O)[nH]2)cc1Br,0.7966
O=C(Cc1nc(N2CCOCC2)cc(=O)[nH]1)NCc1ccsc1,0.7414
Cc1n[nH]c2ccc(-c3cncc(OCC(N)Cc4cccc(-c5cccnc5)c4)c3)cc12,0.7903
Cn1ncc(Cl)c1-c1cc(C(=O)NC2CNCCC2c2ccc(F)cc2)oc1Cl,0.873
CC1CN(C(=O)Cc2nc(N3CCOCC3)cc(=O)n2C)c2ccccc21,0.7049
NC(=O)c1c(N)ncnc1N1CCC(c2nc(-c3cccc(Cl)c3Cl)cn2CCN2CCC2)CC1,0.7333
Cn1ncc(Cl)c1-c1ccc(C(=O)NC2CNCCC2c2nc(F)ccc2F)cc1,0.7576
Cc1ccc(C(=O)Nc2ccc(-c3nnc4n3-c3cccnc3Nc3ccccc3-4)cc2)cc1,1
CC(C)Oc1ccc(C(=O)NC2CNCCC2c2cccc(F)c2)cc1-c1c(Cl)cnn1C,0.7297
CC(Cc1nc(N2CCOCC2)cc(=O)[nH]1)C(=O)Nc1ccc(F)cc1F,0.7258
Nc1cc(N2CCC(c3nc(-c4ccc(F)c(C(F)(F)F)c4)cn3CCCO)CC2)ncn1,0.7971
Cc1cccc2cc(NC(=O)Cc3nc(N4CCOCC4)cc(=O)[nH]3)ccc12,0.7541
Cn1nccc1-c1ccc(C(=O)NC2CNCCC2c2ccnnc2)cc1,0.7143
CC1Cc2ccccc2N1C(=O)Cc1nc(N2CCOCC2)cc(=O)[nH]1,1
Cn1ncc(Cl)c1-c1ccc(C(=O)NC2CNCCC2c2cc(F)cc(Cl)c2)cc1,0.8154
CCOc1cc(C(=O)NC2CNCCC2c2cc(F)cc(F)c2)c(F)cc1-c1ccnn1C,0.7101
NC1(c2ccc(-c3nn4c(-c5cccnc5)cnc4cc3-c3ccccc3)cc2)CC1,0.7069
Cc1cc(C)cc(NC(=O)Cc2nc(N3CCOCC3)cc(=O)[nH]2)c1,0.8148
NC1(c2ccc(-c3nc4n(c3-c3ccccn3)COc3cccnc3-4)cc2)CC1,0.7544
Cn1c(CC(=O)N2CCc3c2cccc3C(F)(F)F)nc(N2CCOCC2)cc1=O,1
Cn1c(CC(=O)Nc2ccc(-c3ccc(F)cc3)cc2)nc(N2CCOCC2)cc1=O,0.7377
O=C(NC(c1ccc(F)cc1)C1CCNCC1)c1ccc2cnccc2c1,0.7797
Cc1cc(C(=O)NC2CNCCC2c2cc(F)cc(Cl)c2)ccc1-c1ccnn1C,0.7612
O=C(Cc1nc(N2CCOCC2)cc(=O)[nH]1)Nc1cccc(F)c1,0.8148
CC(=O)Nc1ccc(NC(=O)Cc2nc(N3CCOCC3)cc(=O)[nH]2)cc1,0.75
Cn1ncc(Cl)c1-c1cc(C(=O)NC2CNCCC2c2ccccc2Cl)oc1Cl,0.8281
CC1(O)CC(N)(c2ccc(-c3nc4n(c3-c3ccsc3)COc3ccncc3-4)cc2)C1,0.7969
O=C(Cc1nc(N2CCc3ccccc3C2)cc(=O)[nH]1)N1CCc2c(Cl)cccc21,0.7302
NS(=O)(=O)c1ccc(NC(=O)Cc2nc(N3CCOCC3)cc(=O)[nH]2)cc1,0.7119
Cn1ncc(Cl)c1-c1cc(C(=O)NC2CNCCC2c2ccccc2)cc(Cl)c1Cl,0.7164
Cn1ncc(Cl)c1-c1cc(C(=O)NC2CNCCC2c2ccccc2)c(Cl)cc1Cl,0.7273
NC(COc1cncc(-c2ccc3c(c2)CC(=O)N3)c1)Cc1ccccc1F,0.7313
CCCC(=O)Nc1ccc(-c2nnc3n2-c2cccnc2Nc2ccccc2-3)cc1,0.7213
Nc1ccccc1NC(=O)CCC(NC(=O)c1cc(Br)c(-c2ccnc3[nH]ccc23)s1)c1ccccc1,0.7681
Cn1nccc1-c1ccc(C(=O)NC2CCNCC2F)c(Cl)c1,0.7302
Cn1nccc1-c1cc(C(=O)NC2CNCCC2c2cc(F)cc(Cl)c2)c(F)cc1F,0.7463
Nc1cc(N2CCC(c3nc(-c4cccc(F)c4)cn3CCN3CCC3)CC2)ncn1,0.7692
Cn1nccc1-c1ccc(C(=O)NC2CNCCC2c2ccn(C)c(=O)c2)cc1F,0.7879
Cn1c(CC(=O)Nc2cccc(-c3ccc(F)c(F)c3)c2)nc(N2CCOCC2)cc1=O,0.7231
Cn1ncc(Cl)c1-c1cc(C(=O)NC2(c3ccc(C(F)(F)F)c(F)c3)CCNCC2)oc1Cl,0.7879
Cc1oc(-c2c(Cl)cnn2C)cc1C(=O)NC1CNCCC1c1ccc(Cl)cc1,0.7424
Cn1nccc1-c1cc(F)c(C(=O)NC2CNCCC2c2cc(F)cc(F)c2)c(Cl)c1,0.8308
Cn1cc(N2CCOCC2)nc1CC(=O)N1CCc2c(OC(F)F)cccc21,0.7761
NCC(Cc1ccc(Cl)c(Cl)c1)C(=O)N1CCN(c2ncnc3ccccc23)CC1,0.7966
Cc1n[nH]c2ccc(-c3cncc(OCC(N)Cc4ccccc4S(C)(=O)=O)c3)cc12,0.75
O=C(NC(c1ccc(Cl)c(Cl)c1)C1CNC1)c1cccnc1,0.7143
Cn1nccc1-c1ccc(C(=O)NC2CNCCC2c2ccnc(F)c2)cc1,0.7903
NC1(c2ccc(-c3nc4c(-c5ccccc5)ccnn4c3-c3ccccc3)cc2)CCC1,0.7778
Cn1nccc1-c1cc(F)c(C(=O)NC2CNCCC2c2ccncc2)c(Cl)c1,0.8308
Cn1nccc1-c1cccc(C(=O)NC2CNCCC2c2cccc(F)c2)c1,0.7692
Cn1ncc(Cl)c1-c1cc(C(=O)NC(CN)Cc2cccc(F)c2)ccc1F,0.7313
Cn1c(CC(=O)N2CCc3c(-c4ncccn4)cccc32)nc(N2CCOCC2)cc1=O,0.7778
O=C(Nc1ccc(-c2nnc3n2-c2cccnc2Nc2ccccc2-3)cc1)NC1CC1,0.7097
COc1ccc(Br)c2c1N(C(=O)Cc1nc(N3CCOCC3)cc(=O)n1C)CC2,0.7121
Cc1cc(F)ccc1CNC(=O)Cc1nc(N2CCOCC2)cc(=O)[nH]1,0.7419
NC(COc1cncc(-c2ccc3c(c2)C(=Cc2ccoc2)C(=O)N3)c1)Cc1ccccc1,0.7606
O=C(NC(c1ccc(Cl)c(Cl)c1)C1CCNC1)c1ccc(Cl)c(Cl)c1,0.7455
Cc1nc(N)nc2c1cc(-c1cncc(C(N)=O)c1)c(=O)n2C1CCC(OCC(N)=O)CC1,0.7246
NC(=O)c1c(N)ncnc1N1CCC(c2nc(-c3ccnc(F)c3)cn2CCN2CCCC2)CC1,0.8169
O=C(CCC(NC(=O)c1ccc(-c2ccnc3[nH]ccc23)s1)c1ccccc1)NCc1ccccc1,0.7188
Cn1nccc1-c1cc(Cl)cc(C(=O)NC2CNCCC2c2ccc(Cl)cc2)c1,0.7344
NC(=O)c1cccnc1N1CCC(c2nc(-c3ccc(F)c(C(F)(F)F)c3)cn2CCN2CCC2)CC1,0.7342
Cc1n[nH]c2cnc(-c3cncc(OCC(N)Cc4ccccc4Cl)c3)cc12,0.7869
CCc1c(N)ncnc1N1CCC(c2nc(-c3cncnc3)cn2CCN2CCC2)CC1,0.8182
Cc1nc(C(=O)NC2CNCCC2c2cccc(F)c2)cc(-c2ccnn2C)n1,0.7143
CNCC(Nc1ncnc2c(C(N)=O)cccc12)c1cccc(Cl)c1,0.7857
Cn1ncc(Cl)c1-c1cc(C(=O)NC(CN)Cc2cccc(F)c2)[nH]c1Cl,0.7206
CNC(=O)c1ccc(NC(=O)Cc2nc(N3CCOCC3)cc(=O)[nH]2)cc1F,0.7833
CC(C)N(C)CCn1cc(-c2ccc(F)c(C(F)(F)F)c2)nc1C1CCN(c2ncccc2C(N)=O)CC1,0.75
Cc1ccc(NC(=O)Cc2nc(N3CCOCC3)cc(=O)[nH]2)cc1,0.8
Cc1n[nH]c2ccc(-c3cncc(OCC(N)Cc4cc(C(F)(F)F)ccc4Cl)c3)cc12,0.8308
Cc1cc(-c2ccnn2C)c(F)cc1C(=O)NC1CNCCC1c1cc(F)cc(Cl)c1,0.7
Cn1c(CC(=O)N2c3ccc(F)cc3CC2CN2CCCC2)nc(N2CCOCC2)cc1=O,0.803
O=C(Cc1nc(N2CCOCC2)cc(=O)[nH]1)Nc1cccc(-c2cccnc2)c1,0.7143
Cc1n[nH]c2cnc(-c3cncc(OCC(N)Cc4cc(C(F)(F)F)cc(C(F)(F)F)c4)c3)cc12,0.85
CNC(=O)CCNc1c(N)ncnc1N1CCC(c2nc(-c3cccc(F)c3)cn2CCN2CCCC2)CC1,0.7
N#Cc1c(N)ncnc1N1CCC(c2nc(-c3ccc(F)cc3)cn2CCN2CCC2)CC1,0.9672
O=C(Cc1nc(N2CCOCC2)cc(=O)[nH]1)N1CCc2c(OCC3CC3)cccc21,0.803
O=C(NC(c1ccc(Cl)c(F)c1)C1CCNCC1)c1cnccc1F,0.7213
Cn1nccc1-c1ccc(C(=O)NC2CNCCC2c2cccc(Cl)c2)s1,0.8154
COc1ccc(-c2ccnn2C)cc1C(=O)NC1CNCCC1c1ccc(F)cc1,0.7015
Cn1c(CC(=O)N2CCc3c2ccc(F)c3F)nc(N2CCOCC2)cc1=O,1
Cn1c(CC(=O)N2CCc3c(-c4ccc(F)nc4)cccc32)nc(N2CCOCC2)cc1=O,0.75
Cn1c(CC(=O)N2CCc3c(F)cccc32)nc(N2CCc3ccccc3C2)cc1=O,0.7385
Cc1cc(-c2cn(CCN3CCCCC3)c(C3CCN(c4ncnc(N)c4C(N)=O)CC3)n2)ccc1F,0.9853
NC1(c2ccc(-c3nc4n(c3-c3ccccc3)COc3ccncc3-4)cc2)CCC1,1
NC(COc1cncc(-c2ccc3[nH]nc(C(F)(F)F)c3c2)c1)Cc1ccccc1,0.7538
O=C(Cc1nc(N2CCOCC2)cc(=O)[nH]1)NCCc1cccc(Cl)c1,0.7097
O=C(Cc1nc(N2CCOCC2)cc(=O)[nH]1)Nc1ccc(Br)cc1F,0.8246
NC1(c2ccc(-c3nc4cccnn4c3-c3ccccc3)cc2)CCC1,0.7
NC1(c2ccc(-c3nc4n(c3-c3ccncc3)COc3ncccc3-4)cc2)CCC1,0.8727
Cn1c(CC(=O)Nc2ccc(-c3ccccc3)c(F)c2)nc(N2CCOCC2)cc1=O,0.7231
Cc1cccc(C)c1NC(=O)Cc1nc(N2CCOCC2)cc(=O)[nH]1,0.7544
CCNCCn1cc(-c2ccnc(F)c2)nc1C1CCN(c2ncnc(N)c2C(N)=O)CC1,0.7073
Cc1c[nH]c2ncnc(N3CCC(N)(CNC(=O)c4ccc(F)cc4Cl)C3)c12,0.8485
Cc1ccc(NC(=O)Cc2nc(N3CCOCC3)cc(=O)[nH]2)cc1C,0.7719
Cn1ncc(Cl)c1-c1ccc(C(=O)NC2CNCCC2c2cncc(Br)c2)cc1,0.7206
NC(COc1cncc(-c2cccc(O)c2)c1)Cc1c[nH]c2ccccc12,0.7143
Cn1ccc(C2CCNCC2NC(=O)c2ccc(-c3ccnn3C)s2)n1,0.7344
Cn1ncc(Cl)c1-c1cc(C(=O)NC2CNCCC2c2ccccc2)ccc1O,0.7059
Cn1ncc(Cl)c1-c1ccc(C(=O)NC2CNCCC2c2cccc(Cl)c2)cc1F,0.7042
CSc1cc(C)c2nc(-c3ccc(C4(N)CCC4)cc3)c(-c3ccccc3)n2n1,0.7069
O=C(NC1CNCCC1c1ccnc(F)c1)c1ccc2c(c1)OCCn1nccc1-2,0.8088
CC(C)(C)C(=O)Nc1nc2ccc(-c3cnc(Cl)c(NS(=O)(=O)c4cccc(F)c4)c3)cc2s1,0.8333
Cn1c(CC(=O)Nc2ccc(F)c(-c3cncc(F)c3)c2)nc(N2CCOCC2)cc1=O,0.7273
CC1CN(c2cc(=O)[nH]c(CC(=O)Nc3cccnc3)n2)CCO1,0.7385
CC1SCc2ncnc(N3CCN(C(=O)C(CN)Cc4ccc(Cl)cc4)CC3)c21,0.8281
Cc1n[nH]c2ccc(-c3cncc(OCC(N)Cc4ccc(Cl)c(F)c4)c3)cc12,1
CN(C)Cc1ccc2nc(-c3ccc(C4(N)CCC4)cc3)c(-c3ccccc3)n2n1,0.7963
NC(COc1cncc(-c2ccc3c(c2)C(=O)CC3)c1)Cc1c[nH]c2ccccc12,0.7206
Cn1c(CC(=O)N2CCc3ccccc32)nc(N2CCCCC2)cc1=O,0.8182
Cc1ccc(-c2cn(CCN(C)C)c(C3CCN(c4ncnc(N)c4C(N)=O)CC3)n2)s1,0.72
O=C(NC(c1ccncc1)C1CCNCC1)c1ccc(Cl)c(Cl)c1,0.7143
Cn1c(CC(=O)Nc2ccc(N3CCOCC3)cc2)nc(N2CCOCC2)cc1=O,0.7414
CCOC(=O)c1c(N)ncnc1N1CCC(c2nc(-c3ccc(F)c(Cl)c3)cn2CCN2CCC2)CC1,0.8182
Cn1nncc1-c1ccc(C(=O)NC2CNCCC2c2ccc(F)c(F)c2)cc1,0.7619
CC1(O)CC(N)(c2ccc(-c3nc4n(c3-c3ccncc3)COc3cccnc3-4)cc2)C1,0.8793
Cn1c(CC(=O)Nc2cc(F)c(F)c(F)c2)nc(N2CCOCC2)cc1=O,0.7458
Cn1c(CC(=O)N2CCc3cc(F)c(F)cc32)nc(N2CCOCC2)cc1=O,1
Cn1ncc(Cl)c1-c1ccc(C(=O)NC2CNCCC2c2cncc(CN)c2)s1,0.7391
Nc1ncnc(N2CCC(c3nc(-c4ccc(CO)nc4)cn3CCN3CCC3)CC2)c1Cl,0.7246
O=C(Cc1nc(N2CCOCC2)cc(=O)[nH]1)N1CCc2c1ccc(Cl)c2CO,0.7581
Cn1c(CC(=O)N2CCc3c(-c4cccs4)cccc32)nc(N2CCOCC2)cc1=O,0.7313
CNCCn1cc(-c2ccc(F)cn2)nc1C1CCN(c2ncnc(N)c2C(N)=O)CC1,0.7237
Cn1nc(-c2cccc3c2CCN3C(=O)Cc2nc(N3CCOCC3)cc(=O)n2C)cc1Cl,0.75
CNCCn1cc(-c2ccnc(F)c2)nc1C1CCN(c2ncnc(N)c2C(N)=O)CC1,0.7973
O=C(NC1CNCCC1c1ccnnc1)c1cc2c(s1)CCCn1nccc1-2,0.7465
O=C(NC1CNCCC1c1cccnc1)c1ccc(-c2cn[nH]c2)o1,0.7419
O=C(Cc1nc(N2CCOCC2)cc(=O)n1CCOc1ccccc1)N1CCc2c(Cl)cccc21,0.7391
CC(C)NCC(Cc1ccc(Cl)cc1)C(=O)N1CCN(c2ncnc3ccccc23)CC1,0.7213
COc1ccc(-c2cc3c(C)nc(N)nc3n(C3CCC(OCO)CC3)c2=O)cn1,1
COc1cc(-c2cn(CCN3CCC3)c(C3CCN(c4ncnc(N)c4Cl)CC3)n2)ccn1,0.7778
NC1(c2ccc(-c3nc4c(Br)cc(C(=O)NC5CC5)cn4c3-c3ccccc3)cc2)CCC1,0.7742
Cn1ncc(Br)c1-c1ccc(C(=O)NC2CNCCC2c2ccc(F)cn2)cc1,0.7059
Cc1cc(-c2cn(CC3CNC3)c(C3CCN(c4ncnc(N)c4Cl)CC3)n2)ccc1F,0.8169
CNCCn1cc(-c2ccc(F)c(C(F)(F)F)c2)nc1C1CCN(c2ncnc(N)c2Cl)CC1,0.8
Cc1cccc(-c2cn(CCN3CCC3)c(C3CCN(c4ncnc(N)c4Cl)CC3)n2)c1,0.7941
NC1(c2ccc(-c3nc4n(c3-c3ccncc3)COc3ccccc3-4)cc2)CCC1,1
COc1ccc(-c2cn(CCN3CCC3)c(C3CCN(c4ncnc(N)c4Cl)CC3)n2)cc1F,0.8
Cn1cc(-c2ccc(F)c(C(F)(F)F)c2)nc1C1CCN(c2ncnc(N)c2Cl)CC1,0.8125
Cc1cc(-c2cn(CCN3CCC3)c(C3CCN(c4ncnc(N)c4Cl)CC3)n2)ccc1F,0.8358
Cc1cc(-c2cn(CCN(C)C)c(C3CCN(c4ncnc(N)c4Cl)CC3)n2)ccc1F,0.8143
Nc1ncnc(N2CCC(c3nc(-c4cccc(CO)c4)cn3CCN3CCCC3)CC2)c1Cl,0.7971
Cn1ncc(Br)c1-c1cc(F)c(C(=O)NC2CNCCC2c2ncc(F)cn2)c(F)c1,0.7424
NC(CCO)COc1cncc(-c2ccc3c(c2)C(=Cc2ccco2)C(=O)N3)c1,0.7826
O=C(Nc1ccc(-c2nnc3n2-c2cccnc2Nc2ccccc2-3)cc1)C1CC1,0.7333
CN(C)CCn1cc(-c2ccc(F)c(F)c2)nc1C1CCN(c2ncnc(N)c2Cl)CC1,0.7794
Cn1ncc(Br)c1-c1cc(F)c(C(=O)NC2CNCCC2c2cnoc2)c(F)c1,0.7612
Cc1cccc(CC(CO)NC(=O)c2cc(Br)c(-c3ccnc4[nH]ccc34)s2)c1,0.7206
COc1ncccc1-c1cc2c(C)nc(N)nc2n(C2CCC(OCO)CC2)c1=O,0.7
Cn1ncc(Cl)c1-c1cc(C(=O)NC(CN)c2ccc(F)c(F)c2)oc1Cl,0.7385
NC1(c2ccc(-c3nc4n(c3-c3ccsc3)COc3ccccc3-4)cc2)CC(O)(C2CC2)C1,0.8226
Cc1cc(-c2cn(CCN3CCCC3)c(C3CCN(c4ncnc(N)c4Br)CC3)n2)ccc1F,0.9688
NC1(c2ccc(-c3nc4ccc(C(=O)CC5CCCC5)nn4c3-c3ccccc3)cc2)CCC1,0.7458
CC1SCc2ncnc(N3CCN(C(=O)C(Cc4ccc(Cl)cc4)NC(=O)C4CCC4)CC3)c21,0.7
NC1(C(=O)NCCc2ccc(Cl)cc2)CCN(c2ncnc3[nH]ccc23)CC1,0.8214
Cc1n[nH]c2ccc(-c3cncc(OCC(N)Cc4ccccc4S(C)(=O)=O)c3)cc12,0.75
O=C(Cc1nc(=O)cc(N2CCOCC2)[nH]1)Nc1ccc(F)cc1F,0.7288
Cn1cc(-c2cn(CCN3CCCC3)c(C3CCN(c4ncnc(N)c4C#N)CC3)n2)cn1,0.7647
Cn1c(CC(=O)N2CCc3cc(F)ccc32)nc(N2CCOCC2)cc1=O,0.7966
Cn1nccc1-c1ccc(C(=O)NC2CNCCC2c2nnc(Cl)o2)cc1F,0.7206
CCCN(C)CCOc1ccc(-c2cn(CCN3CCCC3)c(C3CCN(c4cc(N)ncn4)CC3)n2)cc1F,0.7105
Cc1nsc(C2CCNCC2NC(=O)c2ccc(-c3ccnn3C)cc2F)n1,0.7059
Cc1nc(C2CCNCC2NC(=O)c2ccc(-c3c(Cl)cnn3C)o2)no1,0.7206
Cn1ncc(Br)c1-c1cc(F)c(C(=O)NC2CNCCC2c2cnc(F)c(F)c2)cc1F,0.806
N#Cc1cccc(-c2cn(CCN3CCCC3)c(C3CCN(c4ncnc(N)c4Br)CC3)n2)c1,0.7857
Cc1cc(-c2cn(CC3CNC3)c(C3CCN(c4cc(N)ncn4)CC3)n2)ccc1F,0.726
Cn1c(CC(=O)Nc2cc(F)cc(F)c2)nc(N2CCOCC2)cc1=O,0.7288
NC(COc1cncc(-c2cc3cn[nH]c3cn2)c1)Cc1cccnc1,0.7302
Cc1cc(-c2cn(CC3CCNCC3)c(C3CCN(c4ncnc(N)c4Cl)CC3)n2)ccc1F,0.7105
NC(=O)c1ccc2nc(-c3ccc(C4(N)CCC4)cc3)c(-c3ccccc3)n2n1,1
CC(n1cnnc1-c1nc(NC(=O)c2cc(-n3cnc(C4CC4)c3)c(N3CCC(F)C3)cn2)cs1)C(F)(F)F,0.869
NC1(C(=O)NC(C(=O)c2ccccc2)c2ccc(Cl)cc2)CCN(c2ncnc3[nH]ccc23)CC1,0.7937
COc1nccc(-c2cn(CCN3CCC3)c(C3CCN(c4ncnc(N)c4C(N)=O)CC3)n2)n1,0.7179
O=C(Nc1ccc(-c2nnc3n2-c2cccnc2Nc2ccccc2-3)cc1)c1ccccc1F,0.7667
O=C(Cc1nc(N2CCOCC2)cc(=O)[nH]1)Nc1cccc(Cl)c1,1
Cn1nccc1-c1cc(F)c(C(=O)NC2CNCC2c2ccc(F)c(F)c2)cc1F,0.85
Nc1ncnc(N2CCC(c3nc(-c4ccc(F)nc4)cn3CCN3CCC3)CC2)c1Cl,0.8
Nc1ncnc(N2CCC(c3nc(-c4ccc(Cl)cc4)cn3CCN3CCCC3)CC2)c1Cl,0.8667
O=C(Nc1ccc(-c2nnc3n2-c2cccnc2Nc2ccccc2-3)cc1)c1ccoc1,0.8
NC1(c2ccc(-c3nc4ccc(C(=O)NC5CC5)cn4c3-c3ccccc3)cc2)CCC1,0.7719
Nc1ncnc(N2CCC(c3nc(-c4ccc(F)cc4)cn3CCN3CCCC3)CC2)c1Cl,1
Nc1ncnc(N2CCN(C(=O)C(N)Cc3ccc(Cl)c(Cl)c3)CC2)c1Cl,0.7925
O=C(NC1CNCCC1c1cnns1)c1cc2c(s1)OCCn1ncc(Br)c1-2,0.7333
Cn1nccc1-c1ccc(C(=O)NC2CNCCC2c2ccccn2)s1,0.7344
Cc1nnc(C2CCNCC2NC(=O)c2cc(F)c(-c3c(Cl)cnn3C)cc2F)o1,0.7083
NC1(c2ccc(-c3nc4cccnn4c3-c3ccccc3)cc2)CCC1,0.7
Nc1ncnc(N2CCC(c3nc(-c4cccc(F)c4)cn3CCN3CCCC3)CC2)c1Cl,1
CCc1c(N)ncnc1N1CCC(c2nc(C3CCCCC3)cn2CCN2CCCC2)CC1,0.7121
Cc1cc(-c2cn(CCN(C)C)c(C3CCN(c4ncnc(N)c4F)CC3)n2)ccc1F,0.8382
CC(C)N(C)CCn1cc(-c2ccc(F)c(F)c2)nc1C1CCN(c2ncnc(N)c2Cl)CC1,0.7361
Cc1cccc2c1CCN2C(=O)Cc1nc(N2CCOCC2)cc(=O)n1C,1
Cn1ncc(Cl)c1-c1cc(F)c(C(=O)NC2CNCCC2c2cncc(F)c2)cc1F,0.791
Cn1ncc(Cl)c1-c1ccc(C(=O)NC2CNCCC2c2cn[nH]c2)cc1,0.7273
Cn1ncc(Cl)c1-c1cc(F)c(C(=O)NC2CNCCC2c2ncc(F)cn2)cc1F,0.75
N#Cc1c(N)ncnc1N1CCC(c2nc(C3CC3)cn2CCN2CCCC2)CC1,0.8947
Cc1cc(-c2cn(CCN(C)C)c(C3CCN(c4ncnc(N)c4C#N)CC3)n2)ccc1F,1
Cc1cc(F)nc(C2CCNCC2NC(=O)c2ccc(-c3ccnn3C)cn2)n1,0.7246
CNCCn1cc(-c2cccc(F)c2)nc1C1CCN(c2ncnc(N)c2Cl)CC1,0.7826
Nc1ncnc(N2CCC(c3nc(-c4ccc(F)c(F)c4)cn3CCN3CCCC3)CC2)c1C(=O)N1CCC1,0.7403
Cn1ncc(Cl)c1-c1cc(C(=O)NC(CCN)c2ccc(F)c(F)c2)oc1Cl,0.7015
N#Cc1cccc(C=Cc2cncc(OCC(N)Cc3c[nH]c4ccccc34)c2)c1,0.7302
Cc1cc(-c2cn(CCN3CCCC3)c(C3CCN(c4ncnc(N)c4C(N)=O)CC3)n2)ccc1F,1
Cn1cc(-c2ccc(F)cc2)nc1C1CCN(c2ncnc(N)c2Cl)CC1,0.7258
CC1Cc2cc(Cl)ccc2N1C(=O)Cc1nc(N2CCOCC2)c(F)c(=S)[nH]1,0.7879
O=C(Cc1ccccc1)Nc1ccc(-c2nnc3n2-c2cccnc2Nc2ccccc2-3)cc1,0.75
Cc1ccc(F)c(C2CCNCC2NC(=O)c2ccc(-c3ccnn3C)nc2)n1,0.7463
N#Cc1ccc(-c2cn(CCN3CCCC3)c(C3CCN(c4ncnc(N)c4Cl)CC3)n2)cc1,0.8
Cc1ncc(C2CCNCC2NC(=O)c2ccc(-c3c(Br)cnn3C)s2)cn1,0.7391
Cc1cc(-c2cn(CCN3CCCC3)c(C3CCN(c4ncnc(N)c4Cl)CC3)n2)ccc1F,0.8636
Cc1cc2nc(-c3ccc(C4(N)CCC4)cc3)c(-c3ccccc3)n2cc1Cl,0.7037
Cc1noc(C2CCNCC2NC(=O)c2cc3c(s2)OCCn2nccc2-3)n1,0.7027
NC1(c2ccc(-c3nc4ccc(C(=O)Nc5ccccc5)nn4c3-c3ccccc3)cc2)CCC1,0.8103
NC(COc1cncc(-c2ccc3cncnc3c2)c1)Cc1c[nH]c2ccccc12,0.7742
Cn1ncc(Cl)c1-c1csc(C(=O)NC2CNCCC2c2cncc(F)c2)c1,0.8235
N#Cc1cccc(-c2cn(CCN3CCCC3)c(C3CCN(c4ncnc(N)c4Cl)CC3)n2)c1,0.7857
CC(=O)NCCn1cc(-c2ccc(F)c(C(F)(F)F)c2)nc1C1CCN(c2ncnc(N)c2Cl)CC1,0.7436
Cn1nccc1-c1ccc(C(=O)NC2CNCCC2c2ccncc2)cc1F,0.8361
Nc1ncc(-c2cncc(OCC(N)Cc3c[nH]c4ccccc34)c2)cc1Cl,0.7143
O=C(Nc1cccc(-c2nnc3n2-c2cccnc2Nc2ccccc2-3)c1)c1ccncc1,0.7258
Cn1nccc1-c1ccc(C(=O)NC2CNCCC2c2ccncn2)cc1F,0.7313
CN(CCO)CCn1cc(-c2ccc(F)c(F)c2)nc1C1CCN(c2ncnc(N)c2Br)CC1,0.726
NC(=O)c1c(N)ncnc1N1CCC(c2nc(C(F)(F)F)cn2CCN2CCCC2)CC1,0.7361
CC(C)NCC(C(=O)N1CCN(c2ncnc3c2C(C)CC3)CC1)c1ccc(Cl)cc1,1
Cn1c(CC(=O)Nc2ccc(F)c(F)c2)nc(N2CCCC2)cc1=O,0.7
N#Cc1cc(-c2cn(CCN3CCCC3)c(C3CCN(c4ncnc(N)c4Cl)CC3)n2)ccn1,0.7534
O=C(Nc1ccc(-c2nnc3n2-c2cccnc2Nc2ccccc2-3)cc1)c1c(F)cccc1Cl,0.7077
Cn1c(CC(=O)Nc2ccc(C(F)(F)F)cc2)nc(N2CCOCC2)cc1=O,0.7097
CN(C(=O)c1ccccc1)c1ccc(-c2nnc3n2-c2cccnc2Nc2ccccc2-3)cc1,0.7049
Cn1c(CC(=O)Nc2ccc(F)c(Cl)c2)nc(N2CCOCC2)cc1=O,0.8
CC1Cc2ccccc2N1C(=O)Cc1nc(N2CCOCC2)c(F)c(=O)n1C,0.8095
CNCCn1cc(-c2ccc(F)c(C)c2)nc1C1CCN(c2ncnc(N)c2Cl)CC1,0.7917
CC1CCc2ncnc(N3CCN(C(=O)C(CN(C)C)c4ccc(Cl)cc4)CC3)c21,0.75
COc1ccc(-c2cn(CCN3CCCC3)c(C3CCN(c4ncnc(N)c4Cl)CC3F)n2)cc1,0.7
NC1(c2ccc(-c3nc4n(c3-c3ccccc3)COc3cccnc3-4)cc2)CC(O)(C2CC2)C1,1
Cc1cc(-c2cn(CCN(C)C)c(C3CCN(c4ncnc(N)c4C#N)CC3)n2)ncn1,0.7361
NC(Cc1ccc(Cl)c(Cl)c1)C(=O)N1CCN(c2ncnc3ccccc23)CC1,1
NC(=O)c1cccn2c(-c3ccccc3)c(-c3ccc(C4(N)CCC4)cc3)nc12,1
O=C(Nc1ccc(-c2nnc3n2-c2cccnc2Nc2ccccc2-3)cc1)c1ccccc1C(F)(F)F,0.7302
O=C(Cc1nc(N2CCOCC2)cc(=O)[nH]1)Nc1ccc([N+](=O)[O-])cc1,0.7
Nc1ncnc(N2CCC(c3nc(-c4ccc(F)c(C(F)(F)F)c4)cn3CCNCCO)CC2)c1Br,0.7632
Cc1cc(-c2cn(CCN3CCCC3)c(C3CCN(c4ncnc(N)c4C#N)CC3)n2)ccn1,0.8143
Cn1cc(-c2cn(CCN3CCCC3)c(C3CCN(c4ncnc(N)c4Cl)CC3)n2)ccc1=O,0.7612
CC(n1cnnc1-c1nc(NC(=O)c2cc(-n3cnc(C4CC4)c3)c(N3CCC3)cn2)cs1)C(F)(F)F,0.8902
Cn1nccc1-c1ccc(C(=O)NC2CNCCC2c2cnn(CC3CC3)c2)cc1F,0.7391
N#Cc1cccc(-c2cn(CCN3CCC3)c(C3CCN(c4ncnc(N)c4Cl)CC3)n2)c1,0.7606
O=C(Nc1ccc(-c2nnc3n2-c2cccnc2Nc2ccccc2-3)cc1)Oc1ccccc1,0.75
NC(=O)c1cccc2c(NC(CN3CCC3)c3ccc(Cl)c(C(F)(F)F)c3)ncnc12,1
O=C(Nc1ccc(-c2nnc3n2-c2cccnc2Nc2ccccc2-3)cc1)c1ccccc1Cl,0.7667
N#Cc1c(N)ncnc1N1CCC(c2nc(C3CC3)cn2CCN2CCC2)CC1,0.9286
N#Cc1ncnc(N2CCC(c3nc(-c4ccc(F)c(F)c4)cn3CCN3CCCC3)CC2)c1Cl,0.7826
NC(Cc1ccc(Cl)c(Cl)c1)C(=O)N1CCN(c2ncnc3[nH]ncc23)CC1,0.7213
CC(C)NCC(C(=O)N1CCN(c2ncnc3c2C(C)(C)C(=O)N3)CC1)c1ccc(Cl)cc1,0.7059
N#Cc1c(N)ncnc1N1CCC(c2nc(C3CCCCC3)cn2CCN2CCCC2)CC1,0.9643
Cn1ncc(Cl)c1-c1cc(F)c(C(=O)NC2CNCCC2c2cccnc2)c(F)c1,0.7761
Cn1cc(C2CCNCC2NC(=O)c2c(F)cc(-c3c(Cl)cnn3C)cc2F)cn1,0.7969
Cn1cc(-c2cn(CCN3CCCC3)c(C3CCN(c4ncnc(N)c4Cl)CC3)n2)cn1,0.7538
NC(=O)c1ccc(-c2nnc3n2-c2cccnc2Nc2ccccc2-3)cc1,0.7018
Cn1c(CC(=O)N2CCc3c(F)cccc32)nc(N2CCOCC2)cc1=S,1
NC(Cc1ccc(Cl)cc1)C(=O)N1CCN(c2ncnc3ccccc23)CC1,1
Cc1n[nH]c2ccc(-c3cncc(OCC(N)Cc4ccc(F)c(C(F)(F)F)c4)n3)cc12,0.7391
CNC(=O)c1ccc2nc(-c3ccc(C4(N)CCC4)cc3)c(-c3ccccc3)n2c1,0.8036
NC(=O)CCC(Cc1ccccc1)NC(=O)c1cc(Br)c(-c2ccnc3[nH]ccc23)s1,0.8125
Nc1ncnc(N2CCC(c3nc(-c4ccnc(Cl)c4)cn3CCN3CCCC3)CC2)c1Cl,0.7941
NC1(C(=O)Nc2ccc(Br)cc2)CCN(c2ncnc3[nH]ccc23)CC1,0.7119
Cn1ncc(Cl)c1-c1cc(F)c(C(=O)NC2CNCCC2c2ccncn2)c(F)c1,0.7143
Cc1c(F)cc(-c2cn(CCN3CCC3)c(C3CCN(c4ncnc(N)c4Cl)CC3)n2)cc1F,0.791
Cc1cc(-c2cn(C)c(C3CCN(c4ncnc(N)c4Br)CC3)n2)ccc1F,0.7937
O=C(Nc1ccc(-c2nnc3n2-c2cccnc2Nc2ccccc2-3)cc1)c1cccnc1,0.8596
CNCCn1cc(-c2ccccc2)nc1C1CCN(c2ncnc(N)c2Cl)CC1,0.7286
Cn1c(CC(=O)Nc2ccc(F)c(Br)c2)nc(N2CCCCC2)cc1=O,0.8276
N#Cc1c(N)ncnc1N1CCC(c2nc(-c3ccc(Cl)c(C(F)(F)F)c3)cn2CCN2CCCC2)CC1,0.8514
Cn1c(CC(=O)Nc2cc(F)ccc2F)nc(N2CCOCC2)cc1=O,0.7097
Cn1nccc1-c1cc(F)c(C(=O)NC2CNCCCC2O)cc1F,0.7031
N#Cc1c(N)ncnc1N1CCC(c2nc(Br)cn2CCN2CCCC2)CC1,0.7419
CN(C)CCn1cc(-c2ccnc(F)c2)nc1C1CCN(c2ncnc(N)c2C#N)CC1,0.7945
Cc1cc(-c2cn(CCN3CCCC3)c(C3CCN(c4ncnc(N)c4C#N)CC3)n2)ccc1F,1
N#Cc1cc(F)cc(-c2cn(CCN3CCC3)c(C3CCN(c4ncnc(N)c4Cl)CC3)n2)c1,0.726
Cn1c(CC(=O)Nc2ccc(F)c(F)c2F)nc(N2CCOCC2)cc1=O,0.7097
O=C(Cc1nc(N2CCOCC2)cc(=O)[nH]1)Nc1cccc2cnccc12,0.7077
NC1(C(=O)NCc2ccc(Cl)c(Cl)c2)CCN(c2ncnc3[nH]ccc23)CC1,0.807
Cc1n[nH]c2ccc(-c3cncc(OCC(N)Cc4cc(F)ccc4F)c3)cc12,0.8644
Cn1cc(C2CCNCC2NC(=O)c2ccc(-c3c(Cl)cnn3C)cc2)cn1,0.75
Nc1ncnc(N2CCC(c3nc(-c4ccc(F)cn4)cn3CCN3CCC3)CC2)c1Br,0.7846
NC(=O)NC(Cc1ccc(Cl)cc1)C(=O)N1CCN(c2ncnc3ccccc23)CC1,0.7458
Cc1n[nH]c2ccc(-c3cncc(OCC(N)Cc4c[nH]c5ccccc45)c3)cc12,1
Cc1cccc2c1CCN2C(=O)Cc1nc(N2CCCCC2)cc(=O)n1C,0.8276
Nc1ncnc(N2CCC(c3nc(-c4cnccn4)cn3CCN3CCCC3)CC2)c1Br,0.7015
O=C(Cc1nc(N2CCOCC2)cc(=O)[nH]1)Nc1ccc(F)cc1F,1
Cn1c(CC(=O)N2CCc3c(F)cccc32)nc(N2CCOCC2)c(F)c1=O,0.7188
CNCCn1cc(-c2ccc(OC)c(F)c2)nc1C1CCN(c2ncnc(N)c2Cl)CC1,0.7013
CNC(=O)C(Cc1ccccc1)NC(=O)c1cc(Br)c(-c2ccnc3[nH]ccc23)s1,0.7612
Cn1c(CC(=O)Nc2c(F)cc(F)cc2Br)nc(N2CCOCC2)cc1=O,0.7143
NC(=O)c1ccnn2c(-c3ccccc3)c(-c3ccc(C4(N)CCC4)cc3)nc12,1
Cn1ncc(Cl)c1-c1cc(C(=O)NC2(c3ccccc3)CCNCC2)oc1Cl,0.8333
Cc1nc(C2CCNCC2NC(=O)c2ccc(-c3ccnn3C)s2)cs1,0.7121
Cn1c(CC(=O)Nc2cc(Br)ccc2F)nc(N2CCOCC2)cc1=O,0.7419
NC1(c2ccc(-c3nc4ccccn4c3-c3ccccc3)cc2)CCC1,0.7347
COc1cc(-c2cn(CCN3CCCC3)c(C3CCN(c4ncnc(N)c4C(N)=O)CC3)n2)ccc1F,0.9718
Cn1cc(C2CCNCC2NC(=O)c2ccc(-c3ccnn3C)nc2)cn1,0.75
CC(C)NCC(C(=O)N1CCN(c2ncnc3[nH]nc(Br)c23)CC1)c1ccc(Cl)cc1,0.8667
Cc1cc(-c2cn(CCNCC3CC3)c(C3CCN(c4ncncc4C)CC3)n2)ccc1F,0.7273
Cc1cc(-c2cn(CCN3CCCC3)c(C3CCN(c4cc(N)ncn4)CC3)n2)ccc1F,0.8571
Cn1c(CC(=O)N2CCCc3ccccc32)nc(N2CCOCC2)cc1=O,0.8909
COc1cccc2c1CCN2C(=O)Cc1nc(N2CCOCC2)cc(=O)n1C,0.8154
COc1cccc(C2CCNCC2NC(=O)c2ccc(-c3c(Cl)cnn3C)s2)n1,0.7143
Cn1cc(C2CCNCC2NC(=O)c2cc(F)c(-c3c(Br)cnn3C)cc2F)cn1,0.803
Cn1ccc(-c2cn(CCN3CCCC3)c(C3CCN(c4ncnc(N)c4Cl)CC3)n2)c1,0.7692
CC(=O)c1cc(-c2cn(CCN3CCC3)c(C3CCN(c4ncnc(N)c4Cl)CC3)n2)ccc1F,0.7778
COc1ccccc1CNC(=O)c1cccn2c(-c3ccccc3)c(-c3ccc(C4(N)CCC4)cc3)nc12,0.7059
N#Cc1ccc(-c2cn(CCN3CCC3)c(C3CCN(c4ncnc(N)c4Cl)CC3)n2)cc1F,0.8
NC1(C(=O)NC(CCN2CCCCC2)c2ccc(Cl)cc2)CCN(c2ncnc3[nH]ccc23)CC1,1
COc1cc(-c2cn(CCN3CCCC3)c(C3CCN(c4ncnc(N)c4Cl)CC3)n2)ccn1,0.7534
Cn1c(CC(=O)Nc2ccc(F)cc2)nc(N2CCOCC2)cc1=O,0.7759
Cn1c(CC(=O)Nc2ccc(F)c(C3CC3)c2)nc(N2CCOCC2)cc1=O,1
Cc1cc(-c2cn(CCN3CCCC3)c(C3CCN(c4ncnc(N)c4Cl)CC3F)n2)ccc1F,0.8133
CC(=O)c1cc(-c2cn(CCN3CCCC3)c(C3CCN(c4cc(N)ncn4)CC3)n2)ccn1,0.7
NC1(c2ccc(-c3nc4ccc(CO)nn4c3-c3ccccc3)cc2)CCC1,0.8235
Cn1cc(-c2cccc(Cl)c2)nc1C1CCN(c2ncnc(N)c2C#N)CC1,0.7536
COc1ccccc1-c1cn(CCN2CCCC2)c(C2CCN(c3ncnc(N)c3Cl)CC2)n1,0.7
Cn1nccc1-c1ccc(C(=O)NC2CNCCC2c2nccs2)c(F)c1,0.7385
Cc1cc(F)nc(C2CCNCC2NC(=O)c2ccc(-c3ccnn3C)s2)n1,0.7101
O=C(NCc1ccc(-c2nnc3n2-c2cccnc2Nc2ccccc2-3)cc1)c1ccccc1,0.75
NC1(C(=O)NC(Cc2ccccc2)C(=O)O)CCN(c2ncnc3[nH]ccc23)CC1,0.7273
Cc1sc(C2CCNCC2NC(=O)c2cc(F)c(-c3c(Cl)cnn3C)cc2F)cc1F,0.7183
Cn1nccc1-c1cc(F)c(C(=O)NC2CNCCC2Cl)c(F)c1,0.7213
Cn1cc(C2CCNCC2NC(=O)c2ccc(-c3ccnn3C)s2)cn1,0.7742
CC1Cc2cc(F)cc(F)c2N1C(=O)Cc1nc(N2CCOCC2)cc(=O)n1C,0.7538
Cn1nccc1-c1cc(F)c(C(=O)NC2CCNC2)c(F)c1,0.7
Cn1ncc(Br)c1-c1ccc(C(=O)NC2CNCCC2c2cccnc2)s1,0.7681
NC(=O)c1ccn2c(-c3ccccc3)c(-c3ccc(C4(N)CCC4)cc3)nc2c1,0.75
N#Cc1c(N)ncnc1N1CCC(c2nc(-c3ccc(F)c(F)c3)cn2CCN2CCCC2)CC1,1
Cn1nccc1-c1cc(F)c(C(=O)NC2CNCCC2c2cncc(F)c2)cc1F,0.8254
O=C(NC(Cc1ccc(Cl)cc1)C(=O)N1CCN(c2ncnc3ccccc23)CC1)c1ccccc1,0.7167
NC1(C(=O)NC(CS)c2ccc(Cl)cc2)CCN(c2ncnc3[nH]ncc23)CC1,0.8387
O=C(NC(c1ccc(Cl)c(Cl)c1)C1CCNCC1)c1cccnc1,0.7241
CNc1ccc(-c2cn(CCN3CCCC3)c(C3CCN(c4ncnc(N)c4Br)CC3)n2)cc1F,0.8261
Cc1n[nH]c2ccc(-c3cncc(OCC(N)Cc4ccc(F)c(F)c4)c3)cc12,0.8793
N#Cc1cc(CCC(NC(=O)C2(N)CCN(c3ncnc4[nH]ccc34)CC2)c2ccc(Cl)cc2)ccc1F,0.7397
CN(C)CCn1cc(C2CC2)nc1C1CCN(c2ncnc(N)c2C#N)CC1,0.7031
Nc1ncnc(N2CCC(c3nc(-c4ccnc(F)c4)cn3CCN3CCCC3)CC2)c1Cl,0.8333
NC(=O)C(Cc1ccccc1)NC(=O)c1cc(Br)c(-c2ccnc3[nH]ccc23)s1,0.7778
O=C(Nc1ccc(-c2nnc3n2-c2cccnc2Nc2ccccc2-3)c(Cl)c1)c1ccccc1,0.7667
NC1(c2ccc(-c3nc4ccc(C(=O)NCc5ccc(F)cc5)nn4c3-c3ccccc3)cc2)CCC1,0.7576
NC(=O)c1cc(-c2cn(CC3CNC3)c(C3CCN(c4ncnc(N)c4Cl)CC3)n2)ccc1F,0.7632
Cn1c(CC(=O)N2CCc3c(F)cccc32)nc(N2CCCCC2)cc1=O,0.8305
O=C(Cc1nc(N2CCOCC2)cc(=O)[nH]1)Nc1ccc(F)cc1,0.8269
N#Cc1ccc(-c2cn(CCN3CCCC3)c(C3CCN(c4ncnc(N)c4C#N)CC3)n2)cc1,0.8594
Cn1c(CC(=O)N2CCc3ccccc32)nc(N2CCCCC2)cc1=O,0.8182
CCc1c(N)ncnc1N1CCC(c2nc(-c3cccnn3)cn2CCN2CCC2)CC1,0.7027
Cc1cc(C)nc(C2CCNCC2NC(=O)c2ccc(-c3ccnn3C)nc2)n1,0.7121
Cn1cc(-c2cccn3c(-c4ccccc4)c(-c4ccc(C5(N)CCC5)cc4)nc23)cn1,0.7049
NC(COc1cncc(-c2ccc3cnccc3c2)c1)Cc1c[nH]c2ccccc12,1
Cn1ncc(Cl)c1-c1cc(F)c(C(=O)NC2CNCCC2c2cncc(F)c2)c(F)c1,0.7846
NC(COc1cncc(-c2ccc3c(c2)C(c2cccnc2)C(=O)N3)c1)Cc1c[nH]c2ccccc12,1
CC1Cc2ccc(Br)cc2N1C(=O)Cc1nc(N2CCOCC2)cc(=O)n1C,0.7903
CN(C)CCn1cc(-c2ccccc2F)nc1C1CCN(c2ncnc(N)c2Br)CC1,0.7027
CNCCn1cc(-c2ccc(F)c(F)c2)nc1C1CCN(c2ncnc(N)c2Cl)CC1,0.7794
Cn1c(CC(=O)Nc2cccc(Br)c2)nc(N2CCOCC2)cc1=O,0.7377
CN(C)CCNC(=O)c1ccc2nc(-c3ccc(C4(N)CCC4)cc3)c(-c3ccccc3)n2c1,0.7031
N#Cc1cc(-c2cn(CCN3CCCC3)c(C3CCN(c4ncnc(N)c4Cl)CC3)n2)ccc1F,0.8261
O=C(NC(c1ccc(F)c(Cl)c1)C1CNC1)c1ccc2cnccc2c1,0.8393
NC1(c2ccc(-c3nc4n(c3-c3ccccc3)COc3cnccc3-4)cc2)CCC1,1
Cc1cc(-c2cn(CCN3CCCC3)c(C3CCN(c4ncnc(N)c4Cl)CC3)n2)ccn1,0.7857
N#Cc1c(N)ncnc1N1CCC(c2nc(-c3cc(F)ccn3)cn2CCN2CCCC2)CC1,0.8
Cc1cc(F)cc(C2CCNCC2NC(=O)c2ccc(-c3ccnn3C)s2)n1,0.7143
Cc1n[nH]c2ccc(-c3cncc(OCC(N)Cc4c(F)ccc(F)c4F)c3)cc12,0.8596
CC1C(=O)Nc2ncnc(N3CCC(c4nc(-c5ccccc5)ccc4NCCN4CCCC4)CC3)c21,0.8108
Cc1c[nH]c2ncnc(N3CCC(N)(CNC(=O)c4cccc(F)c4)C3)c12,1
NC(=O)c1c(N)ncnc1N1CCC(c2nc(-c3ccnc(C(F)(F)F)c3)nn2CCN2CCCC2)CC1,0.7215
CN(C)CCn1cc(-c2ccc(F)c(F)c2)nc1C1CCN(c2ncnc(N)c2Br)CC1,0.8406
O=C(Cc1nc(N2CCOCC2)cc(=O)[nH]1)Nc1ccc(F)c(F)c1,1
Cn1cc(-c2ccnc(F)c2)nc1C1CCN(c2ncnc(N)c2Br)CC1,0.7231
Cn1ncc(Cl)c1-c1cc(F)c(C(=O)NC2CNCCC2F)c(F)c1,0.7302
Cc1nc(N)nc2c1cc(-c1ccn(C)c1)c(=O)n2C1CCC(OCC(N)=O)CC1,0.7143
COc1cc(-c2cn(CCN3CCCC3)c(C3CCN(c4ncnc(N)c4C#N)CC3)n2)ccc1F,0.9714
NC1(C(=O)NCc2ccc(Cl)cc2Cl)CCN(c2ncnc3[nH]ccc23)CC1,0.7797
Cn1c(CC(=O)N2CCCc3c(Cl)cccc32)nc(N2CCOCC2)cc1=O,0.8983
N#Cc1c(N)ncnc1N1CCC(c2nc(CCC(F)(F)F)cn2CCN2CCCCC2)CC1,0.7015
CC1SCc2ncnc(N3CCN(C(=O)C(Cc4ccc(Cl)cc4)NC(=O)c4ccncc4)CC3)c21,0.7101
Cn1c(CC(=O)Nc2cccc(F)c2)nc(N2CCOCC2)cc1=O,0.7377
Cn1ncc(Br)c1-c1cc(F)c(C(=O)NC2CNCCC2c2ncccn2)c(F)c1,0.7424
Cn1nccc1-c1ccc(C(=O)NC2CCNCC2c2cncc(F)c2)nc1,0.75
Cc1nc(C(N)=O)cn2c(-c3ccccc3)c(-c3ccc(C4(N)CCC4)cc3)nc12,0.7797
NC1(c2ccc(-c3nc4cc(F)ccn4c3-c3ccccc3)cc2)CCC1,1
CC(=O)Nc1ccc(-c2nnc3n2-c2cccnc2Nc2ccccc2-3)cc1,0.7857
N#Cc1c(N)ncnc1N1CCC(c2nc(-c3nccs3)cn2CCN2CCCC2)CC1,0.7083
Cn1c(CC(=O)Nc2cc(Cl)cc(Cl)c2)nc(N2CCOCC2)cc1=O,0.7
Cn1c(CC(=O)Nc2ccc(F)c(Br)c2)nc(N2CCOCC2)cc1=O,1
O=C(Nc1ccc(-c2nnc3n2-c2cccnc2Nc2ccccc2-3)cc1)NC1CC1,0.7097
Cn1nccc1-c1ccc(C(=O)NC2CNCCC2Cl)c(Cl)c1,0.7258
Cn1c(CC(=O)Nc2ccc(N3CCOCC3)cc2)nc(N2CCOCC2)cc1=O,0.7414
NC1(c2ccc(-c3nc4c(C(=O)NCCc5ccccc5)cccn4c3-c3ccccc3)cc2)CCC1,0.7097
NC1(c2ccc(-c3nc4c(Br)cccn4c3-c3ccccc3)cc2)CCC1,1
NC(COc1cncc(-c2ccc3c(c2)C(=O)C(=O)N3)c1)Cc1ccccc1,0.7143
Cc1cc(-c2cn(CCNCC3CC3)c(C3CCN(c4ncncc4F)CC3)n2)ccc1F,0.7273
Cn1cc(-c2ccc(F)c(C#N)c2)nc1C1CCN(c2ncnc(N)c2Br)CC1,0.7576
Cn1cc(-c2cn(CCN3CCC3)c(C3CCN(c4ncnc(N)c4Cl)CC3)n2)cc1Cl,0.7183
CCn1cc(C2CCNCC2NC(=O)c2ccc(-c3ccnn3C)nc2)cn1,0.7059
Cn1c(CC(=O)N2CCc3c(F)cccc32)nc(N2CCOCC2)cc1=NC1CCCCC1,0.7143
Cc1n[nH]c2ncc(-c3cncc(OCC(N)Cc4c(F)cccc4F)c3)cc12,0.7966
O=C(NCCc1ccccc1)Nc1ccc(-c2nnc3n2-c2cccnc2Nc2ccccc2-3)cc1,0.7031
NC(=O)c1c(N)ncnc1N1CCC(c2nc(-c3ccnc(C4CC4)c3)cn2CCN2CCCC2)CC1,0.9692
Nc1ncnc(N2CCC(c3nc(-c4ccc(F)c(Cl)c4)cn3CCN3CCCC3)CC2)c1Br,1
Cn1nccc1-c1ccc(C(=O)NC2CNCCC2c2cncc(F)c2)s1,0.8154
CC(C)c1cc(-c2cn(CCN3CCC3)c(C3CCN(c4ncnc(N)c4Cl)CC3)n2)ccn1,1
CC(N)c1cc(Cl)cn2c(-c3ccccc3)c(-c3ccc(C4(N)CCC4)cc3)nc12,0.7544
NC1(c2ccc(-c3nnc4n3-c3cccnc3Nc3ccccc3-4)cc2)CCC1,1
NC1(C(=O)NCc2cccc(F)c2)CCN(c2ncnc3[nH]ccc23)CC1,0.7213
NC(=O)c1ccc2nc(-c3ccc(C4(N)CCC4)cc3)c(-c3ccccc3)n2c1,1
Cn1nccc1-c1cc(F)c(C(=O)NC2CNCCC2c2nccs2)c(F)c1,0.7231
Cn1nccc1-c1cc(F)c(C(=O)NC2CNCCC2c2ccc(F)cn2)cc1F,0.8125
COc1nccn2c(-c3ccccc3)c(-c3ccc(C4(N)CCC4)cc3)nc12,0.7069
O=C(NC1CNCCC1c1ccsc1)c1cc2c(s1)OCCn1nccc1-2,0.7826
CCn1cc(-c2cn(CCN3CCCC3)c(C3CCN(c4ncnc(N)c4C#N)CC3)n2)cn1,0.7222
Cn1nccc1-c1cc(F)c(C(=O)NC2CNCCC2c2cncc(F)n2)c(F)c1,0.7015
Cn1nccc1-c1cc(C(=O)NC2CNCCC2c2ccc(F)nc2)ccc1F,0.7206
NC1(C(=O)NCc2ccc(F)cc2)CCN(c2ncnc3[nH]ccc23)CC1,0.8182
N#Cc1c(N)ncnc1N1CCC(c2nc(-c3cccc(F)c3)cn2CCN2CCCC2)CC1,1
CCCC(=O)Nc1ccc(-c2nnc3n2-c2cccnc2Nc2ccccc2-3)cc1,0.7213
O=C(Cc1nc(N2CCOCC2)c(Br)c(=O)[nH]1)Nc1cccc(Br)c1,0.7167
Cn1nccc1-c1ccc(C(=O)NC2CNCCC2c2cccnc2)cc1F,0.7846
Cn1ncc(Br)c1-c1ccc(C(=O)NC2CNCCC2c2cncnc2)cc1,0.75
Cn1c(CC(=O)Nc2ccc(F)c(F)c2)nc(N2CCOCC2)cc1=O,0.8421
COc1cccc2c1CC(C)N2C(=O)Cc1nc(N2CCOCC2)cc(=O)n1C,0.8
Nc1ncnc(N2CCC(c3nc(C(F)(F)F)cn3CCN3CCCC3)CC2)c1Cl,0.7206
Cn1c(CC(=O)N2CCc3ccc(F)cc32)nc(N2CCOCC2)cc1=O,0.7966
CNCCn1cc(-c2ccnc(F)c2)nc1C1CCN(c2ncnc(N)c2Cl)CC1,0.8143
NC1(c2ccc(-c3nc4n(c3-c3ccsc3)COc3cnccc3-4)cc2)CCC1,0.7833
NC(COc1cncc(-c2ccc3c(c2)CC(=O)N3)c1)Cc1c[nH]c2ccccc12,1
O=C(Nc1ccc(-c2nnc3n2-c2cccnc2Nc2ccccc2-3)cc1)c1ccco1,0.7667
COc1ccc(-c2cn(CCN3CCC3)c(C3CCN(c4ncncc4F)CC3)n2)cc1F,0.7237
CC(C)n1cnnc1-c1nc(NC(=O)c2cc(-n3cnc(C4CC4)c3)c(N3CCC(CCCF)CC3)cn2)cs1,0.7391
Cn1ccc(C2CCNCC2NC(=O)c2cc(F)c(-c3c(Cl)cnn3C)cc2F)n1,0.7429
COc1cccc(-c2cn(CCN3CCCC3)c(C3CCN(c4ncnc(N)c4Cl)CC3)n2)c1,0.7857
CCc1ccc(C2CCNCC2NC(=O)c2cc(-c3c(Cl)cnn3C)c(Cl)o2)cn1,0.7826
Cn1ncc(Cl)c1-c1cc(C(=O)NC2CNCCC2c2cncc(F)c2)oc1Cl,0.7826
Cn1ncc(Br)c1-c1ccc(C(=O)NC2CNCCC2c2ccc(F)cn2)s1,0.7324
NC(CNC(=O)c1cc(Br)c(-c2ccnc3[nH]ccc23)s1)Cc1ccccc1,0.7778
NC1(c2ccc(-c3nc4c(C(=O)NCc5ccccc5)cccn4c3-c3ccccc3)cc2)CCC1,0.7333
NC(Cc1cc(F)c(F)cc1F)C(=O)N1CCN(c2ncnc3ccccc23)CC1,0.7759
CN(C)c1cccc(-c2cn(CCN3CCCC3)c(C3CCN(c4ncnc(N)c4Cl)CC3)n2)c1,0.7857
N#Cc1c(N)ncnc1N1CCC(c2nc(-c3ccncn3)cn2CCN2CCCC2)CC1,0.7391
NC1(C(=O)NCc2ccc(F)c(F)c2F)CCN(c2ncnc3[nH]ccc23)CC1,0.7049
Cn1ncc(Br)c1-c1cc(F)c(C(=O)NC2CNCCC2c2cncc(F)c2)cc1F,0.791
Nc1ncnc(N2CCC(c3nc(-c4cc(F)cc(F)c4)cn3CCN3CCCC3)CC2)c1Cl,0.8438
NC1(c2ccc(-c3nnc4n3-c3cccnc3Nc3ncccc3-4)cc2)CCC1,0.8235
Cn1c(CC(=O)N2CCc3ccccc32)nc(N2CCOCC2)cc1=O,1
NC1(c2ccc(-c3nc4ccc(C(=O)NCCN5CCOCC5)nn4c3-c3ccccc3)cc2)CCC1,0.7246
C=Cc1c(N)ncnc1N1CCC(c2nc(C3CCCCC3)cn2CCN2CCCC2)CC1,0.7164
NC1(c2ccc(-c3nc4n(c3-c3ccncc3)COc3ccncc3-4)cc2)CCC1,0.8889
NC(=O)c1cccc(-c2cn(CCN3CCC3)c(C3CCN(c4ncnc(N)c4Cl)CC3)n2)c1,0.7606
O=C(Cc1nc(N2CCOCC2)cc(=O)n1-c1ccccc1)N1CCc2ccccc21,1
N#Cc1c(N)ncnc1N1CCC(c2nc(-c3ccccn3)cn2CCN2CCCC2)CC1,0.7391
Cc1cc(-c2cn(CC3CNC3)c(C3CCN(c4ncncc4C#N)CC3)n2)ccc1F,0.75
COc1ccc(-c2cn(CCN3CCCC3)c(C3CCN(c4ncnc(N)c4Cl)CC3)n2)cc1F,0.8261
NC1(C(=O)NCc2ccc(Br)cc2)CCN(c2ncnc3[nH]ccc23)CC1,0.8182
Cn1c(CC(=O)N2CCc3c(C#N)cccc32)nc(N2CCOCC2)cc1=O,0.7903
CC1Cc2ccc(F)cc2N1C(=O)Cc1nc(N2CCOCC2)c(F)c(=O)n1C,0.871
Cn1ncc(Cl)c1-c1ccc(C(=O)NC2CNCCC2c2cncc(F)c2)nc1,0.7
Cn1nccc1-c1ccc(C(=O)NC2CNCCC2c2cc(CF)on2)cc1F,0.7
CSc1cc(-c2cn(CCN3CCC3)c(C3CCN(c4ncnc(N)c4Cl)CC3)n2)ccn1,0.7778
CNc1cccc(-c2cn(CCN3CCCC3)c(C3CCN(c4ncnc(N)c4Cl)CC3)n2)c1,0.7857
CC(=O)c1cc(-c2cn(CCN3CCC3)c(C3CCN(c4ncnc(N)c4Cl)CC3)n2)ccn1,0.7671
NC(Cc1cc(F)ccc1F)C(=O)N1CCN(c2ncnc3ccccc23)CC1,0.75
O=C(Nc1ccc(-c2nnc3n2-c2cccnc2Nc2ccccc2-3)cc1)c1c(F)cccc1F,0.7667
Cc1ccc2nc(-c3ccc(C4(N)CCC4)cc3)c(-c3ccccc3)n2n1,0.7755
O=C(Nc1ccc(-c2nnc3n2-c2cccnc2Nc2ccccc2-3)cc1)c1ccno1,0.7667
CNCC(Nc1ncnc2c(C(N)=O)ccnc12)c1ccccc1,0.8039
NC(=O)c1c(N)ncnc1N1CCC(c2nc(-c3ccc(F)cn3)cn2CCN2CCCC2)CC1,0.7105
Cc1cc(-c2cn(CCCN3CCCC3)c(C3CCN(c4ncnc(N)c4Cl)CC3)n2)ccc1F,0.7857
O=C(NC(c1ccc(Cl)c(F)c1)C1CCNCC1)c1ccnnc1,0.7213
N#Cc1cc(F)cc(-c2cn(CCN3CCCC3)c(C3CCN(c4ncnc(N)c4Br)CC3)n2)c1,0.75
Nc1ncnc(N2CCC(c3nc(-c4ccc(CO)c(F)c4)cn3CCN3CCCC3)CC2)c1Cl,0.8382
Cn1nccc1-c1ccc(C(=O)NC2CNCCC2c2ccccn2)c(F)c1,0.7385
N#Cc1c(N)ncnc1N1CCC(c2nc(C3CCCC3)cn2CCN2CCCC2)CC1,0.9464
CC1Cc2c(Br)cc(Br)cc2N1C(=O)Cc1nc(N2CCOCC2)cc(=O)n1C,0.8095
Cc1ccc(-c2cn(CCN3CCCC3)c(C3CCN(c4ncnc(N)c4Cl)CC3)n2)cc1F,0.8636
Cc1cc(-c2cn(CCN3CCC3)c(C3CCN(c4ncnc(N)c4Cl)CC3)n2)ccn1,0.8116
NCCC(NC(=O)c1cc(Br)c(-c2ccnc3[nH]ccc23)s1)c1ccccc1,1
CN(C)CCn1cc(-c2ccc(Cl)c(F)c2)nc1C1CCN(c2ncnc(N)c2Cl)CC1,0.7027
Cn1cc(-c2cn(CCN3CCC3)c(C3CCN(c4ncnc(N)c4C#N)CC3)n2)cn1,0.7429
Cn1nccc1-c1ccc(C(=O)NC2CNCCC2c2ncccn2)s1,0.7419
Cn1cc(C2CCNCC2NC(=O)c2cc(F)c(-c3ccnn3C)cc2F)cn1,0.8095
NC1(c2ccc(-c3nc4c(Cl)nccn4c3-c3ccccc3)cc2)CCC1,0.7308
NC1(c2ccc(-c3nc4ccc(C(=O)NCc5ccco5)nn4c3-c3ccccc3)cc2)CCC1,0.7463
NC1(C(=O)NC(CO)c2ccccc2)CCN(c2ncnc3[nH]ccc23)CC1,0.7857
NC1(c2ccc(-c3c(-c4ccccc4)nc4cc(Cl)ccn34)cc2)CCC1,0.7647
CN(C)CC(=O)Nc1ccc(-c2nnc3n2-c2cccnc2Nc2ccccc2-3)cc1,0.7097
Cn1c(CC(=O)Nc2ccc(F)c(C3CC3)c2)nc(N2CCCC2)cc1=O,0.85
O=C(Nc1ccc(-c2nnc3n2-c2cccnc2Nc2ccccc2-3)cc1)c1ccc(F)cc1,0.8596
NC1(C(=O)NCc2c(F)cccc2F)CCN(c2ncnc3[nH]ccc23)CC1,0.7
CCOC(=O)Nc1ccc(-c2nnc3n2-c2cccnc2Nc2ccccc2-3)cc1,0.7213
Cc1n[nH]c2ccc(-c3cncc(OCC(C)NCc4cccc(F)c4)c3)cc12,0.7231
Cn1nccc1-c1ccc(C(=O)NC2CNCCC2c2cncc(F)c2)cc1F,0.8548
Cc1n[nH]c2ccc(-c3cncc(OCC(N)Cc4cc(F)cc(F)c4F)c3)cc12,0.8333
COc1cc(-c2cn(CCN3CCCC3)c(C3CCN(c4ncnc(N)c4Cl)CC3)n2)ccc1F,0.8261
CC(CCO)n1cnnc1-c1nc(NC(=O)c2cc(-n3cnc(C4CC4)c3)c(N3CC4CC4C3)cn2)cs1,0.8095
N#Cc1c(Cl)ncnc1N1CCC(c2nc(C3CC3)cn2CCN2CCCC2)CC1,0.7143
O=C(NC1(c2ccc(-c3nnc4n3-c3cccnc3Nc3ccccc3-4)cc2)CCC1)C1CCC1,0.7612
Cc1ccnc(C2CCNCC2NC(=O)c2cc(F)c(-c3c(Br)cnn3C)cc2F)n1,0.7123
CC#CC(=O)Nc1ccc(-c2nnc3n2-c2cccnc2Nc2ccccc2-3)cc1,0.7213
CS(=O)(=O)c1ccc(-c2cn(CCN3CCCCC3)c(C3CCN(c4ncnc(N)c4Cl)CC3)n2)cc1F,0.7917
Cn1nccc1-c1ccc(C(=O)NC2CNCCC2c2cccc(F)n2)nc1,0.75
N#Cc1cc(Cl)cc(-c2cn(CCN3CCCC3)c(C3CCN(c4ncnc(N)c4C#N)CC3)n2)c1,0.8028
O=C(Cc1nc(N2CCOCC2)cc(=O)[nH]1)Nc1cccc(C(=O)NCc2ccc(Cl)cc2)c1,0.7273
Cc1cc(-c2cn(CCN3CCCC3)c(C3CCN(c4ncnc(N)c4-c4cccc(CO)n4)CC3)n2)ccc1F,0.7215
NC(=O)c1c(N)ncnc1N1CCC(c2nc(C3CC3)cn2CCN2CCC2)CC1,0.7612
CC(C)(C)c1ccc(CC(N)C(=O)N2CCN(c3ncnc4ccccc34)CC2)cc1,0.8214
NC1(C(=O)NC(CCCN2CCCCC2)c2ccc(Cl)cc2)CCN(c2ncnc3[nH]nc(Cl)c23)CC1,0.7432
Cn1c(CC(=O)Nc2cc(F)c(F)c(F)c2)nc(N2CCOCC2)cc1=O,0.7458
COc1ccc(-c2cn(CCN3CCCC3)c(C3CCN(c4ncnc(N)c4Cl)CC3)n2)cc1,0.8
Cc1n[nH]c2ccc(-c3cncc(OCC(N)Cc4ccccc4)c3)cc12,0.8214
Cn1c(CC(=O)N2CCc3c(F)cccc32)nc(N2CCCC2)cc1=O,0.8448
NC(Cc1ccc(C(F)(F)F)cc1)C(=O)N1CCN(c2ncnc3[nH]ncc23)CC1,0.7167
Cn1ncc(Cl)c1-c1cc(F)c(C(=O)NC2CNCCC2c2ncon2)cc1F,0.7083
Nc1ncnc(N2CCN(C(=O)C(N)Cc3ccc(Cl)c(F)c3)CC2)c1Cl,0.75
COc1c(F)cc(-c2cn(CCN3CCCC3)c(C3CCN(c4ncnc(N)c4Cl)CC3)n2)cc1Cl,0.75
O=C(Cc1nc(N2CCOCC2)cc(=O)[nH]1)Nc1ccccc1N1CCCCC1,0.7015
CC(C)CC(=O)Nc1ccc(-c2nnc3n2-c2cccnc2Nc2ccccc2-3)cc1,0.7097
NC(=O)CCC(NC(=O)c1cc(Br)c(-c2ccnc3[nH]ccc23)s1)c1ccccc1,0.8387
NC(=O)c1c(N)ncnc1N1CCC(c2nc(-c3ccnc(C(F)(F)F)c3)cn2CCN2CCCC2)CC1,0.971
NC(Cc1ccccc1)C(=O)N1CCN(c2ncnc3ccccc23)CC1,0.8431
Nc1ncnc(N2CCC(c3nc(-c4ccc(F)c(F)c4)cn3CCN3CCCC3)CC2)c1Cl,1
CC1Cc2c(Cl)cccc2N1C(=O)Cc1nc(N2CCOCC2)c(F)c(=O)n1C,1
O=C(Cc1nc(N2CCOCC2)cc(=O)[nH]1)Nc1cc(O)ccc1Cl,0.7
Cn1cc(-c2cn(CCN3CCC3)c(C3CCN(c4ncnc(N)c4Cl)CC3)n2)cc1Br,0.7083
Cn1c(CC(=O)N2CCc3c2ccc(F)c3F)nc(N2CCCC2)cc1=O,0.8448
CCc1ccc(NC(=O)Cc2nc(N3CCOCC3)cc(=O)n2C)cc1,0.7049
Cn1ccnc1C1CCNCC1NC(=O)c1cc(F)c(-c2c(Cl)cnn2C)cc1F,0.7286
Cn1ncc(Br)c1-c1cc(F)c(C(=O)NC2CNCCC2c2ncon2)cc1F,0.7083
CN(C)CCn1cc(-c2cnc(F)c(F)c2)nc1C1CCN(c2ncnc(N)c2Cl)CC1F,0.7763
Cn1c(CC(=O)N2CCc3ccc(C(F)(F)F)cc32)nc(N2CCOCC2)cc1=O,0.7419
NC(=O)c1c(N)ncnc1N1CCC(c2nc(-c3cncc(Cl)c3)cn2CCNCC2CC2)CC1,0.725
O=C(Nc1ccc(-c2nnc3n2-c2cccnc2Nc2ccccc2-3)cc1)C1CCCC1,0.7097
Cn1nccc1-c1ccc(C(=O)NC2CNCCC2c2c[nH]cn2)s1,0.7344
O=C(NC(c1ccc(Cl)c(F)c1)C1CCNCC1)c1cncc(F)c1,0.7049
O=C(Cc1nc(N2CCCCC2)cc(=O)[nH]1)Nc1cccc(Br)c1,0.8182
CCNCCn1cc(-c2ccc(F)c(C(F)(F)F)c2)nc1C1CCN(c2ncnc(N)c2Cl)CC1,0.7848
COc1ncc(-c2cc3c(C)nc(N)nc3n(C3CCC(OCCO)C3)c2=O)cc1F,0.8028
NC1(c2ccc(-c3nnc4n3-c3cccnc3Nc3ccccc3-4)cc2)CCCCC1,0.94
Cn1ncc(Cl)c1-c1cc(C(=O)NC2CNCCC2c2cnccn2)oc1Cl,0.75
O=C(Nc1ccc(-c2nnc3n2-c2cccnc2Nc2ccccc2-3)cc1)c1cc(F)ccc1F,0.7188
Cn1c(CC(=O)Nc2ccc(Br)cc2)nc(N2CCOCC2)cc1=O,0.7759
N#Cc1cnn2cc(-c3c(F)cccc3F)c(-c3ccc(CN4CC(c5n[nH]c(-c6ccccn6)n5)C4)cc3)nc12,0.7875
NC1(c2ccc(-c3nc4n(c3-c3ccoc3)COc3cccnc3-4)cc2)CCC1,0.7931
COc1ccc(-c2cn3ccnc3nc2-c2ccc(CN3CC(c4n[nH]c(-c5ccccn5)n4)C3)cc2)cc1,0.8169
Cn1ncc(Cl)c1-c1cc(F)c(C(=O)NC2CNCCC2c2cocn2)c(F)c1,0.7
NC1(c2ccc(-c3nc4n(c3-c3ccccc3)COc3cccc(F)c3-4)cc2)CCC1,1
CC1Cc2c(F)cccc2N1C(=O)Cc1nc(N2CCOCC2)cc(=O)n1C,1
Cn1ncc(Cl)c1-c1cc(C(=O)NC2CNCCC2c2cccnc2)oc1Cl,0.8462
CC1(O)CC(N)(c2ccc(-c3nc4n(c3-c3ccccc3)COc3cc(C(N)=O)ccc3-4)cc2)C1,1
Cn1c(CC(=O)Nc2c(F)cccc2F)nc(N2CCOCC2)cc1=O,0.7049
NC(COc1cncc(-c2ccc3[nH]nc(C4CC4)c3c2)c1)Cc1ccccc1,0.7576
Cn1cc(-c2cn(CCN3CCC3)c(C3CCN(c4ncnc(N)c4C#N)CC3)n2)cc1Br,0.7397
Cn1nccc1-c1cc(F)c(C(=O)NC2CNCCC2c2ccccn2)c(F)c1,0.7231
Cn1nccc1-c1ccc(C(=O)NC2CNCCC2c2cncc(F)c2F)nc1,0.7
NC1(c2ccc(-c3nc4n(c3-c3ccsc3)COc3cccnc3-4)cc2)CCC1,0.7931
NCC(Cc1ccc(Cl)cc1)C(=O)N1CCN(c2ncnc3[nH]nc(Cl)c23)CC1,0.7143
COCCNC(=O)c1ccn2c(-c3ccccc3)c(-c3ccc(C4(N)CCC4)cc3)nc2c1,0.7059
Cn1cc(-c2cn(CCN3CCCC3)c(C3CCN(c4ncnc(N)c4Cl)CC3)n2)ccc1=N,0.7612
CCc1c(N)ncnc1N1CCC(c2nc(-c3ccc(F)c(C)c3)cn2CCN2CCC2)CC1,0.9692
Cc1cncnc1N1CCC(c2nc(-c3ccc(F)c(C(F)(F)F)c3)cn2CCN(C)C)CC1,0.7333
Cn1ncc(Cl)c1-c1cc(F)c(C(=O)NC2CNCCC2c2ccnnc2)cc1Cl,0.7183
CC(C)N(C)CCn1cc(-c2ccc(F)c(F)c2)nc1C1CCN(c2ncnc(N)c2C#N)CC1,0.8889
Cc1nc(C2CCNCC2NC(=O)c2ccc(-c3ccnn3C)c(F)c2)no1,0.7206
NC1(c2ccc(-c3nc4c(C(=O)Nc5ccc(F)cc5)cccn4c3-c3ccccc3)cc2)CCC1,0.7097
Cn1nccc1-c1cc(F)c(C(=O)NC2CNCCC2c2cncc(F)c2)c(Cl)c1,0.7941
NC(=O)c1c(N)ncnc1N1CCC(c2nc(-c3ccnc(C4CC4)c3)nn2CCN2CCCCC2)CC1,0.7105
Nc1ncnc(N2CCC(c3nc(-c4ccc(C(=O)O)c(F)c4)cn3CCN3CCC3)CC2)c1Cl,0.7887
Cn1cc(-c2ccc(F)c(C(F)(F)F)c2)nc1C1CCN(c2ncnc(N)c2C#N)CC1,0.8116
Cn1nccc1-c1cc(F)c(C(=O)NC2CNCCC2c2cncc(F)n2)cc1F,0.7463
NC(=O)c1c(N)ncnc1N1CCC(c2nc(-c3ccc(F)c(C(F)(F)F)c3)cn2CCN2CCC2)CC1,1
Cn1ncc(Cl)c1-c1cc(F)c(C(=O)NC2CNCC2c2ccc(F)c(F)c2)cc1F,0.8571
Cc1n[nH]c2ccc(-c3cncc(OCC4CCNCC4)c3)cc12,0.7344
Cc1cc(-c2cn(CCCN)c(C3CCN(c4ncnc(N)c4Cl)CC3)n2)ccc1F,0.7042
Nc1ncnc(N2CCC(c3nc(-c4cccnc4)cn3CCN3CCC3)CC2)c1Cl,0.7286
O=C(Nc1ccc(-c2nnc3n2-c2cccnc2Nc2ccccc2-3)cc1)c1ccccc1,1
O=C(Cc1nc(N2CCOCC2)cc(=O)[nH]1)Nc1ccccc1N1CCOCC1,0.7288
O=C(Cc1nc(=O)cc(N2CCOCC2)[nH]1)Nc1cc(F)cc(F)c1,0.7091
CS(=O)(=O)c1cccc(-c2cn(CCN3CCCC3)c(C3CCN(c4ncnc(N)c4Cl)CC3)n2)c1,0.7763
Cn1c(CC(=O)N2CCc3c(Br)cccc32)nc(N2CCOCC2)cc1=O,1
Cc1n[nH]c2ccc(-c3cncc(OCC(N)Cc4ccc(F)cc4F)c3)cc12,1
CN(C)CCn1cc(-c2ccc(F)cc2)nc1C1CCN(c2ncnc(N)c2Cl)CC1,0.7692
Cn1nccc1-c1ccc(C(=O)NC2CNCCC2c2ccnnc2)cn1,0.7385
NC(=O)c1cccc(-c2cn(CCN3CCCC3)c(C3CCN(c4ncnc(N)c4Cl)CC3)n2)c1,0.7857
O=C(NC1CNCCC1c1ccsc1)c1ccc2c(c1)OCCn1nccc1-2,0.7647
Cn1nccc1-c1ccc(C(=O)NC2CNCCC2c2ncon2)c(F)c1,0.7538
Cn1ncc(Cl)c1-c1ccc(C(=O)NC2CNCCC2c2ccc(F)cn2)cc1,0.7206
N#Cc1cc(F)cc(-c2cn(CCN3CCCC3)c(C3CCN(c4ncnc(N)c4Cl)CC3)n2)c1,0.75
Cn1ccc(-c2cn(CCN3CCCC3)c(C3CCN(c4ncnc(N)c4Cl)CC3)n2)n1,0.7273
CC1Cc2ccccc2N1C(=O)Cc1nc(Br)c(Br)c(N2CCOCC2)n1,0.7031
Cc1n[nH]c2ccc(-c3cncc(OCC(N)Cc4ccc(Cl)cc4)c3)nc12,0.7667
Cn1ncc(Cl)c1-c1cc(F)c(C(=O)NC2CNCCC2c2cncc(F)c2)cc1Cl,0.7143
NC1(C(=O)NCc2cc(F)cc(F)c2)CCN(c2ncnc3[nH]ccc23)CC1,0.7586
Cc1cc(C2CCNCC2NC(=O)c2ccc(-c3c(Cl)cnn3C)s2)cnn1,0.7612
Cn1c(-c2cc(F)c(C(=O)NC3CNCCC3c3ccc(F)cc3)cc2F)cnc1F,0.7385
NC(COc1cncc(-c2ccc(F)cc2)c1)Cc1c[nH]c2ccccc12,0.7541
CN(C)CCn1cc(-c2ccnc(C(F)(F)F)c2)nc1C1CCN(c2ncnc(N)c2Cl)CC1,0.8056
Nc1ncnc(N2CCC(c3nc(-c4ccc(F)c(F)c4)cn3CCN3CCCC3)C(O)C2)c1Cl,0.7746
CC1Cc2ccccc2N1C(=O)Cc1nc(N2CCOCC2)cc(=O)n1C,1
O=C(NC(c1cncc(Br)c1)C1CCNCC1)c1ccc2cnccc2c1,0.7049
Nc1ncnc(N2CCC(c3nc(-c4ccc(Cl)c(F)c4)cn3CCN3CCCC3)CC2)c1Br,1
Nc1ncnc(N2CCC(c3nc(-c4cccc(S)c4)cn3CCN3CCCC3)CC2)c1Cl,0.8209
Cc1ccc(NC(=O)Cc2nc(N3CCOCC3)cc(=O)n2C)cc1C,0.7333
Cn1nccc1-c1ccc(C(=O)NC2CNCCC2c2cncc(F)n2)nc1,0.7
Cn1c(CC(=O)Nc2cnc(F)c(C3CC3)c2)nc(N2CCOCC2)cc1=O,0.7692
Cc1n[nH]c2ccc(-c3cncc(OCC(N)Cc4c(F)cccc4F)c3)cc12,1
CC1Cc2ccccc2N1C(=O)Cc1nc(N2CCCCC2)cc(=O)n1C,0.8276
NC(=O)c1c(N)ncnc1N1CCC(c2nc(-c3cc(F)c(F)cc3F)cn2CCNCC2CC2)CC1,0.7532
Cc1cc(-c2cn(CCN3CCCC3)c(C3CCN(c4ncnc(N)c4Cl)CC3F)n2)ccn1,0.7125
CC(C)NCC(C(=O)N1CCN(c2ncnc3c2C(C)CC3O)CC1)c1ccc(Cl)cc1,1
COc1ccccc1NC(=O)Cc1nc(N2CCOCC2)cc(=O)[nH]1,0.8197
COc1ccc(F)c(F)c1CC(N)COc1cncc(-c2ccc3[nH]nc(C)c3c2)c1,0.7692
CN(C)CCn1cc(-c2ccc(F)c(C(F)(F)F)c2)nc1C1CCN(c2ncnc(N)c2Cl)CC1,0.8333
N#Cc1c(N)ncnc1N1CCC(c2nc(-c3cncc(Cl)c3)cn2CCN2CCCC2)CC1,0.8143
O=C(Nc1ccc(-c2nnc3n2-c2cccnc2Nc2ccccc2-3)cc1)c1ccncc1,0.8909
Cc1n[nH]c2ccc(-c3cncc(OCC(N)Cc4c[nH]cc(Cl)c4=O)c3)cc12,0.7385
Cn1ncc(Cl)c1-c1ccc(C(=O)NC2CNCCC2c2nccs2)s1,0.7313
CC(C)CC(NC(=O)C1(N)CCN(c2ncnc3[nH]ncc23)CC1)c1ccc(Cl)cc1,0.8
Nc1ncnc(N2CCC(c3nc(-c4ccc(O)c(F)c4)cn3CCN3CCCC3)CC2)c1Cl,0.8636
O=C(NCc1cccc(O)c1)Nc1nc(-c2cnccn2)cs1,0.7407
Nc1ncnc(N2CCC(c3nc(-c4cnn(CCO)c4)cn3CCN3CCCC3)CC2)c1Cl,0.7
CCc1ccc2nc(-c3ccc(C4(N)CCC4)cc3)c(-c3ccccc3)n2n1,1
Cn1ncc(Br)c1-c1cc(F)c(C(=O)NC2CNCCC2c2cnccn2)cc1F,0.7183
CNCCn1cc(-c2ccc(F)c(C(F)(F)F)c2)nc1C1CCN(c2ncnc3c2C(C)S3(=O)=O)CC1,0.725
CCOc1c(N)ncnc1N1CCC(c2nc(-c3cncnc3)cn2CCN2CCCC2)CC1,0.7361
COc1ccc2nc(-c3ccc(C4(N)CCC4)cc3)c(-c3ccccc3)n2n1,1
NC(Cc1ccc(Cl)cc1)C(=O)N1CCN(c2ncnc3[nH]nc(Br)c23)CC1,0.7049
O=C(Cc1ccccn1)Nc1ccc(-c2nnc3n2-c2cccnc2Nc2ccccc2-3)cc1,0.7097
Cc1ccnc(-c2cn(CCN3CCCC3)c(C3CCN(c4ncnc(N)c4C(N)=O)CC3)n2)c1,0.7568
Cc1ccc(NC(=O)Cc2nc(N3CCOCC3)cc(=O)[nH]2)c(C)c1,0.8246
Cn1nccc1-c1ccc(C(=O)NC2CNCCC2Br)c(F)c1,0.7377
Cc1n[nH]c2ccc(-c3cncc(OCC(N)Cc4cc(C(F)(F)F)cc(C(F)(F)F)c4)c3)cc12,1
Cc1cc(F)ccc1NC(=O)Cc1nc(=O)cc(N2CCOCC2)[nH]1,0.7377
Cc1csc(C2CCNCC2NC(=O)c2ccc(-c3ccnn3C)c(F)c2)n1,0.7101
CC(C)NCCn1cc(-c2cccc(Cl)c2)nc1C1CCN(c2ncnc(N)c2C#N)CC1,0.7838
Cn1ncc(Cl)c1-c1cc(F)c(C(=O)NC2CNCCC2c2cnn(CC3CCCCC3)c2)cc1F,0.7067
Cn1nccc1-c1ccc(C(=O)NC2CNCCC2F)c(F)c1,0.75
COCCc1cn(CCN2CCC2)c(C2CCN(c3ncnc(N)c3C#N)CC2)n1,0.7015
NC(=O)c1cn2c(-c3ccccc3)c(-c3ccc(C4(N)CCC4)cc3)nc2cn1,0.7541
NC(COc1cncc(-c2cnc3ccccc3c2)c1)Cc1c[nH]c2ccccc12,0.7377
N#Cc1c(N)ncnc1N1CCC(c2nc(-c3cncc(F)n3)cn2CCN2CCCC2)CC1,0.7429
COc1cc(-c2cn(CCN3CCCCC3)c(C3CCN(c4ncnc(N)c4C(N)=O)CC3)n2)ccn1,0.7733
O=C(Cc1nc(N2CCOCC2)cc(=O)[nH]1)NCc1ccc(F)cc1F,0.7333
CCc1c(N)ncnc1N1CCC(c2nc(-c3cnc(C)nc3)cn2CCN2CCCC2)CC1,0.7846
N#Cc1cccn2c(-c3ccccc3)c(-c3ccc(C4(N)CCC4)cc3)nc12,1
O=C(Cc1nc(N2CCOCC2)cc(N2CCOCC2)n1)Nc1cccc(Br)c1,0.7143
Cn1nccc1-c1ccc(C(=O)NC2CNCCC2c2ncccc2F)nc1,0.7353
Cc1cc(-c2cn(CC3CNC3)c(C3CCN(c4ncnc(N)c4Br)CC3)n2)ccc1F,0.8169
Cc1n[nH]c2cnc(-c3cncc(OCC(N)Cc4cccc(Br)c4)c3)cc12,0.8167
CC1c2c(ncnc2N2CCC(c3nc(-c4ccc(F)c(C(F)(F)F)c4)cn3CCN(C)C)CC2)CS1(=O)=O,0.725
Cn1nccc1-c1ccc(C(=O)NC2CNCCC2c2ccccn2)nc1,0.7164
Cn1ncc(Cl)c1-c1ccc(C(=O)NC2CNCCC2c2cncc(F)c2)cc1,0.8281
Cc1occc1C(=O)Nc1ccc(-c2nnc3n2-c2cccnc2Nc2ccccc2-3)cc1,0.7302
Cc1cc(F)ccc1-c1cn(CCN2CCCC2)c(C2CCN(c3ncnc(N)c3Cl)CC2)n1,0.7647
COc1ccccc1NC(=O)NC(=O)Cc1nc(N2CCOCC2)cc(=O)[nH]1,0.7164
Cn1nccc1-c1ccc(C(=O)NC2CNCCC2c2cncc(F)c2)nc1,0.8438
Nc1ncnc(N2CCC(c3nc(-c4ccc(F)nc4)cn3CCN3CCCC3)CC2)c1Cl,0.8281
COc1cc(N2CCC(c3nc(-c4ccc(F)c(C)c4)cn3CC3CNC3)CC2)ncn1,0.72
CCn1cc(C2CC2)nc1C1CCN(c2ncnc(N)c2C#N)CC1,0.7049
NC(COc1cncc(-c2cccc(F)c2)c1)Cc1c[nH]c2ccccc12,0.7302
NC1(C(=O)NC(CC(=O)NCc2ccncc2)c2ccc(Cl)cc2)CCN(c2ncnc3[nH]ccc23)CC1,0.7571
O=C(Nc1ccc(-c2nnc3n2-c2cccnc2Nc2ccccc2-3)cc1)c1ccsc1,0.8
CNCCNC(=O)c1ccc(-c2nnc3n2-c2cccnc2Nc2ccccc2-3)cc1,0.7031
Cc1ccc(-c2cn(CCN3CCC3)c(C3CCN(c4ncnc(N)c4Cl)CC3)n2)cc1F,0.8358
Cc1ccc(F)cc1-c1cn(CCN2CCC2)c(C2CCN(c3ncnc(N)c3Cl)CC2)n1,0.7391
Cc1c[nH]c2ncnc(N3CCC(N)(C(=O)NC(CCO)c4ccccc4)CC3)c12,0.8438
Cc1cc(-c2cn(CCN(C)C)c(C3CCN(c4ncnc(N)c4Br)CC3)n2)cc(C)n1,0.7083
Nc1ncnc(N2CCC(c3nc(-c4ccc(F)c(Cl)c4)cn3CCN3CCC3)CC2)c1Cl,0.8615
O=C(Cc1nc(N2CCOCC2)c(F)c(=O)[nH]1)Nc1ccc(F)c(F)c1F,0.7119
COc1ccc(F)c(-c2cn(CCN3CCCC3)c(C3CCN(c4ncnc(N)c4C#N)CC3)n2)c1,0.7468
NC(=O)c1ccc(-c2cn(CCN3CCC3)c(C3CCN(c4ncnc(N)c4Cl)CC3)n2)cc1F,0.7887
Nc1ncnc(N2CCC(c3nc(-c4ccc(C(F)(F)F)c(F)c4)cn3CCN3CCCC3)CC2)c1Cl,0.8571
NCC(=O)NCC(NC(=O)c1cc(Br)c(-c2ccnc3[nH]ccc23)s1)c1ccccc1,0.8095
N#Cc1c(N)ncnc1N1CCC(c2nc(C3CCCCC3)cn2CCN2CCCCC2)CC1,0.9643
Cn1nccc1-c1ccc(C(=O)NC2CNCC2c2ccccc2)c(F)c1,0.7143
Nc1ncnc(N2CCC(c3nc(-c4cccc(S(=O)(=O)[O-])c4)cn3CCN3CCCC3)CC2)c1Cl,0.7746
CC1Cc2cc(F)c(F)cc2N1C(=O)Cc1nc(N2CCOCC2)cc(=O)[nH]1,1
NC(=O)c1c(N)ncnc1N1CCC(c2nc(C(F)(F)F)cn2CC2CNC2)CC1,0.7067
Cn1cc(C2CCNCC2NC(=O)c2cc(-c3c(Cl)cnn3C)cs2)cn1,0.8125
Cn1ncc(Cl)c1-c1ccc(C(=O)NC2CNCCC2c2ncc(F)cc2F)cc1,0.7463
O=C(Nc1ccc(-c2nnc3n2-c2cccnc2Nc2ccccc2-3)cc1)c1ccccn1,0.8214
Cc1cc(-c2cn(CCN3CCC3)c(C3(O)CCN(c4ncnc(N)c4Cl)CC3)n2)ccn1,0.7778
COc1cc(-c2cn(CCN3CCCC3)c(C3CCN(c4ncncc4F)CC3)n2)ccc1F,0.72
Cc1nc(N)nc2c1cc(-c1ccc(O)cc1)c(=O)n2C1CCC(OCO)CC1,0.7903
Cn1ncc(Cl)c1-c1ccc(C(=O)NC2CNCCC2c2nc(F)ccc2F)cc1,0.7576
O=C(Cc1ccc(Cl)c(Cl)c1)N1CCN(c2ncnc3ccccc23)CC1,0.7069
O=C(Nc1ccc(-c2nnc3n2-c2cccnc2Nc2ccccc2-3)cc1)c1cccc(F)c1F,0.7302
CC(C)n1cnnc1-c1nc(NC(=O)c2cc(-n3cnc(C4CC4)c3)c(N3CCCCC3)cn2)cs1,0.7558
N#Cc1c(N)ncnc1N1CCC(c2nc(-c3ccc(F)c(C(F)(F)F)c3)cn2CCN2CCCC2)CC1,1
Nc1ncnc(N2CCC(c3nc(-c4ccc(C(F)(F)F)c(F)c4)cn3CCN3CCC3)CC2)c1Cl,0.8841
Cc1n[nH]c2cnc(-c3cncc(OCC(N)Cc4cccc(Cl)c4)c3)cc12,0.8136
Cc1nc(C2CCNCC2NC(=O)c2ccc(-c3c(Cl)cnn3C)s2)nc(C)c1F,0.7313
CCS(=O)(=O)NCCn1cc(-c2ccc(F)c(F)c2)nc1C1CCN(c2ncnc(N)c2C#N)CC1,0.7368
Cn1nccc1C1CCNCC1NC(=O)c1ccc(F)c(F)c1,0.7097
Cc1cc(-c2cn(CCN3CCC3)c(C3CCN(c4ncncc4F)CC3)n2)ccc1F,0.7429
Cn1nccc1-c1ccc(C(=O)NC2CNCCC2c2nc(F)ccc2F)cn1,0.7576
CNCCn1cc(-c2ccc(F)c(C)c2)nc1C1CCN(c2ncnc(N)c2C#N)CC1,1
N#Cc1cc(-c2cn[nH]c2)c2nc(-c3ccc(C4(N)CCC4)cc3)c(-c3ccccc3)n2c1,0.7692
CNC(=O)c1c(N)ncnc1N1CCC(c2nc(-c3cccc(C(N)=O)c3)cn2CCN2CCCC2)CC1,0.7403
NC(COc1cncc(-c2cc3c(-c4nccs4)n[nH]c3cn2)c1)Cc1ccccc1,0.8033
Cn1c(CC(=O)N2CCc3c(Cl)cccc32)nc(N2CCCC2)cc1=O,0.8448
NC(=O)c1c(N)ncnc1N1CCC(c2nc(-c3cccc(F)c3)cn2CCN2CCCC2)CC1,0.831
COc1ccc(-c2cn(CCN3CCCCC3)c(C3CCN(c4ncnc(N)c4Cl)CC3)n2)cc1C,0.726
CCc1c(N)ncnc1N1CCC(c2nc(C3CC3)cn2CCN2CCCCC2)CC1,0.7231
Cn1ccc(-c2cn(CCN3CCCC3)c(C3CCN(c4ncnc(N)c4Cl)CC3)n2)cc1=O,0.7324
CCc1cc(-c2cn(CCN3CCC3)c(C3CCN(c4ncnc(N)c4Cl)CC3)n2)ccn1,0.7917
NC(Cc1ccc(Cl)cc1)C(=O)N1CCN(c2ncnc3[nH]ncc23)CC1,0.7544
N#Cc1ccc(-c2cn(CCN3CCC3)c(C3CCN(c4ncnc(N)c4C#N)CC3)n2)cc1C(F)(F)F,0.863
CC(C)NCCn1cc(-c2ccnc(C(F)(F)F)c2)nc1C1CCN(c2ncnc(N)c2Cl)CC1,0.8472
Cc1c[nH]c2ncnc(N3CCC(N)(CNC(=O)c4cc(F)ccc4F)C3)c12,0.875
CC(n1cnnc1-c1nc(NC(=O)c2cc(-n3cnc(C4CC4)c3)c(N3CCC(F)(F)C3)cn2)cs1)C(F)(F)F,0.8295
NC1(c2ccc(-c3nc4n(c3-c3ccccc3)COc3nccnc3-4)cc2)CCOCC1,0.7333
CC1SCc2ncnc(N3CCN(C(=O)C(N)Cc4cccc(F)c4)CC3)c21,0.8
N#Cc1c(N)ncnc1N1CCC(c2nc(-c3ccc(F)c(F)c3)cn2CCN2CCCCC2)CC1,0.9844
COc1cc(-c2cn(CCN3CCCC3)c(C3CCN(c4cc(N)ncn4)CC3)n2)ccc1F,0.8182
Cc1cc(-c2cn(CCN3CCCC3)c(C3CCN(c4ncnc(Cl)c4C)CC3)n2)ccc1F,0.7361
Cc1csc(C2CCNCC2NC(=O)c2ccc(-c3ccnn3C)cc2F)n1,0.7059
Cn1ncc(Br)c1-c1cc(C(=O)NC2CNCCC2c2cccnc2)oc1Cl,0.7183
O=C(Cc1nc(N2CCCOCC2)cc(=O)[nH]1)Nc1ccc(Br)cc1,0.7458
Cn1cc(-c2cn(CCN3CCCC3)c(C3CCN(c4ncnc(N)c4C(N)=O)CC3)n2)cn1,0.7297
Nc1ncnc(N2CCC(c3nc(-c4ccccc4O)cn3CCN3CCCC3)CC2)c1Cl,0.7164
O=C(Cc1nc(=O)cc(N2CCOCC2)[nH]1)Nc1ccc(F)c(F)c1,0.7241
Cc1ccc2c(NC(=O)Cc3nc(N4CCOCC4)cc(=O)n3C)cccc2n1,0.7015
N#Cc1cc(Cl)cc(-c2cn(CCN3CCCC3)c(C3CCN(c4ncnc(N)c4Cl)CC3)n2)c1,0.7083
COc1ncc(-c2cn(CCN3CCC3)c(C3CCN(c4cc(N)ncn4)CC3)n2)cc1F,0.7143
CNCCn1cc(-c2ccc(F)c(C(F)(F)F)c2)nc1C1CCN(c2ncnc(N)c2Br)CC1,0.8082
Cc1ccc(-c2cn(CCN3CCCC3)c(C3CCN(c4ncnc(N)c4Cl)CC3)n2)cc1,0.8387
CC1Cc2c(ccc(F)c2F)N1C(=O)Cc1nc(N2CCCCC2)cc(=O)n1C,0.8387
Cn1cc(C2CCNCC2NC(=O)c2cc(F)c(-c3c(Cl)cnn3C)cc2F)cn1,0.803
Cc1ccc(CC(COc2cncc(-c3ccc4[nH]nc(C)c4c3)c2)c2cncnc2)cc1F,0.7538
Cc1n[nH]c2ccc(-c3cncc(OCC(N)Cc4cccc(Br)c4)c3)cc12,1
Cn1ncc(Cl)c1-c1cc(C(=O)NC2(c3ncccn3)CCNCC2)oc1Cl,0.746
CC(NC(=O)C1(N)CCN(c2ncnc3[nH]ccc23)CC1)c1ccc(Cl)cc1Cl,0.7742
NC(=O)c1c(N)ncnc1N1CCC(c2nc(C3CC3)cn2CCN2CCCC2)CC1,0.7353
O=C(Cc1nc(N2CCOCC2)cc(=O)[nH]1)Nc1ccc(NC(=O)c2ccccc2Br)cc1,0.7031
O=C(Cc1nc(N2CCOCC2)cc(=O)[nH]1)N1CCc2c1ccc(Br)c2Br,0.8103
Cc1cccc(C2CCNCC2NC(=O)c2ccc(-c3ccnn3C)c(F)c2)n1,0.7206
CNCC(Nc1ncnc2c(C(N)=O)ccnc12)c1cc(F)cc(Br)c1,0.7377
CC(C)NCC(C(=O)N1CCN(c2ncnc3c2C(C)CCC3)CC1)c1ccc(F)cc1,0.7692
CC1(O)CC(N)(c2ccc(-c3nc4n(c3-c3ccccc3)COc3nc(Cl)ncc3-4)cc2)C1,0.7385
Cc1cc(-c2cn(CCN3CCCC3)c(C3CCN(c4ncncc4F)CC3)n2)ccc1F,0.7324
Cn1nnc(C2CCNCC2NC(=O)c2cc(F)c(-c3c(Cl)cnn3C)cc2F)n1,0.7183
COc1cccc2c1-c1nc(-c3ccc(C4(N)CC(C)(O)C4)cc3)c(-c3ccccc3)n1CO2,0.8308
NC(=O)c1cccc(-c2cn(CCN3CCCC3)c(C3CCN(c4cc(N)ncn4)CC3)n2)c1,0.7101
COc1cc(N2CCC(c3nc(-c4ccc(F)c(F)c4)cn3CCN3CCCC3)CC2)ncn1,0.7727
CC1CCCc2ncnc(N3CCN(C(=O)C(N)Cc4ccc(Cl)cc4)CC3)c21,0.7077
NC(=O)c1c(N)ncnc1N1CCC(c2nc(-c3ccccc3)cn2CCN2CCCC2)CC1,0.8235
Cn1c(CC(=O)N2CCc3c(Cl)cccc32)nc(N2CCOCC2)cc1=S,1
CC(CC(F)(F)F)n1cnnc1-c1nc(NC(=O)c2cc(-n3cnc(C4CC4)c3)c(N3CCCCC3)cn2)cs1,0.7556
Cc1nc(=O)c2cc(-c3cncc(OCC(N)Cc4ccc(Cl)c(F)c4)c3)ccc2[nH]1,0.7246
NC1(C(=O)Nc2ccc(F)cc2)CCN(c2ncnc3[nH]ccc23)CC1,0.7119
Cc1cccc(NC(=O)Cc2nc(N3CCOCC3)cc(=O)n2C)c1C,0.7031
Cc1n[nH]c2ccc(-c3cncc(OCC(N)Cc4ccc(Cl)cc4F)c3)cc12,0.8361
N#Cc1c(N)ncnc1N1CCC(c2nc(Cl)cn2CCN2CCCC2)CC1,0.7419
NC(COc1cncc(-c2ccc3c(c2)C(F)(F)CC(=O)N3)c1)Cc1c[nH]c2ccccc12,0.7857
Cn1cc(C2CCNCC2NC(=O)c2ccc(-c3c(Br)cnn3C)cc2)cn1,0.75
Cn1nccc1-c1ccc(C(=O)NC2CNCCC2c2cncc(F)c2)cn1,0.7846
COc1ccc2c(c1)OCn1c-2nc(-c2ccc(C3(N)CC(C)(O)C3)cc2)c1-c1ccoc1,0.806
NC1(C(=O)NC(Cc2ccc(Cl)cc2)C(=O)NCc2ccc(F)cc2)CCN(c2ncnc3[nH]ccc23)CC1,0.7164
Nc1ncnc(N2CCC(c3nc(-c4ccc(F)c(CO)c4)cn3CCN3CCC3)CC2)c1Cl,0.8235
Cn1nccc1-c1ccc(C(=O)NC2CNCCC2c2nc(C3CC3)no2)cc1F,0.7
O=C(Cc1nc(=O)cc(N2CCOCC2)[nH]1)N1CCc2c(F)cccc21,0.7377
NC1(c2ccc(-c3nc4c(Cl)cc(Cl)cn4c3-c3ccccc3)cc2)CCC1,1
Cn1ncc(Cl)c1-c1ccc(C(=O)NC2CNCCC2c2cncc(F)c2)s1,0.8358
NC(COc1cncc(-c2ccc3c(c2)CCC(=O)N3)c1)Cc1c[nH]c2ccccc12,0.8615
Cn1ncc(Cl)c1-c1cc(F)c(C(=O)NC2CNCCC2c2ncon2)c(F)c1,0.7
N#Cc1cc(-c2cn(CCN3CCC3)c(C3CCN(c4ncnc(N)c4Cl)CC3)n2)ccc1F,0.8
CCOc1cc2c(nc(-c3nonc3N)n2CC)c(C#CC(C)(C)O)n1,0.8644
CC(C)c1ccc(NC(=O)Cc2nc(N3CCOCC3)cc(=O)n2C)cc1Br,0.7742
C=Cc1c(N)ncnc1N1CCC(c2nc(-c3cnn(CCN4CCCC4)c3)cn2CCF)CC1,0.7123
Cc1ccc(NC(=O)Cc2nc(N3CCOCC3)cc(=O)n2C)cc1F,0.7966
COC1CCN(c2cnc(C(=O)Nc3csc(-c4nc(C)nn4C)n3)cc2-n2cnc(C3CC3)c2)CC1,0.7561
Nc1ncnc(N2CCC(c3nc(-c4cc(Cl)c(Cl)cc4F)cn3CCN3CCCC3)CC2)c1Cl,0.75
Cc1noc(C2CCNCC2NC(=O)c2ccc(-c3ccnn3C)cc2F)n1,0.7164
NCCC(=O)Nc1ccc(-c2nnc3n2-c2cccnc2Nc2ccccc2-3)cc1,0.7333
COCCn1cc(-c2ccc(F)c(F)c2)nc1C1CCN(c2cc(N)ncn2)CC1,0.7692
Cc1nc(C2CCNCC2NC(=O)c2ccc(-c3ccnn3C)s2)ccc1F,0.7164
O=S(=O)(Nc1cc(-c2ccc3nccn3n2)cnc1Cl)c1ccc(F)cc1F,0.7895
Cn1nccc1-c1cc(F)c(C(=O)NC2CNCCC2c2nc(C3CC3)no2)cc1F,0.7
Cn1ncc(Cl)c1-c1cc(F)c(C(=O)NC2CNCCC2c2ccc(Cl)s2)cc1F,0.7429
Cn1ncc(Br)c1-c1cc(F)c(C(=O)NC2CNCCC2c2cncc(F)c2F)cc1F,0.7286
O=C(NC(CO)Cc1ccccc1)c1cc(Br)c(-c2ccnc3[nH]ccc23)s1,0.8667
CC(=O)Nc1ccc(NC(=O)Cc2nc(N3CCOCC3)cc(=O)[nH]2)cc1,0.75
CCc1c(N)ncnc1N1CCC(c2nc(-c3ccc(F)c(C)c3)cn2CC2CNC2)CC1,1
NC(=O)C(CCc1ccccc1)NC(=O)c1cc(Br)c(-c2ccnc3[nH]ccc23)s1,0.7015
Cn1c(CC(=O)N2CCc3c(F)cccc32)nc(N2CCOCC2)cc1=O,1
N#Cc1cncnc1N1CCC(c2nc(-c3ccc(F)cc3)cn2CCN2CCC2)CC1,0.7
Cn1nccc1-c1nc(NC(=O)c2cc(-n3cnc(C4CC4)c3)c(N3CCC4(CC3)COC4)cn2)cs1,0.7209
Cn1nccc1-c1ccnn2c(-c3ccccc3)c(-c3ccc(C4(N)CCC4)cc3)nc12,0.746
Cn1ncc(Cl)c1-c1cc(F)c(C(=O)NC2CNCCC2c2cncc(F)n2)cc1F,0.7183
Cn1c(CC(=O)N2CCc3c(OC(F)(F)F)cccc32)nc(N2CCOCC2)cc1=O,0.7941
NC1(c2ccc(-c3nc4n(c3-c3ccccc3)COc3c[nH]nc3-4)cc2)CCC1,0.7193
Cn1cc(C2CCNCC2NC(=O)c2ccc(-c3c(Br)cnn3C)o2)cn1,0.7969
Cc1cccc(-c2cn(CCN3CCCC3)c(C3CCN(c4ncnc(N)c4Cl)CC3)n2)c1,0.8209
Cc1cc(-c2cn(CCNCCN(C)C)c(C3CCN(c4ncnc(N)c4Cl)CC3)n2)ccc1F,0.7051
Cn1cc(C2CCNCC2NC(=O)c2ccc(-c3c(Cl)cnn3C)s2)cn1,0.8226
O=C(NC(c1ccc(Cl)c(Cl)c1)C1CNC1)c1ccc(Cl)c(Cl)c1,0.7255
NC(=O)c1n[nH]c2ccc(-c3cncc(OCC(N)Cc4cccc(Cl)c4)c3)cc12,0.7812
CCc1c(N)ncnc1N1CCC(c2nc(-c3ccc(F)c(C)c3)cn2CCN2CCCC2)CC1,1
NC(=O)c1c(N)ncnc1N1CCC(c2nc(-c3ccc(F)c(F)c3)cn2CCN2CCCC2)CC1,0.8714
CN(C)CCn1cc(-c2ccc(F)c(C(F)(F)F)c2)nc1C1CCN(c2ncncc2N(C)C)CC1,0.7237
Cn1cc(-c2cn(CCN3CCC3)c(C3CCN(c4cc(N)ncn4)CC3)n2)ccc1=N,0.7059
Cc1n[nH]c2ccc(-c3cncc(OCC(N)Cc4ccc(Br)c(F)c4)c3)cc12,1
Cn1nccc1-c1ccc(C(=O)NC2CNCCC2c2cncc(F)n2)c(F)c1,0.7164
NC1(C(=O)NCc2ccc(Cl)cc2)CCN(c2ncnc3[nH]ccc23)CC1,1
Cc1nnc(C2CCNCC2NC(=O)c2ccc(-c3ccnn3C)c(F)c2)o1,0.7313
O=C(NC(c1cccc(Cl)c1)C1CCNCC1)c1cccnc1,0.7414
Nc1ncnc(N2CCC(c3nc(-c4ccc(F)c(C(F)(F)F)c4)cn3CC(=O)N3CCC3)CC2)c1Cl,0.7632
Cc1n[nH]c2ccc(-c3cncc(OCC(N)Cc4c(F)c(F)c(F)c(F)c4F)c3)cc12,0.8393
CCn1c(-c2nonc2N)nc2c(C#CC(C)(C)O)nc(CN)cc21,1
Cn1ncc(Br)c1-c1cc(F)c(C(=O)NC2CNCCC2c2cnc(Br)cn2)cc1F,0.7286
Cn1nccc1-c1ccc(C(=O)NC2CNCCC2c2cncc(F)n2)cn1,0.7059
NC(=O)c1c(N)ncnc1N1CCC(c2nc(-c3ccc(F)cn3)cn2CCN2CCCCC2)CC1,0.7013
Cc1c[nH]c2ncnc(N3CCC(N)(CNC(=O)c4cscn4)C3)c12,0.7097
COc1ccccc1CNC(=O)c1ccc2nc(-c3ccc(C4(N)CCC4)cc3)c(-c3ccccc3)n2n1,0.75
Cc1cc(-c2cn(CCN3CCC3)c(C3CCN(c4ncnc(N)c4C#N)CC3)n2)ccc1F,1
Cn1cc(-c2nc(NC(=O)c3cc(-n4cnc(C5CC5)c4)c(N4CCC(F)CC4)cn3)cs2)nn1,0.7215
Cc1cccc(C2CCNCC2NC(=O)c2ccc(-c3ccnn3C)cn2)n1,0.7206
CC1Cc2c(ccc(F)c2F)N1C(=O)Cc1nc(N2CCOCC2)cc(=O)n1C,1
O=C(Nc1ccc(-c2nnc3n2-c2cccnc2Nc2ccccc2-3)cc1)c1ccc(Cl)cn1,0.7541
CC(=O)Nc1cn2cc(-c3cnc(Cl)c(NS(=O)(=O)c4ccc(F)cc4)c3)ccc2n1,0.7313
CC1Cc2ccccc2N1C(=O)Cc1nc(N2CCCC2)cc(=O)n1C,0.8421
Cc1cnc(C2CCNCC2NC(=O)c2ccc(-c3ccnn3C)c(F)c2)s1,0.7101
Cn1nccc1-c1ccc(C(=O)NC2CNCCC2c2cc(Cl)c(Cl)s2)c(F)c1,0.7059
Cc1cccc(CC(N)COc2cncc(-c3ccc4[nH]nc(C)c4c3)c2)c1,0.8305
Nc1ncnc(N2CCC(c3nc(-c4c(F)cccc4F)cn3CCN3CCCC3)CC2)c1Cl,0.7761
NC1(c2ccc(-c3nc4ccc(C(=O)Nc5ccccc5F)nn4c3-c3ccccc3)cc2)CCC1,0.746
N#Cc1cccc(-c2cn(CCN3CCC3)c(C3CCN(c4ncnc(N)c4Br)CC3)n2)c1,0.7606
Nc1ncnc(N2CCC(c3nc(-c4ccc(CO)c(F)c4)cn3CCN3CCC3)CC2)c1Cl,0.8116
Cc1n[nH]c2ccc(-c3nnc(NCC(N)Cc4cccc(Cl)c4)s3)cc12,1
Cc1nc(C2CCNCC2NC(=O)c2ccc(-c3ccnn3C)cc2)ccc1F,0.7231
NC1(C(=O)NCc2ccsc2)CCN(c2ncnc3[nH]ccc23)CC1,0.7458
Cc1noc(C2CCNCC2NC(=O)c2ccc(-c3ccnn3C)c(F)c2)n1,0.7206
Nc1ncnc(N2CCC(c3nc(-c4cc(F)c[n+]([O-])c4)cn3CCN3CCCC3)CC2)c1Br,0.7606
NC1(c2ccc(-c3nc4n(c3-c3ccccc3)COc3ncncc3-4)cc2)CCC1,0.7627
CNCCn1cc(-c2ccnc(C(N)=O)c2)nc1C1CCN(c2ncnc(N)c2Cl)CC1,0.7671
CC1Cc2c(F)ccc(F)c2N1C(=O)Cc1nc(N2CCOCC2)cc(=O)n1C,0.7812
COc1cccc2c1-c1nc(-c3ccc(C4(N)CCC4)cc3)c(-c3ccccc3)n1CO2,0.7541
CCNC(=O)c1ccc2c(c1)OCn1c-2nc(-c2ccc(C3(N)CC(C)(O)C3)cc2)c1-c1ccccc1,0.8857
Cn1cnnc1-c1nc(NC(=O)c2cc(-n3cnc(C4CC4)c3)c(N3CCC(CO)CC3)cn2)cs1,0.7073
CNC(=O)c1ccc2nc(-c3ccc(C4(N)CCC4)cc3)c(-c3ccccc3)n2n1,1
O=C(Nc1ccc(-c2nnc3n2-c2cccnc2Nc2ccccc2-3)cc1)c1ccc2c(c1)OCO2,1
Nc1ncnc(N2CCC(c3nc(-c4ccc(C(F)(F)F)cn4)cn3CCN3CCC3)CC2)c1Cl,0.7027
Cn1ncc(Cl)c1-c1ccc(C(=O)NC2CNCCC2c2ncccn2)cc1,0.7121
CCc1n[nH]c2cnc(-c3cncc(OCC(N)Cc4cccc(C(F)(F)F)c4)c3)cc12,0.8333
CS(=O)(=O)c1ccc(-c2cn(CC3CNC3)c(C3CCN(c4ncnc(N)c4C#N)CC3)n2)cc1,0.7273
Cc1cc(-c2cn(CCNCC3CC3)c(C3CCN(c4ncnc(N)c4Cl)CC3)n2)ccc1F,0.8026
O=C(Cc1nc(N2CCOCC2)cc(=O)[nH]1)Nc1ccccc1F,0.8393
O=C(Nc1cccc(-c2nnc3n2-c2cccnc2Nc2ccccc2-3)c1)c1ccccc1,0.8103
Cn1nccc1-c1cc(F)c(C(=O)NC2CNCCC2c2ccnn2C)c(F)c1,0.7833
NC(=O)Cn1cc(-c2ccc(F)c(F)c2)nc1C1CCN(c2ncnc(N)c2Cl)CC1,0.7391
O=C(NCc1ccc2c(c1)OCO2)c1ccc(-c2nnc3n2-c2cccnc2Nc2ccccc2-3)cc1,0.7361
O=C(Cc1nc(=O)cc(N2CCOCC2)[nH]1)N1CCc2c(Cl)cccc21,0.7377
Nc1ncnc(N2CCC(c3nc(-c4cc(F)c(O)c(Cl)c4)cn3CCN3CCC3)CC2)c1Cl,0.7571
CC(n1cnnc1-c1nc(NC(=O)c2cc(-n3cnc(C4CC4)c3)c(N3CC4CC4C3)cn2)cs1)C(F)(F)F,1
CC(C)NCC(Cc1ccccc1)NC(=O)c1cc(Br)c(-c2ccnc3[nH]ccc23)s1,1
CCN(CC)CCn1cc(-c2ccc(F)c(C(F)(F)F)c2)nc1C1CCN(c2ncnc(N)c2Cl)CC1,0.7733
CCOc1c(N)ncnc1N1CCC(c2nc(-c3cccc(C(N)=O)c3)cn2CCN2CCC2)CC1,0.7179
Cn1c(CC(=O)N2CCc3ccccc32)nc(N2CCCC2)cc1=O,0.8333
Cn1ncc(Cl)c1-c1cc(C(=O)NC2(c3cccc(Cl)c3)CCNCC2)oc1Cl,0.8226
CC1Cc2cc(F)ccc2N1C(=O)Cc1nc(N2CCOCC2)c(F)c(=O)n1C,1
Nc1ncnc(N2CCC(c3nc(-c4ccc(F)cc4F)cn3CCN3CCCC3)CC2)c1Cl,0.7879
CNC(=O)c1cccn2c(-c3ccccc3)c(-c3ccc(C4(N)CCC4)cc3)nc12,0.7931
NC(=O)c1cccc2c(NC(CN3CCC3)c3ccc(F)cc3)ncnc12,1
CC(CC(F)(F)F)NC(=O)C1(N)CCN(c2ncnc3[nH]ccc23)CC1,0.7031
N#Cc1cc(Cl)cn2c(-c3ccccc3)c(-c3ccc(C4(N)CCC4)cc3)nc12,0.7636
Cc1ccc(NC(=O)Cc2nc(N3CCOCC3)cc(=O)n2C)cc1,0.7288
N#Cc1ccc(F)c(-c2cn(CCN3CCCC3)c(C3CCN(c4ncnc(N)c4Cl)CC3)n2)c1,0.726
Cc1cc(-c2cn(CCN3CCC3)c(C3CCN(c4ncnc5[nH]cc(C#N)c45)CC3)n2)ccc1F,0.7436
N#Cc1cnn2cc(-c3ccccc3)c(-c3ccc(C4(N)CCC4)cc3)nc12,0.7167
O=C(Cc1nc(N2CCOCC2)cc(=O)[nH]1)Nc1ccccc1S,0.7167
CN(C)c1ccc(-c2cn(CCN3CCCC3)c(C3CCN(c4cc(N)ncn4)CC3)n2)cn1,0.7101
Cc1cc(-c2cn(C)c(C3CCN(c4ncnc(N)c4C(N)=O)CC3)n2)ccc1F,0.8088
Cc1cc(-c2cn(CCN(C)C(C)C)c(C3CCN(c4ncnc(N)c4Cl)CC3)n2)ccc1F,0.8133
NC(=O)c1c(N)ncnc1N1CCC(c2nc(-c3cccnn3)cn2CCN2CCCC2)CC1,0.7067
CNCCn1cc(-c2cccc(F)c2)nc1C1CCN(c2ncnc(N)c2C#N)CC1,0.7945
Cc1cc(-c2cn(CCN3CCCC3)c(C3CCN(c4ncnc(N)c4CCN(C)C)CC3)n2)ccc1F,0.8219
O=C(Cc1nc(N2CCOCC2)cc(=O)[nH]1)Nc1c(F)c(F)c(F)c(F)c1F,0.7547
Cn1c(CC(=O)N2CCc3cc(F)c(F)cc32)nc(N2CCOCC2)cc1=S,0.8103
NCCCOc1ccc(-c2cn(CCN3CCCC3)c(C3CCN(c4ncnc(N)c4Cl)CC3)n2)cc1F,0.8028
Cn1nccc1-c1ccc(C(=O)NC2CNCCC2c2cnccn2)c(F)c1,0.7273
N#Cc1c(N)ncnc1N1CCC(c2nc(-c3c(F)cccc3F)cn2CCN2CCC2)CC1,0.7714
CC(n1cnnc1-c1nc(NC(=O)c2cc(-n3cnc(C4CC4)c3)c(N3CCC4(C)CC3C4)cn2)cs1)C(F)(F)F,0.7582
CCc1ccc(-c2cn(CCN3CCCC3)c(C3CCN(c4ncnc(N)c4C(N)=O)CC3)n2)cn1,0.7368
Nc1ncnc(N2CCC(c3nc(-c4cccc([N+](=O)[O-])c4)cn3CCN3CCCC3)CC2)c1Br,0.7639
O=C(Nc1ccc(-c2nnc3n2-c2cccnc2Nc2ccccc2-3)cc1)c1ccncc1F,0.7188
NC(COc1cnc(Cl)c(-c2cncnc2)c1)Cc1c[nH]c2ccccc12,0.746
NC(COc1cncc(-c2ccc3[nH]nc(N=O)c3c2)c1)Cc1cccc(Cl)c1,0.7937
CN(C)CCn1cc(-c2ccc(F)c(C(F)(F)F)c2)nc1C1CCN(c2ncnc(N)c2Cl)CC1F,1
Cn1ncc(Cl)c1-c1cc(F)c(C(=O)NC2CNCCC2c2cc(Cl)c(Cl)s2)cc1F,0.7286
Cn1ncc(Cl)c1-c1cc(C(=O)NC2CNCCC2c2ccc(F)nc2)oc1Cl,0.8116
Cc1c[nH]c2ncnc(N3CCC(N)(CNC(=O)c4ccc(F)cc4)CC3)c12,0.8966
Cn1ncc(Cl)c1-c1ccc(C(=O)NC2CNCCC2c2ncc(Cl)cn2)cc1,0.7231
Cn1c(CC(=O)Nc2ccc(Cl)c(F)c2)nc(N2CCOCC2)cc1=O,0.7705
N#Cc1cc(-c2cn(CCN3CCC3)c(C3CCN(c4ncnc(N)c4Br)CC3)n2)ccn1,0.7778
Cn1cc(-c2ccc(F)nc2)nc1C1CCN(c2ncnc(N)c2Br)CC1,0.7077
CC1COCCN1c1nc(N2CCOCC2C)c2ccc(-c3ccc4[nH]nnc4c3)nc2n1,0.7188
CC1(O)CC(N)(c2ccc(-c3nc4n(c3-c3ccccc3)COc3cnccc3-4)cc2)C1,1
Cn1ncc(Cl)c1-c1cc(C(=O)NC2(c3ccccc3F)CCNCC2)oc1Cl,0.7273
Cc1cc(F)ccc1CC(N)COc1cncc(-c2ccc3[nH]ncc3c2)c1,0.7419
NC(Cc1ccccn1)C(=O)N1CCN(c2ncnc3ccccc23)CC1,0.7018
Cn1ncnc1-c1cn(CCN2CCCC2)c(C2CCN(c3ncnc(N)c3C#N)CC2)n1,0.7143
Nc1ncnc(N2CCC(c3nc(-c4cc(F)cc(C(F)(F)F)c4)cn3CCN3CCCC3)CC2)c1Cl,0.7606
CCOc1cc(-c2cn(CCN3CCC3)c(C3CCN(c4ncnc(N)c4Cl)CC3)n2)ccc1C,0.7027
O=C(NC(Cc1ccc(Cl)cc1)C(=O)N1CCN(c2ncnc3ccccc23)CC1)c1ccc(Cl)cc1,0.7288
COc1cc(OC)c2nc(-c3ccc(C4(N)CCC4)cc3)c(-c3ccccc3)n2n1,1
CC(C)NCC(C(=O)N1CCN(c2ncnc3[nH]nc(Br)c23)CC1)c1ccc(F)cn1,0.7164
Nc1ncnc(N2CCC(c3nc(-c4cccc(F)c4)cn3CCN3CCCC3)CC2)c1Br,1
O=C(C(Cc1ccc(Cl)c(Cl)c1)NCc1ccc(Cl)cc1)N1CCN(c2ncnc3ccccc23)CC1,0.7188
COc1ccc(-c2cn(CCN3CCC3)c(C3CCN(c4ncnc(N)c4Br)CC3)n2)cc1OC,0.75
N#Cc1c(N)ncnc1N1CCC(c2nc(-c3ccccc3Cl)cn2CCN2CCCC2)CC1,0.75
CCc1cncnc1N1CCC(c2nc(-c3ccc(F)c(F)c3)cn2CCN2CCC2)CC1,0.7324
Cc1cc(-c2cn(CCN3CCCC3)c(C3CCN(c4ncnc(N)c4F)CC3)n2)ccc1F,0.8382
CCOc1c(N)ncnc1N1CCC(c2nc(-c3ccc(F)c(C)c3)cn2C)CC1,0.7857
Cc1cc(-c2cn(CCS)c(C3CCN(c4ncnc(N)c4Cl)CC3F)n2)ccc1F,0.8732
Cc1csc(C2CCNCC2NC(=O)c2cc(F)c(-c3ccnn3C)cc2F)n1,0.7101
Cn1cc(-c2cn(CCN3CCCCC3)c(C3CCN(c4ncnc(N)c4C#N)CC3)n2)cn1,0.7536
NCCCNCCn1cc(-c2ccc(F)c(F)c2)nc1C1CCN(c2ncnc(N)c2Cl)CC1,0.7465
Cn1ncc(Cl)c1-c1ccc(C(=O)NC2CCNCC2c2ccc(F)c(F)c2)nc1,0.7246
Cn1cc(C2CCNCC2NC(=O)c2c(F)cc(-c3c(Br)cnn3C)cc2F)cn1,0.7969
Cn1c(CC(=O)N2CCc3cc(Br)ccc32)nc(N2CCOCC2)cc1=O,0.7797
CN(C)CCn1cc(-c2cc(F)c(C(F)(F)F)cn2)nc1C1CCN(c2ncnc(N)c2C#N)CC1,0.7895
NCC(=O)Nc1ccc(-c2nnc3n2-c2cccnc2Nc2ccccc2-3)cc1,0.7458
CC1Cc2ccccc2N1C(=O)Cc1nc(N2CCOCC2)c(F)c(=S)[nH]1,1
O=C(NC(c1cccc(Cl)c1)C1CCNCC1)c1ccnnc1,0.7119
N#Cc1ccn2c(-c3ccccc3)c(-c3ccc(C4(N)CCC4)cc3)nc2c1Br,0.7636
Cn1c(CC(=O)N2CCc3c2ccc(F)c3F)nc(N2CCOCC2)c(F)c1=O,0.7302
NC1(C(=O)NCc2ccco2)CCN(c2ncnc3[nH]ccc23)CC1,0.7
NC1(c2ccc(-c3nc4c(Cl)cccn4c3-c3ccccc3)cn2)CCC1,0.7358
N#CCc1ccc(-c2cn(CCN3CCC3)c(C3CCN(c4cc(N)ncn4)CC3)n2)cc1F,0.7681
O=C(Cc1nc(N2CCOCC2)cc(=O)[nH]1)Nc1cc(Cl)ccc1N1CCOCC1,0.7167
CN(C)CCn1cc(-c2ccnc(C(F)(F)F)c2)nc1C1CCN(c2ncnc(N)c2Br)CC1,0.8056
O=C(Cc1nc(N2CCOCC2)cc(=O)[nH]1)Nc1ccc(Cl)c(F)c1,0.8393
COc1cc(-c2cn(CCN3CCCC3)c(C3CCN(c4ncnc(N)c4Cl)CC3)n2)cc(F)c1F,0.7606
Cn1ncc(Br)c1-c1ccc(C(=O)NC2CNCCC2c2cccnc2)cc1,0.7164
Nc1ncnc(N2CCC(c3nc(-c4ccnc(O)c4)cn3CCN3CCCC3)CC2)c1Cl,0.7714
Cn1cc(-c2cn(CCN3CCC3)c(C3CCN(c4ncnc(N)c4Cl)CC3)n2)ccc1=O,0.7353
Cc1cc(-c2cn(CCN3CCCC3)c(C3CCN(c4ncnc(N)c4C#N)CC3)n2)cc(F)c1OC(F)F,0.7595
N#Cc1cc(NC(=O)Cc2nc(N3CCOCC3)cc(=O)[nH]2)ccc1F,0.8333
CCc1cc(-c2cn(CCN3CCCC3)c(C3CCN(c4ncnc(N)c4Cl)CC3)n2)ccn1,0.7671
Cn1ncc(Cl)c1-c1cc(F)c(C(=O)NC2CNCCC2c2ccc(F)cn2)cc1F,0.7429
NC(=O)c1cccc2c(NC(CN3CCCC3)c3ccc(F)cc3)ncnc12,0.9623
Cc1cc2c(nn1)-c1nc(-c3ccc(C4(N)CCC4)cc3)c(-c3ccccc3)n1CO2,0.7069
Cc1cc(-c2cn(CCNC(C)C)c(C3CCN(c4ncnc(N)c4Cl)CC3)n2)ccc1F,0.8
O=C(CCl)Nc1ccc(-c2nnc3n2-c2cccnc2Nc2ccccc2-3)cc1,0.7458
Cc1csc(C2CCNCC2NC(=O)c2ccc(-c3c(Cl)cnn3C)s2)n1,0.7206
O=C(NC(c1ccc(Cl)c(F)c1)C1CCNCC1)c1cccnc1,0.7377
Cn1nccc1-c1ccc(C(=O)NC2CNCCC2c2cccc(F)n2)cn1,0.7059
COc1ccc(-c2cn(CCN3CCCC3)c(C3CCN(c4ncnc(N)c4Cl)CC3)n2)c(F)c1,0.7027
COc1ccc(NC(=O)Cc2nc(N3CCOCC3)cc(=O)[nH]2)cc1OC,0.7167
COc1ccc(-c2cn(CCN3CCC3)c(C3CCN(c4ncnc(N)c4Br)CC3)n2)cc1F,0.8
Cc1noc(C2CCNCC2NC(=O)c2c(F)cc(-c3ccnn3C)cc2Cl)n1,0.7222
CC1SCc2ncnc(N3CCN(C(=O)C(Cc4ccc(Cl)cc4)NC(=O)CCN4CCCCC4)CC3)c21,0.7067
Cc1cc(-c2cn(CCNC(C)C)c(C3CCN(c4ncnc(N)c4Br)CC3)n2)ccc1F,0.8
Cc1cnc(C2CCNCC2NC(=O)c2c(F)cc(-c3c(Cl)cnn3C)cc2F)s1,0.7101
CCc1c(N)ncnc1N1CCC(c2nc(-c3ccncn3)cn2CCN2CCC2)CC1,0.7222
CNC(=O)c1cccc(-c2cn(CCN3CCC3)c(C3CCN(c4ncnc(N)c4Cl)CC3)n2)c1,0.72
CC(CNC(=O)c1cc(Br)c(-c2ccnc3[nH]ccc23)s1)c1ccccc1,0.8033
Cn1nccc1-c1ccc(C(=O)NC2CNCCC2c2ncc[nH]2)s1,0.7077
CC1(O)CC(N)(c2ccc(-c3nc4n(c3-c3ccccc3)COc3ccccc3-4)cc2)C1,1
NC(COc1cncc(-c2ccc3[nH]nc(Br)c3c2)c1)Cc1c(F)cc(F)cc1F,0.8136
O=C(Cc1nc(N2CCOCC2)cc(=O)[nH]1)Nc1cc(F)ccc1F,0.8545
Cn1ncc(Br)c1-c1cc(F)c(C(=O)NC2CNCCC2c2ccccn2)c(F)c1,0.7246
Cc1c(C#N)ccn2c(-c3ccccc3)c(-c3ccc(C4(N)CCC4)cc3)nc12,0.7636
CCNCCNc1ccc(-c2coc(C)n2)nc1C1CCN(c2ncnc3c2C(C)(C)C(=O)N3)CC1,0.7195
Cn1nccc1-c1ccc(C(=O)NC2CNCCC2c2ncon2)cc1F,0.7576
O=C(Cc1nc(N2CCOCC2)cc(=O)[nH]1)Nc1cccnc1,0.7288
NC1(c2ccc(-c3nc4n(c3-c3ccccc3)COc3cnccc3-4)cc2)CC1,0.9245
NC1(c2ccc(-c3nc4n(c3-c3ccccc3)COc3ccncc3-4)nc2)CC1,0.7377
CC1CCc2cc(F)ccc2N1C(=O)Cc1nc(N2CCOCC2)cc(=O)n1C,0.8413
N#Cc1ccc(-c2cn(CCN3CCC3)c(C3CCN(c4ncnc(N)c4Cl)CC3)n2)cc1,0.7727
N#Cc1c(N)ncnc1N1CCC(c2nc(-c3ccnc(C(F)(F)F)c3)nn2CCN2CCCC2)CC1,0.7179
COCC(=O)NC(Cc1ccc(Cl)cc1)C(=O)N1CCN(c2ncnc3[nH]cc(C)c23)CC1,0.7164
CC1SCc2ncnc(N3CCN(C(=O)C(Cc4ccc(Cl)cc4)NC(=O)CCN4CCCC4)CC3)c21,0.7162
Cc1c(OCC(N)Cc2c[nH]c3ccccc23)cncc1-c1ccc2n[nH]c(C)c2c1,0.7059
NC1(c2ccc(-c3nc4ccc(F)cn4c3-c3ccccc3)cc2)CCC1,0.76
CNc1ccc(CC(NC(=O)C2(N)CCN(c3ncnc4[nH]ccc34)CC2)c2ccc(Cl)cc2)nc1,0.7324
CNC(=O)c1cc(-c2cn(CCN3CCCC3)c(C3CCN(c4ncnc(N)c4Cl)CC3)n2)ccc1F,0.7703
Cc1ccc(C)c(CC(N)COc2cncc(-c3ccc4[nH]nc(C)c4c3)c2)c1,0.8305
Cn1nccc1-c1cc(F)c(C(=O)NC2CNCCC2c2cncc(F)c2)c(F)c1,0.7778
CCc1c(N)ncnc1N1CCC(c2nc(C3CCC3)cn2CCN2CCCCC2)CC1,0.7121
O=C(Cc1nc(N2CCOCC2)cc(=O)[nH]1)Nc1ccc(F)c(F)c1F,1
Cc1cc(-c2cn(CCN3CCCC3)c(C3CCN(c4cc(N)ncn4)CC3)n2)ccn1,0.7424
NC1(c2ccc(-c3nc4n(c3-c3ccccc3)COc3ccccc3-4)cc2)CCC1,1
O=C(CCCc1nc(N2CCOCC2)cc(=O)[nH]1)Nc1ccc(F)c(F)c1,0.7931
Nc1ncnc(N2CCC(c3nc(-c4ccccc4F)cn3CCN3CCCC3)CC2)c1Cl,0.7576
Nc1ncnc(N2CCC(c3nc(-c4ccnc(C5CC5)c4)cn3CCN3CCCC3)CC2)c1Cl,0.7714
Cn1c(CC(=O)Nc2cccc3cnccc23)nc(N2CCOCC2)cc1=O,0.7015
N#Cc1nccnc1N1CCC(c2nc(-c3ccc(F)c(F)c3)cn2CCN2CCCC2)CC1,0.7183
Cn1c(CC(=O)Nc2ccc(F)c(C3CCNCC3)c2)nc(N2CCOCC2)cc1=O,0.8889
CCOc1cccc(-c2cn(CCN3CCCC3)c(C3CCN(c4ncnc(N)c4Cl)CC3)n2)c1,0.7746
Cc1n[nH]c2cnc(-c3cncc(OCC(N)Cc4c(F)cccc4F)c3)cc12,1
CC(C)(C)NCCn1cc(-c2ccc(F)c(F)c2)nc1C1CCN(c2ncnc(N)c2Cl)CC1,0.7465
NC1(c2ccc(-c3nc4ccc(O)nn4c3-c3ccccc3)cc2)CCC1,0.7917
Nc1ncnc(N2CCC(c3nc(-c4ccc(Br)c(F)c4)cn3CCN3CCC3)CC2)c1Cl,0.8358
Cn1ncc(Cl)c1-c1csc(C(=O)NC2CNCCC2c2ncc(F)cc2F)c1,0.7361
O=C(CNC(=O)c1cc(Br)c(-c2ccnc3[nH]ccc23)s1)NC(CO)Cc1ccccc1,0.7353
Nc1ncnc(N2CCC(c3nc(-c4cncc(O)c4)cn3CCN3CCC3)CC2)c1Cl,0.7083
CCc1c(N)ncnc1N1CCC(c2nc(-c3cnccn3)cn2CCN2CCC2)CC1,0.7183
Cn1nccc1-c1ccc(C(=O)NC2CNCCC2c2cnccn2)s1,0.7231
Cn1ncc(Br)c1-c1cc(F)c(C(=O)NC2CNCCC2c2ccc(F)cn2)c(F)c1,0.7353
Cn1c(CC(=O)Nc2ccc(Cl)cc2)nc(N2CCOCC2)cc1=O,0.7458
N#Cc1c[nH]c2ncnc(N3CC4(CCOC4)c4ccccc43)c12,0.7458
O=C(Nc1ccc(-c2nnc3n2-c2cccnc2Nc2ccccc2-3)cc1)c1ccccc1Br,0.7667
Cc1cccc(C2CCNCC2NC(=O)c2cc(F)c(-c3c(Cl)cnn3C)cc2F)n1,0.7222
NC1(C(=O)NC(CC(=O)N2CCCC2)c2ccc(Cl)cc2)CCN(c2ncnc3[nH]ncc23)CC1,0.7647
CNCCn1cc(-c2ccnc(C(F)(F)F)c2)nc1C1CCN(c2ncnc(N)c2Cl)CC1,1
CC1SCc2ncnc(N3CCN(C(=O)C(Cc4ccc(Cl)cc4)NC(=O)c4cccs4)CC3)c21,0.7143
O=C(NC(c1ccc(Cl)c(F)c1)C1CCNCC1)c1ccc2cnccc2c1,1
Cn1nccc1-c1ccc(C(=O)NC2(c3ccc(Cl)c(Cl)c3)CCNCC2)cc1,0.7419
Cn1ncc(Cl)c1-c1ccc(C(=O)NC2CNCCC2c2ncccc2F)cc1,0.7353
Cn1cc(C2CCNCC2NC(=O)c2cc(-c3c(Cl)cnn3C)c(Cl)o2)cn1,0.8125
CCc1c(N)ncnc1N1CCC(c2nc(-c3cc(C)n(C)c3)cn2CC2CNC2)CC1,0.7397
Cn1cc(C2CCNCC2NC(=O)c2c(F)cc(-c3c(Cl)cnn3C)cc2Cl)cn1,0.7463
O=C(NCCO)Nc1ccc(-c2nnc3n2-c2cccnc2Nc2ccccc2-3)cc1,0.7097
NC(COc1cncc(-c2ccc(F)nc2)c1)Cc1c[nH]c2ccccc12,0.7869
Cc1c[nH]c2ncnc(N3CCC(N)C3)c12,0.7209
O=C(Cc1nc(N2CCOCC2)cc(=O)[nH]1)Nc1ccc(Cl)cc1,0.8
Cn1nccc1-c1ccc(C(=O)NC2CNCCC2c2ccc(F)c(F)n2)nc1,0.7
Cn1ncc(Br)c1-c1ccc(C(=O)NC2CNCCC2c2ncc(F)cc2F)cc1,0.7463
Nc1ncnc(N2CCC(c3nc(-c4ccc(F)c(O)c4)cn3CCN3CCCC3)CC2)c1Br,0.8636
O=C(Nc1ccc(-c2nnc3n2-c2cccnc2Nc2ccccc2-3)cc1)c1ccnc2ccccc12,0.7302
Cn1ncc(Cl)c1-c1ccc(C(=O)NC2CNCCC2c2cnccn2)s1,0.7576
O=C(NC1CCNC1)c1ccc2c(c1)OCCn1ncc(Cl)c1-2,0.7206
Cc1cccc(C2CCNCC2NC(=O)c2ccc(-c3c(Cl)cnn3C)s2)n1,0.7463
NC1(c2ccc(-c3nc4ccc(C(=O)NCc5ccccn5)nn4c3-c3ccccc3)cc2)CCC1,0.7576
CC(C)n1cnnc1-c1nc(NC(=O)c2cc(-n3cnc(C4CC4)c3)c(N3CCN4CCCC4C3)cn2)cs1,0.8721
Cn1nccc1-c1ccc(C(=O)NC2CNCCC2c2cc3ccccc3s2)s1,0.7
COc1ccc2ncnc(N3CCN(C(=O)C(N)Cc4ccc(Cl)cc4)CC3)c2c1,0.7869
Nc1n[nH]c2ccc(-c3cncc(OCC(N)Cc4cc(F)ccc4F)c3)cc12,0.7302
O=C(Nc1ccc(-c2nnc3n2-c2cccnc2Nc2ccccc2-3)cc1)c1ccccc1[N+](=O)[O-],0.7188
NC(Cc1ccc(Cl)cc1)C(=O)N1CCN(c2ncnc3[nH]nc(Cl)c23)CC1,0.7288
Cc1cc(F)cc(C2CCNCC2NC(=O)c2ccc(-c3c(Cl)cnn3C)cc2)n1,0.7143
Cc1ccc(C=C2C(=O)Nc3ccc(-c4cncc(OCC(N)Cc5ccccc5)c4)cc32)o1,0.7746
CNCC(Nc1ncnc2c(C(N)=O)ccnc12)c1ccc(F)c(Cl)c1,0.8475
Nc1ncnc(N2CCC(c3nc(-c4cccc(Cl)c4)cn3CCN3CCC3)CC2)c1Cl,0.8209
Cc1nc(N2CCN(C(=O)C(N)Cc3ccc(Cl)c(Cl)c3)CC2)c2ccccc2n1,0.7377
Cc1c(C2CCNCC2NC(=O)c2cc(F)c(-c3ccnn3C)cc2F)cnn1C,0.7424
CC1SCc2ncnc(N3CCN(C(=O)C(Cc4ccc(Cl)cc4)CN4CCC(F)(F)CC4)CC3)c21,0.8382
Cn1ncc(Br)c1-c1cc(F)c(C(=O)NC2CNCCC2c2ncc[nH]2)cc1F,0.7183
Cc1cc(F)ccc1-c1cn(CCNC(C)C)c(C2CCN(c3ncnc(N)c3C#N)CC2)n1,0.7692
Fc1ccc(-c2cn(CCN3CCCC3)c(C3CCN(c4ncccn4)CC3)n2)cc1F,0.7031
N#Cc1c(N)ncnc1N1CCC(c2nc(-c3ccc(F)cc3)cn2CCN2CCCC2)CC1,1
Cn1c(CC(=O)N2CCCc3ccccc32)nc(N2CCCC2)cc1=O,0.7544
CC(n1cnnc1-c1nc(NC(=O)c2cc(-n3cnc(C4CC4)c3)c(N3CCN(C4CC4)CC3)cn2)cs1)C(F)(F)F,1
Cc1n[nH]c2ccc(-c3cncc(OCC(N)Cc4cccc(F)c4F)c3)cc12,1
CCc1c(N)ncnc1N1CCC(c2nc(-c3cncs3)cn2CCN2CCCC2)CC1,0.7143
O=C(Cc1nc(N2CCOCC2)cc(=O)[nH]1)Nc1ccccc1C(F)(F)F,0.8475
NC(=O)c1c(N)ncnc1N1CCC(c2nc(-c3cncc(C(F)(F)F)c3)cn2CCN2CCCC2)CC1,0.8133
CNCCn1cc(-c2ccc(F)c(C(F)(F)F)c2)nc1C1CCN(c2ncnc(N)c2Cl)CC1F,0.8514
Cn1c(CC(=O)N2CCc3ccccc32)nc(N2CCOCC2)cc1=S,0.807
Cn1cc(C2CCNCC2NC(=O)c2ccc(-c3ccnn3C)cc2F)cn1,0.8197
Cn1nccc1-c1ccc(C(=O)NC2CNCCC2c2ncccn2)c(F)c1,0.7742
NC(COc1cnc(Cl)c(-c2ccc3cnccc3c2)c1)Cc1c[nH]c2ccccc12,1
O=C(NC1(c2ccc(-c3nnc4n3-c3cccnc3Nc3ncccc3-4)cc2)CCC1)c1ccsc1,0.7
Cc1n[nH]c2cnc(-c3cc(OCC(N)Cc4ccccc4)cnc3Cl)cc12,0.7213
CC(=O)NCCn1cc(-c2ccc(F)c(C)c2)nc1C1CCN(c2ncnc(N)c2Cl)CC1,0.7308
NC(=O)c1cccc2c(NC(CN3CCC3)c3ccc(F)cc3F)ncnc12,0.7742
CC1Cc2ccc(F)cc2N1C(=O)Cc1nc(N2CCCC2)cc(=O)n1C,0.7344
CNCCn1cc(-c2ccc(F)c(F)c2)nc1C1CCN(c2ncnc(N)c2C#N)CC1,0.8841
Cn1ncc(Cl)c1-c1cc(F)c(C(=O)NC2CNCCC2c2cnc(F)c(F)c2)c(F)c1,0.8
Cn1cc(-c2cccc(F)c2)nc1C1CCN(c2ncnc(N)c2C#N)CC1,0.7536
NC1(c2ccc(-c3nc4n(c3-c3ccccc3)COc3nccnc3-4)cc2)CCC1,0.7857
Cn1cc(C2CCNCC2NC(=O)c2ccc(-c3ccnn3C)cc2)cn1,0.7258
N#Cc1c(N)ncnc1N1CCC(c2nc(C(F)(F)F)cn2CCN2CCCCC2)CC1,0.7231
N#CCc1cc(-c2cn(CCN3CCC3)c(C3CCN(c4ncnc(N)c4Cl)CC3)n2)ccc1F,0.7778
Cn1nccc1-c1ccc(C(=O)NC2CNCCC2c2cnccn2)cc1F,0.7313
NC(COc1cncc(-c2ccc3c(c2)CC(=O)N3)c1)Cc1ccccc1C(F)(F)F,0.7
CC1Cc2c(Cl)cccc2N1C(=O)Cc1nc(N2CCOCC2)cc(=O)n1C,0.8254
NC(Cc1ccc(C(F)(F)F)cc1)C(=O)N1CCN(c2ncnc3cccc(Cl)c23)CC1,0.7377
N#Cc1c(N)ncnc1N1CCC(c2nc(-c3cccc(F)c3)cn2CCCC(=O)NCCN2CCOCC2)CC1,0.7059
Cn1cc(-c2cn(CCN3CCCC3)c(C3CCN(c4ncnc(N)c4Br)CC3)n2)ccc1=O,0.7612
Cn1nccc1-c1ccc(C(=O)NC2CNCCC2Nc2cc(F)ccc2F)c(F)c1,0.7077
CS(=O)(=O)c1ccc(-c2cnc3cc(-c4ccccc4)c(-c4ccc(C5(N)CCC5)cc4)nn23)cn1,0.7344
Cn1nccc1-c1cc(F)c(C(=O)NC2CNCCC2c2cnc(F)c(F)c2)c(Cl)c1,0.8088
N#Cc1c(N)ncnc1N1CCC(c2nc(-c3ccc(F)c(F)c3)cn2CCNC2CCCCC2)CC1,0.8649
COc1ncc(-c2cn(CCN3CCCC3)c(C3CCN(c4ncnc(N)c4Cl)CC3)n2)cc1F,0.75
CC(C)NCCn1cc(-c2ccc(F)c(C(F)(F)F)c2)nc1C1CCN(c2ncnc3ccsc23)CC1,0.7108
NC(Cc1ccccc1F)C(=O)N1CCN(c2ncnc3ccccc23)CC1,0.7414
NC1(c2ccc(-c3nc4n(c3-c3ccsc3)COc3ccccc3-4)cc2)CCC1,1
CCN(CC)CCn1cc(-c2ccc(F)c(C)c2)nc1C1CCN(c2ncnc(N)c2Cl)CC1,0.831
Cn1ncc(Br)c1-c1cc(F)c(C(=O)NC2CNCCC2c2cncc(F)c2)c(F)c1,0.7846
Cc1n[nH]c2ccc(-c3cncc(OCC(N)Cc4ccc(C5CC5)cc4)c3)cc12,0.7705
CC1SCc2ncnc(N3CCN(C(=O)C(Cc4ccc(Cl)cc4)NC(=O)c4ccc(Cl)cc4)CC3)c21,0.7538
CCc1c(N)ncnc1N1CCC(c2nc(-c3ccc(F)cn3)cn2CCN2CCCC2)CC1,0.8182
Cc1nc(N)nc2c1cc(-c1cnn(C)c1)c(=O)n2C1CCC(OCO)CC1,0.75
O=C(Cc1nc(N2CCOCC2)cc(=O)[nH]1)NC(=O)c1c(F)cccc1F,0.7049
CS(=O)(=O)c1ccc(-c2cn(CCN3CCC3)c(C3CCN(c4ncnc(N)c4C#N)CC3)n2)cc1F,0.8219
Nc1ncnc(N2CCC(c3nc(-c4ccc(C(F)F)c(F)c4)cn3CCN3CCCC3)CC2)c1Cl,0.8382
NC(=O)c1c(N)ncnc1N1CCC(c2nc(-c3ccncn3)cn2CCN2CCCC2)CC1,0.7123
NC1(c2ccc(-c3nc4ccc(Br)cn4c3-c3ccccc3)cc2)CCC1,1
N#Cc1ccc(-c2cn(CCN3CCCC3)c(C3CCN(c4ncnc(N)c4C#N)CC3)n2)cc1F,0.8824
O=C(Cc1nc(N2CCOCC2)cc(=O)[nH]1)NCc1c(F)ccc(F)c1F,0.7167
CNCC(Nc1ncnc2c(C(N)=O)ccnc12)c1ccc(Cl)c(C)c1,1
Cc1nnc(C2CCNCC2NC(=O)c2ccc(-c3c(Br)cnn3C)o2)o1,0.7206
N#Cc1c(N)ncnc1N1CCC(c2nc(-c3cccnc3)cn2CCN2CCCC2)CC1,0.7639
Cn1nccc1-c1cc(F)c(C(=O)NC2CNCCC2c2ccc(F)cn2)c(Cl)c1,0.7324
Nc1ncnc(N2CCC(c3nc(-c4ccnc(O)c4)cn3CCN3CCOCC3)CC2)c1Cl,0.7027
O=C(Cc1nc(N2CCOCC2)cc(=O)[nH]1)Nc1ccc(F)c(Cl)c1,0.8393
Cn1nccc1-c1cc(F)c(C(=O)NC2CNCCC2c2cnccn2)cc1F,0.7576
Nc1ncnc(N2CCN(C(=O)C(N)Cc3ccc(Cl)cc3)CC2)c1Cl,1
NC(Cc1cc(F)cc(F)c1)C(=O)N1CCN(c2ncnc3ccccc23)CC1,0.7895
Cc1cc(F)ccc1NC(=O)Cc1nc(N2CCOCC2)c(Br)c(=O)[nH]1,0.7031
NC(Cc1ccc(Cl)cc1)C(=O)N1CCN(c2ncnc3ccc(Cl)nc23)CC1,0.7069
Fc1ccc(-c2cn(CCN3CCC3)c(C3CCN(c4ncncc4Br)CC3)n2)cc1F,0.7246
CS(=O)(=O)Nc1ccc(CC(NC(=O)C2(N)CCN(c3ncnc4[nH]nc(Br)c34)CC2)c2ccc(Cl)cc2)cc1,0.7105
O=C(NCc1ccccc1)c1cc(Br)c(-c2ccnc3[nH]ccc23)s1,0.7213
Cc1nccn2c(-c3ccccc3)c(-c3ccc(C4(N)CCC4)cc3)nc12,0.7308
Cn1c(CC(=O)Nc2cc(F)c(F)cc2Br)nc(N2CCOCC2)cc1=O,0.7377
NC(Cc1ccc(F)c(F)c1)C(=O)N1CCN(c2ncnc3[nH]ncc23)CC1,0.7213
Cn1ncc(Cl)c1-c1ccc(C(=O)NC2CNCCC2c2ncc(F)s2)cc1,0.7059
NC1(c2ccc(-c3nc4ccc(C(=O)NCC5CCNCC5)nn4c3-c3ccccc3)cc2)CCC1,0.7353
Cn1c(CC(=O)N2CCc3cc(F)c(F)cc32)nc(N2CCOCC2)cc1=O,1
NC(=O)c1cc(Br)c2nc(-c3ccc(C4(N)CCC4)cc3)c(-c3ccccc3)n2n1,0.807
N#Cc1c(N)ncnc1N1CCC(c2nc(-c3ccnnc3)cn2CCN2CCC2)CC1,0.7857
Cn1nccc1-c1cc(F)c(C(=O)NC2CNCCC2c2cc(Br)no2)cc1F,0.7206
Nc1ncnc(N2CCC(c3nc(-c4cccc(Cl)c4)cn3CCN3CCCC3)CC2)c1Cl,0.8462
NC(=O)c1cccc2c(NC(CN3CCC3)c3cccc(F)c3)ncnc12,1
Cn1cc(C2CCNCC2NC(=O)c2cc(Cl)c(-c3c(Cl)cnn3C)cc2F)cn1,0.7246
Cn1nccc1-c1ccc(C(=O)NC2CNCCC2c2nc3cc(F)ccc3[nH]2)cc1F,0.7042
Cc1ccc(CNC(=O)C2(N)CCN(c3ncnc4[nH]ccc34)CC2)cc1,0.8182
Cc1ccnc(-c2cn(CCN3CCCC3)c(C3CCN(c4ncnc(N)c4C#N)CC3)n2)n1,0.7083
Cc1cc(C)c2nc(-c3ccc(C4(N)CCC4)cc3)c(-c3ccccc3)n2c1,1
Cc1occc1-c1nc(N)c(OCC(N)Cc2c[nH]c3ccccc23)cc1-c1cnccn1,0.7632
O=C(Cc1nc(=O)cc(N2CCOCC2)[nH]1)N1CCc2ccc(F)cc21,0.7377
CNC(=O)c1c(N)ncnc1N1CCC(c2nc(-c3cccc(Cl)c3)cn2CCN2CCCC2)CC1,0.8356
Cc1cc(C(=O)Nc2ccc(-c3nnc4n3-c3cccnc3Nc3ccccc3-4)cc2)[nH]n1,0.7581
Cn1c(CC(=O)N2CCOc3ccccc32)nc(N2CCOCC2)cc1=O,0.7458
NC1(C(=O)NC(CC(=O)N2CCCC2)c2ccc(Cl)cc2)CCN(c2ncnc3[nH]ccc23)CC1,0.8281
Cn1cc(-c2cnc3c(-c4csc(C(=O)NC5CCNCC5)c4)cnn3c2)cn1,0.7015
Cc1cc(-c2cn(CCNC(C)C)c(C3CCN(c4ncnc5ccsc45)CC3)n2)ccc1F,0.7
Cn1nccc1-c1ccc(C(=O)NC2CNCCC2c2ncccn2)cn1,0.7188
COc1ccc(-c2cn(CCN3CCCC3)c(C3CCN(c4ncnc(N)c4Cl)CC3)n2)cc1OC,0.7571
O=C(NC1CNCCC1c1ccsc1)c1ccc(-c2cn[nH]c2)o1,0.7419
NC(COc1cncc(-c2ccc3[nH]ncc3c2)c1)Cc1c[nH]c2ccccc12,1
Cn1nccc1-c1cc(F)c(C(=O)NC2CNCCC2c2ncccn2)c(F)c1,0.7581
CCOc1c(N)ncnc1N1CCC(c2nc(-c3ccc(F)cn3)cn2CCN2CCCC2)CC1,0.72
COc1ccc2c(c1)CC(C)N2C(=O)Cc1nc(N2CCOCC2)cc(=O)n1C,0.7846
Cn1c(CC(=O)N2CCc3c(OC(F)F)cccc32)nc(N2CCOCC2)cc1=O,1
CC1Cc2ccccc2N1C(=O)Cc1nc(N2CCOCC2)cc(=O)n1C1CC1,0.7903
O=C(Cc1nc(N2CCOCC2)cc(N2CCOCC2)n1)Nc1ccc(F)cc1F,0.7143
Cn1ncc(Br)c1-c1cc(F)c(C(=O)NC2CNCCC2c2nccs2)c(F)c1,0.7
Cn1ncc(Cl)c1-c1cc(F)c(C(=O)NC2CNCCC2c2nc(Cl)ccc2F)c(F)c1,0.7846
Cc1ncc(CC(N)COc2cncc(-c3ccc4[nH]nc(C)c4c3)c2)cc1N(C)C,0.7143
Nc1ncnc(N2CCC(c3nc(-c4cnc(S)nc4)cn3CCN3CCC3)CC2)c1Cl,0.7273
CN(C)Cc1cccc(-c2cn(CCN3CCC3)c(C3CCN(c4ncnc(N)c4C#N)CC3)n2)c1,0.75
NC(CC(=O)N1CCN(c2ncnc3ccccc23)CC1)Cc1ccc(Cl)cc1,0.7544
CC(C)CCNC(=O)c1ccc2nc(-c3ccc(C4(N)CCC4)cc3)c(-c3ccccc3)n2c1,0.7143
NC1(c2ccc(-c3nc4ccc(Cl)nn4c3-c3ccccc3)cc2)CCC1,1
O=C(NC(c1cccnc1)C1CCNC1)c1ccc(Cl)c(Cl)c1,0.7049
NC1(c2ccc(-c3nc4cc(Cl)ccn4c3-c3ccccc3)cc2)CCC1,0.7647
Cc1cc(-c2cn(CCN3CCOCC3)c(C3CCN(c4ncnc(N)c4Cl)CC3)n2)ccc1F,0.7606
O=C(Nc1ccc(-c2nnc3n2-c2cccnc2Nc2ccccc2-3)cc1)c1cccnc1F,0.7667
Cn1cc(-c2cn(CCN3CCCC3)c(C3CCN(c4ncnc(N)c4Br)CC3)n2)cn1,0.7538
Nc1ncnc(N2CCC(c3nc(-c4cncc(F)c4)cn3CCN3CCC3)CC2)c1Cl,0.7681
Cn1ncc(Cl)c1-c1cc(F)c(C(=O)NC2CNCCC2c2ncc(F)cc2F)c(F)c1,0.7313
Nc1ncnc(N2CCC(c3nc(-c4ccc(F)c(F)c4)cn3CCN3CCC3)CC2)c1Br,0.9672
Cc1cc(-c2cn(CCN3CCC3)c(C3CCN(c4ncnc(N)c4C(N)=O)CC3)n2)ccc1F,1
Nc1ccc(-c2cn(CCN3CCC3)c(C3CCN(c4ncnc(N)c4Cl)CC3)n2)cc1,0.8361
Cn1nccc1-c1ccc(C(=O)NC2CNCCC2c2ccc(F)nc2)s1,0.7538
Cn1cc(-c2ccc(C(F)(F)F)c(F)c2)nc1C1CCN(c2ncnc(N)c2Cl)CC1,0.7059
O=C(Cc1nc(N2CCOCC2)cc(=O)[nH]1)Nc1ccc(Br)cc1F,0.8246
Cn1ncc(Cl)c1-c1cc(F)c(C(=O)NC2CNCCC2c2nccs2)c(F)c1,0.7101
Cc1cc(-c2cn(CCCN(C)C)c(C3CCN(c4ncnc(N)c4Cl)CC3)n2)ccc1F,0.7432
CC(C)n1cc(C2CCNCC2NC(=O)c2ccc(-c3c(Br)cnn3C)o2)cn1,0.75
COc1ccc(-n2c(CC(=O)N3CCc4c3ccc(F)c4F)nc(N3CCOCC3)cc2=O)cc1,0.7246
Cn1nccc1-c1ccc(C(=O)NC2CNCCC2c2cnc(CF)nc2)cc1F,0.7612
CNCCn1cc(-c2cncnc2)nc1C1CCN(c2ncnc(N)c2Cl)CC1,0.7042
O=C(Nc1ccc(-c2nnc3n2-c2cccnc2Nc2ccccc2-3)cc1)c1cnccn1,0.7541
NC(=O)c1c(N)ncnc1N1CCC(c2nc(-c3cccc(F)c3)cn2CCN2CCCCC2)CC1,0.8194
NC1(c2ccc(-c3nc4n(c3-c3ccccc3)COc3cccnc3-4)cc2)CCC1,1
NC1(c2ccc(-c3nc4cc(CO)ccn4c3-c3ccccc3)cc2)CCC1,0.7222
O=C(Nc1ccc(Cl)cc1)Nc1ccc(-c2nnc3n2-c2cccnc2Nc2ccccc2-3)cc1,0.7458
Cc1cc(-c2cn(CC3CNC3)c(C3CCN(c4ncnc(N)c4Cl)CC3F)n2)ccc1F,0.8182
CNCCn1cc(-c2ccnc(F)c2)nc1C1CCN(c2ncnc(N)c2Br)CC1,0.8143
Cc1ccc(NC(=O)Cc2nc(N3CCOCC3)cc(=O)n2C)cc1Cl,0.7097
Cn1ncc(Cl)c1-c1ccc(C(=O)NC2CNCCC2c2ccc(F)nc2)cc1,0.7846
NC(=O)c1c(N)ncnc1N1CCC(c2nc(-c3ccncn3)cn2CCN2CCCCC2)CC1,0.7027
Cn1c(CC(=O)N2CCc3c(OC(F)F)cccc32)nc(N2CCCC2)cc1=O,0.8594
Cc1cc(C)nc(C2CCNCC2NC(=O)c2cc(F)c(-c3c(Cl)cnn3C)cc2F)n1,0.75
CC1Cc2cc(F)c(F)cc2N1C(=O)Cc1nc(N2CCCC2)cc(=O)n1C,0.8448
CNCCn1cc(-c2ccc(F)c(C(F)(F)F)c2)nc1C1CCN(c2ncnc(N)c2F)CC1,0.8219
O=C(Cc1nc(N2CCOCC2)cc(=O)[nH]1)Nc1cccc(Br)c1,1
Cn1nccc1-c1ccc(C(=O)NC2CNCCC2F)c(Cl)c1,0.7419
Fc1cccc(-c2cn(CCN3CCCC3)c(C3CCN(c4cc(Cl)ncn4)CC3)n2)c1,0.7246
Cn1ncc(Cl)c1-c1cc(C(=O)NC2CNCCNC2c2ccc(Cl)c(F)c2)oc1Cl,0.7222
Cc1cccc(C2CCNCC2NC(=O)c2cc(-c3c(Cl)cnn3C)c(Cl)o2)n1,0.7794
Cc1cc(F)cc(-c2cn(CCN3CCCC3)c(C3CCN(c4ncnc(N)c4C#N)CC3)n2)c1,0.7917
N#Cc1cc(-c2cn(CCN3CCCC3)c(C3CCN(c4ncnc(N)c4C#N)CC3)n2)ccc1F,0.8824
COCC1Cc2ccc(F)cc2N1C(=O)Cc1nc(N2CCOCC2)cc(=O)n1C,0.7
Cc1n[nH]c2cnc(-c3cncc(OCC(N)Cc4cc(F)cc(F)c4)c3)cc12,0.8305
Cn1nccc1-c1cc(F)c(C(=O)NC2CNCCC2c2cccc(F)n2)cc1F,0.7576
Cn1ncc(Cl)c1-c1cc(C(=O)NC2(c3cccc(F)c3)CCNCC2)oc1Cl,0.7969
Nc1ncnc(N2CCC(c3nc(-c4ccc(O)c(F)c4)cn3CCN3CCCC3)CC2)c1Br,0.8636
CCc1ccc(C2CCNCC2NC(=O)c2cc(F)c(-c3ccnn3C)cc2F)s1,0.7101
N#Cc1c(N)ncnc1N1CCC(c2nc(-c3cc(Cl)ccn3)cn2CCN2CCCCC2)CC1,0.7887
Nc1ncnc(N2CCC(c3nc(-c4ccncn4)cn3CCN3CCCC3)CC2)c1Cl,0.7273
Cc1n[nH]c2ccc(-c3cncc(OCC(N)Cc4ccccc4Cl)c3)cc12,1
CNc1ccc(-c2cn(CCN3CCCC3)c(C3CCN(c4ncnc(N)c4Cl)CC3)n2)cc1F,0.8261
N#Cc1c(N)ncnc1N1CCC(c2nc(CC3CCNCC3)cn2CCN2CCC2)CC1,0.7015
Nc1ncnc(N2CCC(c3nc(-c4ccc(CO)cc4)cn3CCN3CCC3)C(F)C2)c1Cl,0.7308
NC1(c2ccc(-c3nc4ccc(-c5ccncc5)nn4c3-c3ccccc3)cc2)CCC1,0.717
O=C(Nc1ccc(-c2nnc3n2-c2cccnc2Nc2ccccc2-3)cc1)c1cccc(F)n1,0.7302
NC1(C(=O)NCc2ccc(Cl)cc2)CCN(c2ncnc3[nH]ncc23)CC1,0.7414
Cn1c(CC(=O)Nc2ccc(F)c(Br)c2)nc(N2CCOCC2)c(F)c1=O,0.7302
CNCC(=O)NC(Cc1ccc(Cl)cc1)C(=O)N1CCN(c2ncnc3[nH]cc(C)c23)CC1,0.7273
CC(=O)c1cccn2c(-c3ccccc3)c(-c3ccc(C4(N)CCC4)cc3)nc12,0.8302
CC1Cc2cc(F)ccc2N1C(=O)Cc1nc(N2CCOCC2)c(Br)c(=O)[nH]1,0.8438
Cn1nccc1-c1cc(F)c(C(=O)NC2CNCCC2c2cnc(F)c(F)c2)cc1F,0.8
O=C(Cc1nc(N2CCOCC2)cc(=O)[nH]1)Nc1ccc(Br)c(C(F)(F)F)c1,0.7581
Cn1cc(-c2cn(CCN3CCC3)c(C3CCN(c4ncnc(N)c4Cl)CC3)n2)cn1,0.7273
Cc1nc(C)c2nc(-c3ccc(C4(N)CCC4)cc3)c(-c3ccccc3)n2n1,0.7037
Cn1c(CC(=O)N2CCc3c(Cl)cccc32)nc(N2CCOCC2)cc1=O,1
CCOc1c(N)ncnc1N1CCC(c2nc(-c3ccc(F)c(C)c3)cn2CCN2CCCC2)CC1,1
NC(=O)c1c(N)ncnc1N1CCC(c2nc(-c3cc(F)ccn3)cn2CCN2CCCC2)CC1,0.7397
Cc1n[nH]c2ncc(-c3cncc(OCC(N)Cc4ccc(F)c(F)c4)c3)cc12,0.7031
Cc1cc(-c2cn(CCN3CCC(N)C3)c(C3CCN(c4cc(N)ncn4)CC3)n2)ccc1F,0.7042
CCOc1cc(-c2cn(CCN3CCCC3)c(C3CCN(c4ncnc(N)c4Cl)CC3)n2)ccc1F,0.8143
NC1(c2ccc(-c3nc4ccc(C(=O)NCCC5=CCCCC5)nn4c3-c3ccccc3)cc2)CCC1,0.7143
O=C(Cc1nc(N2CCOCC2)cc(=O)[nH]1)Nc1ccc(Cl)c(C(F)(F)F)c1,0.7097
Nc1ncnc(N2CCC(c3nc(-c4cnc(OC5CC5)c(F)c4)cn3CCN3CCC3)CC2)c1Cl,0.7162
O=C(Nc1ccc(-c2nnc3n2-c2cccnc2Nc2ccccc2-3)cc1)c1cccs1,0.7541
Nc1ncnc(N2CCC(c3nc(-c4ccc(Cl)cc4F)cn3CC3CNC3)CC2)c1Cl,0.7297
COc1ccc(-c2cn(CCN3CCC3)c(C3CCN(c4ncnc(N)c4Cl)CC3F)n2)cc1,0.7215
Cc1cnc(C2CCNCC2NC(=O)c2cc(F)c(-c3c(Br)cnn3C)cc2F)s1,0.7083
O=C(Cc1nc(N2CCOCC2)cc(=O)n1-c1ccccc1)Nc1ccc(F)c(Br)c1,0.75
Cn1nccc1-c1cc(F)c(C(=O)NC2CNCCC2c2nccs2)cc1F,0.7424
Cc1n[nH]c2ccc(-c3cncc(OCC(N)Cc4cccc(Cl)c4)c3)cc12,1
CC1SCc2ncnc(N3CCN(C(=O)C(CNC(=O)c4ccc(Cl)s4)Cc4ccc(Cl)c(F)c4)CC3)c21,0.7625
COc1cc(-c2cn(CCN3CCC3)c(C3CCN(c4ncnc(N)c4Cl)CC3)n2)ccc1F,0.8219
CC1OCc2ncnc(N3CCN(C(=O)C(Cc4ccc(Cl)cc4)NC(=O)c4ccc(F)cc4)CC3)c21,0.7
Nc1ncnc(N2CCC(c3nc(-c4c(F)cccc4F)cn3CCN3CCCCC3)CC2)c1Cl,0.7647
Cc1c(-c2cn(CCN3CCC3)c(C3CCN(c4ncnc(N)c4Cl)CC3)n2)ccc(F)c1F,0.7183
Cn1nccc1-c1ccc(C(=O)NC2CNCCC2c2nn[nH]n2)cc1F,0.7313
O=C(Cc1nc(N2CCOCC2)cc(=O)[nH]1)Nc1cccc(-c2ccc(F)cc2)c1,0.7258
CC(C)(C)OCC(NC(=O)C1(N)CCN(c2ncnc3[nH]ccc23)CC1)c1cccc(Cl)c1,0.7746
Cc1cc(Cl)cn2c(-c3ccnnc3)c(-c3ccc(C4(N)CCC4)cc3)nc12,0.7544
Cc1n[nH]c2ccc(-c3cncc(OCC(N)Cc4cccc(Br)c4)n3)cc12,0.7231
N#Cc1c(O)ccn2c(-c3ccccc3)c(-c3ccc(C4(N)CCC4)cc3)nc12,0.7018
N#Cc1c(N)ncnc1N1CCC(c2nc(-c3cnccn3)cn2CCN2CCCCC2)CC1,0.7059
NC1(c2ccc(-c3nc4ccc(C(=O)NCCc5ccc(F)cc5)nn4c3-c3ccccc3)cc2)CCC1,0.7353
COc1cncc(-c2cn(CCN3CCCC3)c(C3CCN(c4ncnc(N)c4C(N)=O)CC3)n2)c1,0.7037
Cn1nccc1-c1ccc(NC(=O)Cc2nc(N3CCOCC3)cc(=O)[nH]2)cc1F,0.7344
COc1cc(-c2cn(CCN3CCCC3)c(C3CCN(c4ncnc(N)c4C(N)=O)CC3)n2)ccn1,0.7838
Nc1n[nH]c2ccc(-c3cncc(OCC(N)Cc4c(F)cccc4F)c3)cc12,0.8421
NCC(Cc1ccc(Cl)cc1)C(=O)N1CCN(c2ncnc3[nH]ncc23)CC1,0.7627
Nc1ncnc(N2CCC(c3nc(-c4cc(F)c(F)[n+]([O-])c4)cn3CCN3CCCC3)CC2)c1Cl,0.7714
COCCNC(=O)c1cccn2c(-c3ccccc3)c(-c3ccc(C4(N)CCC4)cc3)nc12,0.7742
O=C(Cc1nc(N2CCOCC2)cc(=O)[nH]1)Nc1ccc(F)cc1Cl,0.8246
Cc1cc(Cl)c(NC(=O)Cc2nc(N3CCOCC3)cc(=O)[nH]2)cc1C,0.7049
O=C(N1CCN(c2ncnc3[nH]nc(Br)c23)CC1)C1(c2ccccc2)CCNCC1,0.8596
CC(C)NCCn1cc(-c2ccc(F)c(C(F)(F)F)c2)nc1C1CCN(c2ncnc(N)c2Cl)CC1,0.8077
O=C(NC(c1cc(F)cc(F)c1)C1CNC1)c1ccc2cnccc2c1,0.7193
Cc1ccccc1C(=O)Nc1ccc(-c2nnc3n2-c2cccnc2Nc2ccccc2-3)cc1,0.7797
NC1(C(=O)Nc2ccc(Cl)cc2)CCN(c2ncnc3[nH]ccc23)CC1,0.75
Cn1c(CC(=O)Nc2ccc(F)c(C3CC3)c2)nc(N2CCCCC2)cc1=O,0.8361
NC(=O)NCCn1cc(-c2ccc(F)c(C(F)(F)F)c2)nc1C1CCN(c2ncnc(N)c2Cl)CC1,0.7532
O=C(Cc1nc(N2CCOCC2)cc(=O)[nH]1)Nc1cccc(-c2cccnc2)c1,0.7143
O=C(NC(Cc1ccc(Cl)cc1)C(=O)N1CCN(c2ncnc3[nH]ccc23)CC1)c1ccc(F)cc1,0.7031
N#Cc1c(N)ncnc1N1CCC(c2nc(-c3ccnnc3)cn2CCN2CCCC2)CC1,0.7681
Cc1n[nH]c2ccc(-c3cncc(OCC(N)Cc4ccc(F)c(F)c4F)c3)cc12,1
C=Cc1cn2c(-c3ccccc3)c(-c3ccc(C4(N)CCC4)cc3)nc2c(C)n1,0.7593
COc1ncc(-c2cc3c(C)nc(N)nc3n(C3CCOCC3)c2=O)cc1F,0.75
Nc1ncnc(N2CCC(c3nc(-c4ccnc(Br)c4)cn3CCN3CCCC3)CC2)c1Cl,0.7606
CC1Cc2cc(Cl)ccc2N1C(=O)Cc1nc(N2CCOCC2)cc(=O)n1C,0.8095
CNCCn1cc(-c2ccc(F)nc2)nc1C1CCN(c2ncnc(N)c2C#N)CC1,0.7808
Cc1cc(F)cc(-c2cn(CCN3CCCC3)c(C3CCN(c4ncnc(N)c4Br)CC3)n2)c1,0.7826
NC(Cc1ccc(Cl)c(Cl)c1)C(=O)N1CCN(c2ncnc3cc(Br)ccc23)CC1,0.7833
NC(=O)c1ccnn2c(-c3ccccc3)c(-c3ccccc3)nc12,0.7347
CC(Cc1ccc(Cl)c(F)c1)C(=O)N1CCN(c2ncnc3c2C(C)SC3)CC1,0.8333
CNCCn1cc(-c2ccc(F)c(C)c2)nc1C1CCN(c2cc(N)ncn2)CC1,0.7027
CC(NC(=O)C1(N)CCN(c2ncnc3[nH]ccc23)CC1)c1ccc(F)cc1,1
Cc1cc(F)cc(NC(=O)Cc2nc(N3CCOCC3)cc(=O)[nH]2)c1,0.8679
CC(C)(C)NCCn1cc(-c2cccc(F)c2)nc1C1CCN(c2ncnc(N)c2Cl)CC1,0.75
Cn1ncc(Cl)c1-c1ccc(C(=O)NC2CNCCC2c2ncc(F)cn2)cc1,0.7424
Nc1ncnc(N2CCC(c3nc(-c4ccncc4F)cn3CCN3CCCC3)CC2)c1Cl,0.7246
Cn1nccc1-c1cc(F)c(C(=O)NC2CNCCC2c2cnncc2F)c(F)c1,0.7344
N#Cc1c(N)ncnc1N1CCC(c2nc(C3CCN(C4CCOC4)CC3)cn2CCN2CCC2)CC1,0.7647
Cc1nc(C2CCNCC2NC(=O)c2ccc(-c3ccnn3C)cc2F)ccc1F,0.7424
CN(C)CCNC(=O)c1ccc2c(c1)-c1nc(-c3ccc(C4(N)CCC4)cc3)c(-c3ccccc3)n1CO2,0.7125
Nc1ncnc(N2CCC(c3nc(-c4ccc(CO)c(Br)c4)cn3CCN3CCCC3)CC2)c1Cl,0.7361
N#Cc1ccc(F)c(-c2cn(CCN3CCC3)c(C3CCN(c4ncnc(N)c4Cl)CC3)n2)c1,0.7027
Cc1ccnc(C2CCNCC2NC(=O)c2ccc(-c3c(Cl)cnn3C)s2)n1,0.7101
CC1(O)CC(N)(c2ccc(-c3nc4n(c3-c3ccccc3)COc3cc(C#N)ccc3-4)cc2)C1,1
Nc1cc(N2CCC(c3nc(-c4cc(F)cc(Cl)c4)cn3CCN3CCCC3)CC2)ncn1,0.7576
NC(COc1cncc(-c2ccc3[nH]nc(-c4ccccc4)c3c2)c1)Cc1ccccc1,0.7719
Cn1nccc1-c1ccc(C(=O)NC2CNCCC2c2nc(F)ccc2F)s1,0.7121
CN(C)CCn1cc(-c2cnn(C)c2)nc1C1CCN(c2ncnc(N)c2Cl)CC1F,0.7467
Cc1cnc(-c2cn(CCN3CCCC3)c(C3CCN(c4ncnc(N)c4Cl)CC3)n2)cn1,0.7015
CCNC(=O)Nc1ccc(-c2nnc3n2-c2cccnc2Nc2ccccc2-3)cc1,0.7213
N#Cc1cccc(-c2cn(CCN3CCC3)c(C3CCN(c4ncnc(N)c4Cl)CC3F)n2)c1,0.7073
O=C(Cc1nc(N2CCOCC2)cc(=O)n1C1CC1)N1CCc2c(F)cccc21,0.8125
NC(=O)c1c(N)ncnc1N1CCC(c2nc(-c3cccc(F)c3)cn2CCN2CCC2)CC1,0.8056
Cn1nccc1-c1ccc2cc(C(=O)NC3CNCCC3c3cccc(F)c3)sc2n1,0.7222
Cc1cc(-c2cn(CCNC(C)C)c(C3CCN(c4ncnc(N)c4F)CC3)n2)ccc1F,0.8219
Cc1n[nH]c2ccc(-c3cncc(OCC(N)Cc4ccc(F)cc4)c3)cc12,0.8246
CNCCn1cc(-c2ccc(F)c(C)c2)nc1C1CCN(c2cc(N)ncn2)CC1,0.7027
O=C(NC1CNCCC1c1ccc(C(F)F)nc1)c1ccc(-c2cn[nH]c2)o1,0.7231
NC(COc1cccc(-c2n[nH]c3ccccc23)c1)Cc1c[nH]c2ccccc12,0.7213
NC(=O)C(NC(=O)C1(N)CCN(c2ncnc3[nH]ccc23)CC1)c1ccc(Cl)cc1,1
NC1(c2ccc(-c3nnc4n3-c3cccnc3Nc3ccccc3-4)cc2)CC(F)(F)C1,0.7818
O=C(NC(c1ccc(Cl)c(Cl)c1)C1CCNC1)c1ccnnc1,0.7167
Cc1cc(-c2cn(CCN(C)C)c(C3CCN(c4ncnc(N)c4F)CC3)n2)ccc1F,0.8382
Cn1nccc1-c1ccc(C(=O)NC2CNCCC2c2ccc(F)cn2)c(F)c1,0.7538
NC1(c2ccc(-c3nnc4n3-c3cccnc3Nc3ccccc3-4)cc2)CCC1,1
NC(=O)c1c(N)ncnc1N1CCC(c2nc(-c3ccc(F)cc3)cn2CCN2CCCCC2)CC1,0.7917
NC(=O)c1c(N)ncnc1N1CCC(c2nc(-c3ccc(F)c(CC(F)(F)F)c3)cn2CCN2CCC2)CC1,0.8182
Cn1nccc1-c1ccc(C(=O)NC2CNCCC2c2ccsc2)s1,0.7619
Cn1nccc1-c1ccncc1C(=O)NC1CNCCC1c1ccc(F)cc1,0.75
NC1(C(=O)NCc2ccccc2)CCN(c2ncnc3[nH]ccc23)CC1,0.8333
NC1(c2ccc(-c3nc4c(F)cccn4c3-c3ccccc3)cc2)CCC1,0.8085
O=C(NC1CNCCC1c1ccc(F)c(F)c1)c1ccc(F)c(F)c1,0.7018
CC(C)c1c(N2CCOCC2)nc(CC(=O)N2c3ccc(F)cc3CC2C)n1C,0.7727
CNC(=O)NCCn1cc(-c2ccc(F)c(C(F)(F)F)c2)nc1C1CCN(c2cc(N)ncn2)CC1,0.7143
NC(=O)c1c(N)ncnc1N1CCC(c2nc(-c3cccc(F)c3)cn2CCN2CCCC2)CC1,0.831
CNCCn1cc(-c2ccc(F)c(C(F)(F)F)c2)nc1C1CCN(c2ncnc(N)c2F)CC1,0.8219
CN(C)CCn1cc(-c2ccc(F)c(C(F)(F)F)c2)nc1C1CCN(c2ncnc(N)c2Cl)CC1F,1
Cc1n[nH]c2ncc(-c3cncc(OCC(N)Cc4c[nH]c5ccccc45)c3)cc12,0.8226
CC1CN(c2cnc(C(=O)Nc3csc(-c4nncn4C4CC4)n3)cc2-n2cnc(C3CC3)c2)C1,0.8649
Cn1ncc(Cl)c1-c1ccc(C(=O)NC2CNCC2c2ccc(F)c(F)c2)cc1,0.8525
Cn1nccc1C(=O)NC1CNCCC1c1ccc(F)c(F)c1,0.7333
O=C(NCc1ccc(-c2nnc3n2-c2cccnc2Nc2ccccc2-3)cc1)Nc1ccccc1,0.7097
NC1(c2ccc(-c3nc4ccc(F)cn4c3-c3ccccc3)cc2)CCC1,0.76
Cn1cc(-c2ccc(-c3cn(CCN4CCC4)c(C4CCN(c5cc(N)ncn5)CC4)n3)cc2)cn1,0.7059
CN(C)CCn1cc(-c2ccc(F)c(C(F)(F)F)c2)nc1C1CCN(c2ncnc(N)c2C(N)=O)CC1,1
Nc1cc(N2CCC(c3nc(-c4ccc(F)c(C(F)(F)F)c4)cn3CCNCC3CC3)CC2)ncn1,0.7534
NC(=O)c1c(N)ncnc1N1CCC(c2nc(-c3ccc(F)c(F)c3)cn2CCN2CCCC2)CC1,0.8714
Cc1cc(-c2cncc(OCC(N)Cc3cccc(C(F)(F)F)c3)c2)cnc1C,0.7031
Cn1nccc1-c1ccc(C(=O)NC2CNCCC2c2ccc(F)cn2)c(Cl)c1,0.7612
Cn1ncc(Br)c1-c1ccc(C(=O)NC2CNCCC2c2ccccc2)o1,0.8387
NC(=O)c1c(N)ncnc1N1CCC(c2nc(-c3ccc(F)c(F)c3)cn2CCN2CCC2)CC1,0.8714
Cn1nccc1-c1cccc(C(=O)NC2CNCCC2c2ccc(F)c(F)c2)c1,0.8361
NC(=O)c1c(N)ncnc1N1CCC(c2nc(-c3ccc(F)c(Cl)c3)cn2CCN2CCC2)CC1,1
Cc1n[nH]c2ccc(-c3cncc(OCC(N)Cc4ccc5c[nH]nc5c4)c3)cc12,0.7705
Cn1nccc1-c1ccc(C(=O)NC2CNCCC2c2ccc(F)nn2)c(F)c1,0.7385
CN(C)CC(Nc1ncnc2c(C(N)=O)cccc12)c1ccc(F)c(F)c1,0.7143
NC(=O)c1cccc2c(NC(CN3CCC3)c3cc(F)cc(F)c3)ncnc12,0.8772
Cn1ncc(Cl)c1-c1ccc(C(=O)NC2CNCC2c2cccc(Br)c2)s1,0.7042
O=C(NC(c1cccc(CO)c1)C1CCNC1)c1ccc2cnccc2c1,0.7188
Cc1n[nH]c2ccc(-c3cncc(OCC(N)Cc4cc5cccnc5cc4F)c3)cc12,0.7206
Cn1ncc(-c2ccc(C(=O)NC3CNCCC3c3ccc(F)c(F)c3)c(F)c2)c1Cl,0.7313
Cn1ncc(Br)c1-c1ccc(C(=O)NC2CNCC2c2cccc(F)c2)s1,0.8615
CN(C)CCn1cc(-c2ccc(F)c(F)c2)nc1C1CCN(c2ncnc(N)c2F)CC1,0.7324
COc1ccc(CC(N)COc2cncc(-c3ccc4[nH]nc(C)c4c3)c2)cc1,0.8246
NC(=O)c1cnc2nc(-c3ccc(C4(N)CCC4)cc3)c(-c3ccccc3)n2c1,0.7193
Cc1cc(-c2cn(CC3CNC3)c(C3CCN(c4ncnc(N)c4C(N)=O)CC3)n2)ccc1F,0.8158
Cn1ncc(Cl)c1-c1cc(F)c(C(=O)NC2CNCCC2c2cncc(F)c2)c(F)c1,0.7846
Nc1ncnc(N2CCC(c3nc(-c4ccc(F)c(C(F)(F)F)c4)cn3CCNC(=O)CBr)CC2)c1F,0.7229
CN1CCC(N)(c2ccc(-c3nnc4n3-c3cccnc3Nc3ccccc3-4)cc2)CC1,0.8182
C=C(C)c1n[nH]c2ccc(-c3cncc(OCC(N)Cc4c[nH]c5ccccc45)c3)cc12,0.8125
Cn1ncc(Cl)c1-c1ccc(C(=O)NC2CNCC2c2ccc(F)cc2Cl)s1,0.7143
CNCCn1cc(-c2ccc(F)c(C)c2)nc1C1CCN(c2ncnc(N)c2F)CC1,0.8143
Nc1ncnc(N2CCC(c3nc(-c4ccc(F)c(F)c4)cn3CCN3CCC3)CC2)c1F,0.8182
Cn1nccc1-c1ccc(C(=O)NC2CNCCC2c2cccnc2)c(F)c1,0.7812
CC(CCN)NC(=O)c1cc(Br)c(-c2ccnc3[nH]ccc23)s1,0.7419
Cn1ncc(Cl)c1-c1ccc(C(=O)NC2CNCCC2c2cccc(F)c2)o1,0.7612
Cn1cc(-c2ccc(C(=O)NC3CNCCC3c3cccc(F)c3)cc2)cn1,0.7273
O=C(NC1CCCNC1c1cccc(F)c1)c1cc2c(s1)CCCn1nccc1-2,0.75
Cc1n[nH]c2cnc(-c3cncc(OCC(N)Cc4cc(F)ccc4F)c3)cc12,0.8667
Cn1cc(-c2cc(C(=O)NC3CNCCC3c3ccccc3)oc2Cl)cn1,0.7424
Cn1nccc1-c1ccc(C(=O)NC2CNCC2c2cccc(F)c2)cc1F,0.7231
Cn1ncc(Cl)c1-c1ccc(C(=O)NC2CNCC2c2ccc(F)c(F)c2)s1,0.7015
Cn1ncc(Cl)c1-c1ccc(C(=O)NC2CNCCC2c2cccc(F)c2F)s1,0.7465
NC(=O)c1ccn2c(-c3ccccc3)c(-c3ccc(C4(N)CCC4)cc3)nc2c1,0.75
COc1ccn2c(-c3ccccc3)c(-c3ccc(C4(N)CC(C)(O)C4)cc3)nc2c1,0.7679
Nc1ncnc(N2CCC(c3nc(-c4ccc(F)c(C(F)(F)F)c4)cn3CC(=O)NC3CC3)CC2)c1F,0.7013
Cc1cc(-c2cn(CCN(C)C)c(C3CCN(c4cc(N)ncn4)CC3)n2)ccc1F,0.7222
Cc1c(-c2ccc(C3(N)CCC3)cc2)nc2ccc(Cl)nn12,0.7
O=C(NC(c1cccc(F)c1)C1CCNC1)c1ccc2cnccc2c1,0.7302
Cn1ncc(Cl)c1-c1ccc(C(=O)NC2CNCCC2c2cccc(F)c2)s1,1
O=C(NC1CNCCC1c1cccc(F)c1)c1ccc(F)cn1,0.7097
COc1cc(F)c2nc(-c3ccc(C4(N)CCC4)cc3)c(-c3ccccc3)n2n1,0.8036
Cc1c[nH]c2ncnc(N3CCN(C(=O)C(N)Cc4ccc(F)cc4)CC3)c12,1
COc1ccc(C2CNCC2NC(=O)c2ccc(-c3c(Cl)cnn3C)s2)cc1,0.7121
Cn1nccc1-c1ccc(C(=O)NC2CNCCC2c2cnccc2F)c(F)c1,0.7385
Cc1oc(C(=O)NC2CNCCC2c2cccc(Cl)c2)cc1-c1c(Cl)cnn1C,0.7391
Cn1ncc(Cl)c1-c1ccc(C(=O)NC2CNCC2c2ccc(F)cc2)s1,0.7344
N#Cc1c(N)ncnc1N1CCC(c2nc(-c3cc(F)cc(F)c3)cn2CCN2CCC2)CC1,0.8235
COc1c(N)ncnc1N1CCC(c2nc(-c3ccc(F)c(C(F)(F)F)c3)cn2CCN(C)C)CC1,0.8767
Cn1cc(-c2ccc(C(=O)NC3CNCCC3c3ccc(F)c(F)c3)c(F)c2)cn1,0.7619
Cn1cc(-c2ccc(C(=O)NC3CNCCC3c3cccc(F)c3)nc2)cn1,0.7576
Cc1n[nH]c2ccc(-c3cncc(OCC(N)Cc4ccc(Cl)cc4)c3)cc12,1
O=C(NC1CNCCC1c1ccc(F)cn1)c1cc2c(s1)OCCn1nccc1-2,0.7746
Cn1nccc1-c1cc(C(=O)NC2CNCCC2c2cccc(F)c2)ccn1,0.7101
O=C(NC(c1cccc(Cl)c1)C1CCCNC1)c1ccc2cnccc2c1,0.8033
CNCCn1cc(-c2ccc(F)c(C(F)(F)F)c2)nc1C1CCN(c2ncnc(N)c2Cl)CC1,0.8
Cn1ncc(-c2cc(C(=O)NC3CNCCC3c3ccc(F)c(F)c3)oc2Cl)c1Cl,0.8088
Cn1cc(-c2ccc(-c3cn(CCN4CCC4)c(C4CCN(c5ncnc(N)c5OCC(F)(F)F)CC4)n3)cc2)cn1,0.7308
C=Cc1cccn2c(-c3ccccc3)c(-c3ccc(C4(N)CCC4)cc3)nc12,0.7451
Cc1cc(-c2cn(CC(=O)NCCN3CCCC3)c(C3CCN(c4ncnc(N)c4F)CC3)n2)ccc1F,0.716
Cc1n[nH]c2ccc(-c3cncc(OCC(N)Cc4c[nH]c5ccccc45)c3)cc12,1
CCC(NC(=O)C1(N)CCN(c2ncnc3[nH]cc(C)c23)CC1)c1ccccc1,0.7059
NC1(c2ccc(-c3nc4ccc(Br)cn4c3-c3ccccc3)cc2)CCC1,1
Cn1nccc1-c1ccc(C(=O)NC2CNCCC2c2ccc(F)c(F)c2)nc1,0.8154
NC(=O)c1cccc2c(NC(CN3CCC3)c3ccc(Cl)cc3)ncnc12,0.8276
Cn1nccc1-c1ccc(C(=O)NC2CNCC2c2cccc(F)c2)nc1,0.8548
CN(CCn1cc(-c2ccc(F)c(C(F)(F)F)c2)nc1C1CCN(c2ncnc(N)c2C(N)=O)CC1)C(C)(C)C,0.8816
NC(=O)c1c(N)ncnc1N1CCC(c2nc(-c3cccc(F)c3)cn2CC2CNC2)CC1,0.7662
Cc1oc(C(=O)NC2CNCCC2c2cccc(F)c2)cc1-c1c(Cl)cnn1C,0.72
CNCCNC(=O)Cn1cc(-c2ccc(F)c(C(F)(F)F)c2)nc1C1CCN(c2ncnc(N)c2Cl)CC1,0.7024
NC(Cc1ccc(F)cc1)C(=O)N1CCN(c2ncnc3ccc(F)cc23)CC1,0.7586
Nc1ncnc(N2CCC(c3nc(-c4ccc(F)c(F)c4)cn3CCN3CCC3)CC2)c1C(=O)O,0.7808
Cc1cc(C(N)=O)cn2c(-c3ccccc3)c(-c3ccc(C4(N)CCC4)cc3)nc12,1
Cn1nccc1-c1ccc(C(=O)NC2CNCCC2c2ccc(F)c(F)c2)cc1,1
Cc1n[nH]c2cnc(-c3cncc(OCC(N)Cc4ccccc4)c3)cc12,1
Cn1ncc(Cl)c1-c1ccc(C(=O)NC2CNCCC2c2cccc(F)c2)cn1,0.806
Cc1n[nH]c2ccc(-c3cncc(OCC(N)Cc4cccc(Br)c4)c3)cc12,1
Cn1ncc(Cl)c1-c1ccc(C(=O)NC2CNCCC2c2cccc(Br)c2)o1,0.7612
O=C(NC(c1ccc(Cl)c(Cl)c1)C1CCNC1)c1cccnc1,0.7333
CNCCn1cc(-c2cccc(Cl)c2)nc1C1CCN(c2ncnc(N)c2C#N)CC1,0.7917
O=C(NC1CNCCC1c1ccsc1)c1ccc(-c2ccn[nH]2)cc1F,0.7619
Cn1nccc1-c1ccc(C(=O)NC2CNCCC2c2ccsc2)c(F)c1,0.7812
COc1cc(-c2cn(CCN3CCC3)c(C3CCN(c4ncnc(N)c4F)CC3)n2)ccn1,0.7013
Nc1cc(F)c(F)cc1-c1cncc(OCC(N)Cc2c[nH]c3ccccc23)c1,0.75
Cn1ncc(Cl)c1-c1ccc(C(=O)NC2CNCCC2c2ccc(F)cc2)s1,0.8689
Cc1cc(-c2cn(CCNCC3CC3)c(C3CCN(c4ncnc(N)c4F)CC3)n2)ccc1F,0.8243
NC1(c2ccc(-c3nnc4n3-c3cccnc3Nc3ncccc3-4)cc2)CCC1,0.8235
NC1(C(=O)NCc2ccc(F)c(F)c2)CCN(c2ncnc3[nH]ccc23)CC1,0.7759
Cc1ccn2c(-c3ccccc3)c(-c3ccc(C4(N)CCC4)cc3)nc2c1C,0.78
Cn1ncc(Br)c1-c1ccc(C(=O)NC2CNCCC2c2ccc(Cl)c(Cl)c2)o1,0.8308
Cn1ncc(Br)c1-c1ccc(C(=O)NC2CNCCC2c2ccc(F)cc2)s1,0.8182
Cn1cc(-c2cc(OCC(N)Cc3c[nH]c4ccccc34)cnc2-c2ccoc2)cn1,0.7013
Cn1nccc1-c1ccc(C(=O)NC2CNCCC2c2cncc(F)c2)nc1,0.8438
Cc1cc(-c2cn(CCN(C)C)c(C3CCN(c4ncnc(N)c4Cl)CC3)n2)ccc1F,0.8143
O=C(NC(c1ccc(Cl)c(F)c1)C1CCNCC1)c1ccc2cnccc2c1,1
NC(=O)C(NC(=O)C1(N)CCN(c2ncnc3[nH]ccc23)CC1)c1ccc(F)cc1,0.8305
Nc1ncnc(N2CCC(c3nc(-c4ccc(F)c(C(F)(F)F)c4)cn3CCNC3CCCC3)CC2)c1F,0.8289
Cn1nccc1-c1ccc(C(=O)NC2CNCC2c2ccc(F)c(F)c2)c(F)c1,0.8644
Cc1cc(-c2cn(CCN3CCC3)c(C3CCN(c4cc(N)ncn4)CC3)n2)ccc1F,0.8281
NC(Cc1ccccc1)C(=O)N1CCN(c2ncnc3ccc(Br)cc23)CC1,0.7857
CN(C)CCn1cc(-c2ccc(F)c(OCCF)c2)nc1C1CCN(c2ncnc(N)c2C(N)=O)CC1,0.7949
Cc1cc(-c2cn(CCNC(C)C)c(C3CCN(c4cc(N)ncn4)CC3)n2)ccc1F,0.7143
Nc1ncnc(N2CCC(c3nc(-c4ccccc4)cn3CCN3CCCC3)CC2)c1F,0.7353
O=C(Cc1nc(N2CCOCC2)c(F)c(=O)[nH]1)N1CCc2c(F)cccc21,1
NC1(c2ccc(-c3nc4n(c3-c3ccncc3)COc3cccc(F)c3-4)cc2)CCC1,0.8596
Cn1c(CC(=O)N2CCc3c(Cl)cccc32)nc(N2CCOCC2)cc1=O,1
NC1(CNC(=O)c2ccccc2)CCN(c2ncnc3[nH]cc(Br)c23)C1,0.8
Cn1cc(-c2cc(C(=O)NC3CNCCC3c3ccc(Cl)c(Cl)c3)oc2Cl)cn1,0.7576
NC1(CNC(=O)c2ccc(Cl)cc2)CCN(c2ncnc(N3CCCC3)c2Cl)C1,0.7049
O=C(NC1CNCCC1c1ccc(F)c(F)c1)c1ccc(-c2ccncc2)cc1,0.7167
Cc1cc(Br)cn2c(-c3ccccc3)c(-c3ccc(C4(N)CCC4)cc3)nc12,0.8077
COc1nn2c(-c3ccccc3)c(-c3ccc(C4(N)CCC4)cc3)nc2cc1C,0.7069
O=C(NC1CNCCC1c1cncc(F)c1)c1cc2c(s1)CCCn1nccc1-2,0.8261
Cn1nccc1-c1ccc(C(=O)NC2CNCCC2c2ccc(F)cc2)cc1,0.8136
COc1cc(C)c2nc(-c3ccc(C4(N)CCC4)cc3)c(-c3ccccc3)n2n1,0.8182
Cn1ncc(Br)c1-c1cc(F)c(C(=O)NC2CNCC2c2cccc(F)c2)cc1F,0.7
CCOc1c(N)ncnc1N1CCC(c2nc(-c3ccc(-c4cnn(C)c4)cc3)cn2CCN2CCC2)CC1,0.7333
Cn1c(CC(=O)N2CC(C)(C)c3c(F)cccc32)nc(N2CCOCC2)cc1=O,1
Cn1nccc1-c1ccc(C(=O)NC2CNCC2c2ccc(F)c(Br)c2)cc1,0.7188
Cn1cc(-c2ccc(C(=O)NC3CNCCC3c3ccc(F)c(F)c3)cc2)cn1,0.7302
Cc1cc(-c2cn(CCNC(C)C)c(C3CCN(c4ncnc(N)c4C)CC3)n2)ccc1F,0.8219
CNC(=O)c1ccnn2c(-c3ccccc3)c(-c3ccc(C4(N)CCC4)cc3)nc12,1
Cc1n[nH]c2cnc(-c3cncc(OCC(N)Cc4ccc(F)cc4F)c3)nc12,0.7385
Nc1ncnc(N2CCC(c3nc(-c4cc(F)ccc4F)cn3CCN3CCCC3)CC2)c1F,0.7183
CN(C)CCn1cc(-c2ccc(F)c(F)c2)nc1C1CCN(c2ncnc(N)c2C(N)=O)CC1,0.8857
NC(=O)CCC(NC(=O)c1cc(Br)c(-c2ccnc3[nH]ccc23)s1)c1ccccc1,0.8387
CN(C)CCn1cc(-c2ccc(F)c(C(F)(F)F)c2)nc1C1CCN(c2ncnc(N)c2F)CC1,0.8571
CC(n1cnnc1-c1nc(NC(=O)c2cc(-n3cnc(C4CC4)c3)c(N3CC(N4CCCCC4)C3)cn2)cs1)C(F)(F)F,0.8851
NC1(c2ccc(-c3nc4cccnn4c3-c3ccccc3)cc2)CCC1,0.7
Nc1ncnc(N2CCC(c3nc(-c4ccc(F)c(C(F)(F)F)c4)cn3CCNCCO)CC2)c1Cl,0.7632
O=C(NCc1ccc(-c2nnc3n2-c2cccnc2Nc2ccccc2-3)cc1)c1ccccc1,0.75
Cc1n[nH]c2ccc(-c3cncc(OCC(N)Cc4ccc(F)cc4F)n3)cc12,0.7231
COc1c(N)ncnc1N1CCC(c2nc(-c3cccc(C(F)(F)F)c3)cn2CCN2CCC2)CC1,0.7973
Cc1n[nH]c2cnc(-c3cncc(OCC(N)Cc4c[nH]c5ccccc45)c3)cc12,1
NC(=O)c1cccc2c(NC(CN3CCC3)c3ccc(F)c(F)c3)ncnc12,1
Cn1nccc1-c1ccc(C(=O)NC2CNCC2c2ccc(Cl)cc2)cc1F,0.7231
NC(=O)c1cccc2c(NC(CN3CC(F)C3)c3cccc(F)c3)ncnc12,0.8033
CC(C)NCCn1cc(-c2ccc(F)c(C(F)(F)F)c2)nc1C1CCN(c2ncnc(N)c2Cl)CC1,0.8077
NC(=O)Cn1cc(-c2ccc(F)c(C(F)(F)F)c2)nc1C1CCN(c2cc(N)ncn2)CC1,0.7465
Cn1ncc(Br)c1-c1ccc(C(=O)NC2CNCCC2c2cccc(F)c2)s1,1
Cn1nccc1-c1ccc(C(=O)NC2CNCCC2c2cnc(F)c(F)c2)nc1,0.7761
Cn1ncc(Br)c1-c1ccc(C(=O)NC2CNCCC2c2ccc(F)cc2)o1,0.8413
Cn1ncc(Br)c1-c1ccc(C(=O)NC2CNCCC2c2ccc(Cl)cc2)nc1,0.7206
Cc1n[nH]c2ccc(-c3cncc(OCC(N)Cc4ccccc4F)c3)cc12,0.8793
Cn1nccc1-c1ccc(C(=O)NC2CNCC2c2cc(F)cc(F)c2)s1,0.7231
Cc1n[nH]c2ccc(-c3cncc(OCC(N)Cc4ccc(Br)cc4)c3)cc12,1
Cn1nccc1-c1ccc(C(=O)NC2CNCC2c2cccc(F)c2)s1,0.8548
Cc1csc(C2CCNCC2NC(=O)c2ccc(-c3ccnn3C)cc2F)n1,0.7059
CN(C)CCn1cc(-c2ccc(F)c(C(F)(F)F)c2)nc1C1CCN(c2ncnc(N)c2Cl)CC1,0.8333
CCNCCn1cc(-c2ccc(F)c(C)c2)nc1C1CCN(c2ncnc(N)c2F)CC1,0.7051
NC1(c2ccc(-c3nnc4n3-c3cccnc3Nc3cc(F)ccc3-4)cc2)CCC1,0.7719
Cn1ncc(Cl)c1-c1ccc(C(=O)NC2CNCCC2c2cccc(C(F)(F)F)c2)s1,0.8261
NC(Cc1ccc(F)cc1)C(=O)N1CCN(c2ncnc3ccccc23)CC1,0.8182
Cn1nccc1-c1ccc(C(=O)NC2CNCCC2c2ccc(F)cc2)s1,0.8333
NCCNC(=O)C1(N)CCN(c2ncnc3[nH]ccc23)CC1,0.7143
COc1n[nH]c2ccc(-c3cncc(OCC(N)Cc4cccc(F)c4)c3)cc12,0.8226
Cn1ncc(-c2cc(F)c(C(=O)NC3CNCCC3c3ccc(F)cc3)cc2F)n1,0.7121
CNCC(Nc1ncnc2c(C(N)=O)ccnc12)c1ccc(F)c(F)c1,0.8545
CN(C)CCn1cc(-c2ccc(F)c(C(F)(F)F)c2)nc1C1CCN(c2cc(N)ncn2)CC1,0.7857
Cc1cc(F)ccc1NC(=O)Cc1nc(=O)cc(N2CCOCC2)[nH]1,0.7377
Cn1ncc(-c2ccc(C(=O)NC3CNCCC3c3cccc(F)c3)cc2)n1,0.7059
COc1ncc(-c2cc3c(C)nc(N)nc3n(C3CCC(OCCO)CC3)c2=O)cn1,0.871
NC(C(=O)Nc1ccc(-c2nnc3n2-c2cccnc2Nc2ccccc2-3)cc1)c1ccccc1,0.7258
NC(=O)c1c(N)ncnc1N1CCC(c2nc(-c3ccc(F)c(C(F)(F)F)c3)cn2CCN2CCC2)CC1,1
O=C(Nc1ccc(-c2nnc3n2-c2cccnc2Nc2ccccc2-3)cc1)c1nnn(Cc2ccccc2)c1-c1ccccc1,0.7273
Cn1nccc1-c1cncc(C(=O)NC2CNCCC2c2ccc(F)c(F)c2)c1,0.8095
O=C(Nc1ccc(-c2nnc3n2-c2cccnc2Nc2ccccc2-3)cc1)N1CCN(c2ccccc2)CC1,0.7031
Cn1ncc(Br)c1-c1ccc(C(=O)NC2CNCCC2c2cccc(Br)c2)o1,0.7612
NC(=O)c1c(N)ncnc1N1CCC(c2nc(-c3ccc(F)c(C(F)(F)F)c3)cn2CCN2CCCC2)CC1,1
NC(=O)c1c(N)ncnc1N1CCC(c2nc(-c3ccc(F)c(OC(F)F)c3)cn2CCN2CCCC2)CC1,0.9726
Cn1ncc(Cl)c1-c1ccc(C(=O)NC2CNCC2c2cccc(F)c2)cc1,0.8548
NC(=O)c1cccc2c(NC(CN3CCC3)c3cccc(Cl)c3)ncnc12,1
CNCCn1cc(-c2ccc(F)c(C)c2)nc1C1CCN(c2cc(N)ncn2)CC1F,0.7308
CCOc1ccc(NC(=O)Cc2nc(N3CCOC(C)C3)cc(=O)[nH]2)cc1,0.7812
NC(=O)c1c(N)ncnc1N1CCC(c2nc(-c3cccnc3)cn2CCN2CCC2)CC1,0.7639
Cn1nccc1-c1ccc(C(=O)NC2CNCCC2c2cccs2)c(F)c1,0.7385
Cn1nccc1-c1cccc(C(=O)NC2CNCCC2c2ccc(F)c(Cl)c2)c1,0.7164
Cc1nnc(C2CCNCC2NC(=O)c2ccc(-c3c(Br)cnn3C)o2)o1,0.7206
NC(=O)c1cccn2c(-c3ccccc3)c(-c3ccc(C4(N)CCC4)cc3)nc12,1
Cc1cc(-c2cn(CCN3CCC3)c(C3CCN(c4ncnc(N)c4C#N)CC3)n2)ccc1F,1
Nc1cc(N2CCC(c3nc(-c4cc(F)cc(F)c4)cn3CCN3CCC3)CC2)ncn1,0.7619
Cn1ccc(C2CCNCC2NC(=O)c2ccc(-c3ccn[nH]3)cc2F)c1,0.7385
Cn1nccc1-c1ccc(C(=O)NC2CNCCC2c2ccc(F)nc2)nc1,0.7727
Cc1n[nH]c2ccc(-c3cncc(OCC(N)Cc4cccc(F)c4Cl)c3)cc12,0.8525
N#Cc1c(N)ncnc1N1CCC(c2nc(-c3cccc(Cl)c3)cn2CCN2CCC2)CC1,0.9692
COc1cc(NC(=O)Cc2nc(N3CCOC(C)C3)cc(=O)[nH]2)cc(OC)c1,0.7619
Cc1cc(-c2cn(CCN3CCN(C)CC3)c(C3CCN(c4cc(N)ncn4)CC3)n2)ccc1F,0.7612
O=C(Cc1ccccn1)Nc1ccc(-c2nnc3n2-c2cccnc2Nc2ccccc2-3)cc1,0.7097
Cc1cc(-c2cn(CCN3CCC3)c(C3CCN(c4ncnc(N)c4Cl)CC3)n2)ccc1F,0.8358
Cn1ncc(F)c1-c1ccc(C(=O)NC2CNCC2c2ccc(F)c(F)c2)cc1,0.7188
CC(N)Cn1cc(-c2ccc(F)c(C(F)(F)F)c2)nc1C1CCN(c2cc(N)ncn2)CC1,0.7465
Cc1n[nH]c2ccc(-c3cncc(OCC(N)Cc4cccc(F)c4F)c3)cc12,1
Cc1n[nH]c2cnc(-c3cncc(OCC(N)Cc4cccc(C(F)(F)F)c4)c3)cc12,1
COc1oc(C2CCNCC2NC(=O)c2ccc(-c3c(Cl)cnn3C)o2)cc1C,0.7
NC(=O)c1ccc2nc(-c3ccc(C4(N)CC(O)(C5CC5)C4)cc3)c(-c3ccccc3)n2c1,0.7288
NC(=O)c1ccnc2c(NC(CN3CCC3)c3cc(F)cc(C(F)(F)F)c3)ncnc12,0.7538
Cn1ncc(Br)c1-c1ccc(C(=O)NC2CNCCC2c2cccc(F)c2)cc1,0.8154
COc1ccc(C(NC(=O)c2ccc3cnccc3c2)C2CCCNC2)cn1,0.7059
Cc1n[nH]c2ccc(-c3cncc(OCC(N)Cc4cccc(-c5cccnc5)c4)c3)cc12,0.7903
Cn1nccc1-c1cccc(C(=O)NC2CNCCC2c2ccc(F)c(Br)c2)c1,0.7164
NC(=O)C(Cc1ccccc1)NC(=O)c1cc(Br)c(-c2ccnc3[nH]ccc23)s1,0.7778
CNC(=O)c1c(N)ncnc1N1CCC(c2nc(-c3ccc(F)cc3)cn2CCN2CCCC2)CC1,0.7222
Cn1ncc(Br)c1-c1ccc(C(=O)NC2CNCCC2c2cccc(F)c2)nc1,0.7391
NC1(c2ccc(-c3nc4cc(F)ccn4c3-c3ccccc3)nc2)CCC1,0.7593
Cc1c[nH]c2ncnc(N3CCC(N)(CNC(=O)c4ccccc4F)CC3)c12,0.9
Cn1ncc(Cl)c1-c1ccc(C(=O)NC2CNCCC2c2ccc(F)c(F)c2)nc1,0.8154
CCOCCn1cc(-c2ccc(F)c(C)c2)nc1C1CCN(c2ncnc(N)c2Br)CC1,0.7778
Cn1nc(-c2ccc(C(=O)NC3CNCCC3c3cccc(F)c3)s2)cc1C1CC1,0.7143
Cn1ncc(Cl)c1-c1ccc(C(=O)NC2CCNCC2c2ccccc2)o1,0.7656
Cn1ncc(Cl)c1-c1ccc(C(=O)NC2CNCCC2c2cccc(C(F)(F)F)c2)o1,0.7917
N#Cc1c(N)ncnc1N1CCC(c2nc(-c3ccc(F)c(F)c3)cn2CCN2CCC2)CC1,1
Cc1cc(N2CCC(c3nc(-c4ccc(F)c(C(F)(F)F)c4)cn3CCN(C)C)CC2)ncn1,0.7067
Cc1[nH]nc2ccc(-c3cncc(OCC(N)Cc4cccc(F)c4)c3)cc12,0.7742
CNCCn1cc(-c2ccc(F)c(C(F)(F)F)c2)nc1C1CCN(c2ncnc(Cl)c2Cl)CC1,0.7368
CN(C)CC(NC(=O)C1(N)CCN(c2ncnc3[nH]ccc23)CC1)c1ccc(F)cc1,0.7619
Cn1nccc1-c1cccc(C(=O)NC2CNCCC2c2ccc(F)cc2)c1CO,0.7059
COc1cc(-c2cn(CCN3CCC3)c(C3CCN(c4ncnc(N)c4C(=O)N(C)C)CC3)n2)ccc1F,0.8571
Cc1n[nH]c2ccc(-c3cncc(OCC(N)Cc4cc(F)cc(F)c4C(F)(F)F)c3)cc12,0.7692
Cc1cc(-c2cn(CCNCC3CC3)c(C3CCN(c4ncnc(N)c4Cl)CC3)n2)ccc1F,0.8026
O=C(N1CCN(c2ncnc3ccccc23)CC1)C1(c2ccc(Cl)cc2)CCNCC1,0.7167
Cn1ncc(Cl)c1-c1ccc(C(=O)NC2CNCCC2c2ccc(F)cc2)cc1,0.8226
Cn1nccc1-c1ccc(C(=O)NC2CNCCC2c2ccc(F)nc2)c(F)c1,0.7969
CC1(O)CC(N)(c2ccc(-c3nc4n(c3-c3ccsc3)COc3ccncc3-4)cc2)C1,0.7969
Cn1ncc(Cl)c1-c1ccc(C(=O)NC2CNCC2c2cncc(F)c2)cc1,0.7164
Cn1nccc1-c1ccc(C(=O)NC2CNCCC2c2sccc2F)cc1,0.7077
Cn1ncc(Cl)c1-c1ccc(C(=O)NC2CNCC2c2ccccc2)s1,0.7302
NC(=O)c1c(N)ncnc1N1CCC(c2nc(-c3ccc(F)cc3)cn2CCN2CCC2)CC1,0.8028
COc1n[nH]c2ccc(-c3cncc(OCC(N)Cc4cc(F)cc(F)c4)c3)cc12,0.7015
Cn1ncc(Cl)c1-c1cc(C(=O)NC2CNCCC2c2cccc(F)c2)oc1Cl,0.8333
Cn1nccc1-c1cccc(C(=O)NC2CNCCC2c2ccc(Cl)c(F)c2)c1,0.7164
Cn1nccc1-c1ccc(C(=O)NC2CNCC2c2ccc(F)cc2)cn1,0.7077
Cc1n[nH]c2cnc(-c3cncc(OCC(N)Cc4c(F)cccc4F)c3)nc12,0.746
CN(C)CCn1cc(-c2ccc(F)c(C(N)=O)c2)nc1C1CCN(c2ncnc(N)c2F)CC1,0.75
CNCCn1cc(-c2ccc(F)c(C(F)(F)F)c2)nc1C1CCN(c2ncnc(N)c2Br)CC1,0.8082
NC(=O)c1cccnc1N1CCC(c2nc(-c3cccc(Cl)c3)cn2CCN2CCCC2)CC1,0.7297
Cc1n[nH]c2cnc(-c3cncc(OCC(N)Cc4ccon4)c3)cc12,0.7097
Cn1ncc(Br)c1-c1ccc(C(=O)NC2CNCC2c2ccc(Cl)c(Cl)c2)o1,0.7059
CC1(O)CC(N)(c2ccc(-c3nc4n(c3-c3ccccc3)COc3ccc(C(=O)NCCO)cc3-4)cc2)C1,1
Cn1nccc1-c1cccc(C(=O)NC2CNCCC2c2ccc(F)cc2)c1F,0.75
O=C(NC1CNCCC1c1ccc(F)cc1)c1ccc(-c2ccn[nH]2)cc1F,0.8448
CN(C)CCCn1cc(-c2ccc(F)c(C(F)(F)F)c2)nc1C1CCN(c2ncnc(N)c2Cl)CC1,0.7733
O=C(Nc1ccc(-c2nnc3n2-c2cccnc2Nc2ccccc2-3)cc1)c1ccccc1,1
Cn1ncc(Br)c1-c1ccc(C(=O)NC2CNCC2c2ccccc2)o1,0.7077
Cc1n[nH]c2ncc(-c3cncc(OCC(N)Cc4cccc(OC(F)(F)F)c4)c3)cc12,0.8154
CN(C)CCn1cc(-c2cccc(C(F)(F)F)c2)nc1C1CCN(c2ncnc(N)c2C(N)=O)CC1,0.8026
NC(=O)c1cccc2c(NC(CN3CCC3)c3cccc(F)c3)nccc12,0.7705
Cc1cc(-c2cn(CCN3CCC3)c(C3CCN(c4ncnc(N)c4C(N)=O)CC3)n2)ccc1F,1
Cn1nncc1-c1ccc(C(=O)NC2CNCCC2c2cccc(F)c2)cc1,0.7059
COc1ccc(-c2nc3c(C)nc(N)nc3n(C3CCNCC3)c2=O)cn1,0.8
Cn1nccc1C1CCNCC1NC(=O)c1ccc(-c2cccc(F)c2)s1,0.7101
O=C(NC1(c2ccc(-c3nnc4n3-c3cccnc3Nc3ccccc3-4)cc2)CC1)C1CCC1,0.7206
NC(COc1cncc(-c2ccc3[nH]ncc3c2)c1)Cc1cccc(F)c1,0.7143
NC(=O)CNCCn1cc(-c2ccc(F)c(C(F)(F)F)c2)nc1C1CCN(c2ncnc(N)c2F)CC1,0.7531
COc1cc(-c2cc3c(C)nc(N)nc3n(C3CCC(OCO)CC3)c2=O)ccc1C#N,0.7083
Cc1cc(-c2cn(CCNC3CCCC3)c(C3CCN(c4ncnc(N)c4Cl)CC3)n2)ccn1,0.7467
Nc1cc(N2CCC(c3nc(-c4ccc(-c5ccccc5)cc4)cn3CCN3CCCC3)CC2)ncn1,0.7778
Cn1nccc1-c1ccc(C(=O)NC2CNCCC2c2ccsc2)c(Cl)c1,0.7576
Cn1ncc(Br)c1-c1cc(F)c(C(=O)NC2CNCCC2c2ccc(F)nc2)c(F)c1,0.8154
Cc1ccc(C2CCNCC2NC(=O)c2ccc(-c3ccnn3C)c(F)c2)o1,0.7424
Cn1ncc(Cl)c1-c1ccc(C(=O)NC2CNCC2c2ccc(F)c(Cl)c2)cc1,0.7656
CNC(=O)c1ccc2c(c1)-c1nc(-c3ccc(C4(N)CC(C)(O)C4)cc3)c(-c3ccccc3)n1CO2,1
CNCCn1cc(-c2ccc(F)c(C)c2)nc1C1CCN(c2ncnc(N)c2Cl)CC1,0.7917
O=C(NC1CNCCC1c1ccsc1)c1ccc2c(c1)OCCn1nccc1-2,0.7647
NC(=O)c1c(N)ncnc1N1CCC(c2nc(-c3ccc(F)c(OC(F)(F)F)c3)cn2CCN2CCCC2)CC1,0.8205
Cn1ncc(Cl)c1-c1cc(C(=O)NC2CNCCC2c2ccccc2)oc1Br,0.8438
COCCOc1ccccc1NC(=O)Cc1nc(N2CCOCC2)cc(=O)[nH]1,1
Cn1ncc(Cl)c1-c1ccc(C(=O)NC2CNCC2c2ccc(F)c(F)c2)o1,0.7015
NCCNC(=O)Cn1cc(-c2ccc(F)c(C(F)(F)F)c2)nc1C1CCN(c2ncnc(N)c2Cl)CC1,0.7125
O=CC(NC(=O)c1cc(Br)c(-c2ccnc3[nH]ccc23)s1)c1ccccc1,0.7419
CN(C)CCCn1cc(-c2ccc(F)c(C(F)(F)F)c2)nc1C1CCN(c2ncnc(N)c2Cl)CC1F,0.92
Cn1nccc1-c1cc(F)c(C(=O)NC2CNCCC2c2cccc(F)c2)cc1F,0.8254
COc1n[nH]c2ccc(-c3cncc(OCC(N)Cc4cccc(C(F)(F)F)c4)c3)cc12,0.8308
CNC(=O)Cn1cc(-c2ccc(F)c(C(F)(F)F)c2)nc1C1CCN(c2ncnc(N)c2F)CC1,0.7105
Cn1ncc(Cl)c1-c1ccc(C(=O)NC2CNCC2c2ccc(Br)cc2)s1,0.7344
Cn1nccc1-c1ccc(C(=O)NC2CNCCC2c2ccco2)c(Cl)c1,0.7164
Cn1cc(C2CNCC2NC(=O)c2ccc(-c3ccnn3C)cc2F)cn1,0.7031
CC1(O)CC(N)(c2ccc(-c3nc4ccc(C(N)=O)cn4c3-c3ccccc3)cc2)C1,0.7679
Cc1nnc(C2CCNCC2NC(=O)c2cc(F)c(-c3ccnn3C)cc2F)o1,0.7313
Cc1cc(-c2cn(CCNCC3CC3)c(C3CCN(c4cc(N)ncn4)CC3)n2)ccc1F,0.7179
Cn1cc(-c2cc(C(=O)NC3CNCCC3c3ccc(Cl)cc3)oc2Cl)cn1,0.7424
Cn1nccc1-c1cc(C2CCNCC2NC(=O)c2ccc(F)cc2F)ccc1F,0.7812
Cn1nccc1-c1cc(F)c(C(=O)NC2CNCCC2c2cccc(F)c2)c(F)c1,0.8065
NC1(c2ccc(-c3nnc4n3-c3cccnc3Nc3ccccc3-4)cc2)CCOCC1,0.8333
CCN(C)CCn1cc(-c2ccc(F)c(C(F)(F)F)c2)nc1C1CCN(c2ncnc(N)c2F)CC1,0.7632
NC(=O)c1c(N)ncnc1N1CCC(c2nc(-c3ccc(F)c(OC(F)F)c3)cn2CCN2CCC2)CC1,1
NC(=O)c1c(N)ncnc1N1CCC(c2nc(-c3ccc(F)c(F)c3)cn2CCN2CCOCC2)CC1,0.7733
NC(=O)c1c(N)ncnc1N1CCC(c2nc(-c3cc(F)c(F)c(F)c3)cn2CCN2CCC2)CC1,0.7917
Cc1cc(-c2cn(CCNC3CC3)c(C3CCN(c4ncnc(N)c4O)CC3)n2)ccc1F,0.7763
Nc1ncnc(N2CCC(c3nc(-c4ccc(F)cc4)cn3CCN3CCCC3)C(F)C2)c1Cl,0.7761
Cn1ncc(Cl)c1-c1ccc(C(=O)NC2CNCCC2c2cncc(C(F)(F)F)c2)o1,0.7391
CNCCn1cc(-c2ccc(F)c(C(F)(F)F)c2)nc1C1CCN(c2ncnc(N)c2Cl)CC1F,0.8514
Cc1cnn(C)c1-c1ccc(C(=O)NC2CNCCC2c2ccc(Cl)c(F)c2)cc1,0.7879
Cn1cc(-c2ccc(C(=O)NC3CNCCC3c3cccc(F)c3)s2)cn1,0.7391
Cc1n[nH]c2ncc(-c3cncc(OCC(N)Cc4c(F)cc(F)cc4F)c3)cc12,0.7797
Cc1c(C(=O)NC2CNCCC2c2ccc(F)cc2)cccc1-c1ccnn1C,0.7385
Cn1ncc(-c2ccc(C(=O)NC3CNCCC3c3ccc(F)c(F)c3)cc2)n1,0.7077
Cc1cc(-c2cn(CCN(C)C)c(C3CCN(c4ncnc(N)c4C(N)=O)CC3)n2)ccc1F,1
O=C(NC(c1ccc(Cl)c(Cl)c1)C1CCNCC1)c1ccncc1Cl,0.7069
NC1(CNC(=O)c2ccc(F)cc2F)CCN(c2ncnc3[nH]ccc23)C1,0.7206
O=C(NC1CNCCC1c1cccc(F)c1)c1ccc(-c2ncco2)cn1,0.7059
Cn1ncc(Cl)c1-c1cc(F)c(C(=O)NC2CNCCC2c2ccc(F)cn2)cc1F,0.7429
NC(=O)c1cccc(-c2cnc3cc(-c4ccccc4)c(-c4ccccc4)nn23)c1,0.7636
O=C(Cc1nc(N2CCOCC2)c(Br)c(=O)[nH]1)N1CCc2c(F)cccc21,0.8305
Cc1c[nH]c2ncnc(N3CCC(N)(CNC(=O)c4cccc(F)c4)CC3)c12,0.9032
N#Cc1c(N)ncnc1N1CCC(c2nc(-c3ccccn3)cn2CCN2CCC2)CC1,0.7324
Cc1n[nH]c2ccc(-c3cncc(OCC(N)Cc4cccc(-c5nn[nH]n5)c4)c3)cc12,0.7313
Cn1nccc1-c1cccc(C(=O)NC2CNCCC2c2cccc(F)c2)c1,0.7692
Cn1ncc(Cl)c1-c1ccc(C(=O)NC2CNCC2c2cccc(C(F)(F)F)c2)s1,0.7083
Cc1cc(-c2cn(CCN3CCC3)c(C3CCN(c4ncnc(N)c4F)CC3)n2)ccc1F,0.8507
Cn1nncc1-c1ccc(C(=O)NC2CNCCC2c2ccc(F)c(F)c2)c(F)c1,0.7656
COc1ccc2nc(-c3ccc(C4(N)CC(O)(C5CC5)C4)cc3)c(-c3ccccc3)n2c1,0.7119
O=S(=O)(Nc1cc(-c2ccc3nccn3n2)cnc1Cl)c1ccncc1,0.8148
Cn1ncc(N)c1-c1ccc(C(=O)NC2CNCCC2c2cccc(F)c2)cc1,0.8154
CS(=O)(=O)c1cccn2c(-c3ccccc3)c(-c3ccc(C4(N)CCC4)cc3)nc12,0.7222
COc1ncccc1CC(N)COc1cncc(-c2ccc3[nH]nc(C)c3c2)c1,0.7344
O=C(NC1CNCCC1c1ccc(F)cc1)c1ccc(-c2cn[nH]c2)o1,0.8276
Cn1cc(-c2cn(CCN3CCC3)c(C3CCN(c4ncnc(N)c4Br)CC3)n2)cn1,0.7273
NCC(=O)NCCn1cc(-c2ccc(F)c(C(F)(F)F)c2)nc1C1CCN(c2ncnc(N)c2F)CC1,0.7308
Cn1ncc(-c2ccc(C(=O)NC3CNCCC3c3ccc(F)c(F)c3)c(F)c2)n1,0.7273
Cn1ncc(Br)c1-c1ccc(C(=O)NC2CNCC2c2ccc(Cl)nc2)o1,0.7059
Nc1cc(N2CCC(c3nc(-c4ccc(F)c(C(F)(F)F)c4)cn3CC(=O)N3CCCC3)CC2)ncn1,0.7297
Cc1n[nH]c2ncc(-c3cncc(OCC(N)Cc4cc(C(F)(F)F)cc(C(F)(F)F)c4)c3)cc12,0.7869
NC1(C(=O)NCc2ccccn2)CCN(c2ncnc3[nH]ccc23)CC1,0.7
Cc1ccc(NC(=O)NC(=O)Nc2ccc(-c3nnc4n3-c3cccnc3Nc3ccccc3-4)cc2)cc1,0.8276
Cc1n[nH]c2ccc(-c3cncc(OCC(N)Cc4ccc5c(c4)OC(F)(F)C(F)(F)O5)c3)cc12,1
Cc1cc(-c2cn(CCN(C)C)c(C3CCN(c4ncnc(N)c4Cl)CC3F)n2)ccc1F,1
Cn1nccc1-c1ccc(C(=O)NC2CNCCC2c2ccoc2)cc1,0.7419
Nc1ncnc(N2CCC(c3nc(-c4ccc(F)cc4)cn3CCN3CCC3)CC2)c1F,0.8065
Cn1ncc(-c2coc(C(=O)NC3CNCCC3c3ccc(F)c(F)c3)c2)c1Cl,0.7971
O=C(NC1CNCCC1c1cccc(F)c1)c1ccc(-c2cccnc2)cn1,0.7121
Nc1cc(N2CCC(c3nc(-c4ccc(O)c(O)c4)cn3CCN3CCC3)CC2)ncn1,0.7538
Cc1cc(C2CCNCC2NC(=O)c2cc(-c3c(Cl)cnn3C)c(Cl)o2)ccc1F,0.8806
CCc1c(N)ncnc1N1CCC(c2nc(-c3ccc(F)c(F)c3)cn2CCN(C)C)CC1,0.8806
Cn1ncc(Br)c1-c1ccc(C(=O)NC2CNCC2c2ccc(F)cc2)o1,0.7121
Cn1ncc(-c2ccc(C(=O)NC3CNCC3c3cccc(F)c3)s2)c1-c1ccc(F)cc1,0.7027
COc1c(N)ncnc1N1CCC(c2nc(-c3ccc(F)c(C)c3)cn2CCNC(C)C)CC1,0.7792
O=C(NC1CNCCC1c1ccsc1)c1cc2c(s1)OCCn1nccc1-2,0.7826
COc1c(N)ncnc1N1CCC(c2nc(-c3ccc(F)c(C)c3)cn2CCN2CCOCC2)CC1,0.7733
N#Cc1c(N)ncnc1N1CCC(c2nc(-c3ccc(F)c(F)c3)cn2CCNCC2CC2)CC1,0.8767
CC1(O)CC(N)(c2ccc(-c3nc4n(c3-c3ccccc3)COc3cnccc3-4)cc2)C1,1
CCc1ccc2nc(-c3ccc(C4(N)CC(C)(O)C4)cc3)c(-c3ccccc3)n2n1,0.7778
CN(C)C(=O)c1ccc2c(c1)OCn1c-2nc(-c2ccc(C3(N)CC(C)(O)C3)cc2)c1-c1ccccc1,1
Cn1ncc(-c2ccc(C(=O)NC3CNCCC3c3ccc(F)c(F)c3)cc2F)n1,0.7164
NC(=O)c1cccnc1N1CCC(c2nc(-c3ccc(F)c(Cl)c3)cn2CCN2CCC2)CC1,0.7273
NC1(c2ccc(-c3nc4n(c3-c3ccccc3)COc3cccnc3-4)cc2)CCC1,1
CS(=O)(=O)N1CCN(CCn2cc(-c3ccc(F)c(C(F)(F)F)c3)nc2C2CCN(c3cc(N)ncn3)CC2)CC1,0.8082
Cn1ncc(Br)c1-c1cc(F)c(C(=O)NC2CNCC2c2ccc(F)cc2)c(F)c1,0.7231
Cc1c[nH]c2ncnc(N3CCC(N)(CNC(=O)c4cccc(F)c4)C3)c12,1
Cn1nccc1-c1ccc(Cl)c(C(=O)NC2CNCCC2c2ccc(F)cc2)c1,0.7538
Cc1n[nH]c2ccc(-c3cncc(OCC(N)Cc4cccc(Cl)c4)c3)cc12,1
CC1CN(c2cc(=O)[nH]c(CC(=O)Nc3ccc(F)c(Cl)c3)n2)CCO1,0.7969
Cn1nccc1-c1ccc(C(=O)NC2CNCCC2c2ccc(Cl)cc2)cc1,0.7833
CN(C)CCn1cc(-c2ccc(F)c(F)c2)nc1C1CCN(c2ncnc(N)c2C#N)CC1,0.8841
Cc1c(C(=O)NC2CNCCC2c2ccc(F)c(F)c2)cccc1-c1ccnn1C,0.7727
Cc1cc(-c2cn(CC3CC3)c(C3CCN(c4ncnc(N)c4C(N)=O)CC3)n2)ccc1F,0.8286
Cn1ccc2cc(-c3cncc(OCC(N)Cc4c[nH]c5ccccc45)c3)ccc21,0.7121
O=C(Nc1ccc(-c2nnc3n2-c2cccnc2Nc2ccccc2-3)cc1)c1ccccc1F,0.7667
CC1(O)CC(N)(c2ccc(-c3nc4n(c3-c3ccccc3)COc3ccc(C(N)=O)cc3-4)cc2)C1,1
O=C(NC1CNCCC1c1ccc(F)cn1)c1ccc(-c2ccn[nH]2)cc1F,0.7077
COc1ccc(C2CNCC2NC(=O)c2ccc(-c3c(Br)cnn3C)o2)cc1,0.7015
CC1(O)CC(N)(c2ccc(-c3nc4n(c3-c3ccccc3)COc3ccccc3-4)cc2)C1,1
COc1nc2nc(-c3ccc(CN4CC(c5n[nH]c(-c6ccccn6)n5)C4)cc3)c(-c3ccccc3)cn2n1,0.7838
Cc1cc(-c2cn(CCNC3CCCC3)c(C3CCN(c4ncnc(N)c4Cl)CC3)n2)ccc1F,0.8026
Cc1n[nH]c2ccc(-c3cncc(OCC(N)Cc4cc(C(F)(F)F)cc(C(F)(F)F)c4)c3)cc12,1
CC1CN(c2ccc(F)c(CC(=O)N3CCc4c(F)cccc43)n2)CCO1,0.7059
NC(COc1cncc(-c2ccc3c(c2)CC(=O)N3)c1)Cc1ccccc1,0.7231
NC1(C(=O)NCc2ccc3ccccc3c2)CCN(c2ncnc3[nH]ccc23)CC1,0.7333
Cn1cc(-c2ccc(-c3cn(CCN4CCC4)c(C4CCN(c5ncnc(N)c5Cl)CC4)n3)cc2)cn1,0.7612
Cn1ncc(Cl)c1-c1ccc(C(=O)NC2CCNCC2c2ccc(Br)cc2)o1,0.7692
Cn1ncc(Br)c1-c1ccc(C(=O)NC2CNCCC2c2ccc(=O)n(C)c2)o1,0.7761
CC(NC(=O)C1(N)CCN(c2ncnc3[nH]ccc23)CC1)C(N)=O,0.7119
CN(C)CCn1cc(-c2ccc(F)c(C(F)(F)F)c2)nc1C1CCN(c2ncnc(N)c2Br)CC1,1
O=C(NC(CO)c1ccccc1)c1ccc(-c2ccncc2)cc1,0.7805
Cc1nc(C2CCNCC2NC(=O)c2cc3c(s2)OCCn2ncc(Br)c2-3)cs1,0.7273
Cn1nccc1-c1ccc(C(=O)NC2CC2c2ccc(F)c(F)c2)cc1,0.7627
N#Cc1cc(-c2cn(CCN3CCC3)c(C3CCN(c4ncnc(N)c4Cl)CC3)n2)ccc1F,0.8
Nc1ncnc(N2CCC(c3nc(-c4ccc(F)c(Cl)c4)cn3CCN3CCC3)CC2)c1C(=O)O,0.9
Nc1cc(N2CCC(c3nc(-c4ccc(F)c(C(F)(F)F)c4)cn3CC(=O)N3CCC3)CC2)ncn1,0.7534
CC(N)c1ccc(-c2cncc(-c3cncc(OCC(N)Cc4c[nH]c5ccccc45)c3)c2)cc1,0.7031
Cn1ncc(Cl)c1-c1ccc(C(=O)NC2CNCCC2c2cccc(F)c2)nc1,0.8308
CNC(=O)c1c(N)ncnc1N1CCC(c2nc(-c3ccc(F)c(F)c3)cn2CCNC(C)C)CC1,0.7722
Cc1c[nH]c2ncnc(N3CCC(N)(C(=O)NC(C)c4ccc(Cl)cc4)CC3)c12,1
NC(Cc1ccc(F)cc1)C(=O)N1CCN(c2ccnc3ccccc23)CC1,0.8148
Cn1ncc(Cl)c1-c1ccc(C(=O)NC2CNCCC2c2cccc(OC(F)F)c2)s1,0.7917
Cc1n[nH]c2cnc(-c3cncc(OCC(N)Cc4cccc(Br)c4)c3)cc12,0.8167
Cc1n[nH]c2cnc(-c3cncc(OCC(N)Cc4ccc(F)c(F)c4)c3)cc12,0.8814
CC(C)Oc1c(N)ncnc1N1CCC(c2nc(-c3ccccn3)cn2CCN2CCC2)CC1,0.7051
NC(COc1cncc(-c2cc3c(CO)n[nH]c3cn2)c1)Cc1ccc(F)c(F)c1,0.7015
Cn1ncc(Cl)c1-c1ccc(C(=O)NC2CNCCC2c2ccc(F)c(=N)[nH]2)o1,0.7246
CC(=O)c1c(N)ncnc1N1CCC(c2nc(-c3ccc(F)c(F)c3)cn2CCN2CCCC2)CC1,0.7838
Cn1nccc1-c1ccc(C(=O)NC2CNCCC2c2ccc(F)cc2)c(Cl)c1,0.8689
O=C(NC1CNCCC1c1ccc(F)cn1)c1cc2c(s1)OCCn1ncc(Br)c1-2,0.7532
CC(C)NCCn1cc(-c2ccc(F)c(C(F)(F)F)c2)nc1C1CCN(c2ncnc(N)c2F)CC1,0.8289
CC1Cc2ccccc2N1C(=O)Cc1nc(Cl)c(Cl)c(N2CCOCC2)n1,0.7143
Cc1n[nH]c2cnc(-c3cncc(OCC(N)Cc4ccc(Br)cc4)c3)cc12,1
Cn1ncc(Cl)c1-c1ccc(C(=O)NC2CNCC2c2ccc(F)cc2)o1,0.7344
NC1(C(=O)NC(Cc2ccc(-c3ccccc3)cc2)c2ccc(F)cc2)CCN(c2ncnc3[nH]ccc23)CC1,0.7826
COc1ccc2nc(-c3ccc(C4(N)CC(O)(C5CC5)C4)cc3)c(-c3ccccc3)n2n1,0.7119
NC(=O)c1cccc2c(NC(CN3CCC3)c3cccc(F)c3)ncnc12,1
Cn1ncc(Cl)c1-c1ccc(C(=O)NC2CNCC2c2cccc(F)c2)nc1,0.7059
NC(COc1cncc(-c2ccc3[nH]ncc3c2)c1)Cc1ccccc1,0.7167
Nc1ncnc(N2CCC(c3nc(-c4cccc(F)c4)cn3CCN3CCC3)CC2)c1C(=O)O,0.7639
Cn1nccc1-c1nc2ccc(-c3ccccc3)nc2n1-c1ccc(C2(N)CCC2)cc1,0.7455
O=C(NC(c1ccc(Cl)c(F)c1)C1CNC1)c1ccc2cnccc2c1,0.8393
Nc1ncnc(N2CCC(c3nc(-c4ccc(F)c(C(F)(F)F)c4)cn3CC(=O)N3CCOCC3)CC2)c1Cl,0.7125
NC1(c2ccc(-c3nc4n(c3-c3ccccc3)COc3cccnc3-4)cc2F)CCC1,0.7377
Cc1n[nH]c2ccc(-c3cncc(OCC(N)Cc4cc(F)cc(F)c4)c3)cc12,0.85
NC(=O)c1c(N)ncnc1N1CCC(c2nc(-c3ccc(F)c(C(F)(F)F)c3)cn2CCO)CC1,0.8986
Cc1n[nH]c2cnc(-c3cncc(OCC(N)Cc4ccc(Cl)cc4)c3)nc12,0.7258
CN(C)CCNCCn1cc(-c2ccc(F)c(C(F)(F)F)c2)nc1C1CCN(c2ncnc(N)c2F)CC1,0.7436
NC1(c2ccc(-c3nnc4n3-c3cccnc3Nc3ccccc3-4)cc2)CC(O)C1,0.7679
CN(C)CCn1cc(-c2cccc(F)c2)nc1C1CCN(c2ncnc(N)c2Cl)CC1F,0.8
Cn1nccc1-c1ccc(C(=O)NC2CNCCC2c2ccc(F)cn2)s1,0.7101
CNCC(Nc1ncnc2c(C(N)=O)cccc12)c1cccc(F)c1,1
Cn1nccc1-c1ccc(C(=O)NC2CNCC2c2ccc(F)c(F)c2)cc1,0.8448
Cn1ncc(Cl)c1-c1cc(F)c(C(=O)NC2CNCCC2c2cccc(F)c2)c(F)c1,0.8154
Cn1nccc1-c1cccc(C(=O)NC2CNCCC2c2ccc(F)cc2)c1N,0.7273
Cn1ncc(C(=O)NC2CNCCC2c2ccc(F)c(F)c2)c1-c1ccccc1,0.7015
Cn1ncc(Cl)c1-c1ccc(C(=O)NC2CNCCC2c2cccc(C(F)(F)F)c2)cc1,0.8182
Cn1nccc1-c1ccc(C(=O)NC2CNCCC2c2ncc(F)c(F)n2)cc1F,0.7463
Cc1cc(-c2cn(CCNC3CCCC3)c(C3CCN(c4cc(N)ncn4)CC3)n2)ccc1F,0.7179
Cc1n[nH]c2cnc(-c3cncc(OCC(N)Cc4ccc(Br)cc4)c3)nc12,0.7419
CCn1c(-c2nonc2N)nc2c(C#CC(C)(C)O)nccc21,0.7
NC1(c2ccc(-c3nnc4n3-c3cccnc3Nc3ccccc3-4)cc2)CCN(Cc2ccccc2Cl)CC1,0.7031
Cn1nccc1-c1ccc(C(=O)NC2CNCC2c2cncc(F)c2)cc1F,0.7385
Nc1ncnc(N2CCC(c3nc(-c4ccc(F)c(F)c4)cn3CCN3CCC3)CC2)c1C(N)C1CC1,0.7397
Cn1ncc(F)c1-c1ccc(C(=O)NC2CNCCC2c2cccc(F)c2)nc1,0.7612
Cn1ncc(Br)c1-c1ccc(C(=O)NC2CNCCC2c2ccc(F)cn2)o1,0.7246
CCn1cc(-c2cccc(Cl)c2)nc1C1CCN(c2ncnc(N)c2C(N)=O)CC1,0.8
Cc1n[nH]c2ccc(-c3cncc(OCC(N)Cc4ccc(C(F)(F)F)cc4)c3)cc12,1
NC1(c2ccc(-c3nnc4n3-c3cccnc3Nc3ccccc3-4)cc2)CCCCC1,0.94
Cn1nccc1-c1cccc(C(=O)NC2CNCCC2c2ccc(F)c(F)c2)n1,0.7206
Nc1ncnc(N2CCC(c3nc(-c4ccc(F)c(C(F)(F)F)c4)cn3CCC(=O)N3CCCC3)CC2)c1F,0.7838
Cn1ncc(Br)c1-c1cc(F)c(C(=O)NC2CNCCC2c2ccccc2)cc1F,0.8308
Cn1cc(-c2ccc(F)c(C(F)(F)F)c2)nc1C1CCN(c2cc(N)ncn2)CC1,0.7463
O=C(Nc1ccc(-c2nnc3n2-c2cccnc2Nc2ccccc2-3)cc1)C1=CC=NCC1,0.7077
COc1ccc(-c2cn(CCN3CCCC3)c(C3CCN(c4ncnc(N)c4Cl)CC3)n2)cc1,0.8
Cn1ncc(Cl)c1-c1ccc(C(=O)NC2CNCCC2c2ccc(F)cc2F)o1,0.7101
Cc1cc(-c2cn(CCN3CCC3)c(C3CCN(c4ncnc(N)c4OCC(F)F)CC3)n2)ccc1F,0.8493
Cc1cc(C(=O)NC2CNCCC2c2ccc(F)cc2)ccc1-c1ccnn1C,0.7385
CC1CN(c2cc(=O)[nH]c(CC(=O)NCCc3ccc(F)cc3)n2)CCO1,0.7538
Cc1occc1C(=O)Nc1ccc(-c2nnc3n2-c2cccnc2Nc2ccccc2-3)cc1,0.7302
Cc1c(-c2cc(C(=O)NC3CNCCC3c3ccccc3)oc2Cl)cnn1C,0.7846
Cn1ncc(C(=O)NC2CNCCC2c2ccc(F)c(F)c2)c1-c1ccc(Cl)cc1Cl,0.7391
CN(C)CCn1cc(-c2ccc(C(F)(F)F)c(F)c2)nc1C1CCN(c2ncnc(N)c2C(F)(F)F)CC1,0.7467
CN1CCN(CCn2cc(-c3ccc(F)c(C(F)(F)F)c3)nc2C2CCN(c3ncnc(N)c3Cl)CC2)CC1,0.8857
COc1ccc(-c2cn(CCN3CCC3)c(C3CCN(c4ncnc(N)c4Cl)CC3)n2)cc1Cl,0.8219
Cn1nccc1-c1ccc(C(=O)NC2CNCCC2c2ccc(F)cn2)nc1,0.7463
Cc1n[nH]c2cnc(-c3cncc(OCC(N)Cc4ccc(F)c(C(F)(F)F)c4)c3)cc12,0.8125
NCC(NC(=O)c1cc(Br)c(-c2ccnc3[nH]ccc23)s1)c1ccccc1,1
Cn1nccc1-c1ccc(C(=O)NC2CNCCC2c2cccnc2)nc1,0.7846
Cn1nccc1-c1ccc(C(=O)NC2CNCCC2c2ccc(Cl)c(F)c2)cc1F,0.8571
CC(C)C(=O)Nc1ccc(-c2nnc3n2-c2cccnc2Nc2ccccc2-3)cc1,0.7458
Cc1c[nH]c2ncnc(N3CCC(N)(CNC(=O)c4ccc(F)c(Br)c4)CC3)c12,0.7059
C=CCNCCn1cc(-c2ccc(F)c(C(F)(F)F)c2)nc1C1CCN(c2ncnc(N)c2Br)CC1,0.7564
COCC(NC(=O)c1ccc(-c2ccncc2)cc1)c1ccccc1,0.7111
O=C(Nc1csc(-c2nncn2C2CC2)n1)c1cc(-n2cnc(C3CC3)c2)c(N2CCC2)cn1,0.8889
Cc1cc(-c2cn(CCN3CCCC3)c(C3CCN(c4ncnc(N)c4C(N)=O)CC3)n2)ccc1F,1
NC(=O)c1c(N)ncnc1N1CCC(c2nc(-c3ccc(F)nc3)cn2CCN2CCCC2)CC1,0.7808
Cn1nccc1-c1cc(C(=O)NC2CNCCC2c2ccnc(F)c2)ccc1F,0.7313
Cc1cc(-c2cn(CCNC(C)(C)C)c(C3CCN(c4ncnc(N)c4Cl)CC3)n2)ccc1F,0.75
Cc1cc(-c2cn(CCNC(N)=O)c(C3CCN(c4ncnc(N)c4C)CC3)n2)ccc1F,0.7733
COc1cc(-c2cn(CCN3CCC3)c(C3CCN(c4cc(N)ncn4)CC3)n2)ccc1F,0.791
Cc1n[nH]c2ccc(-c3cncc(OCC(N)Cc4ccc(Cl)cc4F)c3)cc12,0.8361
NC(=O)c1c(N)ncnc1N1CCC(c2nc(-c3ccc(F)c(F)c3)cn2C2CCNCC2)CC1,0.7733
O=C(Nc1ccc(-c2nnc3n2-c2cccnc2Nc2ccccc2-3)cc1)C1CC1,0.7333
Cc1n[nH]c2ccc(-c3cncc(OCC(N)Cc4ccc(Br)c(F)c4)c3)cc12,1
CCNCCn1cc(-c2ccc(F)c(CF)c2)nc1C1CCN(c2ncnc(N)c2C(N)=O)CC1,0.7407
CCn1c(-c2nonc2N)nc2c(C#CC(C)(C)O)ncc(OC)c21,0.8197
CNCC(Nc1ncnc2c(C(N)=O)cccc12)c1cccc(Br)c1,0.7857
Cc1n[nH]c2ncc(-c3cncc(OCC(N)Cc4ccc(F)c(F)c4F)c3)cc12,0.8
CCc1c(N)ncnc1N1CCC(c2nc(-c3ccc(F)cc3)cn2CCN2CCC2)CC1,0.9667
Cc1n[nH]c2ccc(-c3cncc(OCC(N)Cc4c(F)cccc4C(F)(F)F)c3)cc12,0.8525
NC(=O)c1c(N)ncnc1N1CCC(c2nc(-c3ccc(F)c(F)c3)cn2CC2CCNCC2)CC1,0.7436
N#Cc1cc(-c2cn(CCN3CCCC3)c(C3CCN(c4cc(N)ncn4)CC3)n2)ccc1F,0.8182
O=C(Cc1nc(N2CCOCC2)c(F)c(=O)[nH]1)N1CCc2ccccc21,0.7797
N#Cc1c(N)ncnc1N1CCC(c2nc(-c3cccc(F)c3)cn2CCN2CCC2)CC1,0.9692
CN(C)CCn1cc(-c2cccc(F)c2)nc1C1CCN(c2ncnc(N)c2C(N)=O)CC1,0.7973
O=C(Cc1nc(=O)cc(N2CCOCC2)[nH]1)Nc1ccc(F)c(Br)c1,0.75
O=C(NC(c1cccc(F)c1)C1CCNCC1)c1ccc2cnccc2c1,0.7966
Cn1ncc(-c2ccc(C(=O)NC3CNCCC3c3ccc(F)c(F)c3)c(F)c2)c1C#N,0.7
Cn1c(CC(=O)N2CCc3c(F)cccc32)nc(N2CCOCC2)cc1=O,1
CC1SCc2ncnc(N3CCN(C(=O)C(N)Cc4ccc(F)cc4)CC3)c21,0.8333
CC(=O)NCCn1cc(-c2ccc(F)c(C(F)(F)F)c2)nc1C1CCN(c2ncnc(N)c2F)CC1,0.7595
NC(COc1cnc(-c2ccoc2)c(-c2ccc3ncn(O)c3c2)c1)Cc1c[nH]c2ccccc12,0.7215
NC1(C(=O)NC(Cc2ccccc2)c2ccc(Cl)cc2)CCN(c2ncncc2F)CC1,0.7
Cc1n[nH]c2ccc(-c3cncc(OCC(N)Cc4c(F)cccc4F)c3)nc12,0.7869
Cn1cc(-c2cc(C(=O)NC3CNCCC3c3cccc(C(F)(F)F)c3)oc2Cl)cn1,0.7808
O=C(Cc1nc(N2CCOCC2)c(Br)c(=O)[nH]1)N1CCc2c(OC(F)F)cccc21,0.7143
Nc1cc(N2CCC(c3nc(-c4ccc(F)c(F)c4)cn3CCNCC3CC3)CC2)ncn1,0.7353
Cc1n[nH]c2ccc(-c3cncc(OCC(N)Cc4cccc(-c5cncnc5)c4)c3)cc12,0.8033
NC(COc1cncc(-c2ccc3c(c2)C(=O)C(=O)N3)c1)Cc1c[nH]c2ccccc12,1
O=C(NC(c1ccc(Cl)c(F)c1)C1CCNC1)c1ccc2cnccc2c1,0.8983
CCNC(=O)CCn1cc(-c2ccc(F)c(C(F)(F)F)c2)nc1C1CCN(c2cc(N)ncn2)CC1,0.7143
CN(C)CCn1cc(-c2ccc(F)c(F)c2)nc1C1CCN(c2ncnc(N)c2OC(F)F)CC1,0.7867
NC(=O)c1cn2c(-c3ccccc3)c(-c3ccc(C4(N)CCC4)cc3)nc2cn1,0.7541
CNC(=O)c1cc(-c2cn(CCN3CCC3)c(C3CCN(c4cc(N)ncn4)CC3)n2)ccc1F,0.7361
NC(=O)CC(Cc1ccccc1)NC(=O)c1cc(Br)c(-c2ccnc3[nH]ccc23)s1,0.8387
O=C(Nc1ccc(F)cc1)Nc1ccc(-c2nnc3n2-c2cccnc2Nc2ccccc2-3)cc1,0.7458
Cn1nccc1-c1cccc(C(=O)NC2CNCCC2c2cc(F)cc(F)c2)c1,0.7619
NC(=O)c1c(N)ncnc1N1CCC(c2nc(-c3ccc(F)c(OC(F)F)c3)cn2CCF)CC1,0.8553
O=C(Nc1nc2ccc(-c3cnc(Cl)c(NS(=O)(=O)c4ccc(F)cc4)c3)cc2s1)C1CCOC1,0.7429
NC(COc1cncc(-c2ccc3[nH]nc(-c4cccnc4)c3c2)c1)Cc1ccccc1,0.7049
Cc1n[nH]c2ccc(-c3cncc(OCC(N)Cc4ccc(F)c(F)c4F)c3)cc12,1
Nc1cc(N2CCC(c3nc(-c4ccccc4)cn3CCN3CCC3)CC2)ncn1,0.746
CC(C)N(C)CCn1cc(-c2ccc(F)c(F)c2)nc1C1CCN(c2ncnc(N)c2C(N)=O)CC1,0.8919
Cc1cc(N2CCC(c3nc(-c4ccc(F)c(C)c4)cn3CCN3CCCC3)CC2)ncn1,0.7164
Cn1ncc(Br)c1-c1ccc(C(=O)NC2CNCCC2c2cccc(Br)c2)s1,0.8485
NCCn1cc(-c2ccnc(C(F)(F)F)c2)nc1C1CCN(c2ncnc(N)c2Br)CC1,0.8382
Cn1ncc(Cl)c1-c1ccc(C(=O)NC2CNCC2c2cccc(F)c2)s1,0.8615
Cn1ncc(-c2ccc(C(=O)NC3CNCCC3c3cccc(F)c3)cc2)c1Cl,0.7879
Cc1cc(CC(N)COc2cncc(-c3cc4c(C)c[nH]c4cn3)c2)ccc1F,0.7778
COc1cc(C(=O)NC2CNCCC2c2ccc(F)cc2)c(F)cc1-c1c(Cl)cnn1C,0.7222
Cn1nccc1-c1ccc(C(=O)NC2CNCC2c2ccc(F)cc2)cc1F,0.7302
O=C(NC(c1ccc(Cl)c(Cl)c1)C1CCNC1)c1ccc(-c2ccncc2)cc1,0.7333
NC(=O)c1ccc2nc(-c3ccc(C4(N)CCC4)cc3)c(-c3ccc(F)cc3)n2c1,0.8302
Cc1ccc(F)cc1C1CCNCC1NC(=O)c1ccc(-c2ccnn2C)s1,0.75
NC1(C(=O)NCc2ccccc2Cl)CCN(c2ncnc3[nH]ccc23)CC1,0.7458
O=C(NC1(c2ccc(-c3nnc4n3-c3cccnc3NC4)cc2)CCC1)c1ccccc1,0.7273
Cn1nccc1-c1ccc(C(=O)NC2CNCCC2c2ccc(F)cc2)nc1,0.8254
Cc1c(-c2cc(C(=O)NC(CN)Cc3cccc(F)c3)oc2Cl)cnn1C,0.7846
Cn1cc(-c2cnc3cc(-c4ccccc4)c(-c4ccc(C5(N)CCC5)cc4)nn23)cn1,0.7759
NC(=O)c1cccc2c(NC(CN3CCC3)c3ccc(F)cc3)ncnc12,1
Cc1c(-c2ccc(C(=O)NC3CNCCC3c3ccc(F)c(F)c3)c(F)c2)cnn1C,0.7424
Cn1ncc(Cl)c1-c1nc2ccc(-c3ccccc3)nc2n1-c1ccc(C2(N)CCC2)cc1,0.7069
CN(C)CCn1cc(-c2ccc(F)c(C(F)(F)F)c2)nc1C1CCN(c2cncnc2N)CC1,0.7467
COc1ccc(-c2cn(CCN3CCC3)c(C3CCN(c4cc(N)ncn4)CC3)n2)cc1,0.7164
O=C(NC1CNCCC1c1cccc(F)c1)c1ccc(-c2ccccn2)s1,0.7015
NC1(c2ccc(-c3nnc4n3-c3ncccc3Nc3ccccc3-4)cc2)CCC1,0.7407
Cn1nccc1-c1ccc(C(=O)NC2CNCCC2c2ccsc2)cc1F,0.7846
COc1cc(N2CCCC2)nn2c(-c3ccccc3)c(-c3ccc(C4(N)CCC4)cc3)nc12,0.7627
Cc1n[nH]c2cnc(-c3ccc(OCC(N)Cc4ccccc4)cc3)cc12,0.8182
Cc1n[nH]c2ccc(-c3cncc(OCC(N)Cc4cc(F)ccc4F)c3)cc12,0.8644
O=C(Nc1ccc(-c2nnc3n2-c2cccnc2Nc2ccccc2-3)cc1)c1cccnc1,0.8596
Cc1cn(C)c2ccc(-c3cncc(OCC(N)Cc4c[nH]c5ccccc45)c3)cc12,0.7059
O=C(Nc1csc(-c2nncn2C2CC2)n1)c1cc(-n2cnc(C3CC3)c2)c(N2CCOCC2)cn1,0.9459
Cn1cc(-c2nc3ccc(-c4ccccc4)nc3n2-c2ccc(C3(N)CCC3)cc2)cn1,0.7925
O=C(NCCc1nc(N2CCOCC2)cc(=O)[nH]1)Nc1cccc(Br)c1,0.7377
Cn1ncc(Cl)c1-c1cccc(C(=O)NC2CNCCC2c2ccccc2)c1Cl,0.7015
CC1(O)CC(N)(c2ccc(-c3nc4n(c3-c3ccccc3)COc3cccc(O)c3-4)cc2)C1,0.8197
Cc1ccc(-c2cn(CCN3CCC3)c(C3CCN(c4cc(N)ncn4)CC3)n2)cc1F,0.8281
O=C(NC1CNCCC1c1ccc(F)cn1)c1cc2c(s1)CCCCn1nccc1-2,0.7067
Cc1n[nH]c2ccc(-c3cncc(OCC(N)Cc4c(F)cccc4F)c3)cc12,1
NC(=O)c1c(N)ncnc1N1CCC(c2nc(-c3ccc(F)c(Br)c3)cn2CCN2CCC2)CC1,0.8356
Cn1ncc(Cl)c1-c1ccc(C(=O)NC2CNCCC2c2ccc(F)cc2)o1,0.8689
Cc1ccc2c(c1F)-c1nc(-c3ccc(C4(N)CC(C)(O)C4)cc3)c(-c3ccccc3)n1CO2,0.7937
Cn1ncc(Br)c1-c1ccc(C(=O)NC2CNCCC2c2cccc(F)c2)o1,0.7391
CC1(O)CC(N)(c2ccc(-c3nnc4n3-c3cccnc3Nc3ccccc3-4)cc2)C1,0.7544
CCOc1c(N)ncnc1N1CCC(c2nc(-c3ccc(F)c(C(F)(F)F)c3)cn2CCN(C)C)CC1,1
Cc1[nH]nc2cc(-c3cncc(OCC(N)Cc4cccc(F)c4F)c3)ccc12,0.746
C=Cc1n[nH]c2cnc(-c3cncc(OCC(N)CCC)c3)cc12,0.7377
Cc1nc(N)nc2c1cc(-c1cnn(C)c1)c(=O)n2C1CCC(OCC(N)=O)CC1,0.7463
Cn1nccc1-c1ccc(C(=O)NC2CNCCC2c2ccc(F)cc2)c(C2CCC2)c1,0.7059
Cn1ncc(-c2csc(C(=O)NC3CNCCC3c3cccc(F)c3)c2)c1Cl,0.8
Cn1nc(-c2c(Cl)cnn2C)cc1C(=O)NC1CNCCC1c1cccc(F)c1,0.7391
CC(C)(C)NCCn1cc(-c2ccc(F)c(C(F)(F)F)c2)nc1C1CCN(c2cc(N)ncn2)CC1,0.7639
Cc1n[nH]c2ccc(-c3cncc(OCC(N)Cc4ccccc4)c3)cc12,0.8214
Cc1n[nH]c2ccc(-c3cncc(OCC(N)Cc4cccc(OCCN(C)C)c4)c3)cc12,0.8281
NC(=O)c1ccc2c(c1)-c1nc(-c3ccc(C4(N)CCC(N)C4)cc3)c(-c3ccccc3)n1CO2,0.7324
O=C(NC1CNCCC1c1ccc(F)cc1)c1ccc2c(c1)OCCn1nccc1-2,0.873
Cn1nccc1-c1cccc(C2CCNCC2NC(=O)c2ccc(F)cc2F)c1,0.7656
NC(=O)c1c(N)ncnc1N1CCC(c2nc(-c3ccnc(C(F)(F)F)c3)cn2CC2CCNCC2)CC1,0.7468
Cc1n[nH]c2ccc(-c3cncc(OCC(N)Cc4cccc(C(F)(F)F)c4)c3)cc12,1
Cn1nccc1-c1ccc(C(=O)NC2CNCCC2c2ccc(F)c(F)c2)s1,0.8
CN(CCn1cc(-c2ccc(F)c(C(F)(F)F)c2)nc1C1CCN(c2ncnc(N)c2Cl)CC1)Cc1ccccc1,0.716
Nc1cc(N2CCC(c3nc(-c4cccc(O)c4)cn3CCN3CCC3)CC2)ncn1,0.7164
Nc1ncnc(N2CCC(c3nc(-c4ccc(F)c(F)c4)cn3CCN3CCC3)CC2)c1C=O,0.8451
Cc1cccn2c(-c3ccccc3)c(-c3ccc(C4(N)CCC4)cc3)nc12,1
Cc1n[nH]c2ccc(-c3cncc(OCC(N)Cc4cc(F)cc(Br)c4)c3)cc12,0.7869
CC1(O)CC(N)(c2ccc(-c3nc4n(c3-c3ccccc3)COc3ccccc3O4)cc2)C1,0.7288
O=C(Nc1csc(-c2nncn2C2CC2)n1)c1cc(-n2cnc(C3CC3)c2)c(Cl)cn1,0.7945
CCN(CC)CCn1cc(-c2ccc(F)c(C(F)(F)F)c2)nc1C1CCN(c2cc(N)ncn2)CC1,0.7639
Cc1nccc2c1Nc1ncccc1-n1c(-c3ccc(C4(N)CCC4)cc3)nnc1-2,0.7069
Cn1cc(-c2cccc(F)c2)nc1C1CCN(c2ncnc(N)c2Cl)CC1,0.7424
Nc1ncnc(N2CCC(c3nc(-c4ccc(F)c(F)c4)cn3CCN3CCC3)CC2)c1C(=O)NC1CC1,0.7215
O=C(NC(c1ccc(Cl)c(F)c1)C1CCNCC1)c1ccc(F)c(F)c1,0.7119
Cn1ncc(Br)c1-c1cc(F)c(C(=O)NC2CNCCC2c2cnccc2F)c(F)c1,0.7353
NC(=O)c1c(N)ncnc1N1CCC(c2nc(-c3cc(F)c(F)cc3F)cn2CCN2CCCC2)CC1,0.7432
Cn1ccc(-c2ccc(C(=O)NC3CNCCC3c3cccc(F)c3)s2)n1,0.7313
NC(=O)c1c(N)ncnc1N1CCC(c2nc(-c3cnc(F)c(F)c3)cn2CCN2CCC2)CC1,0.76
Cn1nccc1-c1ccc(C(=O)NC2CNCCC2c2ccc(F)cc2)c(F)c1,0.8644
Cn1ncc(Cl)c1-c1ccc(C(=O)NC2CNCC2c2ccccc2)o1,0.7302
NS(=O)(=O)c1ccc(NC(=O)Cc2nc(N3CCOCC3)cc(=O)[nH]2)cc1,0.7119
Cc1cc(-c2cn(CCN3CCC3)c(C3CCN(c4cc(N)ncn4)CC3)n2)cc(F)c1F,0.7463
O=C(Nc1csc(-c2nncn2C2CC2)n1)c1cc(-n2cnc(C3CC3)c2)c(Br)cn1,0.7973
Cn1ncc(Cl)c1C(=O)NC1CNCCC1c1cccc(F)c1,0.75
Cn1cc(-c2csc(C(=O)NC3CNCCC3c3cccc(F)c3)c2)cn1,0.7429
Cn1nccc1-c1ccc(C(=O)NC2CNCCC2c2ccc(F)cc2)c2ccccc12,0.7385
Cc1[nH]c(=N)ccc1CC(N)COc1cncc(-c2ccc3[nH]nc(C)c3c2)c1,0.7188
NC(=O)c1ccc2nc(-c3ccc(C4(N)CCC4)cc3)c(-c3ccccc3)n2c1,1
Cn1nccc1-c1ccc(C(=O)NC2CNCCC2c2ccc(F)cc2)cn1,0.8226
Cn1nccc1-c1ccc(C(=O)NC2CNCCC2c2ccccc2)cc1,0.75
Cc1n[nH]c2ccc(-c3cncc(OCC(N)Cc4ccc(F)c(C(F)(F)F)c4)c3)cc12,1
NC(=O)c1cccc2c(NC(CN3CCC3)c3cccc(F)c3)ccnc12,0.7581
Cc1cc(-c2cn(CC3CNC3)c(C3CCN(c4cc(N)ncn4)CC3)n2)ccc1F,0.726
Cn1nccc1-c1ccc(C(=O)NC2CNCCC2c2ncco2)cc1F,0.7424
N#Cc1c(N)ncnc1N1CCC(c2nc(-c3ccnc(C(F)(F)F)c3)cn2CCNC2CCCC2)CC1,0.8289
Cn1nccc1-c1ccc(C(=O)NC2CNCCC2c2ccc(F)nc2)cc1,0.7619
O=C(NC1CNCCC1c1cccc(F)c1)c1ccc(-c2ccccc2)s1,0.7538
Cc1cc(-c2cn(CCNC3CCCC3)c(C3CCN(c4ncnc(N)c4C)CC3)n2)ccc1F,0.8243
Cn1ncc(-c2cn[nH]c2)c1-c1ccc(C(=O)NC2CNCCC2c2cccc(F)c2)s1,0.8333
CCOC(=O)c1c(N)ncnc1N1CCC(c2nc(-c3ccc(F)c(F)c3)cn2CCN2CCC2)CC1,0.7564
Cc1n[nH]c2cnc(-c3cncc(OCC(N)Cc4ccccc4Cl)c3)cc12,0.7869
NC1(c2ccc(-c3nc4c(Cl)cccn4c3Br)cc2)CCC1,0.72
NC(=O)c1ccc2c(c1)-c1nc(-c3ccc(C4(N)CCC4)cc3)c(-c3ccccc3)n1CO2,0.8
CN(C)CCn1cc(-c2cc(F)c(F)c(F)c2)nc1C1CCN(c2ncnc(N)c2Cl)CC1F,0.8082
CSc1cc(C)c2nc(-c3ccc(C4(N)CCC4)cc3)c(-c3ccccc3)n2n1,0.7069
NC1(c2ccc(-c3nc4n(c3-c3ccccc3)COc3ccc(F)cc3-4)cc2)CCC1,0.7857
Cn1ncc(Cl)c1-c1ccc(C(=O)NC2CNCCC2c2ccccc2)nc1Cl,0.7015
CCc1oc(C(=O)NC2CNCCC2c2ccccc2)cc1-c1c(Cl)cnn1C,0.8182
NC(=O)c1cccc2c(NC(CN3CCCC3)c3ccc(F)cc3)ncnc12,0.9623
COC1CCCN(c2cnc(C(=O)Nc3csc(-c4nncn4C4CC4)n3)cc2-n2cnc(C3CC3)c2)C1,0.9241
Cc1n[nH]c2ccc(-c3cncc(OCC(N)Cc4c[nH]c5ccc(F)cc45)c3)cc12,0.8095
Cn1ncc(Cl)c1-c1cccc(C(=O)NC2CNCCC2c2ccccc2)c1,0.7164
Cc1n[nH]c2ccc(-c3cncc(OCC(N)Cc4cccc(OCCN)c4)c3)cc12,1
CC1(O)CC(N)(c2ccc(-c3nc4n(c3-c3ccsc3)COc3cc(F)ccc3-4)cc2)C1,0.8
CC(=O)NCCOc1cccc(CC(N)COc2cncc(-c3ccc4[nH]nc(C)c4c3)c2)c1,0.7794
CCOC(=O)c1c(N)ncnc1N1CCC(c2nc(-c3cncc(Cl)c3)cn2CCN2CCC2)CC1,0.7403
O=C(NC1CNCCC1c1ccc(F)c(F)c1)c1cccc(-c2ccn[nH]2)c1,0.7581
CC(C)NCC(C(=O)N1CCN(c2ncnc(N)c2Br)CC1)c1ccc(Br)cc1,0.7097
CC1SCc2ncnc(N3CCN(C(=O)C(Cc4ccc(Cl)cc4)NC(=O)C4CC4)CC3)c21,0.7206
O=C(NC1CNCCC1c1ccc(F)c(F)c1)c1ccc(-c2ccncc2)nc1,0.7231
COCCn1cc(-c2ccc(F)c(C(F)(F)F)c2)nc1C1CCN(c2ncnc(N)c2Cl)CC1,0.7945
O=C(Cc1nc(N2CCOCC2)c(Br)c(=O)[nH]1)N1CCc2c(Br)cccc21,0.7049
O=C(NC1CNCCC1c1cccc(F)c1)c1ccc(-c2ccncc2)s1,0.7761
COc1c(N)ncnc1N1CCC(c2nc(-c3ccc(F)c(F)c3)cn2CCN2CCC2)CC1,0.8451
O=C(NC1CNCC1c1ccc(F)c(F)c1)c1ccc2c(c1)OCCn1nccc1-2,0.8594
CCN(CC)CCn1cc(-c2ccc(F)c(OC(F)(F)F)c2)nc1C1CCN(c2ncnc(N)c2C(N)=O)CC1,0.8
Cn1nccc1-c1ccc(C(=O)NC2CNCC2c2ccc(F)c(F)c2)cc1F,0.85
NC(=O)c1ccnn2c(-c3ccccc3)c(-c3ccc(C4(N)CCC4)cc3)nc12,1
Cc1n[nH]c2ccc(-c3cc(OCC(N)Cc4ccccc4)cnc3-c3ccccc3)nc12,0.746
Cc1n[nH]c2ccc(-c3cncc(OCC(N)Cc4ccc5[nH]ncc5c4)c3)cc12,0.7581
Cc1cc(-c2cn(CCN)c(C3CCN(c4ncnc(N)c4C(N)=O)CC3)n2)ccc1F,0.8955
CNCCn1cc(-c2ccnc(C(F)(F)F)c2)nc1C1CCN(c2cc(N)ncn2)CC1,0.7397
NC(=O)c1cccc(-c2cn(CCN3CCC3)c(C3CCN(c4ncnc(N)c4Cl)CC3)n2)c1,0.7606
COc1ccc(C2CCNCC2NC(=O)c2ccc(-c3c(Cl)cnn3C)o2)cc1,0.8548
Cc1ccc(C(CC(N)=O)NC(=O)C2(N)CCN(c3ncnc4[nH]ccc34)CC2)cc1C,0.7692
NC(=O)c1cccc2c(NC(CN3CCC3)c3cc(F)c(F)c(F)c3)ncnc12,0.8475
COc1ccc(-c2cn(CCN3CCC3)c(C3CCN(c4ncnc(N)c4Br)CC3)n2)cc1F,0.8
Cn1ncc(Br)c1-c1ccc(C(=O)NC2CNCCC2c2ccoc2)o1,0.7727
CCN(CC)CCn1cc(-c2ccc(F)c(F)c2)nc1C1CCN(c2ncnc(N)c2C(N)=O)CC1,0.8889
Cn1ncc2cc(-c3cncc(OCC(N)Cc4c[nH]c5ccccc45)c3)ncc21,0.7059
CNC(=O)CCn1cc(-c2ccc(F)c(C(F)(F)F)c2)nc1C1CCN(c2ncnc(N)c2F)CC1,0.7368
Cc1cc(-c2cncc(OCC(N)Cc3cccc(Cl)c3)c2)ccn1,0.7049
Cc1ccc(-c2cn(CCNCC3CC3)c(C3CCN(c4ncnc(N)c4F)CC3)n2)cc1F,0.7308
Nc1ncnc(N2CCC(c3nc(-c4ccc(F)nc4)cn3CCN3CCC3)CC2)c1C=O,0.7568
Cn1nccc1-c1ccc(C(=O)NC2CNCC2c2cc(F)c(F)c(F)c2)cc1F,0.7302
Cc1n[nH]c2ccc(-c3cncc(OCC(N)Cc4cccc(OC(F)(F)F)c4)c3)cc12,1
Cn1nccc1-c1ccc(C(=O)NC2CNCC2c2ccccc2)c(F)c1,0.7143
CC1Cc2c(F)cccc2N1C(=O)Cc1nc(=O)cc(N2CCOCC2)[nH]1,0.7576
O=C(NC(Cc1ccccc1)C(=O)N1CCC1)c1cc(Br)c(-c2ccnc3[nH]ccc23)s1,0.7101
Cn1nccc1-c1ccnn2c(-c3ccccc3)c(-c3ccc(C4(N)CCC4)cc3)nc12,0.746
Cn1nccc1-c1ccc(C(=O)NC2CNCCC2c2cccc(Cl)c2)cc1,0.7619
O=C(NC1CNCCC1c1cccc(F)c1)c1ccc(-c2cn[nH]c2)o1,0.7188
COc1cc(-c2cn(CCN3CCCC3)c(C3CCN(c4ncnc(N)c4C(N)=O)CC3)n2)ccc1F,0.9718
Cn1ncnc1-c1ccc(C(=O)NC2CNCCC2c2ccc(F)c(F)c2)cc1,0.7344
O=C(NC1CNCCC1c1ccc(F)cn1)c1ccc2c(c1)OCCn1nccc1-2,0.7681
Cn1ncc(-c2ccc(C(=O)NC3CNCCC3c3cccc(F)c3)nc2)c1N1CCC1,0.7183
Cc1cc(-c2cn(CCNC3CCCC3)c(C3CCN(c4ncnc(N)c4Br)CC3)n2)ccc1F,0.8026
Cn1ncc(Br)c1-c1cc(F)c(C(=O)NC2CNCC2c2ccc(F)nc2)cc1F,0.7
COc1c(N)ncnc1N1CCC(c2nc(-c3ccc(F)c(C)c3)cn2CCNCCCN(C)C)CC1,0.7375
CN(C)CCn1cc(-c2ccc(F)c(C(F)F)c2)nc1C1CCN(c2ncnc(N)c2Br)CC1,0.7945
Cn1nccc1-c1ccc(C(=O)NC2CNCCC2c2ccc(F)c(F)c2)c(Cl)c1,1
Cc1cc(-c2cn(CCNC(C)C)c(C3CCN(c4ncnc(N)c4C(F)(F)F)CC3)n2)ccc1F,0.7792
COc1ccc2nc(-c3ccc(C4(N)CCC4)cc3)c(-c3ccccc3)n2n1,1
CC(NC(=O)C1(N)CCN(c2ncnc3[nH]ccc23)CC1)c1ccc(F)cc1,1
Cn1nccc1-c1coc(C(=O)NC2CNCCC2c2ccccc2Br)c1,0.7015
c1ccc(-c2nnc3n2-c2cccnc2Nc2ccccc2-3)cc1,0.7
Cc1n[nH]c2ccc(-c3cncc(OCC(N)Cc4ccc(C(F)(F)F)nc4)c3)cc12,0.8065
Cn1nccc1-c1ccc(C(=O)NC2CNCCC2c2cccc(Br)c2)c(F)c1,0.7846
NC1(c2ccc(-c3nnc4n3-c3cccnc3Nc3ccccc3-4)cc2)CCN(C(=O)c2ccccn2)CC1,0.7143
NC(COc1cncc(-c2ccc3c(c2)C(c2cccnc2)C(=O)N3)c1)Cc1ccccc1,0.75
CCOc1ccc2nc(-c3ccc(C4(N)CCC4)cc3)c(-c3ccccc3)n2n1,1
Cc1ccc(-c2cn(CCNC3CCCC3)c(C3CCN(c4ncnc(N)c4F)CC3)n2)cc1F,0.7308
CNCC(NC(=O)c1cc(Br)c(-c2ccnc3[nH]ccc23)s1)c1ccccc1,1
O=C(NC(c1ccc(Cl)c(Cl)c1)C1CCNC1)c1cncnc1,0.7241
COc1ccn2c(-c3ccccc3)c(-c3ccc(C4(N)CCC4)cc3)nc2c1,1
Cn1nccc1-c1ccc(C(=O)NC2CNCCC2c2ccccc2)nc1,0.8226
Cc1ccc(-c2cn(CCN3CCC3)c(C3CCN(c4ncnc(N)c4C(F)(F)F)CC3)n2)cc1F,0.7703
O=C(Cc1nc(=O)cc(N2CCOCC2)[nH]1)N1CCc2ccc(F)cc21,0.7377
Cn1cc(-c2cn(CCN3CCC3)c(C3CCN(c4ncnc(N)c4Cl)CC3)n2)cn1,0.7273
Cn1ncc(Br)c1-c1oc(C(=O)NC2CNCCC2F)cc1Br,0.7077
CNC(=O)c1cccc(-c2ccc3c(N4CCOCC4C)nc(N4CCOCC4C)nc3n2)c1,0.7097
Cc1n[nH]c2ccc(-c3cncc(OCC(N)Cc4c[nH]c5ccccc45)c3)nc12,0.8125
NC(=O)c1c(N)ncnc1N1CCC(c2nc(-c3ccc(C(F)(F)F)c(F)c3)cn2CCNCCN2CCCC2)CC1,0.7875
Cc1c[nH]c2ncnc(N3CCC(N)(CNC(=O)c4ccc(F)cc4)CC3)c12,0.8966
Cn1nccc1-c1cnc(Cl)c(C(=O)NC2CNCCC2c2ccc(Cl)cc2)c1,0.7015
Cc1cc(-c2cn(CCNC3CC3)c(C3CCN(c4ncnc(N)c4F)CC3)n2)ccc1F,0.7733
NC(=O)c1cccc2c(NC(CN3CCC3)c3ccc(F)cn3)ncnc12,0.7833
O=C(Nc1csc(-c2nncn2C2CC2)n1)c1cc(-n2cnc(C3CC3)c2)c(C(F)(F)F)cn1,0.7662
O=C(Cc1ccccc1)Nc1ccc(-c2nnc3n2-c2cccnc2Nc2ccccc2-3)cc1,0.75
CNCCn1cc(-c2ccnc(C(N)=O)c2)nc1C1CCN(c2ncnc(N)c2Cl)CC1,0.7671
CNC(=O)Cn1cc(-c2ccc(F)c(C(F)(F)F)c2)nc1C1CCN(c2cc(N)ncn2)CC1,0.7067
NC(=O)c1cccc2c(NC(CN3CCC3)c3cccc(Br)c3)ncnc12,0.8
O=C(NC1CNCCC1c1ccc(F)c(Cl)c1)c1cc(-c2ccn[nH]2)ccc1F,0.746
CC(C)Oc1c(N)ncnc1N1CCC(c2nc(-c3cnn(C)c3)cn2CC2CNC2)CC1,0.7273
Cn1ncc(Br)c1-c1ccc(C(=O)NC2CNCCC2c2ccccc2)s1,0.8154
O=C(Nc1csc(-c2nncn2C2CC2)n1)c1cc(-n2cnc(C3CC3)c2)c(N2CCNCC2)cn1,0.8533
Cn1nccc1-c1ccc(C(=O)NC2CNCCC2c2ccon2)cc1F,0.7424
Cn1nccc1-c1cccc(C(=O)NC2CNCCC2c2cccc(F)c2)n1,0.7463
CC(C)Oc1c(N)ncnc1N1CCC(c2nc(-c3ccc(F)c(C(F)(F)F)c3)cn2CCN(C)C)CC1,1
CC(C)(C)NCCn1cc(-c2ccc(F)c(C(F)(F)F)c2)nc1C1CCN(c2ncnc(N)c2Cl)CC1,0.8052
Cc1n[nH]c2ccc(-c3cncc(OCC(N)Cc4ccc(F)c(F)c4F)c3)nc12,0.7903
NC(=O)C(Cc1ccccc1)NC(=O)C1(N)CCN(c2ncnc3[nH]ccc23)CC1,0.7164
NC(=O)c1c(N)ncnc1N1CCC(c2nc(-c3cccc(Cl)c3)cn2CC2CC2)CC1,0.7887
Cc1oc(C(=O)NC2CNCCC2c2ccccc2)cc1-c1cnn(C)c1Cl,0.7059
CNCCn1cc(-c2ccc(F)c(C(F)(F)F)c2)nc1C1CCN(c2cc(N)ncn2)CC1,0.7857
Cn1ncc(-c2ccc(C(=O)NC3CNCCC3c3cccc(F)c3)nc2)c1Br,0.75
CC(C)NCCn1cc(-c2cncc(C(F)(F)F)c2)nc1C1CCN(c2ncnc(N)c2C(N)=O)CC1,0.747
CN(CCn1cc(-c2ccc(F)c(C(F)(F)F)c2)nc1C1CCN(c2ncnc(N)c2F)CC1)C1CC1,0.7671
NC1(CNC(=O)c2ccccc2F)CCN(c2ncnc3[nH]ccc23)C1,0.7121
NC1(C(=O)NCc2ccco2)CCN(c2ncnc3[nH]ccc23)CC1,0.7
Cn1nccc1-c1ccc(C(=O)NC2CNCCC2c2cccc(C(N)=O)c2)cc1F,0.7761
Cn1nccc1-c1ccc(C(=O)NC2CNCCC2c2ccc(Cl)cn2)s1,0.8095
NC1(c2ccc(-c3nc4ccccn4c3-c3ccccc3)cc2)CCC1,0.7347
Nc1ncnc(N2CCC(c3nc(-c4cccc(Cl)c4)cn3CCN3CCC3)CC2)c1F,0.7971
CCc1ccc(C2CNCC2NC(=O)c2ccc(-c3c(Cl)cnn3C)cc2)cc1F,0.7206
NCc1ccc(Cl)cc1CNC(=O)C1(N)CCN(c2ncnc3[nH]ccc23)CC1,0.7541
Cc1cc(-c2cn(CCN(C)C)c(C3CCN(c4ncnc(N)c4Br)CC3)n2)ccn1,0.7162
COc1c(N)ncnc1N1CCC(c2nc(-c3ccc(F)c(C(F)(F)F)c3)cn2CCCN(C)C)CC1,0.8052
Cn1nccc1-c1ccc(C(=O)NC2CNCCC2c2ccsc2)nc1,0.7206
NC(=O)c1c(N)ncnc1N1CCC(c2nc(-c3ccc(F)c(C(F)(F)F)c3)cn2CCNC2CC2)CC1,0.9452
Cn1ncc(Cl)c1-c1ccc(C(=O)NC2CNCC2c2cc(F)cc(F)c2)cc1,0.7231
Cn1nccc1-c1ccc(C(=O)NC2CNCCC2c2ccc(F)cc2)c(C2CC2)c1,0.7273
CCC(=O)c1cc(F)c2nc(-c3ccc(C4(N)CCC4)cc3)c(-c3ccccc3)n2c1,0.7069
CC1(O)CC(N)(c2ccc(-c3nc4n(c3-c3ccccc3)COc3cc(OCC5OC(N)C(O)C5O)ccc3-4)cc2)C1,0.7237
Cn1nccc1-c1ccccc1C(=O)NC1CNCCC1c1ccc(F)cc1,0.7742
Cc1ccc(C2CCNCC2NC(=O)c2cc3c(s2)OCCn2nccc2-3)s1,0.7429
Cn1nccc1-c1cccc(C(=O)NC2CNCCC2c2ccc(F)cc2)c1Cl,0.7273
Cn1ncc(-c2ccc(C(=O)NC3CNCCC3c3ccc(F)c(F)c3)cn2)c1Br,0.75
Cn1ncc(Cl)c1-c1ccc(C(=O)NC2CNCCC2c2ccc(F)c(F)c2)o1,0.8281
O=C(NC1CNCCC1c1cncc(F)c1)c1cc2c(s1)OCCn1nccc1-2,0.8657
NC(=O)c1c(N)ncnc1N1CCC(c2nc(-c3cccc(Cl)c3)cn2CC2CCCCC2)CC1,0.7808
Cc1c(OCC(N)Cc2ccccc2)cncc1-c1ccc2cnccc2c1,0.7143
NC(COc1cncc(-c2ccc(O)cc2)c1)Cc1c[nH]c2ccccc12,0.7333
Cn1nccc1-c1ccc(C(=O)NC2CNCC2c2cccc(C(F)(F)F)c2)nc1,0.7
CCOc1c(N)ncnc1N1CCC(c2nc(-c3ccc(F)c(F)c3)cn2CCN(C)C)CC1,0.8841
Cn1nccc1-c1ccc(C(=O)NC2CNCC2c2ccc(F)cc2)c(F)c1,0.7419
Cc1c[nH]c2ncnc(N3CCC(N)(CNC(=O)c4ccccc4Cl)CC3)c12,0.7273
O=C(NC1CNCCC1c1cccnc1)c1ccc(-c2cn[nH]c2)o1,0.7419
Cn1ncc(Br)c1-c1ccc(C(=O)NC2CNCC2c2cncc(F)c2)s1,0.7286
Cc1n[nH]c2cnc(-c3cncc(OCC(N)Cc4cccc(F)c4)c3)cc12,1
CNC(=O)Cn1cc(-c2ccc(F)c(C(F)(F)F)c2)nc1C1CCN(c2ncnc(N)c2Cl)CC1,0.7179
COc1c(N)ncnc1N1CCC(c2nc(-c3ccc(F)c(C(N)=O)c3)cn2CCN(C)C)CC1,0.7125
Cn1ncnc1-c1nc2ccc(-c3ccccc3)nc2n1-c1ccc(C2(N)CCC2)cc1,0.7455
Cc1n[nH]c2ccc(-c3cncc(OCC(N)Cc4ccc(C(F)(F)F)cc4F)c3)cc12,1
O=C(Cc1nc(N2CCOC(CO)C2)cc(=O)[nH]1)Nc1ccc(F)cc1F,0.746
CC1CN(c2cc(=O)[nH]c(CC(=O)Nc3ccc(F)c(F)c3)n2)CCO1,0.8361
NC(=O)c1ccc2nc(-c3ccccc3)c(-c3ccccc3)n2c1,0.7292
Cn1nccc1-c1ccc(C(=O)NC2CNCCC2c2ccncc2)c(F)c1,0.8333
CCc1c(N)ncnc1N1CCC(c2nc(-c3cnn(C)c3)cn2CCN2CCC2)CC1,0.7536
Cn1ncc(-c2cc(F)c(C(=O)NC3CNCCC3c3ccc(F)cc3)cc2F)c1Cl,0.7273
Cc1n[nH]c2ncc(-c3cc(OCC(N)Cc4c[nH]c5ccccc45)cnc3-c3ccoc3)cc12,1
Cn1nccc1-c1cc(C(=O)NC2CNCCC2c2ccc(F)cc2)oc1Cl,0.7015
Cn1ncc(Cl)c1-c1ccc(C(=O)NC2CNCCC2c2cccc(F)c2)c(F)c1F,0.7286
Cn1ncc(Cl)c1-c1ccc(C(=O)NC2CNCC2c2ccc(F)cc2F)s1,0.7042
Cc1n[nH]c2ccc(-c3cncc(OCC(N)Cc4cc(OC(F)(F)F)ccc4Cl)c3)cc12,0.7727
Cn1nccc1-c1ccc(C(=O)NC2CNCCC2c2ccc(F)cc2)c(F)c1F,0.7619
Cn1ncc(Br)c1-c1oc(C(=O)NC2CNCCC2Br)cc1Br,0.7188
Cn1nccc1-c1cc(F)c(C(=O)NC2CNCCC2c2ccc(F)c(F)c2)cc1F,1
NC1(c2ccc(-c3nc4n(c3-c3ccccc3)COc3cccc(F)c3-4)cc2)Cc2nncn2C1,0.7015
CCc1nc(CC(=O)N2c3cc(F)ccc3CC2C)nc(N2CCOCC2)c1F,0.7059
Nc1cc(N2CCC(c3nc(-c4ccc(F)c(F)c4)cn3CCN3CCC3)CC2)ncn1,0.9655
CN(C)CCn1cc(-c2ccc(F)c(C(N)=O)c2)nc1C1CCN(c2ncnc(N)c2Br)CC1,0.7632
Cc1ccn2c(-c3ccccc3)c(-c3ccc(C4(N)CCC4)cc3)nc2c1,0.7647
COc1ccccc1CC(N)COc1cncc(-c2cnc3c(c2)CC(=O)N3)c1,0.7313
Cn1ncc(C2(c3ccc(F)cc3)CC2)c1-c1ccc(C(=O)NC2CNCCC2c2cccc(F)c2)cc1,0.726
Cc1n[nH]c2ccc(-c3cncc(OCC(N)Cc4cccc(C(F)(F)F)c4)c3)nc12,0.803
CNCC(Nc1ncnc2c(C(N)=O)ccnc12)c1ccc(F)c(Br)c1,1
Cc1n[nH]c2ccc(-c3cncc(OCC(N)Cc4cccc(F)c4)c3)cc12,1
NC(=O)CC(NC(=O)C1(N)CCN(c2ncnc3[nH]ccc23)CC1)c1ccc(Cl)cc1,1
Nc1ncnc(N2CCC(c3nc(-c4ccc(F)c(O)c4)cn3CCN3CCC3)CC2)c1F,0.7714
COc1ccc(-c2cn(CCN3CCC3)c(C3CCN(c4cc(N)ncn4)CC3)n2)cc1OC,0.7206
O=C(NCCc1ccccc1)Nc1ccc(-c2nnc3n2-c2cccnc2Nc2ccccc2-3)cc1,0.7031
CNC(=O)c1cccn2c(-c3ccccc3)c(-c3ccc(C4(N)CCC4)cc3)nc12,0.7931
NC1(CNC(=O)c2ccc(Cl)cc2)CCN(c2ncnc3[nH]ccc23)C1,0.7258
Cn1nccc1-c1ccc(C(=O)NC2CNCCC2c2ccc(F)cn2)cn1,0.7273
O=C(Nc1ccc(-c2nnc3n2-c2cccnc2Nc2ccccc2-3)cc1)c1cccc(Cl)c1,0.8167
NC(=O)c1c(N)ncnc1N1CCC(c2nc(-c3ccsc3)cn2CCNCC2CC2)CC1,0.7215
CN(C)CCNCCn1cc(-c2ccc(F)c(C(F)(F)F)c2)nc1C1CCN(c2ncnc(N)c2C(N)=O)CC1,0.8718
Cc1cc(-c2cn(CCNC3CCCCC3)c(C3CCN(c4cc(N)ncn4)CC3)n2)ccc1F,0.7089
Fc1ccc(-c2cn(CCN3CCC3)c(C3CCN(c4cc(Cl)ncn4)CC3)n2)cc1C(F)(F)F,0.8235
O=C(NC1CNCCC1c1ccc(F)c(F)c1)c1ccc(-c2cn[nH]n2)cc1F,0.7031
NC(=O)c1n[nH]c2ccc(-c3cncc(OCC(N)Cc4c[nH]c5ccccc45)c3)cc12,0.8254
Cn1ncc(Cl)c1-c1ccc(C(=O)NC2CNCC2c2cccc(Cl)c2)s1,0.7246
Cc1nc(C(N)=O)cn2c(-c3ccccc3)c(-c3ccc(C4(N)CCC4)cc3)nc12,0.7797
Cn1nccc1-c1ccc(C(=O)NC2CNCCC2c2cccc(F)c2F)cc1F,0.7424
Cc1n[nH]c2ccc(-c3cncc(OCC(N)Cc4ccc(N)cc4)c3)cc12,0.8393
CC1COCCN1c1nc(N2CCOCC2C)c2ccc(-c3cccnc3)nc2n1,0.7069
Cc1cnn(C)c1-c1ccc(C(=O)NC2CNCC2c2cccc(F)c2)s1,0.8594
Cc1ncc(-c2ccc(C(=O)NC3CNCCC3c3cccc(F)c3)s2)cn1,0.7206
Cc1n[nH]c2ccc(-c3cncc(OCC(N)Cc4ccccc4C(F)(F)F)c3)cc12,0.7846
Cn1ncc(-c2ccc(C(=O)NC3CNCCC3c3cccc(F)c3)s2)c1Cl,0.7971
N#Cc1c(N)ncnc1N1CCC(c2nc(-c3ccc(F)c(F)c3)cn2CCN2CCCC2)CC1,1
CN(C)CCNC(=O)c1ccc2c(c1)-c1nc(-c3ccc(C4(N)CC(C)(O)C4)cc3)c(-c3ccccc3)n1CO2,0.8533
CC1(O)CC(N)(c2ccc(-c3nc4n(c3-c3ccccc3)COc3ccc(C(=O)NC5CC5)cc3-4)cc2)C1,0.831
Cn1nccc1-c1ccc(C(=O)NC2CNCC2c2ccc(F)c(F)c2)cn1,0.8689
NC1(c2ccc(-c3nc4n(c3-c3ccsc3)COc3ccccc3-4)cc2)CCC1,1
Cn1nccc1-c1ccc(C(=O)NC2CNCCC2c2cccc(C(F)(F)F)c2)s1,0.806
CC(=O)c1c(N)ncnc1N1CCC(c2nc(-c3ccc(F)c(F)c3)cn2CCN2CCC2)CC1,0.7838
CNCC(Nc1ncnc2c(C(N)=O)cccc12)c1ccc(F)c(Br)c1,0.7627
CC1(O)CC(N)(c2ccc(-c3nc4n(c3-c3ccccc3)COc3ccc(CO)cc3-4)cc2)C1,1
NC(COc1cncc(-c2cnc(F)c(F)c2)c1)Cc1c[nH]c2ccccc12,0.7031
Cc1n[nH]c2ccc(-c3cncc(OCC(N)Cc4ccc(F)cc4F)c3)cc12,1
O=C(NC1CNCCC1c1ccnc(F)c1)c1ccc(-c2ccn[nH]2)cc1F,0.8033
NC(=O)c1c(N)ncnc1N1CCC(c2nc(-c3ccc(F)c(C(=O)NCC(F)(F)F)c3)cn2CCF)CC1,0.7037
CS(=O)(=O)c1cccc(-c2cn(CCN3CCC3)c(C3CCN(c4cc(N)ncn4)CC3)n2)c1,0.7143
Cn1ncc(-c2cc(OCC(N)Cc3c[nH]c4ccccc34)cnc2-c2ccoc2)n1,0.7051
Cn1nccc1-c1ccc(C(=O)NC2CNCC2c2cccc(C3CC3)c2)nc1,0.7424
Nc1ncnc(N2CCC(c3nc(-c4ccc(F)c(C(F)(F)F)c4)cn3CCN3CCOCC3)CC2)c1Cl,0.8857
Cc1n[nH]c2ccc(-c3cncc(OCC(N)Cc4ccc(F)c(F)c4)c3)cc12,0.8793
Cn1ncc(Cl)c1-c1ccc(C(=O)NC2CNCCC2c2ccc(F)nc2)cc1,0.7846
COc1ccccc1CC(N)COc1cncc(-c2cc3cn[nH]c3cn2)c1,0.746
CC(N)c1c(N)ncnc1N1CCC(c2nc(-c3ccc(F)c(F)c3)cn2CCN2CCC2)CC1,0.7746
NCCn1cc(-c2ccc(F)c(F)c2)nc1C1CCN(c2ncnc(N)c2C(N)=O)CC1,0.8382
Cn1nccc1-c1ccc(OC2CCC2)c(C(=O)NC2CNCCC2c2ccc(F)c(F)c2)c1,0.7794
NC1(c2ccc(-c3nnc4n3-c3cccnc3Nc3ccccc3-4)cc2)CCCC1,0.9592
Cc1cc(Cl)cn2c(-c3ccccc3)c(-c3ccc(C4(N)CC(C)(O)C4)cc3)nc12,0.7679
NC1(C(=O)NCc2c(F)cccc2F)CCN(c2ncnc3[nH]ccc23)CC1,0.7
NC1(c2ccc(-c3nc4ccc(-c5ccccn5)nn4c3-c3ccccc3)cc2)CCC1,0.7037
CN(C)CCn1cc(-c2ccc(F)c(OC(F)(F)F)c2)nc1C1CCN(c2ncnc(N)c2C(N)=O)CC1,0.8101
Cn1nccc1-c1ccc(C(=O)NC2CNCCC2c2cncc(Cl)c2)cc1F,0.7761
Cn1nccc1-c1ccc(C(=O)NC2CNCC2c2ccc(F)c(-c3ccccc3)c2)cn1,0.7042
CNCC(Nc1ncnc2c(C(N)=O)ccnc12)c1ccc(F)cc1,0.8077
NCC(NC(=O)c1ccc(-c2cncnc2)cc1)c1ccccc1,0.7674
NC(=O)c1c(N)ncnc1N1CCC(c2nc(-c3ccnc(F)c3)cn2CCN2CC(F)C2)CC1,0.7237
NC1(C(=O)NC(CO)Cc2ccc(F)cc2)CCN(c2ncnc3[nH]ccc23)CC1,0.7031
Cn1nccc1-c1sc(C(=O)NC2CNCCC2c2cccc(F)c2)cc1N,0.7536
Cn1cc(-c2cccc(Cl)c2)nc1C1CCN(c2ncnc(N)c2C(N)=O)CC1,0.7571
Cn1nccc1-c1ccc(C(=O)NC2CNCCC2c2cccc(F)c2)cc1,0.7969
NC1(c2ccc(-c3nnc4n3-c3cccnc3Nc3ccc(F)cc3-4)cc2)CCC1,0.7719
COc1c(N)ncnc1N1CCC(c2nc(-c3ccc(F)cc3)cn2CCN2CCC2)CC1,0.7778
Cn1nccc1-c1ccc(C(=O)NC2CNCCC2c2cccnc2)cc1F,0.7846
Cc1c(N)ncnc1N1CCC(c2nc(-c3cc(-c4ccc(F)c(F)c4)n(C)c3)cn2CCN2CCC2)CC1,0.72
NC(=O)c1c(N)ncnc1N1CCC(c2nc(-c3ccc(F)c(OC(F)(F)F)c3)cn2CCN2CCC2)CC1,0.8442
CNC(=O)c1c(N)ncnc1N1CCC(c2nc(-c3ccc(F)c(F)c3)cn2CCN2CCCC2)CC1,0.7532
N#Cc1c(N)ncnc1N1CCC(c2nc(-c3ccc(F)c(C(F)(F)F)c3)cn2CCN2CCCC2)CC1,1
Cn1cc(-c2cc(OCC(N)Cc3c[nH]c4ccc(F)cc34)cnc2-c2ccoc2)cn1,0.7215
Cn1cc(-c2ccc(C(=O)NC3CNCCC3c3ccc(F)c(F)c3)cn2)cn1,0.7576
Cn1nccc1-c1ccc(C(=O)NC2CNCCC2c2ccc(F)cc2)cc1F,0.8667
NC(=O)c1c(N)ncnc1N1CCC(c2nc(-c3ccc(F)c(F)c3)cn2CCNC2CC2)CC1,0.8243
CC1(O)CC(N)(c2ccc(-c3nc4n(c3-c3ccccc3)COc3cccnc3-4)cc2)C1,1
Cn1ccnc1-c1ccc(C(=O)NC2CNCCC2c2ccc(F)c(F)c2)cc1F,0.7273
O=C(NC1CNCCC1c1cccs1)c1ccc(-c2ccn[nH]2)cc1F,0.7188
Nc1ncnc(N2CCC(c3nc(-c4cc(F)cc(F)c4)cn3CCN3CCC3)CC2)c1Cl,0.8154
Cc1n[nH]c2cnc(-c3cncc(OCC(N)Cc4cccc(Cl)c4)c3)cc12,0.8136
Nc1ccc2c(c1)OCn1c-2nc(-c2ccc(C3(N)CCC3)cc2)c1-c1ccccc1,0.8
COc1ccc(C)cc1CC(N)COc1cncc(-c2ccc3[nH]nc(C)c3c2)c1,0.8525
Cc1cc(-c2cn(CC3CCCNC3)c(C3CCN(c4ncnc(N)c4F)CC3)n2)ccc1F,0.7368
NC(=O)c1ccnn2c(-c3ccccc3)c(-c3ccccc3)nc12,0.7347
COc1ccc(C2CCNCC2NC(=O)c2ccc(-c3ccnn3C)s2)cn1,0.7313
Cn1nccc1-c1cnc(Cl)c(C(=O)NC2CNCCCC2c2ccc(F)c(F)c2)c1,0.7083
Cn1ncc(Br)c1-c1ccc(C(=O)NC2CNCCC2c2cccc(C(F)(F)F)c2)o1,0.7083
Nc1ncnc(N2CCC(c3nc(-c4ccc(F)c(F)c4)cn3CCNCC3CC3)CC2)c1F,0.7143
Cc1ccc(C(=O)Nc2ccc(-c3nnc4n3-c3cccnc3Nc3ccccc3-4)cc2)cc1,1
CC1COCCN1c1nc(N2CCOCC2C)c2ccc(-c3cccc(C(=O)N4CCOCC4)c3)nc2n1,0.7097
NC1(CNC(=O)c2ccc(F)cc2)CCN(c2ncnc(N3CCC3)c2Cl)C1,0.7143
COc1ccc(-c2cn(CCN3CCC3)c(C3CCN(c4ncnc(N)c4Cl)CC3)n2)cc1F,0.8
C=C(C)CN1CCN(CC(Nc2ncnc3c(C(N)=O)cccc23)c2cccc(Cl)c2)CC1,0.7969
O=C(NC1CNCCC1c1ccc(F)cn1)c1cc2c(s1)CCCn1ncc(Br)c1-2,0.7808
NC(COc1cncc(-c2ccc3n[nH]cc3c2)c1)Cc1c[nH]c2ccccc12,0.7581
CC(=O)Nc1ccc(NC(=O)Nc2ccc(-c3nnc4n3-c3cccnc3Nc3ccccc3-4)cc2)cc1,0.7458
Cn1cc(-c2ccc(C(=O)NC3CNCCC3c3cc(F)cc(F)c3)cc2F)cn1,0.7231
O=C(NC1CNCCC1c1ccc(F)c(F)c1)c1ccc(-c2cccnc2)nc1,0.7015
CC1CCc2ncnc(N3CCN(C(=O)C(N)Cc4ccc(Cl)cc4)CC3)c21,0.7302
O=C(NC1CNCCC1c1ccc(F)nc1)c1ccc(-c2cn[nH]c2)o1,0.7581
Cn1ncc(Cl)c1-c1ccc(C(=O)NC2CNCCC2c2ccc(F)cc2F)s1,0.7971
Cn1nccc1-c1ccc(C(=O)NC2CNCCC2c2ccc(F)cc2)cc1Cl,0.7273
Cc1cc(-c2cn(CC(N)=O)c(C3CCN(c4ncnc(N)c4Br)CC3)n2)ccc1F,0.75
CN(CCCCF)CCn1cc(-c2ccc(F)c(F)c2)nc1C1CCN(c2ncnc(N)c2Cl)CC1,0.7067
Cc1nc(-c2cn(CCNCC3CC3)c(C3CCN(c4ncnc(N)c4C(N)=O)CC3)n2)cs1,0.7
Cc1nc(Cl)cn2c(-c3ccccc3)c(-c3ccc(C4(N)CCC4)cc3)nc12,0.8039
Nc1n[nH]c2ccc(-c3cncc(OCC(N)Cc4ccccc4)c3)cc12,0.7333
Nc1ncnc(N2CCC(c3nc(-c4ccc(F)c(C(F)(F)F)c4)cn3CC(=O)NC3CCNCC3)CC2)c1Cl,0.7073
NC(=O)c1c(N)ncnc1N1CCC(c2nc(-c3ccc(F)c(C(F)(F)F)c3)cn2CC2CCCN2)CC1,0.7875
NC(=O)c1c(N)ncnc1N1CCC(c2nc(-c3ccc(F)c(F)c3)cn2CCNC2CCCC2)CC1,0.8767
Cc1cc(-c2cn(CCN3CCN(C)CC3)c(C3CCN(c4ncnc(N)c4C(F)(F)F)CC3)n2)ccc1F,0.72
Cc1n[nH]c2c(C)cc(-c3cncc(OCC(N)Cc4ccccc4)c3)cc12,0.7
NC(=O)c1cccn2c(-c3ccccc3)c(-c3ccccc3)nc12,0.7292
Cc1csc(C2CCNCC2NC(=O)c2ccc(-c3ccnn3C)c(F)c2)n1,0.7101
Cn1ncc(Cl)c1-c1ccc(C(=O)NC2CNCCC2c2cccc(CO)c2)s1,0.8116
COc1nc(C)c2nc(-c3ccc(C4(N)CCC4)cc3)c(-c3ccccc3)n2n1,0.7193
CNCCn1cc(-c2cccc(F)c2)nc1C1CCN(c2ncnc(N)c2Cl)CC1,0.7826
Cc1n[nH]c2ccc(-c3cncc(OCC(N)Cc4cccnc4-c4cncnc4)c3)cc12,0.7231
Nc1cc(N2CCC(c3nc(-c4ccnc(O)c4)cn3CCN3CCC3)CC2)ncn1,0.7273
Cc1cc(-c2cn(CCNC3CCC3)c(C3CCN(c4ncnc(N)c4F)CC3)n2)ccc1F,0.8
CNC(=O)c1c(N)ncnc1N1CCC(c2nc(-c3ccc(F)c(F)c3)cn2CCN2CCC2)CC1,0.7532
Cc1cc(C2CNCC2NC(=O)c2ccc(-c3ccnn3C)cc2)ccc1F,0.7302
CC(NC(=O)C1(N)CCN(c2ncnc3[nH]ccc23)CC1)c1cccc(F)c1,0.8033
CC1Cc2ccccc2N1C(=O)Cc1nc(Br)c(Br)c(N2CCOCC2)n1,0.7031
Cc1c(N)ncnc1N1CCC(c2nc(-c3ccc(F)c(C(F)(F)F)c3)cn2C)CC1,0.8387
Cn1nccc1-c1ccc(C(=O)NC2CNCC2c2ccccc2)cc1F,0.7031
Cn1ncc(Cl)c1-c1coc(C(=O)NC2CNCCC2c2ccc(F)c(F)c2)c1,1
COc1ccccc1CC(N)COc1cncc(-c2cc3c(C)n[nH]c3cn2)c1,0.7778
NC1(c2ccc(-c3nc4c(-c5ccccc5)ccnn4c3-c3ccccc3)cc2)CCC1,0.7778
CC1CN(c2cc(=O)[nH]c(CC(=O)Nc3ccc(F)cc3F)n2)CCO1,0.7937
Cn1nccc1-c1ccc(C(=O)NC2CNCC2c2cncc(F)c2)nc1,0.7313
Cn1ncc(Cl)c1-c1ccc(C(=O)NC2CNCC2c2ccc(Cl)c(Cl)c2)o1,0.7077
Cn1nccc1-c1ccc(C(=O)NC2CNCCC2c2ccc(Br)cc2)cc1,0.7541
Cn1ncc(-c2cc(C(=O)NC3CNCCC3c3cccc(CO)c3)oc2Cl)c1-c1ccccc1,0.7123
Nc1ncnc(N2CCC(c3nc(-c4ccc(F)c(F)c4)cn3CCN3CCCC3)CC2)c1F,0.8438
Cn1ncc(Cl)c1-c1cc(F)c(C(=O)NC2CNCCC2c2cccc(F)c2)s1,0.7857
NC1(c2ccc(-c3nc4n(c3-c3ccccc3)COc3cnccc3-4)cn2)CCC1,0.7833
O=C(N1CCN(c2ncnc(Cl)c2Cl)CC1)C1(c2ccc(Br)cc2)CCNCC1,0.7458
Cn1ncc(Br)c1-c1cc(F)c(C(=O)NC2CNCCC2c2cnccn2)cc1F,0.7183
Cc1nc(N)nc2c1cc(-c1ccc(F)cc1)c(=O)n2C1CCC(OCO)CC1,0.7656
O=C(NC(c1ccccc1)C1CCNCC1)c1ccc2cnccc2c1,0.8036
NC(=O)c1c(N)ncnc1N1CCC(c2nc(-c3ccc(F)c(N)c3)cn2CCN2CCC2)CC1,0.8592
Cn1ncc(Cl)c1-c1ccc(C(=O)NC2CNCC2c2ccc(Br)c(F)c2)cc1,0.7313
CCc1c(N)ncnc1N1CCC(c2nc(-c3ccc(-c4cnn(C)c4)cc3)cn2CCN(C)C)CC1,0.726
NC(=O)c1ccn2c(-c3ccccc3)c(-c3ccc(C4(N)CCC4)cc3)nc2c1F,0.7679
Cn1cc(-c2cc(C(=O)NC(CN)Cc3cccc(F)c3)oc2Cl)cn1,0.7313
Cc1n[nH]c2ccc(-c3ccnc(OCC(N)Cc4c[nH]c5ccccc45)c3)cc12,0.746
NC1(c2ccc(-n3c(C4CC4)nc4ccc(-c5cccnc5)nc43)cc2)CCC1,0.7
NC(=O)c1ccc2nc(-c3ccc(C4(N)CC(F)(C5CC5)C4)cc3)c(-c3ccccc3)n2c1,0.7167
O=C(NC1CNCCC1c1ccc(F)cn1)c1cc2c(s1)CCCn1nccc1-2,0.7397
NC(=O)c1cccc2c(NC(CN3CCC3)c3ccc(F)cc3F)ncnc12,0.7742
O=C(Nc1ccc(Cl)cc1)Nc1ccc(-c2nnc3n2-c2cccnc2Nc2ccccc2-3)cc1,0.7458
Cc1nc(CO)cn2c(-c3ccccc3)c(-c3ccc(C4(N)CCC4)cc3)nc12,0.7593
NC(=O)Nc1c(N)ncnc1N1CCC(c2nc(-c3ccc(F)c(Cl)c3)cn2CCN2CCC2)CC1,0.8267
Cc1c(-c2coc(C(=O)NC3CNCCC3c3ccc(F)c(F)c3)c2)cnn1C,0.7571
Cc1cc(-c2cn(CCNC3CCCC3)c(C3CCN(c4ncnc(N)c4F)CC3)n2)ccc1F,0.8243
C=Cc1ccc2cc(-c3cncc(OCC(N)Cc4c[nH]c5ccccc45)c3)ccc2n1,0.806
Cn1ncc(-c2ccc(C(=O)NC3CNCCC3c3cccc(F)c3)nc2)c1C(F)F,0.7391
Cc1n[nH]c2ccc(-c3cncc(OCC(N)Cc4cccc(OCCN)c4)c3)nc12,0.803
Cn1ncc(-c2ccc(C(=O)NC3CNCCC3c3cccc(F)c3)nc2)c1Cl,0.7612
NC(Cc1ccc(Cl)cc1)C(=O)N1CCN(c2ncnc(N3CCC(F)C3)c2Cl)CC1,0.7193
Cc1cc(-c2cn(CCNC3CC3)c(C3CCN(c4ncnc(N)c4Cl)CC3)n2)ccc1F,0.7532
Nc1cc(N2CCC(c3nc(-c4ccc(F)c(F)c4)cn3CCN3CCC3)C(F)C2)ncn1,0.75
Cc1cc(-c2cn(CCNCCO)c(C3CCN(c4ncnc(N)c4F)CC3)n2)ccc1F,0.7089
COc1ccc(-c2cn(CCN3CCC3)c(C3CCN(c4cc(N)ncn4)CC3)n2)cc1F,0.791
O=C(Nc1csc(-c2nncn2C2CC2)n1)c1cc(-n2cnc(C3CC3)c2)c(F)cn1,0.7973
CCc1c(N)ncnc1N1CCC(c2nc(-c3ccccc3)cn2CCN2CCC2)CC1,0.8182
CNc1ncnc(N2CCC(c3nc(-c4cccc(F)c4)cn3CCN3CCC3)CC2)c1Cl,0.7606
N#Cc1c[nH]c2ncnc(N3CCC(c4nc(-c5ccc(F)c(F)c5)cn4CCN4CCC4)C3)c12,0.7176
O=C(NC(c1cccc(Cl)c1)C1CCNCC1)c1ccc2cnccc2c1,1
O=C(NC(c1ccc(Cl)c(Cl)c1)C1CCNCC1)c1cccnc1,0.7241
O=C(NC(c1cccc(Cl)c1)C1CCNCC1)c1cccc(-c2ccncc2)c1,0.7049
Cc1cc(-c2cn(CCNCCN)c(C3CCN(c4ncnc(N)c4F)CC3)n2)ccc1F,0.7051
NC(=O)c1c(N)ncnc1N1CCC(c2nc(-c3ccc(F)c(F)c3)cn2CCNCC2CC2)CC1,0.8767
NCC(NC(=O)c1cccc(-c2ccncc2)c1)c1ccccc1,0.7727
Cn1ncc(-c2ccc(C(=O)NC3CNCCC3c3ccc(F)c(F)c3)cc2)c1Cl,0.7846
Cc1n[nH]c2ncc(-c3cncc(OCC(N)Cc4cccc(F)c4)c3)cc12,0.8167
Cn1ncc2cc(-c3cncc(OCC(N)Cc4c[nH]c5ccccc45)c3)ccc21,0.7121
NC1(c2ccc(-n3c(-c4cccnc4F)nc4cccnc43)cc2)CCC1,0.7544
NC1(c2ccc(-c3nc4cc(CO)ccn4c3-c3ccccc3)cc2)CCC1,0.7222
O=C(NC1CNCCC1c1ccc(F)cc1)c1ccc(-c2ccn[nH]2)cc1Cl,0.7031
NC1(C(=O)NCc2cccc(F)c2)CCN(c2ncnc3[nH]ccc23)CC1,0.7213
NC1(c2ccc(-c3nc4cc(C=O)ccn4c3-c3ccccc3)cc2)CCC1,0.7358
Cn1nccc1-c1ccc(C(=O)NC2CNCCC2c2cccnc2)c(Cl)c1,0.7576
Cc1n[nH]c2ncc(-c3cc(OCC(N)Cc4c[nH]c5ccc(Cl)cc45)cnc3-c3ccoc3)nc12,0.8354
O=C(Nc1ccc(-c2nnc3n2-c2cccnc2Nc2ccccc2-3)cc1)N1Cc2ccccc2C1,0.7097
NC(=O)c1c(N)ncnc1N1CCC(c2nc(-c3ccc(F)c(C(F)(F)F)c3)cn2CC2CCNCC2)CC1,0.88
NC1(c2ccc(-c3nc4cc(Cl)ccn4c3-c3ccccc3)cc2)CCC1,0.7647
Cn1nccc1-c1ccc(C(=O)NC2CNCCC2c2ccccc2)c(Cl)c1,0.8065
Cn1nccc1-c1ccc(C(=O)NC2CNCCC2c2ccc(Cl)nc2)nc1,0.7313
CC1(C(N)=O)C(=O)Nc2ncnc(N3CCC(c4nc(-c5cncc(F)c5)ccc4NCCN4CCCC4)CC3)c21,0.8313
O=C(Cc1nc(N2CCOCC2)c(O)c(=O)[nH]1)Nc1cccc(Br)c1,0.7049
NCC(NC(=O)C1(N)CCN(c2ncnc3[nH]ccc23)CC1)c1ccc(F)cc1,0.8333
Cc1cc(C2CCNCC2NC(=O)c2cccc(-c3ccnn3C)c2)ccc1F,0.7273
CNc1ccc2ncnc(N3CCN(C(=O)C(N)Cc4ccc(Cl)cc4)CC3)c2c1,1
O=C(Cc1nc(N2CCOCC2)c(F)c(=O)[nH]1)N1CCCc2ccccc21,0.7258
Nc1ncnc(N2CCC(c3nc(-c4cccc(F)c4)cn3CCNC(=O)CBr)CC2)c1Cl,0.7105
Cn1ncc(Cl)c1-c1ccc(C(=O)NC2CNCC2c2ccc(Cl)c(F)c2)cc1,0.7656
O=C(NC1CNCCC1c1ccsc1)c1cc2c(s1)OCCn1ncc(Br)c1-2,0.7945
CC1(O)CC(N)(c2ccc(-c3nc4n(c3-c3ccccc3)COc3ccc(C(=O)NCCN5CCCC5)cc3-4)cc2)C1,0.8312
Cn1ncc(Cl)c1-c1ccc(C(=O)NC2CNCCC2c2cccc(Cl)c2)c(F)c1,0.7042
Cn1ncc(Br)c1-c1ccc(C(=O)NC2CNCCC2c2ccon2)o1,0.7463
CS(=O)(=O)NCCn1cc(-c2ccc(F)c(C(F)(F)F)c2)nc1C1CCN(c2ncnc(N)c2Cl)CC1,0.7436
Cn1nccc1-c1ccc(C(=O)NC2CNCCC2c2cccc(F)c2)s1,1
Cn1nccc1-c1ccc(C(=O)NC2CNCC2c2cncc(F)c2)s1,0.7059
O=C(NC1CNCCC1c1ccsc1)c1ccc(-c2cn[nH]c2)o1,0.7419
CC(=O)c1ccc2nc(-c3ccc(C4(N)CC(O)(C5CC5)C4)cc3)c(-c3ccccc3)n2c1,0.7333
Cn1ncc(Br)c1-c1cc(F)c(C(=O)NC2CNCCC2c2cc(F)ccc2F)cc1F,0.7794
Cc1n[nH]c2ccc(-c3cncc(OCC(N)Cc4cccc(-n5ccnc5)c4)c3)cc12,0.7101
CSc1ccc(-c2cnc3cc(-c4ccccc4)c(-c4ccc(C5(N)CCC5)cc4)nn23)cn1,0.75
Cc1nc(N)nc2c1cc(-c1cnn(C)c1)c(=O)n2C1CCC(OCO)CC1,0.75
N#Cc1ccc(-c2cn(CCN3CCC3)c(C3CCN(c4cc(N)ncn4)CC3)n2)cc1F,0.791
CC1CN(c2cc(=O)[nH]c(CC(=O)NC(C)c3ccc(F)cc3)n2)CCO1,0.7656
Cn1ncc(Cl)c1-c1ccc(C(=O)NC2CNCCC2c2cccc(F)c2)cc1,1
NC(=O)c1c(N)ncnc1N1CCC(c2nc(-c3ccc(F)c(C(F)(F)F)c3)cn2CCNC2CCCC2)CC1,1
Nc1cc(N2CCC(c3nc(-c4ccc(F)c(F)c4)cn3CCN3CCCC3)CC2)ncn1,1
Cc1n[nH]c2ccc(-c3cncc(OCC(N)Cc4cccc(Cl)c4Cl)c3)cc12,1
NC(Cc1ccc(F)cc1)C(=O)N1CCN(c2ncnc3cc(F)ccc23)CC1,0.8889
Cc1cc(-c2cn(CC(N)=O)c(C3CCN(c4ncnc(N)c4F)CC3)n2)ccc1F,0.7123
Cn1ncc(Cl)c1-c1cc(C(=O)NC2CNCCC2c2ccc(F)cc2)oc1Cl,0.873
NC1(c2ccc(-c3nnc4n3-c3cccnc3Nc3ncccc3-4)cc2)CCCCC1,0.7736
Cc1cc(-c2cn(CC3CCC3)c(C3CCN(c4ncnc(N)c4C(N)=O)CC3)n2)ccc1F,0.8056
Cc1cc(-c2cn(CCN3CCCC3)c(C3CCN(c4ncnc(N)c4F)CC3)n2)ccc1F,0.8382
CC1(C)CN(C(=O)Cc2nc(=O)cc(N3CCOCC3)[nH]2)c2cccc(Cl)c21,0.7538
CC(C)Cc1ccc(C2CCNCC2NC(=O)c2ccc(-c3ccnn3C)c(F)c2)cc1,0.7647
Cc1cc(-c2cn(CCNC(C)C)c(C3CCN(c4ncnc(N)c4Br)CC3)n2)ccc1F,0.8
Cc1n[nH]c2cnc(-c3cncc(OCC(N)Cc4ccc(N)nc4)c3)cc12,0.7833
Cn1ncc(Cl)c1-c1cc(F)cc(C(=O)NC2CNCC2c2cccc(F)c2)c1,0.7206
O=C(Cc1nc(=O)cc(N2CCOCC2)[nH]1)N1CCc2c(OC(F)F)cccc21,0.7612
O=C(NC1CNCCC1c1ccc(C(F)(F)F)nc1)c1cc2c(s1)OCCn1nccc1-2,0.7467
CC1SCc2ncnc(N3CCN(C(=O)C(N)Cc4cc(F)ccc4F)CC3)c21,0.7727
CC1(C(=O)Nc2ccc(-c3nnc4n3-c3cccnc3Nc3ccccc3-4)cc2)CC1,0.7213
Cn1cc(C2CCNCC2NC(=O)c2cc(F)c(-c3ccnn3C)cc2F)cn1,0.8095
Cn1nccc1-c1ccc(C(=O)NC2CNCCC2c2ccc(F)c(F)c2)cc1F,1
Cc1cc(-c2cn(CC3CNC3)c(C3CCN(c4ncnc(N)c4F)CC3)n2)ccc1F,0.8406
Cc1n[nH]c2ncc(-c3cncc(OCC(N)Cc4cc(F)ccc4F)c3)cc12,0.7031
Cn1nccc1-c1ccc(C(=O)NC2CNCCC2F)s1,0.7049
Cc1c[nH]c2ncnc(N3CCC(N)(CNC(=O)c4ccc(F)cc4F)C3)c12,1
O=C(NCc1ccccc1)Nc1nc(-c2ccncc2)cs1,0.7708
Cc1c[nH]c2ncnc(N3CCC(N)C3)c12,0.7209
Cc1cc(-c2cn(CCN3CCC3)c(C3CCN(c4ncnc(N)c4C(F)(F)F)CC3)n2)ccc1F,0.8028
Cc1cc(-c2cn(CCNC(C)C)c(C3CCN(c4ncnc(N)c4Cl)CC3)n2)ccc1F,0.8
CCN1CCC(NC(=O)c2ccc3c(c2)-c2nc(-c4ccc(C5(N)CC(C)(O)C5)cc4)c(-c4ccccc4)n2CO3)CC1,0.7625
Cn1nccc1-c1cccc(C(=O)NC2CNCCCC2c2ccc(F)c(F)c2)c1,0.7538
Nc1cc(N2CCC(c3nc(-c4cc(F)cc(F)c4)cn3CCN3CCCC3)CC2)ncn1,0.7903
NC(COc1cncc(-c2ccc(Cl)nc2)c1)Cc1c[nH]c2ccccc12,0.7302
NC(=O)c1cccc2c(NC(CN3CCC3)c3ccc(Br)cc3)ncnc12,0.8246
Cn1ncc(Br)c1-c1ccc(C(=O)NC2CNCC2c2ccc(Br)cc2)o1,0.7344
CNCCn1cc(-c2ccc(F)c(F)c2)nc1C1CCN(c2ncnc(N)c2C(N)=O)CC1,0.8857
COc1c(N)ncnc1N1CCC(c2nc(-c3ccc(S(C)(=O)=O)cc3)cn2CCN2CCC2)CC1,0.7013
COc1ccc(-c2cn(CCNCCN3CCCC3)c(C3CCN(c4cc(N)ncn4)CC3)n2)cc1F,0.7123
Cn1ncc(Cl)c1-c1cccc(C(=O)NC2CNCCC2c2cccc(F)c2)n1,0.7391
Cn1nccc1-c1ccc(C(=O)NC2CNCC2c2cccc(F)c2)c(Cl)c1,0.7424
CC1CC(O)c2ncnc(N3CCN(C(=O)C(CN4CCCCC4)c4ccc(F)cc4)CC3)c21,0.7353
CC(C)NCCn1cc(-c2ccc(F)nc2)nc1C1CCN(c2ncnc(N)c2C(N)=O)CC1,0.8026
Cn1nccc1-c1ccc(C(=O)NC2CNCCC2c2nccs2)c(F)c1,0.7385
Cc1cccn2c(-c3ccccc3)c(-c3ccc(C4(N)CC(C)(O)C4)cc3)nc12,0.75
NCC(CC1CCCCC1)NC(=O)c1cc(Br)c(-c2ccnc3[nH]ccc23)s1,1
Cc1n[nH]c2ccc(-c3cncc(OCC(N)Cc4c[nH]c5c(F)cccc45)c3)cc12,0.7846
Cn1nccc1-c1ccc(C(=O)NC2CNCCC2c2cccc(=N)[nH]2)cc1F,0.7101
Cn1ncc(Cl)c1-c1ccc(C(=O)NC2CNCC2c2cncc(F)c2)s1,0.7286
Cc1cc(-c2ccnn2C)ccc1C(=O)NC1CNCCC1c1ccc(F)c(F)c1,0.8689
CC1SCc2ncnc(N3CCN(C(=O)C(N)Cc4ccccc4F)CC3)c21,0.7424
NC1(CNC(=O)c2ccc(F)cc2)CCN(c2ncnc3[nH]ccc23)C1,0.7031
Cc1nnc(C2CCNCC2NC(=O)c2ccc3c(c2)OCCn2ncc(Cl)c2-3)o1,0.72
COc1cc(-c2cn(CCN(C)C)c(C3CCN(c4ncnc(N)c4C(N)=O)CC3)n2)ccc1F,0.8267
NC1(C(=O)NCc2ccc(Br)cc2)CCN(c2ncnc3[nH]ccc23)CC1,0.8182
CN(C)CCn1cc(-c2ccc(F)c(C(C)(F)F)c2)nc1C1CCN(c2ncnc(N)c2F)CC1,0.7703
CC1Cc2ccccc2N1C(=O)Cc1nc(N2CCOCC2)c(F)c(=O)[nH]1,1
CC1(O)CC(N)(c2ccc(-c3nc4n(c3-c3ccoc3)COc3ccncc3-4)cc2)C1,0.7969
Cc1n[nH]c2ccc(-c3cncc(OCC(N)Cc4cncc(-c5ccncc5)c4)c3)cc12,0.7627
NC(=O)C(NC(=O)C1(N)CCN(c2ncnc3[nH]ccc23)CC1)c1ccc(Br)cc1,0.8305
CCOc1c(N)ncnc1N1CCC(c2nc(-c3ccc(F)nc3)cn2CCN2CCC2)CC1,0.7808
Cn1nccc1-c1cccc(C(=O)NC2CNCCC2c2ccc(Br)c(F)c2)c1,0.7164
NC(=O)c1c(N)ncnc1N1CCC(c2nc(-c3ccc(F)c(C(F)(F)F)c3)cn2CCNC2CCC2)CC1,0.9726
Cc1c(-c2ccc(C(=O)NC3CNCCC3c3cccc(F)c3)cc2)cnn1C,0.7463
Cn1nccc1-c1ccc(C(=O)NC2CNCCC2c2ccnnc2)c(Cl)c1,0.7692
Cn1nccc1-c1cc(C(=O)NC2CNCCC2c2cccc(F)c2)no1,0.7463
Cn1nccc1-c1ccc(C(=O)NC2CNCCC2c2ccon2)c(F)c1,0.7385
Cn1ncc(Br)c1-c1cc(F)c(C(=O)NC2CCNCC2c2ccc(F)cc2)c(F)c1,0.7576
Cn1nccc1-c1cc(F)c(C(=O)NC2CNCCC2c2ccc(F)cn2)cc1F,0.8125
O=C(N1CCN(c2ncnc3[nH]cc(Br)c23)CC1)C1(c2ccccc2)CC1,0.8889
Cn1nccc1-c1ccc(C(=O)NC2CNCCC2c2cccs2)nc1,0.7059
Cn1nccc1-c1ccc(C(=O)NC2CNCCC2c2ccccn2)c(F)c1,0.7385
COc1ccccc1CC(N)COc1cncc(-c2ccc3[nH]nc(C)c3c2)c1,0.8361
Cn1cc(-c2coc(C(=O)NC3CNCCC3c3ccc(F)c(F)c3)c2)cn1,0.7391
NC(COc1cncc(-c2ccc3[nH]nc(-c4ccncc4)c3c2)c1)Cc1ccccc1,0.7167
O=C(Nc1ccc(-c2nnc3n2-c2cccnc2Nc2ccccc2-3)cc1)c1ccco1,0.7667
Nc1ncnc(N2CCC(c3nc(-c4ccc(C(F)F)c(F)c4)cn3CCN3CCC3)CC2)c1F,0.726
Cn1nccc1-c1ccc(C(=O)NC2CNCCC2c2cccc(F)c2)cc1F,0.8548
CC1Cc2c(Cl)cccc2N1C(=O)Cc1nc(N2CCOCC2)c(F)c(=O)[nH]1,1
CNC1CCC(N)(c2ccc(-c3nnc4n3-c3cccnc3Nc3ccccc3-4)cc2)C1,0.7097
COc1cc(-c2cn(CCN3CCC3)c(C3CCN(c4ncnc(N)c4C(N)=O)CC3)n2)ccc1F,1
Cn1nccc1-c1ccc(C2CCNCC2NC(=O)c2ccc(F)cc2F)cn1,0.7015
Cc1c[nH]c2ncnc(N3CCC(N)(C(=O)NC(C)c4ccc(Cl)c(F)c4)CC3)c12,0.7846
CNC(=O)c1ccn2c(-c3ccccc3)c(-c3ccc(C4(N)CCC4)cc3)nc2c1,0.7302
COc1cc(-c2cn(CCN3CCC3)c(C3CCN(c4ncnc(N)c4C#N)CC3)n2)ccc1F,1
Nc1ncnc(N2CCC(c3nc(-c4ccc(F)c(C(F)(F)F)c4)cn3CCCNCCO)CC2)c1Br,0.7436
N#Cc1c(N)ncnc1N1CCC(c2nc(-c3ccccc3)cn2CCN2CCCC2)CC1,0.8438
Cc1cnc(-c2cn(CCN3CCC3)c(C3CCN(c4ncnc(N)c4Cl)CC3)n2)cc1F,0.7042
Cc1n[nH]c2cnc(-c3cncc(OCC(N)Cc4c(F)cccc4F)c3)cc12,1
Cn1ncc(Cl)c1-c1cc(F)c(C(=O)NC2CNCCC2c2cccc(Cl)c2)c(F)c1,0.8438
CC1CN(c2cc(=O)[nH]c(CC(=O)Nc3ccc(F)cc3)n2)CCO1,1
COc1ccc2nc(-c3ccc(C4(N)CC(C)(O)C4)cc3)c(-c3ccccc3)n2c1,0.7636
N#Cc1c(N)ncnc1N1CCC(c2nc(-c3ccnc(F)c3)cn2CCN2CCC2)CC1,1
Cn1ncc(Br)c1-c1ccc(C(=O)NC2CNCC2c2cccc(Br)c2)s1,0.7246
NC1(c2ccc(-c3nn4c(-c5ccccc5)cnc4cc3-c3ccccc3)cc2)CCC1,0.9
NC(=O)c1c(N)ncnc1N1CCC(c2nc(-c3ccc(F)c(Cl)c3)cn2CCN2CCCC2)CC1,1
CNCC(Nc1ncnc2c(C(N)=O)cccc12)c1ccc(F)cc1,0.8148
NCC(NC(=O)c1ccc(-c2ccncc2)cc1)c1ccc(Cl)cc1,0.7674
NC1(c2ccc(-c3nnc4n3-c3cccnc3Nc3ccccc3-4)cc2)CC(F)C1,0.7679
CNc1ncnc(N2CCC(c3nc(-c4ccc(F)c(C(F)(F)F)c4)cn3CCN(C)C)CC2)c1O,0.7179
Cc1cc(-c2cn(CCNCCO)c(C3CCN(c4ncnc(N)c4Br)CC3)n2)ccc1F,0.7568
N#Cc1cccc(-c2cn(CCN3CCC3)c(C3CCN(c4ncnc(N)c4F)CC3)n2)c1,0.7297
Cn1nccc1-c1ccc(C(=O)NC2CNCCCC2c2ccc(F)cc2)s1,0.75
COc1cncc(-c2ccc(-c3cncc(OCC(N)Cc4c[nH]c5ccccc45)c3)cc2)c1,0.7377
NC1(c2ccc(-c3nnc4n3-c3cccnc3Nc3ccccc3-4)cn2)CCC1,0.7679
Cc1cc(C2CNCC2NC(=O)c2ccc(-c3ccnn3C)nc2)ccc1F,0.7576
Cc1cc(-c2cn(CCNC3CCCCC3)c(C3CCN(c4ncnc(N)c4F)CC3)n2)ccc1F,0.8133
COc1ccc(-c2cc3c(C)nc(N)nc3n(C3CCC(CO)CC3)c2=O)cn1,0.8125
COCCNC(=O)c1ccc2c(c1)-c1nc(-c3ccc(C4(N)CC(C)(O)C4)cc3)c(-c3ccccc3)n1CO2,0.8649
COC(=O)c1c(N)ncnc1N1CCC(c2nc(-c3cccc(C(F)(F)F)c3)cn2CCN2CCC2)CC1,0.8182
Cc1n[nH]c2ccc(-c3cncc(OCC(N)Cc4ccc(F)c(Br)c4)c3)cc12,0.8689
NCC(NC(=O)C1(N)CCN(c2ncnc3[nH]ccc23)CC1)c1ccccc1,0.8305
Cn1nccc1-c1cccc(C(=O)NC2CNCCC2c2ccc(F)cc2)c1C1CC1,0.7164
NC1(C(=O)NCc2ccc(F)cc2)CCN(c2ncnc3[nH]ccc23)CC1,0.8182
NC(=O)c1cc2ccc(-c3cncc(OCC(N)Cc4c[nH]c5ccccc45)c3)cc2cn1,0.7313
CCNC(=O)c1c[nH]c2ncnc(N3CCN(C(=O)C(N)Cc4ccc(F)cc4)CC3)c12,0.75
O=C(NC1CNCCC1c1ccc(Cl)cc1)c1ccc(-c2ccc(Cl)cc2)o1,0.7818
NC(=O)c1cccc2c(NC(CN3CCCC3)c3cccc(F)c3)ncnc12,0.9636
CCNC(=O)c1ccc2c(c1)OCn1c-2nc(-c2ccc(C3(N)CC(C)CC(C)C3)cc2)c1-c1ccccc1,0.7051
Nc1ncnc(N2CCC(c3nc(-c4ccc(F)c(C(F)(F)F)c4)cn3CCN(CCO)CC(F)F)CC2)c1Cl,0.7073
CC1(CCC(=O)O)C(=O)Nc2ccc(-c3cncc(OCC(N)Cc4c[nH]c5ccccc45)c3)cc21,0.7237
O=C(NC1CNCCC1c1ccc(F)nc1)c1ccc2c(c1)OCCn1nccc1-2,0.7971
NC(=O)c1ccn2c(-c3ccccc3)c(-c3ccc(C4(N)CCC4)cc3)nc2c1C(F)(F)F,0.7288
Cn1ncc(Cl)c1-c1ccc(C(=O)NC2CNCCC2c2cc(Cl)c(F)s2)cc1,0.7206
NC(=O)NC1(c2ccc(-c3nnc4n3-c3cccnc3Nc3ccccc3-4)cc2)CCC1,0.8095
Cc1cc(-c2cn(CCN(C)C)c(C3CCN(c4ncnc(N)c4C)CC3)n2)ccc1F,0.8382
CC(C)NCCn1cc(-c2ccc(F)c(C(F)(F)F)c2)nc1C1CCN(c2ncnc(N)c2C(N)=O)CC1,1
Cc1cc(-c2ccnn2C)ccc1C(=O)NC1CNCC1c1ccc(F)c(F)c1,0.75
Cn1ncc(Br)c1-c1ccc(C(=O)NC2CNCCC2c2cncc(F)c2)o1,0.75
Cn1nccc1-c1ccc(C(=O)NC2CNCC2c2ccc(F)cc2)c(Cl)c1,0.75
COc1cc(-c2cn(CF)c(C3CCN(c4ncnc(N)c4C(N)=O)CC3)n2)ccc1F,0.8243
CCNCCn1cc(-c2ccc(F)c(C(F)(F)F)c2)nc1C1CCN(c2cc(N)ncn2)CC1,0.7639
Cn1cc(-c2ccc(C(=O)NC3CNCCC3c3ccc(F)c(F)c3)cc2F)cn1,0.7273
NCC(NC(=O)c1ccc(C(=O)NCc2ccncc2)cc1)c1ccccc1,0.7333
Nc1ncnc(N2CCC(c3nc(-c4ccnc(Br)c4)cn3CCN3CCC3)CC2)c1Cl,0.7857
CC(C)NCCn1cc(-c2cccc(C(N)=O)c2)nc1C1CCN(c2ncnc(N)c2F)CC1,0.7037
NC1(c2ccc(-c3nc4c(C(=O)O)cccn4c3-c3ccccc3)cc2)CCC1,0.8627
CN(C)CCn1cc(-c2ccc(F)c(C(F)(F)F)c2)nc1C1CCN(c2ncccc2C(N)=O)CC1,0.7375
Cc1n[nH]c2ccc(-c3cncc(OCC(N)Cc4ccc5c(c4)OCO5)c3)cc12,1
Cc1cc(-c2cn(CCNCC3CC3)c(C3CCN(c4ncnc(N)c4C#N)CC3)n2)ccc1F,1
Cc1cc(-c2cn(CCN3CCC3)c(C3CCN(c4ncnc(N)c4Cl)CC3)n2)cc(F)c1F,0.7571
CN(C)CCn1cc(-c2ccc(F)c(F)c2)nc1C1CCN(c2ncnc(N)c2Cl)CC1,0.7794
Cn1nccc1-c1cccc(C(=O)NC2CNCCC2c2ccc(F)c(F)c2)c1F,0.7846
NC(=O)c1cccn2c(-c3ccccc3)c(-c3ccc(C4(N)CC(F)C4)cc3)nc12,0.7679
CC(=O)NCCn1cc(-c2ccc(F)c(C(F)(F)F)c2)nc1C1CCN(c2cc(N)ncn2)CC1,0.7333
Cc1cc(-c2cn(CCN(C(C)C)C(C)C)c(C3CCN(c4ncnc(N)c4Cl)CC3)n2)ccc1F,0.7089
CC(NC(=O)C(Cc1ccccc1)NC(=O)C1(N)CCN(c2ncnc3[nH]ccc23)CC1)c1ccc(Cl)cc1,0.7647
Cc1n[nH]c2ccc(-c3cncc(OCC(N)Cc4ccc(C(F)(F)F)cc4Cl)c3)cc12,0.8308
Cc1nc(-c2ccc(C(=O)NC3CNCCC3c3ccc(F)c(F)c3)cc2)n(C)n1,0.7077
CN1CC(N)(c2ccc(-c3nnc4n3-c3cccnc3Nc3ccccc3-4)cc2)CC1=O,0.7049
NC(=O)c1c(N)ncnc1N1CCC(c2nc(-c3ccc(F)c(OC(F)F)c3)cn2CCN2CCOCC2)CC1,0.8961
CN(C)C(=O)c1ccn2c(-c3ccccc3)c(-c3ccc(C4(N)CCC4)cc3)nc2c1,0.7302
Cn1nccc1-c1cccc(C(=O)NC2CNCCC2c2ccc(-c3ccccc3)c(F)c2)c1,0.7353
NC(=O)CNC(=O)C1(N)CCN(c2ncnc3[nH]ccc23)CC1,0.7143
NC(=O)c1n[nH]c2ccc(-c3cncc(OCC(N)Cc4ccc(Br)cc4)c3)cc12,0.7705
CCc1c(N)ncnc1N1CCC(c2nc(-c3ccnc(C(F)(F)F)c3)cn2CCN(C)C)CC1,0.8082
CC1COCCN1c1nc(N2CCOCC2C)c2ccc(-c3cccc(C(N)=O)c3)nc2n1,0.7627
NC(COc1cncc(-c2ccc3c(c2)C(F)(F)C(=O)N3)c1)Cc1ccccc1,0.7273
NC(=O)CC(NC(=O)c1cc(Br)c(-c2ccnc3[nH]ccc23)s1)c1ccccc1,0.8333
CCc1ccc(NC(=O)Nc2ccc(-c3nnc4n3-c3cccnc3Nc3ccccc3-4)cc2)cc1,0.7097
NC(=O)c1c(N)ncnc1N1CCC(c2nc(-c3cccc(Cl)c3)cn2CCN2CCC2)CC1,0.9697
NC(=O)c1cccc2c(NC(CN3CC(O)C3)c3ccc(F)cc3)ncnc12,0.7966
Cn1nccc1-c1ccc(C(=O)NC2CNCCC2c2ccc(F)nc2)c(Cl)c1,0.791
Cn1ncc(Cl)c1-c1ccc(C(=O)NC2CNCCC2c2cncc(F)c2)o1,0.7727
NC(=O)c1cccc2c(NC(CN3CCCC3)c3cccc(F)c3)ccnc12,0.7302
Nc1ncnc(N2CCC(c3nc(-c4ccnc(C(F)F)c4)cn3CCN3CCC3)CC2)c1C(=O)NC1CCCC1,0.7108
Cn1ncc(Cl)c1-c1ccc(C(=O)NC2CNCCC2c2ccc(F)c(F)c2)cc1,1
Cn1ncc(Cl)c1-c1ccc(C(=O)NC2CNCCC2c2ccc(Cl)cc2)cc1,0.8197
NC(=O)c1c(N)ncnc1N1CCC(c2nc(-c3ccnc(C(F)(F)F)c3)cn2CCNCCF)CC1,0.7821
Cn1ncc(-c2ccc(C(=O)NC3CNCCC3c3cccc(F)c3)nc2)c1C1CCC1,0.7183
NCC(NC(=O)c1ccc(F)c(-c2ccncc2)c1)c1ccccc1,0.7083
CN(C)CCCn1cc(-c2ccc(F)c(N)c2)nc1C1CCN(c2ncnc(N)c2C(N)=O)CC1,0.8
CC(=O)Nc1ccc(-c2nnc3n2-c2cccnc2Nc2ccccc2-3)cc1,0.7857
Cc1ccc(-c2cn(C)c(C3CCN(c4ncnc(N)c4C(N)=O)CC3)n2)cc1F,0.7083
Cc1oc(-c2ccnn2C)cc1C(=O)NC1CNCCC1c1ccc(F)c(F)c1,0.7424
Cc1cc(-c2cncc(OCC(N)Cc3c[nH]c4ccccc34)c2)ncc1OCC(C)N,0.7164
Cn1ncc(F)c1-c1ccc(C(=O)NC2CNCCC2c2ccc(F)c(F)c2)s1,0.7015
Cn1ncc(Cl)c1-c1ccc(C(=O)NC2CNCCC2c2cccc(Cl)c2)s1,0.8485
Cc1ccc2nc(-c3ccccc3)n(-c3ccc(C4(N)CCCC4)cc3)c2n1,0.7551
O=C(Cc1nc(N2CCOCC2)c(F)c(=O)[nH]1)N1CCc2c(Cl)cccc21,0.8305
Cc1n[nH]c2ccc(-c3cncc(OCC(N)Cc4ccc(OC(F)(F)F)nc4)c3)cc12,0.8254
Cc1n[nH]c2ccc(-c3cncc(OCC(N)Cc4ccccc4Cl)c3)cc12,1
CC(CF)(CF)NCCn1cc(-c2ccc(F)c(F)c2)nc1C1CCN(c2ncnc(N)c2C(N)=O)CC1,0.7654
CCn1cc(-c2ccc(F)c(OC(F)(F)F)c2)nc1C1CCN(c2ncnc(N)c2C(N)=O)CC1,0.7125
COc1cnc(-c2cncc(OCC(N)Cc3c[nH]c4ccccc34)c2)cc1N,0.7121
Cn1nccc1-c1ccc(C(=O)NC2CNCCC2c2ccn(C)c(=O)c2)c(Cl)c1,0.75
NC(=O)CC(NC(=O)C1(N)CCN(c2ncnc3[nH]ccc23)CC1)c1ccc(F)c(F)c1,0.7969
NCCn1cc(-c2ccc(F)c(Cl)c2)nc1C1CCN(c2cc(N)ncn2)CC1,0.7231
NC(=O)c1ccc2c(c1)-c1nc(-c3ccc(Cl)cc3)c(-c3ccccc3)n1CO2,0.7077
Cc1cc(C(=O)NC2CNCC2c2ccc(F)c(F)c2)ccc1-c1ccnn1C,0.7385
Cn1nccc1-c1ccc(C(=O)NC2CNCCC2c2cccc(F)c2)c(F)c1,0.8525
NC(=O)c1c(N)ncnc1N1CCC(c2nc(-c3cccc(C(F)(F)F)c3)cn2CCF)CC1,0.8472
O=C(Cc1nc(=O)c(F)c(N2CCOCC2)[nH]1)N1CCc2cc(F)ccc21,0.7258
O=S(=O)(Nc1cc(-c2ccc3nccn3n2)cnc1Cl)c1ccccc1F,0.7288
NC(Cc1ccc(F)cc1)C(=O)N1CCN(c2ncnc3cc(Br)ccc23)CC1,0.7667
Cc1cc(-c2cn(CCNCC3CC3)c(C3CCN(c4ncnc(N)c4Cl)CC3F)n2)ccc1F,0.7722
Cn1ccc(C2CCNCC2NC(=O)c2ccc(-c3c(Cl)cnn3C)cc2)c1,0.7273
Nc1ncnc(N2CCC(c3nc(-c4ccc(F)c(F)c4)cn3CCN3CCC3)CC2)c1C(=O)NCC(F)(F)F,0.7195
CC1(C)C(=O)Nc2ccc(-c3cncc(OCC(N)Cc4c[nH]c5ccccc45)c3)cc21,0.8209
Cn1nccc1-c1ccc(C(=O)NC2CNCCC2c2cccc(F)n2)cn1,0.7059
NC1(c2ccc(-c3nc4ccc(C(=O)N5CCCC5)cn4c3-c3ccccc3)cc2)CCC1,0.8
NC(=O)c1c(N)ncnc1N1CCC(c2nc(-c3cccc([N+](=O)[O-])c3)cn2CCN2CCC2)CC1,0.7632
Cc1n[nH]c2ccc(-c3cncc(OCC(N)Cc4cc(F)c(F)cc4F)c3)cc12,0.8305
O=C(NC1CNCCC1c1ccsc1)c1cc2c(s1)CCCn1nccc1-2,0.7465
Cc1cnc(C(=O)Nc2csc(-c3nncn3C3CC3)n2)cc1-n1cnc(C2CC2)c1,0.7838
O=C(Cc1nc(=O)cc(N2CCOCC2)[nH]1)N1CCc2c(Cl)cccc21,0.7377
O=C(NC(c1ccc(Cl)c(Cl)c1)C1CCNC1)c1ccncc1,0.7544
CN1CCN(CCn2cc(-c3ccc(F)c(C(F)(F)F)c3)nc2C2CCN(c3cc(N)ncn3)CC2)CC1,0.8806
Cc1n[nH]c2ccc(-c3cncc(OCC(N)Cc4cccc(-c5ccncc5)c4)c3)cc12,0.8033
O=C(NC(c1ccc(Cl)c(Cl)c1)C1CCCNC1)c1cnccc1Cl,0.7258
NC(=O)c1c(N)ncnc1N1CCC(c2nc(-c3ccc(F)c(C(F)(F)F)c3)cn2CCNCC2CC2)CC1,1
Cc1cc(-c2ccccc2)cn2c(-c3ccccc3)c(-c3ccc(C4(N)CCC4)cc3)nc12,0.84
Nc1cc(N2CCC(c3nc(-c4cccc(F)c4F)cn3CCN3CCC3)CC2)ncn1,0.7059
Cc1n[nH]c2nc(-c3cncc(OCC(N)Cc4c[nH]c5ccccc45)c3)ccc12,0.7727
NCCn1cc(-c2ccc(F)c(C(F)(F)F)c2)nc1C1CCN(c2ncnc(N)c2C(N)=O)CC1,1
O=C(Cc1nc(N2CCOCC2)c(O)c(=O)[nH]1)Nc1ccc(F)c(F)c1,0.7
Cn1ncc(Br)c1-c1ccc(C(=O)NC2CNCCC2c2ccc(F)c(F)c2)o1,0.803
Cc1cc(-c2cncc(OCC(N)Cc3c[nH]c4ccccc34)c2)cnc1N1CCOCC1,0.7432
CCC1CC(N)(c2ccc(-c3nc4ccc(C(N)=O)cn4c3-c3ccccc3)cc2)C1,0.7288
Cn1ncc(Br)c1-c1ccc(C(=O)NC2CNCC2c2ccc(F)c(F)c2)cc1,0.8525
N#Cc1cncnc1N1CCC(c2nc(-c3ccc(F)c(F)c3)cn2CCN2CCC2)CC1,0.7361
Cc1n[nH]c2ncc(-c3cncc(OCC(N)Cc4cccc(Br)c4)c3)cc12,0.8033
CN1CCN(c2ccc(CNC(=O)C3(N)CCN(c4ncnc5[nH]ccc45)CC3)cc2)CC1,0.75
Cc1cc(-c2cn(CCN3CCC3)c(C3CCN(c4ncnc(N)c4Br)CC3F)n2)ccc1F,0.8158
CC(=O)c1c(N)ncnc1N1CCC(c2nc(-c3ccc(F)c(F)c3)cn2CCNCC(C)C)CC1,0.7975
COc1cncc(C2CCNCC2NC(=O)c2ccc(-c3c(Br)cnn3C)o2)c1,0.7286
CNC(=O)CCn1cc(-c2ccc(F)c(C(F)(F)F)c2)nc1C1CCN(c2cc(N)ncn2)CC1,0.7333
Cn1nccc1-c1cc(C(=O)NC2CNCCC2c2ccc(F)c(F)c2)oc1Cl,0.7681
CC(=O)NCCn1cc(-c2ccc(F)c(C(F)(F)F)c2)nc1C1CCN(c2ncnc(N)c2Cl)CC1,0.7436
NC(COc1cncc(-c2cccc(-c3ccccc3)c2)c1)Cc1c[nH]c2ccccc12,0.7667
NC1(c2ccc(-c3nc4c(Cl)nccn4c3-c3ccccc3)cc2)CCC1,0.7308
CSc1ccc(-c2cnc3cc(-c4ccccc4)c(-c4ccc(C5(N)CCC5)cc4)nn23)cc1,0.807
NC(=O)c1c(N)ncnc1N1CCC(c2nc(-c3ccc(F)c(C(F)(F)F)c3)cn2CC2CNC2)CC1,1
Cn1ncc(Cl)c1-c1ccc(C(=O)NC2CNCC2c2cc(F)cc(F)c2)s1,0.7353
Cn1ccc(C2CCNCC2NC(=O)c2ccc(-c3ccnn3C)cc2)c1,0.7143
Cc1ccc(-c2cn(CCNCC3CC3)c(C3CCN(c4ncnc(N)c4C)CC3)n2)cc1F,0.7308
NC(=O)c1c(N)ncnc1N1CCC(c2nc(-c3ccccc3)cn2CCN2CCC2)CC1,0.7971
Nc1ncnc(N2CCC(c3nc(-c4ccc(F)c(Cl)c4)cn3CCN3CCC3)CC2)c1F,0.8261
Cn1cc(-c2cc(F)c(C(=O)NC3CNCCC3c3ccc(F)cc3)cc2F)cn1,0.7231
NC(COc1cncc(-c2ccc3cnccc3c2)c1)Cc1c[nH]c2ccccc12,1
O=C(Cc1nc(N2CCOC(CO)C2)cc(=O)[nH]1)Nc1ccc(F)cc1,0.7903
Cn1ncc(Cl)c1-c1cc(C(=O)NC2CNCCC2c2cc(F)c(F)cc2F)oc1Cl,0.7941
CC1CN(c2cc(=O)[nH]c(CC(=O)Nc3ccc(F)c(F)c3F)n2)CCO1,0.7581
COc1c(N)ncnc1N1CCC(c2nc(-c3ccc(F)c(C)c3)cn2CC2CNC2)CC1,1
CC1(N)CC(N)(c2ccc(-c3nc4n(c3-c3ccccc3)CCOc3cc(C(N)=O)ccc3-4)cc2)C1,0.7536
CC1(O)CC(N)(c2ccc(-c3nc4n(c3-c3ccccc3)COc3cc(C(N)=O)ccc3-4)cc2)C1,1
Cc1n[nH]c2ccc(-c3cncc(OCC(N)Cc4cccc(N)c4)c3)cc12,0.8167
Cc1n[nH]c2ncc(-c3cncc(OCC(N)Cc4ccc(F)c(Cl)c4)c3)cc12,0.8095
NC(=O)NCCn1cc(-c2ccc(F)c(C(F)(F)F)c2)nc1C1CCN(c2cc(N)ncn2)CC1,0.7432
CC(C)NCCn1cc(-c2ccc(F)c(F)c2)nc1C1CCN(c2ncnc(N)c2Cl)CC1,0.7714
Cc1ccc(C2CNCC2NC(=O)c2ccc(-c3c(Br)cnn3C)o2)cc1,0.7231
Cc1cc(-c2cn(CCNC(C)C)c(C3CCN(c4ncnc(N)c4OC(F)(F)F)CC3)n2)ccc1F,0.75
Cn1nccc1-c1ccc(C(=O)NC2CNCCC2c2cnccn2)c(Cl)c1,0.7059
COc1ccccc1C1CCNCC1NC(=O)c1ccc(-c2c(Cl)cnn2C)o1,0.7206
Cc1ccc(-c2ccc3nc(-c4ccc(C5(N)CCC5)cc4)c(-c4ccccc4)n3n2)cc1,0.717
Cn1nccc1-c1cnc(C(=O)NC2CNCCC2c2cccc(F)c2)cn1,0.803
Cn1ncc(Cl)c1-c1ccc(C(=O)NC2CNCCC2c2cncc(F)c2)cc1,0.8281
NC(=O)c1c(N)ncnc1N1CCC(c2nc(-c3ccc(F)c(C(F)F)c3)cn2CCN2CCC2)CC1,0.8243
NC1(C(=O)NCc2cc(Cl)cc(Cl)c2)CCN(c2ncnc3[nH]ccc23)CC1,0.8545
Cn1ncc(Br)c1-c1ccc(C(=O)NC2CNCCC2c2cncc(F)c2)cc1,0.7846
NC(=O)c1ccc2nc(-c3ccc(C4(N)CC(F)C4)cc3)c(-c3ccccc3)n2c1,0.7679
CC1SCc2ncnc(N3CCN(C(=O)NCc4ccc(F)c(F)c4)CC3)c21,0.7015
Cn1nccc1-c1ccc(C(=O)NC2CNCCCC2c2ccc(F)cc2)c(Cl)c1,0.7846
Cn1cc(-c2ccc(C(=O)NC3CNCCC3c3ccc(Cl)cc3)o2)cn1,0.7344
CNC(=O)NCCn1cc(-c2ccc(F)c(C(F)(F)F)c2)nc1C1CCN(c2ncnc(N)c2Cl)CC1,0.7439
NC1(c2ccc(-c3nc4ccc(C(=O)O)nn4c3-c3ccccc3)cc2)CCC1,0.8627
Cc1cc(CC(N)COc2cncc(-c3cc4c(C)noc4cn3)c2)ccc1F,0.7121
O=C(Cc1nc(N2CCOCC2)cc(=O)[nH]1)NNC(=O)C(=O)Nc1ccccc1F,0.7031
CNCC(Nc1ncnc2c(C(N)=O)ccnc12)c1cccc(F)c1,0.7719
Cn1ncc(Br)c1-c1ccc(C(=O)NC2CNCCC2C(F)(F)F)cc1,0.7031
O=C(NC1CCCNCC1c1ccc(F)cc1)c1cc2c(s1)CCCn1nccc1-2,0.7123
Cc1n[nH]c2ccc(-c3cncc(OCC(N)Cc4ccccc4OC(F)(F)F)c3)cc12,1
CN(C)CC(Nc1ncnc2c(C(N)=O)cccc12)c1ccc(F)cc1,0.7
Cc1cc(-c2cn(CCN(C)C)c(C3CCN(c4ncnc(N)c4Br)CC3)n2)ccc1F,0.8169
COc1ccc(-c2cn(CCN3CCC3)c(C3CCN(c4ncnc(N)c4F)CC3)n2)cc1F,0.8219
Cc1n[nH]c2ncc(-c3cncc(OCC(N)Cc4ccc(F)c(C(F)(F)F)c4)c3)cc12,0.8154
O=C(NC1CNCCC1c1cc(Br)cs1)c1cc2c(s1)OCCn1nccc1-2,0.7222
Cc1ccc(C2CCNCC2NC(=O)c2ccc(-c3ccnn3C)cc2Cl)o1,0.7164
Cn1nccc1-c1ccc(C(=O)NC2CNCCC2c2ccc(F)c(CN)c2)cc1F,0.8182
CC(F)Cn1cc(-c2ccc(F)c(F)c2)nc1C1CCN(c2ncnc(N)c2Br)CC1,0.7391
Cc1cc(C(=O)N2CCN(c3ncccn3)CC2)cn2c(-c3ccccc3)c(-c3ccc(C4(N)CCC4)cc3)nc12,0.7059
CC1(O)CC(N)(c2ccc(-c3nc4n(c3-c3ccncc3)COc3ccccc3-4)cc2)C1,0.875
Cc1n[nH]c2cnc(-c3cncc(OCC(N)Cc4cc(F)cc(F)c4)c3)cc12,0.8305
Cn1ncc(Br)c1-c1ccc(C(=O)NC2CNCC2c2ccc(Br)c(F)c2)cc1,0.7656
CCc1c(C)ccn2c(-c3ccccc3)c(-c3ccc(C4(N)CCC4)cc3)nc12,0.7222
CCOc1c(N)ncnc1N1CCC(c2nc(-c3ccc(F)cc3)cn2CCN2CCC2)CC1,0.8143
CNCCn1cc(-c2ccc(F)c(C(N)=O)c2)nc1C1CCN(c2ncnc(N)c2F)CC1,0.75
CSc1ccc(CC(N)COc2cncc(-c3ccc4[nH]nc(C)c4c3)c2)cc1,0.7966
NC1(c2ccc(-n3c(-c4cccnc4)nc4cccnc43)cc2)CCC1,0.7455
Cn1ncc(-c2ccc(C(=O)NC3CNCCC3c3cccc(F)c3)nc2)c1F,0.7727
Cn1nccc1-c1ccc(C(=O)NC2CNCCC2c2cccnc2)cc1,0.7031
NC(=O)c1c(N)ncnc1N1CCC(c2nc(-c3cccc(Cl)c3)cn2CCN2CCCC2)CC1,1
NC(=O)CCn1cc(-c2ccc(F)c(C(F)(F)F)c2)nc1C1CCN(c2cc(N)ncn2)CC1,0.7746
Cc1n[nH]c2ncc(-c3cncc(OCC(N)Cc4cccc(Cl)c4)c3)cc12,0.8033
Nc1ccc(CC(N)C(=O)N2CCN(c3ncnc(N4CCCCC4)c3Cl)CC2)cc1,0.7222
Cn1nccc1-c1ccc(C(=O)NC2CNCCC2c2cccnc2)s1,0.7576
Nc1ccccc1-c1cncc(OCC(N)Cc2c[nH]c3ccccc23)c1,0.7419
Cn1nccc1-c1ccccc1C(=O)NC1CNCCC1c1cccc(F)c1,0.7059
Cn1nccc1-c1ccc(C(=O)NC2CNCCC2c2ccc(F)cc2Cl)cc1F,0.7463
NC(=O)c1c(N)ncnc1N1CCC(c2nc(-c3cc(F)cc(F)c3)cn2CCN2CCCC2)CC1,0.7778
CN(C)CCn1cc(-c2ccc(F)c(Cl)c2)nc1C1CCN(c2ncnc(N)c2Cl)CC1,0.7027
Cc1cc(-c2cn(CCN)c(C3CCN(c4ncnc(N)c4C#N)CC3)n2)ccc1F,0.8551
Cn1ncc(-c2ccccc2)c1-c1ccc(C(=O)NC2CNCCC2c2cccc(F)n2)s1,0.7534
CNCCCNCCn1cc(-c2cccc(F)c2)nc1C1CCN(c2ncnc(N)c2Cl)CC1,0.72
Cc1cc(C2CNCC2NC(=O)c2ccc(-c3c(Cl)cnn3C)cc2)ccc1F,0.7424
Cn1c(CC(=O)N2CCc3ccccc32)nc(N2CCOCC2)cc1=O,1
Cc1n[nH]c2ccc(-c3cc(OCC(N)Cc4ccccc4)cnc3-c3ccoc3)cc12,1
Cn1ccc(C2CCNCC2NC(=O)c2ccc(-c3c(Br)cnn3C)o2)c1,0.7727
Cn1cnc(-c2cc(OCC(N)Cc3c[nH]c4ccccc34)cnc2-c2ccoc2)c1,0.7143
N#Cc1c(N)ncnc1N1CCC(c2nc(-c3cccc(Cl)c3)cn2CCNCC2CC2)CC1,0.7692
Cn1ncc(Br)c1-c1cc(F)c(C(=O)NC2CNCCC2c2cccc(F)c2)cc1F,0.8209
Cn1nccc1-c1ccc2nc(C(=O)NC3CNCCC3c3ccc(F)c(F)c3)cn2c1,0.7246
Cn1ncc(-c2ccc(C(=O)NC3CNCCC3c3ccc(F)c(F)c3)c(F)c2)c1C(F)(F)F,0.7101
Cc1n[nH]c2ccc(-c3cncc(OCC(N)Cc4cccc(N=c5[nH]cco5)c4)c3)cc12,0.7042
Cc1n[nH]c2ccc(-c3cncc(OCC(N)Cc4cccnc4)c3)cc12,0.7705
COC(=O)c1ccc2nc(-c3ccc(C4(N)CC(C)(O)C4)cc3)c(-c3ccccc3)n2c1,0.7966
Cc1csc(C2CCNCC2NC(=O)c2ccc(-c3ccnn3C)c(F)c2)c1,0.7313
O=C(NC1CNCCC1c1ccc(F)c(F)c1)c1ccc(-c2cccnc2)cc1F,0.7031
Cc1n[nH]c2cnc(-c3cncc(OCC(N)Cc4ccc(F)c(Cl)c4)c3)cc12,0.8387
NC(=O)c1ccnc2c(NC(CN3CC(F)C3)c3ccc(F)cc3)ncnc12,0.7164
Cn1ncc(Cl)c1-c1ccc(C(=O)NC2CNCCC2c2ccc(Br)cc2)o1,0.8689
Cc1cc(-c2cn(CC3CNC3)c(C3CCN(c4ncnc(N)c4Cl)CC3)n2)ccc1F,0.8169
NCC(=O)N1CCC(N)(c2ccc(-c3nnc4n3-c3cccnc3Nc3ccccc3-4)cc2)CC1,0.7377
Cc1c[nH]c2ncnc(N3CCC(N)(CNC(=O)Nc4ccc(F)cc4F)CC3)c12,0.7
NC1(CNC(=O)c2ccc(F)cc2F)CCN(c2ncnc3[nH]cc(Cl)c23)C1,1
O=C(Cc1nc(=O)cc(N2CCOCC2)[nH]1)Nc1cccc(Br)c1,0.7288
CC(=O)N(C)CCn1cc(-c2ccc(F)c(C)c2)nc1C1CCN(c2ncnc(N)c2Cl)CC1,0.7215
Cc1n[nH]c2ccc(-c3cccc(OCC(N)Cc4ccccc4F)c3)cc12,0.7833
O=C(NC1CNCCC1c1ccc(F)nc1)c1cc2c(s1)OCCn1ncc(Br)c1-2,0.8243
Cn1ncc(Br)c1-c1ccc(C(=O)NC2CNCCC2c2ccco2)o1,0.7206
O=C(NC1CNCCC1c1cccs1)c1ccc2c(c1)OCCn1nccc1-2,0.7246
Cc1cnn(C)c1-c1ccc(C(=O)NC2CNCCC2c2ccoc2)s1,0.7143
CC(=O)Nc1nc2ccc(-c3cnc(Cl)c(NS(=O)(=O)c4ccc(F)cc4)c3)cc2s1,1
Cn1ncc(Br)c1-c1ccc(C(=O)NC2CNCC2c2cccc(Cl)c2)s1,0.7042
Cn1ncc(Br)c1-c1cc(F)c(C(=O)NC2CNCCC2c2ccco2)c(F)c1,0.7246
Cn1nccc1-c1ccc(C(=O)NC2CNCCC2c2ccccn2)c(Cl)c1,0.7164
Nc1ncnc(N2CCC(c3nc(-c4ccc(F)cc4)cn3CCN3CCCC3)CC2)c1C1CCCC1,0.9661
CS(=O)(=O)c1cc(-c2cn(CCN3CCCC3)c(C3CCN(c4cc(N)ncn4)CC3)n2)ccc1F,0.7941
Cn1nccc1-c1ccc(C(=O)NC2CNCCC2c2cccc(-c3cccnc3)c2)s1,0.7571
Cc1n[nH]c2ccc(-c3cncc(OCC(N)Cc4cccc(C(F)(F)F)c4)n3)cc12,0.7353
Cn1nccc1-c1cccc(C(=O)NC2CNCCC2c2ccc(N)c(F)c2)c1,0.7164
CN(C)C(=O)c1cccc2c(NC(CN3CCC3)c3cccc(F)c3)ncnc12,0.8033
COc1cccc(C(=O)Nc2ccc(-c3nnc4n3-c3cccnc3Nc3ccccc3-4)cc2)c1,0.7778
NC1(c2ccc(-c3nc4ccc(C(=O)Nc5ccc(F)c(F)c5)nn4c3-c3ccccc3)cc2)CCC1,0.7121
CCOc1ccc(-c2cc3c(C)nc(N)nc3n(C3CCC3)c2=O)cn1,0.7121
Cn1c2ccccc2c2cc(-c3cncc(OCC(N)Cc4c[nH]c5ccccc45)c3)ccc21,0.7121
CN(C)CCn1cc(-c2ccc(F)c(C(F)(F)F)c2)nc1C1CCN(c2cc(N)ncn2)CC1F,0.7595
CCN(CC)CCn1cc(-c2ccc(F)c(C)c2)nc1C1CCN(c2cc(N)ncn2)CC1,0.7397
CC1COCCN1c1nc(N2CCN(C)CC2)nc2nc(-c3cccc(N)c3)ccc12,0.8448
NC(=O)c1c(N)ncnc1N1CCC(c2nc(-c3ccnc(F)c3)cn2CCN2CCC2)CC1,0.8429
Cn1nccc1-c1ccc(C(=O)NC2CNCCC2c2cccs2)cc1F,0.7424
Cc1n[nH]c2ncc(-c3cncc(OCC(N)Cc4ccc(F)c(F)c4)c3)cc12,0.7031
CNC(=O)C(Cc1ccccc1)NC(=O)c1cc(Br)c(-c2ccnc3[nH]ccc23)s1,0.7612
O=C(NC1CNCCC1c1cccc(F)c1)c1ccc(-c2cccc(F)c2)s1,0.7031
Cc1c(-c2ccnn2C)ccc(C(=O)NC2CNCCC2c2ccc(F)cc2)c1F,0.7385
NC(COc1cncc(-c2ccc(N3CCOCC3)nc2)c1)Cc1c[nH]c2ccccc12,0.7397
NC1(c2ccc(-c3nc4n(c3-c3ccoc3)COc3cccnc3-4)cc2)CCC1,0.7931
NC(=O)C1(c2ccc(-c3nnc4n3-c3cccnc3Nc3ccccc3-4)cc2)CCC1,0.7414
NCC(NC(=O)c1ccc(Cl)c(-c2ccncc2)c1)c1ccccc1,0.7083
NC1(c2ccc(-c3nnc4n3-c3cccnc3Nc3cc(F)ccc3-4)cc2)CCCCC1,0.7288
O=C(NC1CNCCC1c1ccc(F)c(F)c1)c1ccc(-c2ccncn2)nc1,0.7121
N#Cc1c(N)ncnc1N1CCC(c2nc(-c3cccc(F)c3)cn2CCNCC2CC2)CC1,0.7922
Cn1nccc1-c1ccc(C(=O)NC2CNCCCC2c2ccc(F)cc2)c(F)c1,0.7778
CC(=O)N1CCC(N)(c2ccc(-c3nnc4n3-c3cccnc3Nc3ccccc3-4)cc2)CC1,0.75
NC(=O)c1ccc2nc(-c3ccc(C4(N)CCC4)cc3)c(-c3ccc(Cl)cc3)n2c1,0.8302
Cn1ncc(-c2cc(C(=O)NC(CN)Cc3cccc(F)c3)oc2Cl)c1Cl,0.7969
CC1CC(N)(c2ccc(-c3nc4n(c3-c3ccccc3)COc3ccc(C(N)=O)cc3-4)cc2)CS1,0.7361
Cn1ncc(Cl)c1-c1cc(F)c(C(=O)NC2CNCCC2c2ccc(F)c(F)c2)cc1F,1
O=C(Nc1ccccc1)Nc1ccc(-c2nnc3n2-c2cccnc2Nc2ccccc2-3)cc1,0.8182
Nc1cc(-c2cncc(OCC(N)Cc3c[nH]c4ccccc34)c2)ccc1F,0.7344
Nc1ncnc(N2CCC(c3nc(-c4ccc(F)c(C(F)(F)F)c4)cn3CCN3CCC(F)CC3)CC2)c1Cl,0.8986
NC(=O)c1c(N)ncnc1N1CCC(c2nc(-c3ccc(F)c(F)c3F)cn2CCN2CCC2)CC1,0.7467
Cc1n[nH]c2ncc(-c3cc(OCC(N)Cc4ccccc4)cnc3-c3ccccc3)cc12,0.7705
Cn1nccc1-c1ccc(C(=O)NC2CNCCC2c2nccs2)c(Cl)c1,0.7164
Cc1n[nH]c2ccc(-c3cncc(OCC(N)Cc4c(F)cc(F)cc4F)c3)cc12,1
O=C(Nc1ccc(-c2nnc3n2-c2cccnc2Nc2ccccc2-3)cc1)c1ccn(-c2ccccc2)n1,0.7344
Cc1cc(-c2cn(CCN(C)C(C)C)c(C3CCN(c4ncnc(N)c4OC(C)C)CC3)n2)ccn1,0.7
CNCCn1cc(-c2ccc(F)c(C(F)(F)F)c2)nc1C1CCN(c2ncnc(N)c2C(N)=O)CC1,1
CN(C)CCn1cc(-c2ccc(F)c(C(F)(F)F)c2)nc1C1CCN(c2ncnc(N(C)C)c2Cl)CC1,0.7368
O=C(NC1CNCCC1c1nccs1)c1cc2c(s1)OCCn1ncc(Br)c1-2,0.7237
O=C(NC1CNCCC1c1ccc(F)cn1)c1ccc(-c2cn[nH]c2)o1,0.7031
CCNCCn1cc(-c2ccc(F)c(C(F)(F)F)c2)nc1C1CCN(c2ncnc(N)c2F)CC1,0.8052
NC1(CNC(=O)c2ccc(F)cc2F)CCN(c2ncnc3[nH]cnc23)C1,0.7313
O=C(NC1CNCCC1c1ccc(Cl)cc1)c1ccc(-c2ccncc2)o1,0.7458
COc1n[nH]c2ccc(-c3cncc(OCC(N)Cc4ccccc4Cl)c3)cc12,0.8197
Cn1ncc(Cl)c1-c1cc(C(=O)NC2CNCCC2c2ccc(F)cn2)oc1Cl,0.7536
COc1cc(C2CNCC2NC(=O)c2ccc(-c3c(Cl)cnn3C)cc2)ccc1F,0.7101
Nc1ncnc(N2CCC(c3nc(-c4ccc(F)c(C(F)(F)F)c4)cn3CCC(=O)NC3CC3)CC2)c1Cl,0.7342
CNCCn1cc(-c2ccnc(C(F)(F)F)c2)nc1C1CCN(c2ncnc(N)c2Cl)CC1,1
Cn1ncc(Br)c1-c1cc(F)c(C(=O)NC2CNCCC2F)cc1F,0.7385
NC(COc1cncc(-c2ccc3c(c2)CC(=O)N3)c1)Cc1c[nH]c2ccccc12,1
Nc1cc(N2CCC(c3nc(-c4ccc(F)c(O)c4)cn3CCN3CCC3)CC2)ncn1,0.8281
Cc1ncnc(N2CCC(N)(CNC(=O)c3cccc(F)c3)C2)c1C,0.7424
COc1cc2nc(-c3ccc(CN4CCC(c5n[nH]c(-c6ccccn6)n5)CC4)cc3)c(-c3ccccc3)cn2n1,0.7
NC(COc1cncc(-c2cccc(-c3cccnc3)c2)c1)Cc1c[nH]c2ccccc12,0.7667
Nc1ncnc(N2CCC(c3nc(-c4ccc(F)c(F)c4)cn3CCN3CCC3)CC2)c1Br,0.9672
O=C(NC(c1ccc(Cl)c(Cl)c1)C1CNC1)c1ccc(-c2ccncc2)cc1,0.7143
COc1ccc(C2CCNCC2NC(=O)c2ccc(-c3c(Br)cnn3C)o2)nc1,0.7143
COc1cccc(CC(N)COc2cncc(-c3ccc4[nH]nc(C)c4c3)c2)c1,0.8361
Cc1n[nH]c2ccc(-c3cncc(OCC(N)Cc4cc(Cl)cc(Cl)c4)c3)cc12,1
Nc1cc(N2CCC(c3nc(-c4ccc(F)c(C(F)(F)F)c4)cn3CCN3CCOCC3)CC2)ncn1,0.8806
Cn1[nH]c(-c2ccc(C(=O)NC3CNCCC3c3cccc(F)c3)nc2)cc1=O,0.7
O=C(NC(c1ccc(Cl)c(Cl)c1)C1CNC1)c1ccc(Cl)c(Cl)c1,0.7255
NC(=O)c1cccc2c(NC(CN3CCC(F)(F)C3)c3cccc(Cl)c3)ncnc12,0.7692
NC1(c2ccc(-c3nc4c(Br)cccn4c3Br)cc2)CCC1,0.7609
O=C(Nc1csc(-c2nncn2C2CC2)n1)c1cc(-n2cnc(C3CC3)c2)c(N2CCN3CCCC3C2)cn1,1
Cn1nccc1-c1ccc(C(=O)NC2CNCCC2c2cccc(Br)c2)cc1,0.7344
Cc1cc(-c2cn(CCNC(C)C)c(C3CCN(c4ncnc(N)c4Cl)CC3O)n2)ccc1F,0.7229
CC(=O)c1ccc(-c2cn(CCNC3CCCC3)c(C3CCN(c4ncnc(N)c4C)CC3)n2)cc1F,0.7195
CNC(=O)c1ccc2nc(-c3ccc(C4(N)CCC4)cc3)c(-c3ccccc3)n2c1,0.8036
Cc1cc(-c2cn(CCNCC3CC3)c(C3CCN(c4cc(C#N)ncn4)CC3)n2)ccc1F,0.7342
NC(COc1cncc(-c2ccc3c(c2)C(=O)NCC3)c1)Cc1c[nH]c2ccccc12,0.7143
CC(C)N(C)CCn1cc(C2CCCCC2)nc1C1CCN(c2ncnc(N)c2C#N)CC1,0.7424
CCN(CC)CCn1cc(-c2ccc(F)c(F)c2)nc1C1CCN(c2ncnc(N)c2C(=O)NCCO)CC1,0.7229
O=C(NC1CC1)NC1(c2ccc(-c3nnc4n3-c3cccnc3Nc3ccccc3-4)cc2)CCC1,0.75
Cc1n[nH]c2ccc(-c3cncc(OCC(N)Cc4ccc(C(F)(F)F)cc4)c3)nc12,0.7937
Cc1n[nH]c2ccc(-c3cncc(OCC(N)Cc4ccc(O)cc4)c3)cc12,0.8246
NC(=O)c1c(N)ncnc1N1CCC(c2nc(-c3ccc(F)c(OC(F)(F)F)c3)cn2CC2CC2)CC1,0.716
Cc1n[nH]c2ccc(-c3cncc(OCC(N)Cc4cc(F)cc(-c5ccccc5)c4)c3)cc12,0.7812
CNC(=O)c1ccc2c(c1)OCn1c-2nc(-c2ccc(C3(N)CC(C)(O)C3)cc2)c1-c1ccccc1,1
COc1c(N)ncnc1N1CCC(c2nc(-c3ccc(F)c(C(F)F)c3)cn2CCN(C)C)CC1,0.75
NC(COc1cncc(-c2ccc(Cl)cc2O)c1)Cc1c[nH]c2ccccc12,0.7015
Cn1nccc1-c1ccc(C(=O)NC2CNCCC2c2ccoc2)c(F)c1,0.8065
CN(C)CCCCn1cc(-c2ccc(F)c(C(F)(F)F)c2)nc1C1CCN(c2ncnc(N)c2Cl)CC1,0.7632
CNC(=O)Nc1nc2ccc(-c3cnc(Cl)c(NS(=O)(=O)c4cccnc4)c3)cc2s1,0.7059
CS(=O)(=O)NCCCn1cc(-c2ccc(F)c(C(F)(F)F)c2)nc1C1CCN(c2cc(N)ncn2)CC1,0.7237
Nc1cc(N2CCC(c3nc(-c4ccc(F)c(C(F)(F)F)c4)cn3CCNC3CCCC3)CC2)ncn1,0.7778
NC(COc1cncc(-c2ccc3c(c2)C(=O)C(=O)N3)c1)Cc1ccccc1Cl,0.7231
Cc1n[nH]c2ccc(-c3cncc(OCC(N)Cc4cccc(-c5ccc(F)nc5)c4)c3)cc12,0.8387
COC(=O)c1ccnn2c(-c3ccccc3)c(-c3ccc(C4(N)CCC4)cc3)nc12,1
CCCc1ncc(-c2ccnn2C)cc1C(=O)NC1CNCCC1c1cccc(F)c1,0.7123
NC1(C(=O)NCc2ccc(Cl)cc2)CCN(c2ncnc3[nH]ccc23)CC1,1
COC(=O)c1ccn2c(-c3ccccc3)c(-c3ccc(C4(N)CCC4)cc3)nc2c1,0.8167
Nc1ncnc(N2CCC(c3nc(-c4cccc(F)c4)cn3CCN3CCC3)CC2)c1[N+](=O)[O-],0.7662
Cn1cc(-c2ccc(-c3cn(CCN4CCCC4)c(C4CCN(c5ncnc(N)c5Cl)CC4)n3)cc2)cn1,0.7879
O=C(NC1CNCCC1c1ccc(F)c(F)c1)c1ccc(-c2c(F)cccc2F)nc1,0.7188
CC(C)NC(=O)c1ccc2c(c1)-c1nc(-c3ccc(C4(N)CC(C)(O)C4)cc3)c(-c3ccccc3)n1CO2,0.8429
C=Cc1c(N)ncnc1N1CCC(c2nc(-c3ccc(F)cc3)cn2CCN2CCCC2)CC1,1
Nc1ncnc(N2CCC(c3nc(-c4ccc(F)cc4)cn3CCNC3CC3)CC2)c1Cl,0.7576
CCOc1cc(-c2cn(CC3CC3)c(C3CCN(c4ncnc(N)c4C(N)=O)CC3)n2)ccc1F,0.716
NCC(NC(=O)c1cc(-c2ccncc2)ccn1)c1ccccc1,0.7111
Cn1ncc(Cl)c1-c1ccc(C(=O)NC2CNCCC2c2cccc(OC(F)F)c2)o1,0.7286
Cn1ncc(Br)c1-c1ccc(C(=O)NC2CNCCC2c2ccsc2)o1,0.7612
Cn1nccc1-c1ccc(C(=O)NC2CNCCCC2c2cccc(F)c2)c(Cl)c1,0.7761
COc1c(N)ncnc1N1CCC(c2nc(C3CCCC3)cn2CCN2CCC2)CC1,0.7031
Cc1occc1-c1ncc(OCC(N)Cc2c[nH]c3ccccc23)cc1-c1cnn(C)c1,0.7143
O=C(N1CCN(c2ncnc3[nH]cc(C4CC4)c23)CC1)C1(c2ccccc2)CCNCC1,0.7705
CCN(CC)CCn1cc(-c2ccc(F)c(C)c2)nc1C1CCN(c2ncnc(N)c2Cl)CC1,0.831
COc1cc(Br)ccc1CC(N)COc1cncc(-c2ccc3[nH]nc(C)c3c2)c1,0.7969
NC1(c2ccc(-n3c(-c4cccnc4F)nc4ccc(C(F)(F)F)nc43)cc2)CCC1,0.7258
NC1(C(=O)NC(CCO)c2ccccc2)CCN(c2ncnc3[nH]ccc23)CC1,1
COc1ncc(-c2cc3c(C)nc(N)nc3n(C3CCCC3)c2=O)cn1,0.7667
NC(=O)C1(c2ccc(-c3nnc4n3-c3cccnc3Nc3ccccc3-4)cc2)CCCCC1,0.7
CCCNC(=O)c1cccn2c(-c3ccccc3)c(-c3ccc(C4(N)CCC4)cc3)nc12,0.7302
Cn1ccc(C2CCNCC2NC(=O)c2ccc(-c3c(Br)cnn3C)cc2)c1,0.7273
CCOc1cnc(-c2ccnn2C)cc1C(=O)NC1CNCCC1c1ccc(F)c(F)c1,0.7222
O=C(NC1CNCCC1c1cnc(F)c(Br)c1)c1cc2c(s1)CCCn1nccc1-2,0.7333
N#Cc1ccc2c(c1)OCn1c-2nc(-c2ccc(C3(N)CCC3)cc2)c1-c1ccccc1,0.7846
NC(=O)c1c(N)ncnc1N1CCC(c2nc(-c3ccnc(C(F)(F)F)c3)cn2CCN2CCC2)CC1,1
O=C(NCc1ccccc1)Nc1ccc(-c2nnc3n2-c2cccnc2Nc2ccccc2-3)cc1,0.7377
Nc1ncnc(N2CCC(c3nc(-c4ccc(F)cc4)cn3CCN3CCC3)CC2)c1Cl,0.9655
NC1(C(=O)NC(CCN2CCCCC2)c2ccc(F)cc2)CCN(c2ncnc3[nH]ccc23)CC1,0.8507
CCc1c(N)ncnc1N1CCC(c2nc(-c3ccc(F)c(Cl)c3)cn2CCNC)CC1,0.8056
Cn1nccc1-c1cc(C2CCNCC2NC(=O)c2ccc(F)c(F)c2)ncn1,0.7059
Cc1cc(-c2cn(CCN(C)C)c(C3CCN(c4ncnc(N)c4O)CC3)n2)ccc1F,0.8143
CNCCn1cc(-c2cccc(Cl)c2)nc1C1CCN(c2ncnc(N)c2C(N)=O)CC1,0.7945
Cn1ncc(Cl)c1-c1ccc(C(=O)NC2CNCC2c2ccc(F)c(C(F)(F)F)c2)cc1,0.7206
Cn1ncc(Cl)c1-c1ccc(C(=O)NC2CNCC2c2cccc(C3CC3)c2)cc1,0.7273
Cc1c(-c2cc(C(=O)NC3CNCCC3c3cccc(C(F)(F)F)c3)oc2Cl)cnn1C,0.8194
Cn1ncc(Br)c1-c1ccc(C(=O)NC2CNCC2c2ccc(Cl)c(F)c2)cc1,0.7313
CS(=O)(=O)NC(COc1cncc(-c2ccc3cnccc3c2)c1)Cc1c[nH]c2ccccc12,0.7059
Nc1cc(N2CCC(c3nc(-c4ccc(C(F)(F)F)c(F)c4)cn3CCN3CCC3)CC2)ncn1,0.8788
CC1Cc2c(F)cccc2N1C(=O)Cc1nc(N2CCOCC2)cc(=O)[nH]1,1
NC1(c2ccc(-c3nc4c(Br)nc(Br)cn4c3-c3ccccc3)cc2)CCC1,0.7593
CC(=O)NCCn1cc(-c2ccc(F)c(C)c2)nc1C1CCN(c2ncnc(N)c2F)CC1,0.75
Cn1nccc1-c1ccc(C(=O)NC2CNCCC2c2ccsc2)cn1,0.7164
NC(COc1cncc(-c2ccc3c(c2)C(c2cccnc2)C(=O)N3)c1)Cc1ccccn1,0.7297
Cn1nccc1-c1ccc(C(=O)NC2CNCC2c2cc(F)c(Cl)c(F)c2)c(F)c1,0.7188
Cc1oc(C(=O)NC2CNCCC2c2cccc(C(F)(F)F)c2)cc1-c1ccnn1C,0.7067
Cc1ccc(-c2cn(CCNCC3CC3)c(C3CCN(c4ncnc(N)c4Cl)CC3)n2)cc1F,0.7125
Cn1cc(-c2ccc(F)c(C(F)(F)F)c2)nc1C1CCN(c2ncnc(N)c2F)CC1,0.8387
Cc1n[nH]c2ccc(-c3cc(OCC(N)Cc4cccc(Br)c4)cnc3F)cc12,0.7538
CN(CCn1cc(-c2cccc(Cl)c2)nc1C1CCN(c2ncnc(N)c2C(N)=O)CC1)CC(F)(F)F,0.725
Cc1c[nH]c2ncnc(N3CCC(N)(CNC(=O)c4ccccn4)CC3)c12,0.7031
Cc1cncc(-c2cncc(OCC(N)Cc3c[nH]c4ccccc34)c2)n1,0.7188
Cc1cc(CC(N)COc2cncc(-c3cc4c(C)n[nH]c4cn3)c2)ccc1F,1
Nc1ncnc(N2CCC(c3nc(-c4ccccc4)cn3CCN3CCC3)CC2)c1F,0.7101
Cn1nccc1-c1ccc(C(=O)NC2CNCCC2c2ccccc2)s1,0.8305
Cn1ncc(Cl)c1-c1ccc(C(=O)NC2CNCCC2c2cccc(C(F)(F)F)c2)nc1,0.7067
CC1COCCN1c1nc(N2CCOCC2C)c2ccc(-c3ccc(CN)cc3)nc2n1,0.7069
Cn1nccc1-c1cccc(C(=O)NC2CNCCC2c2cc(F)cc(F)c2)c1F,0.7231
CN(C)CCC(NC(=O)C1(N)CCN(c2ncnc3[nH]ccc23)CC1)c1ccc(F)cc1,0.8485
Cc1nc(N)nc2c1cc(-c1cnn(C)c1)c(=O)n2C1CCC(OCCO)CC1,0.7246
Cc1n[nH]c2ccc(-c3cncc(OCC(N)Cc4cnn(-c5cccc(F)c5)c4)c3)cc12,0.7647
O=S(=O)(Nc1cc(-c2ccc3nccn3n2)cnc1Cl)c1ccccc1,0.8302
NC(Cc1ccc(F)c(F)c1)C(=O)N1CCN(c2ncnc3[nH]ccc23)CC1,0.7759
Cn1nccc1-c1ccc(C(=O)NC2CNCCC2c2cncs2)cc1F,0.7206
CSc1ccn2c(-c3ccccc3)c(-c3ccc(C4(N)CCC4)cc3)nc2c1,0.7222
NC1(c2ccc(-c3nc4n(c3-c3ccccc3)COc3ccccc3-4)cc2)CCCCC1,0.9388
O=C(CNc1ccccc1)Nc1ccc(-c2nnc3n2-c2cccnc2Nc2ccccc2-3)cc1,0.7377
Cn1ncc(Cl)c1-c1ccc(C(=O)NC2CNCC2c2ccc(F)c(Cl)c2)o1,0.7015
CCc1c(N)ncnc1N1CCC(c2nc(-c3cnn(C)c3)cn2CC2CNC2)CC1,0.7123
CC(C)(O)C1CC(N)(c2ccc(-c3nc4ccc(C(N)=O)cn4c3-c3ccccc3)cc2)C1,0.7167
O=C(Cc1nc(N2CCOCC2)c(O)c(=O)[nH]1)Nc1ccc(F)cc1F,0.7049
NC(=O)c1cc(C=O)c2nc(-c3ccc(C4(N)CCC4)cc3)c(-c3ccccc3)n2c1,0.7667
NC(Cc1ccc(F)c(F)c1)C(=O)N1CCN(c2ncnc(N3CCCC3)c2Cl)CC1,0.7
CNCC(Nc1ncnc2c(C(N)=O)cccc12)c1ccc(F)c(C)c1,0.7759
CCCOCCC(NC(=O)C1(N)CCN(c2ncnc3[nH]ccc23)CC1)c1ccc(F)cc1,0.7123
Cc1c[nH]c2ncnc(N3CCC(N)(CNC(=O)c4cccnc4)CC3)c12,0.7344
O=C(NC1CNCCC1c1cccnc1F)c1cc2c(s1)CCCn1ncc(Br)c1-2,0.7436
Cc1cc(CC(N)COc2cncc(-c3ccc4n[nH]c(C)c4c3)c2)ccc1F,0.7742
Cn1ncc2ccc(-c3ccc(C(=O)NC4CNCCC4c4cccc(F)c4)cc3)cc21,0.7246
O=C(Nc1ccc(-c2nnc3n2-c2cccnc2Nc2ccccc2-3)cc1)c1ccc(F)cc1,0.8596
Cc1n[nH]c2ccc(-c3cncc(OCC(N)Cc4cc(Br)cc(Br)c4)c3)cc12,0.8571
Cc1n[nH]c2ccc(-c3nnc(NCC(N)Cc4ccccc4)s3)cc12,1
NC(=O)c1c(N)ncnc1N1CCC(c2nc(-c3ccc(C(F)(F)F)c(F)c3)cn2CCN2CCCC2)CC1,0.8904
Cn1ncc(Cl)c1-c1ccc(C(=O)NC2CNCCC2c2ccccc2)cc1,0.8065
Cc1cc(CC(N)COc2cncc(-c3ccc(F)cc3)c2)ccc1F,0.7119
O=C(NC(c1ccc(Cl)c(Cl)c1)C1CCNCC1)c1ccnnc1,0.7069
O=C(NC1CNCCC1c1cccc(F)c1)c1ccc(-c2ccc(F)nc2)cn1,0.7188
COc1ccc(-c2cc3c(C)nc(N)nc3n(C3CCC(OCO)CC3)c2=O)cn1,1
CC1(O)CC(N)(c2ccc(-c3nc4n(c3-c3ccccc3)COc3ccc(C(=O)NCC(F)(F)F)cc3-4)cc2)C1,0.8378
Nc1ncnc(N2CCC(c3nc(-c4ccc(F)c(Cl)c4)cn3CCN3CCC3)CC2)c1C(N)Cc1ccccc1,0.7037
Cc1n[nH]c2cnc(-c3cncc(OCC(N)Cc4cccc(F)c4)n3)cc12,0.7231
C=CCNC(=O)NC1(c2ccc(-c3nnc4n3-c3cccnc3Nc3ccccc3-4)cc2)CCC1,0.7183
Cc1cc(C2CNCC2NC(=O)c2ccc(-c3ccnn3C)c(F)c2)ccc1F,0.7385
Nc1ncnc(N2CCC(c3nc(-c4ccc(F)c(C(F)(F)F)c4)cn3CC(=O)NC3CCCCC3)CC2)c1Cl,0.7037
Cc1n[nH]c2ccc(-c3cncc(OCC(N)Cc4cc(F)cc(C(F)(F)F)c4)c3)cc12,1
CNC(=O)c1cccc(CC(N)COc2cncc(-c3ccc4[nH]nc(C)c4c3)c2)c1,0.7206
COc1n[nH]c2ccc(-c3cncc(OCC(N)Cc4cccc(OCC(F)(F)F)c4)c3)cc12,0.7042
Nc1ncnc(N2CCC(c3nc(-c4ccc(F)c(C(F)(F)F)c4)cn3CCO)CC2)c1F,0.8235
CC(NC(=O)C1(N)CCN(c2ncnc3[nH]ccc23)CC1)c1ccc(Cl)cc1,1
CC1CN(c2cc(=O)[nH]c(CC(=O)NCc3ccc(F)cc3)n2)CCO1,0.7778
Cn1ncc(-c2cc(C(=O)NC3CNCCC3c3ccc(F)cc3)oc2Cl)c1Cl,0.7042
CC(C)N1CCCC(Cn2cc(-c3ccc(F)c(C(F)(F)F)c3)nc2C2CCN(c3ncnc(N)c3C(N)=O)CC2)C1,0.7952
COc1cccc(-c2cn(CCN3CCC3)c(C3CCN(c4ncnc(N)c4Cl)CC3)n2)c1,0.7606
Nc1ncnc(N2CCC(c3nc(-c4ccc(F)c(C(F)(F)F)c4)cn3CCNCCBr)CC2)c1Cl,0.7632
Cc1cccc(C2CNCC2NC(=O)c2ccc(-c3ccnn3C)s2)c1,0.7015
Cn1ncc(Cl)c1-c1ccc(C(=O)NC2CNCCC2c2ccnc(C(F)(F)F)c2)o1,0.7391
Cn1ncc(Cl)c1-c1ccc(C(=O)NC2CNCCC2c2nnc(C3CC3)o2)o1,0.7424
CCNCCn1cc(-c2ccc(F)c(C(F)(F)F)c2)nc1C1CCN(c2ncnc(N)c2C(N)=O)CC1,0.8701
Cc1cc(-c2cn(CCNCC3CC3)c(C3CCN(c4ncnc(N)c4C)CC3)n2)ccc1F,0.8243
COc1ccccc1CC(N)COc1cncc(-c2ccc3c(c2)CC(=O)N3)c1,0.7353
Cn1ncc(-c2ccc(C(=O)NC3CNCCC3c3cccc(C(F)(F)F)c3)o2)c1Cl,0.72
NC(Cc1ccc(N2CCCC2)cc1)C(=O)N1CCN(c2ncnc(N3CCCC3)c2Cl)CC1,0.7037
Cc1cc(-c2cn(CCNCC3CC3)c(C3CCN(c4ncnc(N)c4C(F)(F)F)CC3)n2)ccc1F,0.7821
NC(=O)c1ccc2nc(-c3ccc(C4(N)CCC(Cl)(C5CC5)C4)cc3)c(-c3ccccc3)n2c1,0.7097
Cn1ncc(Cl)c1-c1ccc(C(=O)NC2CCNCC2c2cc(F)c(F)c(F)c2)s1,0.7083
COc1ccc(-c2cc3c(C)nc(N)nc3n(C3CCC(OCCO)CC3)c2=O)cn1,1
CC(C)N(C)CCn1cc(-c2ccc(F)c(C(F)(F)F)c2)nc1C1CCN(c2ncnc(N)c2Cl)CC1,0.8205
O=C(NC1CNCCC1c1ccc(F)nn1)c1cc2c(s1)OCCn1ncc(Br)c1-2,0.7838
Nc1ncnc(N2CCC(c3nc(-c4ccc(F)c(F)c4)cn3CCN3CCCC3)CC2)c1C(F)(F)F,0.7941
NC1(c2ccc(-c3nnc4n3-c3cccnc3Nc3ccccc3-4)cc2)CCNCC1,0.8491
Nc1cc(N2CCC(c3nc(-c4cccc(F)c4)cn3CCN3CCC3)CC2)ncn1,0.7692
O=C(Cc1nc(=O)cc(N2CCOCC2)[nH]1)Nc1ccc(F)c(F)c1,0.7241
CC(=O)N1CCCC(Cn2cc(-c3ccc(F)c(C(F)(F)F)c3)nc2C2CCN(c3ncnc(N)c3C(N)=O)CC2)C1,0.8049
CNC(=O)c1c(N)ncnc1N1CCC(c2nc(-c3cccc(F)c3)cn2CCN2CCC2)CC1,0.7368
Cn1ncc(Cl)c1-c1cc(C(=O)NC2CNCCC2c2ccsc2)oc1Cl,0.791
COc1c(N)ncnc1N1CCC(c2nc(-c3ccc(F)c(C)c3)cn2CCNC2CCCC2)CC1,0.7821
NC(=O)c1ccnc2c(NC(CN3CCCC3)c3ccc(F)cc3F)ncnc12,0.7188
O=C(NC1CNCCC1c1cncc(F)c1)c1ccc(-c2cn[nH]c2)o1,0.7302
CN(C)CCN(C)C(=O)c1ccc2c(c1)OCn1c-2nc(-c2ccc(C3(N)CC(C)(O)C3)cc2)c1-c1ccccc1,0.8333
CC(C)NCC(Cc1ccccc1)NC(=O)c1cc(Br)c(-c2ccnc3[nH]ccc23)s1,1
Cn1nccc1-c1ccc(C(=O)NC2CNCCC2c2ccc(F)c(F)c2)o1,0.7231
Cn1ncc2ccc(-c3ccc(C(=O)NC4CNCCC4c4ccc(F)c(F)c4)cn3)cc21,0.7183
Cc1n[nH]c2ccc(-c3cncc(OCC(N)Cc4cc(F)cc(C#N)c4)c3)cc12,0.75
CN(C)CCn1cc(-c2ccnc(C(F)(F)F)c2)nc1C1CCN(c2ncnc(N)c2Br)CC1,0.8056
Cc1cc(C(N)=O)cn2c(-c3ccccc3)c(-c3ccc(F)cc3)nc12,0.7018
N#Cc1c(N)ncnc1N1CCC(c2nc(-c3cccc(OC(F)(F)F)c3)cn2CCNCC2CC2)CC1,0.7381
Cn1nccc1-c1ccc(C(=O)NC2CNCCC2c2cnc(Cl)c(F)c2)cc1F,0.7761
NC(=O)c1n[nH]c2ccc(-c3cncc(OCC(N)Cc4cccc(F)c4F)c3)cc12,0.7812
Cn1ncc(Cl)c1-c1ccc(C(=O)NC2CNCCC2c2cccc(F)c2)c(F)c1,0.806
Cn1nccc1-c1cnc(Cl)c(C(=O)NC2CNCCC2c2cc(F)cc(F)c2)c1,0.7727
Cn1ncc(Br)c1-c1ccc(C(=O)NC2CNCCC2c2ccc(F)cc2)cc1,0.8226
Cn1nccc1-c1ccc(C(=O)NC2CNCCC2c2ccco2)nc1,0.7059
CC(C)Oc1c(N)ncnc1N1CCC(c2nc(-c3cnn(C)c3)cn2CCN2CCC2)CC1,0.7333
Cn1nccc1-c1ccc(C(=O)NC2CNCCC2c2ccc(F)cc2F)s1,0.7879
CNC(=O)NCCn1cc(-c2ccc(F)c(C(F)(F)F)c2)nc1C1CCN(c2ncnc(N)c2F)CC1,0.7625
COc1c(N)ncnc1N1CCC(c2nc(-c3ccc(F)c(C)c3)cn2CCN(C)C)CC1,0.8714
Nc1cc(N2CCC(c3nc(-c4ccc(F)c(C(F)(F)F)c4)cn3CCN3CCC3)CC2)ncn1,1
Cc1n[nH]c2cnc(-c3cncc(OCC(N)Cc4c[nH]c5ccccc45)c3)nc12,0.7727
CN(C)CCCn1cc(-c2ccc(F)c(C(F)(F)F)c2)nc1C1CCN(c2ncnc(N)c2F)CC1,0.7838
Cc1c(-c2ccc(C(=O)NC3CNCCC3c3ccc(F)c(F)c3)cc2)cnn1C,0.7424
NC(=O)c1cccn2c(-c3ccccc3)c(-c3ccc(C4(N)CCOCC4)cc3)nc12,0.8333
NC(COc1cncc(-c2ccc3c(c2)CC(=O)N3)c1)Cc1ccccc1Cl,0.7313
Cn1nccc1-c1cc(F)c(C(=O)NC2CNCCC2c2ccco2)c(F)c1,0.7231
Cc1nc(N2CCN(C(=O)C(N)Cc3ccc(F)c(F)c3)CC2)c2ccccc2n1,0.7377
CN(C)CCn1cc(-c2ccc(C(F)(F)F)nc2)nc1C1CCN(c2ncnc(N)c2C#N)CC1,0.7662
Cn1nccc1C1CCNCC1NC(=O)c1ccc(-c2ccc(F)cc2)cc1F,0.7031
NC1(c2ccc(-c3nc4ccc(C(=O)c5ccccc5)cn4c3-c3ccccc3)cc2)CCC1,0.8627
NC1(c2ccc(-c3nc4n(c3-c3ccccc3)COc3ccccc3-4)cc2)CCC1,1
Cc1n[nH]c2cnc(-c3cncc(OCC(N)Cc4cccc(OCCN)c4)c3)nc12,0.7647
Cn1ncc(Br)c1-c1ccc(C(=O)NC2CNCCC2c2ccc(Cl)c(F)c2)o1,0.7941
NC1(c2ccc(-c3nc4n(c3-c3ccoc3)COc3ccccc3-4)cc2)CCC1,0.8
O=C(NC1(c2ccc(-c3nnc4n3-c3cccnc3Nc3ccccc3-4)cc2)CC1)c1ccccc1,0.9322
Cc1c(Cl)ncnc1N1CCN(C(=O)C(CNC(C)C)c2ccc(Br)cc2)CC1,0.7302
O=C(NC1CNCCC1c1ccc(F)c(F)c1)c1ccc(-c2cncnc2)cc1F,0.7097
O=C(NC1CNCCC1c1nccs1)c1ccc(-c2ccn[nH]2)cc1F,0.7077
Cn1ncc(Cl)c1-c1cc(C(=O)NC2CNCCC2c2ccc(F)c(F)c2)oc1Cl,1
O=C(N1CCN(c2ncnc3[nH]cc(Br)c23)CC1)C1(c2cccc(F)c2)CCC1,0.7273
NC(=O)c1c(N)ncnc1N1CCC(c2nc(-c3ccc(F)c(F)c3)cn2CC2CNC2)CC1,0.8493
Cn1ccc(C2CCNCC2NC(=O)c2ccc(-c3c(Cl)cnn3C)s2)n1,0.7692
Cn1ncc(Br)c1-c1ccc(C(=O)NC2CNCCC2c2cccc(Cl)c2)o1,0.8182
O=C(NC1CNCCC1c1ccnnc1)c1ccc2c(c1)OCCn1nccc1-2,0.7761
CC(=O)NCn1cc(-c2ccc(F)c(C(F)(F)F)c2)nc1C1CCN(c2ncnc(N)c2F)CC1,0.7105
O=C(Nc1ccc(-c2nnc3n2-c2cccnc2Nc2ccccc2-3)cc1)c1ccccn1,0.8214
CNC(=O)c1c(N)ncnc1N1CCC(c2nc(-c3cccc(F)c3)cn2CCN2CCCC2)CC1,0.7368
Nc1cc(N2CCC(c3nc(-c4ccc(O)c(F)c4)cn3CCN3CCCC3)CC2)ncn1,0.8571
Cn1ncc(Cl)c1-c1cc(F)c(C(=O)NC2CNCCC2c2ccc(F)cc2)c(F)c1,0.8548
Cn1nccc1-c1ccc(C(=O)NC2CNCCC2c2cnn(CC(F)(F)F)c2)cc1F,0.7286
CC1CC(C)(F)CC(N)(c2ccc(-c3nc4n(c3-c3ccccc3)COc3ccc(C(N)=O)cc3-4)cc2)C1,0.7534
Cn1ncnc1-c1ccc(-c2cn(CCN3CCC3)c(C3CCN(c4cc(N)ncn4)CC3)n2)cc1F,0.7571
NC(=O)c1ccc2nc(-c3ccc(C4(N)CC(N)(C5CC5)C4)cc3)c(-c3ccccc3)n2c1,0.7414
Cn1ncc(Cl)c1-c1coc(C(=O)NC2CNCC2c2ccc(F)c(F)c2)c1,0.8615
Cc1n[nH]c2cnc(-c3cncc(OCC(N)Cc4cc(C(F)(F)F)ccc4F)c3)cc12,0.803
Cc1ccccc1CC(N)COc1cncc(-c2ccc3[nH]nc(C)c3c2)c1,0.8276
CN(C)CCCNC(=O)Cn1cc(-c2ccc(F)c(C(F)(F)F)c2)nc1C1CCN(c2ncnc(N)c2Br)CC1,0.7561
NC(=O)c1c(N)ncnc1N1CCC(c2nc(-c3cccc(F)c3)cn2CCO)CC1,0.7746
O=C(Cc1nc(N2CCOCC2)cc(N2CCOC(CF)C2)n1)N1CCc2c(F)cccc21,0.7286
Cc1ccc(-c2cn(CCN3CCCC3)c(C3CCN(c4ncnc(N)c4F)CC3)n2)cc1F,0.7887
NCCC(NC(=O)c1cc(Br)c(-c2ccnc3[nH]ccc23)s1)c1ccccc1,1
Cc1cc(-c2cn(CC3CN(C)C3)c(C3CCN(c4ncnc(N)c4C)CC3)n2)ccc1F,0.8406
Cc1c[nH]c2cc(-c3cncc(OCC(N)Cc4ccc(F)cc4F)c3)ccc12,0.7077
COCCN(CCOC)CCn1cc(-c2ccc(F)c(C(F)(F)F)c2)nc1C1CCN(c2ncnc(N)c2Cl)CC1,0.7342
CC(C)NC(=O)Cn1cc(-c2ccc(F)c(C(F)(F)F)c2)nc1C1CCN(c2cc(N)ncn2)CC1,0.7013
CS(=O)(=O)c1ccc(-c2cn(CCN3CCC3)c(C3CCN(c4cc(N)ncn4)CC3)n2)cc1F,0.7794
COC(=O)c1ccc2nc(-c3ccc(C4(N)CC(N)(C5CC5)C4)cc3)c(-c3ccccc3)n2c1,0.7581
Cc1n[nH]c2ccc(-c3cncc(OCC(N)Cc4cccc(-c5cn[nH]c5)c4)c3)cc12,0.7778
Cn1ncc(F)c1-c1ccc(C(=O)NC2CNCCC2c2ccc(F)cc2)cc1,0.7077
Cc1n[nH]c2ccc(-c3cncc(OCC(N)Cc4ccc5cncnc5c4)c3)cc12,0.7231
Cn1c(CC(=O)Nc2ccc(F)c(C3CC3)c2)nc(N2CCOCC2)c(Cl)c1=O,0.7206
Nc1ncnc(N2CCC(c3nc(-c4ccc(F)c(C(F)(F)F)c4)cn3CC(=O)NCCN3CCCCC3)CC2)c1Cl,0.7531
Cc1cccc(C2CCNCC2NC(=O)c2ccc(-c3ccnn3C)s2)n1,0.7121
CCN(CC)CCn1cc(-c2ccc(F)c(C(F)(F)F)c2)nc1C1CCN(c2ncnc(N)c2F)CC1,0.7671
O=C(NC1CNCCC1c1ccoc1)c1ccc(-c2ccn[nH]2)cc1F,0.7742
CC1(O)CC(N)(c2ccc(-c3nc4n(c3-c3ccoc3)COc3ccccc3-4)cc2)C1,0.8136
Cn1nnnc1-c1ccc(C(=O)NC2CNCCC2c2ccc(F)c(F)c2)c(F)c1,0.7273
CN(C)C(=O)C(Cc1ccc(Cl)cc1)NC(=O)C1(N)CCN(c2ncnc3[nH]ccc23)CC1,0.7042
Cc1c[nH]c2ncnc(N3CCC(N)(CNCc4ccc(F)cc4)C3)c12,0.7031
COc1ccc2nc(-c3ccc(C4(N)CC(CCF)C4)cc3)c(-c3ccccc3)n2c1,0.7
Cc1n[nH]c2ccc(-c3cncc(OCC(N)Cc4ccccc4)c3)nc12,0.7759
NC(=O)c1cn2c(-c3ccccc3)c(-c3ccc(C4(N)CCC4)cc3)nc2c2ccccc12,0.7193
N#Cc1c(N)ncnc1N1CCC(c2nc(-c3ccc(F)c(F)c3)cn2CCN2CCOCC2)CC1,0.8824
C=Cc1c(N)ncnc1N1CCC(c2nc(C(F)(F)F)cn2CCN2CCCC2)CC1,0.7059
CNc1ncnc(N2CCC(c3nc(-c4cccc(C(F)(F)F)c4)cn3CCN3CCC3)CC2)c1Cl,0.7051
CCCNCCn1cc(-c2ccc(F)c(C(F)(F)F)c2)nc1C1CCN(c2ncnc(N)c2C(=O)NC)CC1,0.7765
O=C(NC(c1ccc(Cl)cc1)C1CNC1)c1ccc2cnccc2c1,0.8148
NC(=O)c1c(N)ncnc1N1CCC(c2nc(-c3cc(F)c(F)cc3F)cn2CCN2CCC2)CC1,0.7432
Nc1cc(N2CCC(c3nc(-c4ccc(F)c(O)c4)cn3CCN3CCCC3)CC2)ncn1,0.8571
CN(C)CCN(CCO)CCn1cc(-c2ccc(F)c(C(F)(F)F)c2)nc1C1CCN(c2ncnc(N)c2Cl)CC1,0.7195
CC1(O)CC(N)(c2ccc(-c3nc4n(c3-c3ccsc3)COc3ccc(C(N)=O)cc3-4)cc2)C1,0.8088
CCCC(NC(=O)c1ccc(-c2ccncc2)cc1)c1ccccc1,0.7273
CCOc1c(N)ncnc1N1CCC(c2nc(-c3ccc(F)c(OC)c3)cn2CCN2CCC2)CC1,0.8356
Cn1ncc(-c2ccc(C(=O)NC3CNCCC3c3cccc(F)c3)cc2)c1C1CC1,0.7246
O=C(NC1CNCCC1c1ccccc1)c1ccc2c(c1)OCCn1nccc1-2,0.8125
CN(C)CCn1cc(-c2cccc(F)c2)nc1C1CCN(c2ncnc(N)c2Cl)CC1,0.7826
Cn1ncc(Br)c1-c1ccc(C(=O)NC2CNCCC2c2cncc(F)c2)s1,0.8358
NC(COc1cncc(-c2ccc3c(c2)C(=O)NC3)c1)Cc1c[nH]c2ccccc12,0.7353
Cn1ncc(Br)c1-c1ccc(C(=O)NC2CNCCC2Cl)o1,0.746
Cn1ncc(Cl)c1-c1ccc(C(=O)NC2CNCCC2c2cc(F)cc(F)c2)nc1,0.7206
Cc1n[nH]c2ccc(-c3cncc(OCC(N)Cc4c(F)ccc(F)c4F)c3)cc12,0.8596
NC(=O)C(NC(=O)C1(N)CCN(c2ncnc3[nH]ccc23)CC1)c1ccccc1,0.8276
CCNCCn1cc(-c2ccc(F)c(C(F)(F)F)c2)nc1C1CCN(c2ncnc(N)c2Cl)CC1,0.7848
CC(C)n1cnnc1-c1nc(NC(=O)c2cc(-n3cnc(C4CC4)c3)c(N3CCC3)cn2)cs1,0.7647
CNCCn1cc(-c2ccc(F)c(C(F)F)c2)nc1C1CCN(c2ncnc(N)c2Cl)CC1,0.7105
Cc1cc(-c2cn(CCNCC(C)C)c(C3CCN(c4cc(N)ncn4)CC3)n2)ccc1F,0.7215
CC1(O)CC(N)(c2ccc(-c3nc4n(c3-c3ccccc3)COc3ccc(F)cc3-4)cc2)C1,1
Nc1ncnc(N2CCC(c3nc(-c4ccc(OC(F)(F)F)cc4)cn3CCN3CCC3)CC2)c1Br,0.7647
Cc1cccc(C(=O)Nc2ccc(-c3nnc4n3-c3cccnc3Nc3ccccc3-4)cc2)c1,0.8305
CNC(=O)c1cc(C(N)=O)cn2c(-c3ccccc3)c(-c3ccc(C4(N)CCC4)cc3)nc12,0.7581
Cn1cc(-c2ccc(F)c(F)c2)nc1C1CCN(c2ncnc(N)c2Cl)CC1,0.7385
Cc1ccc(-c2cc3c(C)nc(N)nc3n(C3CCC(OCCO)CC3)c2=O)cc1C,0.7612
Cn1nccc1-c1ccc(C(=O)NC2CNCCC2c2cc(F)c(Cl)o2)cc1F,0.7576
Cc1cc(-c2cn(CCNC(C)(C)C)c(C3CCN(c4ncnc(N)c4F)CC3)n2)ccc1F,0.7692
C=Cc1ccc2nc(-c3ccc(C4(N)CCC4)cc3)c(-c3ccccc3)n2c1,0.7308
Nc1ncnc(N2CCC(c3nc(-c4ccc(F)c(F)c4)cn3CCO)CC2)c1C(=O)NCCO,0.7105
COc1cccc2c1CCN2C(=O)Cc1nc(N2CCOCC2)cc(=O)[nH]1,1
Cc1c(N)ncnc1N1CCC(c2nc(-c3ccc(F)cc3)cn2CCN2CCCC2)CC1,0.8125
Cc1n[nH]c2ccc(-c3cncc(OCC(N)Cc4cccc([N+](=O)[O-])c4)c3)cc12,0.7424
NC(COc1cncc(-c2ccc3c(c2)C(F)(F)C(=O)N3)c1)Cc1ccccc1F,0.7463
NC(Cc1ccc(F)cc1)C(=O)N1CCN(c2ncnc3[nH]cc(Br)c23)C1,0.7143
CN(C)CCn1cc(-c2cncc(F)c2)nc1C1CCN(c2ncnc(N)c2Br)CC1,0.7067
NC1(c2ccc(-c3nc4ccc(C(=O)N5CCc6ccccc65)cn4c3-c3ccccc3)cc2)CCC1,0.7097
NCC(NC(=O)C1(N)CCN(c2ncnc3[nH]ccc23)CC1)c1cccc(Cl)c1,0.8594
O=S(=O)(Nc1cncc(-c2ccc3nccc(-c4ccc(F)cc4)c3c2)c1)c1c(F)cccc1F,0.7167
Cn1cccc1C(=O)Nc1ccc(-c2nnc3n2-c2cccnc2Nc2ccccc2-3)cc1,0.7419
O=C(NC1CNCCC1c1cccs1)c1cc2c(s1)OCCn1nccc1-2,0.7429
COc1c(N)ncnc1N1CCC(c2nc(-c3ccc(F)c(C)c3)cn2CCN2CCC2)CC1,0.8714
CC(C)NCCn1cc(-c2ccc(F)c(F)c2)nc1C1CCN(c2ncnc(N)c2C(N)=O)CC1,0.8904
Cn1nccc1-c1ccc(C(=O)NC2CNCCC2c2ccsc2)cc1,0.7031
Cc1c(-c2ccc(C(=O)NC3CNCCC3c3cccc(F)c3)cc2Cl)cnn1C,0.7042
O=C(NC(c1ccc(F)c(F)c1)C1CCNC1)c1ccc2cnccc2c1,0.7705
Cn1nccc1C1CCNCC1NC(=O)c1ccc(-c2ccc(F)c(F)c2)nc1,0.7206
CC1CC(O)c2ncnc(N3CCN(C(=O)C(CNC(C)(C)C)c4cccc(F)c4)CC3)c21,0.7671
N#Cc1c(N)ncnc1N1CCC(c2nc(-c3ccc(F)nc3)cn2CCNC2CCCC2)CC1,0.7792
Cn1nccc1-c1cc(C2CCNCC2NC(=O)c2cc(F)cc(F)c2)ccc1F,0.75
Cn1ncc(F)c1-c1cccc(C(=O)NC2CNCCC2c2ccc(F)c(F)c2)c1,0.7059
Cc1n[nH]c2ncc(-c3cncc(OCC(N)Cc4ccccc4F)c3)cc12,0.7031
Cn1[nH]c2ccc(-c3cncc(OCC(N)Cc4ccc(Cl)c(F)c4)c3)cc2c1=O,0.7101
NC(=O)c1cccc2c(NC(CN3CCC(F)C3)c3ccc(F)c(F)c3)ncnc12,0.7969
CNC(=O)c1c(N)ncnc1N1CCC(c2nc(-c3ccc(F)c(OC)c3)cn2CCN)CC1,0.7375
NC1(C(=O)NCc2ccc(Oc3ccc(F)cc3)cc2)CCN(c2ncnc3[nH]ccc23)CC1,0.7377
Cn1nccc1-c1ccc(C(=O)NC2CNCC2c2cc(F)c(F)c(F)c2)cc1,0.7097
NC(=O)c1ccc(-c2cn(CCN3CCC3)c(C3CCN(c4ncnc(N)c4Cl)CC3)n2)cc1,0.7612
CNCCn1cc(-c2ccc(F)c(F)c2)nc1C1CCN(c2ncnc(N)c2F)CC1,0.7123
CCC(=O)Nc1ccc(-c2nnc3n2-c2cccnc2Nc2ccccc2-3)cc1,0.7458
Cn1nccc1-c1ccc(F)c(C(=O)NC2CNCCCC2c2ccc(F)c(F)c2)c1,0.7937
Cn1ncc(Br)c1-c1ccc(C(=O)NC2CNCCC2c2cccc(C(F)F)c2)s1,0.8261
CCS(=O)(=O)c1ccc(CC(N)COc2cncc(-c3ccc4[nH]nc(C)c4c3)c2)cc1,0.7581
Cc1n[nH]c2ccc(-c3cncc(OCC(N)Cc4ccc([N+](=O)[O-])cc4)c3)cc12,0.7581
Cn1ncc(Cl)c1-c1ccc(C(=O)NC2CNCCC2c2ncccn2)o1,0.7656
Cc1cc(-c2cn(CCN(C)C3CC3)c(C3CCN(c4ncnc(N)c4Cl)CC3)n2)ccc1F,0.7105
CN(C)C(=O)c1cccc(-c2cn(CCN3CCC3)c(C3CCN(c4ncnc(N)c4Br)CC3)n2)c1,0.72
Nc1cc(N2CCC(c3nc(-c4ccc(F)c(C(F)(F)F)c4)cn3CCC(=O)NC3CC3)CC2)ncn1,0.7237
NC1(c2ccc(-c3nc4n(c3-c3ccccc3)COc3ncccc3-4)cc2)CCC1,1
Nc1ncnc(N2CCC(c3nc(-c4ccccc4)cn3CCN3CCC3)CC2)c1Cl,0.8065
Nc1ncnc(N2CCC(c3nc(-c4ccc([N+](=O)[O-])c(F)c4)cn3CCN3CCC3)CC2)c1F,0.7
CC(C)n1ccc(C2CCNCC2NC(=O)c2ccc(-c3c(Cl)cnn3C)o2)c1,0.75
CNCC(Nc1ncnc2c(C(N)=O)cccc12)c1cccc(-c2cccc(C(F)(F)F)c2)c1,0.7258
Cn1ncc(Br)c1-c1cc(F)c(C(=O)NC2CNCCC2c2ccc(F)cc2)cc1F,0.8594
CN(C)C(=O)c1ccc2c(c1)-c1nc(-c3ccc(C4(N)CC(C)(O)C4)cc3)c(-c3ccccc3)n1CO2,1
CC(C)Oc1c(N)ncnc1N1CCC(c2nc(-c3ccc(-c4cnn(C)c4)cc3)cn2CCN2CCC2)CC1,0.7403
NC1(CNC(=O)c2cccc(F)c2)CCN(c2ncnc3[nH]ccc23)C1,0.7206
CC1CN(c2cc(=O)[nH]c(CC(=O)Nc3ccccc3F)n2)CCO1,0.75
NC(=O)CC(NC(=O)C1(N)CCN(c2ncnc3[nH]ccc23)CC1)c1ccccc1,0.8333
CC1(O)CC(N)(c2ccc(-c3nc4n(c3-c3ccccc3)COc3ccccc3C4=O)cc2)C1,0.8596
Nc1ncnc(N2CCC(c3nc(-c4ccc(F)c(F)c4)cn3CCN3CCC3)CC2)c1C(=O)NC1CCCC1,0.7125
Cn1nccc1-c1ccc(C(=O)NC2CNCCC2c2cccc(C(F)F)c2)s1,0.806
NC(=O)c1c(N)ncnc1N1CCC(c2nc(-c3ccc(F)c(C(F)(F)F)c3)cn2C2CC2)CC1,0.8472
Cn1ncc(Cl)c1-c1ccc(C(=O)NC2CNCCC2c2cccc(F)c2)cc1Cl,0.8182
Cn1nccc1-c1ccc(C(=O)NC2CCNCC2c2ccccc2)nc1,0.7273
O=C(NC(c1ccc(Cl)cc1)C1CCNC1)c1ccc2cnccc2c1,0.8276
CNCCn1cc(-c2ccc(F)c(F)c2)nc1C1CCN(c2ncnc(N)c2C#N)CC1,0.8841
CCCCNC(=O)c1cc(C)c2nc(-c3ccc(C4(N)CCC4)cc3)c(-c3ccccc3)n2c1,0.7273
CCOc1cccc(CC(N)COc2cncc(-c3ccc4[nH]nc(C)c4c3)c2)c1,0.8361
Cn1nccc1-c1cnnc(C(=O)NC2CNCCC2c2ccc(F)c(F)c2)c1,0.7424
Cn1nccc1-c1ncc(C(=O)NC2CNCCC2c2ccc(F)c(F)c2)s1,0.7101
NC1(c2ccc(-c3c(-c4ccccc4)nc4cc(-c5cccc(O)c5)ccn34)cc2)CCC1,0.7091
COC1CN(c2cnc(C(=O)Nc3csc(-c4nncn4C4CC4)n3)cc2C2CC2)C1,0.7073
NC(=O)c1c(N)ncnc1N1CCC(c2nc(-c3ccccc3F)cn2CCN2CCCC2)CC1,0.7333
CCOc1cc(-c2cn(CCN(C)C)c(C3CCN(c4ncnc(N)c4C(N)=O)CC3)n2)ccc1F,0.8158
NC(COc1cncc(-c2ccc3c(c2)CCC(=S)N3)c1)Cc1c[nH]c2ccccc12,0.7536
CCc1c(N)ncnc1N1CCC(c2nc(-c3cccc(F)c3F)cn2CCN2CCC2)CC1,0.75
NC1(c2ccc(-c3nnc4n3-c3cccnc3Nc3ccccc3-4)cc2)CCN(c2cnccn2)CC1,0.7258
Cn1ncc(Br)c1-c1ccc(C(=O)NC2CNCCC2c2ccsc2)cc1,0.7164
Cc1c[nH]c2ncnc(N3CCC(N)(CNC(=O)c4cccs4)C3)c12,0.75
Cc1nc(N)nc2c1cc(-c1ccc(OC(F)(F)F)cc1)c(=O)n2C1CCC(OCCO)CC1,0.7183
NC(=O)NCCn1cc(-c2ccc(F)c(C(F)(F)F)c2)nc1C1CCN(c2ncnc(N)c2F)CC1,0.7692
CC1CN(c2cc(=O)[nH]c(CC(=O)Nc3ccccc3)n2)CCO1,0.8305
Cc1csc(C2CCNCC2NC(=O)c2cc(F)c(-c3ccnn3C)cc2F)n1,0.7101
CN(C)CCn1cc(-c2ccc(F)c(Cl)c2)nc1C1CCN(c2ncnc(N)c2C(N)=O)CC1,0.8493
Cc1ccc(C(NC(=O)c2ccc3cnccc3c2)C2CCNC2)cc1F,0.7344
CCNC(=O)Nc1ccc(-c2nnc3n2-c2cccnc2Nc2ccccc2-3)cc1,0.7213
COc1cc(C(N)=O)cn2c(-c3ccccc3)c(-c3ccc(C4(N)CC(F)C4)cc3)nc12,0.7937
O=C(Nc1ccc(-c2nnc3n2-c2cccnc2Nc2ccccc2-3)cc1)c1cccc(Br)c1,0.8167
CNC(=O)c1c(N)ncnc1N1CCC(c2nc(-c3ccnc(C(F)(F)F)c3)cn2CCN2CCC2)CC1,0.8421
Cn1nc(-c2ccc(C(=O)NC3CNCCC3c3ccc(Cl)cc3)s2)ccc1=O,0.7077
Cc1cc(C2CNCC2NC(=O)c2ccc(-c3ccnn3C)cc2F)ccc1F,0.75
Cn1c(CC(=O)N2CCc3c(Br)cccc32)nc(N2CCOCC2)c(Br)c1=O,0.7143
CNC(=O)CCCCCC(NC(=O)c1cc(Br)c(-c2ccnc3[nH]ccc23)s1)c1ccccc1,0.7826
CC1(O)CC(N)(c2ccc(-c3nc4ccc(C(N)=O)nn4c3-c3ccccc3)cc2)C1,0.7679
Cn1ncc(Br)c1-c1ccc(C(=O)NC2CNCCC2c2ccc(F)c(F)c2)nc1,0.803
NC(COc1cncc(-c2ccc3[nH]ncc3c2)c1)Cc1c(F)cccc1F,0.7049
Cc1n[nH]c2ccc(-c3nnc(NCC(N)Cc4ccc(Cl)cc4)s3)cc12,1
NC(COc1cncc(-c2cncc(OCC(N)Cc3c[nH]c4ccccc34)c2)c1)Cc1c[nH]c2ccccc12,0.7963
COc1ccc(C(=O)NC2CNCCC2c2ccc(F)c(F)c2)cc1-c1ccnn1C,0.803
CC1(O)CC(N)(c2ccc(-c3nc4ccc(Br)cn4c3-c3ccccc3)cc2)C1,0.7358
O=C(Cc1nc(N2CCOCC2)c(F)c(=O)[nH]1)Nc1ccc(F)c(F)c1,0.7119
CC(C)N(C)CCCn1cc(-c2ccc(F)c(C(F)(F)F)c2)nc1C1CCN(c2ncnc(N)c2F)CC1,0.775
COc1ccc(C2CCNCC2NC(=O)c2ccc(-c3ccnn3C)cc2Cl)cn1,0.7183
Cn1ncc(Cl)c1-c1ccc(C(=O)NC2CNCCC2c2cccc(Cl)c2)o1,0.8125
Cc1cccc(-c2cn(CCN3CCCC3)c(C3CCN(c4ncnc(N)c4F)CC3)n2)c1,0.7222
Cc1cc(-c2cn(CCN3CC(F)C3)c(C3CCN(c4ncnc(N)c4Br)CC3)n2)ccc1F,0.8551
CNC(=O)c1c(N)ncnc1N1CCC(c2nc(-c3ccc(F)c(C(F)(F)F)c3)cn2CCN2CCC2)CC1,0.8442
NC(Cc1ccc(Cl)cc1)C(=O)N1CCN(c2ncnc3cc(Br)ccc23)CC1,0.7966
NC(=O)c1ccnc2c(NC(CN3CC(F)C3)c3ccc(Br)cc3)ncnc12,0.7059
N#Cc1cc(-c2cn(CCNCC3CC3)c(C3CCN(c4ncnc(N)c4C(F)(F)F)CC3)n2)ccc1F,0.7561
O=C(NC(c1cccc(Cl)c1)C1CCNC1)c1ccc2cnccc2c1,0.8947
Cc1ncc(C(N)=O)c(N2CCC(c3nc(-c4ccc(F)c(Cl)c4)cn3CCN3CCCC3)CC2)n1,0.7089
Cn1cc(-c2ccc(F)c(C(C)(F)C(F)F)c2)nc1C1CCN(c2ncnc(N)c2F)CC1,0.7
Cc1cc(-c2cn(CC3CNC3)c(C3CCN(c4ncnc(N)c4C(F)(F)F)CC3)n2)ccc1F,0.8133
Cc1c(N)ncnc1N1CCC(c2nc(-c3ccc(F)cc3)cn2CCN2CCC2)CC1,0.7846
NC(COc1cncc(-c2ccncc2)c1)Cc1c[nH]c2ccccc12,0.7895
CCC(=O)NCCn1cc(-c2ccc(F)c(C(F)(F)F)c2)nc1C1CCN(c2ncnc(N)c2F)CC1,0.7407
NC(=O)c1cccc2c(NC(CN3CCC3)c3ccccc3)ncnc12,0.8364
CN(C)CCN(C)CCn1cc(-c2ccc(F)c(C(F)(F)F)c2)nc1C1CCN(c2ncnc(N)c2Cl)CC1,0.8101
NC(Cc1ccc(F)cc1)C(=O)N1CCN(c2ncnc3ccc(Cl)cc23)CC1,0.7966
CCCNCCn1cc(-c2cccc(F)c2)nc1C1CCN(c2ncnc(N)c2C#N)CC1,0.76
Cn1nccc1-c1cc(F)c(C(=O)NC2CNCCC2c2ccc(F)cc2)c(F)c1,0.8475
Cc1cc(-c2cn(CCN3CCC3)c(C3CCN(c4ncnc(N)c4Br)CC3)n2)ccc1F,1
Nc1ncnc(N2CCC(c3nc(-c4ccc(F)c(C(F)(F)F)c4)cn3CC(=O)N3CCC(N4CCCCC4)CC3)CC2)c1F,0.7
NC1(c2ccc(-c3nc4ccc(C(=O)NCc5ccccc5)cn4c3-c3ccccc3)cc2)CCC1,0.7586
O=C(Nc1ccc(-c2nnc3n2-c2cccnc2Nc2ccccc2-3)cc1)Nc1cccnc1,0.7213
Cc1n[nH]c2ccc(-c3cncc(OCC(N)Cc4ccc(Cl)cc4Cl)c3)cc12,0.8167
Cc1cc(-c2cn(CCN)c(C3CCN(c4ncnc(N)c4Cl)CC3)n2)ccc1F,0.7246
Cn1nccc1-c1ccc(C(=O)NC2CNCCC2c2ccco2)cc1F,0.7424
Cc1n[nH]c2ccc(-c3cccc(OCC(N)Cc4c[nH]c5ccc(F)cc45)c3)cc12,0.7121
O=C(NC1CNCCC1c1cccs1)c1cc2c(s1)OCCn1ncc(Br)c1-2,0.7568
Cc1cc(-c2ccnn2C)ccc1C(=O)NC1CNCCC1c1ccc(Cl)cc1,0.7231
Cn1nccc1-c1ccc(C(=O)NC2CCNC2c2ccc(F)c(F)c2)cn1,0.7424
NC(COc1cnc(Cl)c(-c2ccc3cnccc3c2)c1)Cc1ccccc1F,0.7077
Cc1n[nH]c2cnc(-c3cncc(OCC(N)Cc4ccccc4)c3)nc12,0.7333
Cc1cc(-c2cn(CCNCC3CC3)c(C3CCN(c4ncnc(N)c4OC(C)C)CC3)n2)ccc1F,0.7722
Cc1n[nH]c2ccc(-c3cncc(OCC(N)Cc4cccc(-n5cccn5)c4)c3)cc12,0.7101
CNCCCn1cc(-c2ccc(F)c(C)c2)nc1C1CCN(c2ncnc(N)c2Cl)CC1,0.7237
O=S(=O)(Nc1cc(-c2ccc3nccn3n2)cnc1Cl)c1ccc(F)cc1,1
NC(COc1cncc(-c2cc3cn[nH]c3cn2)c1)Cc1c[nH]c2ccccc12,1
CCc1c(N)ncnc1N1CCC(c2nc(-c3ccc(NC)c(F)c3)cn2CCN2CCC2)CC1,0.8429
Cn1nccc1-c1cccc(C(=O)NC2CNCCC2c2ccc(Cl)cc2)c1,0.7344
NC1(C(=O)NC(Cc2ccccc2)c2ccccc2)CCN(c2ncnc3[nH]ccc23)CC1,0.8852
Nc1ncnc(N2CCC(c3nc(-c4ccc(F)c(C(F)(F)F)c4)cn3CC(=O)NCC3CC3)CC2)c1Cl,0.725
Cc1c(-c2cc(F)c(C(=O)NC3CNCCC3c3ccc(F)c(F)c3)cc2Cl)cnn1C,0.7536
CCc1n[nH]c2ccc(-c3cncc(OCC(N)Cc4cccc(F)c4)c3)cc12,0.8226
Cc1ccc(-c2cncc(OCC(N)Cc3c[nH]c4ccccc34)c2)cc1N,0.746
NC(=O)c1cccc2c(NC(CNCc3cccc(F)c3F)c3cccc(F)c3)ncnc12,0.7302
COc1cc(C(=O)NC2CNCCC2c2ccc(F)cc2)ccc1-c1ccnn1C,0.7059
Nc1cc(N2CCC(c3nc(-c4ccc(F)c(C(F)(F)F)c4)cn3CCNC(=O)C3CC3)CC2)ncn1,0.7237
Cn1nccc1-c1ccc(C(=O)NC2CCNCC2c2ccc(F)cn2)c(Cl)c1,0.7
NC(COc1cncc(-c2ccccc2)c1)Cc1c[nH]c2ccccc12,0.7759
CN(C)CCn1cc(-c2ccc(F)c(C(N)=O)c2)nc1C1CCN(c2ncnc(N)c2Cl)CC1,0.7308
Cc1cc(-c2cn(CCC(N)=O)c(C3CCN(c4ncnc(N)c4Cl)CC3)n2)ccc1F,0.72
Cn1cc(-c2ccc3nc(-c4cccnc4N)n(-c4ccc(CN)cc4)c3n2)cn1,0.7458
Cn1ncc(Cl)c1-c1ccc(C(=O)NC2CNCCC2c2ccsc2)o1,0.7846
O=C(NC(c1ccc(Cl)c(C(F)(F)F)c1)C1CCNC1)c1ccc2cnccc2c1,0.8095
CNC1(c2ccc(-c3nc4n(c3-c3ccccc3)COc3ccc(C(=O)N(C)C)cc3-4)cc2)CC1,0.7222
CCC1CNCCC1NC(=O)c1ccc(-c2ccnn2C)cc1F,0.7302
COc1cc([S+](C)[O-])nn2c(-c3ccccc3)c(-c3ccc(C4(N)CCC4)cc3)nc12,0.75
Cn1nccc1-c1ccc(C(=O)NC2CNCCC2S(=O)(=O)c2ccc(F)c(F)c2)cc1F,0.7101
O=C(NC1CNCCC1c1cccc(F)c1)c1ccc(-c2ccc(F)cc2)s1,0.7031
COc1cc(-c2cn(CCO)c(C3CCN(c4ncnc(N)c4C(N)=O)CC3)n2)ccc1F,0.8514
Cn1ncc(Br)c1-c1ccc(C(=O)NC2CNCC2c2ccncc2)o1,0.7077
O=C(Cc1nc(=O)cc(N2CCOCC2)[nH]1)Nc1ccc(F)cc1F,0.7288
NC(COc1cncc(-c2ccc3cnccc3c2)c1)Cc1cccc2ccccc12,0.7333
Cc1c[nH]c2ncnc(N3CCC(N)(C(=O)NC(C)c4ccc(F)cc4)CC3)c12,0.8333
NC1(c2ccc(-c3nc4c(Br)c(Cl)ccn4c3-c3ccccc3)cc2)CCC1,0.7647
Cc1cc(-c2cn(CCNCCN(C)C)c(C3CCN(c4ncnc(N)c4F)CC3)n2)ccc1F,0.7237
COCCCn1cc(-c2ccc(F)c(C(F)(F)F)c2)nc1C1CCN(c2ncnc(N)c2Br)CC1,0.7867
Cn1ncc(Br)c1-c1ccc(C(=O)NC2CNCC2c2ccc(F)c(Cl)c2)o1,0.7
CC1(O)CC(N)(c2ccc(-c3nc4n(c3-c3ccsc3)COc3cccc(F)c3-4)cc2)C1,1
Fc1ccc(-c2cn(CCN3CCC3)c(C3CCN(c4ncccn4)CC3)n2)cc1C(F)(F)F,0.7246
O=CCC(=O)Nc1ccc(-c2nnc3n2-c2cccnc2Nc2ccccc2-3)cc1,0.7213
COCCn1cc(-c2ccc(F)c(C(F)(F)F)c2)nc1C1CCN(c2cc(N)ncn2)CC1,0.7857
O=C(Nc1ccc(-c2nnc3n2-c2cccnc2Nc2ccccc2-3)cc1)Nc1ccc2c(c1)OCCO2,0.7391
Cc1cc(-c2cn(CCNCC3CC3)c(C3CCN(c4ncnc(N)c4Br)CC3)n2)ccc1F,0.8026
Cc1n[nH]c2ccc(-c3cncc(OCC(N)Cc4cccc(-c5nc[nH]n5)c4)c3)cc12,0.7538
Cn1nccc1-c1cc(F)c(C(=O)NC2CNCCC2c2cccc(C(F)F)c2)cc1F,0.7647
Cn1ncc(-c2cc(C(=O)NC3CNCCC3c3cccc(C(F)(F)F)c3)oc2Cl)c1Cl,0.8429
CCOc1c(N)ncnc1N1CCC(c2nc(-c3ccc(F)c(C)c3)cn2CCNC(C)C)C(F)C1,0.8125
NC(=O)c1c(N)ncnc1N1CCC(c2nc(-c3ccc(F)c(C(F)(F)F)c3)cn2CC2CC2)CC1,0.8889
NC(COc1cncc(-c2ccc(Cl)c(CO)c2)c1)Cc1c[nH]c2ccccc12,0.7231
NCCCn1cc(-c2ccc(F)c(C(F)(F)F)c2)nc1C1CCN(c2ncnc(N)c2F)CC1,0.8235
Cc1n[nH]c2cnc(-c3cncc(OCC(N)Cc4cccc(F)c4F)c3)nc12,0.7538
CCOc1c(N)ncnc1N1CCC(c2nc(-c3ccc(F)c(C)c3)cn2CCN(C)C)CC1,1
Cc1cc(-c2cn(CCNC(=O)CCN)c(C3CCN(c4ncnc(N)c4F)CC3)n2)ccc1F,0.7215
NC1(c2ccc(-c3nc4c(Br)cccn4c3-c3ccccc3)cc2)CCC1,1
NC(=O)c1c(N)ncnc1N1CCC(c2nc(-c3cccc(C(F)(F)F)c3)cn2CCN2CCC2)CC1,0.971
NC1(c2ccc(-c3nc4ccc(-c5ccccc5)nn4c3-c3ccccc3)cc2)CCC1,0.7917
CNc1ccc(NC(=O)Cc2nc(N3CCOCC3)cc(=O)n2C)cc1F,0.7581
Nc1ncc(-c2cncc(OCC(N)Cc3c[nH]c4ccccc34)c2)cn1,0.7333
NC1(c2ccc(-c3nc4n(c3-c3ccsc3)COc3cccc(F)c3-4)cc2)CCC1,0.8
CC1(O)CC(N)(c2ccc(-c3nc4n(c3-c3ccoc3)COc3ccc(F)cc3-4)cc2)C1,0.8
COc1ccc2nc(-c3ccc(C4(N)CC(F)C4)cc3)c(-c3ccccc3)n2n1,0.7636
Cn1ncc(Cl)c1-c1ccc(C(=O)NC2CNCCC2c2ccc(Cl)c(F)c2)nc1,0.7353
NC(=O)c1cc2c(cc1Cl)OCn1c-2nc(-c2ccc(C3(N)CC(O)(C4CC4)C3)cc2)c1-c1ccccc1,0.7246
Cc1n[nH]c2ccc(-c3cncc(OCC(N)Cc4cccnc4Br)c3)cc12,0.8033
Cn1nccc1C1CCNCC1NC(=O)c1ccc(-c2c(Br)cnn2C)o1,0.7538
COc1ccc(-c2cn(CCN3CCC3)c(C3CCN(c4ncnc(N)c4C(N)=O)CC3)n2)cc1F,0.8919
NC1(c2ccc(-c3nn4c(Br)nnc4cc3-c3ccccc3)cc2)CCC1,0.717
Cc1cc(C2CCNCC2NC(=O)c2cc(F)c(-c3c(Br)cnn3C)cc2F)on1,0.7083
Cc1cccn2c(-c3ccccc3)c(-c3ccc(C4(N)CC(F)(F)C4)cc3)nc12,0.7647
NC(=O)c1c(N)ncnc1N1CCC(c2nc(-c3cccc(C(F)(F)F)c3)cn2CCNCC(F)(F)F)CC1,0.7821
COc1ncc(-c2cc3c(C)nc(N)nc3n(C3CCC(OCO)CC3)c2=O)cn1,1
Cc1n[nH]c2ccc(-c3cncc(OCC(N)Cc4cc(Cl)ccc4F)c3)cc12,0.8033
Nc1cc(N2CCC(c3nc(-c4ccc(O)c(F)c4)cn3CCN3CCC3)CC2)ncn1,0.8281
Cn1ncc(F)c1-c1ccc(C(=O)NC2CNCCC2c2cccc(F)c2)cc1F,0.7101
NCc1cc(-c2cncc(OCC(N)Cc3c[nH]c4ccccc34)c2)ccc1F,0.7231
NC1(C(=O)NCCc2ccc(Cl)cc2)CCN(c2ncnc3[nH]ccc23)CC1,0.8214
Nc1ncnc(N2CCC(c3nc(-c4ccc(C(F)(F)F)c(F)c4)cn3CCN3CCC3)CC2)c1F,0.8529
NC(COc1cncc(-c2cccs2)c1)Cc1c[nH]c2ccccc12,0.7576
Cn1cc2ccc(-c3cncc(OCC(N)Cc4c[nH]c5ccccc45)c3)cc2n1,0.7015
CNCC(Nc1ncnc2c(C(N)=O)cccc12)c1ccc(F)c(F)c1,0.8036
Cc1cc(CC(N)COc2cncc(-c3cc4c(C)n[nH]c4cn3)c2)[nH]n1,0.7414
O=C(NC1CNCCC1c1ccccn1)c1ccc(-c2cn[nH]c2)o1,0.7143
Nc1ncnc(N2CCC(c3nc(-c4cc(F)cc(F)c4)cn3CCN3CCC3)CC2)c1F,0.7101
CC(C)NCCn1cc(-c2ccc(F)c(Cl)c2)nc1C1CCN(c2ncnc(N)c2C(N)=O)CC1,0.8553
CNCCNCCn1cc(-c2ccc(F)c(C)c2)nc1C1CCN(c2ncnc(N)c2F)CC1,0.7568
Cc1cc(-c2cn(CCNC(C)C)c(C3CCN(c4ncnc(N)c4C#N)CC3)n2)ccn1,0.7895
CC(N(C)CCn1cc(-c2ccc(F)c(C(F)(F)F)c2)nc1C1CCN(c2ncnc(N)c2Br)CC1)C(F)(F)F,0.84
CCc1c(N)ncnc1N1CCC(c2nc(-c3cccc(Cl)c3)cn2C)CC1,0.7761
CN(C)C(=O)c1ccc2nc(-c3ccc(C4(N)CCC4)cc3)c(-c3ccccc3)n2c1,0.8036
Cc1c[nH]c2ncnc(N3CCC4(CCNCC4)C3)c12,0.7447
O=C(Nc1ccc(Br)cc1)Nc1ccc(-c2nnc3n2-c2cccnc2Nc2ccccc2-3)cc1,0.7458
Cc1n[nH]c2ncc(-c3cncc(OCC(N)Cc4cccc(F)c4F)c3)cc12,0.8033
CC1CN(c2cc(=O)[nH]c(CC(=O)NCC(O)c3ccc(F)cc3)n2)CCO1,0.7313
Cn1ncc(F)c1-c1ccc(C(=O)NC2CNCCC2c2cccc(Br)c2)cc1,0.7206
CC(C)NCCn1cc(-c2ccc(F)c(C(F)(F)F)c2)nc1C1CCN(c2cc(N)ncn2)CC1,0.7778
NC1(c2ccc(-c3nnc4n3-c3cccnc3Nc3ccccc3-4)cc2)CCCNCC1,0.8545
NC1(C(=O)NCc2cccc(Cl)c2)CCN(c2ncnc3[nH]ccc23)CC1,0.8103
Cc1cc(-c2cc(OCC(N)Cc3c[nH]c4ccccc34)cnc2-c2ccoc2)nn1C,0.7179
Cn1ncc(Cl)c1-c1ccc(C(=O)NC2CCNCC2c2ccc(F)cc2)cc1,0.7273
CS(=O)(=O)c1cc(-c2cn(CCN3CCC3)c(C3CCN(c4cc(N)ncn4)CC3)n2)ccc1F,0.7681
Cn1ncc(Cl)c1-c1ccc(C(=O)NC2CNCCC2c2cccc(C(F)F)c2)o1,0.7286
CN(C)Cn1cc(-c2ccc(F)c(C(F)(F)F)c2)nc1C1CCN(c2ncnc(N)c2F)CC1,0.7606
CNC(=O)c1cc2c(cn1)-c1nc(-c3ccc(C4(N)CC(C)(O)C4)cc3)c(-c3ccccc3)n1CO2,0.7778
Cc1n[nH]c2ccc(-c3cncc(OCC(N)Cc4ccc5c(c4)OCCO5)c3)cc12,0.9016
COc1c(N)ncnc1N1CCC(c2nc(-c3cnn(C)c3)cn2CC2CNC2)CC1,0.7162
Cc1cccc(-c2cn(CCN3CCC3)c(C3CCN(c4ncnc(N)c4[N+](=O)[O-])CC3)n2)c1,0.7215
CNc1ccc2c(c1)OCn1c-2nc(-c2ccc(C3(N)CC(C)(O)C3)cc2)c1-c1ccccc1,0.7846
COc1ccc(OC)c(CC(N)COc2cncc(-c3ccc4[nH]nc(C)c4c3)c2)c1,0.8525
Cn1nccc1-c1ccc(C(=O)NC2CNCCC2c2ccco2)c(F)c1,0.7385
Cn1ncc(Cl)c1-c1csc(C(=O)NC2CNCCC2c2cccs2)c1,0.7727
Cn1cc(C2CCNCC2NC(=O)c2ccc(-c3c(Br)cnn3C)o2)cn1,0.7969
Nc1ncnc(N2CCC(c3nc(-c4ccc(F)c(F)c4)cn3CC3CNC3)CC2)c1F,0.7222
O=C(NC(c1ccc(Cl)c(F)c1)C1CCNCC1)c1cccnc1,0.7377
NC(=O)c1cc(F)cc(-c2cn(CCN3CCC3)c(C3CCN(c4ncnc(N)c4Cl)CC3)n2)c1,0.7397
O=C(NC1CNCCC1c1ccc(F)nc1)c1cc2c(s1)OCCn1nccc1-2,0.8028
Cn1nccc1-c1cc(F)c(C(=O)NC2CNCCC2c2ccc(F)cc2)cn1,0.7538
C=Cc1n[nH]c2cnc(-c3cncc(OCC(N)Cc4ccccn4)c3)cc12,0.7937
Cn1nccc1-c1ccc(C(=O)NC2CNCCC2c2ccc(F)cn2)cc1F,0.7576
O=C(Cc1nc(N2CCOCC2)cc(=O)n1-c1ccccc1)Nc1ccc(F)c(C2CC2)c1,0.7612
Cc1n[nH]c2ccc(-c3cncc(OCC(N)Cc4c(F)cc(F)cc4Cl)c3)cc12,0.8814
Nc1ncnc(N2CCC(c3nc(-c4ccnc(C(F)(F)F)c4)cn3CCN3CCCC3)CC2)c1F,0.8143
Cn1ncc(Cl)c1-c1ccc(C(=O)NC2CNCC2c2ccc(Br)cc2)o1,0.7344
NC(C(=O)Nc1ccc(-c2ccnc3[nH]ccc23)s1)c1ccccc1,0.7679
O=C(NC1CNCCC1c1cccnc1)c1ccc(-c2ccn[nH]2)cc1F,0.7619
Cn1ncc(Cl)c1-c1ccc(C(=O)NC2CCCNC2c2cccc(F)c2)s1,0.7361
Cn1cc(-c2ccc(C(=O)NC3CNCCC3c3cc(F)cc(F)c3)c(F)c2)cn1,0.7581
NC1(c2ccc(-c3nc4c(C(=O)NCc5ccccc5)cccn4c3-c3ccccc3)cc2)CCC1,0.7333
CNCCn1cc(-c2ccc(F)c(C(F)(F)F)c2)nc1C1CCN(c2ncnc(N)c2OC)CC1,0.8133
CC1Cc2c(ccc(F)c2F)N1C(=O)Cc1nc(N2CCOCC2)c(Br)c(=O)[nH]1,0.8571
Cn1cc(-c2cn(CCN3CCC3)c(C3CCN(c4ncnc(N)c4C(N)=O)CC3)n2)cn1,0.7361
Cn1nccc1-c1ccc(C(=O)NC2CNCCC2c2cncc(F)c2)cc1,0.7619
Cn1nccc1-c1ccc(C(=O)NC2CNCCC2c2ccc(Cl)cc2)cn1,0.7937
NC(C(=O)N1CCN(c2ncnc3ccccc23)CC1)c1ccc(Cl)cc1,0.7273
O=C(NC(CO)c1ccccc1)c1ccc(-c2ccnc3[nH]ccc23)s1,0.8519
CN(C)CCCCn1cc(-c2ccc(F)c(C(F)(F)F)c2)nc1C1CCN(c2ncnc(N)c2F)CC1,0.7733
NC(=O)c1n[nH]c2ccc(-c3cncc(OCC(N)Cc4c[nH]c5ccccc45)c3)cc2c1=O,0.7612
Cn1cc(-c2coc(C(=O)NC3CNCCC3c3ccc(F)c(Cl)c3)c2)cn1,0.7083
CN(C)CCn1cc(-c2cc(F)c(F)c(F)c2)nc1C1CCN(c2ncnc(N)c2Br)CC1,0.7606
NC(=O)c1c(N)ncnc1N1CCC(c2nc(-c3ccc(F)c(Cl)c3)cn2CCN2CCCCC2)CC1,0.9853
COc1ccc(NC(=O)Nc2ccc(-c3nnc4n3-c3cccnc3Nc3ccccc3-4)cc2)cc1,0.7097
O=C(N1CCN(c2ncnc3[nH]cc(Cl)c23)CC1)C1(c2ccc(Cl)cc2)CC1,0.8889
Cc1n[nH]c2cnc(-c3cncc(OCC(N)Cc4cc(F)c(F)c(F)c4)c3)cc12,0.8
COc1cc(-c2cn(CCN3CCC3)c(C3CCN(c4ncnc(N)c4F)CC3)n2)ccc1F,0.8451
Cn1nccc1-c1ccc(F)c(C(=O)NC2CNCCC2c2ccccc2)c1,0.7344
NC1(c2ccc(-c3nc4c5ccccc5ccn4c3-c3ccccc3)cc2)CCC1,0.72
Cn1nccc1-c1ccc(C(=O)NC2CNCCC2c2ccc(F)cc2)c(C2CCCC2)c1,0.7059
NC(=O)c1ccnc2c(NC(CN3CCC3)c3cccc(Br)c3)ncnc12,0.8033
Cn1nccc1-c1cc(C(=O)NC2CNCCC2c2ccccc2)oc1Cl,0.7538
CN(CCn1cc(-c2ccc(F)c(C(F)(F)F)c2)nc1C1CCN(c2cc(N)ncn2)CC1)C1CNC1,0.7237
Cc1c(-c2ccc(C(=O)NC3CNCCC3c3cccc(F)c3)nc2)cnn1C,0.7612
Cc1ccn2c(-c3ccccc3)c(-c3ccc(C4(N)CCC4)cc3)nc2c1O,0.75
O=C(NCCc1nc(N2CCOCC2)cc(=O)[nH]1)Nc1ccc(F)cc1F,0.7377
Cn1cc(-c2cc(C(=O)NC3CNCCC3c3ccc(F)c(F)c3)oc2Cl)cn1,0.7571
Nc1ncnc(N2CCC(c3nc(-c4ccc(F)c(F)c4)cn3CCN3CCC3)CC2)c1C(=O)N1CCC1,0.75
CCN(CC)C(=O)c1c(N)ncnc1N1CCC(c2nc(-c3ccc(F)cc3)cn2CCN2CCC2)CC1,0.7027
CN(CCn1cc(-c2ccc(F)c(C(F)(F)F)c2)nc1C1CCN(c2ncnc(N)c2Cl)CC1)S(=O)(=O)C1CC1,0.716
NC(=O)c1c(N)ncnc1N1CCC(c2nc(-c3ccc(F)c(F)c3)cn2CCN2CCCCC2)CC1,0.8592
O=C(NC1(c2ccc(-c3nnc4n3-c3cccnc3Nc3cnccc3-4)cc2)CCCC1)c1ccccc1,0.8182
NC1(C(=O)NC(CC(=O)N2CCOCC2)c2ccc(Cl)cc2)CCN(c2ncnc3[nH]ccc23)CC1,0.791
Cc1n[nH]c2ccc(-c3cncc(OCC(N)Cc4cccc(C(=O)NCC(F)(F)F)c4)c3)cc12,0.7123
NC(=O)c1cccnc1N1CCC(c2nc(-c3ccc(F)c(C(F)(F)F)c3)cn2CCN2CCC2)CC1,0.7342
NC1CCCC(N)(c2ccc(-c3nnc4n3-c3cccnc3Nc3ccccc3-4)cc2)C1,0.7931
Cc1n[nH]c2cnc(-c3cncc(OCC(N)Cc4ccncc4)c3)cc12,0.8545
COc1c(N)ncnc1N1CCC(c2nc(-c3cccc(F)c3)cn2CCN2CCC2)CC1,0.7887
Nc1ccc2c(c1)C1(CCNCC1)CN2c1ncnc2[nH]ccc12,0.8077
Cc1cc(-c2cn(CCN3CCC3)c(C3CCN(c4ncnc(N)c4Cl)CC3F)n2)ccc1F,0.8158
O=C(NC1CNCCC1c1ccc(Br)c(Cl)c1)c1cc2c(s1)CCCn1nccc1-2,0.7297
Cn1nccc1-c1ccc(F)c(C(=O)NC2CNCCC2c2ccc(Cl)cc2)c1,0.7692
CNCCn1cc(-c2ccncc2)nc1C1CCN(c2ncnc(N)c2Cl)CC1,0.7681
CCN(CCO)CCn1cc(-c2ccc(F)c(C(F)(F)F)c2)nc1C1CCN(c2ncnc(N)c2Cl)CC1,0.725
CN(C)CCN(C)CCn1cc(-c2ccc(F)c(C(F)(F)F)c2)nc1C1CCN(c2ncnc(N)c2F)CC1,0.8312
O=C(NC(Cc1ccc(Cl)cc1)C(=O)N1CCN(c2ncnc3[nH]cc(C4CC4)c23)CC1)C1CCCC1,0.7391
Cn1ncc(Cl)c1-c1ccc(C(=O)NC2CNCCC2c2ccc(F)c(F)c2)s1,0.8281
Cc1n[nH]c2cnc(-c3cncc(OCC(N)Cc4cccc(F)c4)c3)nc12,0.7538
N=c1nc[nH]c(N2CCC(c3nc(-c4ccc(F)c(C(F)(F)F)c4)cn3CCN3CCC3)CC2)c1C(N)=O,0.716
Cc1cccc(-c2cn(CCN3CCC3)c(C3CCN(c4ncnc(N)c4F)CC3)n2)c1,0.7222
CCCNC(=O)c1ccc2c(c1)-c1nc(-c3ccc(C4(N)CC(C)(O)C4)cc3)c(-c3cccnc3)n1CO2,0.7625
O=C(NC1CNCCC1c1ccncc1)c1ccc(-c2ccn[nH]2)cc1F,0.8136
NC1(c2ccc(-c3nc4ccc([N+](=O)[O-])nn4c3-c3ccccc3)cc2)CCC1,0.7037
COc1ccc(-c2cn(CCN3CCC3)c(C3CCN(c4ncnc(N)c4C#N)CC3F)n2)cc1OC,0.7875
Nc1ncnc(N2CCC(c3nc(-c4ccc(F)c(F)c4)cn3CCN3CCC3)CC2)c1C(=O)c1ccccc1,0.7308
CN1CCN(c2cnc(C(=O)Nc3csc(-c4nncn4C4CC4)n3)cc2-n2cnc(C3CC3)c2)CC1,0.8784
NC(Cc1ccc(Cl)cc1)C(=O)N1CCN(c2ncnc3[nH]cnc23)CC1,0.7368
CNCCn1cc(-c2ccnc(C(F)(F)F)c2)nc1C1CCN(c2ncnc(N)c2F)CC1,0.8429
CCn1nccc1-c1ccc(C(=O)NC2CNCCC2c2cccc(F)c2)nc1,0.806
Cc1cc(-c2cn(CCNCC3(F)COC3)c(C3CCN(c4ncnc(N)c4OC(C)C)CC3)n2)ccc1F,0.7209
Nc1ncnc(N2CCC(c3nc(-c4ccc(Cl)cc4)cn3CCNC3CC3)CC2)c1Cl,0.7324
Cn1nccc1-c1ccc(C(=O)NC2CNCCC2c2ccccc2)cc1F,0.8361
Cc1cccc(C2CCNCC2NC(=O)c2ccc(-c3ccnn3C)cn2)c1,0.8438
C=Cc1c(N)ncnc1N1CCC(c2nc(-c3ccc(F)c(OC)c3)cn2CCN2CCC2)CC1,0.8133
NC1(c2ccc(-c3nc4c([N+](=O)[O-])cccn4c3-c3ccccc3)cc2)CCC1,0.717
Cn1ncc(Cl)c1-c1ccc(C(=O)NC2CNCCC2c2ccccc2)o1,0.8667
Cn1ncc(Br)c1-c1cc(F)c(C(=O)NC2CNCCC2c2cccc(F)n2)cc1F,0.7324
CN(C)CCNCCn1cc(-c2ccc(F)c(C(F)(F)F)c2)nc1C1CCN(c2ncnc(N)c2Br)CC1,0.8649
NC(COc1cncc(-c2cncc(OCC(N)Cc3c[nH]c4ccccc34)c2)c1)Cc1ccccc1,0.7288
CN(C)CCn1cc(-c2ccc(F)c(C(F)(F)C(F)F)c2)nc1C1CCN(c2ncnc(N)c2F)CC1,0.7403
O=C(NC1CNCCC1c1ccccc1)c1ccc(-c2ccn[nH]2)cc1F,0.8136
N#Cc1cccc(C(CN2CCC2)Nc2ncnc3c(C(N)=O)cccc23)c1,0.7742
COc1ccc(-c2cc3c(C)nc(N)nc3n(C3CCC(OCCO)CC3)c2=O)cc1,0.8154
Cc1ncc(-c2ccc(C(=O)NC3CNCCC3c3cccc(F)c3)s2)o1,0.7042
CNC(=O)NCCn1cc(-c2ccnc(C(F)(F)F)c2)nc1C1CCN(c2ncnc(N)c2F)CC1,0.7
Cn1ncc(-c2cc(C(=O)NC3CNCCC3c3ccccc3)oc2Cl)c1N,0.7727
NCCn1cc(-c2ccc(F)c(C(F)(F)F)c2)nc1C1CCN(c2cc(N)ncn2)CC1,0.8462
Cn1ncc(Br)c1-c1ccc(C(=O)NC2CNCCC2c2ccc(F)cn2)s1,0.7324
O=C(Nc1nc2ccc(-c3cnc(Cl)c(NS(=O)(=O)c4ccccc4F)c3)cc2s1)C1CC1,0.8182
Cn1ncc(Cl)c1-c1ccc(C(=O)NC2CNCCC2c2ccncc2)cc1,0.75
Cn1ncc(Cl)c1-c1cc(F)c(C(=O)NC2CNCCC2c2ccc(F)cc2)cc1F,0.8594
Cc1nc(N)nc2c1nc(-c1ccc(N(C)C)nc1)c(=O)n2C1CC1,0.7069
CNCCn1cc(-c2ccc(F)c(C)c2)nc1C1CCN(c2ncnc(N)c2Cl)CC1F,0.8158
Cc1cccc(-c2cn(CCN3CCC3)c(C3CCN(c4ncnc(N)c4OC(C)C)CC3)n2)n1,0.7143
Nc1ncnc(N2CCC(c3nc(-c4ccc(F)c(F)c4)cn3CCN3CCC3)CC2)c1Cl,0.9672
Nc1cc(N2CCC(c3nc(-c4ccc(F)c(C(F)(F)F)c4)cn3CCCC(=O)NC3CC3)CC2)ncn1,0.7051
Cc1cc(-c2cn(CCCN3CCN(C)CC3)c(C3CCN(c4ncnc(N)c4Cl)CC3)n2)ccc1F,0.7027
NC1(c2ccc(-c3nc4ccc(Br)nn4c3-c3ccccc3)cc2)CCC1,1
Cc1nnc(C2CCNCC2NC(=O)c2ccc(-c3ccnn3C)c(F)c2)o1,0.7313
NC(=O)c1cccc2c(NC(CN3CCC3)c3ccc(Cl)c(F)c3)ncnc12,1
NC1(C(=O)NCc2cccc(O)c2)CCN(c2ncnc3[nH]ccc23)CC1,0.7458
Nc1cc(N2CCC(c3nc(-c4ccc(F)cc4)cn3CCN3CCC3)CC2)ncn1,0.8065
Cn1nccc1-c1ccc(C(=O)NC2CNCCC2c2cccc(C(C)(C)N)c2)cc1F,0.7429
Cn1ncc(-c2ccc(C(=O)NC3CNCCC3c3cccc(F)c3)cc2)c1Br,0.7353
Cn1nccc1C1CCNCC1NC(=O)c1ccc(F)c(F)c1,0.7097
O=C(NC1CNCCC1c1cccnc1)c1cc2c(s1)OCCn1nccc1-2,0.7714
CN(C)C(=O)c1c(N)ncnc1N1CCC(c2nc(-c3cccc(F)c3)cn2CCN2CCC2)CC1,0.7368
Cn1ncc(Cl)c1-c1ccc(C(=O)NC2CNCCC2c2cccc(C(=O)Nc3cccnc3)c2)cc1,0.7162
Nc1ncnc(N2CCC(c3nc(-c4ccc(F)c(F)c4)cn3CCN3CCC3)CC2)c1C(=O)NCCO,0.7037
Cn1ncc(Br)c1-c1ccc(C(=O)NC2CCNCC2c2ccccc2)o1,0.7424
Cn1nccc1-c1cc(C(=O)NC(CN)Cc2cccc(F)c2)oc1Cl,0.7538
NC(=O)c1c(N)ncnc1N1CCC(c2nc(-c3cccc(F)c3)cn2CCNC2CC2)CC1,0.7436
CS(=O)(=O)c1ccc(CNC(=O)C2(N)CCN(c3ncnc4[nH]ccc34)CC2)cc1,0.7627
Cn1ncc(Br)c1-c1ccc(C(=O)NC2CNCCC2c2cccc(Cl)c2)s1,0.8235
O=C(NC1CCC(c2cccc(F)c2)CC1)c1cc2c(s1)CCCn1nccc1-2,0.7042
Cn1ncc(Br)c1-c1cc(C(=O)NC2CNCCC2c2ccc(F)cc2)oc1Cl,0.7391
CC1CCCN1CCn1cc(-c2ccc(F)c(Cl)c2)nc1C1CCN(c2ncnc(N)c2C(N)=O)CC1,0.8052
NC1(c2ccc(-c3nc4ccc(C(=O)Nc5ccc(F)cc5)cn4c3-c3ccccc3)cc2)CCC1,0.7213
CC1CN(c2cc(=O)[nH]c(CC(=O)Nc3ccc(C4CCNCC4)cc3)n2)CCO1,0.7576
Cn1ncc(Cl)c1-c1cc(F)c(C(=O)NC2CNCCC2c2cc(F)cc(F)c2)cc1F,0.8154
O=C(NC1CNCCC1c1ccc(F)c(F)c1)c1ccc(-c2ccc(F)cn2)nc1,0.7302
Cc1c(N)ncnc1N1CCC(c2nc(-c3ccc(F)c(F)c3)cn2CCN2CCC2)CC1,0.8209
Cn1cc(-c2ccc(-c3cn(CCN4CCC4)c(C4CCN(c5ncnc(N)c5Br)CC4)n3)cc2)cn1,0.7612
O=C(Nc1csc(-c2nncn2C2CC2)c1)c1cc(-n2cnc(C3CC3)c2)c(N2CCC3(CC2)COC3)cn1,0.7711
Cn1ncc(Cl)c1-c1ccc(C(=O)NC2CNCCC2c2cccc(Cl)c2)nc1,0.7101
CC(=O)C1CC(N)(c2ccc(-c3nc4ccc(C(N)=O)cn4c3-c3ccccc3)cc2)C1,0.7414
Cc1cc(-c2cn(CCNC3CCC3)c(C3CCN(c4ncnc(N)c4Cl)CC3)n2)ccc1F,0.7792
Cn1ncc(Br)c1-c1cc(Cl)c(C(=O)NC2CNCCC2c2cccc(F)c2)cc1F,0.7123
CC1CN(c2cc(=O)[nH]c(CC(=O)Nc3cccc(F)c3)n2)CCO1,0.8226
CN(C)C(=O)Cn1cc(-c2ccc(F)c(C(F)(F)F)c2)nc1C1CCN(c2ncnc(N)c2Cl)CC1,0.7179
COc1c(N)ncnc1N1CCC(c2nc(-c3ccc(F)c(C)c3)cn2CCNC(C)C)C(F)C1,0.8228
Cn1ncc(Br)c1-c1ccc(C(=O)NC2CCCNC2c2cccc(F)c2)s1,0.7361
N#Cc1c(N)ncnc1N1CCC(c2nc(-c3ccc(F)c(Cl)c3)cn2CCN2CCC2)CC1,1
Cc1cc(-c2cn(CCN3CCC(O)C3)c(C3CCN(c4ncnc(N)c4Br)CC3)n2)ccc1F,0.8194
Nc1ccc2nc(-c3ccc(C4(N)CCC4)cc3)c(-c3ccccc3)n2c1,0.7755
NC(COc1cncc(-c2cncc(-c3ccc(O)c(O)c3)c2)c1)Cc1c[nH]c2ccccc12,0.7377
COc1ncc(-c2cc3c(C)nc(N)nc3n(C3CCC(OCO)CC3)c2=O)cc1F,1
C=Cc1c(N)ncnc1N1CCC(c2nc(-c3ccc(F)c(F)c3)cn2CCN2CCC2)CC1,0.9688
O=C(Nc1ccc(-c2nnc3n2-c2cccnc2Nc2ccccc2-3)cc1)c1cccc(F)c1,0.8167
Cn1nccc1-c1ccc(C(=O)NC2CNCCC2c2ccc3ncccc3c2)c(Cl)c1,0.7324
O=C(NC1CNCCC1c1cccs1)c1cc2c(s1)CCCn1nccc1-2,0.7324
COCOC1CCC(n2c(=O)c(-c3cnc(OC)nc3)cc3c(C)nc(N)nc32)CC1,0.8387
CCOc1c(N)ncnc1N1CCC(c2nc(-c3cccc(F)c3)cn2CCN(C)C)CC1,0.7945
CCOc1cccc(C(CN2CCC2)Nc2ncnc3c(C(N)=O)cccc23)c1,0.7619
NCCOc1cccc(C(CN2CCC2)Nc2ncnc3c(C(N)=O)cccc23)c1,0.75
Cc1ccccc1CC(N)C(=O)N1CCN(c2ncnc3c2C(C)SC3)CC1,0.7077
O=C(Nc1ccc(-c2nnc3n2-c2cccnc2Nc2ccccc2-3)cc1)c1ccc(Cl)nc1,0.7869
CNC(=O)c1n[nH]c2cnc(-c3cncc(OCC(N)Cc4ccccc4)c3)cc12,0.746
Cc1n[nH]c2cnc(-c3cncc(OCC(N)Cc4cccc(-c5nnon5)c4)c3)cc12,0.7164
CN(C)CCNCCn1cc(-c2ccc(F)c(C(F)(F)F)c2)nc1C1CCN(c2cc(N)ncn2)CC1,0.7237
Nc1ncnc(N2CCC(c3nc(-c4ccnc(C(F)(F)F)c4)cn3CCN3CCC3)CC2)c1C(=O)NC1CC1,0.8312
Cn1ncc(Cl)c1-c1csc(C(=O)NC2CNCC2c2ccc(F)c(F)c2)c1,0.7206
NCCCC(NC(=O)c1ccc(-c2ccncc2)cc1)c1ccccc1,0.7727
Cn1ncc(F)c1-c1cc(F)c(C(=O)NC2CNCCC2c2cccc(F)c2)cc1F,0.7
NC(=O)CCn1cc(-c2cccc(F)c2)nc1C1CCN(c2ncnc(N)c2Cl)CC1,0.7714
Cn1ncc(Cl)c1-c1ccc(C(=O)NC2CNCCC2c2ccc(F)cc2F)cc1,0.7879
NC(COc1cncc(-c2ccc3[nH]nc(-c4ccccn4)c3c2)c1)Cc1c[nH]c2ccccc12,0.8438
NC(=O)c1c(N)ncnc1N1CCC(c2nc(-c3ccc(F)c(F)c3)cn2CC(F)F)CC1,0.7123
CN(C)C(=O)c1cc(F)c2nc(-c3ccc(C4(N)CCC4)cc3)c(-c3ccccc3)n2c1,0.7193
Cn1nccc1-c1ccc(C(=O)NC2CNCCC2c2cccc(F)c2)nc1,1
Cn1ncc(Cl)c1-c1ccc(C(=O)NC2CNCC2c2ccncc2)s1,0.7188
Cn1nccc1-c1ccc(C(=O)NC2CNCC2c2ccc(Cl)c(F)c2)cn1,0.7463
CC(F)CNCCn1cc(-c2ccc(F)c(F)c2)nc1C1CCN(c2ncnc(N)c2Br)CC1,0.7162
c1ccc(-c2cn3ccnc3nc2-c2ccc(CN3CC(c4n[nH]c(-c5ccccn5)n4)C3)cc2)cc1,0.8923
CNC(=O)NC1(c2ccc(-c3nnc4n3-c3cccnc3Nc3ccccc3-4)cc2)CCC1,0.7846
Nc1ncnc(N2CCC(c3nc(-c4ccc(F)c(C(F)(F)F)c4)cn3CCC(=O)NC3CCCC3)CC2)c1Cl,0.7375
Cc1nc(N)nc2c1nc(-c1cccnc1F)c(=O)n2C1CCC(OCCO)CC1,0.7
c1ccc(-c2cn3c(-c4ccccc4)cnc3nc2-c2ccc(CN3CC(c4n[nH]c(-c5ccccn5)n4)C3)cc2)cc1,0.7324
NC1(c2ccc(-c3nc4c(C=O)cccn4c3-c3ccccc3)cc2)CCC1,0.7451
Cc1cc(Cl)cn2c(-c3ccccc3)c(-c3ccc(C4(N)CCC4)cc3)nc12,1
O=C(NC1CNCCC1c1ccc(F)c(F)c1)c1ccc(-c2ccncc2)c(F)c1,0.7031
CNc1c(N)ncnc1N1CCC(c2nc(-c3ccc(F)c(OC)c3)cn2CCN2CCC2)CC1,0.8
CC1(O)CC(N)(c2ccc(-c3nc4c(C(N)=O)cccn4c3-c3ccccc3)cc2)C1,0.7679
CNC(=O)c1ccc2c(c1)-c1nc(-c3ccc(C4(N)CC(C)(F)C4)cc3)c(-c3ccccc3)n1CO2,0.8676
NC(=O)c1ccnc2c(NC(CN3CCC3)c3cccc(F)c3F)ncnc12,0.7188
Cc1nc(N)nc2c1nc(-c1ccc(-c3cnn(C)c3)cc1)c(=O)n2C1CCOCC1,0.7167
Nc1ncnc(N2CCC(c3nc(-c4ccc(F)c(F)c4)cn3CCN3CCC3)CC2)c1C(=O)F,0.7703
COc1c(N)ncnc1N1CCC(c2nc(-c3ccc(C(F)(F)F)c(F)c3)cn2CCN2CCC2)CC1,0.8889
Cn1c(CC(=O)Nc2ccc(F)c(Br)c2)nc(N2CCOCC2)c(F)c1=O,0.7302
Nc1ncnc(N2CCC(c3nc(-c4ccccc4F)cn3CCN3CCC3)CC2)c1Cl,0.7313
NC(=O)Cn1cc(-c2ccc(F)c(C(F)(F)F)c2)nc1C1CCN(c2ncnc(N)c2F)CC1,0.75
NC(=O)C1(F)C(=O)Nc2ccc(-c3cncc(OCC(N)Cc4c[nH]c5ccccc45)c3)cc21,0.8406
O=C(NC(c1cccc(Cl)c1Cl)C1CCNC1)c1ccc2cnccc2c1,0.7188
Cn1nccc1-c1ccc(C(=O)NC2CNCC2c2cccc(Br)c2)nc1,0.7059
COCCNCCn1cc(-c2ccc(F)c(C)c2)nc1C1CCN(c2ncnc(N)c2OC)CC1,0.7089
Cn1ncc(Br)c1-c1ccc(C(=O)NC2CNCCC2F)s1,0.7015
COc1ncc(-c2cc3c(C)nc(N)nc3n(C3CCOCC3)c2=O)cc1F,0.75
Cn1nccc1-c1ccc(C(=O)NC2CNCCC2c2ccc(F)cc2)c(-c2ccccc2)c1,0.7059
Cn1ccc(-c2cn(CCN3CCC3)c(C3CCN(c4ncnc(N)c4Cl)CC3)n2)n1,0.7042
O=C(NC1CNCCC1c1cccc(F)c1)c1ccc(-c2ccn[nH]2)cc1F,0.8033
Cc1cc(-c2cn(CCN3CCCC3)c(C3CCN(c4ncnc(N)c4C(=O)NC4CC4)CC3)n2)ccc1F,0.8289
Cn1ccnc1-c1cc(F)c(C(=O)NC2CNCCC2c2ccc(F)c(F)c2)cc1F,0.7273
CCc1c(N)ncnc1N1CCC(c2nc(-c3ccc(F)c(Cl)c3)cn2CCNC(C)C)CC1,0.7973
NC(COc1cccc(-c2cnc3[nH]ncc3c2)c1)Cc1c[nH]c2ccccc12,0.7143
O=C(NC1CNCCC1c1ccc(F)cc1)c1cc2c(s1)OCCn1ncc(Br)c1-2,0.8592
CN(C)CCn1cc(-c2ccc(F)c(C#N)c2)nc1C1CCN(c2ncnc(N)c2F)CC1,0.7467
CC1(O)CC(N)(c2ccc(-c3nc4n(c3-c3ccccc3)COc3ccc(C(=O)NC5CCCNC5)cc3-4)cc2)C1,0.7375
CS(=O)(=O)c1ccc2nc(-c3ccc(C4(N)CCC4)cc3)c(-c3ccccc3)n2n1,0.7037
Cc1n[nH]c2cnc(-c3cncc(OCC(N)Cc4ccc(F)c(F)c4F)c3)cc12,1
NC(=O)c1c(N)ncnc1N1CCC(c2nc(-c3ccnc(C(F)(F)F)c3)cn2CCNC2CC2)CC1,0.8026
NC(=O)C(Cc1ccc(Cl)cc1)NC(=O)C1(N)CCN(c2ncnc3[nH]ccc23)CC1,0.746
NC(COc1cncc(-c2ccc3cn[nH]c3c2)c1)Cc1c[nH]c2ccccc12,0.8644
CC1SCc2ncnc(N3CCN(C(=O)C(N)Cc4cccc(F)c4)CC3)c21,0.8
Cc1cc(-c2cn(CC3CCCNC3)c(C3CCN(c4ncnc(N)c4Cl)CC3)n2)ccc1F,0.7179
Nc1ncnc(N2CCC(c3nc(-c4cccc(Cl)c4)cn3CCN3CCC3)CC2)c1Br,0.7971
Cc1c(-c2ccc(C(=O)NC3CNCCC3c3cccc(F)c3)s2)cnn1C,0.7941
Cc1cc(C2CCNCC2NC(=O)c2ccc(-c3c(Br)cnn3C)o2)on1,0.7
Cn1nccc1-c1ccc(F)c(C(=O)NC2CNCCC2c2ccc(F)cc2)c1,0.7903
Cn1nccc1-c1ccc(C(=O)NC2CNCCC2c2cccc(C3=CCCCC3)c2)nc1,0.75
NCCCC(NC(=O)c1cc(Br)c(-c2ccnc3[nH]ccc23)s1)c1ccccc1,1
NC(COc1cncc(-c2ccc3[nH]ncc3c2)c1)Cc1ccccc1Cl,0.7258
O=C(NC1CNCCC1c1ccc(F)cc1)c1cc2c(s1)CCCn1ncc(Br)c1-2,0.8676
CNCC(Nc1ncnc2c(C(N)=O)ccnc12)c1ccc(F)c(Br)c1F,0.7288
NC(=O)c1c(N)ncnc1N1CCC(c2nc(-c3ccc(F)c(F)c3)cn2C2CCNC2)CC1,0.8493
Cc1cc(-c2cn(CCNC(C)C)c(C3CCN(c4ncnc(N)c4C(F)F)CC3)n2)ccc1F,0.7895
NC(=O)c1c(N)ncnc1N1CCC(c2nc(-c3ccc(C(F)(F)F)c(F)c3)cn2CCN2CCC2)CC1,0.8904
O=C(NC1CNCCC1c1ccc(F)c(F)c1)c1ccc(-c2ncccn2)cc1F,0.7377
O=C(Nc1ccc(-c2nnc3n2-c2cccnc2Nc2ccccc2-3)cc1)c1ccccc1Cl,0.7667
Cn1ncc(F)c1-c1ccc(C(=O)NC2CNCC2c2cccc(F)c2)s1,0.7353
Cc1n[nH]c2ccc(-c3cncc(OCC(N)Cc4cccc(-c5cnn(C)c5)c4)c3)cc12,0.7313
Cn1nccc1-c1ccc(C(=O)NC2CNCCC2c2ccoc2)c(Cl)c1,0.7727
Cn1nccc1-c1ccc(C(=O)NC2CNCCC2c2ccncc2)s1,0.8305
COc1c(N)ncnc1N1CCC(c2nc(-c3ccc(F)c(C(F)(F)F)c3)cn2CCCNC(C)C)CC1,0.8125
Cc1n[nH]c2cnc(-c3cncc(OCC(N)Cc4ccc(F)cc4F)c3)cc12,0.8814
Cc1c(N)ncnc1N1CCC(c2nc(-c3ccc(F)c(C(F)(F)F)c3)cn2CCN(C)C)CC1,0.8451
NC1(c2ccc(-c3nc4c(C(=O)NCC5CCC5)cccn4c3-c3ccccc3)cc2)CCC1,0.7097
COc1ncc2nc(-c3ccc(C4(N)CCC4)cc3)c(-c3ccccc3)n2n1,0.7143
Cc1n[nH]c2ccc(-c3cncc(OCC(N)Cc4ccc(OC(F)(F)F)cc4)c3)cc12,1
CSc1ccc(-c2cn(CCN3CCC3)c(C3CCN(c4cc(N)ncn4)CC3)n2)cc1F,0.791
NCCn1cc(-c2ccc(F)nc2)nc1C1CCN(c2ncnc(N)c2C(N)=O)CC1,0.7606
Cc1ccn2c(-c3ccc(F)cc3)c(-c3ccc(C4(N)CCC4)cc3)nc2c1,0.717
Cn1cc(-c2nc3ccc(-c4cccnc4)nc3n2-c2ccc(C3(N)CCC3)cc2)cn1,0.7667
Cc1cc(-c2cn(CCN(C)C)c(C3CCN(c4ncnc(N)c4C#N)CC3)n2)ccc1F,1
Cn1cc(C(=O)NC2CNCCC2c2ccc(F)c(F)c2)cn1,0.7049
Cn1nccc1-c1cc(C2CCNCC2NC(=O)c2ccc(Cl)c(Cl)c2)ccc1F,0.7463
Cc1n[nH]c2ncc(-c3cncc(OCC(N)Cc4ccccc4)c3)cc12,0.7414
Cn1nccc1-c1ccc(C(=O)NC2CNCCC2c2cccs2)s1,0.7188
CC1(O)CC(N)(c2ccc(-c3nc4n(c3-c3ccsc3)COc3ccccc3-4)cc2)C1,0.8136
CC(C)NCCn1cc(-c2cnc(F)c(F)c2)nc1C1CCN(c2ncnc(N)c2C(N)=O)CC1,0.7821
Cc1n[nH]c2ccc(-c3cncc(OCC(N)Cc4ccc(Br)cn4)c3)cc12,0.7966
COc1ccccc1CC(N)COc1cncc(-c2ccc3[nH]nc(N)c3c2)c1,0.746
CN(C)C(=O)c1c(N)ncnc1N1CCC(c2nc(-c3ccc(F)c(C(F)(F)F)c3)cn2CCNCC(F)(F)F)CC1,0.7412
Nc1ccc(-c2ccc(C(=O)NC3CNCCC3c3ccc(Cl)cc3)o2)cc1,0.7167
Cc1n[nH]c2ccc(-c3cncc(OCC(N)Cc4cccc(-c5ccnnc5)c4)c3)cc12,0.7656
O=C(NC1CNCCC1c1ccc(F)c(F)c1)c1ccc(-c2cn[nH]c2)o1,0.7869
CCOc1cc(-c2cn(CCNC)c(C3CCN(c4ncnc(N)c4C(N)=O)CC3)n2)ccc1F,0.8158
CC(C)c1c(N)ncnc1N1CCC(c2nc(-c3ccccc3)cn2CCN2CCC2)C(F)C1,0.7867
NCC(NC(=O)c1ccc(-c2ccncc2)cc1)c1ccccc1,1
Cn1ncc(-c2ccc(C(=O)NC3CNCCC3c3cccc(F)c3)nc2)c1C1CCCC1,0.7183
Cn1nccc1-c1ccc(C(=O)NC2CNCCC2c2ccn(C)c(=O)c2)c(F)c1,0.7846
Cn1ccc(-c2cc(OCC(N)Cc3c[nH]c4ccccc34)cnc2-c2ccoc2)n1,0.7143
Cn1nccc1-c1ccc(C(=O)NC2CNCCC2c2ccc(F)cc2)c2occc12,0.7059
Cc1cc(-c2cn(CC3CCNCC3)c(C3CCN(c4ncnc(N)c4C(N)=O)CC3)n2)ccc1F,0.7733
NC(COc1cncc(-c2ccc3[nH]ncc3c2)c1)Cc1ccc(C(F)(F)F)c(F)c1,0.7313
Cn1cc(-c2ccc(F)c(C(F)(F)F)c2)nc1C1CCN(c2ncnc(N)c2Cl)CC1,0.8125
O=C(NC1CNCCC1c1csc(F)c1)c1ccc(-c2cn[nH]c2)o1,0.7077
NC(=O)c1c(N)ncnc1N1CCC(c2nc(-c3cccc(Cl)c3)cn2CC2CCCN2)CC1,0.7403
COc1cccc(F)c1C(CN1CCC1)Nc1ncnc2c(C(N)=O)cccc12,0.7077
NC(=O)c1c(N)ncnc1N1CCC(c2nc(-c3ccc(F)c(F)c3)cn2CC2CC2)CC1,0.7467
Cn1ncc(Br)c1-c1ccc(C(=O)NC2CNCCC2c2ccc(Br)o2)o1,0.7424
O=C(Cc1ccc(F)cc1)N1CCN(c2ncnc3[nH]cc(Br)c23)CC1,0.8148
Cn1cc(-c2ccc(-c3cn(CCN4CCCC4)c(C4CCN(c5cc(N)ncn5)CC4)n3)cc2)cn1,0.7313
NC(=O)C1(c2ccc(-c3nnc4n3-c3cccnc3Nc3ccccc3-4)cc2)CC1,0.7069
Cn1ncc(-c2cc(C(=O)NC3CNCCC3c3ccccc3)oc2Cl)c1-c1ccccc1,0.8154
Cc1n[nH]c2ncc(-c3cncc(OCC(N)Cc4ccc(Br)cc4)c3)cc12,0.7931
Cn1nccc1-c1cccc(C2CCNCC2NC(=O)c2ccc(-c3cnn(C)c3Cl)cc2F)c1,0.7083
CCc1c(N)ncnc1N1CCC(c2nc(-c3cccc(F)c3)cn2CCNCC2CC2)CC1,0.7568
N#Cc1c(N)ncnc1N1CCC(c2nc(-c3ccccc3F)cn2CCN2CCC2)CC1,0.7606
Cc1cc(-c2cn(CCF)c(C3CCN(c4ncnc(N)c4C(N)=O)CC3)n2)ccc1F,0.8824
Cc1n[nH]c2ccc(-c3cncc(OCC(N)Cc4ccncc4)c3)cc12,0.8214
CCNC(=O)c1cc(C)c2nc(-c3ccc(C4(N)CCC4)cc3)c(-c3ccccc3)n2c1,0.7742
C=Cc1cnc2cc(-c3ccccc3)c(-c3ccc(C4(N)CC(C)(O)C4)cc3)nn12,0.7586
Cn1ccc(C2CCNCC2NC(=O)c2ccc(-c3ccnn3C)cc2F)n1,0.75
O=C(NC1CNCCCC1c1ccc(F)c(F)c1)c1ccc2c(c1)-c1ccnn1CCO2,0.8116
CC1Cc2c(O)cccc2N1C(=O)Cc1nc(N2CCOCC2)c(F)c(=O)[nH]1,0.8571
Cn1ncc(F)c1-c1ccc(C(=O)NC2CNCCC2c2ccc(F)cc2)o1,0.7231
Cc1n[nH]c2ccc(-c3cncc(OCC(N)Cc4ccc5cccnc5c4)c3)cc12,0.7121
Cc1n[nH]c2ccc(-c3cncc(OCC(N)Cc4cccc(O)c4)c3)cc12,0.8033
COc1ccn2c(-c3ccccc3)c(-c3ccc(C4(N)CC(O)(C5CC5)C4)cc3)nc2c1,0.7167
Cc1n[nH]c2ccc(-c3cncc(OCC(N)Cc4cccc(Br)c4F)c3)cc12,0.85
O=C(Nc1ccc(-c2nnc3n2-c2cccnc2Nc2ccccc2-3)cc1)Nc1ccc(C(F)(F)F)cc1,0.7377
NCCCn1cc(-c2ccc(F)c(F)c2)nc1C1CCN(c2ncnc(N)c2C(N)=O)CC1,0.7639
CC1CN(c2cc(=O)[nH]c(CC(=O)Nc3cccnc3)n2)CCO1,0.7385
COc1ccc(S(=O)(=O)Nc2cc(-c3ccc4nc(NC(C)=O)sc4c3)cnc2Cl)cc1,1
Cn1ncc(C(=O)NC2CNCCC2c2ccc(F)c(F)c2)c1Br,0.7231
NC(=O)c1c(N)ncnc1N1CCC(c2nc(-c3ccc(F)c(C(F)(F)F)c3)cn2CCN2CCOCC2)CC1,0.8919
Cc1nnc(C2CCNCC2NC(=O)c2ccc(-c3ccnn3C)cc2F)o1,0.7273
CNC(=O)c1c(N)ncnc1N1CCC(c2nc(-c3ccc(F)c(Cl)c3)cn2CCN2CCC2)CC1,0.84
Cn1nccc1-c1ccc(C(=O)NC2CNCCC2c2ccc(Cl)cc2)s1,1
Cn1nccc1-c1cc(F)c(C(=O)NC2CNCC2c2ccc(F)c(F)c2)cc1Cl,0.7273
Cc1nc(C)c2nc(-c3ccc(C4(N)CCC4)cc3)c(-c3ccccc3)n2n1,0.7037
Cc1oc(C(=O)NC2CNCCC2c2ccc(F)cc2)cc1-c1ccnn1C,0.7385
Cn1ncc(Br)c1-c1ccc(C(=O)NC2CNCCC2c2cncc(Cl)c2)o1,0.8182
Cn1ncc(Cl)c1-c1ccc(C(=O)NC2CNCC2c2ccc(Cl)c(Cl)c2)s1,0.7077
Cc1n[nH]c2ccc(-c3cncc(OCC(N)Cc4ccc(C#N)cc4)c3)cc12,0.7833
CCN(CC)C(=O)Cn1cc(-c2ccc(F)c(C(F)(F)F)c2)nc1C1CCN(c2ncnc(N)c2Cl)CC1,0.7
Cn1nccc1-c1ccc(C(=O)NC2CCNCC2c2ccccc2)s1,0.7302
COc1cccc2c1-c1nc(-c3ccc(C4(N)CC(O)(C5CC5)C4)cc3)c(-c3cccnc3)n1CO2,0.8429
c1ccc(-c2cn3ncnc3nc2-c2ccc(CN3CCC(c4n[nH]c(-c5ccccn5)n4)CC3)cc2)cc1,0.7333
Nc1cc(N2CCC(c3nc(-c4ccc(F)c(C(F)(F)F)c4)cn3CCNC(=O)C3CCC3)CC2)ncn1,0.7273
Cc1cc(-c2cn(CCNCCN)c(C3CCN(c4ncnc(N)c4Br)CC3)n2)ccc1F,0.7778
Cc1cc(-c2cn(CCN(C)C)c(C3CCN(c4ncnc(N)c4OC(C)C)CC3)n2)ccc1F,1
Cc1cc(-c2cn(CCN3CCN(C)CC3)c(C3CCN(c4ncnc(N)c4Cl)CC3)n2)ccc1F,0.7714
Cn1ncnc1-c1ccc(C(=O)NC2CNCCC2c2cccc(F)c2)cc1,0.7059
NC1(C(=O)NC(CCC(=O)Nc2ccc(F)cc2)c2ccccc2)CCN(c2ncnc3[nH]ccc23)CC1,0.7286
Cc1ccc(C2CCNCC2NC(=O)c2cc3c(s2)CCCn2ncc(Br)c2-3)s1,0.7397
Cn1nccc1-c1ccc(C(=O)NC2CCCNC2c2cccc(F)c2)s1,0.7246
CC1COCCN1c1nc(N2CCOCC2C)c2ccc(-c3ccccc3)nc2n1,0.7736
NC1(c2ccc(-c3nnc4n3-c3cccnc3Nc3cccnc3-4)cc2)CCCC1,0.7593
Cn1nccc1-c1ccc(C(=O)NC2CNCCC2c2ccc(Br)s2)c(F)c1,0.7164
CC1(O)CC(N)(c2ccc(-c3nc4n(c3-c3ccccc3)COc3cccc(Cl)c3-4)cc2)C1,0.8197
NC(=O)c1c(N)ncnc1N1CCC(c2nc(-c3ccc(F)c(C(F)(F)F)c3)cn2CC2CCNC2)CC1,0.9067
NC(COc1cncc(-c2ccc3[nH]nc(-c4ccc(F)cc4)c3c2)c1)Cc1ccccc1,0.7031
Cc1cc(F)ccc1C(=O)NCC1(N)CCN(c2ncnc3[nH]cc(C)c23)CC1,0.8
CC1Cc2ccccc2N1C(=O)Cc1nc(N2CCOCC2)c(F)c(=O)n1C,0.8095
CN(C)CCn1cc(-c2ccc(F)c(C(F)(F)F)c2)nc1C1CCN(c2ncnc(N)c2F)CC1F,0.8667
O=C(NC(c1ccc(Cl)c(Cl)c1)C1CCCNC1)c1ccc(Cl)cc1,0.7
CNCCn1cc(-c2ccc(F)c(C)c2)nc1C1CCN(c2ncnc(N)c2Br)CC1,0.8
Cn1ncc(O)c1-c1ccc(C(=O)NC2CNCCC2c2ccccc2)o1,0.7077
CN(C)c1n[nH]c2ccc(-c3cncc(OCC(N)Cc4c[nH]c5ccc(F)cc45)c3)cc12,0.8333
Cc1nc(C2CCNCC2NC(=O)c2ccc(-c3c(Cl)cnn3C)o2)co1,0.7463
NC(COc1cncc(-c2cccc3c2C(=O)N3)c1)Cc1c[nH]c2ccccc12,0.7313
NC1(C(=O)Nc2ccc(F)cc2)CCN(c2ncnc3[nH]ccc23)CC1,0.7119
NC(COc1cncc(-c2cccnc2)c1)Cc1c[nH]c2ccccc12,0.7759
Cn1nccc1-c1cnc(Cl)c(C(=O)NC2CNCCC2c2ccc(F)c(F)c2)c1,0.7794
Cc1n[nH]c2ccc(-c3cncc(OCC(N)Cc4cccc(-c5cccc(F)n5)c4)c3)cc12,0.7727
Cc1ccc(-c2ccc(C(=O)NC3CNCCC3c3cccc(F)c3)s2)nc1,0.7
COc1cc(C(N)=O)nn2c(-c3ccccc3)c(-c3ccc(C4(N)CCC4)cc3)nc12,0.8621
CC(NC(=O)C1(N)CCN(c2ncnc3[nH]ccc23)CC1)c1ccc(Br)cc1,1
Cc1cc(-c2ccc3c(N4CCOCC4C)nc(N4CCOCC4C)nc3n2)ccn1,0.7069
Nc1ncnc(N2CCC(c3nc(-c4ccc(F)cn4)cn3CCN3CCC3)CC2)c1C1CCC1,0.7879
Cc1cc(-c2cn(CCN3CCCCC3)c(C3CCN(c4ncnc(N)c4C#N)CC3)n2)ccc1F,0.9851
NC1(c2ccc(-c3nc4c(Cl)cc(F)cn4c3-c3ccccc3)cc2)CCC1,0.8235
N#Cc1cc(C2CCNCC2NC(=O)c2ccc3c(c2)OCCn2nccc2-3)ccc1F,0.8286
Cc1n[nH]c2ccc(-c3cncc(OCC(N)Cc4cc(-c5ccncc5)ccn4)c3)cc12,0.7049
Cc1ccc(-c2cn(CCNC(C)C)c(C3CCN(c4ncnc(N)c4F)CC3)n2)cc1F,0.7273
COc1c(N)ncnc1N1CCC(c2nc(-c3ccc(F)c(C)c3)cn2CCN(C)C2COC2)CC1,0.725
Cn1ncc(Br)c1-c1ccc(C(=O)NC2CNCCC2c2cccc(Cl)c2)cc1,0.7727
CC(C)NCCn1cc(C2CC2)nc1C1CCN(c2ncnc(N)c2C#N)CC1,0.7027
CCN(CC)C(=O)c1cccc(-c2cn(CCN3CCCC3)c(C3CCN(c4ncnc(N)c4Br)CC3)n2)c1,0.7237
Cn1ncc(Br)c1-c1ccc(C(=O)NC2CNCC2c2cccc(C(F)F)c2)s1,0.7083
Cn1ncc(Cl)c1-c1ccc(C(=O)NC2CCNCC2c2ccccc2)cc1,0.7121
CC(C)n1cc(-c2ccc(F)c(C(F)(F)F)c2)nc1C1CCN(c2ncnc(N)c2Br)CC1,0.803
Nc1ncnc(N2CCC(c3nc(-c4ccc(F)c(F)c4)cn3CCNC3CCCC3)CC2)c1F,0.7143
Nc1ncnc(N2CCC(c3nc(-c4ccc(O)c(F)c4)cn3CCN3CCC3)CC2)c1Cl,0.8358
NC1(c2ccc(-c3nc4c(C(=O)Nc5ccccc5)cccn4c3-c3ccccc3)cc2)CCC1,0.7719
Cn1cnc(-c2ccc(C(=O)NC3CNCCC3c3cccc(F)c3)s2)c1,0.7206
NC(=O)c1c(N)ncnc1N1CCC(c2nc(-c3ccc(F)c(Cl)c3)cn2CCNC2CCCC2)CC1,0.8421
Cc1cc(-c2cn(CCN(C)C(C)C)c(C3CCN(c4cc(N)ncn4)CC3)n2)ccc1F,0.7273
Cc1n[nH]c2ccc(-c3cncc(OCC(N)Cc4ccc(Cl)c(F)c4)c3)cc12,1
Cn1cc(Cl)cc1-c1ccc(C(=O)NC2CNCCC2c2ccc(F)c(F)c2)cn1,0.7463
Cn1nccc1-c1ccc(C(=O)NC2CNCCC2c2ccncc2F)cc1F,0.7424
NC(=O)c1cc(F)c2nc(-c3ccc(C4(N)CCC4)cc3)c(-c3ccccc3)n2c1,0.8214
Cc1ccn2c(-c3ccccc3)c(-c3ccc(C4(N)CCC4)cc3)nc2c1C1CC1,0.7091
Cc1nnc(-c2cccc(CC(N)COc3cncc(-c4ccc5[nH]nc(C)c5c4)c3)c2)o1,0.7206
Cc1n[nH]c2ccc(-c3cncc(OCC(N)Cc4cccc(Br)c4)n3)cc12,0.7231
Cc1c[nH]c2ncnc(N3CCN(C(=O)C4(c5ccccc5)CC4)CC3)c12,0.7
Cn1ncc(-c2csc(C(=O)NC3CNCCC3c3cccc(F)c3)c2)c1-c1ccncc1,0.7778
O=C(NC1CNCCC1c1ccco1)c1ccc2c(c1)OCCn1nccc1-2,0.7246
Nc1ncnc(N2CCC(c3nc(-c4cccc(F)c4)cn3CCNCC3CC3)CC2)c1Cl,0.75
O=C(NC(c1ccccc1)C1CCNC1)c1ccc2cnccc2c1,0.7627
CCc1cc(-c2cn(CCN3CCC3)c(C3CCN(c4ncnc(N)c4Cl)CC3)n2)ccn1,0.7917
Nc1ncnc(N2CCC(c3nc(-c4cccc(C(F)(F)F)c4)cn3CCN3CCC3)CC2)c1C(=O)NC1CC1,0.8077
Cc1c[nH]c2ncnc(N3CCC(N)(CNC(=O)c4ccccc4)CC3)c12,0.8929
Cc1n[nH]c2cnc(-c3cncc(OCC(N)Cc4ccc(F)cc4)c3)cc12,0.8276
O=C(N1CCN(c2ncnc3[nH]ccc23)CC1)C1(c2cccc(Cl)c2)CCNCC1,0.8
Cc1n[nH]c2cnc(-c3cncc(OCC(N)Cc4ccc(Br)cc4F)c3)cc12,0.7969
CNCC(Nc1ncnc2c(C(N)=O)ccnc12)c1ccc(F)cc1F,0.8182
O=C(NC1CNCCC1c1cccc(F)c1)c1cc2c(s1)CCCn1nccc1-2,1
NC(COc1cncc(-c2cnc(N3CCOCC3)c(O)c2)c1)Cc1c[nH]c2ccccc12,0.7534
CNc1ncnc(N2CCC(c3nc(-c4ccc(F)c(C(F)(F)F)c4)cn3CCN(C)C)CC2)c1Cl,0.7179
COCCNCCn1cc(-c2ccc(F)c(C(F)(F)F)c2)nc1C1CCN(c2ncncc2C(F)(F)F)CC1,0.7439
Cn1nccc1-c1ccc(C(=O)NC2CCNCC2F)c(Cl)c1,0.7302
Cc1n[nH]c2cnc(-c3cncc(OCC(N)Cc4cccc(Cl)c4F)c3)cc12,0.8387
CNCC(Nc1ncnc2c(C(N)=O)ccnc12)c1cccc(Br)c1,0.7333
CCNCCn1cc(-c2ccnc(C(F)(F)F)c2)nc1C1CCN(c2ncnc(N)c2CC)CC1,0.8732
Cn1ncc(-c2ccc(C(=O)NC3CNCCC3c3cccc(F)c3)cc2)c1C(F)F,0.7246
Nc1ncnc(N2CCC(c3nc(-c4ccc(F)cc4)cn3CCN3CCCC3)CC2)c1Cl,1
CC(C)NCCNCCn1cc(-c2ccc(F)c(C(F)(F)F)c2)nc1C1CCN(c2ncnc(N)c2Cl)CC1,0.747
NC(=O)c1c(N)ncnc1N1CCC(c2nc(-c3cccc(C(F)(F)F)c3)cn2CC2CCNC2)CC1,0.7284
O=C(Cc1nc(N2CCOC(CO)C2)cc(=O)[nH]1)Nc1ccc(F)c(F)c1,0.7419
Cn1ncc(Br)c1-c1ccc(C(=O)NC2CNCCC2c2ccc(F)c(Br)c2)o1,0.803
O=C(NC1CNCCC1c1ccc(F)c(F)c1)c1ccc(-c2ccncc2)cc1F,0.75
Cc1n[nH]c2ccc(-c3cncc(OCC(N)Cc4cccc(Br)c4)c3)nc12,0.7778
CC1CN(c2cc(=O)[nH]c(CC(=O)Nc3ccc(-n4cncn4)cc3)n2)CCO1,0.7353
CC(C)NCCn1cc(-c2ccc(F)c(OC(F)F)c2)nc1C1CCN(c2ncnc(N)c2C(N)=O)CC1,0.8148
CC1(O)CC(N)(c2ccc(-c3nc4n(c3-c3ccccc3)COc3ccc(C(=O)N5CCOCC5)cc3-4)cc2)C1,0.7887
Nc1ncnc(N2CCC(c3nc(-c4ccc(F)c(C(F)(F)F)c4)cn3CCNC(=O)C(F)(F)F)CC2)c1F,0.7375
NC(=O)C1(c2ccc(-c3nc4n(c3-c3ccccc3)COc3ccccc3-4)cc2)CC1,0.7018
Cc1ccc(C2CCNCC2NC(=O)c2cccc(-c3ccnn3C)c2)cc1F,0.7273
Cc1ccc(C(=O)NC(CN)c2ccccc2)cc1-c1ccncc1,0.7083
Cn1nccc1-c1ccc(C(=O)NC2CNCCC2c2cccs2)c(Cl)c1,0.7164
Cn1ncc(Cl)c1-c1ccc(C(=O)NC2CNCCC2c2ccc(F)c(F)c2)cc1F,0.8154
CC(C)NCCn1cc(-c2cccc(F)c2)nc1C1CCN(c2ncnc(N)c2C#N)CC1,0.8026
CNCC(Nc1ncnc2c(C(N)=O)cccc12)c1ccc(F)cc1F,0.7586
NC1(c2ccc(-c3nc4n(c3-c3ccccc3)COc3ccncc3-4)cc2)CCOCC1,0.8596
NC(=O)c1ccc2nc(-c3ccc(C4(N)CC(C(F)(F)F)C4)cc3)c(-c3ccccc3)n2c1,0.7288
NC1(C(=O)NCc2cc(F)cc(F)c2)CCN(c2ncnc3[nH]ccc23)CC1,0.7586
Nc1cccc(-c2cncc(-c3cncc(OCC(N)Cc4c[nH]c5ccccc45)c3)c2)c1,0.7258
CNC(=O)CCCn1cc(-c2ccc(F)c(C(F)(F)F)c2)nc1C1CCN(c2ncnc(N)c2F)CC1,0.7179
CC1CN(c2cc(=O)[nH]c(CC(=O)Nc3c(F)cccc3F)n2)CCO1,0.7619
NC(COc1cncc(-c2cncc(OCC(N)c3ccccc3)c2)c1)Cc1c[nH]c2ccccc12,0.7049
O=C(NC(c1ccc(Cl)cc1)C1CCNCC1)c1ccc2cnccc2c1,0.8214
Cn1ncc(Cl)c1-c1ccc(C(=O)NC2CNCCC2c2cccc(Br)c2)cc1,0.8154
COc1nc(C(=O)NC2CNCCC2c2ccc(F)c(F)c2)ccc1-c1c(Cl)cnn1C,0.7027
CCc1c(N)ncnc1N1CCC(c2nc(-c3ccc(F)c(F)c3)cn2CCN(CC)CC)CC1,0.8824
O=C(NC1CNCCC1c1ccoc1)c1ccc2c(c1)OCCn1nccc1-2,0.791
Cc1n[nH]c2ccc(-c3cncc(OCC(N)Cc4c[nH]c5cccc(F)c45)c3)cc12,0.7846
Nc1ncnc(N2CCC(c3nc(-c4cccc([N+](=O)[O-])c4)cn3CCN3CCC3)CC2)c1Cl,0.7397
CN(C)C(=O)Cn1cc(-c2ccc(F)c(C(F)(F)F)c2)nc1C1CCN(c2ncnc(N)c2F)CC1,0.7105
Cn1nccc1-c1ccc(C(=O)NC2CNCC2c2ccc(F)c(Cl)c2)cc1,0.7188
COc1cc(Br)ncc1CC(N)COc1cncc(-c2ccc3[nH]nc(C)c3c2)c1,0.7424
CN(C)CCN(C)CCn1cc(-c2ccc(F)c(F)c2)nc1C1CCN(c2ncnc(N)c2Cl)CC1,0.7361
Cn1nccc1-c1ccc(C(=O)NC2CNCCC2c2ccccn2)nc1,0.7164
COc1ncc(NC(=O)Cc2nc(N3CCOC(C)C3)cc(=O)[nH]2)cn1,0.7385
CC(C)CNCCn1cc(-c2ccc(F)c(C(F)(F)F)c2)nc1C1CCN(c2cc(N)ncn2)CC1,0.7333
CNCCn1cc(-c2ccnc(C)c2)nc1C1CCN(c2ncnc(N)c2Cl)CC1,0.8
Nc1ncnc(N2CCC(c3nc(-c4ccc(F)cc4)cn3CCN3CCCC3)CC2)c1C(F)(F)F,0.7846
N=c1[nH]c2cnccc2cc1-c1cncc(OCC(N)Cc2c[nH]c3ccccc23)c1,0.7015
CN1CCN(CCn2cc(-c3ccc(F)c(C(F)(F)F)c3)nc2C2CCN(c3ncncc3N)CC2)CC1,0.7013
Cn1nccc1-c1ccc(C(=O)NC2CCNCC2F)c(F)c1,0.7377
O=C(NC(c1ccc(Cl)cc1)C1CC1)N1CCN(c2ncnc3[nH]ccc23)CC1,0.7302
NC(COc1cncc(-c2cncc(S(N)(=O)=O)c2)c1)Cc1c[nH]c2ccccc12,0.7031
O=C(N1CCN(c2ncnc3[nH]cc(Br)c23)CC1)C1(c2ccccc2)CCCC1,0.8571
Cc1n[nH]c2ccc(-c3cncc(OCC(N)Cc4ccc(Cl)c(Cl)c4)c3)cc12,1
Cn1ncc(Br)c1-c1ccc(C(=O)NC2CNCCC2c2cocn2)o1,0.7353
Nc1ncnc(N2CCC(c3nc(-c4ccc(F)c(Cl)c4)cn3CCN3CCCC3)CC2)c1C(=O)N1CCOCC1,0.8182
COCc1c(C(=O)NC2CNCCC2c2ccc(F)c(F)c2)cccc1-c1ccnn1C,0.7083
Cn1nccc1-c1cc(F)c(F)c(C(=O)NC2CNCCC2c2ccc(F)cc2)c1,0.7385
Cc1ccc(NC(=O)Cc2nc(N3CCOCC3)cc(=O)n2C)cc1C,0.7333
Cc1n[nH]c2ncc(-c3cncc(OCC(N)Cc4ccccc4Cl)c3)cc12,0.8
O=C(Nc1ccc(-c2nnc3n2-c2cccnc2Nc2ccccc2-3)cc1)c1ccc(Br)cc1,0.8596
Cn1ccc(C2CCNCC2NC(=O)c2ccc(-c3c(Cl)cnn3C)o2)c1,0.7969
Cc1n[nH]c2nc(-c3cncc(OCC(N)Cc4cccc(F)c4F)c3)ccc12,0.7538
NC1(c2ccc(-c3nc4c(Br)cccn4c3-c3ccccn3)cc2)CCC1,0.7451
Cn1ncc(Cl)c1-c1ccc(C(=O)NC2CCNCC2c2ccc(F)cc2)o1,0.7692
CCc1c(N)ncnc1N1CCC(c2nc(-c3ccccc3)cn2CCN(C)C)CC1,0.7536
COc1c(N)ncnc1N1CCC(c2nc(-c3ccn(C)c(=N)c3)cn2CC2CNC2)CC1,0.7273
CC(C)N1CCC(N)(c2ccc(-c3nnc4n3-c3cccnc3Nc3ccccc3-4)cc2)CC1,0.7759
Cc1c[nH]c2ncnc(N3CCC(N)(CNC(=O)c4ccccc4F)C3)c12,1
NC(COc1cncc(-c2ccc3[nH]ncc3c2)c1)Cc1ccc(Cl)c(F)c1,0.7231
Cn1ncc(Cl)c1-c1ccc(C(=O)NC2CNCCC2c2cccc(F)c2)cc1F,0.806
Cc1oc(C(=O)NC2CNCCC2c2ccc(Cl)cc2)cc1-c1ccnn1C,0.7121
Cn1cc(-c2cccc(-c3cn(CCN4CCC4)c(C4CCN(c5ncnc(N)c5Cl)CC4)n3)c2)cn1,0.75
Cn1ncc(Cl)c1-c1cc(C(=O)NC2CNCCC2c2cccnc2)oc1Cl,0.8462
Cc1cc(-c2cn(CCN3CCC3)c(C3CCN(c4ncccc4C(N)=O)CC3)n2)ccc1F,0.7273
Cc1ccc2c(c1)OCn1c-2nc(-c2ccc(C3(N)CCC3)cc2)c1-c1ccccc1,0.8
NC(=O)c1ncnc(N2CCC(c3nc(-c4ccc(F)c(F)c4)cn3CCN3CCCC3)CC2)c1F,0.7083
CN(C)C(=O)c1c(N)ncnc1N1CCC(c2nc(-c3ccc(F)c(F)c3)cn2CCN2CCCC2)CC1,0.7532
COc1ncnc(N2CCC(c3nc(-c4ccc(F)c(C)c4)cn3CCN3CCCC3)CC2)c1Cl,0.7013
Cc1n[nH]c2ccc(-c3cncc(OCC(N)Cc4cc(N)ccc4F)c3)cc12,0.8033
NC(COc1cncc(-c2ccc3[nH]ncc3c2)c1)Cc1ccc(C(F)(F)F)cc1,0.7143
NC(=O)c1c(N)ncnc1N1CCC(c2nc(-c3ccc(F)c(C(F)(F)F)n3)cn2CCN2CCC2)CC1,0.7662
Cc1n[nH]c2cnc(-c3cncc(OCC(N)Cc4cccc(OCCCN)c4)c3)cc12,0.9194
CC1(O)CC(N)(c2ccc(-c3nc4c(Cl)cccn4c3-c3ccccc3)cc2)C1,0.7358
NC1(c2ccc(-c3nc4cnc(Br)cn4c3-c3ccccc3)cc2)CCC1,0.7308
O=C(Nc1ccc(-c2nnc3n2-c2cccnc2Nc2ccccc2-3)cc1)N1CCCC1,0.7213
Cc1n[nH]c2ccc(-c3cncc(OCC(N)Cc4ccccc4OC(F)(F)F)c3)nc12,0.791
Cn1ncc(-c2coc(C(=O)NC3CNCCC3c3ccc(F)c(F)c3)c2)n1,0.7183
Cn1ncnc1-c1nc(NC(=O)c2cc(-n3cnc(C4CC4)c3)c(N3CC4CC4C3)cn2)cs1,0.7342
Nc1ncnc(N2CCC(c3nc(-c4ccc(F)c(C(F)(F)F)c4)cn3CC(=O)O)CC2)c1F,0.75
NC1(c2ccc(-c3nc4n(c3-c3ccsc3)COc3cccc(F)c3-4)cc2)CC1,0.8095
CCOc1ncnn2c(-c3ccccc3)c(-c3ccc(C4(N)CCC4)cc3)nc12,0.7167
O=C(Cc1nc(N2CCOCC2)c(F)c(=O)[nH]1)N1CCc2cc(F)ccc21,0.7258
NCC(NC(=O)c1ccc(-c2ccncc2)cc1)c1cccc(Cl)c1,0.7391
NC(=O)c1c(N)ncnc1N1CCC(c2nc(-c3ccc(F)c(O)c3)cn2CCN2CCC2)CC1,0.8472
Cn1ncc(Br)c1-c1ccc(C(=O)NC2CNCCC2c2ccc(F)n(C)c2=O)s1,0.7123
O=C(NC(c1ccc(Cl)c(Cl)c1)C1CCNC1)c1ccc(Cl)c(Cl)c1,0.7455
Nc1cc(N2CCC(c3nc(-c4ccc(F)c(F)c4)cn3CCNC3CC3)CC2)ncn1,0.7576
Nc1ncnc(N2CCC(c3nc(-c4cccnc4)cn3CCN3CCC3)CC2)c1Cl,0.7286
CNCCn1cc(-c2ccc(F)cc2)nc1C1CCN(c2ncnc(N)c2Cl)CC1,0.7692
Nc1cc(N2CCC(c3nc(-c4ccc(SC5CC5)c(F)c4)cn3CCN3CCC3)CC2)ncn1,0.7794
Cn1nccc1-c1cc(F)c(C(=O)NC2CNCCC2c2cc(F)ccc2F)cc1F,0.8095
CCn1cc(-c2ccc(F)c(Cl)c2)nc1C1CCN(c2ncnc(N)c2C(N)=O)CC1,0.8056
Cc1ccc(NC(=O)Cc2nc(N3CCOCC3)cc(=O)n2C)cc1,0.7288
CCN(CCF)CCn1cc(-c2ccc(F)c(C(F)(F)F)c2)nc1C1CCN(c2ncnc(N)c2C)CC1,0.7436
Cn1nccc1-c1cc(F)c(C(=O)NC2CNCCC2c2ccc(F)c(F)c2)c(F)c1,1
O=C(Cc1nc(N2CCOC(C(F)(F)F)C2)cc(=O)[nH]1)Nc1ccc(F)c(Br)c1,0.7424
Cc1cc(-c2cn(CCNC(C)C)c(C3CCN(c4ncncc4F)CC3)n2)ccc1F,0.7237
NCCCNCCCn1cc(-c2ccc(F)cc2)nc1C1CCN(c2ncnc(N)c2Cl)CC1,0.7246
Cn1nccc1-c1ccc(C(=O)NC2CNCCC2c2ccc(F)nc2)s1,0.7538
COCCn1cc(-c2ccc(F)c(C)c2)nc1C1CCN(c2ncnc(N)c2Cl)CC1F,0.8133
Cn1cc(-c2ccc(-c3cn(CCN4CCCCC4)c(C4CCN(c5ncnc(N)c5Br)CC4)n3)cc2)cn1,0.7761
NC(=O)c1c(N)ncnc1N1CCC(c2nc(-c3cncc(F)c3)cn2CCN2CCC2)CC1,0.7368
CC(=O)Nc1cn2nc(-c3cnc(Cl)c(NS(=O)(=O)C4CC4)c3)ccc2n1,0.7059
COc1cc(C(=O)NC2CNCCC2c2ccc(F)cc2)c(Cl)cc1-c1ccnn1C,0.7
Nc1ncnc(N2CCC(c3nc(-c4ccc(OC(F)(F)F)c(F)c4)cn3CCN3CCC3)CC2)c1Cl,0.7887
CNC(=O)CCn1cc(-c2ccc(F)c(C(F)(F)F)c2)nc1C1CCN(c2ncnc(N)c2Cl)CC1,0.7436
Cn1ccc(-c2ccc(C(=O)NC3CNCCC3c3ccc(F)c(F)c3)c(F)c2)n1,0.7344
NC(=O)C(Cc1ccccc1)NC(=O)c1ccc(-c2ccnc3[nH]ccc23)s1,0.7
Cc1n[nH]c2ccc(-c3cncc(OCC(N)Cc4ccccc4Br)n3)cc12,0.7188
Cc1cc(-c2cn(CCN)c(C3CCN(c4ncnc(N)c4F)CC3F)n2)ccc1F,0.7333
Cn1c(CC(=O)N2CCc3c(F)cc(F)cc32)nc(N2CCOCC2)cc1=O,0.7869
COc1c(N)ncnc1N1CCC(c2nc(-c3ccc(F)cc3)cn2CCN2CCCC2)CC1,0.7761
CC1SCc2ncnc(N3CCN(C(=O)C(N)Cc4ccc(F)c(F)c4)CC3)c21,1
Cc1n[nH]c2ccc(-c3cncc(OCC(N)Cc4cccc(OCC(F)(F)F)c4)c3)cc12,0.8438
Cn1nccc1-c1ccc(Cl)c(C(=O)NC2CNCCC2c2ccc(Cl)c(F)c2)c1,0.8
Cn1nccc1-c1ccc(C(=O)NC2CNCC2c2ccc(F)c(Cl)c2)cc1F,0.7273
CC1(O)CC(N)(c2ccc(-c3nc4n(c3-c3ccccc3)COc3ccc(Cl)nc3-4)cc2)C1,0.8305
N#Cc1c(N)ncnc1N1CCC(c2nc(C(F)(F)F)cn2CCN2CCC2)CC1,0.7571
Cn1nccc1-c1csc(C(=O)NC2CNCCC2c2cccc(F)c2)c1,0.75
CCc1c(N)ncnc1N1CCC(c2nc(-c3ccc(-c4cnn(C)c4Cl)cc3)cn2CCN2CCC2)CC1,0.726
Cn1nccc1-c1ccc(C(=O)NC2CNCCC2c2ccccc2)cn1,0.7619
O=C(CCCc1nc(N2CCOCC2)cc(=O)[nH]1)N1CCc2c(F)cccc21,0.8033
O=C(Nc1ccc(-c2nnc3n2-c2cccnc2Nc2ccccc2-3)cc1)C1(c2ccccc2)CC1,0.7258
CNc1cc(-c2cn(CCN3CCC3)c(C3CCN(c4cc(N)ncn4)CC3)n2)ccc1F,0.791
O=C(NC(c1ccc(F)c(F)c1)C1CCNCC1)c1ccc(Cl)c(F)c1,0.7119
Cn1nccc1-c1ccc(C(=O)NC2CNCCC2c2cccc(F)c2)c(Cl)c1,0.8571
Cc1cc(-c2cn(CCN3CCCC3)c(C3CCN(c4ncnc(N)c4Cl)CC3)n2)ccc1F,0.8636
CCC(N)COc1cncc(-c2ccc3[nH]nc(-c4ccccc4)c3c2)c1,0.7097
NC1(c2ccc(-c3nc4n(c3-c3ccccc3)COc3ccncc3-4)cc2)CCC1,1
Cn1nccc1-c1ccc(C(=O)NC2CNCCC2c2cc(F)cc(F)c2)c(F)c1,1
Cc1cc(-c2cn(CCN(C(C)C)C(C)C)c(C3CCN(c4ncnc(N)c4OC(C)C)CC3)n2)ccc1F,0.8767
CN(C)CCn1cc(-c2ccc(F)c(C(F)(F)F)c2)nc1C1CCN(c2ncnc(N)c2O)CC1F,0.8442
NC(Cc1ccc(F)c(F)c1)C(=O)N1CCN(c2ncnc3c(Br)cccc23)CC1,0.7419
NC(=O)c1c(N)ncnc1N1CCC(c2nc(-c3ccc(F)c(C(F)(F)F)c3)cn2CC2CCCNC2)CC1,0.8831
Cc1cccc2c(N3CCN(C(=O)C(N)Cc4ccc(C(F)(F)F)cc4)CC3)ncnc12,0.7377
CCN(CC)c1cc(-c2cn(CCN3CCC3)c(C3CCN(c4ncnc(N)c4Cl)CC3)n2)ccn1,0.7568
Cn1nccc1-c1cnc(Cl)c(C(=O)NC2CNCCC2c2ccc(F)c(Cl)c2)c1,0.7183
NC(=O)c1c(N)ncnc1N1CCC(c2nc(-c3ccc(F)nc3)cn2CCN2CCC2)CC1,0.7808
O=C(NC1CNCCC1c1cccc(F)c1)c1ccc(-c2cccc(F)c2)cn1,0.7302
Cn1nccc1-c1cc(C(=O)NC2CNCCC2c2cncc(F)c2)ccc1F,0.7424
CNCCNC(=O)Cn1cc(-c2ccc(F)c(C(F)(F)F)c2)nc1C1CCN(c2ncnc(N)c2F)CC1,0.7195
Cn1c(CC(=O)N2CCc3c(F)cccc32)nc(N2CCOCC2)c(F)c1=O,0.7188
NCCNC(=O)c1cccn2c(-c3ccccc3)c(-c3ccc(C4(N)CCC4)cc3)nc12,0.7333
Nc1ncnc(N2CCC(c3nc(-c4cccc(CO)c4)cn3CCN3CCC3)CC2)c1Cl,0.7714
NC1(c2ccc(-c3nc4n(c3-c3ccccc3)COc3ccc(CO)cc3-4)cc2)CCC1,0.7969
O=C(NC1CCCNC1c1ccc(F)c(F)c1)c1ccc2c(c1)OCCn1nccc1-2,0.7324
Cc1n[nH]c2ncc(-c3cc(OCC(N)Cc4c[nH]c5ccccc45)cnc3-c3ccoc3)nc12,1
COc1ccccc1C1CCNCC1NC(=O)c1ccc(-c2c(Br)cnn2C)o1,0.7
NC1(c2ccc(-c3nnc4n3-c3cccnc3Nc3ccccc3-4)cc2)CCN(C2CCC2)CC1,0.7931
Cn1ccc(C2CCNCC2NC(=O)c2ccc(-c3c(Br)cnn3C)o2)n1,0.7463
Cn1ncc(Br)c1-c1ccc(C(=O)NC2CNCCC2c2cccnc2)cc1,0.7164
NC(=O)c1c(N)ncnc1N1CCC(c2nc(-c3cccc(C(F)(F)F)c3)cn2CCN2CCCC2)CC1,1
Cc1nc(N)nc2c1nc(-c1ccc(-c3cnn(C)c3)cc1)c(=O)n2C1CCC(O)CC1,0.7167
Cn1cc(-c2cc(C(=O)NC(CN)Cc3ccc(F)c(F)c3)oc2Cl)cn1,0.7273
CCN(CC)CCn1cc(-c2ccc(F)c(F)c2)nc1C1CCN(c2ncnc(N)c2C#N)CC1,0.8873
CSCCC(NC(=O)C1(N)CCN(c2ncnc3[nH]ccc23)CC1)c1ccc(Cl)cc1,0.8154
NC(=O)c1c(N)ncnc1N1CCC(c2nc(-c3ccc(F)cc3)cn2CCN2CCCC2)CC1,0.8028
CCCNCCn1cc(-c2ccc(F)c(F)c2)nc1C1CCN(c2ncnc(N)c2C(N)=O)CC1,0.7692
CCn1cc(-c2ccc(F)c(C)c2)nc1C1CCN(c2ncnc(N)c2C(N)=O)CC1,0.8529
CCc1c(N)ncnc1N1CCC(c2nc(-c3ccc(F)c(F)c3)cn2CCN2CCC2)CC1,1
O=C(NC1CNCCC1c1ccc(F)c(F)c1)c1ccc2c(c1)OCCn1cccc1-2,0.7681
Cn1cc(-c2n[nH]c3cnc(-c4cncc(OCC(N)Cc5ccccc5)c4)cc23)cn1,0.7903
CNC(=O)c1cc(C)c2nc(-c3ccc(C4(N)CCC4)cc3)c(-c3ccccc3)n2c1,0.8136
Cc1n[nH]c2ccc(-c3cncc(OCC(N)Cc4cscn4)c3)cc12,0.7049
Cn1ncc(Cl)c1-c1ccc(C(=O)NC2CNCCC2c2ccc(F)c(F)c2)cn1,0.803
O=C(NCc1cccnc1)Nc1nc(-c2ccncc2)cs1,0.7255
CC(N)COc1cncc(-c2ccc3c(c2)C(=Cc2ccc[nH]2)C(=O)N3)c1,0.7727
O=C(NC1CNCCC1c1cccnc1)c1ccc2c(c1)OCCn1nccc1-2,0.7647
Cn1nccc1-c1ccc(C(=O)NC2CNCCC2c2ccco2)s1,0.7077
Cn1nccc1-c1ccc(C(=O)NC2CNCCC2c2cncc(F)c2)c(F)c1,0.8525
Cn1ncc(Br)c1-c1cc(C(=O)NC2CNCCC2c2cccc(F)c2)no1,0.7222
Cn1nccc1-c1cc(C(=O)NC2CNCCC2c2ccc(F)cc2)c(F)c(Cl)c1Cl,0.7424
NC1(c2ccc(-n3c(-c4ccncc4)nc4ccc(-c5ccccn5)nc43)cc2)CCC1,0.7222
Cc1n[nH]c2ccc(-c3cncc(OCC(N)Cc4c(F)cc(F)cc4CN)c3)cc12,0.8667
CCN(CC)CCn1cc(-c2ccc(F)c(C)c2)nc1C1CCN(c2ncnc(N)c2C(N)=O)CC1,1
NC(COc1cncc(-c2ccc3[nH]nc(F)c3c2)c1)Cc1ccccc1,0.7097
CCN(CC)CCn1cc(-c2ccc(F)c(F)c2)nc1C1CCN(c2ncnc(N)c2F)CC1,0.75
Nc1ncnc(N2CCC(c3nc(-c4cc(F)c(F)c(F)c4)cn3CCN3CCC3)CC2)c1Br,0.8154
CC1CCC(N)(c2ccc(-c3nc4n(c3-c3ccccc3)COc3ccc(C(N)=O)cc3-4)cc2)C1,0.7465
NCC(Nc1ncnc2c(C(N)=O)cccc12)c1cccc(F)c1,0.8148
O=C(NC1(c2ccc(-c3nnc4n3-c3cccnc3Nc3ccccc3-4)cc2)CCNC1)c1ccccc1,0.8308
CNCCn1cc(-c2ccc(F)c(C)c2)nc1C1CCN(c2ncnc(N)c2OC)CC1,0.7703
NC1(c2ccc(-c3nc4c(F)cc(Cl)cn4c3-c3ccccc3)cc2)CCC1,0.84
NC1(c2ccc(-c3nc4n(c3-c3ccccc3)COc3cccc(F)c3-4)cc2)CCC1,1
CCc1c(N)ncnc1N1CCC(c2nc(-c3ccc(F)c(Cl)c3)cn2CCN2CCC2)CC1,1
Cc1cccc(NC(=O)NCc2nc(N3CCOCC3)cc(=O)[nH]2)c1,0.7627
Cn1nccc1-c1ccc(C(=O)NC2CNCCC2c2cncc(Cl)c2)cn1,0.7463
CC(=O)N(C)CCn1cc(-c2ccc(F)c(C)c2)nc1C1CCN(c2ncnc(N)c2Br)CC1,0.7368
O=C(Nc1csc(-c2nncn2C2CC2)n1)c1cc(-n2cnc(C3CC3)c2)c(N2CCCC(O)C2)cn1,0.8272
Cn1ncc(-c2ccc(C(=O)NC3CNCCC3c3cccc(F)c3)cc2)c1C(F)(F)F,0.7391
Nc1cc(N2CCC(c3nc(-c4cccc(Br)c4)cn3CCN3CCC3)CC2)ncn1,0.7164
CN(C)CCn1cc(-c2ccc(F)c(F)c2)nc1C1CCN(c2ncnc(N)c2C(=O)NN)CC1,0.7632
Cn1ncc(Br)c1-c1ccc(C(=O)NC2CNCCC2c2ccc(F)cc2F)s1,0.7971
Cc1ncc(C2CCNCC2NC(=O)c2ccc(-c3c(Br)cnn3C)o2)cn1,0.7846
Cn1ncc(Cl)c1-c1ccc(C(=O)NC2CNCCC2c2cccc(C(F)(F)F)n2)o1,0.7143
Nc1ncnc(N2CCC(c3nc(-c4ccc(F)c(C(F)(F)F)c4)cn3CCNCC3CC3)CC2)c1F,0.8289
Nc1cc(N2CCC(c3nc(-c4cnc(F)c(F)c4)cn3CCN3CCC3)CC2)ncn1,0.7692
Cc1c[nH]c2ncnc(N3CCC(N)(CNC(=O)c4cccc(F)c4F)C3)c12,0.873
Nc1ncnc(N2CCC(c3nc(-c4ccnc(C(F)(F)F)c4)cn3CCN3CCC3)CC2)c1F,0.8406
Nc1cc(N2CCC(c3nc(-c4ccc(Cl)c(F)c4)cn3CCN3CCC3)CC2)ncn1,0.8281
O=C(Nc1nc2ccc(-c3cnc(Cl)c(NS(=O)(=O)c4ccccc4)c3)cc2s1)C1CC1,0.8065
Cn1ncc(-c2ccc(C(=O)NC3CNCCC3c3cccc(F)c3)s2)c1Br,0.7971
NC(COc1cncc(-c2cncc(-c3ccncc3)c2)c1)Cc1c[nH]c2ccccc12,0.7759
NC(=O)c1cc(Br)cn2c(-c3ccccc3)c(-c3ccc(C4(N)CCC4)cc3)nc12,0.7333
COc1cc(N2CCC(c3nc(-c4ccc(F)c(F)c4)cn3CCN3CCC3)CC2)ncn1,0.7463
O=C(NC1CNCCC1c1ccncc1)c1ccc(-c2cn[nH]c2)o1,0.8246
Nc1ncnc(N2CCC(c3nc(-c4ccc(F)c(C(F)(F)F)c4)cn3CC(=O)NCC3CCNCC3)CC2)c1Cl,0.7229
Cn1nccc1-c1ccc(C(=O)NC2CNCCC2c2ccn(C)c(=O)c2)cc1,0.7344
O=C(NC1CNCCC1c1ccc(OC(F)F)nc1)c1cc2c(s1)CCCn1ncc(Br)c1-2,0.7375
Cn1ncc(-c2ccc(C(=O)NC3CNCCC3c3ccc(F)c(F)c3)c(F)c2)c1Br,0.7313
NC(=O)c1ccnc2c(NC(CN3CCCC3)c3ccccc3)ncnc12,0.7627
Cc1n[nH]c2ncc(-c3cccc(OCC(N)Cc4c[nH]c5ccccc45)c3)cc12,0.7231
COc1ncc(-c2cc3c(C)nc(N)nc3n(C3CCN(S(N)(=O)=O)CC3)c2=O)cc1F,0.7183
CCN(CC)CCn1cc(-c2ccc(F)c(OC)c2)nc1C1CCN(c2ncnc(N)c2C(N)=O)CC1,0.8312
Cc1nc(N)nc2c1nc(-c1ccc(-c3cnn(C)c3)cc1)c(=O)n2C1CCC(OCCO)CC1,0.75
O=C(NC(c1ccc(Cl)c(F)c1)C1CCNCC1)c1ccc(Cl)c(F)c1,0.75
O=C(NC(c1ccc(Cl)c(F)c1)C1CCCN1)c1ccc2cnccc2c1,0.75
NC(Cc1ccc(Cl)cc1)C(=O)N1CCN(c2ncnc3cc(F)ccc23)CC1,1
NC1(c2ccc(-c3nc4cc(C(=O)c5cccc(F)c5)ccn4c3-c3ccccc3)cc2)CCC1,0.7544
Cc1n[nH]c2cnc(-c3cncc(OCC(N)Cc4cccc(C(F)(F)F)c4)c3)nc12,0.7647
NC(=O)c1cccnc1N1CCC(c2nc(-c3ccnc(C(F)(F)F)c3)cn2CCN2CCC2)CC1,0.7403
NC1(c2ccc(-c3nc4cc(F)ccn4c3Br)cc2)CCC1,0.7059
COCC1CN(c2cc(=O)[nH]c(CC(=O)Nc3ccc(F)cc3F)n2)CCO1,0.7015
NC1(C(=O)NCc2ccc(Cl)c(Cl)c2)CCN(c2ncnc3[nH]ccc23)CC1,0.807
Nc1cccnc1N1CCC(c2nc(-c3cccc(F)c3)cn2CCN2CCC2)CC1,0.7042
COc1ccc(CC(N)COc2cncc(-c3ccc4[nH]nc(C)c4c3)c2)cn1,0.7541
Nc1ncnc(N2CCC(c3nc(-c4cncc(Cl)c4)cn3CCN3CCC3)CC2)c1F,0.7971
Cc1cc(F)nc(-c2ccc(C(=O)NC3CNCCC3c3cccc(F)c3)s2)c1,0.7101
Cc1cccc(NC(=O)Nc2ccc(-c3nnc4n3-c3cccnc3Nc3ccccc3-4)cc2)c1,0.7188
CNC(=O)c1cccc2c(NC(CN3CCCCC3)c3ccc(F)c(F)c3)ncnc12,0.7656
CNCCn1cc(-c2ccnc(C(F)(F)F)c2)nc1C1CCN(c2ncnc(OC)c2Cl)CC1,0.8082
Cn1ncc(Cl)c1-c1ccc(C(=O)NC2CNCCC2c2cccc(Br)c2)s1,0.8235
O=C(NC1CNCCC1c1nccs1)c1ccc2c(c1)OCCn1ncc(Cl)c1-2,0.72
CCNC(=O)c1c(N)ncnc1N1CCC(c2nc(-c3ccc(F)c(F)c3)cn2CCN2CCC2)CC1,0.7368
CC(C)NC(=O)NC1(c2ccc(-c3nnc4n3-c3cccnc3Nc3ccccc3-4)cc2)CCC1,0.7612
Cn1c(CC(=O)N2CCc3c(F)cccc32)nc(N2CCOCC2)cc1=NC1CCCC1,0.7246
Cn1ncc(Cl)c1-c1ccc(C(=O)NC2CNCCC2c2ccc(F)nn2)o1,0.7692
Nc1ncnc(N2CCC(c3nc(-c4ccc(F)c(C(F)(F)F)c4)cn3CC(=O)NC3CC3)CC2)c1Cl,0.7089
Cn1nccc1-c1ccc(C(=O)NC2CNCCC2c2cccc(Br)c2)s1,0.8154
COc1c(N)ncnc1N1CCC(c2nc(-c3ccc(-c4cnn(C)c4)cc3)cn2CCN2CCC2)CC1,0.7013
CNCCn1cc(-c2cnn(C)c2)nc1C1CCN(c2ncnc(N)c2C#N)CC1,0.726
CCc1c(N)ncnc1N1CCC(c2nc(-c3cccc(C#N)c3)cn2CCN2CCC2)C(F)C1,0.7143
Cc1cc(-c2cn(CCN(C)C(=O)C3CC3)c(C3CCN(c4ncnc(N)c4F)CC3)n2)ccc1F,0.7215
CCc1cncnc1N1CCC(c2nc(-c3ccc(F)c(C(F)(F)F)c3)cn2CCNC)CC1,0.7
NC(COc1cncc(-c2ccc3[nH]ncc3c2)c1)Cc1ccccc1Br,0.7258
NC(=O)c1c(N)ncnc1N1CCC(c2nc(-c3ccc(F)c(F)c3)cn2CCN2CCC2=O)CC1,0.7013
Cc1[nH]ncc1-c1cncc(OCC(N)Cc2c[nH]c3ccccc23)c1,0.7231
CCc1c(N)ncnc1N1CCC(c2nc(-c3ccccc3)cn2CCN2CCCC2)CC1,0.8413
CCOc1ncc(-c2ccnn2C)cc1C(=O)NC1CNCCC1c1cccc(F)c1,0.7123
NC(=O)c1cccnc1N1CCC(c2nc(-c3ccc(F)c(OC(F)F)c3)cn2CCN2CCCC2)CC1,0.7229
Cn1nccc1-c1ccc(C(=O)NC2CNCCC2c2cncc(F)c2)cc1F,0.8548
CC(=O)N(C)c1nc2ccc(-c3cnc(Cl)c(NS(=O)(=O)c4ccccc4)c3)cc2s1,0.7231
Cc1ccccc1C(=O)Nc1ccc(-c2nnc3n2-c2cccnc2Nc2ccccc2-3)cc1,0.7797
CN(C)CCn1cc(-c2cccc(F)c2)nc1C1CCN(c2ncnc(N)c2Br)CC1,0.7826
CC1COCCN1c1cc(=O)n(C)c(CC(=O)N2CCc3c(F)cccc32)n1,0.7692
Cn1nccc1-c1ccc(C(=O)NC2CNCC2c2ccc(F)c(F)c2)cc1Cl,0.7273
NC1(c2ccc(-c3nc4n(c3-c3ccccc3)COc3ccc(F)cc3-4)cc2)CC(O)C1,0.7656
CNC(=O)c1c(N)ncnc1N1CCC(c2nc(-c3ccc(F)c(Cl)c3)cn2CCN(C)C)CC1,0.725
Nc1ncnc(N2CCC(c3nc(-c4cccc(F)c4)cn3CCC(=O)NC3CCCCC3)CC2)c1Cl,0.7143
COc1cc(-c2cncc(OCC(N)Cc3c[nH]c4ccccc34)c2)ccc1F,0.7121
Cn1nccc1-c1ccc(C(=O)NC2CNCCCC2c2ccc(F)cc2)cc1F,0.7812
Cn1ncc(Cl)c1-c1ccc(C(=O)NC2CNCC2c2cccc(Cl)c2)cc1,0.7121
Cn1nccc1-c1ccc(C(=O)NC2CNCCC2c2ccncc2)cc1,0.75
Cc1cn(-c2cc(C(=O)Nc3csc(-c4nncn4C4CC4)n3)ncc2N2CCN(C)CC2)cn1,0.7436
Cn1nccc1-c1ccc(C(=O)NC2CNCCC2c2ccccc2)c(F)c1,0.8333
CC(C)NCCn1cc(-c2cncc(F)c2)nc1C1CCN(c2ncnc(N)c2C(N)=O)CC1,0.7595
Nc1cc(N2CCC(c3nc(-c4ccnc(Cl)c4)cn3CCN3CCCC3)CC2)ncn1,0.7424
Cc1n[nH]c2cnc(-c3cncc(OCC(N)Cc4cccc(-c5cccnc5)c4)c3)cc12,0.7869
Nc1ncnc(N2CCC(c3nc(-c4ccnc(C(F)(F)F)c4)cn3CCN3CCC3)CC2)c1C(=O)NCc1ccncc1,0.7805
COc1cccc2c1-c1nc(-c3ccc(C4(N)CC(C)(O)C4)cc3)c(-c3ccccc3)n1CO2,0.8308
COc1cc(-c2cn(CCN3CCC3)c(C3CCN(c4ncnc(N)c4Cl)CC3)n2)ccc1F,0.8219
Cn1ncc(-c2ccc(C(=O)NC3CNCCC3c3cccc(F)c3)cc2)c1-c1ccc(F)cc1F,0.7536
CSc1ccc(-c2cn(CCN3CCC3)c(C3CCN(c4cc(N)ncn4)CC3)n2)cc1,0.7164
CC(=O)Nc1nc2ccc(-c3cnc(Cl)c(NS(=O)(=O)c4ccccc4)c3)cc2s1,1
CNC(=O)CCn1cc(-c2cccc(F)c2)nc1C1CCN(c2ncnc(N)c2Cl)CC1,0.7297
NC1(C(=O)NC(Cc2ccccn2)c2ccc(Br)cc2)CCN(c2ncnc3[nH]ccc23)CC1,0.7391
COc1c(N)ncnc1N1CCC(c2nc(-c3ccnc(SC)c3)cn2CCN2CCC2)CC1,0.7733
CCc1c(N)ncnc1N1CCC(c2nc(-c3ccnc(C(F)(F)F)c3)cn2CCNCC2CC2)CC1,0.8378
Cc1cnn2c1-c1cc(C(=O)NC3CNCCC3c3ccc(F)cc3)sc1CCC2,0.7162
CN(C)CCn1cc(-c2ccnc(C(F)(F)F)c2)nc1C1CCN(c2ncnc(N)c2Cl)CC1,0.8056
Cn1ncc(Cl)c1-c1cc(C(=O)NC2CNCCC2c2ccncc2)oc1Cl,0.8571
CONC(=O)c1c(N)ncnc1N1CCC(c2nc(-c3cccc(Cl)c3)cn2CCN2CCC2)CC1,0.7895
Cc1cn2c(-c3ccccc3)c(-c3ccc(C4(N)CCC4)cc3)nc2c(C)n1,1
CN(C)c1ccc(-c2cnc3cc(-c4ccccc4)c(-c4ccc(C5(N)CCC5)cc4)nn23)cn1,0.75
O=C(NC1CNCCC1c1ccc(F)c(F)c1)c1cc2c(s1)OCCn1nccc1-2,1
O=C(Nc1ccc(-c2nnc3n2-c2cccnc2Nc2ccccc2-3)cc1)c1cccs1,0.7541
NCCn1cc(-c2ccc(F)c(N)c2)nc1C1CCN(c2ncnc(N)c2C(N)=O)CC1,0.8261
Cn1nccc1-c1cc(F)c(C(=O)NC2CNCCC2c2ccc(F)c(F)c2)cn1,0.8
O=C(NCc1ccc(Cl)cc1)N1CCN(c2ncnc3[nH]ccc23)CC1,0.7193
Cc1c(Br)cccc1CC(N)COc1cncc(-c2cc3c(C)n[nH]c3cn2)c1,0.7656
CNC(=O)c1c(N)ncnc1N1CCC(c2nc(-c3cccc(Cl)c3)cn2CCN2CCCC2)CC1,0.8356
Cn1ncc(Cl)c1-c1cc(C(=O)NC2CNCCC2c2ccc(F)c(F)c2)oc1C1CC1,0.8406
Nc1ncnc(N2CCN(C(=O)C3(c4ccccc4)CCNCC3)CC2)c1Br,0.7
Cn1nccc1-c1sc(C(=O)NC2CNCCC2c2cccc(F)c2)cc1Cl,0.7536
CCCOc1ccc(C(CC)NC(=O)C2(N)CCN(c3ncnc4[nH]ccc34)CC2)cc1,0.7846
Cn1ncc(Br)c1-c1ccc(C(=O)NC2CNCCC2c2ccc(CO)o2)o1,0.7
Cc1n[nH]c2cnc(-c3cncc(OCC(N)Cc4cccc(C(C)C)c4)c3)cc12,0.8
Cn1ncc(-c2ccc(C(=O)NC3CNCCC3c3cc(F)cc(F)c3)c(F)c2)c1Cl,0.7273
COc1c(O)ccc2cc(-c3cncc(OCC(N)Cc4c[nH]c5ccccc45)c3)ccc12,0.7164
COc1ncc(-c2ccnn2C)cc1C(=O)NC1CNCCC1c1cccc(F)c1,0.7324
CCn1cc(-c2ccc(F)c(CCO)c2)nc1C1CCN(c2ncnc(N)c2C(N)=O)CC1,0.7333
O=C(NC1CNCCC1c1ccc(F)cn1)c1cc2c(s1)CCCn1ncc(Cl)c1-2,0.7632
CNC(=O)Cc1c(N)ncnc1N1CCC(c2nc(-c3ccc(F)c(C(F)(F)F)c3)cn2CCN2CCC2)CC1,0.7975
O=C(NC(c1cccnc1)C1CCNCC1)c1cccc(Cl)c1,0.7119
Cc1cn(-c2cc(C(=O)Nc3csc(-c4nncn4C4CC4)n3)ncc2N2CCN(C(=O)N3CCC3)CC2)cn1,0.7073
Cc1c[nH]c2ncnc(N3CCC(N)(C(=O)NC(CN)c4ccc(F)cc4)CC3)c12,0.7101
CCOc1c(N)ncnc1N1CCC(c2nc(-c3ccc(F)c(C(F)(F)F)c3)cn2CCNCCOC)C(F)C1,0.7791
NC(=O)c1ccc2c(c1)OCn1c-2nc(-c2ccc(C3(N)CCC3)cc2)c1-c1ccccc1,0.8
Cn1ncc(Cl)c1-c1oc(C(=O)NC2CNCCC2c2cccc(C(N)=O)c2)cc1Br,0.7639
Cn1nccc1-c1ccc(C(=O)NC2CNCC2c2ccc(F)c(Br)c2)cc1F,0.7273
NC1CCN(C(=O)c2ccc3nc(-c4ccccc4)c(-c4ccc(C5(N)CCC5)cc4)n3c2)C1,0.7097
CCN(C)CCn1cc(-c2ccc(F)c(C)c2)nc1C1CCN(c2ncnc(N)c2OC)CC1,0.7867
Cc1n[nH]c2ccc(-c3cncc(OCC(N)Cc4cccc(-c5ncco5)c4)c3)cc12,0.7206
COc1c(N)ncnc1N1CCC(c2nc(-c3ccc(F)c(C)c3)cn2CCNC(C)=O)CC1,0.7215
Cc1[nH]nc2ccc(-c3cncc(OCC(N)Cc4ccc(F)cc4F)c3)cc12,0.7742
Cn1nccc1-c1cnnc(C(=O)NC2CNCCC2c2cccc(F)c2)c1,0.791
Cn1nccc1-c1ccc(-c2cn(CCN3CCC3)c(C3CCN(c4cc(N)ncn4)CC3)n2)cc1F,0.7361
CN(C)c1ncc(-c2cncc(OCC(N)Cc3c[nH]c4ccccc34)c2)cn1,0.7385
O=C(NC(c1cccc(Cl)c1)C1CCNCC1)c1ccc(-c2cccnc2)cc1,0.7097
NC(=O)c1ccc(-n2c(-c3cccnc3N)nc3ccc(-c4ccccc4)nc32)cc1,0.7193
Cn1ncc(Cl)c1-c1ccc(C(=O)NC2CNCCC2c2ccc(F)c(Cl)c2)cn1,0.7246
Cc1n[nH]c2ccc(-c3cncc(OCC(N)Cc4cc(F)cc(F)c4F)c3)cc12,0.8333
Cc1ccsc1C1CCNCC1NC(=O)c1ccc(-c2ccnn2C)cc1F,0.7164
Cn1nccc1-c1cc(F)c(C(=O)NC2CNCCC2c2ccccc2)c(F)c1,0.8167
Cn1ncc(Cl)c1-c1ccc(C(=O)NC2CNCC2c2ccc(Cl)cc2)o1,0.8475
Cn1nccc1-c1ccc(C(=O)NC2CNCCC2c2nc(F)ccc2F)s1,0.7121
COc1ccc(-c2cn(CCN3CCC3)c(C3CCN(c4ncnc(N)c4Cl)CC3)n2)cc1,0.7727
Cn1nccc1-c1c(C(=O)NC2CNCCC2c2ccc(F)c(F)c2)ccc(F)c1F,0.7937
Cn1ncc(Br)c1-c1ccc(C(=O)NC2CNCCC2c2ccccc2)cc1,0.7619
Cn1ncc(Br)c1-c1ccc(C(=O)NC2CNCCC2c2ccc(F)c(F)c2)s1,0.8088
Cc1cc(-c2cn(CCNC3CC3)c(C3CCN(c4ncnc(N)c4C#N)CC3)n2)ccc1F,0.9437
Cn1ncc(Cl)c1-c1ccc(C(=O)NC2CCNCC2c2cccc(F)c2)cc1,0.8889
NC(COc1cncc(-c2cccc3oc(=O)[nH]c23)c1)Cc1c[nH]c2ccccc12,0.7391
CC(C)C(CN)NC(=O)c1cc(Br)c(-c2ccnc3[nH]ccc23)s1,0.7097
O=C(Nc1csc(-c2nncn2C2CC2)n1)c1cc(-n2cnc(C3CC3)c2)c(N2CCC3(CC2)CC3)cn1,0.8947
Cn1ncc(Br)c1-c1ccc(C(=O)NC2CNCCC2c2nc(Br)cs2)o1,0.7
O=S(=O)(Nc1cc(-c2ccc3nccn3n2)cnc1Cl)c1cccc(Br)c1,0.7167
NC(=O)c1c(N)ncnc1N1CCC(c2nc(-c3cncc(OC(F)F)c3)cn2CCN2CCC2)CC1,0.7439
NC(COc1cnc(-c2ccoc2)c(-c2ccc3[nH]ncc3c2)c1)Cc1c[nH]c2ccccc12,0.7368
CC(C)N(C)CCn1cc(-c2ccc(F)c(NCC3CC3)c2)nc1C1CCN(c2ncnc(N)c2C(N)=O)CC1,0.8148
Cc1ccn2c(-c3ccccc3)c(-c3ccc(C4(N)CCC4)cc3)nc2c1C(F)(F)F,0.7091
NC1(c2ccc(-c3nc4c(C(=O)N5CCOCC5)cccn4c3-c3ccccc3)cc2)CCC1,0.7333
NC(COc1cncc(-c2ccc3cc(O)ccc3c2)c1)Cc1c[nH]c2ccccc12,0.8
Cc1ncc(CNC(=O)C2(N)CCN(c3ncnc4[nH]ccc34)CC2)cn1,0.7586
Cn1ncc(Cl)c1-c1ccc(C(=O)NC2CC2c2cccc(F)c2)cc1,0.7778
Cn1ncc(F)c1-c1ccc(C(=O)NC2CNCCC2c2ccc(F)c(F)c2)cc1,0.8525
CCC(NC(=O)c1ccc(-c2ccncc2)cc1)c1ccccc1,0.7619
Cc1n[nH]c2cnc(-c3cncc(OCC(N)Cc4ccc(F)c(C(F)(F)F)c4)c3)nc12,0.7536
CC(=O)N(C)CCn1cc(-c2ccc(F)c(C)c2)nc1C1CCN(c2ncnc(N)c2F)CC1,0.7403
CC1(O)CC(N)(c2ccc(-c3nc4ccc(Cl)cn4c3-c3ccccc3)cc2)C1,0.7358
NC(=O)c1c(N)ncnc1N1CCC(c2nc(-c3ccc(F)c(F)c3F)cn2CCN2CCCC2)CC1,0.7467
NC(=O)C(NC(=O)c1cc(Br)c(-c2ccnc3[nH]ccc23)s1)c1ccccc1,0.7541
NC1(c2ccc(-c3nc4c(C(=O)NC5CC5)cccn4c3-c3ccccc3)cc2)CCC1,0.7586
Cn1ncc(Br)c1-c1ccc(C(=O)NC2CNCCC2c2cccnc2)s1,0.7681
Cn1ncc(Cl)c1-c1ccc(C(=O)NC2CNCCC2c2cccs2)o1,0.7424
CN(C)CCn1cc(-c2ccc(F)c(F)c2)nc1C1CCN(c2cc(N)ncn2)CC1,0.7692
Cn1ncc(-c2ccc(C(=O)NC3CNCCC3c3ccc(F)c(Cl)c3)cc2)c1Cl,0.7206
Cn1nccc1-c1ccc(C(=O)NC2CNCCC2c2ccc(F)c(F)c2)cn1,1
COc1ccc(-c2cn(CCN3CCC3)c(C3CCN(c4ncnc(N)c4OC(C)C)CC3)n2)cc1,0.76
COc1cc(C(N)=O)c2nc(-c3ccc(C4(N)CCC4)cc3)c(-c3ccccc3)n2n1,0.7667
NC1(c2ccc(-c3nc4n(c3-c3ccccc3)COc3ccccc3-4)cn2)CCC1,0.75
CCC1CNCCC1NC(=O)c1ccc(-c2c(Cl)cnn2C)s1,0.7344
O=C(NC(c1ccc(Cl)c(F)c1Cl)C1CCNC1)c1ccc2cnccc2c1,0.7231
COc1cc(-c2cn(CCN)c(C3CCN(c4ncnc(N)c4C(N)=O)CC3)n2)ccc1F,0.863
N#Cc1c(N)ncnc1N1CCC(c2nc(-c3ccc(F)c(F)c3)cn2CCNC2CC2)CC1,0.8243
CC1(C)CN(C(=O)Cc2nc(=O)cc(N3CCOCC3)[nH]2)c2ccccc21,0.7419
Cc1cc(-c2cn(CCN(C)C(C)C)c(C3CCN(c4ncnc(N)c4Cl)CC3)n2)ccc1F,0.8133
Cn1ncc(Br)c1-c1cc(F)c(C(=O)NC2CNCCC2c2ccccc2)c(F)c1,0.8254
Cn1nccc1-c1ccc(C(=O)NC2CNCC2c2ccc(Cl)c(Cl)c2)c(F)c1,0.7121
Cc1n[nH]c2ncc(-c3cncc(OCC(N)Cc4cccc(Cl)c4Cl)c3)cc12,0.8065
NC(COc1cncc(-c2ccc3[nH]nc(-c4cncnc4)c3c2)c1)Cc1ccccc1F,0.7077
COCC(CO)NCCn1cc(-c2ccc(F)c(C(F)(F)F)c2)nc1C1CCN(c2ncnc(N)c2F)CC1,0.7222
CCCOc1c(N)ncnc1N1CCC(c2nc(-c3ccc(F)c(C)c3)cn2CCNC(C)C)CC1,0.75
CN(C)C(=S)c1c(N)ncnc1N1CCC(c2nc(-c3ccc(F)c(F)c3)cn2CCN2CCCC2)CC1,0.7333
CSCC(NC(=O)C1(N)CCN(c2ncnc3[nH]ccc23)CC1)c1ccc(F)cc1,0.7619
NC1(c2ccc(-c3nc4cc(F)ccn4c3-c3ccccc3)cc2)CCC1,1
Nc1cc(N2CCC(c3nc(-c4cc(F)ccc4F)cn3CCN3CCC3)CC2)ncn1,0.7424
O=C(Nc1csc(-c2nncn2C2CC2)n1)c1cc(-n2cnc(C3CC3)c2)c(N2CCC(F)C2)cn1,0.9306
CC(N)Cn1cc(-c2ccc(F)c(F)c2)nc1C1CCN(c2ncnc(N)c2Cl)CC1,0.7391
Cn1ncc(Br)c1-c1ccc(C(=O)NC2CNCCC2NC(=O)c2ccc(F)cc2)cc1,0.7031
NC(COc1cncc(-c2ccc3c(c2)CC(=O)N3)c1)Cc1c[nH]c2ccc(Br)cc12,0.8088
Nc1ncnc(N2CCC(c3nc(-c4ccc(F)c(F)c4)cn3CCO)CC2)c1C(=O)NC1CC1,0.7105
CN(C)C(=O)c1cccn2c(-c3ccccc3)c(-c3ccc(C4(N)CCC4)cc3)nc12,0.7857
O=C(Cc1nc(N2CCOCC2)cc(=O)[nH]1)Nc1ccc(F)c(F)c1F,1
Nc1ncnc(N2CCC(c3nc(-c4ccc(F)cc4)cn3CCN3CCCC3)CC2)c1C1CCC1,1
O=C(Cc1nc(N2CCOCC2)cc(=O)[nH]1)Nc1ccc(-c2ccccc2)cc1,0.7241
Cc1n[nH]c2ccc(-c3cncc(OCC(N)Cc4cccc(F)c4)c3)nc12,0.7937
O=C(NC1CNCCC1c1ccc(F)cc1)c1cc(-c2ccn[nH]2)ccc1F,0.7541
O=C(Nc1ccc(-c2nnc3n2-c2cccnc2Nc2ccccc2-3)cc1)c1cc(F)c(F)cc1F,0.7419
NC(=O)c1cccc2c(NC(CN3CCNCC3)c3ccc(F)cc3)ncnc12,0.8448
Cc1cc(-c2cn(CCN3CC(C)C3)c(C3CCN(c4cc(N)ncn4)CC3)n2)ccc1F,0.7246
Cn1ncc(Cl)c1-c1ccc(C(=O)NC2CNCCC2c2ccccn2)o1,0.7576
Cn1ncc(Cl)c1-c1ccc(C(=O)NC2CNCCC2c2ccc(Cl)c(F)c2)s1,0.8088
Fc1ccc(-c2cn(CCN3CCCC3)c(C3CCN(c4ncnc(Cl)c4F)CC3)n2)cc1F,0.7879
O=C(NC1CNCCC1c1cccc(F)c1)c1ccc2c(c1)OCCn1nccc1-2,0.8615
NC1(c2ccc(-c3nc4ccc(C(F)(F)F)cn4c3-c3ccccc3)cc2)CCC1,0.717
CC(=O)Nc1cccc(-c2ccc3nc(-c4cccnc4N)n(-c4ccc(C5(N)CCC5)cc4)c3n2)c1,1
NCC(NC(=O)c1ccc(-c2nonc2-c2ccncc2)cc1)c1ccccc1,0.8
NC(=O)c1c(N)ncnc1N1CCC(c2nc(-c3ccc(OC(F)(F)F)c(Cl)c3)cn2CCN2CCC2)CC1,0.7949
Cc1n[nH]c2ccc(-c3nnc(NCc4cccc(F)c4)s3)cc12,0.7627
CNC(=O)Cc1c(N)ncnc1N1CCC(c2nc(-c3ccc(F)c(F)c3)cn2CCN2CCC2)CC1,0.7838
CC1CC(F)(F)CC(N)(c2ccc(-c3nc4n(c3-c3ccccc3)COc3ccc(C(N)=O)cc3-4)cc2)C1,0.7397
O=C(NC1CNCCC1c1nccs1)c1ccc2c(c1)OCCn1nccc1-2,0.7143
Cc1ncc(-c2ccnn2C)cc1C(=O)NC1CNCCC1c1ccc(F)c(F)c1,0.7727
Cn1ncc(Br)c1-c1ccc(C(=O)NC2CNCCC2c2cccc(F)c2)n1C,0.7083
CN1CCC(Cn2cc(-c3ccc(F)c(C(F)(F)F)c3)nc2C2CCN(c3ncnc(N)c3C(N)=O)CC2)CC1,0.8933
NC(=O)c1c(N)ncnc1N1CCC(c2nc(-c3ccc(F)c(F)c3)cn2CCNCCC(F)(F)F)CC1,0.7531
COCCNCCn1cc(-c2ccc(F)c(C(F)(F)F)c2)nc1C1CCN(c2ncnc(N)c2F)CC1,0.8354
CCc1c(N)ncnc1N1CCC(c2nc(-c3ccc(F)c(Cl)c3)cn2CCNC(C)=O)CC1,0.7532
CN(C)CCn1cc(-c2ccc(F)c(C(F)(F)F)c2)nc1C1CCN(c2cc(N3CCCCC3)ncn2)CC1,0.7067
COc1cc(-c2ccnn2C)ccc1C(=O)NC1CNCCC1c1cccc(F)c1,0.7286
Cn1nccc1-c1ccc(F)c(C(=O)NC2CNCCC2c2ccoc2)c1,0.7121
CCOc1cc(-c2cn(CCN3CCC3)c(C3CCN(c4ncnc(N)c4C(N)=O)CC3)n2)ccc1F,0.88
NC(COc1cncc(-c2ccc3[nH]nc(-c4ccccc4)c3c2)c1)Cc1ccccc1,0.7719
NC(COc1cncc(-c2cncc(Br)c2)c1)Cc1c[nH]c2ccccc12,0.7167
CNCCn1cc(-c2ccc(F)c(C)c2)nc1C1CCN(c2ncnc(N)c2C)CC1,0.8143
CC1CN(c2cc(=O)[nH]c(CC(=O)Nc3cc(F)ccc3F)n2)CCO1,0.7937
Cn1nccc1-c1ccc(C(=O)NC2CNCC2c2ccncc2)cc1F,0.7031
Cn1nccc1-c1ccc(C(=O)NC2CNCCC2c2ccsn2)c(Cl)c1,0.7059
Cc1cc(-c2ccnn2C)ccc1C(=O)NC1CNCCC1c1cccc(F)c1,0.7612
Nc1ncnc(N2CCC(c3nc(-c4ccc(F)c(C(F)(F)F)c4)cn3CCNC(=O)C3CC3)CC2)c1F,0.7284
O=C(Cc1nc(=O)cc(N2CCOCC2)[nH]1)N1CCc2c(-c3ccccn3)cccc21,0.7647
Cc1n[nH]c2ccc(-c3cncc(OCC(N)Cc4cccc(-c5ncon5)c4)c3)cc12,0.7206
NC1(c2ccc(-c3nc4c(Cl)cccn4c3-c3ccccc3)cc2)CCC1,1
Cn1nccc1-c1ccc(C(=O)NC2CNCC2c2cncc(F)c2)c(Cl)c1,0.7576
CCc1c(N)ncnc1N1CCC(c2nc(-c3ccc(F)cc3)cn2CCN2CCCC2)CC1,1
NC(=O)Cn1cc(-c2ccc(F)c(C(F)(F)F)c2)nc1C1CCN(c2ncnc(N)c2Cl)CC1,0.7568
NC(COc1cncc(-c2ccc3cnccc3c2)c1)Cc1c[nH]c2ccc(F)cc12,0.7903
Cc1n[nH]c2ccc(-c3cncc(OCC(N)Cc4cccc(F)c4)n3)cc12,0.7231
CN(C)CCn1cc(-c2ccc(F)cc2)nc1C1CCN(c2ncnc(N)c2Cl)CC1,0.7692
Cn1ncc(-c2csc(C(=O)NC3CNCCC3c3cccc(F)c3)c2)c1Br,0.75
Cc1n[nH]c2ccc(-c3cncc(OCC(N)Cc4cc(Cl)cc(Cl)c4Cl)c3)cc12,0.8065
NC1(CNC(=O)c2ccc(F)cc2F)CCN(c2ncnc3[nH]cc(C4CCCC4)c23)C1,0.7606
Cc1ccc(C)c(CC(N)COc2cncc(-c3ccc4[nH]nc(C)c4c3)c2)c1,0.8305
Cn1nccc1-c1ccc(C(=O)NC2CNCC2c2cncc(F)c2)c(F)c1,0.75
CC1(O)CC(N)(c2ccc(-c3nc4n(c3-c3ccccc3)COc3cc(CO)ccc3-4)cc2)C1,1
Nc1ncnc(N2CCC(c3nc(-c4ccc(F)c(F)c4)cn3CCN3CCCC3)CC2)c1C(=O)NCCO,0.7037
CS(=O)(=O)Nc1ccc2ncnc(N3CCN(C(=O)C(N)Cc4ccc(Cl)cc4)CC3)c2c1,0.8125
Cn1ncc(Cl)c1-c1cc(F)c(C(=O)NC2CNCCC2c2cccc(F)c2)c(Cl)c1,0.7794
CC(=O)Nc1nc2ccc(-c3cnc(Cl)c(NS(C)(=O)=O)c3)cc2s1,0.7797
CN(C)Cc1ccc(C2CNCC2NC(=O)c2ccc(-c3c(Cl)cnn3C)o2)cc1,0.7015
Cn1ncc(-c2ccc(C(=O)NC3CNCCC3c3cc(F)cc(F)c3)cc2F)c1Cl,0.7273
Cn1nccc1-c1cc(C2CCNCC2NC(=O)c2ccc(F)c(F)c2)cnc1F,0.7727
Cn1cc(-c2ccc(F)c(F)c2)nc1C1CCN(c2ncnc(N)c2C(N)=O)CC1,0.7042
NC1(c2ccc(-c3nnc4n3-c3cccnc3Nc3cccnc3-4)cc2)CCC1,0.7925
Cc1nc(F)ccc1C1CCNCC1NC(=O)c1cc2c(s1)CCCn1ncc(Br)c1-2,0.7342
NC1(C(=O)NCc2ccc(-c3ccccc3)cc2)CCN(c2ncnc3[nH]ccc23)CC1,0.7895
Cn1ncc(Cl)c1-c1ccc(C(=O)NC2CNCCC2c2ccc(F)nc2)o1,0.8
Cc1cc(-c2cn(CC3CCCN3)c(C3CCN(c4ncnc(N)c4Cl)CC3)n2)ccc1F,0.7368
Cc1nc2ccc(-c3cnc(Cl)c(NS(=O)(=O)c4ccc(F)cc4)c3)cc2s1,0.7895
O=C(Nc1csc(-c2nncn2C2CC2)n1)c1ccc(N2CCOCC2)c(-n2cnc(C3CC3)c2)c1,0.7561
NC(=O)c1c(N)ncnc1N1CCC(c2nc(-c3ccc(F)c(F)c3)cn2CCN2CCCC2=O)CC1,0.7
Cn1ncc(-c2ccc(C(=O)NC3CNCCC3c3ccc(F)c(F)c3)cn2)c1C(F)(F)F,0.7286
NC(COc1cncc(-c2ccc3c(c2)OCO3)c1)Cc1ccc2[nH]ncc2c1,0.7015
COc1ccc(-c2cn(CCN3CCC3)c(C3CCN(c4ncnc(N)c4C)CC3)n2)cc1F,0.8108
CN(C)CCn1cc(-c2ccc(F)c(CCO)c2)nc1C1CCN(c2ncnc(N)c2C(N)=O)CC1,0.8158
Cc1ccccc1C(=O)NCC1(N)CCN(c2ncnc3[nH]cc(Br)c23)C1,0.7313
Nc1cc(N2CCC(c3nc(-c4ccc(F)c(F)c4)cn3CC3CCCN3)CC2)ncn1,0.7101
COc1nccn2c(-c3ccccc3)c(-c3ccc(C4(N)CCC4)cc3)nc12,0.7069
COC1(C)CC(N)(c2ccc(-c3nc4ccc(C(N)=O)cn4c3-c3ccccc3)cc2)C1,0.7288
Cn1nccc1-c1ccc(C(=O)NC2CNCCC2F)c(F)c1,0.75
Cc1nc(-c2cn(CCN3CCC3)c(C3CCN(c4ncnc(N)c4Br)CC3)n2)ccc1F,0.7714
Cc1n[nH]c2ccc(-c3cncc(OCC(N)Cc4ccc5ccccc5c4)c3)cc12,0.7705
Cc1cc(-c2cn(CCN3CCC3)c(C3CCN(c4ncnc(N)c4F)CC3(C)F)n2)ccc1F,0.7375
O=C(Cc1nc(N2CCOCC2)cc(=O)[nH]1)N1CCCC1c1ccc(F)cc1,0.7015
Cn1c(CC(=O)N2CCc3cc(F)c(F)cc32)nc(N2CCOCC2)c(F)c1=O,0.7213
NCCCNCCCCCC(NC(=O)C1(N)CCN(c2ncnc3[nH]ccc23)CC1)c1ccccc1,0.75
Cc1cc(C2CCNCC2NC(=O)c2ccc3c(c2)OCCn2nccc2-3)ccc1F,0.8657
Cc1cc(C2CCNCC2NC(=O)c2ccc(-c3c(Br)cnn3C)o2)ccc1F,0.7794
CC1CN(c2cc(=O)[nH]c(CC(=O)Nc3ccc(F)cc3Cl)n2)CCO1,0.7692
COc1cc(C(=O)NC2CNCCC2c2cccc(F)c2)ccc1-c1ccnn1C,0.7
Cc1cc(C2CCNCC2NC(=O)c2ccc(-c3ccnn3C)cc2)cs1,0.7077
Nc1cc(N2CCC(c3nc(-c4ccc(F)c(C(F)(F)F)c4)cn3CC(=O)N3CCOCC3)CC2)ncn1,0.7013
NCC(NC(=O)c1ccc(-c2cccnc2)cc1)c1ccccc1,0.7727
CNCC(Nc1ncnc2c(C(N)=O)ccnc12)c1cccc(Cl)c1F,0.7
Cc1n[nH]c2ncc(-c3cccc(OCC(N)Cc4cccc(Cl)c4)c3)cc12,0.7143
CCC(N)c1c(N)ncnc1N1CCC(c2nc(-c3ccc(F)c(F)c3)cn2CCN2CCC2)CC1,0.7778
CNC(=O)c1cn2c(-c3ccccc3)c(-c3ccc(C4(N)CCC4)cc3)nc2c(C)n1,0.7069
Cn1nccc1-c1ccc(C(=O)NC2CNCCC2c2ccc(Br)nc2)c(F)c1,0.7727
Cc1cc(-c2cn(CCCN(C)C)c(C3CCN(c4ncnc(N)c4Cl)CC3)n2)ccc1F,0.7432
NC(=O)c1cccc2c(NC(CN3CCC3)c3ccc(F)c(Br)c3)ncnc12,0.8525
CN1CCC(C(=O)N2CCN(c3ncnc4[nH]cc(Br)c34)CC2)(c2ccccc2)CC1,0.8136
Cc1nccn2c(-c3ccccc3)c(-c3ccc(C4(N)CCC4)cc3)nc12,0.7308
Cc1cc(-c2cn(CCN(C)C(F)F)c(C3CCN(c4ncnc(N)c4F)CC3)n2)ccc1F,0.7403
CC(C)C(N)COc1cncc(-c2ccc3c(c2)C(=Cc2ccc[nH]2)C(=O)N3)c1,0.7612
Cn1ncc(Br)c1-c1cc(F)c(C(=O)NC2CNCCC2c2cccnc2)cc1F,0.7826
N#Cc1c(N)ncnc1N1CCC(c2nc(C(=O)N3CCC3)cn2CCN2CCC2)CC1,0.7015
NC(=O)c1c(N)ncnc1N1CCC(c2nc(-c3ccco3)cn2CCN2CCCC2)CC1,0.7067
NC(COc1cncc(-c2cccc(S)c2)c1)Cc1c[nH]c2ccccc12,0.7097
Cc1cc(-c2cn(CC3CNC3)c(C3CCN(c4ncnc(N)c4C#N)CC3)n2)ccc1F,1
Cn1ncc(-c2ccc(C(=O)NC3CNCCC3c3cccc(F)c3)nc2)n1,0.7463
Cc1cc(NC(=O)Cc2nc(N3CCOCC3)cc(=O)[nH]2)ccc1F,0.8393
Cn1nccc1-c1ccc(C(=O)NC2CNCC2c2ccc(Cl)c(F)c2)cc1,0.7188
Cn1nccc1-c1ccc(C(=O)NC2CNCCC2c2ccc(F)c(Cl)c2)s1,0.8125
O=C(NC1CNCCC1c1ccc(F)c(F)c1)c1cc(-c2ccn[nH]2)ccc1F,0.8772
Cc1cc(-c2ccnn2C)ccc1C(=O)NC1CNCCC1c1ccc(F)cc1,0.7344
CN(C)c1ccc(-c2cn(CCN3CCCC3)c(C3CCN(c4ncnc(N)c4F)CC3)n2)cc1F,0.7397
O=C(Cc1nc(N2CCOCC2)c(F)c(=O)[nH]1)Nc1ccc(F)cc1F,0.7167
CC1COCCN1c1nc(N2CC(F)(C(N)=O)C2)nc2nc(-c3cccc(N)c3)ccc12,0.7424
Cn1nccc1-c1ccc(C(=O)NC2CNCCC2c2ccc(F)s2)nc1,0.7206
NC(=O)c1c(N)ncnc1N1CCC(c2nc(-c3ccc(F)c(OC(F)(F)F)c3)cn2CCN2CCNCC2)CC1,0.747
COC(=O)c1ccc2nc(-c3ccc(C4(N)CC(O)(C5CC5)C4)cc3)c(-c3ccccc3)n2c1,0.746
CCC1(O)CCC(N)(c2ccc(-c3nc4n(c3-c3ccccc3)COc3cc(C(=O)N(C)C)ccc3-4)cc2)C1,0.7838
Cn1nccc1-c1ccc(C(=O)NC2CNCCC2c2ccccc2F)cc1F,0.7656
CCSCCn1cc(-c2ccc(F)c(C(F)(F)F)c2)nc1C1CCN(c2cc(N)ncn2)CC1,0.7639
Cn1ncc(Br)c1-c1ccc(C(=O)NC2CNCCC2c2ccc(F)nc2)o1,0.7761
Nc1cc(N2CCC(c3nc(-c4ccc(F)c(C(F)(F)F)c4)cn3CC(=O)NCCN3CCCC3)CC2)ncn1,0.7532
CN(C)CCn1cc(-c2ccc(F)c(C(F)(F)F)c2)nc1C1CCN(c2ncnc(N)c2OC(F)F)CC1,0.8933
CNC(=O)c1c(N)ncnc1N1CCC(c2nc(-c3ccc(F)c(Cl)c3)cn2CCN)CC1,0.7273
NC(=O)CCn1cc(-c2ccc(F)c(F)c2)nc1C1CCN(c2cc(N)ncn2)CC1,0.7576
Cn1nccc1-c1ccc(C(=O)NC2CCNCC2c2ccc(Cl)c(Cl)c2)s1,0.7273
CNCCn1cc(-c2ccc(F)c(F)c2)nc1C1CCN(c2ncnc(N)c2C(F)(F)F)CC1,0.7143
Cc1[nH]nc2ccc(-c3cncc(OCC(N)Cc4cccc(F)c4F)c3)cc12,0.7742
Cc1ccc2nc(-c3ccc(C4(N)CCC4)cc3)c(-c3ccccc3)n2n1,0.7755
Cc1cc(C(F)(F)F)c2nc(-c3ccc(C4(N)CCC4)cc3)c(-c3ccccc3)n2c1,0.7636
CN(C)CC(NC(=O)c1ccc(-c2ccncc2)cc1)c1ccccc1,0.7111
O=C(Cc1nc(=O)cc(N2CCOCC2)[nH]1)N1CCc2c(Br)cccc21,0.7333
NC(=O)NCCCCn1cc(-c2ccc(F)c(C(F)(F)F)c2)nc1C1CCN(c2ncnc(N)c2F)CC1,0.7179
CCOc1c(N)ncnc1N1CCC(c2nc(-c3cccc(Br)c3)cn2CCN(C)C)CC1,0.7467
Cn1ncc(Cl)c1-c1ccc(C(=O)NC2CNCCC2c2cc(F)cc(F)c2)cc1,0.8548
Cn1nccc1-c1ccc(C(=O)NC2CNCCC2c2cccc(C(F)(F)F)c2)cc1,0.7273
Nc1cc(N2CCC(c3nc(-c4ccc(F)c(CO)c4)cn3CCN3CCC3)CC2)ncn1,0.8154
NC1(c2ccc(-c3nc4ccc(-c5ccc(F)cc5)nn4c3-c3ccccc3)cc2)CCC1,0.717
Nc1cc(N2CCC(c3nc(-c4ccc(F)c(C(F)(F)F)c4)cn3CCN3CCCC3)CC2)ncn1,0.9683
Cc1cc(-c2cn(CCN(C)C(C)C)c(C3CCN(c4ncnc(N)c4C(N)=O)CC3)n2)ccc1F,1
CN(C)CCC(Nc1ncnc2c(C(N)=O)ccnc12)c1ccc(C(F)(F)F)c(F)c1,0.7463
Cc1n[nH]c2ccc(-c3cncc(OCC(N)Cc4cccc(-c5nccs5)c4)c3)cc12,0.7206
O=C(N1CCN(c2ncnc3[nH]cc(Br)c23)CC1)C1(c2ccccc2)CCCCC1,0.8421
Cc1cc(-c2cn(CC3CCCN3C(C)C)c(C3CCN(c4ncnc(N)c4C(N)=O)CC3)n2)ccc1F,0.7439
Cc1n[nH]c2cnc(-c3cncc(OCC(N)Cc4ccccc4OC(F)(F)F)c3)cc12,0.803
Cc1ccc(-c2cn(CCN3CCC3)c(C3CCN(c4ncnc(N)c4F)CC3)n2)cc1F,0.8143
Cn1nccc1-c1ccc(C(=O)NC2CNCCC2c2ccccc2F)c(Cl)c1,0.7612
Nc1cc(N2CCC(c3nc(-c4ccc(F)c(F)c4)cn3CCNC(=O)CO)CC2)ncn1,0.7042
COc1ccc(-c2cn(CCN3CCC3)c(C3CCN(c4ncnc(Cl)c4Cl)CC3)n2)cc1F,0.7368
NC(=O)c1c(N)ncnc1N1CCC(c2nc(-c3ccc(F)c(Cl)c3)cn2CC2CC2)CC1,0.7945
Cc1c(F)cccc1C1CCNCC1NC(=O)c1cc(F)c(-c2ccnn2C)cc1F,0.7313
CC1CC(O)c2ncnc(N3CCN(C(=O)C(CNCC(F)(F)F)c4ccc(Cl)cc4)CC3)c21,0.7941
CC(=O)c1ccc(NC(=O)Cc2nc(N3CCOC(C)C3)cc(=O)[nH]2)cc1,0.8197
NC(COc1cncc(-c2ccc3[nH]nnc3c2)c1)Cc1cccc(Cl)c1,0.7031
O=C(Nc1ccc(-c2nnc3n2-c2cccnc2Nc2ccccc2-3)cc1)c1ccncc1,0.8909
NC(=O)c1c(N)ncnc1N1CCC(c2nc(-c3ccc(F)c(Cl)c3)cn2CC2CCNCC2)CC1,0.7436
COc1cccc(-c2cn(CCN3CCC3)c(C3CCN(c4ncnc(N)c4C(F)(F)F)CC3)n2)c1,0.7215
Nc1cc(N2CCC(c3nc(-c4ccc([N+](=O)[O-])cc4)cn3CCN3CCCC3)CC2)ncn1,0.7206
Cn1nccc1-c1ccc(C(=O)NC2CNCCC2c2ccoc2)cc1F,0.8095
COC(=O)NC1(c2ccc(-c3nnc4n3-c3cccnc3Nc3ccccc3-4)cc2)CCC1,0.7846
NC(COc1cnc(Cl)c(-c2ccccc2)c1)Cc1c[nH]c2ccccc12,0.7541
CNc1ncnc(N2CCC(c3nc(-c4ccc(F)c(F)c4)cn3CCN3CCC3)CC2)c1F,0.7083
Cn1ncc2cc(-c3cncc(-c4cncc(OCC(N)Cc5c[nH]c6ccccc56)c4)c3)ccc21,0.7015
CNc1ccc(-c2cc3c(C)nc(N)nc3n(C3CCC(OCO)CC3)c2=O)cc1,0.7424
NC1(c2ccc(-c3nc4c(Cl)ccnn4c3-c3ccccc3)cc2)CCC1,0.7091
Cc1cc(-c2cn(CCN(C)CCN(C)C)c(C3CCN(c4ncnc(N)c4Cl)CC3)n2)ccc1F,0.7467
CN1CC(C(NC(=O)c2ccc(-c3ccncc3)cc2)c2ccc(Cl)c(Cl)c2)C1,0.7241
COc1ncccc1-c1ccc(C(=O)NC2CNCCC2c2cccc(F)c2)nc1,0.7
Cc1c(-c2cc(C(=O)NC3CNCCC3c3ccc(F)c(F)c3)oc2Cl)cnn1C,0.7971
CN(C)c1ccc(-c2cn(CCN3CCC3)c(C3CCN(c4ncnc(N)c4F)CC3)n2)cc1F,0.7162
CS(=O)(=O)NCCn1cc(-c2ccc(F)c(C(F)(F)F)c2)nc1C1CCN(c2ncnc(N)c2F)CC1,0.7368
Cn1nccc1-c1cc(C(=O)NC2CNCCC2c2ccc(F)c(F)c2)no1,0.7231
Cc1cccc(C2CCNCC2NC(=O)c2ccc(-c3c(Cl)cnn3C)cn2)c1,0.7
Cc1c[nH]c2ncnc(N3CCC(N)(CNC(=O)c4c(F)cccc4F)CC3)c12,0.7385
Nc1cc(N2CCC(c3nc(-c4cc(F)cc(Br)c4)cn3CCN3CCCC3)CC2)ncn1,0.7313
CC(C)Oc1c(N)ncnc1N1CCC(c2nc(-c3cccc(F)c3)cn2CCN2CCC2)CC1,0.8
Cn1nccc1-c1ccc(NC2CNCCC2c2ccc(F)c(F)c2)cc1,0.7377
COc1ccc([N+](=O)[O-])cc1CC(N)COc1cncc(-c2ccc3[nH]nc(C)c3c2)c1,0.7647
Nc1ncnc(N2CCC(c3nc(-c4ccnc(F)c4)cn3CCN3CCC3)CC2)c1F,0.8088
Nc1ncnc(N2CCC(c3nc(-c4ccc(F)c(OC(F)F)c4)cn3CCN3CCC3)CC2)c1F,0.8158
CSc1ccc(-c2cn(CCN3CCC3)c(C3CCN(c4cc(N)ncn4)CC3)n2)cc1C,0.7
Nc1ncnc(N2CCC(c3nc(-c4ccc(F)c(F)c4)cn3CCN3CCCC3)CC2)c1[N+](=O)[O-],0.8243
Cn1nccc1-c1nnc(C(=O)NC2CNCCC2c2ccc(F)c(F)c2)o1,0.7121
NC1(c2ccc(-c3nc4n(c3-c3ccncc3)COc3ccccc3-4)cc2)CCC1,1
Cc1cc(-c2cn(CCN3CCC3)c(C3CCN(c4cc(Br)ncn4)CC3)n2)ccc1F,0.7429
Cn1ncc(Cl)c1-c1ccc(C(=O)NC2CNCCC2c2ccc(F)cn2)cc1,0.7206
Cc1ccc(CNC(=O)Nc2ccc(-c3nnc4n3-c3cccnc3Nc3ccccc3-4)cc2)cc1,0.75
COc1ncc(-c2cc3c(C)nc(N)nc3n(C3CCC(O)CC3)c2=O)cn1,0.7869
NC(=O)c1cccc(-c2cn(CCN3CCCC3)c(C3CCN(c4ncnc(N)c4F)CC3)n2)c1,0.72
O=C(NC1CNCCC1c1ccc(F)c(F)c1)c1ccc(-c2ncccc2F)nc1,0.7015
NC(=O)c1ccc(-c2cn(CCN3CCC3)c(C3CCN(c4ncnc(N)c4F)CC3)n2)cc1F,0.7403
CNCCn1cc(-c2ccc(F)c(C)c2)nc1C1CCN(c2ncnc(N)c2F)CC1F,0.8378
CN1CCN(CC(Nc2ncnc3c(C(N)=O)cccc23)c2ccc(F)cc2)CC1,0.8448
Cn1ncc(Br)c1-c1ccc(C(=O)NC2CNCC2c2cc(F)cc(F)c2)s1,0.7353
Nc1ncnc(N2CCC(c3nc(-c4ccccc4)cn3CCN3CCC3)CC2)c1[N+](=O)[O-],0.7333
NC1(c2ccc(-c3nnc4n3-c3cccnc3Nc3ccccc3-4)cc2)CCC2CCCN2C1,0.75
O=C(NC(Cc1ccccc1)c1ccccc1)c1ccc(-c2ccncc2)cc1,0.7442
Cc1n[nH]c2ccc(-c3cc(NCC(N)Cc4ccccc4)cnc3-c3ccoc3)cc12,0.7324
CCN(C)CCN(C)CCn1cc(-c2ccc(F)c(C(F)(F)F)c2)nc1C1CCN(c2ncnc(N)c2Cl)CC1,0.7436
Cc1on(C)c1-c1ccc(-c2cn(CCN3CCC3)c(C3CCN(c4cc(N)ncn4)CC3)n2)cc1F,0.726
CNCC(Nc1ncnc2c(C(N)=O)cccc12)c1cccc(-c2cccnc2)c1,0.7097
Cn1nccc1-c1ccc(F)c(C(=O)NC2CNCCC2c2ccc(F)nc2)c1,0.7164
Cn1ncc(-c2cc(C(=O)NC3CNCCC3c3ccc(F)cc3)oc2Cl)c1C(F)(F)F,0.7123
CC(C)NCCn1cc(-c2ccc(F)c(F)c2)nc1C1CCN(c2ncnc(N)c2C#N)CC1,0.8889
CC(C)NCC(C(=O)N1CCN(c2ncnc3c2C(C)CC3)CC1)c1ccc(F)cc1,0.8387
Cn1nccc1-c1cc(F)c(C(=O)NC2CNCCC2c2ccc(F)nc2)cc1Br,0.7
Nc1ncnc(N2CCC(c3nc(-c4cnc(F)c(Cl)c4)cn3CCN3CCC3)CC2)c1Cl,0.8143
Nc1ncnc(N2CCC(c3nc(-c4ccc(F)c(C(F)(F)F)c4)cn3CCCN3CCOCC3)CC2)c1Cl,0.8243
CC1SCc2ncnc(N3CCN(C(=O)C(N)CC(S)Cc4ccccc4)CC3)c21,0.7015
CNC(=O)c1ccc(-c2nnc3n2-c2cccnc2Nc2ccccc2-3)cc1,0.7759
COc1ccc(-c2cn(CCNCC3CC3)c(C3CCN(c4ncnc(N)c4C(N)=O)CC3)n2)cc1Cl,0.7439
Cc1n[nH]c2ncc(-c3cncc(OCC(N)Cc4cccc(F)c4F)c3)nc12,0.7121
Cc1n[nH]c2ccc(-c3cncc(OCC(N)Cc4cccc(-c5cnco5)c4)c3)cc12,0.7313
Cn1ncc(Br)c1-c1cc(F)c(C(=O)NC2CNCCC2c2ccc(Cl)cc2)cc1F,0.8615
NC(COc1cncc(-c2cn[nH]n2)c1)Cc1c[nH]c2ccccc12,0.7143
Cn1ncc(Cl)c1-c1ccc(C(=O)NC2CNCCC2c2ccccc2)s1,0.8667
Cc1ccc(CNC(=O)C2(N)CCN(c3ncnc4[nH]ccc34)CC2)cc1,0.8182
O=C(NC(=O)c1ccccc1F)Nc1ccc(-c2nnc3n2-c2cccnc2Nc2ccccc2-3)cc1,0.7031
Cn1ncc(Br)c1-c1ccc(C(=O)NC2CNCC2c2ccc(Cl)cc2)o1,0.8525
CN(C)c1ccc2nc(-c3ccc(C4(N)CCC4)cc3)c(-c3ccccc3)n2n1,0.7308
CNC(=O)c1c(N)ncnc1N1CCC(c2nc(-c3ccc(F)c(F)c3)cn2CCN(C)C)CC1,0.7532
NC1(C(=O)NCc2ccc(Cn3ccnc3)cc2)CCN(c2ncnc3[nH]ccc23)CC1,0.7419
O=C(NCCc1ccc(-c2nnc3n2-c2cccnc2Nc2ccccc2-3)cc1)c1ccccc1,0.7258
CC(=O)N(C)CCn1cc(-c2cccc(F)c2)nc1C1CCN(c2ncnc(N)c2Cl)CC1,0.72
CC(=O)N(C)CCn1cc(-c2ccc(F)c(F)c2)nc1C1CCN(c2cc(N)ncn2)CC1,0.7042
NC1(c2ccc(-c3nc4n(c3-c3ccccc3)COc3ccccc3-4)cc2)CCCC1,0.9583
NC(=O)c1cc2cc(-c3cncc(OCC(N)Cc4c[nH]c5ccccc45)c3)ccc2[nH]1,0.7059
Cn1ncc(Br)c1-c1ccc(C(=O)NC2CNCCC2c2ccoc2)cc1,0.7424
NC1(c2ccc(-c3nc4ccc(C(=O)NC5CCCCC5)cn4c3-c3ccccc3)cc2)CCC1,0.7333
Cn1ncc(-c2cccc(F)c2)c1-c1ccc(C(=O)NC2CNCCC2c2cccc(F)c2)cc1F,0.7042
CNCC(Nc1ncnc2c(C(N)=O)ccnc12)c1ccc(Cl)cc1,1
COC1CCN(CCn2cc(-c3ccc(F)c(C(F)(F)F)c3)nc2C2CCN(c3ncnc(N)c3F)CC2)CC1,0.8333
Cc1n[nH]c2ccc(-c3cncc(OCC(N)Cc4cc(F)ccc4N)c3)cc12,0.85
Cn1nccc1-c1ccc(C(=O)NC2CNCCC2c2ncc(F)cc2F)s1,0.7246
COc1n[nH]c2ccc(-c3cncc(OCC(N)Cc4ccccc4F)c3)cc12,0.7231
COc1ccc(C2CCNCC2NC(=O)c2cc3c(s2)OCCn2ncc(Br)c2-3)cn1,0.7662
Cn1ncc(-c2ccc(F)c(C(=O)NC3CNCCC3c3ccc(F)c(F)c3)c2)c1Cl,0.7
CN(C)CCn1cc(-c2ccc(F)c(C(N)=O)c2)nc1C1CCN(c2ncnc(N)c2O)CC1,0.7403
O=C(COc1ccccc1)Nc1ccc(-c2nnc3n2-c2cccnc2Nc2ccccc2-3)cc1,0.7258
COc1ccc(C2CCNCC2NC(=O)c2cc(-c3ccnn3C)ccc2F)cc1,0.7164
Cc1c[nH]c2ncnc(N3CCC(N)(CNC(=O)c4ccc(F)cc4F)CC3)c12,0.9032
Cn1ncc(Br)c1-c1ccc(C(=O)NC2CNCCC2c2cc(Br)no2)o1,0.7101
O=C(NC(c1ccc(F)c(F)c1)C1CCNCC1)c1ccc2cnccc2c1,0.8448
CC(=O)c1ccc(-c2cn(CCN3CCCC3)c(C3CCN(c4ncnc(N)c4F)CC3)n2)cc1F,0.72
Cc1n[nH]c2ccc(-c3cncc(OCC(N)Cc4cccc5cnccc45)c3)cc12,0.7385
NC(COc1cnc(-c2cccs2)c(-c2ccncc2)c1)Cc1ccccc1,0.7188
Cc1cc(-c2cn(CCN(C)C(C)C)c(C3CCN(c4ncnc(N)c4F)CC3)n2)ccc1F,0.8356
Cn1ncc(Br)c1-c1cc(F)c(C(=O)NC2CNCCC2c2cccc(F)c2)c(F)c1,0.8154
CCn1c(-c2nonc2N)nc2c(C#CC(C)(C)O)ncc(OCCCN)c21,1
O=C(NC1CNCCC1c1ccc(F)nc1)c1ccc2c(c1)-c1ccnn1CCO2,0.7123
NC1(c2ccc(-c3nnc4n3-c3cccnc3Nc3c(F)cccc3-4)cc2)CCC1,0.7241
COc1ccc(CC(N)COc2cncc(-c3ccc4[nH]nc(C)c4c3)c2)cc1F,0.8361
CC(C)Oc1cc(-c2cn(CCN3CCC3)c(C3CCN(c4ncnc(N)c4C#N)CC3)n2)ccc1F,0.8553
COc1cc(C(N)=O)cn2c(-c3ccccc3)c(-c3ccc(F)cc3)nc12,0.7167
CC(C(N)=O)n1cnnc1-c1nc(NC(=O)c2cc(-n3cnc(C4CC4)c3)c(N3CCN4CCCC4C3)cn2)cs1,0.8333
Nc1cc(N2CCC(c3nc(-c4ccc(O)cc4)cn3CCN3CCC3)CC2)ncn1,0.75
Cn1ncc(Br)c1-c1ccc(C(=O)NC2CNCCC2c2cncc(Br)c2)o1,0.7612
COc1ccc(CC(N)COc2cncc(-c3ccc4[nH]nc(C)c4c3)c2)cc1OC,0.7581
Cn1nc(-c2ccc(C(=O)NC3CNCCC3c3cccc(F)c3)s2)ccc1=O,0.7246
CCN(C)CCNCCn1cc(-c2ccc(F)c(C(F)(F)F)c2)nc1C1CCN(c2ncnc(N)c2F)CC1,0.7
Cn1nccc1-c1ccc(C(=O)NC2CNCCC2c2ccc(Br)cc2)nc1,0.7424
CN(C)CCNCCn1cc(-c2ccc(F)c(C(F)(F)F)c2)nc1C1CCN(c2ncnc(N)c2Cl)CC1,0.7342
NCCC(=O)Nc1ccc(-c2nnc3n2-c2cccnc2Nc2ccccc2-3)cc1,0.7333
O=C(NC1CNCC1c1ccc(F)cc1)c1ccc2c(c1)OCCn1nccc1-2,0.7424
Cc1cc(-c2cncc(OCC(N)Cc3c[nH]c4ccccc34)c2)cnc1N(C)C,0.7576
Nc1ncnc(N2CCC(c3nc(-c4ccc(F)c(F)c4)cn3CCN3CCCC3)CC2)c1C(=O)NCCN1CCCC1,0.7308
COc1ccc(-c2cncc(OCC(N)Cc3c[nH]c4ccccc34)c2)cc1F,0.7231
Cc1cc(-c2cncc(OCC(N)Cc3c[nH]c4ccccc34)c2)ccc1N,0.746
Nc1ncnc(N2CCC(c3nc(-c4ccc(C(F)(F)F)c(F)c4)cn3CCNCC3CC3)CC2)c1F,0.7375
CC1(O)CC(N)(c2ccc(-c3nc4n(c3-c3cccnc3)COc3ccc(C(N)=O)cc3-4)cc2)C1,0.8382
Cc1c(N)ncnc1N1CCC(c2nc(-c3ccc(F)c(N)c3)cn2CCNCC2CC2)CC1,0.7308
Cn1nccc1-c1cc(F)c(C(=O)NC2CNCCC2c2ccc(F)cc2)cc1F,1
NC(Cc1ccccc1F)C(=O)N1CCN(c2ncnc3ccccc23)CC1,0.7414
NC1(c2ccc(-n3c(-c4ccccn4)nc4ccc(-c5ccccc5)nc43)cc2)CCC1,0.82
Cc1n[nH]c2ccc(-c3cncc(OCC(N)Cc4c(F)cccc4Cl)c3)cc12,0.8814
NC1(c2ccc(-c3nc4cc(N=O)ccn4c3-c3ccccc3)cc2)CCC1,0.7222
CN(C)CCN(C)CCn1cc(-c2ccc(F)c(C(F)(F)F)c2)nc1C1CCN(c2cc(N)ncn2)CC1,0.7432
NC1(c2ccc(-c3nc4ccc(O)cn4c3-c3ccccc3)cc2)CCC1,0.76
Cc1cc(-c2cn(CC3CNC3)c(C3CCN(c4nccnc4C)CC3)n2)ccc1F,0.7183
Cc1cccc(-c2cn(CCN3CCC3)c(C3CCN(c4ncnc(N)c4Cl)CC3)n2)c1,0.7941
NC(COc1cncc(-c2ccc(-c3ccncn3)nc2)c1)Cc1c[nH]c2ccccc12,0.7077
Cc1n[nH]c2ccc(-c3cncc(OCC(N)Cc4ccc(Br)cc4F)c3)cc12,1
Cn1ncc(Cl)c1-c1cccc(C(=O)NC2CNCCC2c2ccc(F)cc2)c1,0.7353
COc1cccc(OC)c1C(=O)Nc1ccc(-c2nnc3n2-c2cccnc2Nc2ccccc2-3)cc1,0.7302
Cn1ccc(C2CCNCC2NC(=O)c2ccc(-c3ccnn3C)s2)c1,0.7619
CS(=O)(=O)c1ccc(-c2ccc3nc(-c4cccnc4N)n(-c4ccc(C5(N)CCC5)cc4)c3n2)cc1,0.7812
CNC(=O)c1cc(N2CCOCC2)c2nc(-c3ccc(C4(N)CCC4)cc3)c(-c3ccccc3)n2n1,0.7143
CCn1cc(-c2ccc(F)c(C(F)(F)F)c2)nc1C1CCN(c2ncnc(N)c2C#N)CC1,0.8676
Cn1ncc(Br)c1-c1ccc(C(=O)NC2CNCCC2c2cccc(F)n2)s1,0.7465
N#Cc1cc(-c2cn(CCN3CCC3)c(C3CCN(c4cc(N)ncn4)CC3)n2)ccc1F,0.791
Cc1n[nH]c2ccc(-c3cncc(OCC(N)Cc4cccc(-c5cscn5)c4)c3)cc12,0.7576
Cn1cc(-c2ccc3c(n2)-c2nc(-c4ccc(C5(N)CC(C)(O)C5)cc4)c(-c4ccccc4)n2CO3)cn1,0.7424
CNC(=O)c1ccc2c(c1)OCn1c-2nc(-c2ccc(C3CC3)cc2)c1-c1ccccc1,0.7
Cn1ncc(Br)c1-c1ccc(C(=O)NC2CNCC2c2ccc(Cl)cc2)s1,0.7077
Cn1nccc1-c1ccc(C(=O)NC2CNCCC2c2cccc(Br)c2)cc1F,0.7879
N#Cc1cccc(-c2cn(CCN3CCC3)c(C3CCN(c4ncnc(N)c4Cl)CC3)n2)c1,0.7606
NC1(c2ccc(-c3nc4ccc(C(=O)N5CCOCC5)cn4c3-c3ccccc3)cc2)CCC1,0.7458
CCN(C)CCn1cc(-c2ccc(F)c(C)c2)nc1C1CCN(c2ncnc(N)c2F)CC1,0.7534
COc1ccc(NC(=O)Cc2nc(N3CCOC(C)C3)cc(=O)[nH]2)cc1,0.8065
NC1(C(=O)NC(Cc2ccccc2)c2ccc(Cl)cc2)CCN(c2ncncc2Cl)CC1,0.7206
NC(COc1cncc(-c2ccc(F)cc2)c1)Cc1c[nH]c2ccccc12,0.7541
CNC(=O)c1cccc(-c2cn(CCN3CCC3)c(C3CCN(c4ncnc(N)c4C#N)CC3)n2)c1,0.75
Cn1nccc1-c1cccc(NC(=O)NC2CNCCC2c2ccc(F)c(F)c2)c1,0.7164
NC1(c2ccc(-c3nc4ccc(Cl)nn4c3-c3ccccc3)cc2)CCC1,1
O=C(NC1CNCCC1c1ccc(C(F)(F)F)nc1)c1cc2c(s1)CCCn1nccc1-2,0.7105
Nc1cc(N2CCC(c3nc(-c4ccc(F)c(C(F)(F)F)c4)cn3CCNC(=O)N3CCOCC3)CC2)ncn1,0.7
C[S+](C)Cn1cc(-c2ccc(F)c(C(F)(F)F)c2)nc1C1CCN(c2ncnc(N)c2Cl)CC1,0.7778
NC1(c2ccc(-c3nnc4n3-c3cccnc3Nc3cc(Cl)ccc3-4)cc2)CCC1,0.7719
CC(=O)NCCn1cc(-c2ccc(F)c(C)c2)nc1C1CCN(c2ncnc(N)c2Cl)CC1,0.7308
Cn1ncc(-c2ccc(C(=O)NC3CNCCC3c3cccc(F)c3)cc2F)c1-c1ccccc1,0.7083
Nc1ncnc(N2CCC(c3nc(-c4ccc(F)c(C(F)(F)F)c4)cn3CC(=O)NC3CCCC3)CC2)c1F,0.7051
NC(=O)c1cccc(-c2cnc3cc(-c4ccccc4)c(-c4ccc(F)cc4)nn23)c1,0.7167
CN(C)c1nc2ccc(-c3cnc(Cl)c(NS(=O)(=O)c4ccc(F)cc4)c3)cc2s1,0.75
Cc1cc(F)c(C(=O)NC2CNCCC2c2ccc(F)cc2)cc1-c1c(Cl)cnn1C,0.7286
CCOC(=O)c1c(N)ncnc1N1CCC(c2nc(-c3ccc(F)c(F)c3)cn2CCN2CCCC2)CC1,0.7564
Cn1nc(-c2ccc(C(=O)NC3CNCCC3c3ccc(F)c(F)c3)c(F)c2)ccc1=O,0.7164
Cn1nccc1C(NC(=O)C1(N)CCN(c2ncnc3[nH]ccc23)CC1)c1ccc(F)cc1,0.7164
Cn1nccc1-c1ccc(C(=O)NC2CNCCC2c2cccc(Cl)c2)c(Cl)c1,0.8
NCCn1cc(-c2ccc(F)c(C(F)(F)F)c2)nc1C1CCN(c2ncnc(N)c2F)CC1,0.8485
Cn1ncc(Cl)c1-c1ccc(C(=O)NC2CNCCC2c2ccc(Cl)c(F)c2)o1,0.8
CN(C)CC(Nc1ncnc2c(C(N)=O)cccc12)c1cccc(F)c1,0.7895
Nc1ncnc(N2CCC(c3nc(-c4ccc(F)cc4)cn3CCN3CCCC3)CC2)c1Br,1
Cn1ncc(Cl)c1-c1cc(F)c(C(=O)NC2CNCCC2c2cccs2)cc1F,0.7429
Cc1cc2cc(-c3cncc(OCC(N)Cc4ccc(Br)c(F)c4)c3)ccc2[nH]1,0.7273
CCOC(=O)c1cccn2c(-c3ccccc3)c(-c3ccc(C4(N)CCC4)cc3)nc12,1
Cc1cc(-c2cn(CCN(C)C)c(C3CCN(c4cc(N)ncn4)CC3F)n2)ccc1F,0.75
CCCC(=O)Nc1ccc(-c2nnc3n2-c2cccnc2Nc2ccccc2-3)cc1,0.7213
NC(=O)C(NC(=O)C1(N)CCN(c2ncnc3[nH]ccc23)CC1)c1ccccc1Cl,0.746
NC(=O)c1c(N)ncnc1N1CCC(c2nc(-c3cccc(Cl)c3)cn2CC2CCNC2)CC1,0.7179
Cc1cc(-c2cn(CCN(C)C)c(C3CCN(c4ncnc(N)c4Br)CC3F)n2)ccc1F,0.8378
NC1(c2ccc(-c3nnc4n3-c3cccnc3Nc3ccccc3-4)cc2)CCC(F)(F)CC1,0.8333
Cn1ncc(-c2ccc(-c3ccc(C(=O)NC4CNCCC4c4cccc(F)c4)nc3)nc2)c1Cl,0.7183
COc1ncccc1CC(N)COc1cncc(-c2cc3c(C)n[nH]c3cn2)c1,0.7302
O=C(NCC(F)(F)F)Nc1nc2ccc(-c3cnc(Cl)c(NS(=O)(=O)c4ccccc4)c3)cc2s1,0.7353
NC1(C(=O)Nc2ccc(Cl)cc2)CCN(c2ncnc3[nH]ccc23)CC1,0.75
Cc1n[nH]c2ccc(-c3cncc(OCC(N)Cc4cccc(-n5ccnn5)c4)c3)cc12,0.7
CC1(C(N)=O)C(=O)Nc2ccc(-c3cncc(OCC(N)Cc4c[nH]c5ccccc45)c3)cc21,0.7639
Cc1cc(-c2cn(CCN3CCC3)c(C3CCN(c4cc(N)ncn4)CC3)n2)ccc1Cl,0.7313
CN1CCN(c2ccc(-c3cn(CCN4CCC4)c(C4CCN(c5ncnc(N)c5Cl)CC4)n3)cc2)CC1,0.7612
Cn1nccc1-c1ccc(C(=O)NC2CNCCC2c2cc(F)ccc2F)s1,0.7612
O=C(Cc1nc(N2CCOC(C(F)(F)F)C2)cc(=O)[nH]1)Nc1ccc(F)cc1,0.7778
CNC(=O)c1cccc(-c2cn(CCN3CCC3)c(C3CCN(c4ncnc(N)c4Br)CC3)n2)c1,0.72
Cc1cc(-c2cn(CCNCC(N)=O)c(C3CCN(c4ncnc(N)c4Br)CC3)n2)ccc1F,0.7284
COc1ccc2c(c1)-c1nc(-c3ccc(C4(N)CC(O)C4)cc3)c(-c3ccccc3)n1CO2,0.7879
NC(=O)c1c(N)ncnc1N1CCC(c2nc(-c3ccc(F)c(C(F)(F)F)c3)cn2CC(F)F)CC1,0.8451
O=C(NC(CCC(=O)N1CCCC1)c1ccccc1)c1cc(Br)c(-c2ccnc3[nH]ccc23)s1,0.7536
NC(Cc1ccccc1)C(=O)N1CCN(c2ncnc3ccc(F)cc23)CC1,0.7049
Cn1ncc(F)c1-c1ccc(C(=O)NC2CNCCC2c2ccccc2)s1,0.7391
NC1(c2ccc(-c3nc4n(c3-c3cccs3)COc3cnccc3-4)cc2)CCC1,0.7581
Cn1nccc1-c1ccc(C(=O)NC2CNCCC2c2nccs2)cc1F,0.7424
CC(NC(=O)C1(N)CCN(c2ncnc3[nH]ccc23)CC1)c1ccc(F)cc1F,0.7742
COc1cc(-c2cn(CCN3CCC3)c(C3CCN(c4ncnc(N)c4Br)CC3)n2)ccc1F,0.8219
Cn1nccc1-c1cc(C(=O)NC2CNCCC2c2ccc(F)c(F)c2)cnc1N1CCCC1,0.7324
Cc1cc(-c2cn(CCNCC(C)C)c(C3CCN(c4ncnc(N)c4F)CC3)n2)ccc1F,0.8267
CN(C)CCCn1cc(-c2cccc(F)c2)nc1C1CCN(c2ncnc(N)c2C(N)=O)CC1,0.7308
Cn1ncc(-c2ccc(C(=O)NC3CNCCC3c3cccc(F)c3)nc2)c1C1CC1,0.7391
NC(=O)c1c(N)ncnc1N1CCC(c2nc(-c3cccc(Cl)c3)cn2CCN2CC2)CC1,0.9394
Cn1ncc(Br)c1-c1ccc(C(=O)NC2CNCCC2c2ccno2)o1,0.7206
Cc1c[nH]c2ncnc(N3CCC(N)(CNC(=O)c4ccc(F)cn4)C3)c12,0.7969
Cc1cccc2c1OCn1c-2nc(-c2ccc(C3(N)CCC3)cc2)c1-c1ccncc1,0.7458
Cc1c[nH]c2ncnc(N3CCC(N)(CNC(=O)c4ccc(F)cc4)C3)c12,1
NC(=O)c1c(N)ncnc1N1CCC(c2nc(-c3ccc(F)c(C(F)(F)F)c3)cn2CCN2CCC2)C1,0.9178
O=Nc1ncnc(N2CCC(c3nc(-c4cccc(F)c4)cn3CCN3CCC3)CC2)c1Br,0.7606
CN(C)CCn1cc(-c2cc(-c3ccc(F)c(C(F)(F)F)c3)n(C)c2)nc1C1CCN(c2ncnc(N)c2F)CC1,0.7564
CC1CCc2ncnc(N3CCN(C(=O)C(N)Cc4ccc(F)c(F)c4)CC3)c21,0.7424
Cc1n[nH]c2cnc(-c3cncc(OCC(N)Cc4ccc(Cl)cc4)c3)cc12,0.8276
Cn1c(CC(=O)Nc2cccc(Br)c2)nc(N2CCOCC2)cc1=O,0.7377
Cn1ncc(N)c1-c1cc(F)c(C(=O)NC2CNCCC2c2ccc(F)cc2)cc1F,0.7164
NC(=O)c1c(N)ncnc1N1CCC(c2nc(-c3cccc(F)c3F)cn2CCN2CCC2)CC1,0.7143
CCNC(=O)NCCn1cc(-c2ccc(F)c(C(F)(F)F)c2)nc1C1CCN(c2ncnc(N)c2F)CC1,0.7317
CCc1c(N)ncnc1N1CCC(c2nc(-c3ccc(OC)c(F)c3)cn2CCN2CCC2)CC1,0.8873
NC(COc1cncc(-c2ccc3c(c2)CC(=O)N3)c1)Cc1ccccc1F,0.7313
NC1(C(=O)NC(CC(=O)O)c2ccc(F)cc2)CCN(c2ncnc3[nH]ccc23)CC1,0.746
O=C(NC1CCCNCC1c1ccc(F)cc1)c1ccc2c(c1)OCCn1nccc1-2,0.7286
Cc1oc(C(=O)NC2CNCCC2c2ccc(Cl)cc2)cc1-c1c(Br)cnn1C,0.791
COc1cc(N2CCC(c3nc(-c4ccc(F)c(C)c4)cn3CC3CNC3)CC2)ncn1,0.72
Nc1ncnc(N2CCC(c3nc(-c4cc(F)cc(F)c4)cn3CCN3CCCC3)CC2)c1Cl,0.8438
COc1c(N)ncnc1N1CCC(c2nc(-c3cc(O)c(F)c(F)c3)cn2CC2CNC2)CC1,0.75
Nc1ncnc(N2CCC(c3nc(-c4cccc(F)c4)cn3CCN3CCCC3)CC2)c1C(=O)c1ccccc1,0.7432
Cc1oc(C(=O)NC2(c3ccc(F)cc3)CCNCC2)cc1-c1c(Cl)cnn1C,0.7121
CCN(C)c1ncnc(N2CCC(c3nc(-c4ccc(F)c(C(F)(F)F)c4)cn3CCN(C)C)CC2)n1,0.7051
Nc1ncnc(N2CCC(c3nc(-c4ccc(F)cc4)cn3CCN3CCCC3)CC2)c1OCC1CC1,0.75
Cc1c(F)c(CC(=O)N2c3ccc(F)cc3CC2C)nc(N2CCOCC2)c1F,0.7015
Cc1n[nH]c2ncc(-c3cc(OCC(N)Cc4ccccc4)cnc3-c3cccnc3)cc12,0.7015
Nc1ncnc(N2CCC(c3nc(-c4ccc(F)c(C(F)(F)F)c4)cn3CCNCCO)CC2)c1Br,0.7632
Cn1cc(-c2cc(C(=O)NC3CNCCC3c3ccc(C(F)(F)F)cc3)oc2Cl)cn1,0.7714
Cn1ncc(Br)c1-c1ccc(C(=O)NC2CNCCC2c2ccc(Cl)cc2)o1,1
CN(C)CCn1cc(-c2ccc(F)c(C(F)(F)F)c2)nc1C1CCN(c2cc(C(F)(F)F)ncn2)CC1,0.7067
Cn1ncc(-c2cc(C(=O)NC3CNCCC3c3ccccc3)oc2Cl)c1Br,0.7727
CC(=O)N(C)CCn1cc(-c2ccc(F)c(C(F)(F)F)c2)nc1C1CCN(c2ncnc(N)c2Cl)CC1,0.7342
O=C(NC(c1ccc(Cl)c(Cl)c1)C1CCNCC1)c1ccnc(F)c1,0.7458
Nc1cc(N2CCC(c3nc(-c4ccc(F)c(C(F)(F)F)c4)cn3CCNCCO)CC2)ncn1,0.7534
Cn1ncc(F)c1-c1ccc(C(=O)NC2CNCCC2c2ccc(Cl)cc2)o1,0.8387
Cc1n[nH]c2ncc(-c3cc(OCC(N)Cc4c[nH]c5ccccc45)cnc3-c3cccnc3)cc12,0.7763
Nc1cc(N2CCC(c3nc(-c4cccc(OC(F)F)c4)cn3CCN3CCCC3)CC2)ncn1,0.7042
O=C(NC1CCCNC1c1ccc(F)c(F)c1)c1ccc(-c2ccn[nH]2)cc1F,0.7031
Cc1cc(-c2cncc(OCC(N)Cc3c[nH]c4ccccc34)c2)ccc1OCC(N)Cc1c[nH]c2ccccc12,0.7581
NC(CNc1ncc(-c2ccc3cnccc3c2)s1)Cc1ccccc1,0.7857
Nc1ncnc(N2CCC(c3nc(-c4ccc(C(F)(F)F)cc4)cn3CCN3CCC3)CC2)c1Cl,0.8
NC(=O)CCC(CC1CCCCC1)NC(=O)c1cc(Br)c(-c2ccnc3[nH]ccc23)s1,0.8209
NCC(=O)Nc1ccc(-c2nnc3n2-c2cccnc2Nc2ccccc2-3)cc1,0.7458
CC1CN(c2cc(=O)[nH]c(CC(=O)Nc3ccc4ccccc4c3)n2)CCO1,0.7903
Cc1cc(-c2cn(CCNCC(F)(F)F)c(C3CCN(c4ncnc(N)c4F)CC3)n2)ccc1F,0.7
CCc1c(N)ncnc1N1CCC(c2nc(-c3cccc(F)c3)cn2CCNC(C)C)CC1,0.7917
Cc1n[nH]c2ncc(-c3cncc(OCC(N)Cc4cccc(C(F)(F)F)c4)c3)cc12,0.8125
Cn1ncc(Br)c1-c1ccc(C(=O)NC2CNCCC2c2ccc[nH]2)s1,0.7143
CCc1c(N)ncnc1N1CCC(c2nc(-c3cccc(F)c3)cn2CCN(C)C)CC1,0.8
NC1(c2ccc(-c3nc4ccc(OCCCBr)nn4c3-c3ccccc3)cc2)CCC1,0.7759
Cc1cc(C(N)=O)nn2c(-c3ccccc3)c(-c3ccc(C4(N)CCC4)cc3)nc12,0.807
Cn1nccc1-c1ccc(C(=O)NC2CNCCC2c2cccc(Cl)c2)cc1F,0.8154
Cc1cc(-c2cn(CCNCC(C)C)c(C3CCN(c4ncnc(N)c4Cl)CC3)n2)ccc1F,0.8052
Nc1ncnc(N2CCC(c3nc(-c4ccc(F)c(F)c4)cn3CCN3CCCC3)CC2)c1C(=O)NC1CC1,0.7215
Cc1c[nH]c2ncnc(N3CCN(C(=O)C(CN)c4ccc(F)cc4)CC3)c12,0.7213
NC(=O)c1ccnc2c(NC(CN3CCCC3)c3cccc(F)c3)ncnc12,0.9643
COc1cc(-c2cc3c(C)nc(N)nc3n(C3CCC(OCCO)CC3)c2=O)cc(OC)c1OC,0.7391
Cn1nccc1-c1cccc(C(=O)NC2CNCC2c2ccc(F)c(F)c2)c1,0.7188
O=C(Nc1ccc(-c2nnc3n2-c2cccnc2Nc2ccccc2-3)cc1)C1=CCNCC1,0.7077
Cc1n[nH]c2ccc(-c3cncc(OCC(N)Cc4ccc(-c5ccccc5)cc4)c3)nc12,0.7097
Cc1n[nH]c2ccc(-c3cncc(OCC(N)Cc4cccc(-c5conn5)c4)c3)cc12,0.7101
CC(NC(=O)C1(N)CCN(c2ncnc(N)c2Cl)CC1)c1ccc(Cl)cc1,0.7167
Cn1nnc(-c2ccc(C(=O)NC3CNCCC3c3ccc(F)c(F)c3)c(F)c2)n1,0.7015
NC1(C(=O)NC(Cc2ccccc2)c2ccc(F)c(Cl)c2)CCN(c2ncnc3[nH]ccc23)CC1,0.8261
Cc1n[nH]c2ccc(-c3cncc(OCC(N)Cc4ccc(F)c(Cl)c4)c3)cc12,1
NC(COc1cncc(-c2cnc3ncccc3c2)c1)Cc1c[nH]c2ccccc12,0.7302
CNCCn1cc(-c2ccnc(C(F)(F)F)c2)nc1C1CCN(c2cc(Cl)ncn2)CC1,0.7397
CS(=O)(=O)NCCn1cc(-c2ccc(F)c(C(F)(F)F)c2)nc1C1CCN(c2cc(N)ncn2)CC1,0.7333
Cn1nccc1-c1ccc(C(=O)NC2CNCCC2c2ccc(F)nn2)cc1F,0.7424
CNCCn1cc(-c2ccc(F)c(F)c2)nc1C1CCN(c2ncnc(N)c2Cl)CC1,0.7794
Cn1ncc(Br)c1-c1ccc(C(=O)NC2CNCCC2c2ccncc2)s1,0.75
CC(C)NC(=O)c1c(N)ncnc1N1CCC(c2nc(-c3ccc(F)c(F)c3)cn2CCN(C)C)CC1,0.725
O=C(Nc1csc(-c2nncn2C2CC2)n1)c1cc(-n2cnc(C3CC3)c2)c(N2CCCOCC2)cn1,1
CC(C)NCCn1cc(-c2ccc(F)cc2)nc1C1CCN(c2ncnc(N)c2Cl)CC1,0.7612
NC(=O)c1c(N)ncnc1N1CCC(c2nc(-c3ccc(F)c(CCO)c3)cn2CCF)CC1,0.7467
Cc1cc(-c2cn(C)c(C3CCN(c4ncnc(N)c4Br)CC3)n2)ccc1F,0.7937
CNCC(NC(=O)C1(N)CCN(c2ncnc3[nH]cc(Cl)c23)CC1)c1ccc(F)cc1,0.7
CC1CN(c2cc(=O)[nH]c(CC(=O)Nc3ccc(N4CCOCC4)cc3)n2)CCO1,0.8197
CNC(=O)c1cccc2c(NC(CN3CCC3)c3cccc(F)c3)ncnc12,0.8033
Cn1ncc(Br)c1-c1cc(F)c(C(=O)NC2CNCCC2c2ccc(F)cc2F)c(F)c1,0.7463
NC1(c2ccc(-c3nnc4n3-c3cccnc3Nc3ccccc3-4)cc2)CCC(F)(F)C1,0.7719
Cn1ccc(C2CCNCC2NC(=O)c2ccc(-c3ccnn3C)c(F)c2)c1,0.7969
NC(COc1cncc(-c2cncc(Cl)c2)c1)Cc1c[nH]c2ccccc12,0.75
Cn1c(Cl)cnc1-c1ccc(C(=O)NC2CNCCC2c2ccc(F)c(F)c2)cn1,0.7206
Nc1ncnc(N2CCC(c3nc(-c4ccc(Cl)c(F)c4)cn3CCNCC3CC3)CC2)c1Br,0.7568
Cn1ncc(Cl)c1-c1ccc(C(=O)NC2CNCCC2c2cncc(C3CCCCC3)n2)o1,0.7143
Cc1c[nH]c2ncnc(N3CCN(C(=O)NCc4ccc(F)cc4)CC3)c12,0.7049
Cc1cc(-c2cn(CCCC(N)=O)c(C3CCN(c4ncnc(N)c4F)CC3)n2)ccc1F,0.7297
Cc1cccc(C2CCNCC2NC(=O)c2ccc(-c3c(Cl)cnn3C)o2)c1,0.7727
Cn1ncc(Cl)c1-c1cc(C(=O)NC2CNCCC2c2ccc(F)cc2)oc1C1CC1,0.7286
Cn1c(CC(=O)N2CCc3c(F)cccc32)nc(N2CCOCC2)c(O)c1=O,0.7077
Cn1ncc(Cl)c1-c1ccc(C(=O)NC2CC2c2ccc(F)c(F)c2)cc1,0.7742
Cc1n[nH]c2ncc(-c3cc(OCC(N)Cc4c[nH]c5ccc(F)cc45)cnc3-c3ccoc3)nc12,0.8354
CC(C)NCC(O)Cn1cc(-c2ccc(F)c(C(F)(F)F)c2)nc1C1CCN(c2ncnc(N)c2Br)CC1,0.7037
Cn1ncnc1-c1nc2ccc(-c3cccnc3)nc2n1-c1ccc(C2(N)CCC2)cc1,0.7143
CC(Cc1ccc(C(F)(F)F)cc1)NC(=O)C1(N)CCN(c2ncnc3[nH]ccc23)CC1,0.7812
NC1(C(=O)NC(CNC(=O)c2ccc(Cl)cc2)Cc2ccccc2)CCN(c2ncnc3[nH]ccc23)CC1,0.7361
NC(Cc1ccc(Cl)cc1)C(=O)N1CCN(c2ncnc3ccc(F)cc23)CC1,0.8596
CN(C)CCn1cc(-c2ccc(F)c(C(F)(F)F)c2)nc1C1CCN(c2ccc(C(N)=O)cn2)CC1,0.7037
Cc1cccc(-c2cn(CCN3CCC3)c(C3CCN(c4cc(N)ncn4)CC3)n2)c1,0.7164
Nc1ncnc(N2CCC(c3nc(-c4ccc(F)c(F)c4)cn3CCN3CCC3)CC2)c1N=O,0.7714
O=C(NC1CNCCC1c1ccsc1)c1cc2c(s1)CCCn1ncc(Br)c1-2,0.7778
Cc1cc(-c2cn(CCN(C)C)c(C3CCN(c4ncncc4C)CC3)n2)ccc1F,0.7324
Cn1nccc1-c1ccc(C(=O)NC2CNCCC2c2ccncc2)cc1F,0.8361
COc1c(N)ncnc1N1CCC(c2nc(-c3ccc(F)c(C)c3)cn2CCNCC2CC2)CC1,0.7821
CC1(O)CC(N)(c2ccc(-c3nc4n(c3-c3ccccc3)COc3ccc(-c5cn[nH]c5)cc3-4)cc2)C1,1
NC(=O)c1c(N)ncnc1N1CCC(c2nc(-c3ccc(F)c(C(F)(F)F)c3)cn2CCNCC(F)(F)F)CC1,0.8701
CC1(O)CCC(N)(c2ccc(-c3nc4ccc(C(N)=O)cn4c3-c3ccccc3)cc2)C1,0.7586
O=S(=O)(Nc1cncc(-c2ccc3nccc(-c4ccncc4)c3c2)c1)c1ccccc1F,1
Cn1ncc(Br)c1-c1cc(F)c(C(=O)NC2CNCCC2c2cccc(Br)n2)cc1F,0.7324
Cn1ncc(Cl)c1-c1ccc(C(=O)NC2CNCCC2c2ccc(Cl)cc2)cc1Cl,0.7273
Cn1ncnc1-c1cc(C(=O)NC2CNCCC2c2cccc(C(F)(F)F)c2)oc1Cl,0.7703
Cc1n[nH]c2ccc(-c3cc(OCC(N)Cc4cccc(F)c4F)ncc3F)cc12,0.7231
CC(C)N(C)CCn1cc(-c2ccc(F)c(O)c2)nc1C1CCN(c2ncnc(N)c2C(N)=O)CC1,0.8684
Cc1n[nH]c2ccc(-c3cncc(OCC(N)Cc4ccc5nonc5c4)c3)cc12,0.7344
O=C(CCc1nc(N2CCOCC2)cc(=O)[nH]1)N1CCc2c(Cl)cccc21,0.8305
CCc1cccc(CC(N)COc2cncc(-c3ccc4[nH]nc(C)c4c3)c2)c1,0.8167
Cn1ncc(Cl)c1-c1cc(C(=O)NC2CNCCC2c2ccccc2)oc1O,0.8571
CNCC(Cc1ccccc1)NC(=O)c1cc(Br)c(-c2ccnc3[nH]ccc23)s1,1
NC(=O)Nc1c(N)ncnc1N1CCC(c2nc(-c3ccc(F)c(F)c3)cn2CCN2CCCC2)CC1,0.7639
Cc1c(N)ncnc1N1CCC(c2nc(-c3ccc(F)c(F)c3)cn2CCN(C)C)CC1,0.7465
NC1(C(=O)NC(CCN2CCOCC2)c2ccc(Cl)cc2)CCN(c2ncncc2F)CC1,0.7162
CCNCCn1cc(-c2ccnc(C(F)(F)F)c2)nc1C1CCN(c2ncnc(N)c2F)CC1,0.7368
CC(C)NCCn1cc(-c2ccc(F)c(C#N)c2)nc1C1CCN(c2ncnc(N)c2F)CC1,0.7564
CNC(=O)C(NC(=O)C1(N)CCN(c2ncnc3[nH]ccc23)CC1)c1cccc(Cl)c1,0.7286
Cc1n[nH]c2ccc(-c3cc(OCC(N)Cc4ccccc4)cnc3-c3ccccc3)cc12,1
NCCn1cc(-c2cncc(C(F)(F)F)c2)nc1C1CCN(c2ncnc(N)c2C(N)=O)CC1,0.7333
NC(=O)c1cccc2c(NC(CN3CCC3)c3cc(F)cc(Cl)c3)ncnc12,0.8065
CC1CN(c2cc(=O)[nH]c(CC(=O)N3CCc4ccccc43)n2)CCO1,0.7727
NC1(c2ccc(-n3c(-c4cccnc4F)nc4ccc(Br)nc43)cc2)CCC1,0.75
Cn1ncc(Cl)c1-c1ccc(C(=O)NC2CNCCC2c2cccnc2)cc1,0.7576
Cc1n[nH]c2ccc(-c3cncc(OCC(N)Cc4cccc5ccccc45)c3)cc12,0.7869
NC1(C(=O)NC(CCO)c2cccc(Cl)c2)CCN(c2ncncc2Br)CC1,0.7
Cn1ncc(Cl)c1-c1cc(F)c(C(=O)NC2CNCCC2Oc2ccc(F)c(F)c2)cc1F,0.7324
Cn1nccc1-c1cc(F)c(C(=O)NC2CNCCC2c2cccc(F)c2)cc1Cl,0.7101
Cn1nccc1-c1ccc(C(=O)NC2CNCCC2c2ncc(Br)cc2F)nc1,0.7042
NC(COc1cncc(-c2ccc3[nH]nnc3c2)c1)Cc1cccc(Br)c1,0.7031
NC(COc1cncc(-c2ccc3[nH]ncc3c2)c1)Cc1cccc(C(F)(F)F)c1,0.7937
Cn1ncc(Cl)c1-c1ccc(C(=O)NC2CCCNC2c2ccc(F)c(F)c2)cc1,0.7206
NC(=O)c1c(N)ncnc1N1CCC(c2nc(-c3cccc(O)c3)cn2CCN2CCC2)CC1,0.8169
Nc1ncnc(N2CCC(c3nc(-c4ccc(F)c(C(F)(F)F)c4)cn3CCNCCO)C(F)C2)c1F,0.7037
O=C(NC(c1ccc(Cl)c(F)c1)C1CCNCC1)c1ccc(F)c(Cl)c1,0.7119
Cc1cc(NC(=O)Cc2nc(N3CCOC(C)C3)cc(=O)[nH]2)cnc1C,0.7385
Cc1n[nH]c2ccc(-c3cncc(OCC(N)Cc4cccc(-c5cnn(CCN)c5)c4)c3)cc12,0.7286
Cc1n[nH]c2ccc(-c3cncc(OCC(N)Cc4cc(F)cc(Cl)c4)c3)cc12,0.8793
NC1(c2ccc(-c3nnc4n3-c3cccnc3Nc3ccccc3-4)cc2)CCC2(CCNC2)CC1,0.7627
CN1CCN(CCn2cc(-c3cc(F)c(F)c(F)c3)nc2C2CCN(c3ncnc(N)c3Cl)CC2)CC1,0.7391
NC(COc1cncc(-c2cnc3c(c2)CC(=O)N3)c1)Cc1ccccc1,0.7188
NC(COc1cncc(-c2ccc3ncccc3c2)c1)Cc1c[nH]c2ccccc12,0.7742
Cn1nccc1-c1ccc(C(=O)NC2CNCCC2c2cncs2)c(F)c1,0.7164
CC(C)NCCn1cc(-c2ccc(F)c(C(F)(F)F)c2)nc1C1CCN(c2ncncc2N)CC1,0.75
Cc1ccc(C2CCNCC2NC(=O)c2ccc(-c3c(Br)cnn3C)o2)o1,0.7313
COc1c(N)ncnc1N1CCC(c2nc(-c3cnn(C)c3)cn2CCN2CCC2)CC1,0.7027
O=C1Cc2c(ncnc2N2CCC(c3nc(-c4cncc(F)c4)ccc3NCCN3CCCC3)CC2)N1,0.7848
CNCCn1cc(-c2ccc(C(F)(F)F)c(F)c2)nc1C1CCN(c2ncnc(N)c2F)CC1,0.7273
Cc1cc(-c2cn(CCNCCCN(C)C)c(C3CCN(c4ncnc(N)c4F)CC3)n2)ccc1F,0.7051
O=C(N1CCN(c2ncnc3[nH]cc(Br)c23)CC1)C1(c2ccccc2)CCC1,0.8571
Cn1ncc(Br)c1-c1ccc(C(=O)NC2CNCCC2c2nc(F)ccc2F)s1,0.7083
Cc1n[nH]c2ccc(-c3cncc(OCC4CCNCC4)c3)cc12,0.7344
Cc1n[nH]c2ccc(-c3cncc(OCC(N)Cc4cccc(S(C)(=O)=O)c4)c3)cc12,0.7538
NC(=O)c1ccc2c(c1)OCn1c-2nc(-c2ccc(F)cc2)c1-c1ccccc1,0.7077
N#Cc1c(N)ncnc1N1CCC(c2nc(-c3ccnc(C(F)(F)F)c3)cn2CCN2CCC2)CC1,1
O=C(Nc1ccc(-c2nnc3n2-c2cccnc2Nc2ccccc2-3)cc1)C1CCC1,0.7097
Cc1n[nH]c2ncc(-c3cccc(OCC(N)Cc4cccc(F)c4F)c3)cc12,0.7143
CC(N)CC1Cc2cc(-c3cncc(OCC(N)Cc4c[nH]c5ccccc45)c3)ccc2NC1=O,0.72
Cn1cc(Cn2cc(-c3ccc(F)c(C(F)(F)F)c3)nc2C2CCN(c3cc(N)ncn3)CC2)cn1,0.7297
Cn1nccc1-c1ccc(C(=O)NC2CNCCC2c2ccoc2)s1,0.7619
NC(=O)c1ccc(-c2cnc3cc(-c4ccccc4)c(-c4ccccc4)nn23)cc1,0.7736
O=C(NC1CNCCC1c1ccc(Br)cc1)c1ccc(-c2cn[nH]c2)o1,0.8276
CSc1ccc(-c2cn(CCN3CCC3)c(C3CCN(c4ncnc(N)c4F)CC3)n2)cc1F,0.7397
NC1(C(=O)NC(Cc2ccccn2)c2ccccc2)CCN(c2ncnc3[nH]ccc23)CC1,0.7538
Cn1nccc1-c1coc(C(=O)NC2CNCCC2c2ccoc2)c1,0.7778
CC1(O)CC(N)(c2ccc(-c3nc4n(c3-c3ccccc3)COc3ccc(C#N)c(O)c3-4)cc2)C1,0.7042
CC(=O)Nc1ccc2nc(-c3ccc(C4(N)CC(O)(C5CC5)C4)cc3)c(-c3ccccc3)n2c1,0.746
NC(COc1cncc(-c2ccc(F)c(C(F)(F)F)c2)c1)Cc1c[nH]c2ccccc12,0.7206
Cn1ncc(Br)c1-c1ccc(C(=O)NC2CNCCC2F)o1,0.7188
O=C(N1CCN(c2ncnc3[nH]cc(Br)c23)CC1)C1(c2ccccc2)CCNCC1,1
Cn1nccc1-c1ccc(C(=O)NC2CNCCC2c2ncc(F)cc2F)cn1,0.7576
Nc1ncnc(N2CCC(c3nc(-c4ccc(F)cc4)cn3CC(=O)NCCN3CCCCC3)CC2)c1Cl,0.75
NC(=O)c1c(N)ncnc1N1CCC(c2nc(-c3ccc(F)c(C(F)(F)F)c3)cn(CC3CC3)c2=O)CC1,0.7375
COc1c(N)ncnc1N1CCC(c2nc(-c3ccc(F)c(C(F)(F)F)c3)cn2CC2CCCN2)CC1,0.7778
Cn1ncc(Cl)c1-c1ccc(C(=O)NC2CCNCC2F)o1,0.7302
CN(C)CCn1cc(C(F)(F)F)nc1C1CCN(c2ncnc(N)c2C#N)CC1,0.7027
Cc1[nH]nc2ccc(-c3cncc(OCC(N)Cc4c[nH]c5ccccc45)c3)cc12,0.7937
Cc1c(-c2coc(C(=O)NC3CNCCC3c3ccc(Cl)cc3)c2)cnn1C,0.75
c1ccc(-c2cn3ccnc3nc2-c2ccc(CN3CCC(c4n[nH]c(-c5ccccn5)n4)CC3)cc2)cc1,0.7746
O=C(NC1CNCCCC1c1ccc(F)cc1)c1ccc2c(c1)OCCn1nccc1-2,0.791
CC1(O)CC(N)(c2ccc(-c3nc4n(c3-c3ccoc3)COc3ncccc3-4)cc2)C1,0.8095
COCc1c(-c2csc(C(=O)NC3CNCCC3c3cccc(F)c3)c2)cnn1C,0.7013
NC(=O)c1cccc2c(NC(CN3CCC3)c3ccc(F)cc3)ccnc12,0.75
Cn1nccc1-c1ccc(C(=O)NC2CNCCC2c2ccncc2)c(Cl)c1,0.8065
NC(COc1cncc(-c2ccc3[nH]ncc3c2)c1)Cc1ccc(Br)c(F)c1,0.7231
CC(C)(C)CCN(CCBr)CCn1cc(-c2ccc(F)c(C(F)(F)F)c2)nc1C1CCN(c2ncnc(N)c2Cl)CC1,0.7073
CN(C)CCn1cc(-c2cc(F)c(F)c(F)c2)nc1C1CCN(c2ncnc(N)c2C(N)=O)CC1,0.8056
Cc1cc(-c2cn(CCNCCN(C)C)c(C3CCN(c4ncnc(N)c4Cl)CC3)n2)ccc1F,0.7051
O=C(NC1CC1c1ccc(F)c(F)c1)c1ccc2c(c1)OCCn1nccc1-2,0.7846
CCNCCn1cc(-c2ccc(F)c(C(F)(F)F)c2)nc1C1CCN(c2ncnc(N)c2OC)CC1F,0.7412
O=C(NC1CNCCC1c1cccc(F)c1)c1cc(-c2ccn[nH]2)ccc1F,0.7188
NC(COc1cncc(-c2ccc3c(c2)C(=O)C(=O)N3)c1)Cc1ccccc1,0.7143
COc1ccc(-c2cn(CCN3CCCC3)c(C3CCN(c4ncnc(N)c4F)CC3)n2)cc1F,0.7973
CCn1cc(-c2ccnc(C(F)(F)F)c2)nc1C1CCN(c2ncnc(N)c2C(N)=O)CC1,0.8194
Cc1n[nH]c2ccc(-c3cncc(OCC(N)Cc4cccc(-c5ccnn5C)c4)c3)cc12,0.7101
Cn1nncc1-c1ccc(C(=O)NC2CNCCC2c2cccc(F)c2)nc1,0.7879
Cc1n[nH]c2ncc(-c3cncc(OCC(N)Cc4cccc(OCCN)c4)c3)cc12,0.8095
Nc1ncnc(N2CCC(c3nc(-c4ccc(F)c(C(F)(F)F)c4)cn3CCS)CC2)c1Cl,0.8406
O=C(N1CCN(c2ncnc3[nH]cc(Br)c23)CC1)C1(c2ccc(F)cc2)CC1,0.7377
CCN(CC)CCn1cc(-c2ccc(F)c(C)c2)nc1C1CCN(c2ncnc(N)c2F)CC1,0.8551
Cc1cccc(C2CCNCC2NC(=O)c2cc(F)c(-c3c(Cl)cnn3C)cc2F)c1,0.8088
Cn1nccc1-c1cc(C(=O)NC2CNCCC2c2ccc(F)cn2)c(F)cc1F,0.7576
Cn1c(CC(=O)N2CC(C)(C)c3c(F)cccc32)nc(N2CCOCC2)c(Br)c1=O,0.7059
CC1OCc2ncnc(N3CCN(C(=O)C(N)Cc4ccc(F)cc4)CC3)c21,0.8333
Cn1ncc(Cl)c1-c1cc(C(=O)NC2CC2c2ccccc2)oc1Cl,0.7742
Cn1nccc1-c1ccc(C(=O)NC2CCCNC2c2ccc(F)c(F)c2)cc1,0.7077
Cn1ncc(Cl)c1-c1cc(C(=O)NC2CNCCC2c2ccccc2)oc1C1CC1,0.8308
CNC(=O)c1c(N)ncnc1N1CCC(c2nc(-c3ccc(F)c(Cl)c3)cn2CCN2CCCC2)CC1,0.84
COc1c(-c2ccc(C(=O)NC3CNCCC3c3cccc(F)c3)s2)cnn1C,0.7534
Cn1cc(-c2cn(CCN3CCCC3)c(C3CCN(c4cc(N)ncn4)CC3)n2)cn1,0.7231
Cn1nccc1-c1ccc(C(=O)NC2CNCCC2c2ccc(F)nn2)nc1,0.7206
Cc1cc(C(=O)NC(C)(C)C)cn2c(-c3ccccc3)c(-c3ccc(C4(N)CCC4)cc3)nc12,0.7742
Cc1n[nH]c2cnc(-c3cncc(OCC(N)Cc4c(F)cccc4Cl)c3)cc12,0.8833
Cn1ccc2ccc(-c3cncc(OCC(N)Cc4c[nH]c5ccccc45)c3)cc21,0.7121
Cn1ncc(Cl)c1-c1ccc(C(=O)NC2CNCCC2c2ccc(F)c(F)c2)c(F)c1,0.8154
CC(N)c1ccc(-c2cncc(OCC(N)Cc3c[nH]c4ccccc34)c2)cc1F,0.7015
C=Cc1ncccc1CC(N)COc1cncc(-c2ccc3[nH]nc(C)c3c2)c1,0.7231
Cn1ncc(Br)c1-c1ccc(C(=O)NC2CNCCC2c2cc(F)c(Cl)s2)o1,0.7083
CSc1ccc2nc(-c3ccc(C4(N)CC(C)(O)C4)cc3)c(-c3ccccc3)n2n1,0.7636
Nc1ncnc(N2CCC(c3nc(-c4ccc(F)c(C(F)(F)F)c4)cn3CCN3CCOCC3)CC2)c1F,0.8824
NC(=O)CCCn1cc(-c2ccc(F)c(C(F)(F)F)c2)nc1C1CCN(c2ncnc(N)c2F)CC1,0.7671
O=C(Nc1csc(-c2nncn2C2CC2)n1)c1cc(-n2cnc(C3CC3)c2)c(N2CCCC2)cn1,0.8889
Cn1ccc(C2CCNCC2NC(=O)c2ccc(-c3ccnn3C)s2)n1,0.7344
CNC(=O)c1c(N)ncnc1N1CCC(c2nc(-c3ccnc(F)c3)cn2CCN2CCC2)CC1,0.7051
Nc1ncnc(N2CCC(c3nc(-c4ccc(F)c(F)c4)cn3CCN3CCC3)CC2)c1C(=O)C1CC1,0.76
CN(C)CCn1cc(-c2cc(F)cc(F)c2)nc1C1CCN(c2ncnc(N)c2Br)CC1,0.7465
NC1(c2ccc(-c3nc4n(c3-c3ccsc3)COc3cccnc3-4)cc2)CC1,0.7288
NC(COc1cncc(-c2cc3cn[nH]c3cn2)c1)Cc1ccc(F)cc1,0.7143
CN(C)CCn1cc(-c2ccc(C(F)(F)F)c(C(F)(F)F)c2)nc1C1CCN(c2ncnc(N)c2C(N)=O)CC1,0.8904
Nc1cc(N2CCC(c3nc(-c4ccnc(C(F)(F)F)c4)cn3CCN3CCC3)CC2)ncn1,0.7571
Cn1ncc(Cl)c1-c1cc(C(=O)NC2CNCCC2c2ccccc2)oc1Cl,1
Nc1ncnc(N2CCC(c3nc(-c4ccc(F)c(F)c4)cn3CCN3CCC3)C(F)C2)c1Cl,0.8493
NC(COc1cncc(-c2cncc(OCC(N)C(F)(F)F)c2)c1)Cc1c[nH]c2ccccc12,0.7077
Cc1cc(-c2cn(CCNC(=O)C3CC3)c(C3CCN(c4ncnc(N)c4F)CC3)n2)ccc1F,0.7308
O=C(NC1CNCCC1c1ccccc1)c1ccc2c(c1)-c1ccnn1CCO2,0.7206
CNCC(NC(=O)c1cc(Br)c(-c2ccnc3ccccc23)s1)c1ccccc1,0.7619
O=C(NC1CNCCC1c1ccncc1)c1cc2c(s1)OCCn1ncc(Br)c1-2,0.8429
Cc1n[nH]c2ncc(-c3cncc(OCC(N)Cc4c(F)cccc4F)c3)cc12,0.7966
Cn1ccc(-c2ccc(C(=O)NC3CNCCC3c3ccc(F)c(F)c3)cc2)n1,0.7031
Cc1cc(-c2ccnn2C)cc(C(=O)NC2CNCCC2c2ccc(F)c(F)c2)n1,0.7692
Nc1ncnc(N2CCC(c3nc(-c4ccc(F)c(C(F)(F)F)c4)cn3CC3CCNCC3)C(F)C2)c1Cl,0.7922
Cn1nccc1-c1ccc(C(=O)NC2CNCC2c2ccc(F)c(Cl)c2)cn1,0.7463
NC1(c2ccc(-c3nnc4n3-c3cccnc3Nc3ccccc3-4)cc2)CCN(Cc2ccccc2)CC1,0.75
Nc1ncnc(N2CCC(c3nc(-c4cccc(F)c4)cn3CCN3CCCC3)CC2)c1C1CCC1,1
Cc1n[nH]c2ccc(-c3cncc(OCC(N)Cc4ccccc4CC(F)(F)F)c3)cc12,0.7846
CN(C)c1n[nH]c2ccc(-c3cncc(OCC(N)Cc4cccc(Cl)c4)c3)cc12,0.8095
Nc1cccc(-c2cncc(OCC(N)Cc3c[nH]c4ccccc34)c2)c1,0.7377
NC(=O)c1c[nH]c2ncnc(N3CCN(C(=O)C(N)Cc4ccc(Cl)cc4)CC3)c12,0.8103
NC(=O)c1cc(-c2ccccc2)cn2c(-c3ccccc3)c(-c3ccc(C4(N)CCC4)cc3)nc12,0.8167
CC(=O)NCCn1cc(-c2ccc(F)c(C)c2)nc1C1CCN(c2ncnc(N)c2C(F)(F)F)CC1,0.7125
CCc1cncnc1N1CCC(c2nc(-c3ccc(F)c(C)c3)cn2CCNCC2CC2)CC1,0.7215
N#Cc1ccn2c(-c3ccccc3)c(-c3ccc(C4(N)CCC4)cc3)nc2c1,0.7222
c1ccc(-c2cn3nccc3nc2-c2ccc(CN3CC(c4n[nH]c(-c5ccccn5)n4)C3)cc2)cc1,0.7123
Cn1nccc1-c1ccc(C(=O)NC2CNCCC2c2ccc(F)nn2)c(Cl)c1,0.7463
Nc1ncnc(N2CCC(c3nc(-c4cccc(Cl)c4)cn3CCN3CCC(F)C3)CC2)c1C(=O)N1CCCC1,0.7564
Cc1ccc(-c2ccnn2C)cc1C(=O)NC1CNCCC1c1ccc(F)cc1,0.7231
Cc1cc(-c2cn(CCNC3CCCC3)c(C3CCN(c4ncnc(N)c4Cl)CC3F)n2)ccc1F,0.7722
Nc1ncnc(N2CCC(c3nc(-c4ccc(F)c(C(F)(F)F)c4)cn3CCNC3CCCCC3)CC2)c1Br,0.7975
CNCCn1cc(-c2ccccc2)nc1C1CCN(c2ncnc(N)c2Cl)CC1,0.7286
NC(=O)Cc1c(N)ncnc1N1CCC(c2nc(-c3ccnc(F)c3)cn2CCN2CCC2)CC1,0.7237
CNCCn1cc(-c2ccc(F)c(C#N)c2)nc1C1CCN(c2ncnc(N)c2F)CC1,0.7467
CC(=O)c1c(N)ncnc1N1CCC(c2nc(-c3ccnc(C(F)(F)F)c3)cn2CCN2CCCC2)CC1,0.8514
Cn1ncc(Br)c1-c1ccc(C(=O)NC2CNCCC2c2ccc(Cl)c(F)c2)cc1F,0.7042
Cn1c(CC(=O)N2CCc3cc(F)c(F)cc32)nc(N2CCOCC2)c1Br,0.7049
Cn1nccc1-c1ccc(C(=O)NC2CNCC2c2ccc(F)c(N)c2)cc1,0.7188
Cn1nccc1-c1cc(F)c(C(=O)NC2CNCCC2c2cccs2)cc1F,0.7424
CCNC(=O)c1c(N)ncnc1N1CCC(c2nc(-c3ccc(F)c(F)c3)cn2CCN2CCCC2)CC1,0.7368
NC1(C(=O)NC(Cc2ccc(Cl)cc2)C(=O)O)CCN(c2ncnc3[nH]ccc23)CC1,0.7576
O=C(NC1CNCCC1c1ccc(Cl)cc1)c1ccc(-c2ccnnc2)o1,0.7377
O=C(NC(CO)c1ccccc1)c1cc(Br)c(-c2ccnc3[nH]ccc23)s1,0.8621
O=C(Cc1nc(N2CCCC2)cc(=O)[nH]1)N1CCc2c(F)cccc21,0.8393
O=C(NC1CNCCC1c1ccccn1)c1cc2c(s1)CCCn1ncc(Br)c1-2,0.7273
Cn1ncc(Cl)c1-c1cc(F)cc(C(=O)NC2CNCCC2c2cccc(F)c2)c1,0.8462
COc1ncc(-c2cc3c(C)nc(N)nc3n(C3CCC(N4CCN(C)CC4)CC3)c2=O)cc1F,0.7324
Nc1ncnc(N2CCC(c3nc(-c4ccc(F)c(C(F)(F)F)c4)cn3CC(=O)NCCN3CCCC3)CC2)c1F,0.7792
NC(=O)CCn1cc(-c2cccc(C(F)(F)F)c2)nc1C1CCN(c2ncnc(N)c2F)CC1,0.7051
CN(C)c1cc(N2CCC(c3nc(-c4ccc(F)c(F)c4)cn3CCN3CCC3)CC2)ncn1,0.7463
Cn1ncc(-c2cccc(F)c2)c1-c1ccc(C(=O)NC2CNCC2c2ccncc2)s1,0.7432
CC1(O)CC(N)(c2ccc(-c3nc4n(c3-c3ccsc3)COc3c(F)cccc3-4)cc2)C1,0.7761
Cc1n[nH]c2ccc(-c3cc(OCC(N)Cc4c[nH]c5ccccc45)cnc3-c3ccoc3)cc12,0.8378
CC(C)NCCn1cc(-c2cccc(C(F)(F)F)c2)nc1C1CCN(c2ncnc(N)c2C(N)=O)CC1,0.7949
CC(=O)Nc1ccc(C2CNCC2NC(=O)c2ccc(-c3c(Cl)cnn3C)s2)cc1,0.7015
CCn1cc(-c2ccc(F)c(OC)c2)nc1C1CCN(c2ncnc(N)c2C(N)=O)CC1,0.8243
CCOc1cc2c(nc(-c3nonc3N)n2CC)c(C#CC(C)(C)O)n1,0.8644
Cn1nccc1-c1ccc(C(=O)NC2CNCCC2c2cncc(F)c2)cn1,0.7846
CCc1c(N)ncnc1N1CCC(c2nc(-c3ccc(F)c(C)c3)cn2CCNC(C)=O)CC1,0.75
Cc1nc(-c2ccccc2)oc1CC(N)COc1cncc(-c2cc3c(C)n[nH]c3cn2)c1,0.7344
Cc1cc(-c2cn(CCNC(C)C)c(C3CCN(c4ncnc(N)c4Cl)CC3F)n2)ccc1F,0.8442
CNc1cc(-c2cn(CCN3CCC3)c(C3CCN(c4ncnc(N)c4Cl)CC3)n2)cc(F)c1C,0.7162
Cc1nc(-c2cccc(-c3cncc(OCC(N)Cc4c[nH]c5ccccc45)c3)c2)n[nH]1,0.7059
Cn1nccc1-c1ccc(C(=O)NC2CNCCC2c2cocn2)cc1F,0.7313
NC1(c2ccc(-c3nc4n(c3-c3ccccc3)COc3cccnc3-4)cc2)CCOCC1,0.8545
Nc1ncnc(N2CCC(c3nc(-c4ccc(F)[n+]([O-])c4)cn3CCN3CCC3)CC2)c1Cl,0.7647
Nc1ncnc(N2CCC(c3nc(-c4ccc(F)cc4)cn3CC3CNC3)CC2)c1Br,0.7164
NC(COc1cncc(-c2ccc3c(c2)C(=Cc2cccnc2)C(=O)N3)c1)Cc1ccccc1,0.7429
Cn1cc(-c2cccc(F)c2)nc1C1CCN(c2ncnc(N)c2Br)CC1,0.7424
NC(=O)c1cccnc1N1CCC(c2nc(-c3ccc(F)c(C(F)(F)F)c3)cn2CCNCC2CC2)CC1,0.7439
NC(COc1cncc(-c2cnc3ccccc3c2)c1)Cc1c[nH]c2ccccc12,0.7377
Cn1ncc(Cl)c1-c1cc(F)c(C(=O)NC2CNCCC2c2cccc(Cl)c2)cc1F,0.8485
NC(COc1cncc(-c2cc3cn[nH]c3cn2)c1)Cc1ccccc1F,0.7302
CC(=O)C(NC(=O)C1(N)CCN(c2ncnc3[nH]ccc23)CC1)c1ccc(Cl)cc1,0.8475
CNCCn1cc(-c2ccc(F)c(O)c2)nc1C1CCN(c2ncnc(N)c2C(N)=O)CC1,0.8611
NC1(c2ccc(-c3nnc4n3-c3cccnc3Nc3cscc3-4)cc2)CCC1,0.7679
Cn1nnnc1-c1ccc(-c2cn(CCN3CCC3)c(C3CCN(c4ncnc(N)c4Cl)CC3)n2)cc1F,0.7368
O=C(NC1CNCCC1c1ccc(F)s1)c1cc2c(s1)OCCn1nccc1-2,0.7826
NC(=O)c1ccc2nc(-c3ccc(C4(N)CCC(N)C4)cc3)c(-c3ccccc3)n2c1,0.7586
NC(=O)c1cccc2c(NC(CNC3CCCC3)c3cccc(F)c3)ncnc12,0.7541
Nc1ncnc(N2CCC(c3nc(-c4ccc(F)c(C(F)(F)F)c4)cn3CCNC=O)CC2)c1Cl,0.7632
NC(=O)c1c(N)ncnc1N1CCC(c2nc(-c3cccc(Cl)c3)cn2CCF)CC1,0.8286
CC(C)N(C)CCn1cc(-c2ccc(F)c(F)c2)nc1C1CCN(c2ncnc(N)c2C#N)CC1,0.8889
O=C(NC(c1ccccc1)C1CCCNC1)c1ccc2cnccc2c1,0.7705
COc1ccnc(-c2cn(CC3CNC3)c(C3CCN(c4ncnc(N)c4OC)CC3)n2)c1,0.7162
O=C(NC1CNCCC1c1ccc(F)c(F)c1)c1ccc(-c2ncccn2)cc1,0.7049
CC1(O)CC(N)(c2ccc(-c3nc4n(c3-c3ccccc3)COc3cc(CC(N)=O)ccc3-4)cc2)C1,0.8209
Cn1ncc(Cl)c1-c1cc(F)c(C(=O)NC2CNCC2c2ccc(F)cc2)cc1F,0.7313
NC(COc1cncc(-c2ccc3[nH]ncc3c2)c1)Cc1ccccc1F,0.7258
CNCC(NC(=O)C1(N)CCN(c2ncnc3[nH]ccc23)CC1)c1ccc(Cl)c(Cl)c1,0.7042
CCn1cc(-c2ccc(F)c(OC(F)F)c2)nc1C1CCN(c2ncnc(N)c2C(N)=O)CC1,0.8182
Cn1nccc1C1CCNCC1NC(=O)c1ccc(-c2c(Cl)cnn2C)o1,0.7778
Cc1cc(-c2cn(CC3CNC3)c(C3CCN(c4ncnc(N)c4C)CC3)n2)ccc1F,0.8406
NC(=O)Cn1cc(-c2cccc(F)c2)nc1C1CCN(c2ncnc(N)c2Br)CC1,0.7429
Cn1nccc1-c1cccc(C(=O)NC2CNCCC2c2ccc(F)cc2)c1Br,0.7273
CN(C)C(=O)c1ccc2c(c1)-c1nc(-c3ccc(F)cc3)c(-c3ccccc3)n1CO2,0.7206
O=C(NC(c1cccc(Cl)c1)C1CCNCC1)c1cccc(-c2cccnc2)c1,0.7097
NC(Cc1ccc(C(F)(F)F)cc1)C(=O)N1CCN(c2ncnc3ccccc23)CC1,1
Cn1nccc1-c1ccc(C(=O)NC2(c3ccc(Cl)c(Cl)c3)CCNCC2)cc1,0.7419
NC1(c2ccc(-c3nc4c(C#CCN5CCCC5)cccn4c3-c3ccccc3)cc2)CCC1,0.7
Cc1cc(-c2cn(CCN3CCC3)c(C3CCN(c4ncnc(N)c4C)CC3)n2)ccc1F,0.8507
CNC(=O)c1ccccc1NC(=O)Cc1nc(N2CCOCC2)cc(=O)[nH]1,0.7077
CCc1ncc(-c2cncc(OCC(N)Cc3c[nH]c4ccccc34)c2)cc1OC,0.7164
CCC1(O)CC(N)(c2ccc(-c3nc4n(c3-c3ccccc3)COc3ccc(C(=O)NC)cc3-4)cc2)C1,0.8429
NC(COc1cncc(-c2ccc3[nH]nc(-c4ccoc4)c3c2)c1)Cc1c[nH]c2ccccc12,0.8182
CCCNCCn1cc(-c2ccc(F)c(C(F)(F)F)c2)nc1C1CCN(c2ncnc(N)c2C(N)=O)CC1,0.8625
Cc1cc(-c2cn(CCNCC(C)C)c(C3CCN(c4ncnc(N)c4Br)CC3)n2)ccc1F,0.8052
NC(=O)c1c(N)ncnc1N1CCC(c2nc(-c3ccc(F)c(F)c3)cn2CCNCCN2CCCC2)CC1,0.7662
CN(C)CCn1cc(-c2ccc(F)c(C(C)(F)F)c2)nc1C1CCN(c2ncnc(N)c2C(N)=O)CC1,0.9054
O=C(NC1CCCC1)NC1(c2ccc(-c3nnc4n3-c3cccnc3Nc3ccccc3-4)cc2)CCC1,0.7391
CC1CN(CC(Nc2ncnc3c(C(N)=O)cccc23)c2ccc(F)cc2)CCN1,0.7385
CC(NC(=O)C1(N)CCN(c2ncnc3[nH]ccc23)CC1)c1ccc(C(F)(F)F)nn1,0.7164
Cn1c(CC(=O)Nc2ccc(F)c(Br)c2)nc(N2CCOCC2)c(Cl)c1=O,0.7077
CC1C(=O)Nc2ncnc(N3CCC(c4nc(-c5cncnc5)ccc4NCCN(C)C)CC3)c21,0.8158
Cn1nccc1-c1c(F)cccc1C(=O)NC1CNCCC1c1ccc(F)cc1,0.7231
Cn1ncc(Cl)c1-c1ccc(C(=O)NC2CNCCC2c2ccccc2F)s1,0.7429
CN(C)CCn1cc(-c2ccc(F)c(O)c2)nc1C1CCN(c2ncnc(N)c2C#N)CC1,0.8472
CC(NC(=O)C1(N)CCN(c2ncnc3[nH]ccc23)CC1)c1cccc(Cl)c1,0.8033
NC(=O)c1c(N)ncnc1N1CCC(c2nc(-c3ccc(F)c(Cl)c3)cn2CC2CNC2)CC1,0.8158
NC1(c2ccc(-c3nc4c(Cl)cc(Cl)cn4c3-c3ccccc3)cc2)CCC1,1
CCNCC(Nc1ncnc2c(C(N)=O)cccc12)c1ccc(F)c(F)c1,0.7031
Cn1nccc1-c1cc(C(=O)NC2CNCCC2c2ccc(F)cc2)c(F)cc1C#N,0.7879
Nc1ncnc(N2CCC(c3nc(-c4ccnc(C(F)(F)F)c4)cn3CCNCC3CC3)CC2)c1Br,0.8267
Cn1ncc(-c2cnccc2C(=O)NC2CNCCC2c2cccc(F)c2)c1-c1ccncc1,0.7105
NC(Cc1ccc(F)c(F)c1)C(=O)N1CCN(c2ncnc(N3CCC3)c2Cl)CC1,0.7
CNCCn1cc(-c2ccc(F)c(C)c2)nc1C1CCN(c2ncnc(N)c2OC(C)C)CC1,0.8133
CN(C)CCn1cc(-c2cccc(Br)c2)nc1C1CCN(c2ncnc(N)c2C(N)=O)CC1,0.75
Cn1ncc(-c2ccc(C(=O)NC3CNCCC3c3ccc(F)c(F)c3)cc2F)c1C(F)(F)F,0.7101
Cc1oc(C(=O)NC2CNCCC2c2cccc(Br)c2)cc1-c1c(Cl)cnn1C,0.7183
CN(C)CCn1cc(-c2ccc(F)c(C(F)(F)F)c2)nc1C1CCN(c2ncnc(N)c2O)CC1,0.8333
COc1cc(-c2cn(CCN3CCCC3)c(C3CCN(c4cc(N)ncn4)CC3)n2)ccc1F,0.8182
CCOc1ncccc1CC(N)COc1cncc(-c2ccc3[nH]nc(C)c3c2)c1,0.7231
COCCn1cc(-c2ccc(F)c(C(F)(F)F)c2)nc1C1CCN(c2ncnc(N)c2F)CC1,0.7887
Cn1ncc(Cl)c1-c1cc(F)c(C(=O)NC2CNCCC2c2ccccc2)cc1F,0.8308
Cn1nccc1-c1ccc(C(=O)NC2CNCC2c2ccc(Br)c(F)c2)cc1,0.7188
COc1c(N)ncnc1N1CCC(c2nc(-c3ccc(F)c(F)c3)cn2CCCN(C)C)CC1,0.7013
Nc1cc(N2CCC(c3nc(-c4ccnc(C(F)F)c4)cn3CCN3CCC3)CC2)ncn1,0.7101
CNC(=O)Nc1ccc(-c2nnc3n2-c2cccnc2Nc2ccccc2-3)cc1,0.7586
NC(=O)c1[nH]nc2ccc(-c3cncc(OCC(N)Cc4c[nH]c5ccccc45)c3)cc12,0.7059
O=C(NC(c1ccc(Cl)c(Cl)c1)C1CCNCC1)c1ccc2cnccc2c1,1
Cc1cc(-c2cn(CC3CNC3)c(C3CCN(c4ncnc(N)c4F)CC3F)n2)ccc1F,0.84
Cc1cc(-c2cn(CCN3CCC3)c(C3CCN(c4ncnc(N)c4C(N)=O)CC3)n2)cs1,0.7432
Cc1n[nH]c2cnc(-c3cncc(OCC(N)Cc4ccc(C(F)(F)F)cc4)c3)cc12,1
CC(=O)NCCn1cc(-c2ccc(F)c(C)c2)nc1C1CCN(c2ncnc(N)c2C=O)CC1,0.7125
Nc1ncnc(N2CCC(c3nc(-c4ccnc(C(F)(F)F)c4)cn3CCNCC3CC3)CC2)c1F,0.7
Cn1nnc(-c2ccc(C(=O)NC3CNCCC3c3cccc(F)c3)s2)n1,0.7
CC1SCc2ncnc(N3CCN(C(=O)C(N)Cc4ccc(C(F)(F)F)cc4)CC3)c21,0.8065
CCOCCn1cc(-c2ccc(F)cc2)nc1C1CCN(c2ncnc(N)c2Cl)CC1,0.7463
Cc1n[nH]c2ccc(-c3cncc(OCC(N)Cc4c(F)cccc4F)c3F)cc12,0.7419
NC(COc1cncc(-c2ccc3[nH]cc(CC(N)c4ccccc4)c3c2)c1)Cc1c[nH]c2ccccc12,0.75
O=C(NC1CNCCC1c1cccc(F)n1)c1cc2c(s1)CCCn1ncc(Br)c1-2,0.7763
Cc1n[nH]c2ccc(-c3cncc(OCC(N)Cc4cccc(OCc5ccccc5)c4)c3)cc12,0.8095
Nc1ncnc(N2CCC(c3nc(-c4cccc(F)c4)cn3CCN3CCCC3)CC2)c1CC1CC1,0.8406
Cc1cc(-c2cn(CCN(C)C(C)C)c(C3CCN(c4ncnc(N)c4Br)CC3)n2)ccc1F,0.8133
COc1cccc(-c2cn(CCN3CCCC3)c(C3CCN(c4cc(N)ncn4)CC3)n2)c1,0.7101
Nc1ncnc(N2CCC(c3nc(-c4ccc(F)cc4)cn3CCN3CCCC3)CC2)c1F,0.8361
CCc1c(C(=O)NC2CNCCC2c2ccc(F)cc2)cccc1-c1ccnn1C,0.7059
Cc1c(-c2ccc(C(=O)NC3CNCCC3c3ccc(Cl)cc3)o2)cnn1C,0.7656
Cn1ncc(Cl)c1-c1cncc(C(=O)NC2CNCCC2c2ccc(F)c(Cl)c2)c1,0.75
CCN(C)CCn1cc(-c2ccc(F)c(C(F)(F)F)c2)nc1C1CCN(c2ncnc(N)c2C(N)=O)CC1,0.8816
N#Cc1cc(C(N)=O)cn2c(-c3ccccc3)c(-c3ccc(C4(N)CCC4)cc3)nc12,0.7541
O=C(NC1CNCCC1c1ccncc1)c1cc2c(s1)OCCn1nccc1-2,0.8182
O=C(NC1CCCNC1c1cccc(F)c1)c1cc2c(s1)CCCn1ncc(Br)c1-2,0.7632
Cn1nccc1-c1ccc(C(=O)NC2CNCCC2c2ccc(Cl)cc2)nc1,0.7538
Cn1c(CC(=O)N2CCc3c(Cl)cccc32)nc(N2CCOCC2)c(Cl)c1=O,0.7188
COc1ccc(C2CCNCC2NC(=O)c2ccc(-c3ccnn3C)cc2Cl)cc1,0.7612
Cn1cc(-c2cn(CCN3CCCC3)c(C3CCN(c4ncnc(N)c4Cl)CC3)n2)cn1,0.7538
Cc1cc(-c2cn(CCN(C)C)c(C3CCN(c4cc(C(N)=O)ncn4)CC3)n2)ccc1F,0.7467
CCCCNC(=O)c1c(N)ncnc1N1CCC(c2nc(-c3ccc(F)c(F)c3)cn2CCN2CCCC2)CC1,0.7
Nc1cc(N2CCC(c3nc(-c4ccncc4)cn3CCN3CCC3)CC2)ncn1,0.7344
Cc1cccc2c(N3CCN(C(=O)C(N)Cc4ccc(Cl)cc4)CC3)ccnc12,0.7288
Cn1nc(F)nc1-c1ccc(C(=O)NC2CNCCC2c2cccc(F)c2)s1,0.75
Cc1cccn2c(-c3ccccc3)c(-c3ccc(C4(N)CC(F)C4)cc3)nc12,0.75
CC(C)NCCn1cc(-c2cccc(F)c2)nc1C1CCN(c2ncnc(N)c2C(N)=O)CC1,0.8052
CNC(=O)c1ccc2c(c1)-c1nc(-c3ccc(C4(N)CCC(C)C4)cc3)c(-c3ccccc3)n1CO2,0.7568
Cn1ncc(-c2ccc(C(=O)NC3CNCCC3c3cccc(F)c3)cc2Cl)c1F,0.7143
O=C(NC1CNCCC1c1cccc(F)c1)c1ccc(-c2ccc(F)cc2)cn1,0.7302
Cc1ncc(C2CCNCC2NC(=O)c2ccc(-c3cn[nH]c3)o2)cn1,0.7541
CN(C)CCn1cc(-c2ccccc2)nc1C1CCN(c2ncnc(N)c2C(N)=O)CC1,0.7639
Cc1n[nH]c2ccc(-c3cncc(OCC(N)Cc4ccco4)c3)cc12,0.7143
Cn1nccc1-c1ccc(C(=O)NC2CNCCC2c2cccc(F)c2)cn1,0.8
NC1(C(=O)NCc2c(F)ccc(F)c2F)CCN(c2ncnc3[nH]ccc23)CC1,0.7167
Nc1ncnc(N2CCC(c3nc(-c4ccnc(C(F)(F)F)c4)cn3CCN3CCC3)CC2)c1C(=O)C1CC1,0.8649
CC(C)NC(=O)c1c(N)ncnc1N1CCC(c2nc(-c3ccc(F)c(F)c3)cn2CCN2CCCC2)CC1,0.7342
COC(=O)c1ccc2c(c1)-c1nc(-c3ccc(C4(N)CC(C)(O)C4)cc3)c(-c3ccccc3)n1CO2,0.8358
Cc1c(C(N)=O)cn2c(-c3ccccc3)c(-c3ccc(C4(N)CCC4)cc3)nc2c1C,0.7288
NC(Cc1cc(F)ccc1F)C(=O)N1CCN(c2ncnc3ccccc23)CC1,0.75
Nc1ncnc(N2CCC(c3nc(-c4ccc(F)c(C(F)(F)F)c4)cn3CC(=O)NCCN3CCCC3)CC2)c1Cl,0.7625
CC1(O)CC(N)(c2ccc(-c3nc4n(c3-c3ccccc3)CCOc3ncccc3-4)cc2)C1,0.8361
O=C(NC1CNCCC1c1ccncc1)c1cc(-c2ccn[nH]2)ccc1F,0.7258
NC(=O)c1cc(Br)c2nc(-c3ccc(C4(N)CCC(N)C4)cc3)c(-c3ccccc3)n2c1,0.7742
Cn1nccc1-c1ccc(C(=O)NC2CNCC2c2cccc(F)c2)c(F)c1,0.7344
Cn1ncc(Cl)c1-c1csc(C(=O)NC2CNCCC2c2nc(-c3cccc(F)c3)co2)c1,0.7532
Cn1nccc1-c1ccc(C(=O)NC2CNCCC2c2cccc(Br)c2)cn1,0.7463
COC1CCNCC1NC(=O)c1cc(F)c(-c2c(Br)cnn2C)cc1F,0.7059
CNC(=O)CCn1cc(-c2ccc(F)c(C)c2)nc1C1CCN(c2ncnc(N)c2F)CC1,0.7051
CCn1cc(-c2ccc(F)c(N)c2)nc1C1CCN(c2ncnc(N)c2C(N)=O)CC1,0.7361
NC(COc1cncc(-c2ccc3nc(CO)ccc3c2)c1)Cc1c[nH]c2ccccc12,0.7273
Cc1cc(-c2cn(CCNC(C)C)c(C3CCN(c4ncnc(N)c4OCCF)CC3)n2)ccc1F,0.75
Cc1cc(-c2cn(CCNC3CCOCC3)c(C3CCN(c4ncnc(N)c4F)CC3)n2)ccc1F,0.725
Cc1n[nH]c2ccc(-c3cncc(OCC(N)Cc4cnn(C)c4)c3)cc12,0.7258
NC1(c2ccc(-c3nc4c(Br)cc(Br)cn4c3-c3ccccc3)cc2)CCC1,0.8077
O=C(Nc1ccc(-c2nnc3n2-c2cccnc2Nc2ccccc2-3)cc1)c1cccc(F)c1F,0.7302
NC1(c2ccc(-c3nnc4n3-c3cccnc3Nc3ccccc3-4)cc2)CCC2CC21,0.7
Cn1nccc1-c1ccc(C(=O)NC2CNCCC2Cl)c(F)c1,0.7377
Cc1n[nH]c2ccc(-c3cncc(OCC(N)Cc4ccc(F)c(C(F)(F)F)c4)n3)cc12,0.7391
Nc1ncnc(N2CCC(c3nc(-c4ccc(F)c(C(F)(F)F)c4)cn3CCO)CC2)c1Br,0.8286
Cn1cc(C2CCNCC2NC(=O)c2cc(F)c(-c3c(Br)cnn3C)cc2F)cn1,0.803
NC1(c2ccc(-c3nnc4n3-c3cccnc3Nc3ccccc3-4)cc2)CCN(C2CCCC2)CC1,0.7931
CC(F)(F)c1ccc2nc(-c3ccc(C4(N)CCC4)cc3)c(-c3ccccc3)n2n1,0.7037
Cc1n[nH]c2ccc(-c3cc(OCC(N)Cc4ccccc4)cnc3F)cc12,0.8
CNC(=O)c1cccc(-c2cnc3cc(-c4ccccc4)c(-c4ccc(C5(N)CCC5)cc4)nn23)c1,0.8281
O=C(NC1CNCCC1c1ccc(F)nc1)c1cc2c(s1)CCCn1ncc(Br)c1-2,0.8219
CC(C)CC(NC(=O)C1(N)CCN(c2ncnc3[nH]ccc23)CC1)c1ccc(Cl)cc1,0.8387
NC(=O)c1c(N)ncnc1N1CCC(c2nc(-c3ccc(F)c(C(F)(F)F)c3)cn2CCNCCN2CCCC2)CC1,0.8816
Nc1cc(N2CCC(c3nc(-c4ccc(O)c(F)c4)cn3CCCN3CCC3)CC2)ncn1,0.75
Cn1ncc(Br)c1-c1ccc(C(=O)NC2CNCCC2c2cccc(Br)c2)cc1,0.7692
Cc1nc(N)nc2c1cc(-c1ccc([S+](C)[O-])cc1)c(=O)n2C1CCC(OCCO)CC1,0.7286
NC(=O)C(NC(=O)C1(N)CCN(c2ncnc3[nH]ccc23)CC1)c1cccc(F)c1,0.7231
NC(=O)c1cccc2c(NC(CN3CC(F)C3)c3ccc(F)c(F)c3)ncnc12,0.8065
N#Cc1c(N)ncnc1N1CCC(c2nc(-c3ccc(F)c(Cl)c3)cn2CCN2CCCC2)CC1,1
Cc1cccc(-c2cn(CCN3CCC3)c(C3CCN(c4ncnc(N)c4C(N)=O)CC3)n2)c1,0.8056
Cn1cc(-c2ccc(F)c(F)c2)nc1C1CCN(c2ncnc(N)c2Br)CC1,0.8197
Cc1cc(-c2cn(CCNCC3CC3)c(C3CCN(c4nccnc4C)CC3)n2)ccc1F,0.7013
Cc1n[nH]c2ccc(-c3cnc(OCC(N)Cc4ccc(F)cc4F)cn3)cc12,0.7077
O=C(Nc1ccc(-c2nnc3n2-c2cccnc2Nc2ccccc2-3)cc1)c1cc(F)ccc1F,0.7188
CCN(CCn1cc(-c2cc(F)nc(F)c2)nc1C1CCN(c2ncnc(N)c2OC(C)C)CC1)CC(F)(F)F,0.7195
Nc1cc(N2CCC(c3nc(-c4ccccc4F)cn3CCN3CCCC3)CC2)ncn1,0.7538
CNCCn1cc(-c2ccc(F)c(C(F)(F)F)c2)nc1C1CCN(c2ncnc(N)c2C(=O)NC)CC1,0.88
O=C(NC(c1ccc(Cl)c(F)c1)C1CCNCC1)c1ccc(-c2ccncc2)cc1,0.7377
O=C(Nc1ccc(-c2nnc3n2-c2cccnc2Nc2ccccc2-3)cc1)c1ccc(Br)o1,0.7419
C[N+](=O)c1cc(-c2cn(CCN3CCCC3)c(C3CCN(c4cc(N)ncn4)CC3)n2)ccc1F,0.806
CC(=O)Nc1ccc2nc(-c3ccc(C4(N)CC(C)(O)C4)cc3)c(-c3ccccc3)n2c1,0.7966
Cc1n[nH]c2cnc(-c3cncc(OCC(N)Cc4ccccc4F)c3)cc12,0.8814
Cc1ccc(-c2cn(CCN(C)C)c(C3CCN(c4ncnc(N)c4F)CC3)n2)cc1F,0.7361
NC(=O)c1c(N)ncnc1N1CCC(c2nc(-c3ccc(F)c(C(F)(F)F)c3)cn2CCN2CCCC(F)C2)CC1,0.8701
Cn1nccc1-c1cccc(C(=O)NC2(c3ccc(Cl)c(Cl)c3)CCNCC2)c1,0.7188
NC1(C(=O)NCc2cccc(Br)c2)CCN(c2ncnc3[nH]ccc23)CC1,0.7213
NCCn1cc(-c2ccc(F)c(O)c2)nc1C1CCN(c2ncnc(N)c2C(N)=O)CC1,0.8143
Cc1cc(-c2cn(CCNC3CCCC3)c(C3CCN(c4ncnc(N)c4S(C)(=O)=O)CC3)n2)ccc1F,0.7848
Cn1ncc(Br)c1-c1ccc(C(=O)NC2CNCCC2c2cccs2)o1,0.7206
Cc1ccnc2ccc(-c3cncc(OCC(N)Cc4ccc(Br)cc4F)c3)cc12,0.7015
NC(=O)NC1(c2ccc(-c3nnc4n3-c3cccnc3Nc3ccccc3-4)cc2)CCCCC1,0.7692
NC1(c2ccc(-n3c(-c4ccccc4)nc4cccnc43)cc2)CCC1,0.72
NC(COc1cncc(-c2ccc3[nH]nc(-c4ccccc4)c3c2)c1)Cc1c[nH]c2ncccc12,0.8281
NC(COc1cncc(-c2ccc3[nH]nc(F)c3c2)c1)Cc1ccccc1F,0.7419
NC(=O)c1ccnc2c(NC(CN3CCC3)c3ccc(F)cc3F)ncnc12,0.746
Cn1nccc1-c1sc(C(=O)NC2CNCCC2c2ccc(Cl)cc2)cc1Br,0.7273
O=C(NC1CNCCC1c1cccc(F)c1)c1ccc(-c2ccc(Cl)cc2)cn1,0.7077
O=C(NC1CNCCC1c1ccc(Cl)cc1)c1ccc(-c2ccc(F)cc2)o1,0.7167
O=C(NC(c1ccc(F)c(F)c1)C1CC1)c1ccc2cnccc2c1,0.7288
Cc1csc(C2CCNCC2NC(=O)c2ccc3c(c2)OCCn2nccc2-3)c1,0.7143
CN(C)C(=O)c1c(N)ncnc1N1CCC(c2nc(-c3ccc(F)c(F)c3)cn2CCN2CCC2)CC1,0.7532
Cc1cc(-c2cn(CCNCCC3CC3)c(C3CCN(c4ncnc(N)c4F)CC3)n2)ccc1F,0.7215
Cn1ncc(Br)c1-c1cc(F)c(C(=O)NC2CNCCC2c2ccc(CO)o2)cc1F,0.7027
NC(Cc1ccc(Cl)cc1)C(=O)N1CCN(c2ccnc3cccnc23)CC1,0.7679
Cn1ncnc1-c1cc(F)c(C(=O)NC2CNCCC2c2ccc(F)cc2)cc1F,0.7385
O=C(NC(c1ccc(F)cc1)C1CCCNC1)c1ccc2cnccc2c1,0.7742
CC1Cc2c(ccc(F)c2F)N1C(=O)Cc1nc(N2CCOCC2)c(F)c(=O)n1C,0.7846
Cn1ncc(Cl)c1-c1ccc(C(=O)NC2CNCCC2c2ccc(F)c(C(F)(F)F)c2)o1,0.7794
COc1ccc(-c2cc3c(C)nc(N)nc3n(C3CCC(O)CC3)c2=O)cn1,0.7937
COc1cc(-c2cncc(OCC(N)Cc3c[nH]c4ccccc34)c2)cnc1N,0.7031
CN(C)CCn1cc(-c2ccnc(C(F)F)c2)nc1C1CCN(c2ncnc(N)c2C(N)=O)CC1,0.7436
NC1(c2ccc(-c3nc4ccc(C(=O)NC5CC5)cn4c3-c3ccccc3)cc2)CCC1,0.7719
Cc1cc(NC(=O)Cc2nc(N3CCOC(C)C3)cc(=O)[nH]2)ccc1F,0.8095
Cc1cc(-c2cn(CCN3CCCCC3)c(C3CCN(c4ncnc(N)c4C(N)=O)CC3)n2)ccc1F,0.9853
O=C(NC1CNCCC1c1ccc(F)c(Cl)c1)c1ccc2c(c1)OCCn1nccc1-2,0.8657
Cc1n[nH]c2ccc(-c3cncc(OCC(N)Cc4cnc5ccccc5c4)c3)cc12,0.7031
CC1SCc2ncnc(N3CCN(C(=O)C(N)Cc4cc(F)c(F)cc4F)CC3)c21,0.7812
Cn1ncc(Br)c1-c1coc(C(=O)NC2CNCCC2c2ccc(F)cc2)c1,0.8462
NC(=O)c1ccc2nc(-c3ccc(C4(N)CC(F)(F)C4)cc3)c(-c3ccccc3)n2c1,0.7818
O=C(NC(c1ccc(Cl)c(F)c1)C1CNCCO1)c1ccc2cnccc2c1,0.7164
Cc1n[nH]c2cnc(-c3cncc(OCC(N)Cc4cc(C#N)ccc4F)c3)cc12,0.7576
Nc1cc(N2CCC(c3nc(-c4ccc(F)cc4F)cn3CCN3CCC3)CC2)ncn1,0.7164
COc1cccc(C(CN2CCC2)Nc2ncnc3c(C(N)=O)cccc23)c1,0.7742
Cn1nccc1-c1cc(F)c(C(=O)NC2CNCC2c2ccc(F)cc2)c(F)c1,0.7097
Cc1cc(C2CCNCC2NC(=O)c2ccc(-c3ccnn3C)cc2)ncc1F,0.7015
Nc1ccc(-c2cncc(OCC(N)Cc3c[nH]c4ccccc34)c2)cc1,0.7627
Cc1cccc(NC(=O)c2ccc3nc(-c4ccc(C5(N)CCC5)cc4)c(-c4ccccc4)n3n2)c1,0.7385
Cc1cc(-c2cn(CCC(N)=O)c(C3CCN(c4ncnc(N)c4F)CC3)n2)ccc1F,0.7397
Nc1ncnc(N2CCC(N)(C(=O)NCc3ccc(Cl)cc3)CC2)c1Cl,0.7018
Cc1nc(C2CCNCC2NC(=O)c2ccc(-c3c(Br)cnn3C)o2)co1,0.7246
O=C(NC1CNCCC1c1cnc(C(F)(F)F)nc1)c1cc2c(s1)OCCn1nccc1-2,0.7639
CCC1CN(c2ncnc3[nH]ccc23)CCN1C(=O)C1(c2ccc(Cl)cc2)CCNCC1,0.7015
Cc1nc(C=O)cn2c(-c3ccccc3)c(-c3ccc(C4(N)CCC4)cc3)nc12,0.7593
O=C(NC1CNCCC1c1ccc(F)cc1)c1ccc(-c2ccc(Cl)cc2)o1,0.7167
Nc1cc(N2CCC(c3nc(-c4ccc(Br)c(F)c4)cn3CCN3CCC3)CC2)ncn1,0.8281
Cc1n[nH]c2ccc(-c3cncc(OCC(N)Cc4ccc(F)cc4Cl)c3)cc12,0.85
Cc1ccc(-c2cn(CCN3CCC3)c(C3CCN(c4ncnc(N)c4Br)CC3)n2)cc1F,0.8806
Nc1ccc2cc(-c3cncc(OCC(N)Cc4c[nH]c5ccccc45)c3)ccc2c1,0.8167
COc1cc(-c2cn(CCN(C)C)c(C3CCN(c4ncnc(N)c4C(=O)N(C)C)CC3)n2)ccc1F,0.725
Nc1ncnc(N2CCC(c3nc(-c4ccccc4F)cn3CCN3CCC3)CC2)c1OCC(F)(F)F,0.7143
CNCCn1cc(-c2ccc(F)c(C(F)(F)F)c2)nc1C1CCN(c2ncnc(N(C)C)c2F)CC1,0.7089
NC(=O)CC(NC(=O)C1(N)CCN(c2ncnc3[nH]ccc23)CC1)c1ccc(Br)cc1,0.8361
NC(=O)c1ccc(N2CCC(c3nc(-c4ccc(F)c(C(F)(F)F)c4)cn3CCN3CCCC3)CC2)nc1,0.7
Cc1n[nH]c2ccc(-c3cncc(OCC(N)Cc4c(Cl)ccc(F)c4Cl)c3)cc12,0.7812
Cc1n[nH]c2ccc(-c3cncc(OCC(N)Cc4ccc(Br)nc4)c3)cc12,0.8276
Cn1ncc(Cl)c1-c1cccc(C(=O)NC2CNCCC2c2cccc(F)c2)c1F,0.7391
Cc1cc(C2CCNCC2NC(=O)c2ccc(-c3ccnn3C)c(F)c2)on1,0.7313
Nc1ncnc(N2CCC(c3nc(-c4ccsc4)cn3CCN3CCC3)CC2)c1F,0.7794
O=C(NC1CNCCC1c1cccc(F)c1)c1ccc(-c2ccccn2)cn1,0.7121
Cc1n[nH]c2ccc(-c3cncc(OCC(N)Cc4ccccn4)c3)cc12,0.7258
NCC(NC(=O)C1(N)CCN(c2ncnc3[nH]ccc23)CC1)c1ccc(Cl)c(F)c1,0.7846
NC(=O)c1ccnc2c(NC(CN3CCC3)c3cc(F)cc(OC(F)(F)C(F)F)c3)ncnc12,0.7
Cc1cccc(C=Cc2cncc(OCC(N)Cc3c[nH]c4ccccc34)c2)c1,0.7667
Cc1c(-c2ccc(C(=O)NC3CNCCC3c3ccc(F)c(F)c3)cn2)cnn1C,0.7612
Cn1nccc1-c1ccc(C(=O)NC2CNCC2c2cc(F)cc(F)c2)cc1F,0.8475
Cc1cccc(C2CCNCC2NC(=O)c2ccc(-c3c(Br)cnn3C)s2)n1,0.7083
Cc1cc(-c2cncc(OCC(N)Cc3c[nH]c4ccccc34)c2)ccc1F,0.7344
Nc1cc(N2CCC(c3nc(-c4ccc(F)c(Cl)c4)cn3CCN3CCC3)CC2)ncn1,0.8281
COCCCNC(=O)c1ccc2nc(-c3ccc(C4(N)CCC4)cc3)c(-c3ccccc3)n2c1,0.7385
Cn1nccc1-c1ccc(C(=O)NC2CNCCC2c2ccoc2)cn1,0.7538
Cc1cccn2c(-c3ccccc3)c(-c3ccc(C4(N)CC(N)(C5CC5)C4)cc3)nc12,0.7222
CC1(O)CC(N)(c2ccc(-c3nc4n(c3-c3ccncc3)COc3cc(F)ccc3-4)cc2)C1,0.8548
Cn1[nH]c2ccc(-c3cncc(OCC(N)Cc4cccc(F)c4F)c3)cc2c1=O,0.7015
CCC(=O)NCCn1cc(-c2ccc(F)c(C)c2)nc1C1CCN(c2ncnc(N)c2F)CC1,0.7308
NC(=O)c1c(N)ncnc1N1CCC(c2nc(-c3cccc(Cl)c3)cn2C(F)(F)F)CC1,0.7027
O=C(NC1CNCCC1c1cccc(F)c1)c1ccc(-c2ccncc2)cn1,0.7231
NC(=O)c1c(N)ncnc1N1CCC(c2nc(-c3cccc(Cl)c3)cn2CCN2CCCCC2)CC1,0.9848
Nc1n[nH]c2ccc(-c3cncc(OCC(N)Cc4c(F)cccc4F)c3)cc2c1=O,0.7742
Cn1ncc(Br)c1-c1ccc(C(=O)NC2CNCCC2c2ccc(F)cn2)cc1,0.7059
Cc1nc(N)nc2c1cc(-c1cccc(F)c1)c(=O)n2C1CCC(OCO)CC1,0.7246
Nc1ncnc(N2CCC(c3nc(-c4cccc(C(F)(F)F)c4)cn3CCN3CCC3)CC2)c1Cl,0.8056
O=C(NC1CNCCC1c1ccccc1)c1ccc(-c2ccc(Cl)cc2)o1,0.7119
NC(COc1cncc(-c2ccc3c(c2)OCO3)c1)Cc1c[nH]c2ccccc12,0.7031
NC(Cc1ccccc1)C(=O)NC(=O)c1cc(Br)c(-c2ccnc3[nH]ccc23)s1,0.7385
COC1CNCCC1NC(=O)c1ccc(-c2ccnn2C)cc1F,0.7031
Cc1n[nH]c2ccc(-c3cncc(OCC(N)Cc4ccc(Cl)cc4)n3)cc12,0.7097
NC1(c2ccc(-c3nc4n(c3-c3ccsc3)COc3cc(F)ccc3-4)cc2)CCC1,0.7705
Cc1c(N2CCCCC2)ncnc1N1CCN(C(=O)C(N)Cc2ccc(Cl)cc2)CC1,0.7091
Cn1ncc(Cl)c1-c1cc(C(=O)NC2CNCCC2c2ccc(F)c(F)c2)ccc1F,0.8281
c1ccc(-c2nccnc2-c2ccc(CN3CC(c4n[nH]c(-c5ccccn5)n4)C3)cc2)cc1,0.7188
Cn1nccc1-c1ccc(C(=O)NC2CNCCC2c2ncc(Cl)cn2)nc1,0.7015
NC(=O)Cc1cccn2c(-c3ccccc3)c(-c3ccc(C4(N)CCC4)cc3)nc12,0.7368
NC(=O)c1cccc2c(NC(CNCC3CC3)c3cccc(F)c3)ncnc12,0.7667
Nc1ncnc(N2CCC(c3nc(-c4ccnc(C(F)(F)F)c4)cn3CCN3CCC3)CC2)c1C(=O)Nc1ccccc1,0.8
Cc1cc(-c2cn(CCNC(C)C)c(C3CCN(c4ncnc(N(C)C)c4F)CC3)n2)ccc1F,0.7089
Cn1ncc(Br)c1-c1ccc(C(=O)NC2CNCCC2c2conn2)o1,0.7353
CN(C)CC(=O)Nc1ccc(-c2nnc3n2-c2cccnc2Nc2ccccc2-3)cc1,0.7097
CCOc1c(N)ncnc1N1CCC(c2nc(-c3ccc(F)c(C)c3)cn2CCNC(C)C)CC1,0.8312
Nc1ncnc(N2CCC(c3nc(-c4cccc(OCCN5CCCC5)c4)cn3CCN3CCCC3)CC2)c1Cl,0.8116
NC1(c2ccc(-c3nc4n(c3-c3ccccc3)COc3cccnc3-4)cc2)CC(O)(C2CC2)C1,1
CNC(=O)C1CCN(c2cnc(C(=O)Nc3csc(-c4nncn4C(C)C(F)(F)F)n3)cc2C)CC1,0.7952
NC(=O)c1cc(-c2ccccn2)cn2c(-c3ccccc3)c(-c3ccc(C4(N)CCC4)cc3)nc12,0.7424
Cc1n[nH]c2ccc(-c3cncc(OCC(N)Cc4ccc(F)cc4F)c3)nc12,0.7778
CN(C)CCn1cc(-c2ccc(F)c(C(F)(F)F)c2)nc1C1CCN(c2ncnc(N)c2C#N)CC1,1
O=S(=O)(Nc1cc(-c2ccc3nccn3n2)cnc1Cl)c1ccc(F)cc1F,0.7895
NC(=O)c1c(N)ncnc1N1CCC(c2nc(-c3ccc(F)c(C(F)(F)F)c3)cn2CCNC2CCNC2)CC1,0.8395
Cc1cc(-c2cn(CCN3CCOCC3)c(C3CCN(c4cc(N)ncn4)CC3)n2)ccc1F,0.75
NC(COc1cnc(-c2ccccc2)c(-c2ccc3[nH]nc(C(F)F)c3c2)c1)Cc1cccnc1,0.7059
Cn1ncc(Cl)c1-c1cc(F)c(C(=O)NC2CNCC2c2cccc(F)c2)cc1F,0.7
CN(C)CCn1cc(-c2cccc(C(=O)N(C)C)c2)nc1C1CCN(c2ncnc(N)c2C(N)=O)CC1,0.7403
Cc1c[nH]c2ncnc(N3CCC(N)(C(=O)NC(C)c4cccc(Cl)c4F)CC3)c12,0.7059
NC1(c2ccc(-c3nc4c(F)cccn4c3-c3ccccc3)cc2)CCCC1,0.7708
NCCCn1cc(-c2ccc(F)c(C(F)(F)F)c2)nc1C1CCN(c2ncnc(N)c2Cl)CC1F,0.9143
Cc1cc(-c2cn(CCN(C)C)c(C3CCN(c4ncnc(N)c4F)CC3F)n2)ccc1F,0.8611
CCNC(=O)Nc1cc(-c2cn(CCN3CCCC3)c(C3CCN(c4ncnc(N)c4C(N)=O)CC3)n2)ccc1F,0.775
Cc1ccc(CC(N)COc2cncc(-c3ccc4[nH]nc(C)c4c3)c2)cc1,0.8545
Cn1nccc1-c1cc(C(=O)NC2CNCCC2c2ccn(C)c(=O)c2)ccc1F,0.7101
NC(COc1cncc(-c2ccc3c(c2)C2(CC2)C(=O)N3)c1)Cc1c[nH]c2ccccc12,0.8088
CNC(=O)C(NC(=O)c1cc(Br)c(-c2ccnc3[nH]ccc23)s1)c1ccccc1,0.7385
NC1(C(=O)NCc2ccc(F)c(F)c2F)CCN(c2ncnc3[nH]ccc23)CC1,0.7049
CN(C)CCn1cc(-c2ccc(F)c(C(F)(F)F)c2)nc1C1CCN(c2ncnc(N)c2C(=O)N(C)C)CC1,0.88
Cn1ncc(-c2ccc(C(=O)NC3CNCCC3c3cccc(F)c3)nc2)c1C#N,0.7183
COc1ccc(-c2cncc(-c3cn(CCN4CCCC4)c(C4CCN(c5ncnc(N)c5Cl)CC4)n3)c2)cc1F,0.7273
Cn1ncc(Cl)c1-c1ccc(C(=O)NC2CNCCC2c2cncc(C(N)=O)c2)o1,0.7391
CSc1ccc2nc(-c3ccc(C4(N)CC(C(C)C)C4)cc3)c(-c3ccccc3)n2n1,0.7368
NC(=O)c1c(N)ncnc1N1CCC(c2nc(-c3cnc(OC(F)(F)F)c(F)c3)cn2CCN2CCCC2)CC1,0.7195
Cn1ncc(Cl)c1-c1ccc(C(=O)NC2CCNCC2c2cccc(F)c2)cn1,0.7183
CCn1cc(-c2ccnc(C(F)(F)F)c2)nc1C1CCN(c2ncnc(N)c2Br)CC1,0.8235
NC(COc1cncc(-c2cnc3c(c2)CCC(=O)N3)c1)Cc1c[nH]c2ccc(F)cc12,0.7042
CC1(O)CC(N)(c2ccc(-c3nc4n(c3-c3ccccc3)COc3ccc(OCCN)cc3-4)cc2)C1,0.8088
Cc1cc(-c2cn(CCNCCN(C)C(C)C)c(C3CCN(c4ncnc(N)c4Cl)CC3)n2)ccc1F,0.7108
NC1(c2ccc(-n3c(-c4ccccc4)nc4ccc(F)nc43)cc2)CCC1,0.7755
COCCNCCn1cc(-c2ccc(F)c(C(F)(F)F)c2)nc1C1CCN(c2ncnc(N)c2Cl)CC1,0.8148
COc1cccc2c1CCN2C(=O)Cc1nc(N2CCOCC2)c(F)c(=O)[nH]1,0.7903
Fc1ccc(-c2cn(CCN3CC(F)C3)c(C3CCN(c4cc(N5CCC5)ncn4)CC3)n2)cc1F,0.7273
O=C(Nc1ccc(-c2nnc3n2-c2cccnc2Nc2ccccc2-3)cc1)c1ccc(Cl)cc1,0.8596
CNc1ccc(-c2cn(CCN3CCC3)c(C3CCN(c4ncnc(N)c4F)CC3)n2)cc1F,0.7162
CC(=O)c1c(N)ncnc1N1CCC(c2nc(-c3ccc(F)c(F)c3)cn2CCN(C)C)CC1,0.7838
Cc1cc(-c2cn(CCNC(C)C)c(C3CCN(c4ncc(C#N)cn4)CC3)n2)ccc1F,0.7273
Cn1nccc1-c1ccc(C(=O)NC2CNCC2c2ccc(F)c(C(F)(F)F)c2)cn1,0.7246
CCOc1ccccc1C(=O)Nc1nc2ccc(-c3cnc(Cl)c(NS(=O)(=O)c4cccc(F)c4)c3)cc2s1,0.7333
COC1CCN(c2cnc(C(=O)Nc3csc(-c4nncn4C4CC4)n3)cc2Cl)C1,0.7625
Cn1nccc1-c1ccc(C(=O)NC2CNCCC2c2cccc(Cl)c2)s1,0.8154
O=C(NC1CNCCC1c1ccnc(F)c1)c1ccc(-c2cn[nH]c2)o1,0.7188
Cn1cc(-c2ccc(F)nc2)nc1C1CCN(c2ncnc(N)c2Br)CC1,0.7077
Cn1ncc(Cl)c1-c1nc(=NCC(=O)NC2CNCCC2c2ccc(F)c(F)c2)[nH]cc1Cl,0.6203
O=C(NC(c1ccc(Cl)c(Cl)c1)C1CCNC1)c1ccnnc1,0.7167
Cn1ncc(Br)c1-c1sc(C(=O)NC2CNCCC2c2cccc(F)c2)nc1Cl,0.7067
NC(Cc1cc(F)c(F)cc1F)C(=O)N1CCN(c2ncnc3ccccc23)CC1,0.7759
O=C(Nc1csc(-c2nncn2C2CCNCC2)n1)c1cc(-n2cnc(C3CC3)c2)c(F)cc1Cl,0.6092
Cc1cc(NC(=O)Cc2nc(N3CCOCC3)cc(=O)[nH]2)cc(C)c1F,0.7963
O=C(c1ccc(F)c(F)c1)N1CCN(c2ncnc3ccccc23)CC1,0.6271
Cn1nc(Cl)cc(C(=O)NC2CNCCC2c2ccc(F)c(F)c2)c1=O,0.6377
Cn1cc(-c2cc(C(=O)NC3CNCCC3c3cccc(F)c3)no2)cn1,0.6389
O=C(NC(c1ccc(Cl)c(Cl)c1)C1CCNC1)c1ccc(F)cc1,0.6667
Nc1ncnc(N2CCN(C(=O)C(Cc3ccc(Cl)cc3)NC(=O)C3(N)CCNCC3)CC2)c1Cl,0.6308
O=C(Cc1ccc(Cl)c(Cl)c1)N1CCN(c2ncnc3ccccc23)CC1,0.7069
NC(=O)c1ccnn2c(-c3ccccc3)c(-c3ccc(C4(N)CCC4)cc3)nc12,1
NC(=O)c1cnccc1N1CCC(c2nc(-c3ccnc(C(F)(F)F)c3)cn2CCN2CCC2)CC1,0.6962
O=C(Cc1nc(N2CCOCC2)cc(=O)[nH]1)NC1CC(=O)N(c2ccc(F)cc2)C1,0.6269
Nc1ncnc(N2CCC(c3nc(-c4cc(O)cc(Cl)c4)cn3CC3CCNCC3)CC2)c1Cl,0.6
O=C(NCC(Cc1ccc(Cl)cc1)C(=O)N1CCN(c2ncnc3ccccc23)CC1)c1ccccc1Cl,0.6769
Cn1ncc(Br)c1-c1cc(C(=O)NC2CNCCC2c2cccc(F)c2)on1,0.6892
Cn1nc(-c2ccc(C(=O)NC3CNCCC3c3cc(F)cc(F)c3)cc2F)c2cccnc21,0.6667
Cc1cc(-c2cn(CCN3CCCC3)c(C3CCN(c4cc(N)ncn4)CC3)n2)ccc1F,0.8571
NC(=O)c1cccn2c(-c3ccc(C4(N)CCC4)cc3)c(CCCO)nc12,0.6667
O=C(NC(c1ccc(Cl)c(Cl)c1)C1CCNCC1)c1cc(Cl)nc(Cl)c1,0.6842
Cc1cc(-c2ccc(C(=O)NC3CNCCC3c3cccc(F)c3)c(F)c2)nn1C,0.6197
O=C(NC1CNCCC1c1ccc(F)c(F)c1)c1c(F)cc(F)cc1F,0.6724
CCN(CC)C(=O)c1cccn2c(-c3ccccc3)c(-c3ccc(C4(N)CC(F)(F)C4)cc3)nc12,0.6
O=C(Cc1nc(N2CCOCC2)cc(=O)n1-c1ccc(F)c(F)c1)N1CCc2c(OC(F)F)cccc21,0.7432
NC(COc1cncc(-c2ccc3c(c2)CCC(=O)N3)c1)Cc1c(F)cccc1F,0.6029
NC(=O)c1c(N)ncnc1N1CCC(c2nc(-c3ccc(F)c(Cl)c3)cn2CCN2CCC2)CC1,1
CCOc1nc(CC(=O)N2c3ccccc3CC2C)nc(N2CCOCC2)c1F,0.6429
Cn1c(C(C)(C)O)nc2c1-c1nc(-c3ccc(C4(N)CCC4)cc3)c(-c3ccccc3)n1CO2,0.6212
O=C(NC(CO)Cc1ccc(F)cc1)c1cc(Br)c(-c2ccnc3[nH]ccc23)s1,0.871
CNCC(Nc1ncnc2c(C(N)=O)cccc12)c1cc(F)c(C(F)(F)F)c(F)c1,0.7333
NC1(c2ccc(-c3nc4cc(F)ccn4c3-c3ccccc3)cc2)CCC1,1
CCc1c(N)ncnc1N1CCC(c2nc(-c3ccnc(C)c3)cn2CCN2CCC2)CC1,0.8382
O=C(Cc1nc(N2CCOCC2)cc(=O)n1-c1ccc(F)cc1)Nc1ccc(F)c(F)c1,0.6269
O=C(Cc1nc(N2CCOCC2)cc(=O)n1-c1ccc(Cl)cc1)Nc1ccc(F)c(Cl)c1,0.6087
Cn1ncc(NC(=O)Cc2nc(N3CCOCC3)cc(=O)n2C)c1Cl,0.6029
O=C(Cc1nc(N2CCOCC2)cc(=O)n1-c1ccc(F)c(Cl)c1)Nc1ccc(F)c(Br)c1,0.7164
Cc1ncc(C)n2cc(-c3cncc(OCC(N)Cc4c[nH]c5ccccc45)c3)nc12,0.6528
NC(=O)c1ncc(F)cc1N1CCC(c2nc(-c3ccc(F)c(F)c3)cn2CCN2CCCC2)CC1,0.6216
NC1(C(=O)NC(Cc2ccc(F)cc2)C(=O)Nc2cccc(F)c2)CCN(c2ncnc3[nH]ccc23)CC1,0.6081
Cc1n[nH]c2ccc(-c3cncc(OCC(N)Cc4cc(F)cc(F)c4)c3)cc12,0.85
O=C(NC(c1ccc(Cl)c(F)c1)C1CCNC1)c1ccnnc1,0.6462
O=C(Cc1nc(N2CCOCC2)cc(=O)[nH]1)NCc1ccc(F)cc1Cl,0.6562
Nc1cc(N2CCC(c3nc(-c4ccc(F)c(Cl)c4)cn3CCN3CCCC3)CC2)ncn1,0.8571
O=C(NCc1ccc(F)cc1)C1(F)CCN(c2ncnc3[nH]ccc23)CC1,0.6667
Cc1ccnc(N2CCC(c3nc(-c4ccc(F)c(C#N)c4)cn3CCNC(C)C)CC2)c1,0.6071
O=C(Nc1csc(-c2nncn2C2CCCC2)n1)c1cnc(N2CCC(F)C2)c(-n2cnc(C3CC3)c2)c1,0.6988
Nc1ncnc(N2CCC(c3nc(-c4ccc(F)c(F)c4)cn3CCN3CCC3)CC2)c1C(F)(F)F,0.7714
O=C(Cc1nc(N2CCOCC2)cc(=O)n1-c1ccc(F)cc1)Nc1ccc(F)c(C2CC2)c1,0.7612
Cn1ncc(C(=O)NC2CNCCC2c2cc(F)cc(F)c2)c1C1CC1,0.625
NC(Cc1ccc(-c2ccc(C(F)(F)F)cc2)cc1)C(=O)N1CCN(c2ncnc3ccccc23)CC1,0.9444
O=C(Cc1nc(N2CCOCC2)cc(=O)n1-c1ccc(F)c(F)c1)Nc1ccc(F)c(F)c1F,0.6308
Cc1ncc(Cl)cc1C(=O)NC1CNCCC1c1ccc(F)c(F)c1,0.6324
Cc1ccc(-c2cn(CCN3CCCC3)c(C3CCN(c4ncnc(N)c4C)CC3)n2)cc1F,0.8
Cn1c(CC(=O)Nc2ccc(F)c(C(F)(F)F)c2)nc(N2CCOCC2)cc1=O,0.7742
Cc1nc2nc(-c3ccc(C4(N)CCC4)cc3)c(-c3ccccc3)n2cc1C(N)=O,0.65
NC1(C(=O)NC2CCCCC2)CCN(c2ncnc3[nH]ccc23)CC1,0.6066
NC(Cc1cc(F)cc(F)c1)C(=O)N1CCN(c2ncnc3cc(F)ccc23)CC1,0.807
O=C(NC(c1ccc(Cl)c(F)c1)C1CCNC1)c1cccnc1,0.6615
Cn1c(CC(=O)Nc2cccnc2N2CCOCC2)nc(N2CCOCC2)cc1=O,0.6667
Cc1nnccc1C(=O)NC(c1cccc(Cl)c1)C1CCNCC1,0.625
Cn1ncc(Br)c1-c1cc(C(=O)NC2CNCCC2c2ccccc2)no1,0.6197
O=C(Cc1nc(N2CCOCC2)cc(=O)n1-c1ccc(F)cc1)Nc1ccc(F)cc1,0.6
O=C(NC(c1ccc(Cl)c(Cl)c1)C1CCNC1)c1ccc(F)c(F)c1,0.6721
CC(Cc1ccccc1F)NC(=O)C1(N)CCN(c2ncnc3[nH]ccc23)CC1,0.6567
CS(=O)(=O)c1ccc(-c2cn(CCN3CCCC3)c(C3CCN(c4ncnc(N)c4F)CC3)n2)cc1,0.6892
Cn1nc(-c2ccc(C(=O)NC3CNCCC3c3cccc(F)c3)c(Cl)c2)cc1C(F)(F)F,0.6104
NC(=O)c1ccc2nc(-c3ccc(C4(N)CCC4)cc3)c(-c3ccccc3)n2n1,1
COc1c(N)ncnc1N1CCC(c2nc(-c3ccc(C#N)c(F)c3)cn2CCN2CCC2)CC1,0.7564
CNCCn1cc(-c2ccc(F)c(C)n2)nc1C1CCN(c2ncnc(N)c2C)CC1,0.6234
O=C(Cc1nc(N2CCOCC2)cc(=O)n1-c1ccccc1)Nc1ccc(F)c(Cl)c1,0.6
NC(Cc1ccc(F)cc1)C(=O)N1CCN(c2ncnc3ccc(Br)cc23)CC1,0.7288
Cn1ccc(-c2ccc(C(=O)NC3CNCCC3c3cccc(F)c3)cc2)n1,0.6765
Cn1c(CC(=O)Nc2cnc(F)c(Cl)c2)nc(N2CCOCC2)cc1=O,0.6515
CNC(=O)c1cc(Cl)c2nc(-c3ccc(C4(N)CCC4)cc3)c(-c3ccccc3)n2c1,0.8065
Cc1cc(-c2cn(CC3CCC(N)CC3)c(C3CCN(c4ncnc(N)c4C(N)=O)CC3)n2)ccc1F,0.7838
NC(Cc1cc(F)c(F)cc1F)C(=O)N1CCN(c2ncnc3cccc(F)c23)CC1,0.6
O=C(Cc1nc(N2CCOCC2)cc(=O)n1-c1ccccc1)N1CCc2c1ccc(F)c2F,0.7538
O=C(NC1CNCCC1c1ccc(F)cc1)c1ccc(F)c(F)c1,0.623
O=C(NC(c1ccc(Cl)c(Cl)c1)C1CNC1)c1ccc(F)c(Cl)c1,0.6491
NC(=O)c1scnc1N1CCC(c2nc(-c3ccc(F)c(Cl)c3)cn2CCN2CCC2)CC1,0.7368
O=C(Cc1nc(N2CCOCC2)cc(=O)[nH]1)NCc1ccc(Cl)c(Cl)c1,0.629
NC(=O)c1ccc(N2CCC(c3nc(-c4ccc(F)c(F)c4)cn3CCN3CCCC3)CC2)nc1,0.6761
Cn1c(CC(=O)NCc2ccc(F)c(Br)c2)nc(N2CCOCC2)cc1=O,0.7742
Cn1cc(-c2cc(F)c(F)cc2F)nc1C1CCN(c2ncnc(N)c2Br)CC1,0.6769
O=C(Cc1ccc(F)c(F)c1)N1CCN(c2ncnc3ccccc23)CC1,0.7069
Cn1ncc(C(=O)NC2CNCCC2c2ccc(F)cc2)c1C1CC1,0.6154
Cc1cc(CC(N)COc2cncc(-c3cc4c(C)n[nH]c4cn3)c2)ccc1F,1
Cc1c(C(=O)NC2CNCCC2c2cc(F)cc(F)c2)cnn1C,0.6349
COc1ccc(CC(N)COc2cncc(-c3ccc4n[nH]c(C)c4c3)c2)cc1F,0.6471
Cn1cc(C(=O)NC(c2ccc(Cl)c(F)c2)C2CCNCC2)cn1,0.6462
O=C(Cc1nc(N2CCOCC2)cc(=O)[nH]1)NCC1(c2ccc(F)cc2)CCCC1,0.6269
Nc1ncnc(N2CCC(c3nc(-c4ccc(F)cc4)cn3CCC(=O)NC3CCCCCC3)CC2)c1-c1cn[nH]c1,0.6044
O=C(NC1CNCCC1c1ccc(F)cc1)c1ccc(F)cc1F,0.6167
CNC(=O)C(CCCC1CCCCC1)NC(=O)c1cc(Br)c(-c2ccnc3[nH]ccc23)s1,0.6667
O=C(Nc1cccnc1)NC(c1ccc(Cl)c(F)c1)C1CCNCC1,0.6119
O=C(NC(c1cccc(Cl)c1)C1CCNCC1)c1cccc(F)c1,0.65
Cn1c(CC(=O)Nc2ccc(F)c(C3CC3)c2)nc(N2CCOCC2)cc1=O,1
Cn1nc(-c2ccc(C(=O)NC3CNCCC3c3cccc(F)c3)s2)c2cccnc21,0.6892
Cc1nn(C)c(C)c1-c1nc(NC(=O)c2cc(-n3cnc(C4CC4)c3)c(N3CCC4(CC3)COC4)cn2)cs1,0.7241
O=C(NC(c1ccc(Cl)c(F)c1)C1CCNC1)c1ccc(Cl)cc1,0.619
O=C(NC1(c2ccc(Cl)c(Cl)c2)CCNCC1)c1cc(Br)cs1,0.6393
Nc1ncc(-c2cncc(OCC(N)Cc3ccc(Br)c(F)c3)c2)cn1,0.6508
CC(NC(=O)c1cc(-c2c(Cl)cnn2C)c(Cl)o1)c1ccc(F)cc1,0.6119
O=C(Cc1nc(N2CCOCC2)cc(=O)n1C1CCCC1)Nc1cc(F)c(F)c(C2CC2)c1,0.625
O=C(CN1CCN(c2ncnc3ccccc23)CC1)NCc1ccc(Cl)c(Cl)c1,0.6094
CC(C)(C)Oc1c(F)c(CC(=O)N2CCc3c(F)cccc32)nc(N2CCOCC2)c1F,0.6232
NC(=O)c1c(N)ncnc1N1CCC(c2nc(-c3ccc(F)nc3)cn2CC2CNC2)CC1,0.7632
NC(Cc1ccc(F)c(F)c1)C(=O)N1CCN(c2ncnc3ccc(F)cc23)CC1,0.8103
Cc1c(N2CCOCC2)[nH]c(CC(=O)Nc2ccc(F)c(C3CC3)c2)nc1=O,0.6111
NC(=O)c1c(N)ncnc1N1CCC(c2nc(C3CCCCC3)cn2CCN2CCCC2)CC1,0.6901
NCC1(C(=O)Nc2ccc(F)c(Cl)c2)CCN(c2ncnc3[nH]ccc23)CC1,0.6232
COc1cc(-c2cn(CCN3CCC3)c(C3CCN(c4ncnc(N)c4C4CC4)CC3)n2)c(F)cn1,0.6364
CCn1cc(-c2ccc(F)c(C)c2)nc1C1CCN(c2ncnc(N)c2C(=O)NC(C)CO)CC1,0.6875
NC1(c2ccc(-c3nc4n(c3-c3ccccc3)COc3cnc(F)cc3-4)cc2)CC1,0.6667
Cc1cc(C)c(CC(N)COc2cncc(-c3ccc4c(c3)C(C)(CBr)C(=O)N4)c2)c(C)c1,0.6029
Nc1ncnc(N2CCC(c3nc(-c4ccc(F)c(F)c4)cn3CCN3CCCC3)CC2)c1Cl,1
COc1c(F)c(CC(=O)N2CCc3c(F)cccc32)nc(N2CCOCC2)c1F,0.6515
O=C(NC1CNCCC1c1ccc(F)c(F)c1)c1cc(Cl)c(-c2ccno2)cc1F,0.6286
O=C(NC(c1ccc(Cl)c(Cl)c1)C1CCNC1)c1cccnc1,0.7333
NC(COc1cncc(-c2ccc3ncnnc3c2)c1)Cc1ccc(F)cc1F,0.6119
CC(=O)c1ccc(-c2cn(CCN3CCCC3)c(C3CCN(c4cc(N)ncn4)CC3)n2)cc1F,0.7941
CC(C)NC(=O)c1cc(NC(=O)Cc2nc(N3CCOCC3)cc(=O)[nH]2)ccc1F,0.746
O=C(NC1CNCCC1c1ccc(F)c(F)c1)c1ccc(F)cc1F,0.6897
O=C(Cc1nc(N2CCOCC2)cc(=O)n1-c1ccc(F)c(Cl)c1)Nc1ccc(F)c(Cl)c1,0.6176
Nc1cc(N2CCC(c3nc(-c4ccnc(C(F)(F)F)c4)cn3CCN3CCC3)CC2)ncn1,0.7571
O=C(Cc1nc(N2CCOCC2)cc(=O)n1-c1ccc(F)cc1)Nc1ccc(F)cc1F,0.6406
Cn1nc(-c2ccc(C(=O)NC3CNCCC3c3cccc(F)c3)s2)cc1OCC(F)(F)F,0.6494
O=C(NCC1CCNCC1)c1cc(Br)c(-c2ccnc3[nH]ccc23)s1,0.6143
CC(=O)NC(Cc1ccc(F)cc1)C(=O)N1CCN(c2ncnc3c2C(C)SC3)CC1,0.6522
Cn1cc(C(=O)NC2CNCCC2c2ccc(F)c(F)c2)cn1,0.7049
Cn1c(CC(=O)Nc2ccc(N3CCOCC3)nc2)nc(N2CCOCC2)cc1=O,0.7049
O=C(Cc1nc(N2CCOCC2)cc(=O)n1-c1cccc(Cl)c1)N1CCc2cc(F)ccc21,0.6912
Cn1nc(Cl)cc1C(=O)NC1CNCCC1c1ccc(F)c(F)c1,0.6269
Cn1ncc(Cl)c1-c1cc(C(=O)NCc2ccc(F)cc2Cl)sc1Cl,0.6029
Cc1c(C(=O)NC2CNCCC2c2ccc(F)c(F)c2)cnn1C,0.6818
Cn1nc(-c2cc(C(=O)NC3CNCCC3c3cccc(F)c3)ccc2Cl)o1,0.6301
NC(=O)c1c(N)ncnc1N1CCC(c2nc(-c3ccnc(C(F)(F)F)c3)cn2CCNCC(F)(F)F)CC1,0.7821
Cc1n[nH]c2cnc(-c3cncc(OCC(N)Cc4ccccc4F)c3)cc12,0.8814
Cn1nc2ccc(-c3cncc(OCC(N)Cc4c(F)cccc4F)c3)cc2c1C1CC1,0.6
O=C(NC(c1ccc(Cl)c(Cl)c1)C1CCNC1)c1ccncc1,0.7544
CCOc1c(F)c(N2CCOCC2)nc(CC(=O)N2CCc3c(F)cccc32)c1Cl,0.6143
NC(=O)c1c(N)ncnc1N1CCC(c2cc(N3CCC3)nc(-c3ccc(F)c(Cl)c3)n2)CC1,0.6329
CCOc1c(F)c(CC(=O)N2CCc3c(F)cccc32)nc(N2CCOCC2)c1F,0.6324
CNC(=O)c1cnn(C)c1N1CCC(c2nc(-c3cccc(C(F)(F)F)c3)cn2CCN2CCCC2)CC1,0.6118
COc1ccc(F)c(F)c1CC(N)COc1cncc(-c2ccc3c(c2)CC(=O)N3)c1,0.6133
Cn1cc(C(=O)NC(c2ccc(Cl)c(Cl)c2)C2CCNCC2)cn1,0.629
O=C(NC1CCN(c2ncnc3[nH]cc(Cl)c23)C1)c1ccc(F)cc1F,0.6111
COn1ncc(C(=O)NC2CNCCC2c2ccc(F)c(F)c2)c1Cl,0.6286
CNC(=O)Cn1cc(-c2ccc(F)c(C(F)(F)F)c2)nc1C1CCN(c2cc(N)ncn2)CC1,0.7067
N#Cc1c(N)ncnc1N1CCC(c2cncc(C3CCCCC3)n2)CC1,0.623
O=C(NC(c1ccc(Cl)c(F)c1)C1CCNC1)c1ccc(F)cc1,0.619
NC1(C(=O)NCc2ccc(F)cc2)CCN(c2ncnc3[nH]ccc23)CC1,0.8182
Cc1cc(F)cc2c(N3CCN(C(=O)C(N)Cc4ccc(Cl)c(F)c4)CC3)ncnc12,0.6216
Cn1ncc(Br)c1-c1ncc(C(=O)NC2CNCCC2c2cccc(F)c2)s1,0.7857
CC(=O)N1CCC(c2nc(-c3ccc(F)c(Cl)c3)cn2CCN2CCCC2)CC1,0.6486
Cc1ccc(-c2cn3ccnc3nc2-c2ccc(CN3CCOC(c4n[nH]c(-c5ccccn5)n4)C3)cc2)cc1,0.675
O=C(NC(c1ccc(Cl)c(Cl)c1)C1CCNC1)c1ccc(F)cn1,0.6
NC1(C(=O)NC(=O)c2ccc(F)c(Cl)c2)CCN(c2ncnc3[nH]ccc23)CC1,0.6061
Cn1ncc2cc(-c3cncc(OCC(N)Cc4ccc(Br)cc4)c3)ccc21,0.6
O=C(NC(c1cccc(Cl)c1)C1CCNCC1)c1cc(F)cc(F)c1,0.6333
NC(=O)C(Cc1ccccc1)NC(=O)c1cc(Br)c(-c2ccnc3[nH]ccc23)s1,0.7778
CCOc1c(C)c(CC(=O)N2CCc3c(F)cccc32)nc(N2CCOCC2)c1F,0.6143
Cn1ncc(-c2ccc(C(=O)NC3CNCCC3c3ccc(F)c(F)c3)cc2)n1,0.7077
O=C(Cc1nc(N2CCOCC2)cc(=O)n1-c1ccccc1)Nc1ccc(F)c(F)c1,0.6269
Cc1cc(C(=O)NC2CNCCC2c2ccc(F)c(F)c2)ccc1Cl,0.6462
Nc1ncnc(N2CCC(c3nc(-c4c(F)cc(F)cc4F)cn3CCN3CCC3)CC2)c1C(F)(F)F,0.64
NC(=O)c1ccc2nc(-c3ccc(C4(N)CCC4)cc3)c(-c3ccccc3)n2c1,1
O=C(NC(c1ccc(F)c(F)c1)C1CCNCC1)c1ccc(Cl)c(Cl)c1,0.6667
O=C(NC(c1ccc(Cl)c(Cl)c1)C1CCNC1)c1cc(Cl)nc(Cl)c1Cl,0.6
NC(COc1cncc(-c2ccc3cnccc3c2)c1)Cc1cccc(F)c1,0.6406
O=C(Cc1nc(N2CCOCC2)cc(=O)n1-c1ccc(F)c(F)c1)Nc1ccc(F)c(Cl)c1,0.6
Cn1nc(-c2ccc(C(=O)NC3CNCCC3c3cccc(F)c3)cc2)cc1C1CC1,0.662
Cc1cc(F)ccc1-n1c(CC(=O)Nc2ccc(F)c(F)c2)nc(N2CCOCC2)cc1=O,0.6056
O=C(Cc1nc(N2CCOCC2)cc(=O)n1-c1ccc(F)c(F)c1)Nc1ccc(N2CCOCC2)c(F)c1,0.6
Cc1cc(Cl)cc(C)c1CNC(=O)Cc1nc(N2CCOCC2)cc(=O)[nH]1,0.6349
Cc1n[nH]c2cnc(-c3cncc(OCC(N)Cc4ccc(F)c(F)c4)c3)cc12,0.8814
Cn1c(CC(=O)NCc2cccc(F)c2F)nc(N2CCOCC2)cc1=O,0.6269
Cc1c(C(=O)NC2CNCCC2c2ccc(F)cc2)cnn1C,0.625
Cc1cc(-c2cn(CCNCCO)c(C3CCN(c4ncnc(N)c4C#N)CC3)n2)ccc1F,0.8667
Cn1ncc(-c2ccc(C(=O)NC3CNCCC3c3ccc(F)c(F)c3)cc2F)c1Cl,0.7313
Cn1c(CC(=O)NCc2c(F)ccc(F)c2F)nc(N2CCOCC2)cc1=O,0.6719
Nc1ncnc(N2CCC(c3nc(-c4ccc(OC(F)F)cc4)cn3CCN3CCC3)CC2)c1Cl,0.7647
N#Cc1c(N)ncnc1N1CCC(c2nc(-c3ccoc3)cn2CCN2CCC2)CC1,0.7606
Cc1ncc(-c2ccc(C(=O)NC3CNCCC3c3ccc(F)cc3F)nc2)n1C,0.6027
O=C(NC(c1ccc(Cl)c(F)c1)C1CCNC1)c1ccc(F)c(F)c1,0.6349
Nc1cc(N2CCC(c3nc(-c4ccc(O)c(Cl)c4)cn3CCN3CCCC3)CC2)ncn1,0.7463
NC1(C(=O)NCc2cc(F)cc(F)c2)CCN(c2ncnc3[nH]ccc23)CC1,0.7586
Cc1nnccc1C(=O)NC(c1ccc(Cl)c(Cl)c1)C1CCNC1,0.6308
CNC(=O)c1cccnc1N1CCC(c2nc(-c3ccc(F)c(F)c3)cn2CCN2CCCC2)CC1,0.6
NC1(C(=O)NCc2ccc(F)cc2Cl)CCN(c2ncnc3[nH]ccc23)CC1,0.6984
Cn1ncc2cc(-c3cncc(OCC(N)Cc4c(F)cccc4F)c3)ccc21,0.6061
O=C(NC(CO)c1cccc(F)c1)c1ccc(-c2ccnc3[nH]ccc23)s1,0.6825
Cn1ncc(C(=O)NC2CNCCC2c2ccc(F)cc2)c1-c1cccc(F)c1,0.6197
NC1(CNC(=O)c2cccc(F)c2)CCN(c2ncnc3[nH]ccc23)C1,0.7206
Cc1cc(C(=O)NC2CNCCC2c2ccc(F)c(F)c2)nn1C,0.6154
NC(CCC(=O)NCc1ccc(F)c(F)c1)C(=O)N1CCN(c2ncnc3ccccc23)CC1,0.7619
CNC(=O)c1c(N)ncnc1N1CCC(c2nc(-c3ccc(F)c(C)c3)cn2CCN2CCC2)CC1,0.8514
Cc1nc2cc(-c3cncc(OCC(N)Cc4ccc(Cl)c(Cl)c4)c3)ccc2n1C,0.6176
O=C(Cc1nc(N2CCOCC2)cc(=O)[nH]1)NC(=S)Nc1ccc(F)c(Cl)c1,0.7031
O=C(NC(c1cccc(Cl)c1)C1CCNCC1)c1cc(Cl)c(F)c(Cl)c1,0.623
NC1(c2ccc(-c3nn4c(-c5cn[nH]c5)cnc4cc3-c3ccoc3)cc2)CCC1,0.7742
COCC(=O)Nc1cccc(-c2ccc3c(N4CCOCC4C)nc(N4CCOCC4C)nc3n2)c1,0.6377
NC(Cc1ccc(F)cc1)C(=O)N1CCN(c2ncnc3ccccc23)CC1,0.8182
CC1SCc2ncnc(N3CCN(C(=O)c4cc(F)ccc4F)CC3)c21,0.6029
NC(COc1cncc(-c2ccc3cnccc3c2)c1)Cc1ccc(Br)c(F)c1,0.6515
Cn1ncc(Br)c1-c1oc(C(=O)NC2CCCNC2)cc1Br,0.6418
CC(C)c1nccc(-c2cn(CCN3CCC3)c(C3CCN(c4ncnc(N)c4C(N)=O)CC3)n2)n1,0.7867
N#CCC(NC(=O)C1(N)CCN(c2ncnc3[nH]ccc23)CC1)c1ccc(F)cc1,0.8438
Cc1c[nH]c2ncnc(N3CCN(C(=O)Cc4ccc(F)c(F)c4)CC3)c12,0.6154
Nc1cc(N2CCC(c3nc(-c4ccc(F)c(C(F)(F)F)c4)cn3CC(=O)NC3CCCCC3)CC2)ncn1,0.6923
Cc1ccc(NC(=O)Cc2nc(N3CCOCC3)cc(=O)n2C)cc1F,0.7966
CC(=O)c1cc(-c2cn(CCN3CCC3)c(C3CCN(c4ncnc(N)c4C(F)(F)F)CC3)n2)ccc1F,0.716
O=C(Cc1nc(N2CCOCC2)cc(=O)n1-c1ccc(Cl)cc1)Nc1ccc(F)c(F)c1,0.6176
O=C(Cc1nc(N2CCOCC2)cc(=O)[nH]1)NCc1c(F)cccc1F,0.7049
Cn1c(CC(=O)Nc2ccc(C3CCCC3)cc2)nc(N2CCOCC2)cc1=O,0.7077
Cn1cc(N2CCOCC2)nc1CC(=O)N1CCc2ccccc21,0.7368
O=C(Cc1nc(N2CCOCC2)cc(=O)n1-c1ccc(F)c(F)c1F)Nc1ccc(F)cc1F,0.6119
Cc1nnccc1C(=O)NC(c1ccc(Cl)c(F)c1)C1CCNCC1,0.6364
O=C(NC(c1cccc(Cl)c1)C1CCNCC1)c1ccc(CO)cc1,0.65
NC(Cc1ccc(Cl)cc1Cl)C(=O)N1CCN(c2ncnc3ccccc23)CC1,0.7586
O=C(NC(c1ccc(Cl)c(F)c1)C1CCNCC1)c1ccccn1,0.625
Cn1ncc(C(=O)NC2CNCCC2c2ccc(F)c(F)c2)c1C1CC1,0.6716
O=C(N1CCN(c2ncnc3cc(C(F)(F)F)ccc23)CC1)C1(c2ccc(Br)cc2)CCNCC1,0.6418
O=C(NC(c1ccc(Cl)c(Cl)c1)C1CCNCC1)c1ccc(Cl)cc1,0.6786
NC1(C(=O)c2ccc(F)cc2F)CCN(c2ncnc3[nH]ccc23)CC1,0.6094
Cc1nnn2c1-c1cc(C(=O)NC3CNCCC3c3ccc(F)cc3)sc1CCC2,0.6282
CNCCn1cc(-c2ccc(F)c(C)c2)nc1C1CCN(c2ncnc(N)c2Br)CC1,0.8
O=C(NC(c1ccncn1)C1CCNCC1)c1ccc(Cl)c(Cl)c1,0.6129
Cn1cc(-c2nc(C(=O)NC3CNCCC3c3cccc(F)c3)ccc2F)cn1,0.6301
Cn1nc(-c2ccc(F)cc2F)c2ccc(C(=O)NC3CNCCC3c3cc(F)cc(F)c3)cc21,0.6479
O=C(NC(c1ccc(Cl)c(F)c1)C1CNC1)c1ccc(Cl)c(Cl)c1,0.6316
O=C(NC(c1cccc(Cl)c1)C1CCNCC1)c1ccc(Cl)cc1,0.6964
Cc1cc(-c2cn(CCN(C)C)c(C3CCN(c4ncnc(N)c4F)CC3)n2)ccc1F,0.8382
Cc1cc2nc(-c3ccc(C4(N)CCC4)cc3)c(-c3ccccc3)n2cc1C,0.6981
Cn1ccc(-c2ccc(C(=O)NC3CNCCC3c3cccc(F)c3)s2)n1,0.7313
Cn1ccc(-c2ccc(C(=O)NC3CNCCC3c3ccc(F)c(F)c3)cc2)n1,0.7031
Cc1nnccc1C(=O)NC(c1ccc(Cl)c(Cl)c1)C1CCNCC1,0.619
Cn1nccc1-c1cc(C(=O)NC2CNCCC2c2cc(F)cc(F)c2)cc2[nH]c(Cc3ccccc3F)nc12,0.625
Nc1ncnc(N2CCC(c3nc(-c4ccc(C(F)(F)F)nc4)cn3CCN3CCC3)CC2)c1Cl,0.7887
Cc1cc(-c2cn(CCN3CCC3)c(C3CCN(c4cc(N)ncn4)CC3)n2)ccc1F,0.8281
NC1(C(=O)NC(=O)c2cc(Cl)nc(Cl)c2)CCN(c2ncnc3[nH]ccc23)CC1,0.619
O=C(NC(c1ccc(F)c(F)c1)C1CCNCC1)c1ccc(F)c(Cl)c1,0.6393
O=C(Cc1nc(N2CCOCC2)cc(=O)n1-c1ccc(F)c(F)c1F)Nc1ccc(F)c(F)c1,0.6176
O=C(NC(c1ccc(Cl)c(Cl)c1)C1CCNC1)c1ccc(Cl)cc1,0.6897
Cc1ccc2ncnc(N3CCN(C(=O)c4ccc(Cl)cc4)CC3)c2c1,0.661
Cc1nc(C(N)=O)cn2c(-c3ccccc3)c(-c3ccc(C4(N)CCC4)cc3)nc12,0.7797
Cn1ccc(-c2ccc(C(=O)NC3CNCCC3c3cccc(F)c3)c(F)c2)n1,0.6232
Cc1ncccc1C(=O)NC(Cc1ccc(Cl)cc1)C(=O)N1CCN(c2ncnc3c2C(C)SC3)CC1,0.6622
NC1(C(=O)NC(CCCNS(=O)(=O)c2c(F)cccc2F)c2ccc(Cl)cc2)CCN(c2ncnc3[nH]ccc23)CC1,0.7143
O=C(c1cc(C(F)(F)F)cc(C(F)(F)F)c1)N1CCN(c2ncnc3ccccc23)CC1,0.6
Fc1ccc(-c2cn(CCN3CCCC3)c(C3CCN(c4cc(N5CCOCC5)ncn4)CC3)n2)cc1F,0.8095
O=C(NCCO)c1cc(Br)c(-c2ccnc3[nH]ccc23)s1,0.6721
NC1(C(=O)NC(Cc2ccc(Cl)cc2)C(=O)N2CCN(C(c3ccccc3)c3ccccc3)CC2)CCN(c2ncnc3[nH]ccc23)CC1,0.6974
COc1ccc(C(=O)NC(c2ccc(Cl)c(Cl)c2)C2CNC2)cc1Cl,0.6167
N#Cc1cc(-c2cn(CCN3CCC3)c(C3CCN(c4ccncn4)CC3)n2)ccc1F,0.6081
CC(=O)c1ccc(-c2ccc3c(N4CCOCC4C)nc(N4CCOCC4C)nc3n2)cc1F,0.6308
Cn1c(CC(=O)Nc2ccc(Cn3cnc(Br)n3)c(F)c2)nc(N2CCOCC2)cc1=O,0.6901
Cc1cc(-c2cn(CCN3CCCC3)c(C3CCN(c4ncnc(N)c4Cl)CC3)n2)ccc1F,0.8636
O=C(Cc1nc(N2CCOCC2)cc(=O)[nH]1)NC1CCc2cc(F)cc(F)c21,0.625
Cc1cc(-c2cn(CCNCC(C)C)c(C3CCN(C4COC4)CC3)n2)ccc1F,0.6173
N#Cc1cc(-c2cn(CC3CC3(F)F)c(C3CCN(c4ncnc(N)c4Br)CC3)n2)ccc1F,0.6154
NC(COc1cncc(-c2cnc3c(c2)CC(=O)N3)c1)Cc1ccc(F)c(F)c1F,0.6765
O=C(NCCN1CCCC1)c1cc(Br)c(-c2ccnc3[nH]ccc23)s1,0.6029
NC(Cc1ccc(C(F)(F)F)cc1)C(=O)N1CCN(c2ncnc3ccccc23)CC1,1
NC(CNC(=O)c1cc(Br)c(-c2ccnc3[nH]ccc23)s1)Cc1ccccc1,0.7778
Cn1c(CC(=O)NCc2ccc(F)c(F)c2)nc(N2CCOCC2)cc1=O,0.6719
NC1(C(=O)NCc2ccc(Cl)c(Cl)c2)CCN(c2ncnc3[nH]ncc23)CC1,0.6
O=C(Cc1nc(N2CCOC(CF)C2)cc(=O)[nH]1)NCc1ccc(F)cc1,0.6143
O=C(Cc1nc(N2CCOCC2)cc(=O)n1-c1ccc(F)cc1)Nc1ccc(F)c(Br)c1,0.75
CC(NC(=O)C1(N)CCN(c2ncnc3[nH]ccc23)CC1)c1ccc(-c2ccccc2S(N)(=O)=O)cc1,0.6957
Cn1c(CC(=O)NC2CCOc3c(F)cccc32)nc(N2CCOCC2)cc1=O,0.625
COc1cc(-c2cn(CC3CNC3)c(C3CCN(c4ncnc(N)c4OC(C)C)CC3)n2)ccc1F,0.8421
O=C(Cc1nc(N2CCCC2)cc(=O)[nH]1)N1CCc2cc(F)c(F)cc21,0.8333
Cc1cc(=O)[nH]c2cc(NC(=O)Cc3nc(N4CCOCC4)cc(=O)[nH]3)c(Br)cc12,0.6515
Cc1ccc(-c2cncc(OCC(N)Cc3c[nH]c4ccccc34)c2)c(O)c1,0.6818
Cn1c(CC(=O)N2CCc3ccccc32)nc(N2CCOCC2)c1O,0.6949
NC(=O)c1c(N)ncnc1N1CCC(c2nc(-c3ccnc(F)c3)cn2CCN2CCC2)CC1,0.8429
Cn1ncc(C(=O)NC2CNCCC2c2ccc(F)c(F)c2)c1-c1ccccc1,0.7015
Cc1ccc(C(=O)NC(c2ccc(Cl)c(Cl)c2)C2CCNC2)cn1,0.6667
O=C(NC(c1ccc(F)c(Cl)c1)C1CCNC1)c1ccc2cnccc2c1,0.85
O=C(NC(c1ccc(Cl)c(Cl)c1)C1CCNC1)c1ccnc(F)c1,0.6667
Cc1cc(-c2cn(CCO)c(C3CCN(c4ncnc(N)c4C(N)=O)CC3)n2)ccc1F,1
N#Cc1cccc2nc(-c3ccc(C4(N)CCC4)cc3)c(-c3ccccc3)nc12,0.6071
Cc1cc(-c2cn(CC3CCCN3)c(C3CCN(c4ncnc(N)c4C#N)CC3)n2)ccc1F,0.8205
CCc1nc(-c2ccc(C(=O)NC3CNCCC3c3cccc(F)c3)cc2)nn1C,0.6528
O=C(Cc1nc(N2CCOCC2)cc(=O)n1-c1ccc(F)cc1)Nc1ccc(F)c(F)c1F,0.6212
Nc1ncnc(N2CCC(c3nc(-c4ccc(F)c(F)c4)cn3CCN3CCC3)CC2)c1Cl,0.9672
Cn1cc(-c2cn(CCN3CCC3)c(C3CCN(c4ncnc(N)c4Br)CC3)n2)cc1Cl,0.7083
NC1(c2ccc(-c3nc4c(C(=O)NCCCO)cccn4c3-c3ccccc3)cc2)CCC1,0.7097
NC(Cc1ccc(Cl)cc1)C(=O)N1CCN(c2ncnc3cccc(CO)c23)CC1,0.7833
O=C(Cc1nc(N2CCOCC2)cc(=O)n1-c1ccccc1)N1CCc2c(F)cccc21,0.7656
O=C(NC1CNCCC1c1cccc(F)c1)c1ccc(-c2ccon2)cn1,0.6912
O=C(NC(c1ccc(Cl)c(F)c1)C1CCNCC1)c1cccnc1,0.7377
Cc1nc(C(=O)NC2CCCCC2)cn2c(-c3ccccc3)c(-c3ccc(C4(N)CCC4)cc3)nc12,0.6406
CC1SCc2ncnc(N3CCN(C(=O)c4ccc(F)c(F)c4)CC3)c21,0.6615
Cc1cc(-c2cn(CC3CN(C)CCN3C)c(C3CCN(c4ncnc(N)c4C(C)C)CC3)n2)ccc1F,0.7662
NC(=O)C1(N)CCN(c2ncnc3[nH]ccc23)CC1,0.6481
NCC(C(=O)N1CCN(c2ncnc3ccc(Cl)cc23)CC1)c1ccc(Cl)cc1,0.7018
O=C(Cc1ccc(Cl)cc1)NCc1nc(N2CCOCC2)cc(=O)[nH]1,0.6032
CN(C)CCn1cc(-c2ccc(F)c(C(F)(F)F)c2)nc1C1CCN(c2ncnc(N)c2C(N)=O)CC1,1
Cc1nn(C)c(C)c1NC(=O)Cc1nc(N2CCOCC2)cc(=O)n1C,0.6
Cc1c(F)cnc(CNC(=O)Cc2nc(N3CCOCC3)cc(=O)n2C)c1F,0.6087
CC1Cc2ccc(Cl)cc2N1C(=O)Cc1nc(N2CCOCC2)cc(=O)n1C1CC1,0.6286
NCCNC(=O)c1ccc2c(c1)OCn1c-2nc(-c2ccc(C3(N)CC3)cc2)c1-c1ccccc1,0.7467
Cn1cc(-c2cc(Br)c(O)c(Br)c2)nc1C1CCN(c2ncnc(N)c2Br)CC1,0.6515
CC(NC(=O)Cc1nc(N2CCOCC2)cc(=O)n1C)c1ccc(F)c(F)c1,0.6269
NC(=O)c1cn2c(-c3ccccc3)c(-c3ccc(C4(N)CCC4)cc3)nc2cc1Cl,0.6949
CNC(=O)CNC(=O)c1cc(Br)c(-c2ccnc3[nH]ccc23)s1,0.6406
Cc1c(N)ncnc1N1CCC(c2nc(-c3ccc(Cl)c(C(F)(F)F)c3)cn2CCN2CCC2)CC1,0.8194
O=C(NC1CNCCC1c1ccc(F)c(F)c1)c1ccc(-n2cnnn2)cc1F,0.6
CC(=O)c1ccc(-c2cn(CCN3CCCC3)c(C3CCN(c4ncnc(N)c4F)CC3)n2)cc1,0.6892
O=C(NC(Cc1ccc(Cl)cc1)C(=O)N1CCN(c2ncnc3ccccc23)CC1)c1ccccc1Cl,0.6825
Cn1ccc(-c2ccc(C(=O)NC3CNCCC3c3ccc(F)cc3)c(F)c2)n1,0.6269
O=C(NC(c1ccccc1)C1CCNCC1)c1ccc(Cl)c(Cl)c1,0.6207
NC(=O)c1c(N)ncnc1N1CCC(c2nc(-c3ccc(F)c(F)c3)cn2CCN2CCCC2)CC1,0.8714
CC(=O)N(C)c1nc2ccc(-c3cnc(Cl)c(NS(=O)(=O)c4ccccc4)c3)cc2s1,0.7231
NC(COc1cncc(-c2ccc3c(c2)C(=O)NCC(=O)N3)c1)Cc1c[nH]c2ccccc12,0.7794
O=C(NC(c1ccc(Cl)c(Cl)c1)C1CCNC1)c1ccccc1,0.661
CC(NC(=O)Cc1nc(N2CCOCC2)cc(=O)[nH]1)c1ccc(F)cc1,0.6667
O=C(NC(c1ccc(Cl)c(F)c1)C1CCNCC1)c1ccc(F)c(Cl)c1,0.7119
Cn1c(CC(=O)N2CCc3c(F)cccc32)nc(N2CCOCC2)cc1=O,1
CC1(O)CC(N)(c2ccc(-c3nc4n(c3-c3ccccc3)COc3ccc(C(N)=O)cc3-4)cc2)C1,1
COc1cc(-c2cn(CC3CNC3)c(C3CCN(c4ncnc(N)c4Cl)CC3)n2)ccn1,0.6795
CC1SCc2ncnc(N3CCN(C(=O)C(N)c4ccccc4)CC3)c21,0.6406
O=C(Cc1nc(N2CCOCC2)cc(=O)n1-c1ccccc1)Nc1ccc(F)c(Br)c1,0.75
CNC(=O)c1cc(NC(=O)Cc2nc(N3CCOCC3)cc(=O)n2C)ccc1F,0.7619
CNCCn1cc(-c2ccc(F)c(C)c2)nc1C1CCN(c2ncnc(N)c2Cl)CC1,0.7917
CC1(C)C(=O)Nc2ccc(-c3cncc(OCC(N)Cc4ccc(F)cc4F)c3)cc21,0.6377
Cn1ncc(C(=O)NC2CNCCC2c2ccc(F)cc2)c1Cl,0.625
NC1(c2ccc(-c3nc4c(F)cc(C(=O)c5nccs5)nn4c3-c3ccccc3)cc2)CCC1,0.6
NC1(C(=O)NCc2c(F)ccc(F)c2F)CCN(c2ncnc3[nH]ccc23)CC1,0.7167
N#Cc1cc(-c2cn(CCN3CCCC3)c(C3CCN(c4cncnc4N4CCCC4)CC3)n2)ccc1F,0.641
NC(=O)CC(NC(=O)N1CCC2(CC1)CCN(c1ncnc3[nH]ccc13)C2)c1ccc(Cl)cc1,0.7164
Cc1cc(F)c2nc(-c3ccc(C4(N)CCC4)cc3)c(-c3ccccc3)n2c1,0.8235
Cc1ncccc1-c1c(C(=O)NC2CNCCC2c2ccc(F)c(F)c2)cnn1C,0.6575
CNC(=O)c1cc(NC(=O)Cc2nc(N3CCOCC3)cc(=O)n2C)c(F)cc1F,0.6176
O=C(Cc1nc(=O)cc(N2CCOCC2)[nH]1)Nc1ccc(F)c(Cl)c1,0.6094
NC(=O)COc1ccc2nc(-c3ccc(C4(N)CCC4)cc3)c(-c3ccccc3)n2n1,0.8333
Cn1ccc(-c2ccc(C(=O)NC3CNCCC3c3cccc(F)c3)cc2Cl)n1,0.6301
NC(=O)Cn1cc(-c2cc(C(=O)NC3CNCCC3c3ccccc3)oc2Cl)cn1,0.6351
NC(=O)c1cc(N2CCC(c3nc(-c4ccc(F)c(F)c4)cn3CCN3CCCC3)CC2)ncc1F,0.7
Cc1cc(C)nc(-n2c(CC(=O)Nc3ccc(F)c(Cl)c3)nc(N3CCOCC3)cc2=O)n1,0.6056
NC(=O)c1cc(Br)c2nc(-c3ccc(C4(N)CCC4)cc3)c(-c3ccccc3)n2c1,1
NC(=O)c1ccc2nc(-c3ccc(C4(NC(=O)c5ccsc5)CCC4)cc3)c(-c3ccccc3)n2c1,0.6515
CC1COCCN1c1nc(N2CCOCC2C)c2ccc(-c3cnn(C)c3)nc2n1,0.661
O=C(Nc1ccc(F)c(F)c1)C1CCCN1C(=O)Cc1nc(N2CCOCC2)cc(=O)[nH]1,0.7077
Nc1ccc(-c2cn(CCN3CCC3)c(C3CCN(c4cc(N)ncn4)CC3)n2)cn1,0.75
CCCc1nnc(C(NC(=O)C2(N)CCN(c3ncnc4[nH]ccc34)CC2)C2CC2)o1,0.6351
Fc1ccc(-c2cn(CCN3CCCC3)c(C3CCN(c4ncncc4Cl)CC3)n2)cc1Cl,0.7429
CCc1c(N)ncnc1N1CCC(c2nc(-c3ccc(O)c(Br)c3)cn2CCN2CCCC2)CC1,0.7639
COc1ccc(C(=O)NC(c2ccc(Cl)c(F)c2)C2CCNCC2)cc1Cl,0.6462
O=C(NC(c1ccc(F)c(F)c1)C1CCNCC1)c1ccc(F)c(F)c1,0.6102
O=C(Cc1nc(N2CCOCC2)cc(=O)n1-c1ccccc1)Nc1ccc(F)c(C2CC2)c1,0.7612
CC(NC(=O)C1(N)CCN(c2ncnc3[nH]c4c(c23)CCCC4)CC1)c1ccc(F)cc1,0.6567
O=C(NC(Cc1ccc(Cl)cc1)C(=O)N1CCN(c2ccnc3ccccc23)CC1)C1CCCCC1,0.6515
Cc1c(-c2cc(C(=O)NC3CNCCC3c3cccc(F)c3)no2)cnn1C,0.6216
Cc1cc(N2CCC(c3nc(-c4cc(C)c(F)c(F)c4)cn3CCN3CCC3)CC2)ncn1,0.6197
O=C(Cc1nc(N2CCOCC2)cc(=O)n1-c1ccccc1F)Nc1ccc(F)c(F)c1F,0.6212
NC(=O)c1cccnc1N1CCC(c2nc(-c3ccc(F)c(Cl)c3)cn2CCN2CCCC2)CC1,0.7273
Cn1c(CC(=O)Nc2ccc(F)c(-c3nc4cc(F)c(F)c(F)c4o3)c2)nc(N2CCOCC2)cc1=O,0.6667
CC1Cc2c(ccc(F)c2F)N1C(=O)Cc1nc(N2CCOCC2)c(F)c(OCC(F)F)c1F,0.6216
Cc1c(C(N)=O)cn2c(-c3ccccc3)c(-c3ccc(C4(N)CCC4)cc3)nc2c1C,0.7288
O=C(NCc1ccc(Cl)cc1)N1CCN(c2ncnc3ccccc23)CC1,0.6667
O=C(c1ccc(C(F)(F)F)cc1)N1CCN(c2ncnc3ccccc23)CC1,0.6667
O=C(Cc1nc(N2CCOCC2)cc(=O)n1-c1ccccc1)Nc1ccc(F)cc1F,0.6212
NC(COc1cncc(-c2cnc3c(c2)CC(=O)N3)c1)Cc1cc(F)cc(F)c1,0.6324
O=C(Cc1nc(=O)cc(N2CCOCC2)[nH]1)NC(=O)Nc1ccc(F)cc1F,0.6308
O=C(CCc1ccc(F)cc1)NC(Cc1ccc(Cl)cc1)C(=O)N1CCN(c2ncnc3ccccc23)CC1,0.6324
NC(Cc1ccc(F)cc1)C(=O)N1CCN(c2ncnc3ccc(F)cc23)CC1,0.7586
NC(=O)C1(N)CCN(c2ncnc3[nH]cc(Br)c23)CC1,0.6167
CCc1c[nH]c2ncc(-c3cncc(OCC(N)Cc4ccc(Br)cc4)c3)cc12,0.6061
NC(=O)c1c(N)ncnc1N1CCC(c2nc(-c3ccc(F)c(C(F)(F)F)c3)cn2CCNC2CCCC2)CC1,1
CNC(=O)NCc1ccc(-c2nnc3n2-c2cccnc2Nc2ccccc2-3)cc1,0.625
Cn1ncc(Cl)c1-c1cc(C(=O)NCc2cccc(F)c2)sc1Cl,0.7188
Cn1c(CC(=O)N2CCN(C(=O)Cc3ccc(F)cc3)CC2)nc(N2CCOCC2)cc1=O,0.6212
Cn1c(CC(=O)Nc2ccc(F)c(C(N)=O)c2)nc(N2CCOCC2)cc1=O,0.7742
Cc1nc(CC(=O)N2CCc3c(F)cccc32)nc(N2CCOC(C)C2)c1Cl,0.6133
NC(=O)c1c(N)ncnc1N1CCC(c2nc(-c3ccc(Cl)c(F)c3)cn2CC2CC2)CC1,0.7013
Cn1c(CC(=O)NCCc2c(F)cccc2F)nc(N2CCOCC2)cc1=O,0.6462
CNC(=O)CCn1cc(-c2ccc(F)c(C)c2)nc1C1CCN(c2ncnc(N)c2C)CC1,0.7051
Cc1ccc2ncnc(N3CCN(C(=O)CC(N)Cc4ccc(F)c(F)c4)CC3)c2c1,0.6176
NC1(c2ccc(-c3nc4ccc(Br)cn4c3-c3ccccc3)cc2)CCC1,1
Nc1cc(N2CCC(c3nc(-c4cc(F)c(F)c(F)c4)cn3CCN3CCC3)C(F)C2)ncn1,0.625
COc1ccn2c(-c3ccccc3)c(-c3ccc(C4(N)CCC4)cc3)nc2c1,1
Cn1nc(-c2ccc(C(=O)NC3CNCCC3c3cccc(F)c3)cc2)cc1Cl,0.7206
Cn1ncc(C(=O)NC2CNCCC2c2ccc(F)cc2)c1-c1ccc(F)c(F)c1F,0.6
Cc1nc(C(=O)NC2CNCCC2c2ccc(F)cc2)oc1-c1c(Br)cnn1C,0.6216
Nc1cc(N2CCC(c3nc(-c4cccc(F)c4)cn3CCN3CCCC3)CC2)ncn1,0.7969
CNCC(Nc1ncnc2c(C(N)=O)ccnc12)c1cccc(F)c1,0.7719
Cn1c(CC(=O)NC2CCC(c3ccc(F)cc3)CC2)nc(N2CCOCC2)cc1=O,0.6377
NC(Cc1ccc(Cl)cc1)C(=O)N1CCN(c2ncnc3ccccc23)CC1,1
NC1(CNC(=O)c2ccc(F)c(F)c2F)CCN(c2ncnc3[nH]cc(Cl)c23)CC1,0.7206
Cn1ncc(Cl)c1-c1cc(C(=O)NCc2ccc(F)c(F)c2)oc1Cl,0.6984
Nc1ccc2ncnc(N3CCN(C(=O)C(N)Cc4cc(F)c(F)cc4F)CC3)c2c1,0.6935
Nc1cc(N2CCC(c3nc(-c4cc(F)cc(F)c4)cn3CCN3CCC3)CC2)ncn1,0.7619
CNC(=O)C(Cc1ccc(F)cc1)NC(=O)c1cc(Br)c(-c2ccnc3[nH]ccc23)s1,0.75
Cn1cc(-c2ccc(F)c(C(F)(F)F)c2)nc1C1CCN(c2ncnc(N)c2C#N)CC1,0.8116
Cn1ncc(-c2cc(NC(=O)Cc3nc(N4CCOCC4)cc(=O)[nH]3)ccc2F)c1Cl,0.7121
O=C(Cc1ccc(Cl)cc1)N1CCN(c2ncnc3ccccc23)CC1,0.6909
NC(=O)COc1cc(-c2cn(CCN3CCCC3)c(C3CCN(c4cc(N)ncn4)CC3)n2)ccc1F,0.7606
CC(C)CC(CCC(N)=O)NC(=O)c1cc(Br)c(-c2ccnc3[nH]ccc23)s1,0.6301
CCCCC(NC(=O)C1(N)CCN(c2ncnc3c2CCC3)CC1)c1ccc(Cl)cc1,0.6104
NC(Cc1ccc(Cl)cc1)C(=O)N1CCN(c2ncnc3ccc(F)cc23)CC1,0.8596
COc1ncc(CC(N)COc2cncc(-c3ccc4[nH]nc(N)c4c3)c2)cc1F,0.6618
O=C(Nc1cnc(N2CCCC2)s1)c1cc(-n2cnc(C3CC3)c2)c(N2CCCOCC2)cn1,0.6
Nc1ncnc(N2CCC(c3nc(-c4ccc(Cl)c(Cl)c4)cn3CCN3CCCC3)CC2)c1Br,0.8636
Cn1nc(-c2ccc(C(=O)NC3CNCCC3c3cccc(F)c3)s2)nc1C1CC1,0.6944
NC(=O)C(NC(=O)CNC(=O)c1cc(Br)c(-c2ccnc3[nH]ccc23)s1)C1CCCCC1,0.64
NC1(c2ccc(-c3nc4cc(C(F)(F)F)ccn4c3-c3ccccc3)cc2)CCC1,0.7547
Cn1cncc1-c1cn(CCN2CCC2)c(C2CCN(c3ncnc(N)c3C#N)CC2)n1,0.6957
Cn1nc(-c2ccc3nc(-c4ccc(C5(N)CCC5)cc4)c(-c4ccccc4)n3n2)nc1C(F)F,0.6129
CCn1c(-c2nonc2N)nc2c(C#CC(C)(C)O)ncc(OCCCCF)c21,0.873
O=C(Cc1nc(N2CCOCC2)cc(=O)[nH]1)Nc1ccc(F)c(-c2nc3ccccc3o2)c1,0.7121
O=C(Cc1nc(N2CCOCC2)cc(=O)n1-c1ccccc1Br)Nc1ccc(F)c(F)c1,0.6618
Cc1cccc(C(NC(=O)Cc2nc(N3CCOCC3)cc(=O)[nH]2)c2ccc(F)cn2)c1,0.6164
O=C(NC(c1ccc(Cl)c(F)c1)C1CCNC1)c1cc(Cl)nc(Cl)c1,0.625
Cc1cc(-c2cn(CC3CCNCC3)c(C3CCN(c4[nH]cnc(=N)c4C#N)CC3)n2)ccc1F,0.6071
O=C(NC(c1cccc(Cl)c1)C1CCNCC1)c1cccc(Br)c1,0.65
NC(=O)c1ccn2c(-c3ccccc3)c(-c3ccc(C4(N)CCC4)cc3)nc2c1,0.75
Cc1n[nH]c2ccc(-c3cncc(OCC(N)Cc4c(F)cc(F)cc4F)c3)cc12,1
Cn1ncc(C(=O)NC(CN)Cc2ccc(F)c(F)c2)c1Cl,0.6508
Cc1cc(NC(=O)Cc2nc(=O)cc(N3CCOCC3)[nH]2)cc(Cl)c1F,0.6406
O=C(NCC1CCCCN1)c1cc(Br)c(-c2ccnc3[nH]ccc23)s1,0.6111
NC(=O)NCc1ccc(-c2nnc3n2-c2cccnc2Nc2ccccc2-3)cc1,0.6349
CCCc1c(C(N)=O)ccn2c(-c3ccccc3)c(-c3ccc(C4(N)CCC4)cc3)nc12,0.7049
CC(=O)c1ccc(-c2nnc3n2-c2cccnc2Nc2ccccc2-3)cc1,0.7241
O=C(NC(c1ccc(Cl)c(Cl)c1)C1CNC1)c1ccc(Cl)nc1,0.6667
N#Cc1cc(-c2cn(CCN3CCC3)c(C3CCN(c4ncnc(N)c4C(N)=O)CC3)n2)ccc1F,0.8026
CCn1cc(-c2ccc(F)c(Cl)c2)nc1C1CCN(c2ncnc(N)c2NC(N)=O)CC1,0.6625
NC(=O)c1cccn2c(-c3ccccc3)c(-c3ccc(C4(N)CCC4)nc3)nc12,0.7544
N#Cc1cc(Br)ccc1NC(=O)Cc1nc(N2CCOCC2)cc(=O)[nH]1,0.6719
O=C(Cc1nc(N2CCOCC2)cc(=O)[nH]1)NCc1ccccc1Cl,0.6349
O=C(NC1CNCCC1c1ccc(F)cc1)c1ccc2c(c1)-c1ccnn1CCO2,0.7761
NC1(c2ccc(-c3nc4n(c3-c3ccc(F)cc3)COc3nccnc3-4)cc2)CC1,0.6557
O=C(NC(c1ccc(Cl)c(F)c1)C1CNC1)c1ccc(Cl)c(F)c1,0.6
Cn1c(CC(=O)N2CCn3c2nc2ccccc23)nc(N2CCOCC2)cc1=O,0.6308
Cc1ccc(-c2c(C)cnn2C)cc1NC(=O)Cc1nc(N2CCOCC2)cc(=O)[nH]1,0.6286
Cc1cc(-c2cn(CCN3CCC3)c(C3CCN(c4cc(N)ncn4)CC3)n2)c(F)cc1F,0.6812
Nc1ncnc(N2CCC(c3nc(-c4cc(F)c(F)c(F)c4)cn3CCN3CCC3)CC2)c1Cl,0.8154
O=C(NC(c1ccc(Cl)c(F)c1)C1CCNC1)c1ccc2cnccc2c1,0.8983
Cc1n[nH]c2cnc(-c3cncc(OCC(N)Cc4ccc(Cl)cc4Cl)c3)cc12,0.7619
NC(Cc1ccc(Cl)cc1)C(=O)N1CCN(c2ncnc3ccc(Br)cc23)CC1,0.8103
O=C(NC(c1ccc(Cl)c(Cl)c1)C1CCNC1)c1cn[nH]c1,0.6721
NC(COc1cncc(-c2ccc3[nH]ncc3c2)c1)Cc1c(F)cccc1F,0.7049
Cn1c(CC(=O)Nc2cccc3c2cnn3C)nc(N2CCOCC2)cc1=O,0.7015
O=C(NCc1ccco1)c1cc(Br)c(-c2ccnc3[nH]ccc23)s1,0.6364
Cc1cc(-c2ccc(C(=O)NC3CNCCC3c3cccc(F)c3)cc2)nn1C,0.6812
O=C(NC(c1ccc(Cl)c(F)c1)C1CCNC1)c1cn[nH]c1,0.6061
Cn1nc(-c2ccc(C(=O)NC3CNCCC3c3cccc(F)c3)cc2)c2ccccc21,0.6528
Cn1c(CC(=O)NC2CCc3ccccc32)nc(N2CCOCC2)cc1=O,0.6061
COc1c(N)ncnc1N1CCC(c2nc(-c3ccc(O)cc3)cn2CCN2CCC2)CC1,0.7297
Cc1c(N)ncnc1N1CCC(c2nc(-c3ccc(F)c(C#N)c3)cn2CCNC(C)C)CC1,0.7692
Cn1ncc(Br)c1-c1ncc(C(=O)NC2CNCCC2c2ccc(F)cc2)s1,0.6351
Nc1ncnc(N2CCC(c3nc(-c4ccc(Cl)cc4)cn3CCN3CCC3)CC2)c1Br,0.8095
Cc1nnc(-c2ccc(C(=O)NC3CNCCC3c3cccc(F)c3)cc2)o1,0.6197
Cn1ncc(Br)c1-c1ncc(C(=O)NC2CNCCC2c2ccnnc2)o1,0.6389
Cc1c(-c2ccc(C(=O)NC3CNCCC3c3cccc(F)c3)nc2)c(=O)on1C,0.6944
O=C(Cc1nc(N2CCOCC2)cc(=O)n1-c1ccc(F)c(F)c1)Nc1ccc(F)cc1F,0.6119
Cn1c(CC(=O)Nc2ccc(CC3CCCCC3)cc2)nc(N2CCOCC2)cc1=O,0.6522
NC1(c2ccc(-c3nc4cc(C(=O)Nc5ccccn5)ccn4c3-c3ccccc3)cc2)CCC1,0.6429
Cc1cc(C(COc2cncc(-c3cc4c(C)n[nH]c4cn3)c2)NC(C)CO)ccc1F,0.6164
NC(=O)c1c(N)ncnc1N1CCC(c2nc(-c3cc(F)cc(F)c3)cn2CCN2CCCC2)CC1,0.7778
NC(=O)c1cccn2c(-c3ccccc3)c(-c3ccc(F)cc3)nc12,0.6792
Cc1c[nH]c2ncnc(N3CCC(N)(C(=O)NCc4ccc(F)cc4F)CC3)c12,0.6164
NC1(C(=O)NCC(F)(F)F)CCN(c2ncnc3[nH]cc(Cl)c23)CC1,0.6
O=C(NC(c1ccc(Cl)c(F)c1)C1CCNCC1)c1c(F)cncc1F,0.6721
N#Cc1cccn2c(-c3ccccc3)c(-c3ccc(C4(N)CCC4)cc3)nc12,1
Cn1ncc(Br)c1-c1sc(C(=O)NC2CNCCC2c2cccc(F)c2)cc1Cl,0.7639
Cc1n[nH]c2cnc(-c3cncc(OCC(N)Cc4ccc(F)c(F)c4F)c3)cc12,1
Cn1ncc(Br)c1-c1cnc(C(=O)NC2CNCCC2c2ccc(F)c(F)c2)s1,0.7246
O=C(Cc1nc(N2CCOCC2)cc(=O)n1-c1ccc(F)cc1F)Nc1ccc(F)cc1F,0.6508
O=C(NC(c1ccc(Cl)c(Cl)c1)C1CCNC1)c1nccs1,0.6
O=C(NC(c1cccc(Cl)c1)C1CCNCC1)c1ccc(F)cc1,0.661
O=C(Cc1nc(N2CCOCC2)cc(=O)n1-c1ccc(F)c(Cl)c1)Nc1ccc(F)c(F)c1,0.6
O=C(NC(c1ccc(Cl)c(F)c1)C1CCNCC1)c1ccc(F)cc1,0.6949
Cn1ccnc1-c1ccc(C(=O)NC2CNCCC2c2cccc(F)c2)cn1,0.6111
NCC1(C(=O)NCc2ccc(Cl)cc2N)CCN(c2ncnc3[nH]ccc23)CC1,0.6286
CNC(=O)c1cc(F)c(C)c(NC(=O)Cc2nc(N3CCOCC3)cc(=O)n2C)c1,0.6
Cc1nc(C(=O)NC2CNCCC2c2cccc(F)c2)c(F)c(-c2c(Br)cnn2C)c1Cl,0.6538
Cc1cc(-c2cn(CCN3CCCC3)c(C3CCN(c4ncnc(N)c4Br)CC3)n2)ccc1F,0.9688
O=C(NC(c1cccc(Cl)c1)C1CCNC1)c1cc(Cl)nc(Cl)c1,0.6129
COc1cccc2ncnc(N3CCN(C(=O)C(N)Cc4ccc(Cl)cc4)CC3)c12,0.7869
N#Cc1cc(-c2cn(CCN3CCC3)c(C3CCN(c4ncnc(N)c4F)CC3)n2)ccc1F,0.7639
NC(=O)c1ccc(N2CCC(c3nc(-c4ccc(F)c(F)c4)cn3CCNCC3CC3)CC2)nc1,0.6071
Cc1nn(C)n2c(-c3ccccc3)c(-c3ccc(C4(N)CCC4)cc3)nc12,0.6364
COCCCNC(=O)c1cc(Br)c(-c2ccnc3[nH]ccc23)s1,0.6212
CC1SCc2ncnc(N3CCN(C(=O)Cc4ccc(Cl)c(Cl)c4)CC3)c21,0.6286
O=C(NC(c1ccc(Cl)c(F)c1)C1CCNCC1)c1ccc(Br)cn1,0.6061
Cn1nc(-c2ccc(C(=O)NC3CNCCC3c3cccc(F)c3)cc2)c2cccnc21,0.6267
Cn1nc(-c2ccc(C(=O)NC3CNCCC3c3cccc(F)c3)cc2)c2c1CCNC2,0.6351
Nc1cc(N2CCC(c3nc(-c4ccc(C(F)(F)F)cc4)cn3CCN3CCC3)CC2)ncn1,0.791
NC(Cc1ccc(F)nc1)C(=O)N1CCN(c2ncnc3ccc(F)cc23)CC1,0.6984
O=C(Cc1nc(N2CCCC2)cc(=O)[nH]1)NCCc1ccc(F)c(Br)c1,0.6212
O=C(NCC(Cc1ccc(Cl)cc1)C(=O)N1CCN(c2ncnc3ccccc23)CC1)c1ccc(F)c(Cl)c1,0.6286
CC(=O)Nc1ccc2ncnc(N3CCN(C(=O)C(N)Cc4ccc(F)c(F)c4)CC3)c2c1,0.746
NC1(C(=O)NC(Cc2c[nH]cn2)c2ccc(C(F)(F)F)cc2)CCN(c2ncnc3[nH]ccc23)CC1,0.6944
CC(C)Oc1c(N)ncnc1N1CCC(c2nc(-c3cccc(C(N)=O)c3)cn2CCN2CCC2)CC1,0.725
Cn1nc2ccc(-c3cncc(OCC(N)Cc4cccc(F)c4F)c3)cc2n1,0.6364
O=C(NC(c1cccc(Cl)c1)C1CCNC1)c1cnccc1Cl,0.625
O=C(NC(c1ccc(Cl)c(F)c1)C1CCNC1)c1cnccn1,0.6119
N#Cc1ccc(-c2cn(CCN3CCC3)c(C3CCN(c4ncnc(N)c4Br)CC3)n2)cc1,0.7727
NC(=O)c1cccn2c(-c3ccccc3)c(-c3ccc(C4(N)CCC4)cc3)nc12,1
O=C(Cc1nc(N2CCOCC2)cc(=O)[nH]1)NCc1ncccc1F,0.6364
CCC(Nc1ccc(F)c(F)c1)C(=O)N1CCN(c2ncnc3ccccc23)CC1,0.6308
NC(Cc1ccc(Cl)cc1Cl)C(=O)N1CCN(c2ncnc3ccc(Cl)cc23)CC1,0.6885
O=C(Cc1ccncc1)NC(c1ccc(Cl)c(Cl)c1)C1CCNC1,0.6349
Nc1ncnc(N2CCC(c3nc(-c4ccc(F)c(C(F)(F)F)c4)cn3CCN3CCCC3)CC2)c1C1CC1,0.8551
O=C(Cc1nc(N2CCOCC2)cc(=O)n1-c1ccccc1)N1CCc2c(Cl)cccc21,0.7656
NC1(C(=O)NCc2ccc(Cl)cc2)CCN(c2ncnc3c2CCC3)CC1,0.6557
O=C(NCC(Cc1ccc(C(F)(F)F)cc1)C(=O)N1CCN(c2ncnc3ccccc23)CC1)c1ccc(F)cc1,0.6866
COc1cc(N2CCC(c3nc(-c4ccc(F)c(C)c4)cn3CCNC(C)C)CC2)ncn1,0.6543
CC(C)N(C)CCn1cc(-c2ccc(F)c(F)c2)nc1C1CCN(c2ncnc(N)c2C(N)=O)CC1,0.8919
Cc1ncncc1N1CCC(c2nc(-c3ccnc(C(F)(F)F)c3)cn2CCN2CCC2)CC1,0.6538
CC(NC(=O)C1(N)CCN(c2ncnc3[nH]ccc23)CC1)c1ccc(F)cc1,1
Cn1cc(-c2ccc(Cl)c(NC(=O)Cc3nc(N4CCOCC4)cc(=O)[nH]3)c2)cn1,0.6087
Cn1c(CC(=O)NC2CCc3cccc(F)c32)nc(N2CCOCC2)cc1=O,0.6111
NC1(c2ccc(-c3nc4cc(C=O)ccn4c3-c3ccccc3)cc2)CCC1,0.7358
O=C(NC(c1cccc(Cl)c1)C1CCNCC1)c1cc(Cl)nc(Cl)c1,0.6897
Cc1cc(-c2cn(CCN(C)C)c(C3CCN(c4ncnc(N)c4C(F)(F)F)CC3)n2)ccc1Cl,0.6667
Cc1c[nH]c2ncnc(N3CCC(N)(Cc4ccc(Cl)cc4)CC3)c12,0.619
CCOc1c(N)ncnc1N1CCC(c2nc(-c3ccc(F)c(C(F)(F)F)c3)cn2CC(=O)NCCOC)CC1,0.7045
CCNC(=O)c1cc(Br)c(-c2ccnc3[nH]ccc23)s1,0.6833
CC(=N)CC(Cc1ccc(Cl)cc1)C(=O)N1CCN(c2ncnc(N)c2Br)CC1,0.7458
NC(Cc1ccc(Cl)cc1)C(=O)N1CCN(c2ncnc3cccc(Cl)c23)CC1,0.8246
Cn1nc(-c2ccc(C(=O)NC3CNCCC3c3cccc(F)c3)cc2)cc1C(F)(F)F,0.6761
O=C(NC1CCN(c2ncnc3[nH]cc(Cl)c23)C1)C1(c2ccc(Cl)c(Cl)c2)CC1,0.6232
CCc1ncc2c(n1)N(C(=O)Cc1nc(N3CCOCC3)cc(=O)n1-c1ccccc1)CC2,0.7164
Cn1c(CC(=O)Nc2ccc(-c3csnn3)cc2)nc(N2CCOCC2)cc1=O,0.6232
Cc1cc(C(NC(=O)c2cccnc2)C2CCNC2)ccc1Cl,0.6212
Cc1n[nH]c2cnc(-c3cncc(OCC(N)Cc4ccc(Cl)c(F)c4)c3)cc12,0.8095
COc1nccn2c(-c3ccccc3)c(-c3ccc(C4(N)CCC4)cc3)nc12,0.7069
Cc1cc(-c2cn(CCN(C)C)c(C3CCN(c4cc(N)ncn4)CC3)n2)ccc1F,0.7222
Cc1ccn2cc(-c3ccc(C(=O)NC4CNCCC4c4cccc(F)c4)nc3)nc2c1C,0.6316
O=C(NC1CNCCC1c1ccc(F)c(F)c1)c1ccc(N2CCCC2)nc1,0.6471
Cc1cc(F)ccc1CNC(=O)C1(N)CCN(c2ncnc3[nH]ccc23)CC1,0.6462
O=C(Cc1nc(N2CCOCC2)cc(=O)n1-c1ccc(Cl)cc1)N1CCc2c(-c3ccccc3F)cccc21,0.6533
Cc1oc(C(=O)NC2CNCCC2c2ccc(F)c(F)c2)cc1-c1nn(C)c(C)c1Cl,0.6447
NC(Cc1ccc(Cl)cc1)C(=O)N1CCN(c2ncnc3cccc(-c4ccccc4)c23)CC1,0.7581
Cn1ncc(Br)c1-c1cc(C(=O)NC(CN)Cc2cc(F)cc(F)c2)sc1Cl,0.7015
CC1(C)C(=O)Nc2ccc(-c3cncc(OCC(N)Cc4cccc(F)c4F)c3)cc21,0.6377
NC(=O)c1cccnc1N1CCC(c2nc(-c3ccc(F)c(C(F)(F)F)c3)cn2CCN2CCCC2)CC1,0.7342
O=C(Cc1nc(N2CCOCC2)cc(=O)n1C1CC1)Nc1ccc(F)c(C2CC2)c1,0.7969
O=C(NC1CNCCC1c1ccc(F)c(F)c1)c1cncc(Cl)c1,0.6308
O=C(NC(c1ccc(Cl)c(F)c1)C1CCNCC1)c1ccc(F)c(F)c1,0.7119
Cn1nc(-c2ccc(C(=O)NC3CNCCC3c3ccccc3)o2)cc1Br,0.6056
CN1C(=O)Cc2c(N3CCN(C(=O)C(N)Cc4ccc(F)c(F)c4)CC3)ncnc21,0.6562
NC1(c2ccc(-c3nc4c(Br)cccn4c3-c3ccccc3)cc2)CC1,0.907
O=C(NC(c1ccc(Cl)c(Cl)c1)C1CCNC1)c1cc(F)cc(F)c1,0.6393
NC1(c2ccc(-c3nnc4n3-c3cccnc3Nc3ccc(F)cc3-4)cc2)CCC1,0.7719
Cn1c(CC(=O)NC2CCc3cc(F)ccc32)nc(N2CCOCC2)cc1=O,0.6197
NC(=O)c1cccc2c(NC(CN3CC(F)C3)c3ccc(C(F)(F)F)cc3)ncnc12,0.8065
CNC(=O)c1cccc(NC(=O)Cc2nc(N3CCOCC3)cc(=O)n2C)c1,0.6515
CC(C)c1c(C(=O)NC2CNCCC2c2cc(F)cc(F)c2)cnn1C,0.6308
Nc1ncnc(N2CCC(c3nc(CCC(F)(F)F)cn3CCN3CCCC3)CC2)c1F,0.6389
CC(C)NCC(C(=O)N1CCN(c2ncnc3c2C(C)SCC3)CC1)c1ccc(F)cc1,0.6479
CCc1c(N)ncnc1N1CCC(c2nc(-c3ccc(Cl)c(C#N)c3)cn2CCNC(C)C)CC1,0.6471
Cc1cncc(C(=O)NC(c2cccc(Cl)c2)C2CCNCC2)c1,0.6613
Nc1ncnc(N2CCC(c3nc(-c4cc(Cl)c(O)c(Cl)c4)cn3CCN3CCCC3)CC2)c1Cl,0.7424
O=C(Nc1csc(-c2nncn2C2CC2)n1)c1cc(-n2cnc(C3CC3)c2)c(F)cc1Cl,0.6667
COCCNCC(C(=O)N1CCN(c2ncnc3c(C(F)(F)F)cccc23)CC1)c1ccc(Cl)cc1,0.6076
NC1(c2ccc(-c3nc4n(c3-c3ccccc3)COc3cnccc3-4)cc2)CC1,0.9245
CC(C)NCCn1cc(-c2cnc(F)c(Cl)c2)nc1C1CCN(c2ncnc(N)c2C(F)(F)F)CC1,0.6071
Cc1nc(Cl)c(Cl)cc1C(=O)NC1CNCCC1c1ccc(F)c(F)c1,0.6087
O=C(Cc1nc(N2CCOCC2)cc(=O)n1-c1ccc(F)cc1)Nc1ccc(Br)cc1,0.6029
O=C(NC(c1ccc(Cl)c(F)c1)C1CCNC1)c1ccc(Cl)nc1,0.6212
O=C(NC(c1ccc(Cl)c(Cl)c1)C1CCNC1)c1ccccn1,0.619
Cn1c(CC(=O)Nc2ccc(CCC(=O)NCc3ccc(F)cc3)cc2)nc(N2CCOCC2)cc1=O,0.6338
N#CCc1c(N)ncnc1N1CCC(c2nc(-c3ccnc(C(F)(F)F)c3)cn2CCNCCO)CC1,0.6951
O=C(NC(c1ccc(Cl)c(Cl)c1)C1CCNC1)c1nc(Cl)cs1,0.6
CCn1cc(-c2ccnc(C(F)(F)F)c2)nc1C1CCN(c2ncnc(N)c2C2CCOCC2)CC1,0.6456
CNCC(Nc1ncnc2c(C(N)=O)cccc12)c1ccc(F)c(F)c1,0.8036
CNCC(Nc1ncnc2c(C(N)=O)cc(Br)cc12)c1ccc(F)c(F)c1,0.6308
Cn1ncc(C(=O)NC2CNCCC2c2ccc(F)c(F)c2)c1-c1cccc(F)c1,0.6528
NC(Cc1ccc(F)c(F)c1)C(=O)N1CCN(c2ncnc3cccc(Cl)c23)CC1,0.7419
CNC(=O)c1cc(NC(=O)Cc2nc(N3CCOCC3)cc(=O)[nH]2)ccc1F,0.7833
Cc1cc(CC(NC(=O)c2cc(Br)c(-c3ccnc4[nH]ccc34)s2)C(N)=O)cc(C)c1F,0.6301
Cn1cc(-c2cc(NC(=O)Cc3nc(N4CCOCC4)cc(=O)[nH]3)ccc2Cl)cn1,0.6377
O=C(Cc1nc(N2CCOCC2)cc(=S)[nH]1)N1CCc2c(Cl)cccc21,0.8136
N#Cc1c(N)ncnc1N1CCC(c2nc(-c3ccnc(C(F)(F)F)c3)cn2CCN2CCC2)CC1,1
CC1(F)CN(C(=O)c2cccn3c(-c4ccccc4)c(-c4ccc(C5(N)CCC5)cc4)nc23)C1,0.7213
Cc1n[nH]c2ccc(-c3nnc(NCC(=O)NCc4cccc(F)c4)s3)cc12,0.6522
O=C(Cc1nc(N2CCOCC2)cc(=O)n1-c1ccc(F)cc1)Nc1ccc(F)c(Cl)c1,0.6
Cc1n[nH]c2ccc(-c3nnc(NC(=O)Cc4cccc(F)c4)s3)cc12,0.6515
O=C(CC1CC1)NC(Cc1ccc(Cl)cc1)C(=O)N1CCN(c2ncnc3ccc(F)cc23)CC1,0.6056
O=C(Cc1nc(N2CCOCC2)cc(=O)[nH]1)NC1CCc2cc(Br)ccc21,0.6364
NC1(C(=O)NC(c2ccc(Cl)c(F)c2)C2CCCC2)CCN(c2ncnc3[nH]ccc23)CC1,0.7391
Cn1ncc(Cl)c1-c1cc(C(=O)NCc2cc(F)cc(F)c2)sc1Cl,0.6061
O=C(Cc1nc(N2CCOCC2)cc(=O)n1-c1ccc(F)cc1)N1CCc2c(F)cccc21,0.7538
CN(C)c1ncnc(N2CCC(c3nc(-c4ccc(F)c(C(F)(F)F)c4)cn3CCNC(=O)C(C)(C)C)CC2)c1F,0.6477
CC1SCc2ncnc(N3CCC(NC(=O)NCc4ccc(F)c(F)c4)CC3)c21,0.6027
NC(=O)c1cccn2c(-c3ccc(F)cc3F)c(-c3ccc(C4(N)CCC4)cc3)nc12,0.7049
O=C(c1ccc(Cl)cc1)N1CCN(c2ncnc3ccccc23)CC1,0.6364
Cc1nn(C)c2ncc(-c3cncc(OCC(N)Cc4c[nH]c5ccccc45)c3)cc12,0.6912
CCCNCCn1cc(-c2ccc(F)c(C)c2)nc1C1CCN(c2cc(N)ncn2)CC1,0.6438
Nc1ncnc(N2CCC(c3nc(-c4ccc(F)c(Cl)c4)cn3CCN3CCC3)CC2)c1Br,0.9688
CCc1nn(C)c(-c2ccc(C(=O)NC3CNCCC3c3cccc(F)c3)nc2)c1OC,0.6494
Cc1ncc(C(=O)O)c(N2CCC(c3nc(-c4ccc(F)c(C)c4)cn3CCN(C)C)CC2)n1,0.6709
C=CCNC(=O)Nc1ccc(-c2cncc(OCC(N)Cc3c[nH]c4ccccc34)c2)cc1,0.6184
CN(C)CCn1cc(-c2ccc(C(F)(F)F)c(F)c2)nc1C1CCN(c2ncnc(N)c2Cl)CC1,0.7368
Cc1c[nH]c2ncnc(N3CCC(N)(CNC(=O)c4cocn4)C3)c12,0.7213
Cn1ncc2cnc(C(=O)NC3CNCCC3c3ccc(F)c(F)c3)cc21,0.6056
CCn1cc(-c2ccnc(C(F)(F)F)c2)nc1C1CCN(c2ncnc(N)c2C(N)=O)CC1,0.8194
O=C(NC(c1ccc(Cl)c(F)c1)C1CCCC1)C1(F)CCN(c2ncnc3[nH]ccc23)CC1,0.6216
Cc1nn(C)cc1NC(=O)Cc1nc(N2CCOCC2)cc(=O)n1C,0.6119
O=C(NC(c1ccc(Cl)c(F)c1)C1CCNC1)c1ccc(Cl)c(Cl)c1,0.6557
O=C(Cc1nc(N2CCOCC2)cc(=O)n1-c1ccccc1)Nc1cccc(Cl)c1,0.6308
CC(C)NCCn1cc(-c2cncc(C#N)c2)nc1C1CCN(c2ncnc(N)c2Br)CC1,0.6118
O=C(Cc1nc(N2CCOCC2)cc(=O)[nH]1)Nc1cc(F)cc2nc(-c3ccncc3)oc12,0.6338
O=C(Cc1nc(N2CCOCC2)cc(=O)[nH]1)Nc1cnc(C(=O)NCc2ccc(F)cc2)c(F)c1,0.6618
CC1(C)CN(C(=O)Cc2nc(N3CCOCC3)cc(=O)n2-c2ccccc2)c2ccc(F)cc21,0.6197
COc1cc(F)ccc1CNC(=O)C1(N)CCN(c2ncnc3[nH]ccc23)CC1,0.6176
CC1SCc2ncnc(N3CCN(C(=O)C(CNC(=O)c4ccc(Cl)cc4)Cc4ccc(F)c(F)c4)CC3)c21,0.7733
Cn1c(CC(=O)Nc2ccc(SC(F)F)cc2)nc(N2CCOCC2)cc1=O,0.6769
N#Cc1cc(-c2cn(CCN3CCC3)c(C3CCN(c4ncnc(N)c4Br)CC3)n2)ccc1F,0.8116
NC(=O)CC(NC(=O)c1cc(Br)c(-c2ccnc3[nH]ccc23)s1)c1ccccc1Cl,0.6765
CC(C)(C)NC(=O)C1(N)CCN(c2ncnc3[nH]cc(Cl)c23)CC1,0.6557
Cn1ncc(C(=O)NC2CNCCC2c2ccc(F)cc2)c1-c1ccc(F)c(F)c1,0.6522
Cc1cn(-c2cc(C(=O)Nc3csc(-c4nncn4C(C)C(F)(F)F)n3)ncc2N2CCC(=O)CC2)cn1,0.7045
O=C(NC(c1ccc(Cl)c(Cl)c1)C1CCNCC1)c1ccc(F)cc1,0.6897
Nc1ncnc(N2CCC(c3nc(-c4ccc(F)c(CO)c4)cn3CCN3CCC3)CC2)c1Br,0.8235
Cc1c(C(N)=O)ccnc1-c1ccc(C(=O)NC2CNCCC2c2cccc(F)c2)nc1,0.6486
NC(=O)c1cccc2c(NC(CN3CCCC3)c3ccc(F)cc3)ccc(F)c12,0.6094
O=C(NC(c1cccc(Cl)c1)C1CCNC1)c1ccc(Cl)cc1,0.6167
NC(COc1cncc(-c2ccc3[nH]c(=O)sc3c2)c1)Cc1cc(Br)c(O)c(Br)c1,0.6286
NC(=O)c1ccnc2c(NC(CN3CCCC3)c3ccc(F)c(F)c3F)ncnc12,0.6515
CC(NC(=O)C1(N)CCN(c2ncnc3[nH]ccc23)CC1)c1ncc(-c2ccnn2C)cc1F,0.6133
Cc1nc(C(=O)NC2CNCCC2c2ccc(Cl)cc2)oc1-c1c(Br)cnn1C,0.7391
Cc1ccc2ncnc(N3CCN(C(=O)C(N)Cc4ccc(F)cc4)CC3)c2c1,0.8276
Cc1cc(-c2cn(CCN3CCC3)c(C3CCN(c4cc(N(C)C)ncn4)CC3)n2)ccc1F,0.6667
Cn1ncc(Br)c1-c1oc(C(=O)NC2CNCCC2c2cc(F)c(F)c(F)c2)cc1Br,0.7612
NC(=O)c1c(N)ncnc1N1CCC(c2nc(-c3ccc(F)nc3)cn2CCN2CCCC2)CC1,0.7808
O=C(NC(c1ccc(F)c(F)c1)C1CCNC1)c1ccc(Cl)c(Cl)c1,0.6452
NC1(c2ccc(-c3nc4ccc(CN5CCC(F)(F)CC5)cn4c3-c3ccccc3)cc2)CCC1,0.6333
NC1(c2ccc(-c3nc4ccc(C(=O)NCc5ccc(F)cc5)cn4c3-c3ccccc3)cc2)CCC1,0.6984
O=C(Cc1nc(N2CCOCC2)cc(=O)n1C1CCCCC1)Nc1ccc(F)cc1F,0.6119
Cc1cc(-c2cn(CC(=O)NCCCN3CCCC3)c(C3CCN(c4ncnc(N)c4Cl)CC3)n2)ccc1F,0.6628
CNC(=O)c1ccc(-c2cn(CCN3CCCC3)c(C3CCN(c4ncnc(N)c4Br)CC3)n2)c(F)c1,0.6582
CC1Cc2ccc(Cl)cc2N1C(=O)Cc1nc(N2CCOCC2)cc(=O)n1C,0.7903
Cc1cc(-c2cn(CCNCC(C)C)c(C3CCN(c4cc(N)ncn4)CC3)n2)cc(F)c1F,0.6
CC1CCCCN1c1ccc(NC(=O)Cc2nc(N3CCOCC3)cc(=O)n2C)cn1,0.6081
CCc1ccc2nc(-c3ccc(C4(N)CCC4)cc3)c(-c3ccccc3)n2n1,1
N#Cc1cc(-c2cn(CCN3CCC3)c(C3CCN(c4cc(N)ncn4)CC3)n2)cc(Cl)c1F,0.6486
O=C(Cc1nc(N2CCOCC2)cc(=O)[nH]1)Nc1ccc(F)c(C(=O)N2CCC(F)CC2)c1,0.746
CCn1c(-c2nonc2N)nc2c(C#CC(C)(C)O)nc(OCCOC)cc21,0.8548
O=C(Nc1csc(-c2nncn2C2CC2)n1)c1cc(-n2cnc(C3CC3)c2)c(N2CCN(CC3CC3)CC2)cn1,1
Cn1nc(-c2ccc(C(=O)NC3CNCCC3c3ccccc3)s2)cc1C1CC1,0.6
Cn1ncc(C(=O)NC2CNCCC2c2ccc(F)c(F)c2)c1-c1ccccc1Cl,0.7391
O=C(NC1CNCCC1c1ccc(F)c(F)c1)c1ccc(F)c(Cl)c1Cl,0.625
O=C(Cc1nc(N2CCOCC2)cc(=O)n1C1CCCCC1)N1CCc2c(-c3cccs3)cccc21,0.68
O=C(NC(c1ccc(Cl)c(Cl)c1)C1CNC1)c1ccc(F)c(Br)c1,0.6167
O=C(NC(c1ccc(Cl)c(Cl)c1)C1CCNCC1)c1cc(Cl)cc(Cl)c1,0.6491
Cc1ccc(-n2c(CC(=O)Nc3ccc(Br)c(F)c3)nc(N3CCOCC3)cc2=O)cc1,0.6522
Nc1ncnc(N2CCC(c3nc(-c4ccc(F)c(C(F)(F)F)c4)cn3CCN3CCC3)CC2)c1Cl,1
CC1(C)C(=O)Nc2ncnc(N3CCC(c4nc(-c5ccc(Cl)c(C(F)(F)F)c5)c(F)cc4NCCO)CC3)c21,0.6022
O=C(Nc1ccc(C(F)(F)F)cc1)N1CCN(c2ncnc3ccccc23)CC1,0.6333
NC1(C(=O)NCc2ccc(Cl)nc2)CCN(c2ncnc3[nH]ccc23)CC1,0.807
N#Cc1cc(-c2cn(CCN3CCC3)c(C3CCN(c4ncnc(Cl)c4C#N)CC3)n2)ccc1F,0.7467
Cc1n[nH]c2ccc(-c3cnc(OCC(N)Cc4c[nH]c5ccccc45)cn3)cc12,0.7231
NC1(C(=O)NCCc2cccs2)CCN(c2ncnc3[nH]ccc23)CC1,0.6154
CC(C)NCCn1cc(-c2ccnc(F)c2)nc1C1CCN(c2cc(N)ncn2)CC1,0.6301
Cc1cc(-c2cn(CCN3CCC3)c(C3CCN(c4cc(N)ncn4)CC3)n2)ccn1,0.7164
Cc1c(N)ncnc1N1CCC(c2nc(-c3ccc(C#N)cc3)cn2CCN2CCCC2)CC1,0.7143
CC1SCc2ncnc(N3CCN(c4ccc(C(=O)NCc5ccc(F)c(F)c5)cc4F)CC3)c21,0.6
O=C(Cc1nc(N2CCOCC2)cc(=O)[nH]1)N1CCN(CCc2ccc(F)cc2F)CC1,0.6029
O=C(NC(Cc1ccccc1)c1ccccc1)c1cc(Br)c(-c2ccnc3[nH]ccc23)s1,0.8333
Cn1ncc(Br)c1-c1ncc(C(=O)NC2CNCCC2c2ccccc2)o1,0.6667
NC(COc1cncc(-c2cccc(CNC(=O)C3CC3)c2)c1)Cc1c[nH]c2ccccc12,0.6026
Cn1cnc(-c2ccn3c(-c4ccccc4)c(-c4ccc(C5(N)CCC5)cc4)nc3c2)n1,0.6825
CCn1cc(-c2ccc(F)c(C(F)(F)F)c2)nc1C1CCN(c2ncnc(N)c2C(N)=O)CC1,0.8696
Cc1ccc(C(NC(=O)c2ccc(Cl)c(C)c2)C2CCNCC2)cc1F,0.625
O=C(NC(c1ccc(Cl)c(Cl)c1)C1CCNC1)c1cccc(F)c1,0.6349
CC1CCN(c2ncnc(-c3ccc(F)cc3F)c2NC(=O)Cc2nc(N3CCOCC3)cc(=O)[nH]2)CC1,0.6053
NC(=O)c1cccc(-c2cn(CCN3CCC3)c(C3CCN(c4ncnc(N)c4Cl)CC3)n2)c1,0.7606
COc1ccc(-c2cn3ccnc3nc2-c2ccc(CN3CC(c4n[nH]c(-c5ccccn5)n4)C3)cc2)cc1,0.8169
Cc1nn2c(-c3ccc(C(N)=O)cc3)cnc2cc1-c1ccccc1,0.6102
Cc1n[nH]c2cnc(-c3cncc(OCC(N)Cc4ccc(Br)c(F)c4)c3)cc12,0.8095
CCn1cc(-c2cnc(OC)c(F)c2)nc1C1CCN(c2ncnc(N)c2C(N)=O)CC1,0.6265
Nc1ncnc(N2CCC(c3nc(-c4ccc(F)c(Cl)c4)cn3CCN3CCC3)CC2)c1C(=O)N1CC(F)C1,0.8289
Cc1ccc(C(=O)NC(Cc2ccc(Cl)cc2)C(=O)N2CCN(c3ncnc4ccccc34)CC2)cc1Br,0.6056
Cc1c(N)ncnc1N1CCC(c2nc(-c3cnc(C(F)(F)F)c(F)c3)cn2CCN(C)C)CC1,0.6375
COc1ccc2ncnc(N3CCN(C(=O)C(N)Cc4ccc(Cl)cc4)CC3)c2c1,0.7869
Cc1cnncc1N1CCC(c2nc(-c3cccc(Cl)c3)cn2CCN2CCC2)CC1,0.6216
O=C(NC(c1ccc(Cl)c(Cl)c1)C1CNC1)c1ccc(F)c(F)c1,0.6491
NC1(C(=O)NCc2cc(Cl)cc(Cl)c2)CCN(c2ncnc3[nH]ccc23)C1,0.7627
O=C(Cc1nc(N2CCOCC2)cc(=O)n1-c1ccccc1)NC1CCCC1,0.6
Cn1c(CC(=O)Nc2ccc(F)c(C3CCC3)c2)nc(N2CCOCC2)cc1=O,0.9333
Cc1c[nH]c2ncnc(N3CC4(CCNCC4)C3)c12,0.6122
O=C(N1CCN(c2ncnc3ccc(F)cc23)CC1)C1(c2ccc(Cl)c(Cl)c2)CCNCC1,0.6471
O=C(NC(c1cc(F)cc(Cl)c1)C1CCNCC1)c1ccc2cnccc2c1,0.7705
CCCCOc1ccc(-c2nnc3n2-c2cccnc2Nc2ccccc2-3)cc1,0.6
NC(=O)CC(NC(=O)c1cc(Br)c(-c2ccnc3[nH]ccc23)s1)c1ccccc1F,0.6812
CC(Cc1ccc(F)cc1)NC(=O)C1(N)CCN(c2ncnc3[nH]ccc23)CC1,0.7705
O=C(Cc1nc(=O)cc(N2CCOCC2)[nH]1)N1CCc2c(F)cccc21,0.7377
O=C(Cc1nc(N2CCOCC2)cc(=O)[nH]1)Nc1ccc(F)c(C(=O)NCC(F)F)c1,0.7538
NC(Cc1ccc(F)cc1)C(=O)N1CCN(c2ncnc3cccc(C(F)(F)F)c23)CC1,0.6562
Cn1cnc(-c2csc(C(=O)NC3CNCCC3c3cccc(F)c3)c2)n1,0.6757
CNCCn1cc(-c2ccc(F)c(F)c2)nc1C1CCN(c2cc(Cl)ncn2)CC1,0.6197
Cn1c(CC(=O)N2CCc3c(Br)cccc32)nc(N2CCOCC2)cc1=S,0.8197
N#Cc1ccc(-c2cn(CC3CNC3)c(C3CCN(c4ncnc(N)c4C4CC4)CC3)n2)c(F)c1,0.622
CCn1cc(C(=O)NC(c2ccc(Cl)c(F)c2)C2CCNCC2)cn1,0.6087
Cn1ncc(Cl)c1-c1cc(C(=O)NCCc2cccc(F)c2)sc1Cl,0.697
NC(Cc1ccc(F)c(F)c1)C(=O)N1CCN(c2ncnc3ccccc23)CC1,1
CC(=O)Nc1ccc(CNC(=O)C2(N)CCN(c3ncnc4[nH]ccc34)C2)cc1,0.6825
O=C(N1CCN(c2ncnc3ccc(Br)cc23)CC1)C1(c2ccc(Br)cc2)CC1,0.6066
NC(=O)c1cccc2nc(-c3ccc(C4(N)CCC4)cc3)c(-c3ccccc3)n12,0.6379
O=C(Cc1ccnnc1)NC(c1ccc(Cl)c(Cl)c1)C1CCNC1,0.6061
Cn1ncc(Br)c1-c1onc(C(=O)NC2CNCCC2c2ccccc2)c1Cl,0.6301
Cn1cc(C(=O)NC(c2ccc(Cl)c(Cl)c2)C2CCNC2)cn1,0.6406
N#Cc1ccc(-c2cn(CCN3CCCC3)c(C3CCN(c4cc(N)ncn4)CC3)n2)cc1C#N,0.7463
O=C(NC1CNCCC1c1ccc(F)c(F)c1)c1ccc(-c2cn[nH]c2)c(Cl)c1,0.6111
Cc1c(N)ncnc1N1CCC(c2nc(-c3ccc(F)c(C(F)(F)F)c3)cn2CCNC2CCC2)CC1,0.7867
NC1(C(=O)NCCc2ccc(Cl)cc2)CCN(c2ncnc3[nH]ccc23)CC1,0.8214
CC1SCc2ncnc(N3CCN(C(=O)CC(N)Cc4cc(F)c(F)cc4F)CC3)c21,0.6338
Nc1ncc(-c2cncc(OCC(N)Cc3ccc(Cl)c(Cl)c3)c2)cn1,0.6333
Cc1cc(C(=O)NC(c2ccc(Cl)c(F)c2)C2CCNC2)ccn1,0.6029
CC(C)(CNC(=O)Cc1nc(N2CCOCC2)cc(=O)[nH]1)c1ccccc1,0.6719
Cc1ccc(C(=O)NC(c2ccc(Cl)c(F)c2)C2CCNC2)cc1F,0.6061
O=C(NC(c1ccc(Cl)c(Cl)c1)C1CCNC1)c1ccc(Cl)nc1,0.6885
O=C(NC(c1ccc(Cl)c(F)c1)C1CCNC1)c1cnnnc1,0.6154
Nc1ncnc(N2CCC(c3nc(-c4cc(F)cc(F)c4)cn3CCN3CCCC3)CC2)c1Cl,0.8438
Cn1nnc(-c2ccc(C(=O)NC3CNCCC3c3cccc(F)c3)cc2Cl)n1,0.6216
N#Cc1ccc(F)c(-c2cn(CCN3CCC3)c(C3CCN(c4ncnc(N)c4Cl)CC3)n2)c1,0.7027
Nc1ncnc(N2CCC(c3nc(-c4ccc(O)c(C(F)(F)F)c4)cn3CCN3CCC3)CC2)c1Cl,0.9697
Nc1ncnc(N2CCC(c3nc(-c4ccc(F)c(Cl)c4)cn3CCN3CCCC3)CC2)c1C1CCC1,0.8657
O=C(Cc1nc(N2CCOCC2)cc(=O)n1C1CC1)NCc1ccccc1Cl,0.6056
O=C(NC(c1ccc(Cl)c(Cl)c1)C1CCNC1)c1cccc(Cl)c1,0.6557
O=C(NC1CNCCC1c1ccc(F)c(F)c1)c1ccc(F)c(F)c1,0.7018
NC(Cc1ccc(F)cc1)C(=O)N1CCN(c2ncnc3cc(Cl)c(F)cc23)CC1,0.7541
Cn1c(CC(=O)N2CCc3c2ccc(F)c3F)nc(N2CCOCC2)cc1=O,1
Cc1cnc2ccc(-c3cncc(OCC(N)Cc4c(F)cccc4F)c3)cn12,0.6061
COCCNCCn1cc(-c2ccc(C(F)(F)F)c(F)c2)nc1C1CCN(c2ncnc(N)c2Cl)CC1,0.7294
CCN(CC)C(=O)c1ccn2c(-c3ccccc3)c(-c3ccc(C4(N)CCC4)cc3)nc2c1,0.75
Cn1nc(-c2ccc(C(=O)NC3CNCCC3c3cccc(F)c3)cc2F)cc1Br,0.6027
O=C(O)Cc1nc(N2CCOCC2)cc(=O)n1-c1ccccc1,0.6964
Cn1ncc(Br)c1C(=O)NC1CNCCC1c1ccc(F)c(F)c1,0.746
CC1SCc2ncnc(N3CCN(C(=O)C(N)Cc4cc(F)ccc4F)CC3)c21,0.7727
Cn1nc(-c2ccc(C(=O)NC3CNCCC3c3cccc(F)c3)cc2)c2ccc(F)cc21,0.6528
CNC(=O)C(NC(=O)c1cc(Br)c(-c2ccnc3[nH]ccc23)s1)c1cccnc1,0.6571
Nc1ncnc(N2CCC(c3nc(-c4ccc(F)nc4)cn3CCN3CCC3)CC2)c1C1CC1,0.7612
O=C(NC(c1ccc(Cl)c(Cl)c1)C1CCNC1)c1cncc(Br)c1,0.6667
O=C(Cc1ccc(Cl)cc1)N1CCN(c2ncnc3ccc(F)cc23)CC1,0.6032
NC(COc1cnc(Cl)c(C=Cc2ccnc(Br)c2)c1)Cc1c[nH]c2ccccc12,0.8125
N#Cc1cc(Cl)cc(-c2cn(CCN3CCCC3)c(C3CCN(c4cc(N)ncn4)CC3)n2)c1,0.6761
Cc1n[nH]c2ccc(-c3cc(CO)nc(OCC(N)Cc4cccc(F)c4F)c3)cc12,0.6812
NC(COc1cncc(-c2n[nH]c(-c3ccncc3)n2)c1)Cc1cccc(F)c1,0.6176
Nc1ncnc(N2CCC(c3nc(-c4ccc(C(F)(F)F)cc4)cn3CCN3CCC3)CC2)c1Cl,0.8
NC(Cc1ccccc1)C(=O)N1CCN(c2ncnc3ccc(Br)cc23)CC1,0.7857
O=C(NC1CCCCC1)c1cc(Br)c(-c2ccnc3[nH]ccc23)s1,0.6769
O=C(Cc1nc(N2CCOCC2)cc(=O)n1-c1ccccc1)c1cc(F)c(F)cc1F,0.6094
O=C(NC(COc1cncc(-c2ccc3cnccc3c2)c1)Cc1c[nH]c2ccccc12)C1CC1,0.6761
Cc1n[nH]c2cnc(-c3cncc(OCC(N)Cc4c[nH]c5ccc(F)cc45)c3)cc12,0.8
O=C(Cc1nc(N2CCOCC2)cc(=O)[nH]1)NCc1ccc(Cl)s1,0.619
CC(C)Oc1c(F)c(CC(=O)N2c3ccccc3CC2C)nc(N2CCOCC2)c1F,0.6338
N#Cc1ccc(-c2cn(CCN3CCCC3)c(C3CCN(c4ncnc(N)c4Br)CC3)n2)cc1F,0.8261
O=C(NC(c1cccc(F)c1)C1CCNCC1)c1ccc(Cl)c(F)c1,0.6349
O=C(NC(c1ccc(F)c(Cl)c1)C1CCNC1)c1ccnnc1,0.6061
COc1c(N)ncnc1N1CCC(c2nc(-c3ccc(F)c(C)c3)cn2CC2CCNCC2)CC1,0.8732
Cc1n[nH]c2ccc(-c3cncc(OCC4CCNCC4)c3)cc12,0.7344
Nc1ncnc(N2CCC(c3nc(Cl)cc(-c4cccc(F)c4)n3)CC2)c1Cl,0.6143
Cc1c(C(N)=O)ccn2c(-c3ccccc3)c(-c3ccc(C4(N)CCC4)cc3)nc12,0.7679
O=C(NC(c1cccc(F)c1)C1CCNCC1)c1ccc(Cl)c(Cl)c1,0.629
O=CNC(Cc1ccc(Cl)cc1)C(=O)N1CCN(c2ncnc3cccc(Cl)c23)CC1,0.6029
O=C(N1CCN(c2ncnc3ccccc23)CC1)C1(c2ccc(Cl)c(Cl)c2)CCNCC1,0.6769
NC1(C(=O)Nc2ccc(F)c(Cl)c2)CCN(c2ncnc3[nH]ccc23)CC1,0.625
Cc1nc(NCc2cccc(F)c2)c2cccc(C(N)=O)c2n1,0.6066
NC(COc1cncc(-c2cc3cn[nH]c3cn2)c1)Cc1ccc(F)c(F)c1F,0.7143
NC(Cc1ccc(Cl)cc1Cl)C(=O)N1CCN(c2ncnc3ccc(F)cc23)CC1,0.6769
Cn1c(CC(=O)Nc2ccc(F)c(Br)c2)nc(N2CCOC3CCCCC32)cc1=O,0.6912
CNC(=O)c1ccc2nc(-c3ccc(C4(N)CCC4)cc3)c(-c3ccccc3)n2n1,1
Cn1c(CC(=O)NC2CC(=O)N(c3ccc(F)cc3F)C2)nc(N2CCOCC2)cc1=O,0.6081
COc1c(N)ncnc1N1CCC(c2nc(-c3cc(F)cc(Cl)c3)cn2CCN2CCC2)CC1,0.7273
CNCC(Nc1ncnc2c(C(N)=O)cccc12)c1c(Cl)ccc(F)c1F,0.6508
CNC(=O)c1cc(NC(=O)Cc2nc(N3CCOCC3)cc(=O)[nH]2)c(F)cc1F,0.6984
NC(Cc1cc(F)c(F)cc1F)C(=O)N1CCN(c2ncnc3ccc(-c4cn[nH]c4)cc23)CC1,0.7324
Nc1ncnc(N2CCN(C(=O)C(N)Cc3ccc(F)cc3)CC2)c1F,0.6727
Cc1ccc(NC(=O)Cc2nc(N3CCOCC3)cc(=O)n2C)cc1,0.7288
O=C(NC(c1ccc(Cl)c(Cl)c1)C1CCNCC1)c1ccnnc1,0.7069
CC(C)(NC(=O)C1(N)CCN(c2ncnc3[nH]ccc23)CC1)c1cccc(Cl)c1,0.625
N#Cc1c(N)ncnc1N1CCC(c2nc(Cc3ccc(F)cc3)cn2CCN2CCC2)CC1,0.7536
NC(Cc1ccc(Cl)c(Cl)c1)C(=O)N1CCN(c2ncnc3cccc(Cl)c23)CC1,0.7797
NC(=O)Nc1ccn2c(-c3ccccc3)c(-c3ccc(C4(N)CCC4)cc3)nc2c1,0.6724
CCNC(=O)c1cccn2c(-c3ccccc3)c(-c3ccc(C4(N)CCC4)cc3)nc12,0.7541
O=C(Cc1nc(N2CCOCC2)cc(=O)[nH]1)NC1CC1c1ccc(F)cc1,0.6406
Cn1nccc1C(=O)NC1CNCCC1c1ccc(F)cc1,0.6721
NC(=O)c1c(N)ncnc1N1CCC(c2nc(-c3ccc(F)c(C(F)(F)F)c3)no2)CC1,0.6447
Nc1ncnc(N2CCC(c3nc(-c4ccc(F)cc4)cn3CCN3CCCC3)CC2)c1C(=O)C1CC1,0.7391
Cn1nc(-c2ccc(C(=O)NC3CNCCC3c3cccc(F)c3)s2)c2ccccc2c1=O,0.6849
Cn1ncc(Cl)c1-c1cnc(C(=O)NC(CN)Cc2ccc(F)c(F)c2)s1,0.6866
CC(C)c1c(N)ncnc1N1CCC(c2nc(-c3ccc(C#N)cc3F)cn2CCN2CCCC2)CC1,0.6098
O=C(NC(c1ccc(Cl)nc1)C1CNC1)c1ccc(Cl)c(Cl)c1,0.6379
Cc1cc(-c2cn(CCNCC3CC3)c(C3CCN(c4cc(N)ncn4)CC3)n2)ccc1F,0.7179
O=C(NC(c1ccc(Cl)c(F)c1)C1CCNC1)c1ccc(F)c(Cl)c1,0.6349
Cc1n[nH]c2ccc(-c3nnc(NC(=O)Cc4ccc(F)c(F)c4)s3)cc12,0.6462
Cc1n[nH]c2cnc(-c3cncc(OCC(N)Cc4ccc(Br)cc4)c3)cc12,1
NC1(C(=O)NC(Cc2ccccc2)C(=O)NCc2cccs2)CCN(c2ncnc3[nH]ccc23)CC1,0.6076
NC(=O)c1c(N)ncnc1N1CCC(c2nc(-c3cccc(F)c3)cn2CCN2CCCC2)CC1,0.831
Cn1c(CC(=O)N2Cc3cc(F)c(Cl)cc3C2)nc(N2CCOCC2)cc1=O,0.6406
Cc1nc(F)ccc1C(=O)NC1CNCCC1c1ccc(F)c(F)c1,0.6154
Cc1cc(C(=O)NC2CNCCC2c2ccc(F)cc2)c(-c2ccnn2C)cc1C,0.7778
Cn1nc(-c2cc(C(=O)NC3CNCCC3c3ccc(F)cc3)c(F)cc2F)c2c(c1=O)CCCC2,0.6164
O=C(NC(c1ccc(Cl)c(Cl)c1)C1CCNC1)c1cncs1,0.625
NC(=O)c1c(N)ncnc1N1CCC(c2nc(-c3ccc(F)c(C(F)(F)F)c3)cn2CCN2CCCC2)CC1,1
Cc1cc(-c2ccc(C(=O)NC3CNCCC3c3ccccc3)c(F)c2)nn1C,0.6
Cn1ncc(Cl)c1-c1nnc(-c2cccc(NC(=O)Cc3nc(N4CCOCC4)cc(=O)[nH]3)c2)o1,0.6438
CCn1c(-c2nonc2N)nc2c(C#CC(C)(C)O)nc(C)cc21,0.8036
NC(CNC(=O)c1cc(Cl)cc(Cl)c1)C(=O)N1CCN(c2ncnc3ccccc23)CC1,0.6508
NC1(C(=O)NCC(F)(F)F)CCN(c2ncnc3[nH]ccc23)CC1,0.6897
N#Cc1c(N)ncnc1N1CCC(c2nc(-c3ccc(C(F)(F)F)c(F)c3)cn2CCN2CCC2)CC1,0.8889
COc1cc(-c2cn(CCN3CCC3)c(C3CCN(c4ncnc(N)c4F)CC3)n2)ccc1Cl,0.7273
Cn1ccc(-c2ccc(C(=O)NC3CNCCC3c3cccc(F)c3)nc2)n1,0.7313
O=C(NC1CNCCC1c1cccc(F)c1)c1ccc(-c2cc[nH]n2)cn1,0.6765
CC(=O)NCC(NC(=O)C1(N)CCN(c2ncnc3c2C(C)CC3)CC1)c1ccc(Cl)cc1,0.6757
Cc1ccc2ncnc(N3CCN(C(=O)C(N)Cc4cc(F)cc(F)c4)CC3)c2c1,0.7667
NC1(c2ccc(-c3nc4n(c3-c3ccccc3)COc3c-4cnc4cccnc34)cc2)CC1,0.6562
COc1ccc(CC(N)COc2cncc(-c3ccc4cnccc4c3N)c2)cc1F,0.6111
NC(COc1cncc(-c2cnc3c(c2)CC(=O)N3)c1)Cc1c(F)cccc1Cl,0.6164
Cc1cc(-c2cn(CCNCC(C)C)c(C3CCN(c4ncnc(N)c4C)CC3)n2)ccc1F,0.8267
CCn1cc(-c2ccc(F)c(C(F)(F)F)c2)nc1C1CCN(c2ncnc(C(N)=O)c2Cl)CC1,0.6667
Cc1cccc(-c2cn(CCNC(C)(C)C)c(C3CCN(c4ncnc(N)c4F)CC3)n2)c1,0.6265
NC(=O)c1c(N)ncnc1N1CCC(c2nc(-c3ccc(F)c(Cl)c3)cs2)CC1,0.6364
Nc1n[nH]c2ccc(-c3cncc(OCC(N)Cc4c(Cl)ccc(F)c4F)c3)cc12,0.6618
NC1(c2ccc(-c3nc4n(c3-c3ccccc3)COc3ncccc3-4)cc2)CC1,0.9231
O=C(Cc1nc(N2CCOCC2)cc(=O)[nH]1)Nc1cnc(Cl)c(C2CCCC2)c1,0.6269
CNC(=O)c1nn2c(-c3ccccc3)c(-c3ccc(C4(N)CCC4)cc3)nc2c(F)c1C,0.6875
CN(C)CCn1cc(-c2ccc3ccncc3c2)nc1C1CCN(c2ncnc(N)c2F)CC1,0.6329
Cn1c(CC(=O)NCc2ccc(F)cn2)nc(N2CCOCC2)cc1=O,0.6029
O=C(Cc1nc(N2CCOCC2)cc(=O)n1C1CC1)Nc1ccc(F)cc1,0.6029
O=C(Nc1ccc(F)c(F)c1)N1CCN(c2ncnc3ccccc23)CC1,0.6066
Cn1c(CC(=O)N2CCc3c(Cl)cccc32)nc(N2CCOCC2)cc1=O,1
Cn1ncc(Br)c1-c1cc(C(=O)NC2CNCCC2c2cccc(F)c2)no1,0.7222
Cn1c(CC(=O)Nc2ccc(OCC3CC3)c(C3CC3)c2)nc(N2CCOCC2)cc1=O,0.7391
O=C(NC(c1ccc(Cl)c(F)c1)C1CCNCC1)c1cccc(F)n1,0.6154
O=C(Nc1csc(-c2nncn2C2CC2)n1)c1ccc(F)c(-n2cnc(C3CC3)c2)c1,0.6625
NC1(C(=O)NCc2ccc(Cl)c(Cl)c2)CCN(c2ncnc3[nH]ccc23)C1,0.7213
Cc1c(Cl)c(-c2ccc(C(=O)NC3CNCCC3c3cccc(F)c3)cc2)nn1C,0.7
NC(COc1cncc(-c2cnc3[nH]nc(C4CC4)c3c2)c1)Cc1c(F)cccc1F,0.6176
COCCC(=O)N1CCN(c2ncnc3[nH]cc(Br)c23)CC1,0.6271
Cn1cc(C(=O)NC2CNCCC2c2cc(F)cc(F)c2)cn1,0.629
Cn1ncc(Br)c1-c1cc(C(=O)NC2CNCCC2c2ccc(F)c(F)c2)no1,0.7246
CC(Cc1ccc(Cl)cc1)NC(=O)C1CCN(c2ncnc3[nH]cc(Cl)c23)CC1,0.6212
O=C(NC(c1ccc(F)c(Cl)c1)C1CCNC1)c1ccncc1F,0.6061
Cc1cn(-c2cc(C(=O)Nc3csc(-c4nncn4C4CC4)n3)ncc2Cl)cn1,0.6667
Cc1nc(C(=O)NC2CNCCC2c2cccc(F)c2)sc1-c1c(Br)cnn1C,0.7162
Nc1cc(N2CCC(c3nc(-c4cncnc4)cn3CCN3CCC3)CC2)ncn1,0.7188
Cn1ncc(Br)c1-c1sc(C(=O)NC2CNCCC2c2ccc(F)c(F)c2)nc1Cl,0.7083
O=C(NC(c1ccc(Cl)c(Cl)c1)C1CCNC1)c1ccc(F)c(Cl)c1,0.6721
O=C(NC(c1ccc(Cl)c(F)c1)C1CCCNC1)c1ccc(F)c(F)c1,0.6061
Cc1cnc(C(=O)NC(c2ccc(Cl)c(F)c2)C2CCNCC2)cn1,0.6061
Cc1nc(C(F)(F)F)c(F)cc1-c1cn(CCN(C)C)c(C2CCN(c3ncnc(N)c3Cl)CC2)n1,0.6024
O=C(NC(=O)c1cc(Br)c(-c2ccnc3[nH]ccc23)s1)c1cccs1,0.6154
Cc1ncccc1C(=O)NC(c1ccc(Cl)c(Cl)c1)C1CCNC1,0.6061
NC1(C(=O)NCc2cc(F)ccc2F)CCN(c2ncnc3[nH]ccc23)CC1,0.6935
Cc1cc(F)cc(-c2cn(CCN3CCC3)c(C3CCN(c4ncnc(N)c4F)CC3)n2)c1,0.6622
COc1cc(-c2cn(CCN3CCC3)c(C3CCN(c4ncnc(N)c4Br)CC3)n2)ccc1F,0.8219
CCNCCC(NC(=O)c1cc(Br)c(-c2ccnc3[nH]ccc23)s1)c1ccccc1,0.8
CC1COCCN1c1nc(N2CCOCC2C)c2ccc(-c3ccn(C)c3)nc2n1,0.6724
O=C(Cc1nc(N2CCOCC2)cc(=O)[nH]1)NC(c1ccc(F)cc1)C1CC1,0.6269
Cc1ccc(CNC(=O)N2CCN(c3ncnc4ccccc34)CC2)cc1,0.6667
Cn1nc(-c2ccc(C(=O)NC3CNCCC3c3cccc(F)c3)cc2)nc1C1CC1,0.662
Cc1cc(-c2cn(CCN3CCC3)c(C3CCN(c4ncnc(N)c4Br)CC3)n2)ccc1F,1
NC(=O)c1cc(F)c(-c2cn(CCN3CCCC3)c(C3CCN(c4ncnc(N)c4Br)CC3)n2)cc1F,0.68
CCOc1c(N)ncnc1N1CCC(c2nc(-c3cccc(F)c3)cn2CCN2CCC2)C(F)C1,0.7778
Nc1cc(N2CCC(c3nc(-c4c(F)cccc4F)cn3CCN3CCC3)CC2)ncn1,0.7385
Cn1nc(-c2ccc(C(=O)NC3CNCCC3c3ccc(F)c(F)c3)cc2)s1,0.7031
Cn1cc(N2CCCC2)nc1CC(=O)N1CCc2c(Cl)cccc21,0.625
NC1(C(=O)Nc2cc(F)cc(F)c2)CCN(c2ncnc3[nH]ccc23)CC1,0.6452
Cn1nc(-c2ccc(C(=O)NC3CNCCC3c3cccc(F)c3)c(Cl)c2)cc1Cl,0.6389
O=C(NCc1ccc(-c2nnc3n2-c2cccnc2Nc2ccccc2-3)cc1)NCc1ccccn1,0.6061
CC(C)c1cc(-c2coc(C3CCN(c4ncnc(N)c4Cl)CC3)n2)ccn1,0.6301
Cc1n[nH]c2ccc(-c3cncc(OCC(N)Cc4ccc(S)c(N)c4)c3)cc12,0.746
Nc1ccc2ncnc(N3CCN(C(=O)C(N)Cc4ccccc4Br)CC3)c2c1,0.6825
NC(=O)c1ccc2nc(-c3ccc(C4(N)CCC4)cc3F)c(-c3ccccc3)n2c1,0.7458
Nc1ncnc(N2CCC(c3nc(-c4ccc(F)c(F)c4)cn3CCN3CCC3)CC2)c1Br,0.9672
Cn1c(CC(=O)N2CCc3c(F)cccc32)nc(N2CCOCC2)c1Cc1ccccc1,0.6765
Cc1nc(C=O)cn2c(-c3ccccc3)c(-c3ccc(C4(N)CCC4)cc3)nc12,0.7593
NC(COc1cnc(Cl)c(-c2cnc(F)c(F)c2)c1)Cc1c[nH]c2ccccc12,0.6765
CNc1ccc(-c2cncc(OCC(N)Cc3ccc(Br)cc3F)c2)cc1F,0.6667
Cc1cccc2c(N3CCN(C(=O)C(N)Cc4ccc(F)c(F)c4)CC3)ncnc12,0.7419
NC1(C(=O)NCc2ccc(Cl)cc2)CCN(c2ncnc3[nH]ccc23)C1,0.8889
Cn1c(CC(=O)Nc2cccc3nonc23)nc(N2CCOCC2)cc1=O,0.6618
O=C(Cc1cncnc1)NC(c1ccc(Cl)c(Cl)c1)C1CCNC1,0.625
Cc1n[nH]c2ccc(-c3cncc(OCC(N)Cc4c(F)ccc(F)c4Cl)c3)cc12,0.8167
O=C(NC(c1ccc(F)cc1)C1CCNCC1)c1ccc(Cl)c(Cl)c1,0.661
CCc1ncc(Cl)cc1C(=O)NC1CNCCC1c1ccc(F)c(F)c1,0.6056
CC(NC(=O)C1(F)CCN(c2ncnc3[nH]ccc23)C1)c1ccc(F)cc1,0.7705
NC(Cc1ccc(F)cc1)C(=O)N1CCN(c2ncnc3c(C(F)(F)F)cc(F)cc23)CC1,0.6119
NC(COc1cncc(-c2ccc3c(c2)CC(=O)N3)c1)Cc1c(F)c(F)c(F)c(F)c1F,0.6716
CC1CCN(c2cnc(C(=O)Nc3csc(-c4nncn4C(C)C)n3)cc2-n2cnc(C3CC3)c2)C1,0.7303
Cc1cc(C)c(CC(N)COc2cncc(-c3ccc4[nH]nc(C)c4c3)c2)c(C)c1,1
CC(=O)Nc1ccc2ncnc(N3CCN(C(=O)C(N)Cc4ccc(F)cc4)CC3)c2c1,0.7231
Nc1cc(N2CCC(c3nc(-c4ccc(F)c(C(F)(F)F)c4)cn3CCC(=O)NC3CCCCC3)CC2)ncn1,0.7179
CC(=O)c1cc(-c2cn(CCN3CCC3)c(C3CCN(c4ncnc(N)c4C)CC3)n2)cnc1C,0.6049
Cn1ncc(NC(=O)Cc2nc(N3CCOCC3)cc(=O)n2C)c1-c1c(F)ccc(F)c1F,0.6197
CNC(=O)c1cc(NC(=O)Cc2nc(N3CCOCC3)cc(=O)[nH]2)cc(C(F)(F)F)c1,0.6562
NC1(c2ccc(-c3nc4n(c3-c3ccccc3)COc3c(F)cc(F)c(F)c3-4)cc2)CC1,0.6508
Cn1ncc(Cl)c1-c1cc(C(=O)NC(Cc2cc(F)cc(F)c2)C(F)(F)F)oc1Cl,0.6418
NC(COc1cncc(-c2cnc3c(c2)CC(=O)N3)c1)Cc1c(F)cccc1F,0.6618
Cn1ncc(-c2nc(C(=O)NC(CN)Cc3cccc(F)c3)c(Cl)cc2Cl)c1Cl,0.6027
Cn1ncc(Br)c1-c1cc(C(=O)NC2CNCCC2c2ccc(F)c(F)c2)oc1Cl,0.8529
N#Cc1c(N)ncnc1N1CCC(c2nc(C3CCCCC3)cn2CCO)CC1,0.8167
Cn1nc(-c2ccc(C(=O)NC3CNCCC3c3cccc(F)c3)s2)cc1C#N,0.6944
O=C(Cc1nc(N2CCOCC2)cc(=O)n1-c1ccccc1)N1CCN(c2ccncc2)CC1,0.6406
CNC(=O)c1ccn2c(-c3ccccc3)c(-c3ccc(C4(N)CCC4)cc3)nc2c1,0.7302
CC1SCc2ncnc(N3CCN(C(=O)C(N)Cc4ccc(Cl)cc4)CC3)c21,1
O=C(Cc1nc(N2CCOCC2)cc(=O)n1-c1ccccc1)N1CCc2c(-c3ccc(F)cc3)cccc21,0.6957
Cn1c(CC(=O)NC2CCOc3ccc(F)cc32)nc(N2CCOCC2)cc1=O,0.6111
Cc1c(N)ncnc1N1CCC(c2nc(-c3ccc(F)c(F)c3)cn2CCNCCO)CC1,0.6341
NC(=O)c1ccnc2c(NC(CN3CCC(N)C3)c3ccc(F)c(F)c3)ncnc12,0.6197
O=C(NC(c1ccc(Cl)c(F)c1)C1CCNC1)c1ccncc1,0.6774
O=C(NC(c1ccc(Cl)c(Cl)c1)C1CCNC1)c1cnnc(Cl)c1,0.6508
Cn1nc(-c2ccc(C(=O)NC3CNCCC3c3ccc(F)c(F)c3)cc2)c2ccccc21,0.6667
COCC(NC(=O)C1(N)CCN(c2ncnc3[nH]ccc23)CC1)c1ccc(F)cc1,0.75
NC(CNc1cncc(-c2cncnc2)c1)Cc1c[nH]c2ccccc12,0.6724
CC1(C)C(=O)Nc2ccc(-c3cncc(OCC(N)Cc4c(F)cccc4F)c3)cc21,0.6269
O=C(CN1CCCC1)Nc1ccc(-c2nnc3n2-c2cccnc2Nc2ccccc2-3)cc1,0.6875
Cn1c(CC(=O)NC2CCOc3cc(F)ccc32)nc(N2CCOCC2)cc1=O,0.6111
NC1(C(=O)NCc2c(F)cccc2F)CCN(c2ncnc3[nH]ccc23)CC1,0.7
NC1(C(=O)NCCc2cccc(Cl)c2)CCN(c2ncnc3[nH]ccc23)CC1,0.6984
CC1CCc2ncnc(N3CCC(N)(C(=O)NC(C)c4ccc(F)cc4)CC3)c21,0.6418
O=C(NC(c1cccc(Cl)c1)C1CCNCC1)c1cc(Cl)nc(Br)c1,0.6349
CNCC(Nc1ncnc2c(C(N)=O)cccc12)c1ccc(F)c(Br)c1,0.7627
Cn1nc(-c2ccc(F)c(C(=O)NC3CNCCC3c3ccc(F)c(F)c3)c2)nc1C1CC1,0.6111
NC1(C(=O)NCc2cccc(F)c2F)CCN(c2ncnc3[nH]ccc23)CC1,0.6667
O=C(Cc1nc(N2CCOCC2)cc(=O)n1-c1cccc(Cl)c1)Nc1ccc(F)c(F)c1F,0.6029
NC1CCC(CNC(=O)c2cc(Br)c(-c3ccnc4[nH]ccc34)s2)CC1,0.6286
CNC(=O)c1cccn2c(-c3ccccc3)c(-c3ccc(C4(N)CCC4)cc3)nc12,0.7931
N#Cc1ccc(-c2cn(CCN3CCC3)c(C3CCN(c4ncnc(N)c4Cl)CC3)n2)cc1,0.7727
O=C(c1ccc(Br)cc1)N1CCN(c2ncnc3ccccc23)CC1,0.6364
Nc1cc(N2CCC(c3nc(-c4ccc(F)nc4)cn3CCN3CCC3)C(F)C2)ncn1,0.6
Nc1ncnc(N2CCC(c3nc(-c4ccc(F)nc4)cn3CCN3CCC3)CC2)c1Br,0.8
Cn1ncc(C(=O)NC2CNCCC2c2ccc(F)cc2)c1Br,0.6154
O=C(NCc1ccncc1)c1cc(Br)c(-c2ccnc3[nH]ccc23)s1,0.6406
CC1SCc2ncnc(N3CCN(C(=O)C(N)Cc4cccc(C(N)=O)c4)CC3)c21,0.7353
CC(C)c1c(N)ncnc1N1CCC(c2nc(-c3ccc(F)nc3)cn2CCN2CCC2)CC1,0.6267
Cn1ncc(Br)c1-c1cc(C(=O)NC2CNCCC2c2cccc(F)c2)oc1Cl,0.7105
CNC(=O)C(NC(=O)c1cc(Br)c(-c2ccnc3[nH]ccc23)s1)C1CC1,0.6197
O=C(NC1CNCCC1c1ccc(F)c(F)c1)c1ccn2ccnc2c1,0.6029
Cc1c(F)c(CC(=O)N2CCc3c(F)cccc32)nc(N2CCOCC2)c1Cl,0.6269
Nc1ncnc(N2CCC(c3nc(-c4cnc(F)c(F)c4)cn3CCN3CCCC3)CC2)c1C(F)(F)F,0.6579
NC(Cc1ccc(Cl)cc1Cl)C(=O)N1CCN(c2ncnc3ccc(Br)cc23)CC1,0.6364
NC(COc1cnc(Cl)c(-c2ccc3nncn3c2)c1)Cc1c[nH]c2ccccc12,0.6438
Cn1cc(-c2nc(C(=O)NC3CNCCC3c3cccc(F)c3)c(Cl)cc2Cl)cn1,0.6133
NC1(C(=O)NC(c2ccccc2)c2ccc(Cl)cc2)CCN(c2ncnc3[nH]ccc23)C1,0.8983
CC(NC(=O)C1(N)CCN(c2ncnc3[nH]cc(C4CCOCC4)c23)CC1)c1ccc(F)cc1,0.6338
Cc1ncncc1C(=O)NC(c1ccc(Cl)c(Cl)c1)C1CCNCC1,0.6119
Cc1cc(-c2ccnc(-c3cncc(OCC(N)Cc4c[nH]c5ccccc45)c3)c2)ccc1C(N)=O,0.6486
Cn1ncc(-c2cc(NC(=O)Cc3nc(N4CCOCC4)cc(=O)[nH]3)ccc2Cl)n1,0.6286
O=C(NC(c1ccc(Cl)c(F)c1)C1CCNCC1)c1ccon1,0.6
Cn1cc(-c2c(F)cccc2C(=O)NC2CNCCC2c2ccc(F)c(F)c2)cn1,0.6286
O=C(NC(c1ccc(Cl)c(Cl)c1)C1CCNCC1)c1cccc(F)c1,0.6557
Cc1cc(-c2cn(CCNC3CCCC3)c(C3CCN(c4ncnc(N)c4C#N)CC3)n2)ccc1F,1
O=C(Cc1nc(N2CCOCC2)cc(=O)n1-c1ccc(F)c(Cl)c1)Nc1ccc(F)c(F)c1F,0.6029
NC1(CNC(=O)c2ccc(F)c(F)c2Cl)CCN(c2ncnc3[nH]cc(C4CC4)c23)C1,0.6447
Cc1c(C#N)ccn2c(-c3ccccc3)c(-c3ccc(C4(N)CCC4)cc3)nc12,0.7636
O=C(NC(c1ccnc(F)c1)C1CCNCC1)c1ccc(Cl)c(F)c1,0.6667
NC(=O)c1cc2nc(-c3ccc(C4(N)CCC4)cc3)c(-c3ccccc3)n2s1,0.6167
Cn1c(CC(=O)Nc2ccc(N3CCCCC3)nc2)nc(N2CCOCC2)cc1=O,0.6615
NC(=O)c1n[nH]c2ccc(-c3cncc(OCC(N)Cc4cc(Cl)ccc4F)c3)cc12,0.6301
NCC(Cc1ccc(F)cc1)NC(=O)c1cc(Br)c(-c2ccncc2)s1,0.6462
O=C(NC(c1cccc(Cl)c1)C1CCNCC1)c1ccc(F)c(F)c1,0.678
N#Cc1cc(-c2cn(CCN3CCCC3)c(C3CCN(c4ncnc(N)c4C(F)(F)F)CC3)n2)cc(F)c1F,0.6585
Cc1cc(-c2ccc(C(=O)NC3CNCCC3c3cccc(F)c3)s2)nn1C,0.7391
Cn1c(CC(=O)NCc2cc(F)c(F)cc2F)nc(N2CCOCC2)cc1=O,0.6406
NC1(c2ccc(-c3ccc4ncc(-c5ccccc5)n4n3)cc2)CCC1,0.614
CCc1c(N)ncnc1N1CCC(c2nc(-c3ccc(SC)c(F)c3)cn2CCN2CCC2)CC1,0.8429
O=C(NC(c1ccc(Cl)c(F)c1)C1CCNCC1)c1cc(F)c(F)cc1Cl,0.6129
COc1cc(-c2cn(CCN3CCC3)c(C3CCN(c4ncnc(N)c4Br)CC3F)n2)cc(F)c1F,0.6092
NC(COc1cncc(-c2ccc3c(c2)CC(=O)N3)c1)Cc1c(F)cccc1F,0.6667
O=C(NC(c1cccc(Cl)c1)C1CCNCC1)c1cncc(Cl)c1,0.6949
CCOC(=O)CC(NC(=O)c1ccc(-c2ccnc3[nH]ccc23)s1)c1ccccc1C,0.6176
c1ccc2c(c1)Nc1ncccc1-n1c(-c3ccc(-c4nn[nH]n4)cc3)nnc1-2,0.6207
Nc1ncnc(N2CCC(c3nc(-c4cccc(Cl)c4)cn3CCN3CCC3)CC2)c1Br,0.7971
N#Cc1cccc(-c2cn(CCN3CCC3)c(C3CCN(c4ncnc(N)c4C(F)(F)F)CC3)n2)c1,0.7179
Cc1ccc(C(=O)Cc2nc(N3CCOCC3)cc(=O)n2-c2ccccc2)cc1,0.6094
O=C(NC1CNCCC1c1ccc(F)c(F)c1)c1ccc2cnccc2c1,0.6029
Cc1nn(Cc2ccc(F)c(F)c2)c(C)c1NC(=O)Cc1nc(N2CCOCC2)cc(=O)[nH]1,0.6618
NC(=O)c1c(N)ncnc1N1CCC(c2nc(-c3cc(F)c(F)c(F)c3)cn2CC2CCCNC2)CC1,0.6829
O=C(Cc1nc(N2CCOCC2)cc(=O)[nH]1)Nc1cccc(C(=O)NCc2ccc(Cl)s2)c1,0.6912
O=C(Cc1nc(N2CCOCC2)c(F)c(OCC(F)(F)F)c1F)N1CCc2c(F)cccc21,0.6143
N#Cc1cccc(-c2cn(CCN3CCC3)c(C3CCN(c4cc(N)ncn4)CC3)n2)c1,0.6857
NC1(c2ccc(-c3nc4ccccn4c3-c3ccccc3)cc2)CCC1,0.7347
Cn1c(CC(=O)Nc2ccc(N3CCOCC3)cc2)nc(N2CCOCC2)cc1=O,0.7414
Cc1nc(C(=O)NC2CNCCC2c2ccc(F)c(F)c2)oc1-c1c(Br)cnn1C,0.6944
O=C(Cc1nc(N2CCOCC2)cc(=O)n1-c1cc(F)cc(F)c1)Nc1ccc(F)cc1F,0.6308
Nc1ncnc(N2CCC(c3nc(-c4ccc(F)c(F)c4)cn3CCNC3CCCC3)C(O)C2)c1Br,0.6049
CC1SCCc2ncnc(N3CCN(C(=O)C(CNC(=O)c4ccc(F)cc4F)Cc4ccc(F)c(F)c4)CC3)c21,0.6506
Cn1cc(-c2cc(F)c3c(c2)CCN3C(=O)Cc2nc(N3CCOCC3)cc(=O)n2C)nn1,0.6338
NC1(C(=O)NCC(F)F)CCN(c2ncnc3[nH]cc(Cl)c23)CC1,0.625
NC(Cc1ccc(F)cc1Cl)C(=O)N1CCN(c2ncnc3ccccc23)CC1,0.6984
Nc1cc(N2CCC(c3nc(-c4cc(O)c(F)c(F)c4)cn3CCN3CCCC3)CC2)ncn1,0.7727
N#Cc1cccc(-c2cn(CCN3CCC3)c(C3CCN(c4ncnc(N)c4Br)CC3)n2)c1,0.7606
NC(=O)CC(NC(=O)C1(N)CCN(c2ncnc3[nH]ccc23)CC1)c1ccc(Cl)cc1,1
O=C(NC(c1ccc(Cl)c(F)c1)C1CNC1)c1ccncc1,0.6129
Cc1n[nH]c2cnc(-c3cncc(OCC(N)Cc4ccc(Cl)c(Cl)c4)c3)cc12,0.7869
O=C(NC1(c2ccc(-c3nnc4n3-c3cccnc3Nc3ccccc3-4)cc2)CC1)c1ccc(F)cc1,0.8154
O=C(NC(c1ccc(Cl)c(Cl)c1)C1CCNC1)c1cnns1,0.6
O=C(NC(c1ccc(Cl)c(Cl)c1)C1CCNC1)c1csc(Cl)c1,0.619
Cn1c(CC(=O)N2CCc3c(F)cccc32)nc(N2CCOCC2)c1O,0.7302
NC(Cc1ccc(F)cc1)C(=O)N1CCN(c2ncnc3ccc(Cl)cc23)CC1,0.7966
CNC(=O)c1c(N)ncnc1N1CCC(c2nc(-c3ccc(F)c(F)c3)cn2CCN2CCCC2)CC1,0.7532
Cc1ccn2c(-c3ccccc3)c(-c3ccc(C4(N)CCC4)cc3)nc2n1,0.6604
NC(=O)C1(N)CCN(c2ncnc3[nH]cc(Cl)c23)CC1,0.6379
NC(=O)c1c(N)ncnc1N1CCC(c2nc(-c3ccc(F)c(C(F)(F)F)c3)cn2CCN2CC(F)C2)CC1,0.8667
Cn1ncc(C(=O)NC2CNCCC2c2ccc(F)c(F)c2)c1-c1cccc(Cl)c1,0.6901
Cn1ccc(-c2ccc(C(=O)NC3CNCCC3c3ccccc3)c(F)c2)n1,0.6029
CNC(=O)Oc1ccc2nc(-c3ccc(C4(N)CCC4)cc3)c(-c3ccccc3)n2c1,0.7288
O=C(NC(c1ccc(Cl)c(F)c1)C1CCNCC1)c1ccc(Cl)cc1,0.6949
COc1cc(-c2cn(CCN3CCC3)c(C3CCN(c4cc(N)ncn4)CC3)n2)ccc1F,0.791
O=C(NC(c1ccc(Cl)c(Cl)c1)C1CCNC1)c1ccnnc1F,0.6154
NC(Cc1cc(F)c(F)cc1F)C(=O)N1CCN(c2ncnc3ccc(Cl)cc23)CC1,0.6562
CCOCc1ncc2cc(-c3cc(OCC(N)Cc4c[nH]c5ccccc45)cnc3C#N)ccc2n1,0.6795
CNC(=O)c1c(F)c(F)c(F)c2c1-c1nc(-c3ccc(C4(N)CC(C)(O)C4)cc3)c(-c3ccccc3)n1CO2,0.6711
Cc1cc(F)ccc1CC(N)COc1cncc(-c2cc3c(C)n[nH]c3cn2)c1,1
CCn1c(-c2nonc2N)nc2c(C#CC(C)(C)C)nc(CO)cc21,0.7458
Cn1ncc(-c2cc(C(=O)NC3CNCCC3c3ccc(F)c(F)c3)c(F)cc2Cl)n1,0.6806
CCn1cc(NC(=O)Cc2nc(N3CCOCC3)cc(=O)n2C)cn1,0.6212
O=C(N1CCN(c2ncnc3[nH]cc(Br)c23)CC1)C1(c2ccc(Cl)cn2)CC1,0.7031
Cc1cc(-c2cn(CCN3CCC3)c(C3CCN(c4ncnc(N)c4C)CC3)n2)ccc1F,0.8507
Cc1c(NC(=O)Cc2nc(N3CCOCC3)cc(=O)n2C)ccc(F)c1F,0.6875
CN1CC(NC(=O)Cc2nc(N3CCOCC3)cc(=O)[nH]2)C(c2ccc(F)cc2)C1,0.6
O=C(NC(c1ccc(F)c(Cl)c1)C1CCNCC1)c1ccnc(F)c1,0.6508
Cc1n[nH]c2ccc(-c3cncc(OCC(N)Cc4c[nH]c5ccccc45)c3)cc2c1=O,0.8871
Cn1nc(-c2ccc(C(=O)NC3CNCCC3c3ccc(F)cc3)c(F)c2)cc1Cl,0.6143
Cn1nc(CCC(N)=O)nc1-c1ccc(C(=O)NC2CNCCC2c2ccc(F)c(F)c2)cc1F,0.6316
NC(=O)c1c(N)ncnc1N1CCC(c2nc(-c3ccnc(F)c3)cn2CC(=O)N2CCCC2)CC1,0.6456
NC1(c2ccc(-c3nc4n(c3-c3ccccc3)COc3cc(CO)ccc3-4)cc2)CCC1,0.7969
NC(Cc1ccc(Cl)cc1)C(=O)N1CCN(c2ncnc3cc(Cl)ccc23)CC1,0.8545
Cn1nnc(-c2ccc(C(=O)NC3CNCCC3c3cccc(F)c3)s2)n1,0.7
CCn1c(-c2nonc2N)nc2c(C#CC(C)(C)C)ncc(OCCCN)c21,0.8689
Cn1c(CC(=O)Nc2ccc(F)c(-c3nc4cc(F)c(F)cc4[nH]3)c2)nc(N2CCOCC2)cc1=O,0.7101
Cn1nc(-c2ccc(C(=O)NC3CNCCC3c3cccc(F)c3)cc2)cc1-c1cnco1,0.6154
Cn1nc(-c2ccnc(C(=O)NC3CNCCC3c3cccc(F)c3)c2)cc1Cl,0.6438
O=C(Nc1csc(-c2nncn2C2CCNCC2)n1)c1cc(-n2cnc(C3CC3)c2)c(F)cc1F,0.6118
Cc1c[nH]c2ncnc(N3CC(NC(=O)c4cccc(F)c4)C3)c12,0.6232
O=C(NCC1CCN(c2ncnc3[nH]cc(Cl)c23)C1)c1ccc(F)cc1F,0.6528
Cn1c(CC(=O)N2CCc3c(Cl)cccc32)nc(N2CCCC2)c1O,0.6061
N#Cc1c(N)ncnc1N1CCC(c2nc(-c3ccc(C(F)(F)F)c(F)c3)cn2CC2CCC2)CC1,0.7662
CC1SCc2ncnc(N3CCN(C(=O)C(N)CSC(c4ccc(F)c(F)c4)c4cnn(C)c4)CC3)c21,0.6456
CC1COCCN1c1nc(N2CCOCC2C)c2ccc(-c3cccc(C(=O)NC4CN5CCC4CC5)c3)nc2n1,0.6111
Nc1cc(N2CCC(c3nc(-c4ccc(F)cc4)cn3CCN3CCCC3)CC2)ncn1,0.8361
O=C(NC(c1ccc(Cl)nc1)C1CCNCC1)c1ccc(F)c(Cl)c1,0.6
NC(=O)c1c(N)ncnc1N1CCC(c2nc(-c3ccc(F)c(C(F)(F)F)c3)cn2CC2CCOCC2)CC1,0.8312
NC(COc1cncc(-c2cnc3c(c2)CC2CNCC32)c1)Cc1c[nH]c2ccccc12,0.6351
Cn1ncc(Cl)c1-c1cc(C(=O)NC2CC2)oc1Cl,0.629
Cc1ccc(C(=O)NCc2cc(F)cc(F)c2)cc1NC(=O)Cc1nc(N2CCOCC2)cc(=O)[nH]1,0.662
CCNC(=O)c1cc(NC(=O)Cc2nc(N3CCOCC3)cc(=O)[nH]2)ccc1F,0.7581
Cn1ncc(C(=O)NC2CNCCC2c2cccc(F)c2)c1-c1nccs1,0.6234
Cn1c(CC(=O)N2CCc3ccccc32)nc(N2CCCOCC2)c1F,0.6406
O=C(NC(c1ccc(Cl)c(Cl)c1)C1CCNC1)c1ccc2nccn2c1,0.6176
O=C(Cc1nc(N2CCOCC2)cc(=O)[nH]1)Nc1cnccc1OCC1CCCCC1,0.6026
NC(=O)c1c(N)ncnc1N1CCC(c2nc(-c3ccc(OC(F)F)c(F)c3)cn2CCF)CC1,0.7625
Nc1ncnc(N2CCC(c3nc(-c4cnc(C(F)F)nc4)cn3CCN3CCC3)CC2)c1Br,0.7206
CNC(=O)c1c(N)ncnc1N1CCC(c2nc(-c3ccc(F)c(C)c3)cn2CCN2CCCC2)CC1,0.8514
Nc1cc(N2CCC(c3nc(-c4cc(F)cc(F)c4)cn3CCN3CCCC3)CC2)ncn1,0.7903
Nc1ncnc(N2CCC(c3nc(-c4cccc(F)c4)cn3CCN3CCC3)CC2)c1Br,0.9677
NCC1(C(=O)NCc2ccc(Cl)c(Cl)c2)CCN(c2ncnc3[nH]ccc23)CC1,0.6406
Cn1nc(-c2ccc(C(=O)NC3CNCCC3c3cccc(F)c3)cc2)cc1OCC1CC1,0.6104
Cc1ccc(NC(=O)Cc2nc(N3CCCC3)cc(=O)[nH]2)cc1Cl,0.623
NC(=O)c1cn2c(-c3ccccc3)c(-c3ccc(C4(N)CCC4)cc3)nc2cn1,0.7541
Cn1cc(N2CCCC2)nc1CC(=O)N1CCc2ccccc21,0.6
Cn1ncc(-c2c(Cl)cc(Cl)cc2C(=O)NC2(c3ccc(Cl)c(Cl)c3)CCNCC2)c1Cl,0.6029
NC1(C(=O)NCCc2c(F)cccc2F)CCN(c2ncnc3[nH]ccc23)CC1,0.625
COc1ccc(NC(=O)Cc2nc(N3CCOCC3)cc(=O)n2C)cn1,0.6515
O=C(N1CCOCC1)C1(c2ccc(Cl)c(Cl)c2)CCNCC1,0.6102
Cn1c(CC(=O)N2CCc3c(Br)cccc32)nc(N2CCOCC2)cc1=O,1
Cn1nc(Cl)c(-c2ccc(C(=O)NC3CNCCC3c3ccc(F)c(F)c3)cc2F)n1,0.6812
Cn1cc(-c2ccnc(C(F)(F)F)c2)nc1C1CCN(c2ncnc(N)c2F)CC1,0.6351
CCNCCn1cc(-c2ccnc(C(F)(F)F)c2)nc1C1CCN(c2ncnc(N)c2C#N)CC1,0.8649
Cn1ncc(Cl)c1-c1ncc(C(=O)NC2CNCCC2c2cccc(F)c2)o1,0.7183
NC1(C(=O)NCCCCc2ccccc2)CCN(c2ncnc3[nH]ccc23)CC1,0.6508
NC(=O)C(Cc1ccc(F)c(F)c1)NC(=O)C1(N)CCN(c2ncnc3ccccc23)CC1,0.6087
Cn1ncc(Br)c1C(=O)NC1CNCCC1c1ccc(Cl)cc1,0.6984
NC(=O)CC(NC(=O)c1cc(Br)c(-c2ccnc3[nH]ccc23)s1)c1ccccc1,0.8333
Cn1ncc(C(=O)NC2CNCCC2c2ccc(F)c(F)c2)c1-c1ccc(F)nc1,0.6714
CC(NC(=O)C1(F)CCN(c2ncnc3[nH]cc(Cl)c23)CC1)c1ccc(F)cc1,0.7188
NC(=O)NCCCC(NC(=O)c1cc(Br)c(-c2ccnc3[nH]ccc23)s1)c1cccc(F)c1,0.6892
Cn1nc(-c2ccc(C(=O)NC3CNCCC3c3cccc(F)c3)nc2)cc1C1CC1,0.7143
O=C(Cc1nc(N2CCOCC2)cc(=O)n1-c1cccc(F)c1)Nc1ccc(F)c(F)c1,0.6
NC(Cc1cc(F)ccc1F)C(=O)N1CCN(c2ncnc3ccc(Br)cc23)CC1,0.6029
NC(=O)CCC(NC(=O)c1cc(Br)c(-c2ccnc3[nH]ccc23)s1)c1cccc(Cl)c1,0.7
N#Cc1ccc(-c2cn(CCN3CCC3)c(C3CCN(c4cc(N)ncn4)CC3)n2)cc1,0.7164
Cn1ncc(Br)c1-c1sc(C(=O)NC2CNCCC2c2ccc(F)c(F)c2)cc1Br,0.7246
O=C(NC(c1ccc(Cl)c(Cl)c1)C1CCNCC1)c1ccc(Cl)nc1,0.6833
NC(Cc1ccc(Br)cc1)C(=O)N1CCN(c2ncnc3ccc(Cl)cc23)CC1,0.7797
O=C(Cc1nc(N2CCOCC2)cc(=O)n1-c1ccc(Br)cc1)Nc1ccc(F)cc1,0.6029
Nc1cc(N2CCC(c3nc(-c4cccc(Cl)c4)cn3CCN3CCCC3)CC2)ncn1,0.7692
O=C(c1cccc(Br)c1)N1CCN(c2ncnc3[nH]cc(Cl)c23)CC1,0.6515
Cn1ncc(C(=O)NC2CNCCC2c2cccc(F)c2)c1-c1ccoc1,0.6438
NC1(C(=O)NCc2cccc(Cl)c2F)CCN(c2ncnc3[nH]ccc23)CC1,0.6984
NC1(c2ccc(-c3nc4n(c3-c3ccccc3)COc3c-4ccc(F)c3F)cc2)CC1,0.6333
O=C(NC(c1ccc(F)c(Cl)c1)C1CCNC1)c1ccc(F)c(F)c1,0.6032
Cc1cc(-c2nn3c(-c4ccncc4)cnc3cc2-c2ccccc2)ccc1C1(N)CC1,0.6094
NC(Cc1ccc(Cl)cc1)C(=O)N1CCN(c2ncnc3ccc(N4CCOCC4)nc23)CC1,0.6308
NC(=O)Cn1cc(-c2ccc(F)c(C(F)(F)F)c2)nc1C1CCN(c2cc(N)ncn2)CC1,0.7465
CC1Cc2cc(F)ccc2N1C(=O)Cc1nc(OCC(F)F)c(F)c(N2CCOCC2)n1,0.6267
O=C(Cc1nc(N2CCOCC2)cc(=O)n1-c1ccccc1)Nc1ccc(F)c(C2CCC(F)(F)CC2)c1,0.6757
O=C(NC(c1cccc(Cl)c1)C1CCNCC1)c1cc(Cl)cc(Cl)c1,0.6667
CNCC(C)Nc1nc2ccc(-c3cnc(Cl)c(NS(=O)(=O)c4ccc(Cl)cc4)c3)cc2s1,0.6912
CC1COCCN1c1nc(N2CCOCC2C)c2ccc(-c3cccc(C(N)=O)c3)nc2n1,0.7627
Nc1ncnc(N2CCC(c3nc(-c4ccnc(C(F)(F)F)c4)cn3CCN3CCCC3)CC2)c1Cl,0.9692
O=C(Cc1nc(N2CCOCC2)cc(=O)n1-c1ccccc1OC(F)F)N1CCc2cc(F)ccc21,0.6389
N=c1cc2ccc(-c3cncc(OCC(N)Cc4ccc(F)cc4F)c3)cc2c[nH]1,0.6176
NC(=O)c1ccc2nc(-c3ccc(C4(N)CCNCC4)cc3)c(-c3ccccc3)n2n1,0.8333
Cn1cc(-c2cncc(OCC(N)Cc3c[nH]c4ccccc34)c2)nc1C1CC1,0.6184
CNCCn1cc(-c2ccnc(C(F)(F)F)c2)nc1C1CCN(c2cc(N(C)C)ncn2)CC1,0.6753
NC(=O)c1c(N)ncnc1N1CCC(c2nc(-c3ccc(F)nc3F)cn2CCN2CCCC2)CC1,0.7013
NC(=O)c1c(N)ncnc1N1CCC(c2nc(-c3ccc(C(F)(F)F)cc3F)cn2CCN2CCC2)CC1,0.7564
CNC(=O)c1c(N)ncnc1N1CCC(c2nc(-c3ccc(F)c(Cl)c3)cn2CCN2CCCC2)CC1,0.84
O=C(N1CCN(c2ncnc3ccc(F)cc23)CC1)C1(c2ccc(Cl)cc2)CCNCC1,0.6719
NC(COc1cncc(-c2ccc3c(c2)C(=O)C(=O)N3)c1)Cc1c(F)cc(F)cc1F,0.6324
COc1cccc2c1CCN(C(=O)Cc1nc(N3CCOCC3)cc(=O)n1C)C2,0.6
O=C(NC(c1ccc(Cl)c(Cl)c1)C1CNC1)c1cc(Cl)nc(Cl)c1,0.6727
O=C(c1ccc(F)cc1F)N1CCN(c2ncnc3[nH]cc(Cl)c23)CC1,0.6176
Cn1ncc(Br)c1-c1oc(C(=O)NC(CN)Cc2ccc(F)c(F)c2)cc1Cl,0.7059
Cc1[nH]c2ccc(F)cc2c1CCNC(=O)Cc1nc(N2CCOCC2)cc(=O)[nH]1,0.6286
COc1nc(CC(=O)N2CCc3c(F)cccc32)nc(N2CCOCC2)c1F,0.6515
CC(NC(=O)c1cc(Br)c(-c2ccnc3[nH]ccc23)s1)C(=O)NC(N)=O,0.6212
Cn1c(CC(=O)NCc2c(Cl)cc(Cl)cc2Cl)nc(N2CCOCC2)cc1=O,0.6
O=C(NC(c1ccc(Cl)c(Cl)c1)C1CCNC1)c1cncc(F)c1,0.6774
O=C(NC(c1ccc(Cl)c(F)c1)C1CCNCC1)c1ccc(Cl)nc1,0.6935
N#Cc1cc(-c2cn(CCN3CCCC3)c(C3CCN(c4cc(N)ncn4)CC3)n2)ccc1Cl,0.7143
Cn1c(CC(=O)NCc2ccccc2F)nc(N2CCOCC2)cc1=O,0.6462
Cc1cc2n(n1)CCCc1sc(C(=O)NC3CNCCC3c3ccc(F)cc3)cc1-2,0.6447
Nc1ncnc(N2CCC(c3nc(-c4cc(F)cc(Cl)c4)cn3CCN3CCC3)CC2)c1F,0.6849
Cn1c(CCc2ncncc2C(=O)Nc2ccc(F)c(C3CC3)c2)nc(N2CCOCC2)cc1=O,0.6711
CC(C)c1c(N)ncnc1N1CCC(c2nc(-c3ccc(F)c(C(F)(F)F)c3)cn2CCN(C)C)CC1,0.8108
Cc1nc(NC(CN2CCC2)c2ccc(F)c(F)c2)c2cccc(C(N)=O)c2n1,0.7656
Cc1n[nH]c2ccc(-c3cncc(OCC(N)Cc4cc(F)ccc4F)n3)cc12,0.6232
NC1(c2ccc(-c3nc4n(c3-c3ccccc3)COc3cc([N+](=O)[O-])ccc3-4)cc2)CC(O)(C2CC2)C1,0.7612
O=C(NC(c1ccc(Cl)c(Cl)c1)C1CCNCC1)c1ccc2cnccc2c1,1
Nc1ncnc(N2CCC(c3nc(-c4ccc(F)c(Cl)c4)cn3CCN3CCCC3)CC2)c1Br,1
NC1(C(=O)NC(=O)Cc2cc(F)cc(F)c2)CCN(c2ncnc3[nH]ccc23)CC1,0.6
Cn1nc(-c2ccc(C(=O)NC3CNCCC3c3cccc(F)c3)nc2)cc1C(F)(F)F,0.7042
O=C(NC(c1ccc(Cl)c(F)c1)C1CCNCC1)c1cncc(Br)c1,0.6719
NC1(C(=O)NCc2ccc(Cl)c(F)c2)CCN(c2ncnc3[nH]ccc23)CC1,0.7667
O=C(NC(c1ccc(F)cc1)C1CCNC1)c1ccc(Cl)c(Cl)c1,0.6393
Cc1nc(N)nc2c1cc(-c1ccc(C#N)c(F)c1)c(=O)n2C1CCC(OCC(N)=O)CC1,0.6974
CCn1cc(-c2cccc(F)c2)nc1C1CCN(c2ncnc(N)c2C(N)=O)CC1,0.6753
Cn1ncc(C(=O)NC2CNCCC2c2ccc(F)c(F)c2)c1-c1ccco1,0.6438
CN(C)CCNC(=O)c1cc(-c2cn[nH]c2)c2nc(-c3ccc(C4(N)CCC4)cc3)c(-c3ccccc3)n2n1,0.6707
O=C(NC(c1cccc(Cl)c1)C1CCNCC1)c1ccc(OC(F)F)cc1,0.6349
Cc1n[nH]c2ccc(-c3nnc(NCC(N)Cc4cccc(F)c4F)s3)cc12,0.75
O=C(Cc1nc(N2CCOCC2)cc(=O)n1C1CC1)Nc1ccc(F)cc1F,0.6406
NC(=O)CCn1cc(-c2ccc(F)c(F)c2)nc1C1CCN(c2cc(N)ncn2)CC1,0.7576
NCCNC(=O)Cc1nc(N2CCOCC2)cc(=O)n1-c1ccccc1,0.6
Cc1cc(C(=O)NC(c2cccc(Cl)c2)C2CCNCC2)ccc1Cl,0.6557
Cn1c(CC(=O)N2CCc3c(Cl)cccc32)nc(N2CCOCC2)c1Cc1ccccc1Cl,0.6765
Cc1ccc(-c2cn(CCN3CCCC3)c(C3CCN(c4cc(N)ncn4)CC3)n2)c(F)c1F,0.6957
O=C(Cc1nc(N2CCOCC2)cc(=S)[nH]1)Nc1cccc(F)c1OC1CCCC1,0.6111
NC(=O)c1cccc2c(NC(CN3CCC3)c3cccc(F)c3)ncnc12,1
NC(=O)C(NC(=O)c1cc(Br)c(-c2ccnc3[nH]ccc23)s1)C1CC1,0.6471
CNC(=O)c1nn2c(-c3ccccc3)c(-c3ccc(C4(N)CCC4)cc3)nc2cc1O,0.7258
Cc1cc(-c2cn(CCNCC(C)C)c(C3CCN(c4cc(N)ncn4)CC3)n2)ccc1F,0.7215
Cc1nn2c(-c3cccc(C(N)=O)c3)cnc2cc1-c1ccccc1,0.6066
Cc1n[nH]c2cnc(-c3cncc(OCC(N)Cc4ccc(F)cc4F)c3)cc12,0.8814
N#Cc1cc(-c2cn(CCN3CCCC3)c(C3CCN(c4ncnc(N)c4F)CC3)n2)ccc1Cl,0.7368
CC1(C)C(=O)Nc2ccc(-c3cncc(OCC(N)Cc4c[nH]c5cc(F)ccc45)c3)cc21,0.6892
Cc1nc(-c2cncs2)cn2c(-c3ccccc3)c(-c3ccc(C4(N)CC4)cc3)nc12,0.6333
O=C(Cc1nc(N2CCOCC2)cc(=O)n1-c1ccc(F)cc1)N1CCc2ccccc21,0.8644
Nc1ncnc(N2CCC(c3nc(-c4ccc(C(F)(F)F)c(F)c4)cn3CCN3CCC3)C(F)C2)c1Cl,0.8919
O=C(NC(c1cccc(Cl)c1)C1CCNCC1)c1ccc(F)c(Cl)c1,0.6667
Cc1ccc(CNC(=O)Cc2nc(N3CCOCC3)cc(=O)n2C)n1C,0.6154
Cn1nc(-c2c(F)cccc2Cl)c2cc(C(=O)NC3CNCCC3c3cccc(F)c3)sc21,0.6
Cc1n[nH]c2cnc(-c3cncc(OCC(N)Cc4cccc(F)c4F)c3)cc12,1
Cc1cc(-c2cn(CCNCCc3ccccc3)c(C3CCN(c4ncnc(N)c4C)CC3)n2)ccc1F,0.6548
Cc1c(C(=O)NC2CNCCC2c2ccc(F)c(F)c2)ccc(Cl)c1N,0.6087
Cn1c(CC(=O)NCc2ccc(F)c(Cl)c2)nc(N2CCOCC2)cc1=O,0.6515
Cc1ccc(NC(=O)Cc2nc(N3CCOCC3)cc(=O)n2-c2ccc(F)c(Cl)c2)cc1F,0.6111
Nc1ncnc(N2CCC(c3nc(-c4cncc(Cl)c4)cn3CC3CNC3)CC2)c1F,0.641
CC(Cc1ccc(F)cc1)NC(=O)C1(N)CCN(c2nnnc3[nH]ccc23)CC1,0.6029
NC(COc1cncc(-c2ccc3[nH]nnc3c2)c1)Cc1c[nH]c2ccccc12,0.7344
Cc1cccc(NC(=O)NC(=O)Cc2nc(=O)cc(N3CCOCC3)[nH]2)c1,0.6308
NC1(C(=O)NCc2cccs2)CCN(c2ncnc3[nH]ccc23)CC1,0.6885
NC(COc1cncc(-c2ccc3c(c2)CC(=O)N3)c1)Cc1ccc(F)c(F)c1,0.6338
NC(=O)c1cccc2c(NC(CN3CCC3)c3ccc(Cl)c(C(F)(F)F)c3)ncnc12,1
CC(C)(C)NC(=O)Nc1ccc2ncnc(N3CCN(C(=O)C(N)Cc4ccc(F)cc4)CC3)c2c1,0.662
NC1(C(=O)NC(CC(=O)O)c2ccc(Cl)cc2)CCN(c2ncnc3[nH]ccc23)CC1,0.8833
O=C(NC(c1ccc(Cl)c(F)c1)C1CCNCC1)c1cn[nH]c1,0.6774
N#Cc1nc(Cl)cn2c(-c3ccccc3)c(-c3ccc(C4(N)CCC4)cc3)nc12,0.6552
NC(Cc1ccc(F)cc1)C(=O)N1CCN(c2ncnc3ccc(NC(=O)NCc4ccccc4)cc23)CC1,0.6338
Nc1ncnc(N2CCC(c3nc(CCC(F)(F)F)cn3CCN3CCCC3)CC2)c1Cl,0.6618
N#Cc1c(N)ncnc1N1CCC(c2nc(C3CCCCC3)cn2CCN2CCC2)CC1,1
CCn1cc(-c2ncc(C(F)(F)F)cc2F)nc1C1CCN(c2ncnc(N)c2C(N)=O)CC1,0.6125
NC(=O)c1c(N)ncnc1N1CCC(c2nc(-c3ccc(F)c(Cl)c3)cn2CCO)CC1,0.8451
NC(=O)c1cc(-c2cncc(OCC(N)Cc3c[nH]c4ccccc34)c2)cc(Cl)n1,0.6286
O=C(Cc1nc(N2CCOCC2)cc(=O)[nH]1)NCCOc1c(Cl)cccc1Cl,0.6212
Cc1cc(-c2cn(CCN3CCC3)c(C3CCN(c4ncnc(N)c4OC(C)C)CC3)n2)ccc1F,1
NC1(C(=O)NC(Cc2ccccc2)C(=O)NCc2c(F)cc(F)cc2F)CCN(c2ncnc3[nH]ccc23)CC1,0.6
O=C(Nc1csc(-c2nncn2C2CCNCC2)n1)c1cc(-n2cnc(C3CC3)c2)c(Cl)cc1F,0.6163
Cn1ncc(C(=O)NC2CNCCC2c2ccc(F)cc2)c1-c1ccc(F)cc1F,0.6567
Cc1n[nH]c2ccc(-c3cncc(OCC(N)Cc4ccc(Cl)cc4Cl)c3)cc12,0.8167
NC1(c2ccc(-c3nc4n(c3-c3ccccc3)COc3ccncc3-4)nc2)CC1,0.7377
O=C(NCc1nc(N2CCOCC2)cc(=O)[nH]1)c1ccc(F)cc1F,0.6452
Cn1c(CC(=O)N2CCc3c(Cl)cccc32)nc(N2CCOCC2)c1Cc1ccccc1,0.6765
CN1CCC(n2cnnc2-c2nc(NC(=O)c3cc(-n4cnc(C5CC5)c4)c(Cl)cn3)cs2)C1,0.6951
Cn1c(CC(=O)NCc2c(Cl)cccc2Cl)nc(N2CCOCC2)cc1=O,0.6308
Cn1ncc(Br)c1-c1ncc(C(=O)NC2CNCCC2c2ccccc2)cc1F,0.6389
CCNC(=O)NCc1ccc(-c2nnc3n2-c2cccnc2Nc2ccccc2-3)cc1,0.6154
Cn1c(CC(=O)Nc2ccc(F)cc2F)nc(N2CCOCC2)cc1=O,0.6825
Nc1ncnc(N2CCC(N)(CNC(=O)c3ccc(F)cc3F)C2)c1F,0.7015
NC(=O)c1cccc(-c2cn(CCN3CCC3)c(C3CCN(c4ncnc(N)c4F)CC3)n2)c1,0.6974
COc1ccc(F)c(CCNC(=O)Cc2nc(N3CCOCC3)cc(=O)n2C)c1,0.6056
Cn1ncc(Br)c1-c1sc(C(=O)NC2CNCCC2c2ccc(F)cc2)cc1Br,0.6575
O=C(Cc1ccc(F)c(F)c1)N1CCCN(c2ncnc3ccccc23)CC1,0.6613
Nc1cc(N2CCC(c3nc(-c4cc(F)c(C(F)(F)F)c(F)c4)cn3CCN3CCC3)CC2)ncn1,0.7794
Cc1ncc(C(=O)NC(c2ccc(Cl)c(F)c2)C2CCNCC2)cn1,0.6667
NC(=O)c1cccc2c(NC(CN3CCC(F)C3)c3ccc(F)c(F)c3)ncnc12,0.7969
CC1(C)C(=O)Nc2ccc(-c3cncc(OCC(N)Cc4c[nH]c5ccccc45)c3)cc21,0.8209
Cc1cccc(-c2cccc3c2CCN3C(=O)Cc2nc(N3CCOCC3)cc(=O)n2-c2ccccc2)n1,0.6857
Nc1n[nH]c2ccc(-c3cncc(OCC(N)Cc4c(F)cccc4F)c3)cc12,0.8421
NC(=O)CCC(NC(=O)c1cc(Br)c(-c2ccnc3[nH]ccc23)s1)c1ccccc1,0.8387
Cn1nc(-c2ccc(C(=O)NC3CNCCC3c3cccc(F)c3)s2)cc1C1CC1,0.7143
CCc1c(N)ncnc1N1CCC(c2c(-c3ccc(F)c(C(N)=O)c3)cnn2C)CC1,0.6173
O=C(Cc1nc(N2CCOCC2)cc(=O)[nH]1)Nc1ccc(Cl)c2cccnc12,0.6232
CCNCCn1cc(-c2ccc(F)c(C(F)(F)F)c2)nc1C1CCN(c2ncnc(N)c2C(N)=O)CC1,0.8701
CCc1c(N)ncnc1N1CCC(c2nc(-c3cccc(C(N)=O)c3)cn2C)CC1,0.6053
Nc1cc(N2CCC(c3nc(-c4ccc(OC(F)F)nc4)cn3CCN3CCCC3)CC2)ncn1,0.7042
CC(C)(CNC(=O)Cc1nc(N2CCOCC2)cc(=O)[nH]1)c1ccc(F)cc1,0.6364
NC(=O)c1c(N)ncnc1N1CCC(c2nc(-c3cccc(F)c3)cn2CCN2CCC2)CC1,0.8056
Cc1csc2ncnc(N3CCN(C(=O)C(N)Cc4ccc(F)cc4)CC3)c12,0.6984
Cc1n[nH]c2cnc(-c3cncc(OCC(N)Cc4c(F)ccc(F)c4Cl)c3)cc12,0.8197
Nc1ncnc(N2CCC(c3nc(-c4cc(F)cc(Cl)c4)cn3CCN3CCCC3)CC2)c1Cl,0.806
Cc1nc(C#N)nc(N2CCC(c3nc(-c4ccc(F)c(Cl)c4)cn3CCN3CCCC3)CC2)n1,0.6456
CCn1cc(-c2cnc(F)c(Br)c2)nc1C1CCN(c2ncnc(N)c2C(N)=O)CC1,0.6154
NC(Cc1cc(F)ccc1F)C(=O)N1CCN(c2ncnc3ccc(F)cc23)CC1,0.6508
Cn1ncc(C(=O)NC2CNCCC2c2ccc(F)c(F)c2)c1-n1cccc1,0.6338
CNC(=O)c1cc(NC(=O)Cc2nc(N3CCOCC3)cc(=O)n2C)ccc1Cl,0.6567
O=C(NCc1ccc(F)c(Br)c1)C1(F)CCN(c2ncnc3[nH]ccc23)CC1,0.6061
O=C(Cc1nc(N2CCOCC2)cc(=O)[nH]1)N1CCc2c(F)cccc2C1c1ccc(F)cc1,0.6429
Cc1ccc(NC(=O)Cc2nc(N3CCOCC3)cc(=O)n2-c2ccc(F)cc2)cc1F,0.6232
NC1(c2ccc(-c3nc4n(c3-c3ccccc3)COc3c(F)cccc3-4)cc2)CC1,0.7581
O=C(N1CCN(c2ncnc3[nH]cc(Br)c23)CC1)C1(c2ccc(Cl)cc2)CC1,0.8929
O=C(Cc1cc(F)c(F)c(F)c1)N1CCN(c2ncnc3ccccc23)CC1,0.6066
Cc1c(N)ncnc1N1CCC(c2nc(-c3ccc(C#N)c(F)c3)cn2CCN2CCC2)CC1,0.76
Nc1ncnc(N2CCC(c3nc(-c4ccc(F)cc4F)cn3CCN3CCC3)CC2)c1F,0.6712
CN1CCC(CC(Cc2ccc(Cl)cc2)C(=O)N2CCN(c3ncnc(N)c3Cl)CC2)CC1,0.6613
NC(Cc1ccc(Cl)cc1)C(=O)N1CCN(c2ncnc3cccc(Br)c23)CC1,0.7966
CNCCn1cc(-c2ccc(F)c(C)c2)nc1C1CCN(c2ncnc(Cl)c2C)CC1,0.7162
NC(Cc1ccc(Cl)cc1F)C(=O)N1CCN(c2ncnc3cc(F)c(F)cc23)CC1,0.6462
Cn1ncc(Br)c1-c1ccc(C(=O)NC2CNCCC2c2cccc(F)c2)s1,1
NC(Cc1ccc(Cl)cc1)C(=O)N1CCN(c2ncnc3ccc(C4CCNCC4)cc23)CC1,0.7121
NC1(c2ccc(-c3nc4n(c3-c3ccccc3)COc3c(F)ccc(F)c3-4)cc2)CCC1,0.7759
O=C(NC(c1ccc(Cl)c(F)c1)C1CCNC1)c1cncc(Cl)c1,0.6212
O=C(NC(c1ccc(Cl)c(F)c1)C1CCNCC1)c1ccccc1F,0.6032
Cn1cc(-c2cnc(C(=O)NC3CNCCC3c3cccc(F)c3)c(F)c2)cn1,0.6027
NC(=O)NC(c1ccc(Cl)c(F)c1)C1CCNCC1,0.6
O=C(NC(c1ccc(Cl)c(F)c1)C1CCNCC1)c1ccnnc1,0.7213
Cc1ccc(NC(=O)Cc2nc(N3CCOCC3)cc(=O)[nH]2)c(Cl)c1,0.7097
O=C(Cc1nc(N2CCOCC2)cc(=O)n1-c1ccccc1)Nc1ccc(F)c(F)c1F,0.6212
O=C(NC(c1ccc(Cl)c(F)c1)C1CCNCC1)c1ccncc1F,0.7213
O=C(Cc1nc(N2CCOCC2)cc(=O)[nH]1)NCC1CCN(Cc2ccc(F)c(F)c2)CC1,0.6232
O=C(Cc1nc(N2CCOCC2)cc(=O)[nH]1)Nc1ccc(NC(=O)CS)c(F)c1,0.7966
O=C(NC(C(=O)c1ccc(F)cc1)C1CC1)c1cc(Br)c(-c2ccnc3[nH]ccc23)s1,0.6389
COc1ccc(C(NC(=O)c2ccc(Cl)c(F)c2)C2CCNCC2)cn1,0.6176
O=C(N1CCN(c2ncnc3ccccc23)CC1)C1(c2ccc(Br)cc2)CC1,0.6066
Nc1ncc(-c2cncc(OCC(N)Cc3cccc(Br)c3)c2)cn1,0.6393
Cc1cccc2c(N3CCN(C(=O)C(N)Cc4ccc(Cl)cc4)CC3)ncnc12,0.7377
Cn1c(CC(=O)Nc2cccc(C(C)(C)C)c2)nc(N2CCOCC2)cc1=O,0.6875
CCn1c(-c2nonc2N)nc2c(C#CC(C)(C)O)nc(OC(C)CNC)cc21,0.7681
CNC(Cc1ccc(Cl)cc1Cl)C(=O)N1CCN(c2ncnc3ccc(C)cc23)CC1,0.6324
NC1(C(=O)NCc2cc(Cl)cc(Br)c2)CCN(c2ncnc3[nH]ccc23)CC1,0.7833
O=C(Cc1nc(N2CCOCC2)cc(=O)n1-c1ccc(F)c(F)c1)N1CCc2c(F)cccc21,0.7424
CC1SCc2ncnc(N3CCN(C(=O)C(N)Cc4ccc(F)cc4Cl)CC3)c21,0.7429
Cc1ccc(NC(=O)Cc2nc(N3CCOCC3)cc(=O)n2C)cc1C,0.7333
O=C(Cc1ccc(F)c(F)c1)NCC(Cc1ccc(F)cc1)C(=O)N1CCN(c2ncnc3ccccc23)CC1,0.6667
Nc1cc(N2CCC(c3nc(-c4ccc(F)c(F)c4)cn3CCN3CCC3)CC2)ncn1,0.9655
CC1Cc2c(F)cccc2N1C(=O)Cc1cc(OCC(F)(F)F)c(F)c(N2CCOCC2)n1,0.6267
NC(=O)c1c(N)ncnc1N1CCC(c2nc(-c3cccc(C(F)(F)F)c3)no2)CC1,0.6076
NC(Cc1ccc(Cl)c(F)c1)C(=O)N1CCN(c2ncnc3ccc(F)cc23)CC1,0.7031
O=C(NC(c1ccc(Cl)c(Cl)c1)C1CCNC1)c1cnncc1Cl,0.629
O=C(NC(c1cccnc1)C1CCNCC1)c1ccc(Cl)cc1,0.6333
Cc1nc2cc(-c3cncc(OCC(N)Cc4c(F)cccc4F)c3)ccc2n1C,0.6119
O=C(Cc1nc(N2CCOCC2)cc(=O)[nH]1)NCc1ccccn1,0.6032
O=C(NC1CNCCC1c1ccc(F)cc1)c1ccc2c(c1)OCCn1nccc1-2,0.873
Cn1c(CC(=O)Nc2cc(C(F)(F)F)cc(C(F)(F)F)c2)nc(N2CCOCC2)cc1=O,0.6667
NCC(Cc1ccccc1)NC(=O)c1cc(Br)c(-c2ccnc3[nH]ccc23)s1,1
NC(Cc1ccc(F)cc1F)C(=O)N1CCN(c2ncnc3ccc(F)cc23)CC1,0.625
NC1(c2ccc(-c3nc4n(c3-c3ccccc3)COc3ncccc3-4)cc2)CCOCC1,0.8571
Cc1cc(-c2c(C(=O)NC3CNCCC3c3ccc(F)c(F)c3)cnn2C)nc(C)n1,0.6351
O=C(Cc1nc(N2CCOCC2)cc(=O)n1-c1ccccc1)c1cc(F)cc(F)c1,0.6094
Cc1ccc(NC(=O)Cc2nc(N3CCOC(CO)C3)cc(=O)n2C)cc1F,0.6143
CC(=O)NC(Cc1ccc(Cl)cc1)C(=O)N1CCN(c2ccnc3cc(Cl)ccc23)CC1,0.6094
COc1cc(Cl)c(F)cc1-c1c(C(=O)NC2CNCCC2c2ccc(F)cc2)cnn1C,0.6104
Cc1cnc(C(=O)NC(c2ccc(Cl)c(Cl)c2)C2CCNC2)cn1,0.6
Cn1ncc(Cl)c1-c1cc(C(=O)NC(CN)Cc2cc(F)cc(F)c2)oc1Cl,0.8361
COc1ccc(-c2cc3c(C)nc(N)nc3n(C3CCC(CO)CC3)c2=O)cn1,0.8125
CC(=O)c1ccc2nc(-c3ccc(C4(N)CCC4)cc3)c(-c3ccccc3)n2n1,1
Cn1c(C(=O)NC2CNCCC2c2ccc(F)c(F)c2)cc(Br)c1Br,0.6119
NC(=O)c1ccn2c(-c3cccc(F)c3)c(-c3ccc(C4(N)CCC4)cc3)nc2c1,0.678
Cn1ncc2c(N3CCC(c4nc(CCC(F)(F)F)cn4CCN4CCCC4)CC3)ncnc21,0.6104
NC(Cc1ccc(Cl)cc1)C(=O)N1CCN(c2ncnc3ccc(C(F)(F)F)nc23)CC1,0.6508
COCCn1cc(C(=O)NC2CNCCC2c2ccc(F)c(F)c2)cn1,0.6232
O=C(Cc1nc(N2CCOCC2)cc(=O)n1-c1ccc(F)cc1)N1CCc2c(Cl)cccc21,0.7313
CNCC(Nc1ncnc2c(C(N)=O)ccnc12)c1ccc(F)c(F)c1,0.8545
O=C(NC1CNCCC1c1ccc(F)c(F)c1)c1ccc(F)c(F)c1Cl,0.6154
O=C(Cc1nc(N2CCOCC2)cc(=O)n1-c1ccc(Cl)cc1)Nc1ccc(F)c(Br)c1,0.7385
CC(=O)N(C)c1nc2ccc(-c3cnc(Cl)c(NS(=O)(=O)c4ccccc4C)c3)cc2s1,0.625
N#Cc1c(N)ncnc1N1CCC(c2nc(-c3ccc(F)c(C(F)(F)F)c3)cn2CCN)CC1,1
Cn1ncc(C(N)=O)c1-c1ccc(C(=O)NC2CNCCC2c2cc(F)cc(F)c2)c(F)c1,0.7164
NC(COc1cncc(-c2sccc2S)c1)Cc1c[nH]c2ccccc12,0.6389
Cn1c(CC(=O)NCc2ccc(F)cc2F)nc(N2CCOCC2)cc1=O,0.6364
Cn1ncc(C(=O)NC2CNCCC2c2ccc(F)cc2)c1-c1c(F)ccc(F)c1Cl,0.625
CCNC(=O)c1ccc2c(c1)-c1nc(-c3ccc(C4(N)CC(C)(O)C4)cc3)c(-c3ccccc3)n1CO2,1
NC1(C(=O)NC(C(=O)NCc2ccc(F)cc2)C2CCCCC2)CCN(c2ncnc3[nH]ccc23)CC1,0.6164
Cc1ccc(NC(=O)Cc2nc(N3CCOCC3)cc(=O)n2-c2cccc(Cl)c2)cc1F,0.6111
Cn1ncc(NC(=O)c2cnnc(Cl)c2)c1C(=O)NC1CNCCC1c1cccc(F)c1,0.6104
Cn1c(CC(=O)NCc2ccc(F)cc2)nc(N2CCOCC2)cc1=O,0.6406
CNC(=O)NCCn1cc(-c2ccc(F)c(F)c2)nc1C1CCN(c2ncnc(N)c2C)CC1,0.675
Cn1c(CC(=O)N2CCc3c(Cl)cccc32)nc(N2CCCC2)cc1=O,0.8448
Cn1ncc(Cl)c1-c1cc(C(=O)NC2CCCCC2)oc1Cl,0.6
CNC(=O)c1cc(Cl)c2c(c1)OCn1c-2nc(-c2ccc(C3(N)CC(C)(O)C3)cc2)c1-c1ccccc1,0.7778
COc1ncc(C(=O)NC(c2ccc(Cl)c(Cl)c2)C2CCNC2)cn1,0.6308
NC(=O)c1c(N)ncnc1N1CCC(c2nc(-c3ccc(F)c(C(F)(F)F)c3)cn2CCF)CC1,0.9265
Nc1ncnc(N2CCC(c3nc(-c4cncs4)cn3CCN3CCC3)CC2)c1C1CCC1,0.6957
Cn1ncc(Br)c1-c1ncc(C(=O)NC2CNCCC2c2ccccc2)s1,0.6301
N#CCc1ccc(-c2cn(CCN3CCC3)c(C3CCN(c4ncnc(N)c4Br)CC3)n2)c(Cl)c1F,0.6364
Cn1nc(-c2ccc(C(=O)NC3CNCCC3c3ccc(F)c(F)c3)cc2)c2c(Cl)cccc21,0.6712
CC(NC(=O)C1(N)CCN(c2ncnc3[nH]ccc23)CC1)c1cnn(C)c1C(F)F,0.6618
Cc1cc(-c2ccc(C(=O)NC3CNCCC3c3cccc(F)c3)nc2)nn1C,0.7353
Cc1cccn2c(-c3ccccc3)c(-c3ccc(C4(N)CCC4)cc3)nc12,1
NC(COc1cncc(-c2ccc3c(c2)CC(=O)N3)c1)Cc1ccc(F)cc1F,0.6714
CC(C)NCCn1cc(-c2ccnc(C#N)c2)nc1C1CCN(c2ncnc(N)c2C(F)(F)F)CC1,0.6824
Cc1n[nH]c2ccc(-c3nnc(NCC(=CCN)c4ccc(F)c(F)c4)s3)cc12,0.6
O=C(NC(c1ccc(Cl)c(Cl)c1)C1CCNC1)c1cc(F)c(F)c(F)c1,0.629
CC(NC(=O)C1(N)CCN(c2ncnc3c2S(=O)(=O)CCC3)CC1)c1ccc(F)cc1,0.6232
CN(C)CCn1cc(CC(F)(F)F)nc1C1CCN(c2ncnc(N)c2C(N)=O)CC1,0.6753
N#Cc1ccc(-c2cn(CCN3CCC3)c(C3CCN(c4cc(N)ncn4)CC3)n2)cn1,0.6857
Cc1cccc(NC(=O)Cc2nc(N3CCOCC3)cc(=O)n2-c2ccc(F)cc2)c1,0.6029
Cc1cc(F)cc2c(N3CCN(C(=O)C(N)Cc4ccc(F)cc4)CC3)ncnc12,0.6562
Cc1ccc(NC(=O)Cc2nc(N3CCOCC3)cc(=O)n2-c2ccccc2)cc1F,0.6232
Cc1cc(-c2cn(CC3CC3)c(C3CCN(c4cc(N)ncn4)CC3)n2)ccc1F,0.6522
CC1COCCN1c1nc(N2CCOCC2)nc2nc(-c3cccc(C(=O)N(C)C)c3)ccc12,0.6418
COc1cc(CC(=O)N2CCc3c(F)cccc32)nc(N2CCOCC2)c1F,0.6418
COCCNC(=O)Cn1cc(-c2cccc(F)c2)nc1C1CCN(c2ncnc(N)c2Cl)CC1,0.642
O=C(Cc1nc(N2CCOCC2)cc(=O)[nH]1)Nc1cc(-c2cccnc2)ccc1Cl,0.6087
Cc1nc(N)nc2c1nc(-c1cnn(C)c1)c(=O)n2C1CCC(OCCO)CC1,0.7424
Cn1c(CC(=O)Nc2cccc(F)c2F)nc(N2CCOCC2)cc1=O,0.6923
Cn1c(CC(=O)N2c3ccccc3NC(=O)c3ccccc32)nc(N2CCOCC2)cc1=O,0.6212
CC1(C)C(=O)Nc2ccc(-c3cncc(OCC(N)Cc4ccc(F)c(F)c4F)c3)cc21,0.6324
Cn1ccc(-c2cc(C(=O)NC3CNCCC3c3ccc(F)c(F)c3)c(Cl)cc2Cl)n1,0.6164
Nc1cc(N2CCC(c3nc(-c4ccc(F)c(C(F)(F)F)c4)cn3CC(=O)N3CCOCC3)CC2)ncn1,0.7013
NC1(C(=O)NC2CCCC2)CCN(c2ncnc3[nH]ccc23)CC1,0.6167
NC(Cc1cc(F)ccc1F)C(=O)N1CCN(c2ncnc3cnccc23)CC1,0.6269
NC(COc1cncc(-c2ccc3c(c2)CC(F)(C2CCOCC2)C3=O)c1)Cc1c[nH]c2ccccc12,0.622
Cn1ncc(C(N)=O)c1-c1cc(C(=O)NC2CNCCC2c2cccc(F)c2)no1,0.6104
CCn1c(-c2nonc2N)nc2c(C#CC(C)(C)O)nc(Cl)nc21,0.629
Cn1ncc(C(NC(=O)C2(N)CCN(c3ncnc4[nH]ccc34)CC2)c2ccccc2)n1,0.7059
Cn1ncc(Cl)c1-c1noc(C(=O)NC2CNCCC2c2ccc(F)cc2)n1,0.6111
CNC(=O)C(CCCc1ccccc1)NC(=O)c1cc(Br)c(-c2ccnc3[nH]ccc23)s1,0.6712
Cc1c(N)ncnc1N1CCC(c2nc(-c3ccc(Cl)c(C#N)c3)cn2CCN2CCCC2)CC1,0.7237
Cn1ncc(Br)c1-c1oc(C(=O)NC(CN)Cc2ccc(F)c(Cl)c2)cc1Cl,0.6338
O=C(Nc1csc(-c2nncn2C2CCNCC2)n1)c1cc(-n2cnc(C3CC3)c2)c(F)cn1,0.725
Cc1ccc(NC(=O)Cc2nc(N3CCOCC3)cc(=O)n2C)c(=O)n1C,0.6406
NC1(c2ccc(-c3nc4n(c3-c3ccsc3)COc3ccccc3-4)cc2)CC1,0.9245
NC1(C(=O)NC(C(=O)NCc2c(F)cccc2F)c2ccccc2)CCN(c2ncnc3[nH]ccc23)CC1,0.6301
O=C(Cc1nc(N2CCCC2)cc(=O)[nH]1)NC(=O)c1ccc(F)cc1F,0.6032
O=C(Cc1ccc(Br)cc1)N1CCN(c2ncnc3ccccc23)CC1,0.6909
NC(=O)c1ccnc2c(NC(CN3CC(F)C3)c3ccc(F)c(F)c3)ncnc12,0.7353
Cc1cc(N2CCC(c3nc(-c4ccc(C#N)c(F)c4)cn3CCN3CCC3)CC2)ncn1,0.6438
CC1CN(C(=O)Cc2nc(N3CCOCC3)cc(=O)n2C)c2ccccc2S1,0.6615
Nc1ncnc(N2CCC(c3nc(-c4ccc(F)nc4)cn3CC3CC3)CC2)c1Br,0.6286
CN(C)CCn1cc(-c2ccc(C(F)(F)F)c(F)c2)nc1C1CCN(c2ncnc(N)c2Br)CC1,0.8857
NC(=O)c1cccc2c(NC(CN3CCC3)c3ccc(F)cc3)ncnc12,1
CC1Cc2c(F)cccc2N1C(=O)Cc1nc(N2CCOCC2)cc(=O)n1-c1ccccc1Br,0.7794
O=C(Cc1nc(N2CCOCC2)cc(=O)[nH]1)Nc1ccc(S(=O)(=O)N2CCOCC2)cc1,0.6885
COc1ccc(F)cc1-c1cncc(OCC(N)Cc2c[nH]c3ccccc23)c1,0.6286
CNCCn1cc(-c2ccc(F)c(C(F)(F)F)c2)nc1C1CCN(c2ncnc(N)c2C(N)=O)CC1,1
Clc1cc2nc(-c3ccc(CN4CC(c5n[nH]c(-c6ccccn6)n5)C4)cc3)c(-c3ccncc3)cn2c1,0.6579
CC(C)NC(=O)c1cccc(NC(=O)Cc2nc(N3CCOCC3)cc(=O)n2C)c1Cl,0.6164
NC(Cc1cc(F)c(F)cc1F)C(=O)N1CCN(c2ncnc3cc(F)ccc23)CC1,0.7213
N=C(NC1CC1)c1ccn2c(-c3ccccc3)c(-c3ccc(C4(N)CCC4)cc3)nc2c1,0.6393
CCCC(=O)Nc1cccc2c(N3CCN(C(=O)C(N)Cc4ccc(Cl)cc4)CC3)ncnc12,0.6418
CNC(=O)NCCOc1ccc(-c2cn(CCN3CCC3)c(C3CCN(c4ncnc(N)c4C)CC3)n2)cc1F,0.625
O=C(NCc1ccnc(F)c1)c1cc(Br)c(-c2ccnc3[nH]ccc23)s1,0.6119
CN1CC(NC(=O)Cc2nc(N3CCOCC3)cc(=O)[nH]2)C(c2ccc(F)cc2F)C1,0.6377
Nc1ncnc(N2CCC(c3nc(-c4ccc(F)c(O)c4)cn3CCN3CCC3)CC2)c1F,0.7714
Cn1nc(-c2ccc(C(=O)NC3CNCCC3c3cccc(F)c3)cc2)nc1C1(C)CC1,0.6351
NC(COc1cncc(-c2ccc3c(c2)CC(=O)N3)c1)Cc1cccc(Cl)c1,0.6479
Cn1ncc(Cl)c1-c1cc(C(=O)NC2CCCC2)oc1Cl,0.6094
Cn1c(CC(=O)N2CCc3cccnc32)nc(N2CCCC2)cc1=O,0.619
C=CCNC(=O)c1cccc(-c2ccc3c(N4CCOCC4C)nc(N4CCOCC4C)nc3n2)c1,0.6377
O=C(NCc1cc(F)cc(Cl)c1)C1(F)CCN(c2ncnc3[nH]ccc23)CC1,0.6462
O=C(NC1CNCCC1c1ccc(F)c(F)c1)c1ccnc(F)c1,0.625
CNC(=O)Oc1ccc2nc(-c3ccc(C4(N)CCC4)cc3)c(-c3ccccc3)n2n1,0.7288
O=C(NC(c1ccc(Cl)c(F)c1)C1CCNCC1)c1cncc(Cl)c1,0.6935
O=C(NC1CN(c2ncnc3[nH]cc(Cl)c23)C1)c1ccc(F)cc1F,0.6232
COc1c(F)c(CC(=O)N2c3ccccc3CC2C)nc(N2CCOCC2)c1F,0.6618
Cc1nn(Cc2ccccc2)c(=O)c(C)c1NC(=O)Cc1nc(N2CCOCC2)cc(=O)[nH]1,0.6
COc1cc(CC(=O)N2c3ccc(F)c(F)c3CC2C)nc(N2CCOCC2)c1OC,0.625
Cn1c(CC(=O)NC(=O)c2ccc(F)c(F)c2)nc(N2CCOCC2)cc1=O,0.6462
Nc1ncccc1-c1nc2ccc(N3CCN(Cc4cccnc4)CC3)nc2n1-c1ccc(C2(N)CCC2)cc1,0.6486
O=C(NC1CNCCC1c1ccc(F)c(F)c1)c1ccc(Cl)nc1Cl,0.6119
Cc1cc(-c2cn(CCN3CCC3)c(C3CCN(c4ncnc(N)c4Br)CC3O)n2)ccc1F,0.7838
Cn1ncc(Br)c1-c1oc(C(=O)NC2CNCCC2c2ccc(F)c(F)c2)nc1C1CC1,0.6757
O=C(NC1CNCCC1c1cc(F)cc(F)c1)c1ccc2c(c1)CCCO2,0.6087
NC(=O)c1cccc(-c2cn(CCN3CCC3)c(C3CCN(c4ncnc(N)c4Br)CC3)n2)c1,0.7606
O=C(Cc1nc(=O)cc(N2CCOCC2)[nH]1)Nc1ccc(F)c(F)c1F,0.7288
O=C(NC1CNCCC1c1ccc(F)c(F)c1)c1cnn(Cc2ccccc2Cl)c1,0.6081
CNC(=O)c1ccc(-c2ccc3nc(-c4ccc(C5(N)CCC5)cc4)c(-c4ccccc4)n3c2)nc1,0.6769
Cn1ncc(Cl)c1-c1nc(NC(=O)c2cc(-n3cnc(C4CC4)c3)c(N3CC(F)(F)C3)cn2)cs1,0.6867
CNC(=O)OCc1cc(F)c(F)cc1CC(N)C(=O)N1CCN(c2ncnc3ccccc23)CC1,0.6522
O=C(NC(c1ccc(Cl)c(Cl)c1)C1CCNC1)c1cccc(Cl)n1,0.6094
CNC(=O)C(Cc1ccccc1)NC(=O)c1cc(Br)c(-c2ccnc3[nH]ccc23)s1,0.7612
O=C(Cc1nc(N2CCOCC2)cc(=O)n1C1CCCCC1)N1CCc2c1ccc(F)c2Cl,0.7042
NC(Cc1ccc(F)cc1)C(=O)N1CCN(c2ncnc3cccc(Cl)c23)CC1,0.7097
O=C(NC(c1cccc(Br)n1)C1CCNCC1)c1ccc2cnccc2c1,0.6825
Nc1ncnc(N2CCC(c3nc(-c4ccc(F)cc4)cn3CCN3CCC3)CC2)c1C1CCNCC1,0.8462
CNC(=O)c1ccc2c(c1)OCn1c-2nc(-c2ccc(C3(N)CC(C)(O)C3)cc2)c1-c1ccccc1,1
O=C(Cc1nc(N2CCOCC2)cc(=O)[nH]1)NCc1nc2cc(F)c(F)cc2s1,0.6061
O=C(Cc1nc(N2CCOCC2)cc(=O)[nH]1)Nc1ccc(S(=O)(=O)N2CCCC2)cc1,0.6667
Cc1cc2c(cn1)OCn1c-2nc(-c2ccc(C3(N)CC3)cc2)c1-c1ccccc1,0.678
O=C(NC(c1cccc(Cl)c1)C1CCNCC1)c1ccc(Cl)c(F)c1,0.6557
Cn1c(CC(=O)Nc2ccc(Br)cc2Br)nc(N2CCOCC2)cc1=O,0.6825
Cc1c(Cl)cn2c(-c3ccccc3)c(-c3ccc(C4(N)CCC4)cc3)nc2c1C,0.8302
Cc1ccc(Oc2c(N3CCOCC3)nc(CC(=O)N3CCc4ccccc43)n2C)cc1,0.6029
O=C(NCCCO)c1cc(Br)c(-c2ccnc3[nH]ccc23)s1,0.6508
CS(=O)(=O)c1ccc(-c2cn(CCN3CCC3)c(C3CCN(c4ncnc(N)c4Br)CC3)n2)cc1F,0.7887
NC1(c2ccc(-c3nc4ccc(-c5cccnc5)nn4c3-c3ccccc3)cc2)CCC1,0.6909
COc1c(N)ncnc1N1CCC(c2nc(-c3ccc(C(F)(F)F)c(F)c3)cn2C)CC1,0.6857
CCC1CN(c2cc(N)ncn2)CCC1c1nc(-c2ccc(F)c(C(F)(F)F)c2)cn1CCN1CCC1,0.76
NC(=O)c1c(N)ncnc1N1CCC(c2nc(-c3cc(F)c(F)cc3F)cn2CCN2CCC2)CC1,0.7432
Cc1ccc(F)c(NC(=O)Cc2nc(N3CCOCC3)cc(=O)n2C)c1,0.6984
Cn1c(CC(=O)N2CCc3c(F)cccc32)nc(N2CCOCC2)c(F)c1=O,0.7188
Cn1c(CC(=O)Nc2ccc(F)c(Cl)c2)nc(N2CCOCC2)cc1=O,0.8
O=C(NC(c1ccc(Cl)c(Cl)c1)C1CCNC1)c1cc(Cl)nc(Cl)c1,0.6949
Cn1ncc(Br)c1-c1cc(C(=O)NC(CN)Cc2ccc(F)c(F)c2)[nH]c1Cl,0.6111
Cn1nc(-c2ccc(C(=O)NC3CNCCC3c3cccc(F)c3)cc2)c2cc(F)ccc21,0.6528
CC(=O)N1CCCc2cc(-c3cncc(OCC(N)Cc4c[nH]c5ccccc45)c3)cnc21,0.6154
COC(=O)c1ccn2c(-c3ccccc3)c(-c3ccc(C4(N)CCC4)cc3)nc2c1,0.8167
O=C(NC(c1ccc(F)cc1)C1CNC1)c1ccc(Cl)c(Cl)c1,0.614
Cn1c(CC(=O)N2CCc3c(F)cccc32)nc(N2CCOC3CCCCC32)cc1=O,0.6957
CNC(=O)C1(N)CCN(c2ncnc3[nH]ccc23)CC1,0.6727
Cn1cnnc1-c1nc(NC(=O)c2cc(-n3cnc(C4CC4)c3)c(N3CCC(F)(F)CC3)cn2)cs1,0.7407
NC1(C(=O)NC(=O)c2c(F)cccc2F)CCN(c2ncnc3[nH]ccc23)CC1,0.6094
Cn1[nH]c2ccc(-c3cncc(OCC(N)Cc4c(F)cccc4Cl)c3)cc2c1=O,0.6197
COc1cc(-c2cn(CCN3CCC3)c(C3CCN(c4ncnc(N)c4Br)CC3)n2)ccc1Cl,0.7671
Cn1nc(C(=O)NC2CNCCC2c2ccc(F)c(F)c2)nc1-c1ccncc1,0.6087
Nc1cc(N2CCC(c3nc(-c4cccc(Cl)c4)cn3CCN3CCC3)CC2)ncn1,0.7424
O=C(NC(c1ccc(Cl)c(Cl)c1)C1CCNC1)c1cc(Cl)cnc1Cl,0.6
NC(=O)c1cc(-c2cncc(OCC(N)Cc3cccc(OC(F)(F)F)c3)c2)ccc1F,0.625
Cn1ncc2cc(-c3cncc(OCC(N)Cc4ccc(F)cc4F)c3)ccc2c1=O,0.6056
O=C(NC(c1ccc(Cl)c(Cl)c1)C1CNC1)c1ccnnc1,0.6964
CCn1cc(C(F)(F)F)nc1C1CCN(c2ncnc(N)c2C(N)=O)CC1,0.6
O=C(c1ccc(Cl)c(Cl)c1)N1CCN(c2ncnc3ccccc23)CC1,0.6271
O=C(Cc1nc(N2CCOCC2)cc(=O)n1-c1ccc(F)c(F)c1)Nc1ccc(F)cc1,0.6029
CCn1cc(C2CCCC2)nc1C1CCN(c2ncnc(N)c2C#N)CC1,0.7667
CC(C)CCNC(=O)c1ccc(F)c(NC(=O)Cc2nc(N3CCOCC3)cc(=O)[nH]2)c1,0.6429
Nc1n[nH]c2ccc(-c3cncc(OCC(N)Cc4cccc(Cl)c4)n3)cc12,0.6087
O=C(Cc1nc(=O)cc(N2CCOCC2)[nH]1)Nc1ccc(F)c(F)c1,0.7241
COc1nc(CC(=O)N2c3cccc(Cl)c3CC2C)nc(N2CCOCC2)c1F,0.6806
Nc1n[nH]c2ccc(-c3cncc(OCC(N)Cc4c(F)cccc4C(F)(F)F)c3)cc12,0.7231
CCc1cc(Cl)cc(-c2cn(CCN3CCC3)c(C3CCN(c4cc(N)ncn4)CC3)n2)c1,0.662
Cc1c(N)ncnc1N1CCC(c2nc(-c3ccc(F)c(C#N)c3)cn2CC2CNC2)CC1,0.7632
Nc1cc(N2CCC(c3nc(-c4ccc(F)c(C(F)(F)F)c4)cn3CC(=O)N3CCC(N)CC3)CC2)ncn1,0.6883
O=C(NCC(Cc1ccc(Cl)cc1)C(=O)N1CCN(c2ncnc3ccccc23)CC1)c1cc(F)cc(F)c1,0.6471
Cc1cc(-c2cn(CCNC(C)C)c(C3CCN(c4cc(N)ncn4)CC3)n2)ccc1F,0.7143
CC(C)NCC(C(=O)N1CCN(c2ncnc3c2C(C)SC3)CC1)c1ccccc1,0.6812
CC1C(=O)Nc2ccc(-c3cncc(OCC(N)Cc4c(F)cccc4F)c3)cc21,0.6761
Nc1ncnc(N2CCC(c3nc(-c4cccc(F)c4)cn3CCN3CCC3)CC2)c1Cl,0.9677
O=C(NCc1ccc(F)c(F)c1)c1cc(Br)c(-c2ccnc3[nH]ccc23)s1,0.6232
NC(COc1cnc(-c2cccs2)c(-c2cccs2)c1)Cc1ccccc1,0.6667
CN(C)CCn1cc(-c2ccc(C(F)(F)F)c(F)c2)nc1C1CCN(c2ncnc3c2CCC3)CC1,0.65
O=C(C(Cc1ccc(F)cc1)NC(=O)C(F)(F)F)N1CCN(c2ncnc3ccccc23)CC1,0.6212
O=C(NC1CNCCC1c1cc(F)c(F)c(F)c1)c1ccc2c(c1)OCCO2,0.6875
NC(=O)C(NC(=O)c1cc(Br)c(-c2ccnc3[nH]ccc23)s1)c1ccccc1,0.7541
Cc1ccc(C(N)=O)c(N2CCC(c3nc(-c4ccnc(F)c4)cn3CCN3CCC3)CC2)n1,0.6203
O=C(NC(c1cccc(Cl)c1)C1CNC1)c1ccc(Cl)c(Cl)c1,0.6034
O=C(NC(c1ccc(Cl)c(Cl)c1)C1CCNCC1)c1ccsc1,0.6066
O=C(NC(c1cccc(Cl)c1)C1CCNCC1)c1ccc2cnccc2c1,1
Cn1c(CC(=O)Nc2cc(Cl)cc(C#N)c2)nc(N2CCOCC2)cc1=O,0.6176
COCC1(C(=O)NCc2ccc(F)cc2)CCN(c2ncnc3[nH]ccc23)CC1,0.6061
COCOC1CCC(n2c(=O)c(-c3ccc([S+](C)[O-])cc3)cc3c(C)nc(N)nc32)CC1,0.6301
Cc1cc(-c2cn(CCN3CCC3)c(C3CCN(c4ncnc(N)c4Cl)CC3)n2)ccc1F,0.8358
Nc1cc(N2CCC(c3nc(-c4ccc(C(F)(F)F)c(F)c4)cn3CCN3CCC3)CC2)ncn1,0.8788
CC1SCc2ncnc(N3CCN(C(=O)c4cc(F)c(F)cc4F)CC3)c21,0.6061
Cc1cccc2c(N3CCN(C(=O)C(N)Cc4ccc(Cl)c(Cl)c4)CC3)ncnc12,0.7419
Nc1ncc(-c2cncc(OCC(N)Cc3ccc(F)cc3F)c2)cn1,0.65
O=C(NC(c1ccc(Cl)c(F)c1)C1CCNCC1)c1ccc(Cl)c(F)c1,0.75
Cn1cc(Cl)c(-c2ccc(C(=O)NC3CNCCC3c3cccc(F)c3)cc2F)n1,0.6216
Cc1c(-c2nc(C(=O)NC3CNCCC3c3ccc(F)c(F)c3)c(Cl)cc2Cl)cnn1C,0.6184
O=CC(NC(=O)c1cc(Br)c(-c2ccnc3[nH]ccc23)s1)c1cccc(F)c1,0.6667
Cn1cc(C(=O)NC(c2ccc(Cl)c(Cl)c2)C2CCCNC2)cn1,0.6515
Cn1c(CC(=O)NCc2cc(F)cc(F)c2)nc(N2CCOCC2)cc1=O,0.625
Cn1ncc(Br)c1-c1cc(C(=O)NC2CNCCC2c2ccccc2)oc1Cl,0.8438
Cc1cccc(C)c1NC(=O)Cc1nc(N2CCOCC2)cc(=O)n1C,0.6562
CS(=O)(=O)Nc1ccc2nc(-c3ccc(C4(N)CCC4)cc3)c(-c3ccccc3)n2c1,0.7333
Cc1cc(-c2cn(CC(F)(F)F)c(C3CCN(c4ncnc(N)c4F)CC3)n2)ccc1F,0.6538
O=C(NCc1ccc(Cl)cc1)C1(F)CCN(c2ncnc3[nH]ccc23)C1,0.7458
O=C(NC(c1ccc(F)c(Cl)c1)C1CCNCC1)c1cccnc1,0.6308
Cn1ncc(Br)c1-c1sc(C(=O)NC2CNCCC2c2ccccc2)cc1Br,0.6528
Cn1ncc(C(=O)NC2CNCCC2c2cc(F)cc(F)c2)c1-c1cccc(F)c1,0.6429
Cn1nc(-c2ccc(C(=O)NC3CNCCC3c3cccc(F)c3)s2)c2ccccc21,0.6944
Cc1ccc2c(c1O)CCN2C(=O)Cc1nc(N2CCOCC2)cc(=O)n1-c1ccccc1F,0.6714
NC1(C(=O)NC(c2ccc(F)cc2)C2CCNC2)CCN(c2ncnc3[nH]ccc23)CC1,0.7101
Nc1cc(N2CCC(c3nc(-c4cc(F)cc(Cl)c4)cn3CCN3CCC3)CC2)ncn1,0.7313
COc1ncc(-c2cncc(OCC(N)Cc3ccc(C)c(F)c3)c2)cn1,0.6508
NC(COc1cncc(-c2ccc3c(c2)C(=O)C(=O)N3)c1)Cc1cscc1F,0.6522
Nc1ncnc(N2CCC(c3nc(-c4ccc(F)c(F)c4)cn3CCN3CCCC3)CC2)n1,0.7538
Nc1ccc(-c2cncc(OCC(N)Cc3cccc(F)c3F)c2)cn1,0.6452
Cc1cnn(C)c1C(=O)NC1CNCCC1c1ccc(F)c(F)c1,0.6515
Cc1cc(-c2c(-c3cc(Cl)c(C(=O)NC4CNCCC4c4ccc(F)c(F)c4)o3)cnn2C)on1,0.622
NC(=O)c1c(N)ncnc1N1CCC(c2nc(-c3ccc(F)c(C(F)(F)F)c3)cn2CCN2CCC2)CC1,1
Cc1cnn(C)c1-c1nc(NC(=O)c2cc(-n3cnc(C4CC4)c3)c(N3CCCC(C)C3)cn2)cs1,0.6087
NC(=O)c1ccnc2c(NC(CN3CCC3)c3ccc(F)cc3)ncnc12,0.7966
N#CCc1cc(-c2cn(CCN3CCC3)c(C3CCN(c4ncnc(N)c4Br)CC3)n2)ccc1F,0.7778
NC(=O)C(Cc1ccc(F)cc1)NC(=O)c1cc(Br)c(-c2ccnc3[nH]ccc23)s1,0.7846
CC1COCCN1c1nc(N2CCOCC2C)c2ccc(-c3ccncc3)nc2n1,0.6964
O=C(Cc1nc(N2CCOCC2)cc(=O)n1-c1ccc(F)cc1F)Nc1ccc(F)c(Br)c1,0.7273
COc1nn(C)c(C)c1C(=O)NC1CNCCC1c1ccc(F)c(F)c1,0.6176
Cc1n[nH]c2cnc(-c3cncc(OCC(NC4CNC4)c4ccccc4)c3)cc12,0.6269
NC(=O)c1ccc(-c2cncc(OCC(N)Cc3c[nH]c4ccccc34)c2)nc1,0.6618
NC1(c2ccc(-c3nc4cc(F)ccn4c3Br)cc2)CCC1,0.7059
NC(COc1cncc(-c2cnc3cc(C(F)(F)F)ccc3n2)c1)Cc1c[nH]c2ccccc12,0.625
Cn1nncc1-c1ccc(C(=O)NC2CNCCC2c2ccc(F)c(F)c2)cc1,0.7619
CC1(O)CC(N)(c2ccc(-c3nnc4n3-c3cccnc3Nc3ccccc3-4)cc2)C1,0.7544
Cc1ccc(C(=O)NC(c2cccc(Cl)c2)C2CCNCC2)cc1Cl,0.6557
Cc1cc(-c2cn(CCN3CCCC3)c(C3CCN(c4ccc(C#N)cn4)CC3)n2)ccc1F,0.6974
Cn1c(CC(=O)N2CCc3c(F)cccc32)n[nH]c1=S,0.6032
NC(COc1cncc(-c2ccc3c(c2)CC(=O)N3)c1)Cc1c(F)cccc1Cl,0.6216
Cc1cc2c(C(N)=O)cccc2c(NC(CN2CCC2)c2ccc(F)cc2)n1,0.6719
NC(=O)c1c(N)ncnc1N1CCC(c2nc(-c3ccc(F)c(C(F)(F)F)c3)cn2CC2CCNCC2)CC1,0.88
CCc1ccc2ncnc(N3CCN(C(=O)C(N)Cc4ccc(F)cc4)CC3)c2c1,0.6825
N#Cc1cc(-c2cn(CCN3CCCC3)c(C3CCN(c4ncnc(N)c4Cl)CC3)n2)cc(F)c1Cl,0.7606
Cn1ncc(C(=O)NC2CNCCC2c2cc(F)cc(F)c2)c1-c1c(F)cccc1F,0.6176
O=C(NC(c1cccc(Cl)c1)C1CCNCC1)c1ccc(Cl)c(C(F)(F)F)c1,0.625
NC(=O)c1cc(Br)c2nc(-c3ccc(C4(N)CCC4)cc3)c(-c3ccccc3)n2n1,0.807
CNC(=O)c1cc(N)c2nc(-c3ccc(C4(N)CCC4)cc3)c(-c3ccccc3)n2c1,0.6719
NC(=O)c1cccc(-c2cn(CCN3CCCC3)c(C3CCN(c4ncnc(N)c4F)CC3)n2)c1,0.72
O=C(NC(c1ccc(Cl)c(Cl)c1)C1CCNC1)c1cncnc1,0.7241
O=C(NC1CNCCC1c1ccc(F)c(F)c1)c1cc2c(s1)CCC2,0.625
CCOc1c(N)ncnc1N1CCC(c2nc(-c3ccc(F)c(F)c3)cn2CC2CNC2)CC1,0.8857
NC1(c2ccc(-c3nc4n(c3-c3ccccc3)COC4)cc2)CCC1,0.6071
NC(=O)c1ccn2c(-c3ccccc3)c(-c3ccc(C4(N)CCC4)cc3)nc2c1F,0.7679
Cn1c(CC(=O)NC(=O)c2cc(F)cc(F)c2)nc(N2CCOCC2)cc1=O,0.6
NC(Cc1c(F)c(F)c(F)c(F)c1F)C(=O)N1CCN(c2ncnc3ccccc23)CC1,0.7241
O=C(Cc1nc(N2CCOCC2)cc(=O)[nH]1)Nc1cc(C(=O)N2CCCCCO2)c(F)cc1F,0.6471
O=C(Cc1nc(N2CCOCC2)cc(=O)n1C1CC1)Nc1cc(Cl)c(F)c(Cl)c1,0.625
O=C(NCc1ccncn1)c1cc(Br)c(-c2ccnc3[nH]ccc23)s1,0.6212
Nc1cc(N2CCC(c3nc(-c4ccc(F)c(C(F)(F)F)c4)cn3CC(=O)N3CCC3)CC2)ncn1,0.7534
Cn1cc(C(=O)NC2CNCCC2c2ccc(F)cc2)c(-c2ccc(F)cc2F)n1,0.6087
NC(Cc1ccc(F)c(Cl)c1)C(=O)N1CCN(c2ncnc3ccccc23)CC1,0.8448
NC1(c2ccc(-c3nc4cc(C(=O)NCCN5CCCC5)ccn4c3-c3ccccc3)cc2)CCC1,0.6479
O=C(Cc1nc(N2CCOCC2)cc(=O)n1-c1ccc(F)c(Cl)c1)Nc1ccc(F)c(C2CC2)c1,0.7286
O=C(Cc1nc(N2CCOCC2)cc(=O)[nH]1)NCCc1ccc(Cl)cc1,0.6349
NC(Cc1ccc(Cl)cc1)C(=O)N1CCN(c2ncnc3ccc(CCO)cc23)CC1,0.7966
Cc1nnc2c3ccccc3c(-c3ccc(-c4cncc(OCC(N)Cc5c[nH]c6ccccc56)c4)cc3)nn12,0.6216
Cn1c(CC(=O)NC2CCOc3c(F)cc(F)cc32)nc(N2CCOCC2)cc1=O,0.6111
NC(=O)C(CC(=O)N1CCN(c2ncnc3[nH]ccc23)CC1)Cc1ccc(F)cc1,0.6061
O=C(Nc1csc(-c2nncn2C2CC2)n1)c1cc(-n2cnc(C3CC3)c2)c(N2CCCOCC2)cn1,1
Cc1cccc2c(N3CCN(C(=O)C(N)Cc4ccc(F)cc4)CC3)ncnc12,0.6562
Cn1nc(-c2ccc(C(=O)NC3CNCCC3c3cccc(F)c3)cc2)o1,0.6765
CCc1c(N)ncnc1N1CCC(c2nc(-c3cc(O)c(O)c(Cl)c3)cn2CCN2CCC2)CC1,0.7808
CCc1nc(-c2ccc(C(=O)NC3CNCCC3c3cccc(F)c3)s2)nn1C,0.7162
Cn1c(CC(=O)NC2CCc3c(F)cccc32)nc(N2CCOCC2)cc1=O,0.6338
Cc1nc2c(C(N)=O)cc(-c3cn[nH]c3)cn2c1-c1ccccc1,0.6308
Cn1c(CC(=O)Nc2ccc(C(F)(F)F)nc2)nc(N2CCOCC2)cc1=O,0.6667
CS(=O)(=O)c1ccc(-c2cn(CCN3CCCC3)c(C3CCN(c4ncnc(N)c4Br)CC3)n2)cc1,0.7761
CC1(C)C(=O)Nc2ccc(-c3cncc(OCC(N)Cc4ccc(Cl)c(F)c4)c3)cc21,0.6479
Cc1nc(N)nc2c1cc(-c1cnn(C)c1)c(=O)n2C1CCC(OCCO)CC1,0.7246
N#Cc1cc(-c2cn(CCN3CCCC3)c(C3CCN(c4ncnc(N)c4Br)CC3)n2)ccc1F,0.8382
Cn1c(CC(=O)NC2CCc3c(F)ccc(F)c32)nc(N2CCOCC2)cc1=O,0.6522
CCn1cc(-c2ccc(F)c(F)c2)nc1C1CCN(c2ncnc(N)c2C(N)=O)CC1,0.7465
CC1CCc2ncnc(N3CCN(C(=O)C(CNC(=O)Cc4ccc(Cl)cc4)c4ccc(F)cc4)CC3)c21,0.7083
O=C(Cc1nc(=O)cc(N2CCOCC2)[nH]1)NC(=O)Nc1cccc(Cl)c1,0.6308
NC1(C(=O)NCC23CC4CC(CC(C4)C2)C3)CCN(c2ncnc3[nH]ccc23)CC1,0.6452
CSc1nn(C)nc1-c1ccc(C(=O)NC2CNCCC2c2cccc(F)c2)nc1,0.6712
CC(NC(=O)c1cc(-c2c(Cl)cnn2C)c(Cl)s1)c1cc(F)ccc1F,0.6087
Cn1ncc(C(=O)NC2CNCCC2c2cc(F)cc(F)c2)c1C1CCNCC1,0.6154
Cn1cc(-c2cc(NC(=O)Cc3nc(N4CCOCC4)cc(=O)[nH]3)ccc2F)cn1,0.7231
NC1(C(=O)NCc2cc(F)cc(Cl)c2F)CCN(c2ncnc3[nH]ccc23)CC1,0.6875
NC1(C(=O)NC(c2ccc(F)c(Cl)c2)C2CCCCC2)CCN(c2ncnc3[nH]ccc23)CC1,0.7536
Cn1ncc(C(=O)NC2CNCCC2c2ccc(F)c(F)c2)c1-c1c(F)cccc1F,0.6812
O=C(NC1CNCCC1c1ccc(F)c(F)c1)c1ccc(F)c(Cl)c1,0.6613
O=C(Cc1nc(N2CCOCC2)cc(=O)[nH]1)Nc1ccc(F)c(C(=O)NCc2ccc(F)cc2F)c1,0.6912
O=C(Cc1cccnc1)NC(c1ccc(Cl)c(Cl)c1)C1CCNCC1,0.6094
Cn1c(CC(=O)N2CCc3c(F)cccc32)nc(N2CCCC2)cc1=O,0.8448
O=C(NC(c1ccc(Cl)c(Cl)c1)C1CCNC1)c1cnccn1,0.6774
Cn1ncc(C(=O)NC2CNCCC2c2ccc(F)c(F)c2)c1-c1cccs1,0.6438
NC1(c2ccc(-c3nn4c(-c5cn[nH]c5)cnc4cc3-c3ccccc3)cc2)CC1,0.9259
CCc1c(N)ncnc1N1CCC(c2nc(-c3ccc(F)c(C)c3)cn2CCNC(C)C)CC1,0.7945
Cn1nc(C(F)(F)F)nc1-c1ccc(C(=O)NC2CNCCC2c2cccc(F)c2)nc1,0.7042
O=C(Cc1nc(N2CCOC3CCCCC32)cc(=O)[nH]1)N1CCc2c1ccc(F)c2Cl,0.7681
O=C(NC1CC1c1ccccc1)c1ccc(-c2cn[nH]c2)o1,0.623
O=C(Nc1ccc(F)nc1)NC(c1ccc(Cl)c(Cl)c1)C1CCNCC1,0.6154
CCc1c(N)ncnc1N1CCC(c2nc(-c3ccc(F)c(F)c3)cn2CCN2CCC2)CC1,1
Cc1ccc(C(=O)NC(c2ccc(Cl)c(F)c2)C2CCNC2)cn1,0.6029
Cn1ncc(Cl)c1-c1cc(C(=O)NC2CNCCC2c2ccc(F)cc2)oc1Cl,0.873
NC1(C(=O)NC(=O)Cc2ccc(F)cc2)CCN(c2ncnc3[nH]ccc23)CC1,0.6667
Cn1nc(-c2ccc(C(=O)NC3CNCCC3c3ccc(F)cc3)c(Cl)c2)nc1C1CC1,0.6081
NC(=O)c1cccc2c(NC(COC3CN4CCC3CC4)c3ccc(F)cc3)ncnc12,0.6522
NC(Cc1ccc(Cl)cc1)C(=O)N1CCN(c2ncnc3cc(F)ccc23)CC1,1
Cc1c(F)cc(C(=O)NC(CN)Cc2ccc(F)c(F)c2)cc1-c1c(Cl)cnn1C,0.7164
N#Cc1cc(-c2cn(CCN3CCC3)c(C3CCN(c4ncnc(N)c4Br)CC3)n2)ccc1Cl,0.7778
Cn1ncc(Cl)c1-c1cc(C(=O)NC2CNCCC2c2cccc(F)c2)no1,0.7286
O=C(Cc1nc(N2CCOCC2)cc(=O)n1-c1ccc(Br)cc1)Nc1ccc(F)c(F)c1,0.6567
Cc1cc(-c2cn(CC3CNC3)c(C3CCN(c4ncnc(N)c4OC(C)C)CC3)n2)ccc1F,1
N#Cc1cc(Cl)cc(-c2cn(CCN3CCC3)c(C3CCN(c4ncnc(N)c4Br)CC3)n2)c1,0.6842
O=C(Cc1nc(N2CCOCC2)cc(=O)[nH]1)Nc1ccc(F)c(C(=O)c2cnc3cc(Cl)ccn23)c1,0.6438
O=C(NC(c1ccc(Cl)c(F)c1)C1CCNCC1)c1cc(F)c(F)cc1F,0.6129
O=C(NC(c1ccc(Cl)c(Cl)c1)C1CCNC1)c1ccnc2[nH]ncc12,0.6029
Nc1ncnc(N2CCC(c3nc(-c4ccc(C(F)(F)F)c(F)c4)cn3CCN3CCC3)CC2)c1F,0.8529
Nc1ncnc(N2CCC(c3nc(-c4ccc(C(F)(F)F)c(F)c4)cn3CCN3CCC3)CC2)c1Cl,0.8841
CC1SCc2ncnc(N3CCN(C(=O)c4ccc(Cl)c(F)c4)CC3)c21,0.6765
Cn1c(CC(=O)N2CCN(C(=O)C3CC(F)(F)C3)c3ccccc32)nc(N2CCOCC2)cc1=O,0.6667
CCOc1nc(C)c2nc(-c3ccc(C4(N)CCC4)cc3)c(-c3ccc(F)cc3)n2n1,0.625
CC1(O)CC(N)(c2ccc(-c3nc4n(c3-c3ccccc3)COc3ccccc3-4)cc2)C1,1
NC1(C(=O)NC(CC(=O)O)c2ccc(Cl)cc2)CCN(c2ncnc3[nH]c4c(c23)CCCC4)CC1,0.6027
O=C(NC(c1ccc(Cl)c(Cl)c1)C1CCNC1)c1cccc(C(F)(F)F)c1,0.6061
Cn1c(-c2nc(NC(=O)c3cc(-n4cnc(C5CC5)c4)c(N4CCC(F)C4)cn3)cs2)nc2ccccc21,0.6437
NC(Cc1ccc(Cl)c(Cl)c1)C(=O)N1CCN(c2ncnc3cccc(F)c23)CC1,0.7419
N#Cc1cc(-c2cn(CCN3CCCC3)c(C3CCN(c4ncnc(N)c4F)CC3)n2)co1,0.6533
NC(=O)c1ccc2c(c1)-c1nc(-c3ccc(C4(N)CC(F)(F)C4)cc3)c(-c3ccoc3)n1CO2,0.6712
CCCNC(=O)Cn1cc(-c2ccc(F)c(C(F)(F)F)c2)nc1C1CCN(c2ncnc(N)c2Cl)CC1,0.6951
O=C(Cc1nc(N2CCOCC2)cc(=O)[nH]1)NCCNC(=O)c1cccc(Cl)c1,0.6984
Cc1ncc(-c2cnc(C(=O)NC3CNCCC3c3cccc(F)c3)cc2F)n1C,0.6301
N#CCc1ccc(-c2cn(CCN3CCC3)c(C3CCN(c4ncnc(N)c4C(F)(F)F)CC3)n2)cc1,0.6447
O=C(Cc1nc(N2CCOCC2)cc(=O)n1-c1ccc(F)cc1F)Nc1ccc(F)c(F)c1F,0.6029
COc1ncc(-c2cc3c(C)nc(N)nc3n(C3CCCC3)c2=O)cc1N,0.6522
O=C(NC(c1ccc(Cl)c(F)c1)C1CC1)C1(F)CCN(c2ncnc3[nH]ccc23)CC1,0.662
O=C(Nc1csc(-c2nncn2C2CC2)n1)c1cc(-n2cnc(C3CC3)c2)c(N2CC(F)(F)C2)cn1,1
NC(=O)c1ccc(-c2cn(CC3CCNCC3)c(C3CCN(c4ncnc(N)c4F)CC3)n2)cc1F,0.6118
CCn1cc(-c2ccc(F)c(C(F)(F)F)c2)nc1C1CCN(c2ncnc(N)c2Cl)CC1,0.8116
Cc1cccc2ncnc(N3CCN(C(=O)C(N)Cc4ccc(Cl)cc4Cl)CC3)c12,0.7742
O=C(NC1CNCCC1c1ccc(F)c(F)c1)c1cnc(Cl)c(Cl)c1,0.6364
O=C(NC1CNCCC1c1ccc(F)c(F)c1)c1ccc(Br)cc1,0.6721
O=C(Cc1nc(N2CCOCC2)cc(=O)n1C1c2ccccc2-c2ccccc21)N1CCc2c(Cl)cccc21,0.7794
Cn1c(CC(=O)NC2CCOc3ccccc32)nc(N2CCOCC2)cc1=O,0.6
O=C(NC1CNCCC1c1ccc(F)cc1)c1cc(F)c(Br)cc1F,0.629
NC(COc1cncc(-c2ccc3c(c2)CC(=O)N3)c1)Cc1cc(F)cc(F)c1,0.6522
NC(=O)NC(=O)c1cc(Br)c(-c2ccnc3[nH]ccc23)s1,0.65
O=C(Cc1nc(N2CCOCC2)cc(=O)n1C1CCCCC1)N1CCc2c(-c3cccnc3)cccc21,0.68
CCc1c(N)ncnc1N1CCC(c2nc(-c3ccc(CO)c(F)c3)cn2CCN2CCCC2)CC1,0.8429
O=C(Cc1ccc(C(F)(F)F)cc1)N1CCN(c2ncnc3ccccc23)CC1,0.7193
Cc1nc(C(=O)NC2CNCCC2c2ccc(F)c(F)c2)n(C)n1,0.6061
Cc1c(C(=O)NC2CNCCC2c2ccc(F)cc2)noc1-c1c(Br)cnn1C,0.6
O=C(NC(c1ccc(Cl)c(Cl)c1)C1CCNC1)c1cncc(Cl)c1,0.6885
CC(C)c1c(N)ncnc1N1CCC(c2nc(-c3ccc(F)cc3)cn2CCN2CCCC2)CC1,0.7761
O=C(Cc1ccccc1F)NC(Cc1ccc(Cl)cc1)C(=O)N1CCN(c2ncnc3ccccc23)CC1,0.6324
Cc1ncccc1-c1c(C(=O)NC2CNCCC2c2cccc(F)c2)cnn1C,0.6267
NC(=O)c1ccnc2c(NC(CN3CCC3)c3cc(F)cc(Br)c3)ncnc12,0.7778
CNCC(Cc1ccc(Cl)cc1)C(=O)N1CCN(c2ncnc3ccccc23)CC1,0.7458
Cn1nc(-c2ccc(C(=O)NC3CNCCC3c3cccc(F)c3)nc2)o1,0.7463
CNC(=O)C(NC(=O)c1ccc(-c2ccnc3[nH]ccc23)s1)c1ccccc1,0.7
CN(C)CCn1cc(-c2ccc(F)c(C3CC3)c2)nc1C1CCN(c2ncnc(N)c2Cl)CC1,0.6883
O=C(NC(c1ccc(Cl)c(F)c1)C1CCNCC1)c1ccc(F)cn1,0.625
CNC(=O)Cn1cc(-c2ccc(C(F)(F)F)nc2)nc1C1CCN(c2ncnc(N)c2Br)CC1,0.6173
NC(=O)Cn1cc(-c2ccc(F)c(F)c2)nc1C1CCN(c2ncnc(N)c2Br)CC1,0.7391
O=C(NCc1ccc(F)c(F)c1)N1CCN(c2ncnc3ccccc23)CC1,0.6833
N#Cc1ccc(-c2cn(CCN3CCC3)c(C3CCN(c4ncnc(N)c4Cl)CC3)n2)cc1F,0.8
Cc1nn(C)nc1-c1ccc(C(=O)NC2CNCCC2c2cccc(F)c2)cc1,0.6571
Cc1cc(-c2cn(CC(N)=O)c(C3CCN(c4cc(N)ncn4)CC3)n2)ccc1F,0.625
NC(=O)c1ccnc2c(NC(CN3CCC3)c3cc(Br)cs3)ncnc12,0.6418
Cn1c(CC(=O)NC(=O)c2cc(F)c(F)cc2F)nc(N2CCOCC2)cc1=O,0.625
Cc1cc(-c2cn(CCN3CCCC3)c(C3CCN(c4ncnc(N)c4C(F)(F)F)CC3)n2)ccc1F,0.7917
CC(C)NCCn1cc(-c2ccc(C(F)(F)F)cc2)nc1C1CCN(c2cc(N)ncn2)CC1,0.6104
CC(C)N(C)CCn1cc(-c2ccc(F)c(C(F)F)c2)nc1C1CCN(c2cc(N)ncn2)CC1,0.6267
NCCCC(NC(=O)c1cc(Br)c(-c2ccnc3[nH]ccc23)s1)c1ccccc1,1
NC(Cc1ccc(Br)cc1)C(=O)N1CCN(c2ncnc3cccc(F)c23)CC1,0.7288
CCN(CC)C(=O)c1ccc(-n2c(-c3cccnc3N)nc3ccc(-c4ccccc4)nc32)cc1,0.6667
Cc1cc(F)ccc1NC(=O)Cc1nc(N2CCOCC2)cc(=O)n1-c1ccccc1,0.6324
CN(C)CCn1cc(-c2ccc(Cl)c(OC(F)F)c2)nc1C1CCN(c2ncnc(N)c2Br)CC1,0.679
O=C(Cc1nc(N2CCCC2)cc(=O)[nH]1)Nc1ccc(F)c(-c2cnco2)c1,0.6364
NC(=O)c1ccc(-c2cncc(OCC(N)Cc3c[nH]c4ccccc34)c2)cc1,0.6875
Cn1c(CC(=O)NCCCc2ccc(F)cc2)nc(N2CCOCC2)cc1=O,0.6029
CCn1cc(-c2ccnc(C3CC3)c2)nc1C1CCN(c2ncnc(N)c2C(N)=O)CC1,0.7971
NC1(C(=O)NCc2ccc(Cl)cc2Cl)CCN(c2ncnc3[nH]ccc23)CC1,0.7797
NCCCN=C(N)Nc1ccc(-c2cncc(OCC(N)Cc3c[nH]c4ccccc34)c2)cc1,0.6
Cc1cc(C(=O)NC(c2ccc(Cl)c(Cl)c2)C2CCNC2)ccc1Cl,0.6833
CC(=O)Nc1ccc(-c2ccnc3[nH]ccc23)s1,0.6071
CC(=O)Nc1ccc(-c2cncc(OCC(N)Cc3c[nH]c4ccccc34)c2)cc1,0.6575
CC(F)(F)c1ccc(CC(N)C(=O)N2CCN(c3ncnc4ccccc34)CC2)cc1,0.8571
Cn1[nH]c2ccc(-c3cncc(OCC(N)Cc4ccc(F)c(F)c4)c3)cc2c1=O,0.6143
NC(COc1cncc(-c2ccc3c(c2)CC(=O)N3)c1)Cc1c[nH]c2ccccc12,1
NC1(C(=O)NCc2ccc(F)c(F)c2F)CCN(c2ncnc3[nH]ccc23)CC1,0.7049
COc1cccc2c1CCN2C(=O)Cc1nc(N2CCOCC2)cc(=O)n1Cc1ccc(F)cc1,0.6364
O=C(N1CCN(c2ncnc3ccccc23)CC1)C1(c2ccc(Cl)cc2)CC1,0.6066
O=C(NC(c1ccc(Cl)c(Cl)c1)C1CCNC1)c1cc(Cl)cc(Cl)c1,0.661
O=C(Cc1nc(N2CCOCC2)cc(=O)[nH]1)NCC1(c2c(F)cccc2F)CCCC1,0.6418
Nc1cc(N2CCC(c3nc(-c4ccc(F)c(C(F)(F)F)c4)cn3CCNC(=O)CBr)CC2)ncn1,0.7143
CCc1c(N)ncnc1N1CCC(c2nc(-c3ccc(F)c(C)c3)cn2CCN2CCCC2)CC1,1
Cc1cc2nc(-c3ccc(C4(N)CCC4)cc3)c(-c3ccccc3)n2cc1F,0.6909
CC(NC(=O)C1(N)CCN(c2ncnc3[nH]ccc23)CC1)c1ccc(Br)cn1,0.7869
Cn1c(CC(=O)NCCN2CCc3ccccc32)nc(N2CCOCC2)cc1=O,0.6875
NC(=O)c1c(N)ncnc1N1CCC(c2nc(-c3ccc(F)c(C(F)(F)F)c3)cn2CC2CC2)CC1,0.8889
Cc1cc(-c2cn(CC3CN(C(C)C)C3)c(C3CCN(c4cc(N)ncn4)CC3)n2)ccc1F,0.622
Cc1[nH]n(C)c(=O)c1C(=O)NC1CNCCC1c1ccc(F)c(F)c1,0.6061
O=C(NC(c1ccc(Cl)c(F)c1)C1CCNCC1)c1ccnnc1F,0.6406
O=C(Nc1csc(-c2nncn2C2CC2)n1)c1cc(-n2cnc(C3CC3)c2)c(N2CCC3(CCCO3)CC2)cn1,0.7976
COc1ccc(C(NC(=O)c2ccc(Cl)c(Cl)c2)C2CCNCC2)cn1,0.6061
CC(=O)c1ccc(-c2ccc3nc(-c4ccc(C5(N)CCC5)cc4)c(-c4ccccc4)n3c2)cc1,0.8868
CC(NC(=O)c1cc(-c2c(Cl)cnn2C)c(Cl)s1)c1ccc(F)cc1,0.6119
Cn1ncc(Br)c1-c1nnc(C(=O)NC2CNCCC2c2ccc(F)cc2)o1,0.625
CC1SCc2ncnc(N3CCN(C(=O)c4c(F)ccc(Cl)c4F)CC3)c21,0.6143
CCc1c(N)ncnc1N1CCC(c2nc(-c3ccc(C#N)cc3)cn2CCN2CCC2)CC1,0.7794
NC(COc1cncc(-c2ccc3cnccc3c2)c1)Cc1ccc(O)cc1,0.6032
Cc1n[nH]c2ccc(-c3cncc(OCC(N)Cc4ccccc4)c3)cc12,0.8214
Cc1cc(C(=O)NC2(c3ccc(Cl)c(Cl)c3)CCNCC2)oc1C,0.6129
CNCC(Nc1ncnc2c(NC(=O)Nc3ccc(F)cc3)cccc12)c1cccc(F)c1,0.6562
CC(NC(=O)C1(N)CCN(c2ncnc3c2CCC3)CC1)c1ccc(F)cc1,0.6719
O=C(Cc1nc(N2CCOCC2)cc(=O)[nH]1)Nc1ccc(Cl)c(S(=O)(=O)N2CCOCC2)c1,0.6984
Cc1ccc2ncnc(N3CCN(C(=O)C(Cc4ccc(Cl)cc4)NC(=O)c4cccnc4)CC3)c2c1,0.6528
O=C(N1CCN(c2ncnc3[nH]cc(Cl)c23)CC1)C1(c2ccc(Cl)cc2)CCNCC1,1
O=C(NC(c1ccc(Cl)c(Cl)c1)C1CNC1)c1ccc(Cl)c(F)c1,0.6607
CC1SCc2ncnc(N3CCN(C(=O)C(CC(N)=O)c4cccc(Cl)c4)CC3)c21,0.6197
CNC(=O)c1cc(F)cc(NC(=O)Cc2nc(N3CCOCC3)cc(=O)n2C)c1,0.6418
NC1(C(=O)NC(=O)Cc2cc(Cl)cc(Cl)c2)CCN(c2ncnc3[nH]ccc23)CC1,0.6774
COc1cc(F)ccc1-c1cn(CCN2CCCC2)c(C2CCN(c3ncnc(N)c3Br)CC2)n1,0.7429
NC(=O)c1cnn2c(-c3ccccc3)c(-c3ccc(C4(N)CCC4)cc3)nc2c1,0.6842
O=C(Cc1nc(N2CCOCC2)cc(=O)n1-c1ccc(Cl)cc1)N1CCc2c(F)cccc21,0.7313
O=C(Cc1nc(N2CCOCC2)cc(=O)n1-c1ccccc1)N1CCc2cc(F)c(F)cc21,0.8033
CC(=O)NCC(Cc1ccc(Cl)cc1Cl)NC(=O)C1(N)CCN(c2ncnc3[nH]ccc23)CC1,0.7123
NC(=O)c1cccc2c(NC(CN3CCC(F)(F)CC3)c3ccc(F)cc3)ncnc12,0.8305
NC1(c2ccc(-c3nc4ncc(-c5ccccc5)cn4c3-c3ccccc3)cc2)CCC1,0.6
Cc1cc(-c2cncc(OCC(N)Cc3c[nH]c4ccccc34)c2)ncc1C(N)=O,0.6957
O=C(NC(c1ccc(Cl)c(F)c1)C1CCNC1)c1ccncc1F,0.6462
COc1cc(-c2cn(CCN3CCC3)c(C3CCN(c4ncnc(N)c4OC)CC3)n2)ccc1F,0.8333
O=C(Cc1nc(N2CCOCC2)cc(=O)n1-c1ccc(F)cc1F)Nc1ccc(F)c(C2CC2)c1,0.7391
CNC(=O)c1cccc(-c2ccc3c(N4CCOCC4C)nc(N4CCOCC4C)nc3n2)c1,0.7097
Nc1ncnc(N2CCC(c3nc(-c4cc(F)c(O)c(C(F)(F)F)c4)cn3CCN3CCC3)CC2)c1Cl,0.8082
O=C(NCc1ccc(F)cc1)C1(C(=O)NCC(F)(F)F)CCN(c2ncnc3[nH]ccc23)CC1,0.6061
Cc1nc(C(=O)NCc2ccc(F)cc2)c(Cl)cc1NC(=O)Cc1nc(N2CCOCC2)cc(=O)[nH]1,0.6351
NCC(Cc1ccsc1)NC(=O)c1cc(Br)c(-c2ccnc3[nH]ccc23)s1,0.7969
Cc1nc(N)nc2c1cc(-c1cnc(Cl)c(F)c1)c(=O)n2C1CCC(OCC(N)=O)CC1,0.8261
O=C(NC1CNCCC1c1ccc(F)c(F)c1)c1cnc(C(F)(F)F)nc1,0.6212
Cc1ccc(CC(N)COc2cncc(-c3cc4c(C(=O)NC5COC5)n[nH]c4cn3)c2)cc1F,0.6125
Cc1cc(F)cc2c(N3CCN(C(=O)C(N)Cc4ccc(Cl)cc4)CC3)ncnc12,0.7031
O=C(NC(c1ccc(Cl)c(Cl)c1)C1CNC1)c1ccc(Cl)cc1,0.6667
Cn1nc(-c2ccc(C(=O)NC3CNCCC3c3cccc(F)c3)s2)cc1F,0.7463
Cc1cc(-c2cn(CC3CN(C)C3)c(C3CCN(c4ncnc(N)c4C(F)(F)F)CC3)n2)ccc1F,0.7945
Cc1ccc2[nH]cc(CC(N)COc3cncc(-c4cc5c(C)n[nH]c5cn4)c3)c2c1,0.8254
Cn1c(CC(=O)NC2CCCc3c2ccc(F)c3F)nc(N2CCOCC2)cc1=O,0.6389
CCc1c(N)ncnc1N1CCC(c2nc(-c3cc(F)c(C)c(Cl)c3)cn2CCNC(C)C)CC1,0.6625
NC(COc1cncc(-c2ccc3nccnc3c2)c1)Cc1cccc(F)c1,0.6613
Nc1cc(N2CCC(c3nc(-c4ccc(F)cc4)cn3CCN3CCC3)CC2)ncn1,0.8065
Cn1c(CC(=O)N2CCc3c(F)cccc32)nc(N2CCOCC2)c1Cc1c(F)cccc1F,0.697
O=C(NC(c1ccc(Cl)c(F)c1)C1CCNCC1)c1cc(Cl)c(F)cc1Cl,0.6129
O=C(Nc1csc(-c2nncn2C2CCNCC2)n1)c1cc(-n2cnc(C3CC3)c2)c(C(F)(F)F)cn1,0.6988
NC(COc1cncc(-c2ccc3c(c2)CCC(=O)N3)c1)Cc1c[nH]c2ccccc12,0.8615
Cn1c(CC(=O)N2CCN(C(=O)c3ccc(F)cc3F)CC2)nc(N2CCOCC2)cc1=O,0.6
Cc1c(-c2cc(NC(=O)Cc3nc(N4CCOCC4)cc(=O)[nH]3)ccc2F)cnn1C,0.7231
NCc1cc(-c2cn(CCN3CCC3)c(C3CCN(c4ncnc(N)c4C(F)(F)F)CC3)n2)ccc1Cl,0.6709
NC(=O)c1c(N)ncnc1N1CCC(c2nc(-c3ccnc(C(F)(F)F)c3)cs2)CC1,0.6494
NC(=O)c1c(N)ncnc1N1CCC(c2nc(-c3ccc(F)c(Cl)c3)cn2CCN2CCCC2)CC1,1
Cc1ncnc2cc(-c3cncc(OCC(N)Cc4cccc(F)c4)c3)ccc12,0.6923
Cc1cc2c(-c3sc(C(=O)NC(CCC(N)=O)c4ccccc4)cc3Br)ccnc2[nH]1,0.6338
O=C(NC(c1ccc(Cl)c(Cl)c1)C1CCNCC1)c1cc(F)cc(F)c1,0.661
O=C(Cc1nc(N2CCCCC2)cc(=O)[nH]1)N1CCc2c(F)cccc21,0.8246
Cc1c[nH]c2ncnc(N3CCC(N)(C(=O)NC(C)c4ccc(F)c(F)c4)C3)c12,0.7164
O=C(NC1CNCCC1c1ccc(F)c(F)c1)c1cc(F)c(F)c(F)c1,0.623
Cc1noc(-c2c(C(=O)NC3CNCCC3c3ccc(F)c(F)c3)cnn2C)n1,0.6267
Cn1ncc2cc(-c3cncc(OCC(N)Cc4c[nH]c5ccccc45)c3)c(C(F)(F)F)nc21,0.6234
Cn1ncc(Cl)c1-c1oc(C(=O)NC(CN)Cc2ccc(F)c(F)c2)nc1C1CC1,0.6486
O=C(NC(c1ccccc1)C1CCNCC1)c1ccc(Cl)c(F)c1,0.6393
O=C(NC(CO)Cc1ccccc1)c1cc(Br)c(-c2ccnc3[nH]ccc23)s1,0.8667
CC(C)NCCn1cc(-c2ccc(F)c(C#N)c2)nc1C1CCN(c2ncnc(N)c2C(F)(F)F)CC1,0.7561
Cn1ncc(Cl)c1-c1cc(C(=O)NC2CNCCC2c2ccc(F)cc2)c(Cl)cc1F,0.75
NC(Cc1ccc(Cl)cc1)C(=O)N1CCN(c2ncnc3ccc(C(F)(F)F)cc23)CC1,0.7833
Cc1cc(-c2cn(CCN3CCC3)c(C3CCN(c4cc(N)ncn4)CC3)n2)cc(C#N)c1C,0.6216
CCn1cc(C2CCOCC2)nc1C1CCN(c2ncnc3c2C(C)CC(=O)N3)CC1,0.8088
CCC(NC(=O)Cc1nc(N2CCOCC2)cc(=O)[nH]1)c1ccc(F)c(F)c1,0.6719
NC(CCSc1ccc(F)cc1)C(=O)N1CCN(c2ncnc3ccccc23)CC1,0.6061
COc1ccc(-c2nc(C)c3nc(-c4ccc(C5(N)CCC5)cc4)c(-c4ccccc4)n3n2)cc1,0.6721
CCNC(=O)c1cc(NC(=O)Cc2nc(N3CCOCC3)cc(=O)n2C)ccc1Cl,0.6377
Cn1nccc1Cn1nc(Cl)cc(C(=O)NC2CNCCC2c2ccc(F)c(F)c2)c1=O,0.6234
Nc1cc(N2CCC(c3nc(-c4ccc(Cl)c(F)c4)cn3CCN3CCCC3)CC2)ncn1,0.8571
Cn1ncc(-c2nc(C(=O)NC3CNCCC3c3cccc(F)c3)c(Cl)cc2Cl)c1Cl,0.6267
O=C(Cc1nc(N2CCOCC2)cc(=O)[nH]1)Nc1cnn(Cc2ccc(F)cc2)c1,0.6719
O=C(NC(c1ccc(Cl)c(Cl)c1)C1CCNCC1)c1cccnc1,0.7241
CNC(=O)C(CC(C)C)NC(=O)c1cc(Br)c(-c2ccnc3[nH]ccc23)s1,0.6377
CC(C)(NC(=O)Cc1nc(N2CCOCC2)cc(=O)[nH]1)c1cccc(Cl)c1,0.6984
O=C(Cc1nc(N2CCOCC2)cc(=O)n1C1CCCCC1)Nc1ccc(F)c(Cl)c1,0.6027
Cn1c(CC(=O)NCc2c(F)cccc2F)nc(N2CCOCC2)cc1=O,0.6562
NC(Cc1ccc(Cl)c(F)c1)C(=O)N1CCN(c2ncnc3ccc(Cl)cc23)CC1,0.7143
Nc1ncnc(N2CCC(c3nc(-c4ccc(O)cc4F)cn3CCN3CCC3)CC2)c1Cl,0.7083
O=C(NC1CNCCC1c1cccc(F)c1)c1ccc(-c2cn3ccncc3n2)cn1,0.6486
Cc1c(Cl)c(-c2ccc(C(=O)NC3CNCCC3c3cccc(F)c3)cc2F)nn1C,0.6053
Cc1cnncc1C(=O)NC1CNCCC1c1ccc(F)c(F)c1,0.625
NC1(c2ccc(-c3nc4ccc([N+](=O)[O-])nn4c3-c3ccccc3)cc2)CCC1,0.7037
O=C(NC1CNCCC1c1ccc(F)c(F)c1)c1cnn(C2CCOCC2)c1,0.6324
CCOc1ccncc1C(=O)NC(c1ccc(Cl)c(Cl)c1)C1CCNC1,0.6232
Cn1c(=O)n(C)c2cc(-c3cncc(OCC(N)Cc4ccc(Cl)cc4)c3)ccc21,0.6
Cc1ccc(N2CCC(c3nc(-c4ccc(C)c(Cl)c4)cn3CCN3CCC3)CC2)nn1,0.6216
Cc1cc(-c2cn(CCN3CCC3)c(C3CCN(c4cc(N)ncn4)CC3)n2)cc(F)c1F,0.7463
Cc1ccn(-c2ccc(C(=O)NC3CNCCC3c3ccc(F)c(F)c3)c(F)c2)n1,0.6143
COc1ccc(C(NC(=O)c2ccc(Cl)c(Cl)c2)C2CCNCC2)cc1OC,0.6032
CCc1c(N)ncnc1N1CCC(c2nc(-c3ccc(F)c(C(F)(F)F)c3)cn2CCNCCOC)CC1,0.8049
O=C(Cc1nc(N2CCOCC2)cc(=O)[nH]1)Nc1ccc(S(=O)(=O)Nc2cc(F)ccc2F)cc1,0.6866
O=C(NC1CNCCC1c1ccc(F)c(F)c1)c1cc(F)c(F)cc1Cl,0.6613
NC(=O)CC(NC(=O)C1(N)CCN(c2ncnc3[nH]ncc23)CC1)c1cc(F)cc(F)c1,0.6197
Cc1cc(C(=O)NC(c2ccc(Cl)c(F)c2)C2CCNC2)ccc1Cl,0.6154
Cn1ncc(Cl)c1-c1cc(C(=O)NC2(c3ccc(F)cc3)CC2)oc1Cl,0.7258
Cn1cc(C(=O)NC(c2cccc(Cl)c2)C2CCNCC2)cn1,0.6349
Cc1ccc2ncnc(N3CCN(C(=O)C(N)Cc4ccc(Cl)cc4)CC3)c2c1,1
NC1(C(=O)NC(=O)c2ccc(F)cc2F)CCN(c2ncnc3[nH]ccc23)CC1,0.6212
Cc1occc1C(=O)NC1CNCCC1c1ccc(F)c(F)c1,0.6
N#Cc1ccc(-c2cn(CCN3CCCC3)c(C3CCN(c4ncnc(N)c4Cl)CC3)n2)c(F)c1,0.7027
Cc1ccc(C(=O)NC2CNCCC2c2ccc(F)c(F)c2)c(C)n1,0.6154
Cn1c(CC(=O)N2CCc3cc(F)c(F)cc32)nc(N2CCOCC2)c(F)c1=O,0.7213
CC(NC(=O)Cc1nc(N2CCOCC2)cc(=O)n1C)c1ccccc1F,0.6029
CS(=O)(=O)c1ccc2nc(-c3ccc(C4(N)CCC4)cc3)c(-c3ccccc3)n2n1,0.7037
O=C(NC(c1ccc(F)c(Cl)c1)C1CCNCC1)c1ccc(F)c(Cl)c1,0.6441
NC(COc1cncc(-c2ccc3cnccc3c2)c1)Cc1c[nH]c2ccccc12,1
CCc1c(N)ncnc1N1CCC(c2nc(-c3ccc(OC)cc3)cn2CCN2CCCC2)CC1,0.8182
COc1cc(-c2cn(CCN3CCC3)c(C3CCN(c4ncnc(N)c4C(F)(F)F)CC3)n2)ccc1Cl,0.6829
Cn1cnc(-c2cc(C(=O)NC3CNCCC3c3ccc(F)c(F)c3)ccc2F)c1,0.6377
Cn1nc(C(=O)NC2CNCCC2c2ccc(F)c(F)c2)cc1Cl,0.6269
O=C(NC(c1ccc(Cl)c(Cl)c1)C1CNC1)c1ccc(F)nc1,0.6441
Cc1cc2ncnc(N3CCN(C(=O)C4(c5ccc(Cl)c(Cl)c5)CCNCC4)CC3)c2s1,0.6471
NC1(c2ccc(-c3nc4ccc(C5CC5)cn4c3-c3ccccc3)cc2)CCC1,0.717
NC(=O)c1nc2ccc(-c3cnc(Cl)c(NS(=O)(=O)c4ccccc4)c3)cc2s1,0.7258
O=C(NC(c1ccc(Cl)c(Cl)c1)C1CCNCC1)c1ccccn1,0.6066
NC1(c2ccc(-c3nc4ccc(O)c(Br)n4c3-c3ccccc3)cc2)CCC1,0.6481
Cn1cc(-c2cc(F)c3c(c2)CCN3C(=O)Cc2nc(N3CCOCC3)cc(=O)[nH]2)cn1,0.6286
Cc1cc(F)cc2c(N3CCN(C(=O)C4(c5ccc(Cl)c(Cl)c5)CCNCC4)CC3)ncnc12,0.6197
CC(C)(C)NCCNc1ccc(-c2cnc(F)c(F)c2)nc1C1CCN(c2ncnc3c2C(C)(C)C(=O)N3)CC1,0.825
NC1(C(=O)NCc2ccccc2Cl)CCN(c2ncnc3[nH]ccc23)CC1,0.7458
Fc1ccc(-c2cn(CC3CNC3)c(C3CCN(c4ncccc4C(F)(F)F)CC3)n2)cc1F,0.6494
NC(=O)c1ncnc(N2CCC(c3nc(-c4ccc(F)c(Cl)c4)cn3CCN3CCCC3)CC2)c1Cl,0.7973
CCc1c(N)ncnc1N1CCC(c2nc(-c3ccc(C#N)cc3F)cn2CCN2CCC2)CC1,0.7105
Cc1cc(F)ccc1NC(=O)Cc1nc(N2CCOCC2)cc(=O)n1-c1ccc(F)cc1,0.6515
O=C(NC(c1cscn1)C1CCNCC1)c1ccc2cnccc2c1,0.6406
CCNC(=O)Nc1cn2cc(-c3cnc(Cl)c(NS(=O)(=O)c4ccc(F)cc4)c3)ccc2n1,0.6133
O=C(NC(c1cccc(Cl)c1)C1CCNC1)c1ccc2cnccc2c1,0.8947
NC(=O)Nc1ccc2nc(-c3ccc(C4(N)CCC4)cc3)c(-c3ccccc3)n2c1,0.8393
Cn1nc(-c2ccc(C(=O)NC3CNCCC3c3cccc(F)c3)cc2)cc1F,0.6912
Cc1ccc(-c2cn(CCN3CCCC3)c(C3CCN(c4cc(N)ncn4)CC3)n2)cc1F,0.8571
COc1nn(C)c(C)c1-c1cc(C(=O)NC2CNCCC2c2ccccc2)oc1Cl,0.6575
CC1SCc2ncnc(N3CCN(C(=O)C(N)Cc4ccc(Br)cc4)CC3)c21,0.8333
Cc1cc(-c2cn(CCNC3CCCC3)c(C3CCN(c4cc(N)ncn4)CC3)n2)ccc1F,0.7179
Nc1ncnc(N2CCC(c3nc(-c4cccc(F)c4Cl)cn3CCN3CCC3)CC2)c1Br,0.7027
Cn1cc(-c2cc(NC(=O)Cc3nc(N4CCOCC4)cc(=O)[nH]3)cc(Cl)c2N)cn1,0.6522
Cn1ncc(NC(=O)Cc2nc(N3CCOCC3)cc(=O)[nH]2)c1C1CC1,0.6029
Cn1nc(-c2ccc(C(=O)NC3CNCCC3c3cccc(F)c3)s2)cc1C(F)(F)F,0.7042
CNCCn1cc(-c2ccnc(C(F)(F)F)c2)nc1C1CCN(c2ncnc(N)c2C(N)=O)CC1,0.8026
O=C(NCc1ccc(Cl)cc1)c1cc(Br)c(-c2ccnc3[nH]ccc23)s1,0.6212
C[S+]([O-])c1ccc2nc(-c3ccc(C4(N)CCC4)cc3)c(-c3ccccc3)n2n1,0.7037
Cc1c(-c2cnc(C(=O)NC3CNCCC3c3cccc(F)c3)cc2Cl)cnn1C,0.6486
O=C(Cc1nc(N2CCOCC2)cc(=O)n1-c1ccc(Br)cc1)Nc1ccc(F)cc1F,0.6029
O=C(NC1CNCCC1c1ccc(F)cc1)c1cc2c(s1)CCCn1nccc1-2,0.8358
Cn1cc(C(NC(=O)Cc2nc(N3CCOCC3)cc(=O)[nH]2)c2ccc(F)cn2)cn1,0.625
CC1SCc2ncnc(N3CCN(C(=O)c4ccc(Cl)cc4)CC3)c21,0.6721
CC(C)NCC(Cc1ccc(Cl)c(F)c1)C(=O)N1CCN(c2ncnc3ccccc23)CC1,0.6753
Cn1nccc1C(NC(=O)C1(CN)CCN(c2ncnc3[nH]ccc23)CC1)c1ccc(F)cc1,0.6133
Cc1[nH]nc2cnc(-c3cncc(OCC(N)Cc4ccc(C(C)(C)C)cc4)c3)cc12,0.6567
Cc1cc(-c2cn(CC(N)=O)c(C3CCN(c4ncnc(N)c4Br)CC3)n2)ccc1F,0.75
CC(=O)Nc1nc2ccc(-c3cnc(Cl)c(NS(=O)(=O)c4cc(F)cc(F)c4)c3)cc2s1,0.871
NC(Cc1ccc(Cl)cc1)C(=O)NCC(c1ccc(Cl)cc1)N1CCN(c2ncnc3ccccc23)CC1,0.6615
CNC(=O)C(NC(=O)C1(N)CCN(c2ncnc3[nH]ccc23)CC1)c1ccc(Cl)cc1,0.8197
CC(C)NC(=O)Nc1cccc(-c2cncc(OCC(N)Cc3c[nH]c4ccccc34)c2)c1,0.6
O=C(Cc1nc(N2CCOCC2)cc(=O)[nH]1)NC1CC2(CCOCC2)c2cc(F)ccc21,0.6
CN1CCN(c2[nH]nc3ccc(-c4cncc(OCC(N)Cc5cccc(F)c5)c4)cc23)CC1,0.6528
COc1ccc(-c2cn(CCN3CCC3)c(C3CCN(c4ncnc(N)c4Br)CC3)n2)cc1F,0.8
CN(C)CCNC(=O)c1ccnn2c(-c3ccccc3)c(-c3ccc(C4(N)CCC4)cc3)nc12,0.7538
O=C(NC(C(=O)N1CCOCC1)C1CCCCC1)c1cc(Br)c(-c2ccnc3[nH]ccc23)s1,0.6184
O=C(NC(c1ccc(F)c(F)c1)C1CCNCC1)c1ccc(Cl)nc1,0.6
O=C(NC(c1cccc(Cl)c1)C1CCNCC1)c1ccncc1F,0.6774
NC(=O)c1ccc(-c2cn(CCN3CCC3)c(C3CCN(c4cc(N)ncn4)CC3)n2)cc1F,0.7794
Cn1c(CC(=O)N2CCc3c2ccc(F)c3Br)nc(N2CCOCC2)cc1=O,0.8361
Cc1cnc(C(N)=O)cc1-c1cncc(OCC(N)Cc2c[nH]c3ccccc23)c1,0.6111
Cn1ncc(Cl)c1-c1c(F)cc(C(=O)NC2CNCCC2c2ccccc2)n1C,0.6571
NC(=O)c1c(N)ncnc1N1CCC(c2nc(-c3ccnc(C(F)F)c3)cn2CCO)CC1,0.7273
Cc1cc(C(N)=O)cn2c(-c3ccccc3)c(-c3ccc(C4(N)CCC4)cc3)nc12,1
CCOC(=O)Cc1nc(N2CCOCC2)cc(=O)n1-c1ccccc1,0.619
NC(Cc1cccc(F)c1)C(=O)N1CCN(c2ncnc3ccc(F)cc23)CC1,0.6774
O=C(Cc1nc(N2CCOCC2)cc(=O)n1-c1ccccc1F)Nc1ccc(F)cc1F,0.6212
Nc1ncnc(N2CCC(c3nc(-c4cc(F)cc(F)c4)cn3CCN3CCC3)CC2)c1Br,0.8154
Cn1cc(-c2ncc(C(=O)NC3CNCCC3c3cccc(F)c3)s2)cc1Br,0.6104
COc1ccc(-c2cn(CCN3CCC3)c(C3CCN(c4cc(N)ncn4)CC3)n2)cc1Cl,0.7143
CN(C)CCn1cc(-c2ccc(F)c(C(F)(F)F)c2)nc1C1CCN(c2ncnc(N)c2Br)CC1,1
CC1Cc2ccccc2N1C(=O)Cc1nc(N2CCOCC2)cc(=O)n1-c1ccc(F)cc1,0.7424
CC1(C)CC(NC(=O)Cc2nc(N3CCOCC3)cc(=O)[nH]2)c2ccc(Cl)cc2O1,0.6143
NC(COc1cncc(-c2cncc(C=O)c2)c1)Cc1cccc(F)c1F,0.6094
Cc1cn2c(-c3ccccc3)c(-c3ccc(C4(N)CCC4)cc3)nc2nn1,0.6981
O=C(Nc1ccc(F)cc1)NC(Cc1ccc(Cl)cc1)C(=O)N1CCN(c2ncnc3cc(Cl)ccc23)CC1,0.6667
N#Cc1ccc(-c2cn(CCN3CCC3)c(C3CCN(c4ncnc(N)c4Cl)CC3)n2)c(F)c1,0.68
Cn1c(CC(=O)N2c3ccccc3C=Cc3ccccc32)nc(N2CCOCC2)c(F)c1=O,0.6087
CC1COCCN1c1nc(N2CCOCC2C)c2ccc(-c3ccc(F)nc3)nc2n1,0.65
Nc1ncnc(N2CCC(O)(c3nc(-c4ccc(F)cc4)cn3CCN3CCC3)CC2)c1Cl,0.7971
NC1(c2ccc(-c3nc4n(c3-c3ccccc3)COc3cc(F)ccc3-4)cc2)CC1,0.8
CC(NC(=O)C(Cc1ccsc1)NC(=O)C1(N)CCN(c2ncnc3[nH]ccc23)CC1)c1ccc(F)cc1,0.7222
CC(C)CNC(=O)c1cccn2c(-c3ccc(F)cc3)c(-c3ccc(C4(N)CCC4)cc3)nc12,0.6232
O=C(Cc1nc(N2CCOCC2)cc(=O)n1-c1ccccc1)N1CCc2ccc(C(F)F)cc21,0.7937
Cc1c(N)ncnc1N1CCC(c2nc(-c3cc(C#N)n(C)c3)cn2CCN2CCC2)CC1,0.6494
N#Cc1cnn2cc(-c3ccc(C4(N)CCC4)cc3)c(-c3ccccc3)nc12,0.7167
O=C(Cc1nc(N2CCOCC2)cc(=O)n1-c1ccc(Cl)cc1)Nc1ccc(F)cc1F,0.6029
O=C(Cc1nc(N2CCOCC2)cc(=O)n1C1CC1)Nc1ccc(F)c(F)c1,0.6567
O=C(NC1CCCCC1)NC1CCN(c2ncnc3[nH]cc(Cl)c23)C1,0.6346
Cn1cc(-c2cc(F)cc(F)c2)nc1C1CCN(c2ncnc(N)c2Br)CC1,0.7143
NC1(C(=O)NCc2ccc(Cl)c(Cl)c2)CCN(c2ncnc3[nH]ccc23)CC1,0.807
NC(Cc1cc(F)c(F)cc1F)C(=O)N1CCN(c2ncnc3ccc(Br)cc23)CC1,0.6094
O=C(NC(c1ccc(Cl)c(F)c1)C1CCNCC1)c1cc(Cl)nc(Cl)c1,0.7
CCc1cc2c(nc(-c3nonc3N)n2CC)c(C#CC(C)(C)O)n1,0.8727
Cn1nc(-c2ccc(C(=O)NC3CNCCC3c3cccc(F)c3)cc2Cl)cc1F,0.6438
O=C(Cc1nc(N2CCOCC2)cc(=O)[nH]1)NCCOc1ccccc1Br,0.6429
O=C(Cc1nc(N2CCOCC2)cc(=O)n1-c1ccc(F)c(F)c1F)Nc1ccc(Br)cc1,0.6232
O=C(Nc1cccnc1)NC(c1cccc(Cl)c1)C1CCNCC1,0.6094
NC(Cc1cc(F)cc(F)c1)C(=O)N1CCN(c2ncnc3ccc(Cl)cc23)CC1,0.7213
NC(=O)c1c(N)ncnc1N1CCC(c2nc(-c3cc(F)c(Cl)cc3F)cn2CCN2CCC2)CC1,0.7973
NC1(CNC(=O)c2ccc(F)cc2)CCN(c2ncnc3[nH]ccc23)C1,0.7031
NC1(CNC(=O)c2ccc(F)cc2F)CCN(c2ncnc3[nH]cc(Cl)c23)C1,1
COc1ccc(-c2cn(CCN3CCC3)c(C3CCN(c4cc(N)ncn4)CC3)n2)c(F)c1OC,0.6351
NC(COc1cncc(-c2cnc3c(c2)CC(=O)N3)c1)Cc1cc(F)ccc1Cl,0.6571
Cc1n[nH]c2ccc(-c3nnc(NCC(N)Cc4cc(F)ccc4F)s3)cc12,0.7742
Cc1cc(F)ccc1CC(N)COc1cncc(-c2ccc3c(c2)C(C)(C)C(=O)N3)c1,0.6471
O=C(NC(c1ccc(Cl)c(F)c1)C1CCNCC1)c1ccncc1,0.7586
CCCc1c(N)ncnc1N1CCC(c2nc(-c3ccc(F)c(C(F)(F)F)c3)cn2CC)CC1,0.7857
O=C(Cc1nc(N2CCOCC2)cc(=O)[nH]1)NCc1cc(F)cc(F)c1,0.7455
CN1CCC(NC(=O)c2cc(Br)c(-c3c(Cl)cnn3C)o2)CC1,0.6029
O=C(NC1CNCCC1c1cccc(F)c1)c1ccc(-c2ccc(F)c(F)n2)s1,0.6667
O=C(Cc1nc(N2CCOCC2)cc(=O)n1-c1ccc(F)c(Cl)c1)N1CCc2c(F)cccc21,0.7101
COc1ccc(CCNC(=O)Cc2ccc(NC(=O)Cc3nc(N4CCOCC4)cc(=O)[nH]3)cc2F)cc1,0.6438
Cc1nc(N)nc2c1cc(-c1cnn(C)c1)c(=O)n2C1CCC(OCO)CC1,0.75
CN(C)c1ccc(-c2cn(CCN3CCCC3)c(C3CCN(c4ncnc(N)c4Br)CC3)n2)cc1F,0.8261
Cc1csc2c(N3CCN(C(=O)C(CNC(C)C)c4ccc(Cl)cc4)CC3)ncnc12,0.6056
O=C(Cc1nc(N2CCOCC2)cc(=O)n1-c1ccc(F)cc1Br)Nc1ccc(F)cc1F,0.6119
CCc1c(N)ncnc1N1CCC(c2nc(-c3ccc(F)c(C)c3)cn2CC2CNC2)CC1,1
O=C(Nc1cccnc1)c1cccc(-c2nnc3n2-c2cccnc2Nc2ccccc2-3)c1,0.7031
Cn1ncc(C(=O)NC2CNCCC2c2ccc(F)c(F)c2)c1-c1nccs1,0.6351
NC(CNC(=O)c1ccc(Br)c(Br)c1)C(=O)N1CCN(c2ncnc3ccccc23)CC1,0.6061
NC(=O)c1c(N)ncnc1N1CCC(c2nc(-c3ccc(F)c(Cl)c3)cn2CCNCCO)CC1,0.7792
Nc1cc(N2CCC(c3nc(-c4cccc(C(F)(F)F)c4)cn3CCN3CCCC3)CC2)ncn1,0.7353
O=C(Cc1nc(N2CCOCC2)cc(=O)n1-c1cc(Cl)cc(Cl)c1)Nc1ccc(F)cc1F,0.6119
Cc1nc(-c2ccc(C(=O)NC3CNCCC3c3cccc(F)c3)s2)nn1C,0.7183
CSc1ccc(-c2cn(CCN3CCCC3)c(C3CCN(c4ncnc(N)c4F)CC3)n2)cc1,0.7324
NC(=O)CCC(N)C(=O)N1CCN(c2ncnc3ccc(Cl)cc23)CC1,0.6452
Cn1c(CC(=O)NCc2cc(Br)c(Br)s2)nc(N2CCOCC2)cc1=O,0.6308
Cn1nc(C(F)(F)F)cc1-c1cc(C(=O)NC2CNCCC2c2ccccc2)oc1Cl,0.6901
NC(=O)c1c(N)ncnc1N1CCC(c2nc(-c3ccc(C(F)F)c(F)c3)cn2CCN2CCC2)CC1,0.7895
O=C(NC(c1ccc(Cl)nc1)C1CCNCC1)c1ccc(Cl)c(Cl)c1,0.6557
CC(n1cnnc1-c1nc(NC(=O)c2cc(-n3cnc(C4CC4)c3)c(N3CCCOCC3)cn2)cs1)C(F)(F)F,1
CC(n1cnnc1-c1nc(NC(=O)c2cc(-n3cnc(C4CC4)c3)c(N3CC4CC4C3)cn2)cs1)C(F)(F)F,1
Cn1nc(NC(=O)Cc2nc(N3CCOCC3)cc(=O)n2C)cc1N,0.6154
Nc1cc(N2CCC(c3nc(-c4cc(F)c(F)cc4F)cn3CCN3CCC3)CC2)ncn1,0.75
Cc1cc2ncnc(N3CCN(C(=O)C4(c5ccc(Cl)cc5)CCNCC4)CC3)c2s1,0.6212
Cc1c[nH]c2ncnc(N3CCC(N)(C(=O)NCc4cccc(Cl)c4)CC3)c12,0.6143
NC(=O)c1c(F)cc(N)nc1N1CCC(c2nc(-c3ccc(F)c(Cl)c3)cn2CCN2CCCC2)CC1,0.7838
CC1SCc2ncnc(N3CCN(C(=O)CC(N)Cc4ccc(F)c(F)c4)CC3)c21,0.7879
NC(COc1cncc(-c2ccc3c(c2)CC(=O)N3)c1)Cc1cc(F)c(F)cc1F,0.6912
Cn1c(CC(=O)Nc2ccc(F)c(F)c2)nc(N2CCOCC2)cc1=O,0.8421
CN1CCC(n2cnnc2-c2nc(NC(=O)c3cc(-n4cnc(C5CC5)c4)c(F)cn3)cs2)CC1,0.7375
CC1(C)Cc2c(cnn2-c2ccc(F)cc2F)C(NC(=O)Cc2nc(N3CCOCC3)cc(=O)[nH]2)C1,0.6
NC(Cc1ccc(Cl)cc1)C(=O)N1CCN(c2ncnc3ccccc23)CC1(F)F,0.7213
Cc1n[nH]c2ccc(-c3cncc(OCC(N)Cc4c(F)ccc(F)c4F)c3)cc12,0.8596
O=C(NCc1ccc(F)cc1)c1cc(Br)c(-c2ccnc3[nH]ccc23)s1,0.7188
O=C(Cc1nc(N2CCOCC2)cc(=O)[nH]1)Nc1ccc(F)c(S(=O)(=O)N2CCCCC2)c1,0.746
Cn1cc(N2CCCC2)nc1CC(=O)N1CCc2c(F)cccc21,0.625
Cn1c(CC(=O)N2CCN(c3ccccc3F)CC2)nc(N2CCOCC2)cc1=O,0.6875
CC(C)NCCn1cc(-c2ccc(C#N)cc2F)nc1C1CCN(c2ncnc(N)c2Br)CC1,0.6353
NC1(C(=O)NC(=O)Cc2ccc(Br)cc2)CCN(c2ncnc3[nH]ccc23)CC1,0.6667
NC(COc1cnc(Cl)c(C=Cc2ccncc2)c1)Cc1ccc(F)cc1,0.6154
Cn1ccc(-c2ccc(C(=O)NC3CNCCC3c3cccc(F)c3)c(Cl)c2)n1,0.625
NC1(C(=O)NC(CC(F)(F)F)c2ccccc2)CCN(c2ncnc3[nH]cc(Cl)c23)CC1,0.6857
O=C(Cc1nc(N2CCOCC2)cc(=O)[nH]1)Nc1ccc2c(cnn2C2CCCC2)c1,0.6418
N#Cc1c(N)ncnc1N1CCC(c2nc(-c3ccnc(C(F)(F)F)c3)cn2CCC(N)=O)CC1,0.7895
Cc1ncncc1C(=O)NC(c1ccc(Cl)c(F)c1)C1CCNCC1,0.6119
NC1(c2ccc(-c3nc4ccc(Cl)cn4c3-c3ccccc3)cc2)CCC1,1
NC1(C(=O)NC(Cc2ccc(F)cc2)c2ccc(F)c(F)c2)CCN(c2ncnc3[nH]ccc23)CC1,0.7183
Cc1cc2ncnc(N3CCN(C(=O)C(N)Cc4cccc(F)c4)CC3)c2cc1C,0.6364
COc1c(F)c(CC(=O)N2c3ccc(F)cc3CC2C)nc(N2CCOCC2)c1F,0.6714
NC1(C(=O)NCc2cccc(F)c2)CCN(c2ncnc3[nH]ccc23)CC1,0.7213
CC(=O)C(Cc1ccc(F)cc1)NC(=O)C1(N)CCN(c2ncnc3[nH]ccc23)CC1,0.7188
O=C(Cc1nc(N2CCOCC2)cc(=O)[nH]1)NC(c1cccc(F)n1)c1ccc(F)cc1F,0.6286
N#Cc1cccc(-c2cn(CCN3CCC3)c(C3CCN(c4ncnc(N)c4F)CC3)n2)c1,0.7297
CCC(NC(=O)C1(N)CCN(c2ncnc3[nH]ccc23)CC1)c1ccc(F)cc1,0.8361
Cn1c(CC(=O)NC(=O)c2ccc(F)c(F)c2F)nc(N2CCOCC2)cc1=O,0.6364
N#Cc1c(N)ncnc1N1CCC(c2nc(-c3ccc(F)c(Cl)c3)cn2CC2CCC(C(F)(F)F)CC2)CC1,0.7215
Cc1cc(-c2cn(CC3CN(C)C3)c(C3CCN(c4ncnc(N)c4C)CC3)n2)ccc1F,0.8406
O=C(NCCc1nc(N2CCCC2)cc(=O)[nH]1)Nc1ccc(F)c(F)c1F,0.6094
O=C(NCCc1ccc(Cl)cc1)N1CCN(c2ncnc3ccccc23)CC1,0.6333
Cn1c(CC(=O)N2CCc3cc(F)c(F)cc32)nc(N2CCOCC2)cc1=O,1
O=C(Cc1nc(N2CCOCC2)cc(=O)n1-c1ccc(F)cc1)Nc1ccc(F)c(C2CCC(F)(F)CC2)c1,0.6757
CCOc1cc2c(nc(-c3nonc3N)n2CC)c(C#CC(C)(C)O)n1,0.8644
CNC(=O)c1cc(C)c2nc(-c3ccc(C4(N)CCC4)cc3)c(-c3ccccc3)n2c1,0.8136
CNC(=O)c1c(N)ncnc1N1CCC(c2nc(-c3ccc(F)c(F)c3)cn2CCN2CCC2)CC1,0.7532
NC(=O)c1cccc2c(NC(CN3CCC3C(N)=O)c3ccc(F)c(Cl)c3)ncnc12,0.6761
N#CCC(Cc1cc(F)cc(F)c1)NC(=O)c1cc(Br)c(-c2ccnc3[nH]ccc23)s1,0.7143
Cn1ncc(C(=O)NC2CNCCC2c2ccc(F)cc2)c1-c1ccccc1F,0.6087
O=C(NC(c1cccc(Cl)c1)C1CCNCC1)c1ccc(Cl)nc1,0.6833
CCn1c(-c2nonc2N)nc2c(C#CC(C)(C)O)nccc21,0.7
Cc1nn(C)c2cnc(-c3cncc(OCC(N)Cc4cc(F)ccc4F)c3)cc12,0.6056
NC1CCC(NC(=O)c2cc(Br)c(-c3ccnc4[nH]ccc34)s2)CC1,0.6087
Cc1n[nH]c2ccc(-c3cncc(OCC(N)Cc4ccc(F)c(Cl)c4)c3)cc12,1
Cn1ncc(Br)c1-c1cc(C(=O)NC(CN)Cc2cc(F)cc(F)c2)sc1F,0.6
O=C(NC(c1ccc(F)cc1)C1CCNCC1)c1ccc(Cl)c(F)c1,0.6667
CC1SCc2ncnc(N3CCN(C(=O)C(N)Cc4ccc(F)cc4)CC3)c21,0.8333
NC1(c2ccc(-c3nc4n(c3-c3ccccc3)COc3ccc(C(F)(F)F)nc3-4)cc2)CC1,0.6557
O=C(Cc1nc(N2CCOCC2)cc(=O)n1-c1ccccc1)N1CCc2c(Br)cccc21,0.7742
NC(=O)c1c(N)ncnc1N1CCC(c2nc(-c3ccc(OC(F)F)c(Cl)c3)cn2CC(F)F)CC1,0.6988
Cn1cc(-c2ccc(C(=O)NC3CNCCC3c3cc(F)cc(F)c3)cn2)cn1,0.6056
NCC(Cc1cccc(F)c1)NC(=O)c1cc(Br)c(-c2ccnc3[nH]ccc23)s1,1
Cn1nc(-c2ccc(C(=O)NC3CNCCC3c3cccc(F)c3)c(F)c2)cc1Cl,0.6111
O=C(NC(c1cccnc1)C1CCNCC1)c1cc(Cl)cc(Cl)c1,0.623
Cc1cc2nc(-c3ccc(C4(N)CCC4)cc3)c(-c3ccccc3)n2cc1C(N)=O,0.7241
N=c1[nH]cc(Br)c2cc(-c3cncc(OCC(N)Cc4cccc(Cl)c4)c3)ccc12,0.6286
CCc1c(N)ncnc1N1CCC(c2nc(-c3ccc(S(C)(=O)=O)cc3)cn2CC2CNC2)CC1,0.72
NC(Cc1ccc(Cl)cc1Cl)C(=O)N1CCN(c2ncnc3cc(Cl)ccc23)CC1,0.6774
N#Cc1c(N)ncnc1N1CCC(c2nc(-c3cncc(F)c3)cn2CCN2CCCC2)CC1,0.8028
CN=c1ncc(-c2cncc(OCC(N)Cc3ccc(F)cc3F)c2)c[nH]1,0.6119
O=C(N1CCN(c2ncnc3[nH]cc(Cl)c23)CC1)C1(c2ccc(F)c(F)c2)CC1,0.7302
Cn1nccc1-c1cc(F)c(C(=O)NC2CNCCC2c2ccc(F)c(F)c2)cc1Cl,0.8571
Cc1n[nH]c2cnc(-c3cncc(OCC(N)Cc4ccccc4Br)c3)cc12,0.7869
NC(=O)c1cnc(N2CCC(c3nc(-c4ccc(F)c(Cl)c4)cn3CCN3CCCC3)CC2)nc1C1CC1,0.6667
CC1(C)C(=O)Nc2ccc(-c3cncc(OCC(N)Cc4ccc(F)c(Cl)c4)c3)cc21,0.6479
Cn1c(CC(=O)N2Cc3ccc(F)cc3C2=O)nc(N2CCOCC2)cc1=O,0.6232
O=C(c1ccc(C(F)(F)F)cn1)N1CCN(c2ncnc3ccccc23)CC1,0.6066
Cc1ccc(C(=O)NC(c2ccc(Cl)c(Cl)c2)C2CCNC2)c(C)n1,0.6154
Cc1ccc2c(N3CCN(C(=O)C(N)Cc4ccc(F)cc4)CC3)ncnc2c1,0.7667
NC1(C(=O)NCc2ccccc2)CCN(c2ncnc3[nH]ccc23)CC1,0.8333
O=C(Cc1nc(N2CCOCC2)cc(=O)n1-c1ccc(F)c(Cl)c1)N1CCc2c(Cl)cccc21,0.7101
Cn1c(CC(=O)Nc2cc(F)c(Br)cc2F)nc(N2CCOCC2)cc1=O,0.7541
CC1CCc2ncnc(N3CCC(N)(C(=O)NC(CCO)c4ccc(Cl)cc4)CC3)c21,0.662
CNCC(Nc1ncnc2c(C(N)=O)ccnc12)c1ccc(F)c(C(F)(F)F)c1,1
O=CC(Cc1ccccc1)NC(=O)c1cc(Br)c(-c2ccnc3[nH]ccc23)s1,0.7656
Cn1c(CC(=O)NC(=O)c2cc(F)c(Br)cc2F)nc(N2CCOCC2)cc1=O,0.6875
N#Cc1ccc(-c2cn(CCNCC3CC3)c(C3CCN(c4ncnc(N)c4C#N)CC3)n2)cc1F,0.8289
NC(=O)c1ccc(-c2cn(CCN3CCC3)c(C3CCN(c4cc(N)ncn4)CC3)n2)c(F)c1,0.6575
Cn1ncc(C(=O)NC2CNCCC2c2cccc(F)c2)c1-c1cccc(F)c1,0.7015
O=C(O)CCC(NC(=O)c1cc(Br)c(-c2ccnc3[nH]ccc23)s1)c1cccc(F)c1,0.7246
NC(=O)C(NC(=O)C1(N)CCN(c2ncnc3[nH]ccc23)CC1)c1ccc(Cl)cc1,1
CNC(=O)c1cc(C)c2nc(-c3ccc(C4(N)CCC4)cc3)c(-c3ccccc3)n2n1,0.8065
Cn1cc(-c2cc(=O)n(C)cc2-c2ccc(C(=O)NC3CNCCC3c3cccc(F)c3)cc2)cn1,0.6316
Nc1ncnc(N2CCC(c3nc(-c4cc(F)c(F)cc4F)cn3CCN3CCC3)CC2)c1Cl,0.7612
O=C(NC(c1cccc(Cl)c1)C1CCNC1)c1ccnnc1,0.6349
Cc1ncc(-c2cn(CCN3CCC3)c(C3CCN(c4ncnc(N)c4C)CC3)n2)cc1F,0.7027
N#Cc1c(N)ncnc1N1CCC(c2nc(C3CCCCC3)cn2CCN2CCCC2)CC1,0.9643
CNC(=O)c1c(N)ncnc1N1CCC(c2nc(-c3cnc(F)c(F)c3)cn2CCN2CCC2)CC1,0.6585
CNC(=O)CC(N)C(=O)N1CCN(c2ncnc3ccccc23)CC1,0.6724
O=C(NC(c1cccc(Cl)c1)C1CCNCC1)c1ccnnc1Cl,0.619
O=C(NC(c1ccc(Cl)c(F)c1)C1CCNC1)c1ccc(F)c(Br)c1,0.6061
CC(CS)CC(N)C(=O)N1CCN(c2ncnc3ccccc23)CC1,0.661
Cn1ccc(-c2ccc(C(=O)NC3CNCCC3c3ccc(F)c(F)c3)c(F)c2)n1,0.7344
NC1(C(=O)NC(CCN2CCCCC2)c2ccc(Cl)cc2)CCN(c2ncnc3c2CCC3)CC1,0.7324
O=C(Cc1nc(N2CCOCC2)cc(=O)n1-c1ccccc1)c1ccc(F)cc1,0.6094
COc1ncc(-c2cc3c(C)nc(N)nc3n(C3CCC(OCC(C)(C)N)CC3)c2=O)cc1F,0.8143
Cn1ncc(Br)c1-c1nnc(-c2cc(NC(=O)Cc3nc(N4CCOCC4)cc(=O)[nH]3)ccc2F)o1,0.6757
O=C(Cc1nc(N2CCOCC2)cc(=O)[nH]1)NC1CCOc2ccc(Cl)cc21,0.6029
Cc1nc2cc(-c3cncc(OCC(N)Cc4c(F)cccc4F)c3)ccc2[nH]1,0.6984
NC(Cc1ccc(F)cc1)C(=O)N1CCN(c2ncnc3ccc(O)cc23)CC1,0.6935
COc1ccc(CC(N)COc2cncc(-c3cnc4c(c3)CC(=O)N4)c2)cn1,0.6111
NC(=O)CC(NC(=O)C1(N)CCN(c2ncnc3c2CCC3)CC1)c1ccc(Cl)cc1,0.6866
CSCCC(NC(=O)C1(N)CCN(c2ncnc3[nH]ccc23)CC1)c1ccc(Cl)cc1,0.8154
O=C(NC1CNCCC1c1cccc(F)c1)c1cc(F)cc(Cl)c1,0.6061
Cn1c(CC(=O)NC2CC(=O)N(c3cccc(F)c3F)C2)nc(N2CCOCC2)cc1=O,0.6133
Cc1c(-c2cccc(C(=O)NC3CNCCC3c3cccc(F)c3)n2)cnn1C,0.6133
Cc1cc(-c2cn(CC3CNC3)c(C3CCN(c4cc(N)ncn4)CC3)n2)ccc1F,0.726
NC(=O)C(NC(=O)C1(N)CCN(c2ncnc3[nH]ccc23)CC1)c1ccccc1F,0.6923
NC(=O)c1c(N)ncnc1N1CCC(c2nc(-c3ccc(F)nc3)cn2CCN2CCC2)CC1,0.7808
O=C(NC(c1ccc(F)c(Cl)c1)C1CCNC1)c1cccnc1,0.6212
CCNC(=O)C1(N)CCN(c2ncnc3[nH]cc(Cl)c23)CC1,0.6557
Cn1nc(-c2cc(C(=O)NC3CNCCC3c3ccc(F)c(F)c3)ccc2F)c2c(F)cccc21,0.6081
Cn1cncc1-c1csc(C(=O)NC2CNCCC2c2cccc(F)c2)c1,0.6986
Nc1ncnc(N2CCN(C(=O)C(N)Cc3ccc(F)cc3F)CC2)c1Cl,0.661
Cc1nc(N)nc2c1cc(-c1cc(F)cc(F)c1Cl)c(=O)n2C1CCC(OCC(N)=O)CC1,0.6667
COc1nc(CC(=O)N2c3cccc(F)c3CC2C)nc(N2CCOCC2)c1F,0.6714
Cc1nc(C(=O)NC2CNCCC2c2cccc(F)c2)oc1-c1c(Br)cnn1C,0.6711
Cc1n[nH]c2ncc(-c3cc(OCC(N)Cc4ccccc4)cnc3-c3cnc(S(C)(=O)=O)nc3)cc12,0.6338
Cc1cc(NC(=O)Cc2nc(N3CCOCC3)cc(=O)n2-c2ccc(F)cc2)ccc1F,0.6232
NC(Cc1ccc(Cl)cc1Cl)C(=O)N1CCN(c2ncnc3cccc(F)c23)CC1,0.6176
Nc1cc(N2CCC(c3nc(-c4ccc(F)c(F)c4)cn3CCCS)CC2)ncn1,0.7812
Cn1c(CC(=O)Nc2cc(F)c(F)cc2F)nc(N2CCOCC2)cc1=O,0.6885
O=C(Cc1ccncc1F)NC(c1ccc(Cl)c(Cl)c1)C1CCNC1,0.6269
COc1ccccc1CC(N)COc1cncc(-c2ccc3c(c2)CC(=O)N3)c1,0.7353
O=C(NC(c1cccc(F)c1)C1CCNCC1)c1ccc2cnccc2c1,0.7966
Cn1nc(-c2ccc(C(=O)NC3CNCCC3c3ccccc3)c(F)c2)cc1F,0.6087
O=C(Cc1cccnc1)NC(c1ccc(Cl)c(F)c1)C1CCNCC1,0.6269
Cn1nc(CC(=O)Nc2ccc(F)c(C3CC3)c2)n(C)c1=O,0.6094
Cc1n[nH]c2ccc(-c3cncc(OCC(N)Cc4cccnc4)c3)cc12,0.7705
NC(=O)c1cc(-c2cncc(OCC(N)Cc3c[nH]c4ccccc34)c2)ccc1Cl,0.6812
CC(=O)c1ccc(NC(=O)Cc2nc(N3CCOCC3)cc(=O)n2C)cc1,0.7049
Cn1c(CC(=O)Nc2cncc(Br)c2)nc(N2CCOCC2)cc1=O,0.6825
Cc1ccc(NC(=O)Cc2nc(N3CCOCC3)cc(=O)[nH]2)cc1-c1cnn(C)n1,0.6471
Cc1cc(CN2CCN(CC(Nc3ncnc4c(C(N)=O)ccnc34)c3ccccc3)CC2)no1,0.6027
O=C(NCc1ccc(Cl)cc1Cl)C1(F)CCN(c2ncnc3[nH]ccc23)CC1,0.6308
Cc1n[nH]c2cnc(-c3cncc(OCC(N)Cc4cccc(C(F)(F)F)n4)c3)cc12,0.7246
CNC(=O)c1cccnc1N1CCC(c2nc(-c3ccnc(C(F)(F)F)c3)cn2CCN2CCCC2)CC1,0.631
Cn1ncc(Br)c1-c1cc(C(=O)NC2CNCCC2c2ccccc2)sc1Cl,0.6267
Cn1ccnc1-c1cc(NC(=O)Cc2nc(N3CCOCC3)cc(=O)[nH]2)ccc1F,0.7121
CC1Cc2c(ccc(F)c2F)N1C(=O)Cc1nc(N2CCOCC2)cc(=O)n1C1CC1,0.803
Cc1n[nH]c2cnc(-c3cncc(OCC(N)Cc4ccc(Br)cc4Br)c3)cc12,0.7869
Cn1c(CC(=O)Nc2cccc(C(N)=O)c2)nc(N2CCOCC2)cc1=O,0.6615
Cc1nc(Cl)c(F)cc1C(=O)NC1CNCCC1c1ccc(F)c(F)c1,0.6087
O=C(NC(c1ccc(Cl)c(Cl)c1)C1CNC1)c1ccc(F)cc1,0.6429
CNC(C)COc1cncc(-c2cc3c(C)n[nH]c3cn2)c1,0.6271
O=C(NC(c1ccc(F)c(F)c1)C1CCNC1)c1ccc(Cl)c(F)c1,0.6349
Cc1n[nH]c2ccc(-c3cncc(OCC(N)Cc4c(F)cccc4F)c3)cc12,1
CC1CCCCC1NC(=O)c1cc(-c2c(Cl)cnn2C)c(Cl)o1,0.6308
Nc1ncnc(N2CCC(c3nc(-c4cc(F)c(F)c(F)c4)cn3CCN3CCC3)CC2)c1Br,0.8154
Cc1ccc(NC(=O)Cc2nc(N3CCOCC3)cc(=O)n2C)cc1S(=O)(=O)N1CCOCC1,0.6567
NC(Cc1ccc(Br)cc1)C(=O)N1CCN(c2ncnc3ccccc23)CC1,1
N#Cc1c(N)ncnc1N1CCC(c2nc(-c3ccc(C(F)(F)F)c(F)c3)cn2CC(N)=O)CC1,0.7143
CC(NC(=O)C1(N)CCN(c2ncnc3[nH]ccc23)CC1)c1ccc(-n2cncn2)cc1F,0.6301
Cc1nc(C(=O)NC2CNCCC2c2cccc(F)c2)c(C)c(-c2c(Br)cnn2C)n1,0.6711
Nc1ncnc(N2CCC(c3nc(-c4ccc(F)c(C(F)(F)F)c4)cn3CC(=O)N3CCOCC3)CC2)c1F,0.7051
N#Cc1ccc(-c2cn(CCN3CCCC3)c(C3CCN(c4ncnc(N)c4C(F)(F)F)CC3)n2)cc1,0.7083
O=C(Cc1nc(N2CCOCC2)cc(=O)[nH]1)NC(c1ccc(F)c(F)c1)c1cncs1,0.6143
COc1nc(CC(=O)N2c3ccc(F)cc3CC2C)nc(N2CCOCC2)c1F,0.6714
NC(COc1cncc(-c2ccc3c(c2)C(F)(F)C(=O)N3)c1)Cc1cccc(F)c1,0.662
Nc1ncnc(N2CCC(c3nc(-c4cc(F)c(F)c(F)c4)cn3CCN3CCC3)CC2)c1OCC(F)(F)F,0.7703
Cc1nc2ccc(-c3cncc(OCC(N)Cc4ccc(Cl)c(F)c4)c3)cc2cc1C(N)=O,0.6216
N#Cc1cc(Cl)cc(-c2cn(CCN3CCC3)c(C3CCN(c4cc(N)ncn4)CC3)n2)c1,0.6528
NC1(C(=O)NC(Cc2ccccc2)C(=O)NCc2ccc(Cl)c(Cl)c2)CCN(c2ncnc3[nH]ccc23)CC1,0.6494
Nc1cc(N2CCC(c3nc(-c4ccc(F)c(C(F)(F)F)c4)cn3CCN3CCC3)C(F)C2)ncn1,0.7917
Cc1n[nH]c2cnc(-c3cncc(OCC(N)Cc4ccc(C(F)(F)F)c(F)c4)c3)cc12,0.803
NC(Cc1ccc(F)cc1)C(=O)N1CCN(c2ncnc3ccc(C(F)(F)F)cc23)CC1,0.75
O=C(Cc1nc(N2CCOCC2)cc(=O)[nH]1)N1CCN(c2ccc(F)cn2)CC1c1ccc(F)cc1,0.6133
NC(=O)c1cccc(-c2cn(CCN3CCCC3)c(C3CCN(c4ncncc4Cl)CC3)n2)c1,0.6753
O=C(Cc1nc(N2CCOCC2)cc(=O)n1-c1ccccc1)N1CCN(c2ccccc2F)CC1,0.6615
NC(=O)c1c(N)ncnc1N1CCC(c2nc(-c3ccc(F)c(F)c3)cn2CCN2CCC2)CC1,0.8714
Cn1cc(Cl)cc(C(=O)NC2CNCCC2c2ccc(F)c(F)c2)c1=O,0.6232
O=C(Cc1nc(N2CCOCC2)cc(=O)[nH]1)NC(CO)c1cccc(Cl)c1,0.6984
CC1(C(=O)NC(c2ccc(F)cc2)C2CC2)CCN(c2ncnc3[nH]ccc23)C1,0.6429
Cc1nc(NC(CN2CCC2)c2cc(F)c(F)c(Cl)c2)c2cccc(C(N)=O)c2n1,0.6438
Cn1ncc(NC(=O)Cc2nc(N3CCOCC3)cc(=O)n2C)c1-c1c(Cl)cccc1Cl,0.6027
Cc1ccc(C(=O)NC(c2cccc(Cl)c2)C2CCNCC2)cc1F,0.6349
N#CCC(NC(=O)C1(N)CCN(c2ncnc3c2C2(CCO3)CC2)CC1)c1ccc(Cl)cc1,0.6622
Cc1cc(C)nc(CCNC(=O)Cc2nc(N3CCOCC3)cc(=O)[nH]2)n1,0.6066
Cc1c(C#N)cn2c(-c3ccccc3)c(-c3ccc(C4(N)CCC4)cc3)nc2c1C,0.7018
O=C(NC1CNCCC1c1cccc(F)c1)c1ccc(-c2ccnnc2)cc1,0.6471
O=C(NCCc1nc(N2CCOCC2)cc(=O)[nH]1)c1cc(F)cc(F)c1,0.6271
NC(CC(=O)N1CCN(c2ncnc3ccccc23)CC1)Cc1cc(F)c(F)cc1F,0.6154
Cn1ncc(Cl)c1-c1cc(C(=O)NC(CO)Cc2cccc(F)c2)oc1Cl,0.8548
CNC(=O)Cn1cc(-c2ccc(F)c(C(F)(F)F)c2)nc1C1CCN(c2ncnc(N)c2Cl)CC1,0.7179
O=C(NCC1CCN(C2CCCC2)CC1)c1cc(Br)c(-c2ccnc3[nH]ccc23)s1,0.6081
CCc1nc2cc(NC(=O)Cc3nc(N4CCOCC4)cc(=O)n3C)ccc2n1C,0.6667
COc1ccccc1CC(N)COc1cncc(-c2ccc3[nH]nc(N)c3c2)c1,0.746
O=C(NC(c1ccc(Cl)c(Cl)c1)C1CCNC1)c1ccncc1F,0.6825
CC(CCc1ccccc1)NC(=O)C1(N)CCN(c2ncnc3[nH]ccc23)C1,0.6143
NC1(c2ccc(-c3nnc4n3-c3cccnc3Nc3ccc(Cl)cc3-4)cc2)CC1,0.7069
O=C(Cc1ccc(F)cc1)N1CCN(c2ncnc3[nH]cc(Cl)c23)CC1,0.6897
Cn1cc(-c2cnc(C(=O)NC3CNCCC3c3cccc(F)c3)cc2F)cn1,0.6528
O=C(NCC(Cc1ccc(F)cc1)C(=O)N1CCN(c2ncnc3ccccc23)CC1)c1ccc(Cl)c(Cl)c1,0.625
O=C(Cc1nc(N2CCOCC2)cc(=O)n1-c1ncccn1)Nc1ccc(F)c(C2CC2)c1,0.75
Nc1n[nH]c2ccc(-c3cncc(OCC(N)Cc4cccc(Cl)c4)c3)nc12,0.6567
CNC(=O)C(NC(=O)c1cc(Br)c(-c2ccnc3[nH]ccc23)s1)c1ccccc1F,0.6438
O=C(NC1CNCCC1c1ccc(F)c(F)c1)c1cc(Cl)cc(Cl)c1,0.629
NC1(C(=O)NCc2c(F)cccc2Cl)CCN(c2ncnc3[nH]ccc23)CC1,0.6984
Nc1ncnc(N2CCC(c3nc(-c4cccc(Cl)c4)cn3CCN3CCC3)CC2)c1F,0.7971
Cc1ccc2nc(-c3ccc(C4(N)CCC4)cc3)c(-c3ccccc3)n2c1,0.76
O=C(NC(c1ccc(Cl)c(Cl)c1)C1CCNCC1)c1cncc(Cl)c1,0.678
CC(=O)N1CCN(c2ncnc3ccccc23)CC1,0.6154
O=C(NC(c1ccc(Cl)c(Cl)c1)C1CCNCC1)c1ccc(F)c(F)c1,0.6949
NC1(c2ccc(-c3nc4cnc(-c5cccc(F)c5)cn4c3-c3ccccc3)cc2)CCC1,0.6724
CC(C)C(NC(=O)C1(N)CCN(c2ncnc3[nH]ccc23)CC1)C(=O)Nc1cccc(F)c1,0.6429
Cc1nc(CC(N)COc2cncc(-c3ccc4c(c3)CC(=O)N4)c2)cs1,0.6081
Cc1c[nH]c2ncnc(N3CCN(C(C)C(=O)NCc4ccc(F)cc4)CC3)c12,0.6364
O=C(NC(c1ccc(Cl)c(F)c1)C1CCNCC1)c1cnnc(Cl)c1,0.6562
NC(Cc1ccc(Cl)c(Cl)c1)C(=O)N1CCN(c2ncnc3ccc(Cl)cc23)CC1,0.8103
Cn1ccc(-c2ccc(C(=O)NC3CNCCC3c3cccc(F)c3)cc2F)n1,0.6056
NC(=O)c1c(N)ncnc1N1CCC(c2nc(-c3ccc(F)c(F)c3)cn2CF)CC1,0.7324
CC(C)(C)NC(=O)CCn1cc(-c2ccc(F)c(C(F)(F)F)c2)nc1C1CCN(c2cc(N)ncn2)CC1,0.7143
NC1(C(=O)NC(Cc2ccc(Br)cc2)c2nccs2)CCN(c2ncnc3[nH]ccc23)CC1,0.6667
O=C(Cc1nc(N2CCOCC2)cc(=O)n1-c1ccccc1)NC1CCc2ccccc21,0.6176
O=C(NC(c1ccc(Cl)c(Cl)c1)C1CCNC1)c1ccc(Cl)c(Cl)c1,0.7455
O=C(Nc1cn2nc(-c3cnc(Cl)c(NS(=O)(=O)C4CCC4)c3)ccc2n1)c1ccc(F)cn1,0.6104
CNCCNC(=O)c1cc(Br)c(-c2ccnc3[nH]ccc23)s1,0.6562
Cn1c(CC(=O)N2CC(C)(C)c3c(Cl)cccc32)nc(N2CCCC2)cc1=O,0.85
Cn1c(CC(=O)Nc2ccc(F)c(-c3cocn3)c2)nc(N2CCOCC2)cc1=O,0.7059
O=C(NCC1CCOCC1)c1cc(Br)c(-c2ccnc3[nH]ccc23)s1,0.6056
Cc1cc(-c2cn(CCCC(N)=O)c(C3CCN(c4ncnc(N)c4Br)CC3)n2)ccc1F,0.7671
O=C(Cc1nc(N2CCOCC2)cc(=O)n1C1CC1)N1CCc2c(Oc3ccccc3)cccc21,0.7429
O=C(Cc1ccc(F)cc1)NC(Cc1ccc(Cl)cc1)C(=O)N1CCN(c2ncnc3ccccc23)CC1,0.6515
NC1(C(=O)NCc2cc(C(F)(F)F)cc(C(F)(F)F)c2)CCN(c2ncnc3[nH]ccc23)CC1,0.7213
Nc1ncnc(N2CCC(c3nc(-c4cncc(F)c4)cn3CC(N)c3ccc(F)cc3)CC2)c1Cl,0.6053
NC1(C(=O)Nc2ccc(F)cc2O)CCN(c2ncnc3[nH]ccc23)CC1,0.6406
NC1(C(=O)NC(CO)c2cc(F)c(F)cc2Cl)CCN(c2ncnc3[nH]ccc23)CC1,0.7164
O=C(NC(c1ccc(Cl)c(F)c1)C1CCNCC1)c1ccc(N2CCCC2)nc1,0.6232
Cn1c(CC(=O)N2CCc3ccccc3C2)nc(N2CCOCC2)cc1=O,0.7288
O=C(Cc1nc(N2CCOCC2)c(F)c(OCC2CC2)c1F)N1CCc2c(F)cccc21,0.6056
NC(=O)NCCCCC(NC(=O)c1cc(Br)c(-c2ccnc3[nH]ccc23)s1)c1ccc(F)cc1,0.6849
N#Cc1cc(-c2cn(CCN3CCC3)c(C3CCN(c4ncc(F)cn4)CC3)n2)ccc1F,0.6053
Cc1ccn2c(-c3ccccc3)c(-c3ccc(C4(N)CCC4)cc3)nc2c1C#N,0.7091
CC(NC(=O)C1(N)CCN(c2ncnc3ccc(F)cc23)CC1)c1ccc(F)cc1,0.7377
Cn1ncc(Br)c1-c1sc(C(=O)NC2CNCCC2c2ccccc2)cc1Cl,0.6267
CC(=O)Nc1ccc2ncnc(N3CCN(C(=O)C(N)Cc4cc(F)c(F)cc4F)CC3)c2c1,0.6286
CN1CCN(CC(Nc2ncnc3c(C(N)=O)cccc23)c2ccc(F)cc2)CC1,0.8448
NC1(C(=O)Nc2ccc(Cl)nc2)CCN(c2ncnc3[nH]ccc23)CC1,0.629
Cn1nc(-c2ccc(C(=O)NC3CNCCC3c3ccc(F)cc3)s2)cc1C1CC1,0.6056
O=C(Cc1nc(N2CCOCC2)cc(=O)n1C1CCCCC1)Nc1ccc(F)c(F)c1F,0.6029
O=C(Cc1nc(N2CCOCC2)cc(=O)n1C1CC1)N1CCc2ccccc21,0.75
Cn1c(Br)cnc1C(NC(=O)C1(N)CCN(c2ncnc3[nH]ccc23)CC1)c1ccc(F)cc1,0.6957
Nc1cc(N2CCC(c3nc(-c4ccc(F)cc4F)cn3CCN3CCC3)CC2)ncn1,0.7164
NC(COc1cncc(-c2ccc3c(c2)CCC3NC(=O)C2(F)CC2)c1)Cc1c[nH]c2ccccc12,0.6024
NC(=O)c1cc(-c2cn(CCN3CCC3)c(C3CCN(c4ncnc(N)c4F)CC3)n2)ccc1F,0.8356
NC(Cc1ccc(Cl)c(F)c1)C(=O)N1CCN(c2ncnc3ccccc23)CC1,0.8448
Cc1nc(-c2c(Cl)cnn2C)nn2c(-c3ccccc3)c(-c3ccc(C4(N)CCC4)cc3)nc12,0.625
Cc1c[nH]c2ncnc(N3CCC(CNC(=O)c4cccc(F)c4)C3)c12,0.6528
O=C(Cc1nc(N2CCOCC2)cc(=O)n1Cc1ccc(F)cc1)N1CCc2c(Cl)cccc21,0.7206
Cc1cc(-c2cn(CCNC(C)(C)C)c(C3CCN(c4ncnc(N)c4C)CC3)n2)ccc1F,0.7692
Cn1ncc(Br)c1-c1nnc(C(=O)NC2CNCCC2c2cccc(F)c2)o1,0.6892
NC(COc1cncc(-c2ccc3c(c2)CC(=O)N3)c1)Cc1cccc(F)c1F,0.6957
O=C(NC(c1ccc(Cl)c(F)c1)C1CCNCC1)c1cc(Cl)cc(Cl)c1,0.6667
NC1(C(=O)NC(=O)c2cc(Cl)cc(Cl)c2)CCN(c2ncnc3[nH]ccc23)CC1,0.6557
O=C(Cc1nc(N2CCOCC2)cc(=O)n1-c1cccc(Cl)c1)N1CCc2c(Cl)cccc21,0.7538
NC(Cc1ccc(Cl)cc1)C(=O)N1CCN(c2ncc(F)cn2)CC1,0.6271
O=C(NC(c1ccc(Cl)c(Cl)c1)C1CCNC1)c1cccnc1Cl,0.6
O=C(NC(c1ccc(Cl)c(F)c1)C1CCNCC1)c1cc(F)cc(F)c1,0.6667
Nc1ncnc(N2CCC(c3nc(-c4ccc(O)c(Cl)c4F)cn3CCN3CCC3)CC2)c1Cl,0.7
CCNC(=O)c1c(N)ncnc1N1CCC(c2nc(-c3ccc(F)c(Cl)c3)cn2CCN2CCCC2)CC1,0.8182
Cn1c(CC(=O)N2CCN(C(=O)c3ccc(F)c(Br)c3)CC2)nc(N2CCOCC2)cc1=O,0.6567
NC(COc1cncc(-c2cc3cn[nH]c3cn2)c1)Cc1ccc(Cl)cc1,0.6875
COc1nc(CC(=O)N2c3ccc(F)c(F)c3CC2C)nc(N2CCOCC2)c1F,0.6667
CC(Cc1cc(F)ccc1F)NC(=O)Cc1nc(N2CCOCC2)cc(=O)n1C,0.6
Cn1ncc(Cl)c1-c1nc2ccc(C(=O)NC3CNCCC3c3cccc(F)c3)nc2n1C,0.6711
Cc1nc(C)c(C(=O)NC2CNCCC2c2ccc(F)c(F)c2)c(-c2c(Br)cnn2C)c1C,0.7536
O=C(NC(Cc1ccc(Cl)cc1)C(=O)N1CCN(c2ncnc3ccccc23)CC1)c1cc(F)ccc1Cl,0.6232
NC1(C(=O)NC(C(=O)NCc2ccc(F)cc2)c2ccccc2)CCN(c2ncnc3[nH]ccc23)CC1,0.6571
COCCOc1ccc(-c2cc3c(C)nc(N)nc3n(C3CCC(OCO)CC3)c2=O)cn1,0.8485
O=C(Cc1nc(N2CCOCC2)cc(=O)n1C1CCCCC1)Nc1ccc(F)c(Br)c1,0.7273
CNC(=O)Nc1cccc(-c2nnc3n2-c2cccnc2Nc2ccccc2-3)c1,0.6154
O=C(NC(c1cccc(Cl)c1)C1CCNCC1)c1ccc(F)c(Br)c1,0.6452
CCCOc1nc(C)c2nc(-c3ccc(C4(N)CCC4)cc3)c(-c3ccccc3)n2n1,0.6667
Cn1ncc(NC(=O)Cc2nc(N3CCOCC3)cc(=O)n2C)c1C1CC1,0.6232
CCn1c(-c2nonc2N)nc2c(C#CC(C)(C)O)nc(N3CCOCC3)cc21,0.6923
O=C(NC1CNCCC1c1ccc(F)c(F)c1)c1cc(Cl)nc(Cl)c1,0.625
NC(COc1cncc(-c2ccc3[nH]ncc3c2)c1)Cc1c(F)cc(F)cc1F,0.7049
NC(=O)c1cccc2c(NC(CN3CC(O)C3)c3ccc(F)c(Cl)c3)ncnc12,0.7101
NC1(c2ccc(-c3nc4cc(-c5ccc(F)cc5)nn4cc3-c3ccccc3)cc2)CCC1,0.6667
NC(=O)c1cccc2c(NC(CN3CCCC3)c3ccc(F)cc3)ncnc12,0.9623
CN(C)c1cc(N2CCC(c3nc(-c4ccnc(C(F)(F)F)c4)cn3CCN3CCC3)CC2)ncn1,0.6667
O=C(NC1CNCCC1c1cc(F)cc(F)c1)c1ccc(F)c(F)c1F,0.6066
NC1(C(=O)NC(CC(F)(F)F)C(F)(F)F)CCN(c2ncnc3[nH]ccc23)CC1,0.6515
NC(=O)c1c(N)ncnc1N1CCC(c2nc(-c3ccc(F)c(F)c3)cn2CCNC2CCCC2)CC1,0.8767
Nc1ncnc(N2CCN(C(=O)C(c3ccc(Cl)cc3)C3CCCC3)CC2)c1Cl,0.6207
O=C(NC(Cc1ccc(Cl)cc1)C(=O)N1CCN(c2ncnc3ccccc23)CC1)c1ccc(F)cc1,0.6719
COc1cc(-c2cn(CCN3CCC3)c(C3CCN(c4ncnc(N)c4C#N)CC3)n2)ccc1F,1
NC1(C(=O)NC(=O)Cc2ccc(Cl)cc2)CCN(c2ncnc3[nH]ccc23)CC1,0.7586
Cc1n[nH]c2cnc(-c3cncc(OCC(N)Cc4ccc(F)c(Cl)c4)c3)cc12,0.8387
O=C(NC(c1ccc(Cl)c(Cl)c1)C1CNC1)c1cn[nH]c1,0.6491
Cn1ncc(Br)c1-c1oc(C(=O)NC2CNCCC2O)cc1Cl,0.6618
NC(COc1cncc(-c2cncc(NC(=O)c3ccc(F)cc3)c2)c1)Cc1c[nH]c2ccccc12,0.6
NC1(c2ccc(-c3nc4n(c3-c3ccccc3)COc3nc(C5CCC5)ncc3-4)cc2)CC1,0.6462
NC(Cc1ccc(F)cc1)C(=O)N1CCN(c2ncnc3cccc(-c4ccccc4)c23)CC1,0.6269
O=C(Cc1nc(N2CCOCC2)cc(=O)n1-c1nccs1)N1CCc2cc(F)ccc21,0.6111
Cn1ncc(Cl)c1-c1cc(C(=O)NC2(c3ccc(Cl)c(Cl)c3)CCNCC2)sc1Cl,0.7077
Cc1ccc(NC(=O)Cc2nc(N3CCOCC3)cc(=O)n2-c2ccc(Br)cc2)cc1F,0.6522
Cc1c(-c2cc(NC(=O)Cc3nc(N4CCOCC4)cc(=O)[nH]3)ccc2Cl)cnn1C,0.6377
Cc1cc(NC(=O)Cc2nc(N3CCOCC3)cc(=O)n2C2CC2)ccc1Br,0.6087
O=C(NC1CNCCC1c1cccc(F)c1)c1ccc(-c2n[nH]c(C3CC3)n2)cn1,0.6301
NC1(c2ccc(-c3nc4n(c3-c3ccccc3)COc3ccncc3-4)cc2)CC1,0.9245
O=C(NCCc1nc(N2CCOCC2)cc(=O)[nH]1)c1ccc(F)cc1F,0.625
N#Cc1ccc2c(c1)-c1nc(-c3ccc(C4(N)CC4)cc3)c(-c3ccccc3)n1CO2,0.8095
O=C(Cc1nc(N2CCOCC2)cc(=O)[nH]1)NCCc1cccc(Cl)c1,0.7097
O=C(NC(c1ccnc(F)c1)C1CCNCC1)c1ccc(Cl)c(Cl)c1,0.7167
O=C(Cc1nc(N2CCOCC2)cc(=O)n1C1CC1)Nc1cccc(Cl)c1,0.6308
CN(C)CCn1cc(-c2cccc(F)c2)nc1C1CCN(c2ncnc(N)c2Br)CC1,0.7826
Cn1ncc(Br)c1-c1nnc(C(=O)NC2CNCCC2c2cccc(F)c2)s1,0.7465
CNC(=O)NCCn1cc(-c2ccc(F)c(C)c2)nc1C1CCN(c2cc(Cl)ncn2)CC1,0.6145
O=C(NC(c1ccc(Cl)c(F)c1)C1CCNCC1)c1ccnc(F)c1,0.6935
COc1cc(NCCN2CCCC2)c(C)c(N2CCN(c3ncnc4[nH]nc(Cl)c34)CC2)c1,0.6712
NC1(C(=O)NCc2ccc(F)c(F)c2)CCN(c2ncnc3[nH]ccc23)CC1,0.7759
N#Cc1ccc2nc(-c3ccc(C4(N)CCC4)cc3)c(-c3ccccc3)n2c1,0.717
NCC(NC(=O)C1(N)CCN(c2ncnc3[nH]ncc23)CC1)c1ccc(Br)cc1,0.7015
Cc1ncc(C(=O)NC(c2ccc(Cl)c(F)c2)C2CCNCC2)c(C)n1,0.6029
CC1SCc2ncnc(N3CCN(C(=O)C(N)Cc4cc(F)c(C(N)=O)cc4Cl)CC3)c21,0.7123
N#Cc1ccc2ncnc(N3CCN(C(=O)C(N)Cc4ccc(Cl)cc4)CC3)c2c1,0.7705
Nc1cc(N2CCC(c3nc(-c4ccc(Br)o4)cn3CCN3CCCC3)CC2)ncn1,0.6667
Cc1ccc(C(N)=O)c(N2CCC(c3nc(-c4ccc(F)c(Cl)c4)cn3CCN3CCCC3)CC2)n1,0.7143
CNC(=O)Cc1ccc(-c2nnc3n2-c2cccnc2Nc2ccccc2-3)cc1,0.6349
Cc1nc(-c2ccc(C(=O)NC3CNCCC3c3cccc(F)c3)nc2)no1,0.6761
Cc1c(NC(=O)Cc2nc(N3CCOCC3)cc(=O)n2C)cnn1C,0.6119
NC(COc1cncc(-c2ccc3[nH]c(O)c(C4CCCCC4)c3c2)c1)Cc1c[nH]c2ccccc12,0.6711
Cc1cc(-c2cn(CCO)c(C3CCN(c4cc(N)ncn4)CC3)n2)ccc1F,0.6944
Cn1ncc(Cl)c1-c1nc(C(=O)NC2CNCCC2c2ccc(F)c(F)c2)ccc1C1CC1,0.6849
O=C(NC(c1ccc(Cl)c(Cl)c1)C1CCNC1)c1ccsc1,0.619
Cc1nc(N)nc2c1cc(-c1ccc(OC(C)C)cc1)c(=O)n2C1CCC(OCO)CC1,0.7206
Cc1cc(C)cc(NC(=O)Cc2nc(N3CCOCC3)cc(=O)[nH]2)c1,0.8148
O=C(Cc1nc(N2CCOCC2)cc(=O)n1C1CC1)N1CCc2c(-c3ccc(Cl)nn3)cccc21,0.7606
NCC1(C(=O)NC(c2ccc(F)c(Cl)c2)c2cncs2)CCN(c2ncnc3[nH]ccc23)CC1,0.6234
Cn1c(CC(=O)NC2CCCc3ccc(F)cc32)nc(N2CCOCC2)cc1=O,0.6027
Cn1nc(-c2ccc(C(=O)NC3CNCCC3c3cccc(F)c3)nc2)cc1CC(F)(F)F,0.6757
Nc1cc(N2CCC(c3nc(-c4ccc(F)c(C(F)(F)F)c4)cn3CCN3CCCC3)CC2)ncn1,0.9683
NCCNC(=O)c1cc(Br)c(-c2ccnc3[nH]ccc23)s1,0.7
NC(CC(=O)N1CCN(c2ncnc3ccccc23)CC1)Cc1cc(F)cc(F)c1,0.6
CC(=O)c1ccc(NC(=O)Cc2nc(N3CCOCC3)cc(=O)n2C2CC2)cc1F,0.6111
Cc1nsc(-c2ccc3nc(-c4ccc(C5(N)CCC5)cc4)c(-c4ccccc4)n3c2)n1,0.6552
Nc1ncnc(N2CCC(c3nc(-c4cccc(F)c4)cn3CCN3CCCC3)CC2)c1Br,1
O=C(NCc1c[nH]cn1)c1cc(Br)c(-c2ccnc3[nH]ccc23)s1,0.6212
NC(=O)c1cccc2c(NC(CN3CCC3)c3ccc(F)cc3)nc(F)nc12,0.7931
Nc1ncnc(N2CCC(c3nc(-c4ccccc4F)cn3CCN3CCC3)CC2)c1Br,0.7313
Cn1ncc(Br)c1-c1cc(C(=O)NC2CNCCC2c2ccccc2Cl)oc1Cl,0.7143
COc1ccc(C(NC(=O)c2ccc(Cl)c(Cl)c2)C2CCNCC2)cc1F,0.6061
O=C(NC(c1cccc(Cl)c1)C1CCNC1)c1ccncc1,0.6667
CNC(COc1cncc(-c2ccc3[nH]nc(C)c3c2)c1)c1ccc(F)cc1,0.6308
CCc1c(N)ncnc1N1CCC(c2nc(-c3ccnc(C(F)(F)F)c3)cn2CCN2CCC2)CC1,1
NC(Cc1ccc(Cl)cc1)C(=O)N1CCN(c2ncnc3[nH]ccc23)CC1,1
Cc1c(N)ncnc1N1CCC(c2nc(-c3ccc(F)c(C(F)(F)F)c3)cn2CCN2CCC2)CC1,0.9697
NC1(C(=O)NCc2cc(C(F)(F)F)ccc2Cl)CCN(c2ncnc3[nH]ccc23)CC1,0.6667
Cc1c(C#N)nn2c(-c3ccccc3)c(-c3ccc(C4(N)CCC4)cc3)nc2c1C,0.7321
CCN(CC)Cc1ccn2c(-c3ccccc3)c(-c3ccc(C4(N)CCC4)cc3)nc2c1,0.661
CCC(NC(=O)Cc1nc(N2CCOCC2)cc(=O)n1C)c1ccc(F)c(Br)c1,0.7015
NC(=O)CCC(NC(=O)c1cc(Br)c(-c2ccnc3[nH]ccc23)s1)C(=O)NC1CCCC1,0.6184
Cn1ncc(Br)c1-c1nnc(C(=O)NC2CNCCC2c2ccccc2)o1,0.6197
O=C(NCC(Cc1ccc(F)c(F)c1)C(=O)N1CCN(c2ncnc3ccccc23)CC1)c1ccc(F)cc1,0.7015
NC1(c2ccc(-c3nc4n(c3-c3ccsc3)COc3cnc(Cl)cc3-4)cc2)CC1,0.6615
O=C(Nc1csc(-c2nncn2C2CC2)n1)c1ccc(Cl)c(-n2cnc(C3CC3)c2)c1,0.6709
NC(=O)c1cccc2c(NC(CN3CC(F)C3)c3cccc(F)c3)ncnc12,0.8033
NC1(c2ccc(-c3nc4n(c3-c3ccccc3)COc3ncc(Cl)nc3-4)cc2)CCC1,0.6774
Cn1ncc(Br)c1-c1oc(C(=O)NC2CCNCC2)cc1Br,0.6562
O=C(Cc1nc(N2CCOCC2)cc(=O)n1-c1ccc(Cl)cc1)N1CCc2c(-c3ccncc3)cccc21,0.6533
O=C(N1CCN(c2ncnc3[nH]cc(Cl)c23)CC1)C1(c2ccc(Br)cc2)CCNCC1,1
CN(C)CCn1cc(-c2ccc(F)c(C(F)(F)F)c2)nc1C1CCN(c2ncnc(N)c2C#N)CC1,1
Cn1c(CC(=O)Nc2ccc(N3CCCC3)nc2)nc(N2CCOCC2)cc1=O,0.6719
Cn1c(CC(=O)N2CCN(c3ccccn3)CC2)nc(N2CCOCC2)cc1=O,0.619
NC(=O)Cn1cc(-c2ccc(F)c(C(F)(F)F)c2)nc1C1CCN(c2cc(C(F)(F)F)ncn2)CC1,0.6316
CC1CN(c2cc(=O)[nH]c(CC(=O)NC3CCOc4c3ccc(F)c4F)n2)CCO1,0.6389
O=C(NCc1ccc(-c2nnc3n2-c2cccnc2Nc2ccccc2-3)cc1)c1ccccc1Cl,0.6029
CN(C)C(=O)n1cc(-c2ccc(F)c(C(F)(F)F)c2)nc1C1CCN(c2ncnc(N)c2Cl)CC1,0.6582
Nc1cc(N2CCC(c3nc(-c4ccc(F)c(Cl)c4)cn3CCN3CCC3)CC2)ncn1,0.8281
Cn1c(CC(=O)c2ccc(Br)cc2)nc(N2CCOCC2)cc1=O,0.6129
NC1(c2ccc(-c3nc4cc(Cl)ccn4c3-c3ccccc3)cc2)CCC1,0.7647
NC(COc1cncc(-c2ccc3c(c2)NC(=O)C3)c1)Cc1ccc(F)cc1F,0.6
Cn1nc(-c2ccc(C(=O)NC3CNCCC3c3cccc(F)c3)s2)c2ccncc21,0.6835
Cn1ncc(C(=O)NC2CNCCC2c2ccc(F)c(F)c2)n1,0.6154
O=C(Cc1nc(N2CCOCC2)cc(=O)n1-c1ccc(Cl)cc1)Nc1ccc(F)c(F)c1F,0.6119
Cc1cc(-c2cn(CCN3CCC3)c(C3CCN(c4cc(N)ncn4)CC3)n2)ccc1Cl,0.7313
Cn1ncc(Br)c1-c1nc(C(=O)NC2CNCCC2c2cccc(F)c2)no1,0.7027
CC(=O)c1cc(-c2cncc(OCC(N)Cc3c[nH]c4ccccc34)c2)cnc1C,0.6765
Cn1nc(-c2ccc(C(=O)NC3CNCCC3c3cccc(F)c3)cc2Cl)cc1Br,0.6267
Cn1ncc(F)c1-c1cnc(Cl)c(C(=O)NC2CNCCC2c2ccc(F)c(F)c2)c1,0.6806
NC(Cc1ccc(C(F)(F)F)cc1)C(=O)N1CCN(c2ncnc3ccc(C(F)(F)F)cc23)CC1,0.8214
NC(=O)C(NC(=O)C1(N)CCN(c2ncnc3[nH]ccc23)CC1)c1ccc(Br)cc1,0.8305
O=C(NCC(Cc1ccc(F)c(F)c1)C(=O)N1CCN(c2ncnc3ccccc23)CC1)c1ccc(Cl)cc1,0.6912
O=C(NC(c1ccc(Cl)c(Cl)c1)C1CCNC1)c1cnc(Cl)cn1,0.6094
N#Cc1ccc2nc(-c3ccc(C4(N)CCC4)cc3)c(-c3ccccc3)n2n1,0.7308
CCn1cc(-c2ccnc(Cl)c2)nc1C1CCN(c2ncnc(N)c2NC(N)=O)CC1,0.6076
Nc1ncnc(N2CCC(c3nc(-c4ccc(OC(F)F)nc4)cn3CCN3CCC3)CC2)c1Br,0.7083
NC(=O)c1ccc2nc(-c3ccc(C4(N)CCC4)cc3)c(-c3cccc(F)c3)n2c1,0.7895
O=C(NC(Cc1ccc(Cl)cc1)C(=O)N1CCN(c2ncnc3[nH]cc(Br)c23)CC1)c1ccc(F)c(F)c1,0.6056
O=C(Cc1nc(N2CCOCC2)cc(=O)[nH]1)Nc1ccc(F)c(-c2cccc(F)n2)c1,0.746
CCc1c(N)ncnc1N1CCC(c2nc(-c3ccc(F)c(C)n3)cn2CCNC)CC1,0.6623
NC(=O)c1nn2c(-c3ccccc3)c(-c3ccc(C4(N)CCC4)cc3)nc2nc1N,0.6833
Cn1c(CC(=O)N2c3ccccc3NC(=O)C2(C)C)nc(N2CCOCC2)cc1=O,0.6212
Cn1ccc(-c2cn(CCN3CCC3)c(C3CCN(c4ncnc(N)c4Br)CC3)n2)n1,0.7042
CCn1cc(-c2ccc(F)c(C)c2)nc1C1CCN(c2ncccc2C(N)=O)CC1,0.6026
Cc1ncc(-c2cc(C(=O)NC3CNCCC3c3cccc(F)c3)no2)cn1,0.6197
NC1(C(=O)NCc2cccc(Cl)c2)CCN(c2ncnc3[nH]ccc23)C1,0.7258
N#Cc1c[nH]c2ncnc(N3CCN(C(=O)C(N)Cc4ccc(Cl)cc4)CC3)c12,0.7833
Nc1n[nH]c2ccc(-c3cncc(OCC(N)Cc4c(F)ccc(F)c4F)c3)cc12,0.7213
NC(Cc1ccc(Cl)c(F)c1)C(=O)N1CCN(c2ncnc3cccc(F)c23)CC1,0.6615
CC1CCC(N)(c2ccc(-c3nc4n(c3-c3ccccc3)COc3cc(C(N)=O)ccc3-4)cc2)C1,0.7571
O=C(NC(c1ccc(Cl)c(Cl)c1)C1CCNCC1)c1ccc(N2CCCC2)nc1,0.6119
NC1(C(=O)NC(=O)c2ccc(F)c(F)c2Cl)CCN(c2ncnc3[nH]ccc23)CC1,0.6061
Cn1nc(-c2ccc(C(=O)NC3CNCCC3c3ccc(F)c(F)c3)cn2)s1,0.7313
Cn1ncc(Cl)c1-c1cc(C(=O)NCc2ccc(F)cc2Cl)oc1Cl,0.6029
O=C(NC1CNCCC1c1ccc(F)c(F)c1)c1cc(-c2csnn2)c(Cl)o1,0.6486
CNC(=O)CCn1cc(-c2ccc(F)c(C(F)(F)F)c2)nc1C1CCN(c2cc(N)ncn2)CC1,0.7333
Cn1cc(N2CCOCC2)nc1CC(=O)Nc1cccc(Cl)c1,0.629
Cn1nc(-c2ccc(F)c(F)c2)nc1C1CCN(c2ncnc(N)c2Cl)CC1,0.6143
Fc1cnc(N2CCC(c3nc(-c4cccc(Br)c4)cn3CCN3CCC3)CC2)nc1,0.6027
Nc1ncnc(N2CCC(c3nc(-c4cccc(Cl)c4Cl)cn3CCN3CCCC3)CC2)c1C(=O)c1c(F)cccc1F,0.6506
CCc1c(N)ncnc1N1CCC(c2nc(-c3ccc(F)c(C(F)(F)F)c3)cn2CCN2CCC2)CC1,1
CCc1c(N)ncnc1N1CCC(c2nc(-c3ccc(C)c(F)c3)cn2CCN2CCCC2)CC1,0.8824
Cn1c(CC(=O)N2CCc3c(F)cccc32)nc(N2CCOCC2)c1Oc1ccc(F)cc1F,0.6389
N#Cc1cc(-c2cn(CCN3CCCC3)c(C3CCN(c4ncnc(N)c4F)CC3)n2)ccc1F,0.7639
Cn1c(CC(=O)N2CCc3c(Cl)cccc32)nc(N2CCOC3CCCCC32)cc1=O,0.6957
O=C(Cc1nc(N2CCOCC2)cc(=O)[nH]1)Nc1ccccc1-c1ccc(F)cc1F,0.7869
O=C(N1CCN(c2ncnc3[nH]cc(Cl)c23)CC1)C1(c2ccc(Cl)c(Cl)c2)CCNCC1,1
O=C(Cc1nc(N2CCOCC2)cc(=O)n1-c1ccc(F)cc1)N1c2ccccc2CC1c1ccccc1,0.6575
NC1(C(=O)NCc2cnc(OCC(F)(F)F)c(F)c2)CCN(c2ncnc3[nH]ccc23)CC1,0.6286
COc1cc(CNC(=O)Cc2nc(N3CCOCC3)cc(=O)n2C)ccc1F,0.6232
CCn1cc(C(=O)NC(c2ccc(Cl)c(Cl)c2)C2CCNC2)cn1,0.6029
CN1CCN(C(=O)Cc2nc(N3CCOCC3)cc(=O)n2C)c2ccccc21,0.7719
Cc1nc(N)nc2c1cc(-c1ccn(C)c1)c(=O)n2C1CCC(OCO)CC1,0.7121
O=C(NCC1(C(=O)NCc2cc(F)cc(F)c2)CCN(c2ncnc3[nH]ccc23)CC1)c1ccc(Cl)cc1,0.6286
O=C(O)c1ccc(-c2nnc3n2-c2cccnc2Nc2ccccc2-3)cc1,0.7455
O=C(NC(Cc1ccc(Br)cc1)C(=O)N1CCN(c2ncnc3ccccc23)CC1)c1ccc(Br)cc1,0.7288
Cc1nc2ccc(-c3cncc(OCC(N)Cc4ccc(F)cc4F)c3)cn2c1Cl,0.6056
Cc1cc(C(=O)NC(=O)C2(N)CCN(c3ncnc4[nH]ccc34)CC2)cc(C)c1Cl,0.6
O=C(NC1CNCCC1c1ccc(F)c(F)c1)c1ccc2cnc(Cl)cc2c1,0.6
Nc1ccc2ncnc(N3CCN(C(=O)C(N)Cc4ccc(F)cc4)CC3)c2c1,0.8246
Nc1ncnc(N2CCC(c3nc(-c4ccnc(F)c4)cn3CCN3CCC3)CC2)c1C=O,0.76
CC(=O)c1ccc(-c2cn(CCN3CCC3)c(C3CCN(c4ncnc(N)c4Br)CC3)n2)cc1,0.75
Cn1sc(-c2ccc(C(=O)NC3CNCCC3c3cccc(F)c3)nc2)cc1=O,0.7101
Cn1c(CC(=O)Nc2ccc(F)c(C3CC3)c2)nc(N2CCOCC2)c(F)c1=O,0.7424
Cc1c(CC(N)C(=O)N2CCN(c3ncnc4ccccc34)CC2)on(C)c1=O,0.6667
Cn1cc(-c2ccc(C(=O)NC3CNCCC3c3cccc(F)c3)nc2)cn1,0.7576
NC1(c2ccc(-c3nc4c(CO)nccn4c3-c3ccccc3)cc2)CCC1,0.6545
NC(=O)CC(NC(=O)c1cc(Br)c(-c2ccnc3[nH]ccc23)s1)c1cccc(F)c1,0.6912
NC(Cc1ccc(F)cc1)C(=O)N1CCN(c2ncnc3cccc(Br)c23)CC1,0.6562
CNCC(Nc1ncnc2c(C(N)=O)cc(F)cc12)c1cc(F)cc(F)c1,0.6842
O=C(Cc1c(F)cccc1F)NCCc1nc(N2CCOCC2)cc(=O)[nH]1,0.6308
NC(=O)c1cccnc1N1CCC(c2nc(-c3ccc(F)c(Cl)c3)cn2CCN2CCC2)CC1,0.7273
Cn1nccc1-c1cc(C(=O)NC2CNCCC2c2ccc(F)cc2)cc(Cl)c1F,0.6912
N#CCCn1cc(-c2ccc(F)c(C(F)F)c2)nc1C1CCN(c2ncnc(N)c2Br)CC1,0.6667
NC(COc1cncc(-c2cnc(Cl)c(NC=O)c2)c1)Cc1c[nH]c2ccccc12,0.6479
Cc1n[nH]c2ccc(-c3cnc(OCC(N)Cc4cccc(F)c4)cc3Cl)cc12,0.7015
NC(=O)COc1cc(-c2cn(CCN3CCC3)c(C3CCN(c4ncnc(N)c4Br)CC3)n2)ccc1F,0.7467
CCCOc1cccc2ncnc(N3CCN(C(=O)C(N)Cc4ccc(Cl)cc4)CC3)c12,0.75
CC1SCc2ncnc(N3CCN(C(=O)C(N)Cc4ccc(-c5nc(=O)ss5)cc4)CC3)c21,0.7463
Cc1nnc(CNC(=O)c2cc(Br)c(-c3ccnc4[nH]ccc34)s2)s1,0.6119
NC(=O)C(Cc1ccc(Cl)cc1)NC(=O)C1(N)CCN(c2ncnc3[nH]ccc23)CC1,0.746
NC1(c2ccc(-c3nc4n(c3-c3ccccc3)COc3ccc(F)cc3-4)nc2)CC1,0.6377
Cc1c(Cl)c(-c2ccc(C(=O)NC3CNCCC3c3ccc(F)cc3)c(Cl)c2)nn1C,0.625
O=C(NC(c1ccc(Cl)c(Cl)c1)C1CCNCC1)c1cnccc1C(F)(F)F,0.6406
CNC(=O)CCCn1cc(-c2ccc(F)c(F)c2)nc1C1CCN(c2cc(N)ncn2)CC1,0.6944
CNC(=O)c1cnn(C)c1N1CCC(c2nc(-c3ccc(F)c(C)c3)cn2CCN2CCCC2)CC1,0.6145
NCCNC(=O)C1(N)CCN(c2ncnc3[nH]cc(Cl)c23)CC1,0.619
Cc1c(N)ncnc1N1CCC(c2nc(-c3ccc(F)c(Cl)c3)cn2CCN(C)C)CC1,0.7162
NC(=O)CC(NC(=O)C1(N)CCN(c2ncnc3[nH]ccc23)CC1)c1ccccc1Cl,0.7538
CC1CCc2ncnc(N3CCN(C(=O)C(CC(=O)NC(=O)C4CC4)c4ccc(Cl)cc4)CC3)c21,0.7206
CC(NC(=O)c1cc(Br)c(-c2ccnc3[nH]ccc23)s1)c1ccc(F)c(F)c1,0.6232
Nc1cc(N2CCC(c3nc(-c4cccc(F)c4)cn3CCN3CCC3)CC2)ncn1,0.7692
CNC(=O)C1(N)CCN(c2ncnc3[nH]cc(Cl)c23)CC1,0.6897
Nc1nc2ccc(-c3cnc(Cl)c(NS(=O)(=O)CCc4ccc(F)cc4)c3)cc2s1,0.7258
Cn1ncc(Br)c1-c1nc(Cl)c(C(=O)NC2CNCCC2c2cccc(F)c2)s1,0.7067
CNCC(Nc1ncnc2c(C(N)=O)ccnc12)c1ccc(F)c(Cl)c1,0.8475
Cn1c(CC(=O)N2CCN(c3ccc(F)c(F)c3)CC2)nc(N2CCOCC2)cc1=O,0.6154
NC1(C(=O)NCc2cc(O)ccc2F)CCN(c2ncnc3[nH]ccc23)CC1,0.6935
Cc1c(-c2cc(C(=O)NC(CN)Cc3cccc(F)c3)c(F)cc2Cl)cnn1C,0.6027
O=C(Cc1nc(N2CCOCC2)cc(=O)n1-c1ccc(Br)cc1)N1CCc2cc(Cl)ccc21,0.6866
NC1(c2ccc(-c3nc4n(c3-c3ccccc3)COc3nc(C(F)(F)F)ncc3-4)cc2)CCC1,0.7097
COc1ccc(-c2cn(CCN3CCC3)c(C3CCN(c4ncnc(N)c4Cl)CC3)n2)cc1F,0.8
CC(=O)Nc1ccc(-c2nnc3n2-c2cccnc2Nc2ccccc2-3)cc1,0.7857
NC(COc1cncc(-c2ccc3c(c2)C(=O)N3)c1)Cc1ccc(F)cc1,0.6087
Cc1[nH]nc2ccc(-c3cncc(OCC(N)Cc4ccc(F)c(F)c4F)c3)cc12,0.7705
O=C(Cc1nc(N2CCOCC2)cc(=O)n1-c1ccccc1)NC1CCCc2ccccc21,0.6
O=C(Cc1nc(N2CCOCC2)cc(=O)n1C1CCCC1)Nc1ccc(F)cc1F,0.6212
O=C(Nc1csc(-c2nncn2C2CC2)n1)c1cc(-n2cnc(C3CC3)c2)c(C(F)F)cn1,0.8026
NC(=O)c1cc2n(n1)CCOc1cc(C(=O)NC3CNCCC3c3ccc(F)cc3)ccc1-2,0.6622
Cn1nc(-c2ccc(C(=O)NC3CNCCC3c3cccc(F)c3)s2)c2c(F)cccc21,0.6849
COc1ncccc1C(N)COc1cncc(-c2cc3c(C)n[nH]c3cn2)c1,0.6212
NC1(c2ccc(-c3nc4n(c3-c3ccncc3)COc3nccnc3-4)cc2)CC1,0.6667
Cc1n[nH]c2cnc(-c3cncc(OCC(N)Cc4ccc(Cl)cc4)c3)cc12,0.8276
CC(C)c1c(N)ncnc1N1CCC(c2nc(-c3cccc(C#N)c3)cn2CCN2CCC2)CC1,0.675
Cc1ncc(-c2ccc(C(=O)NC3CNCCC3c3ccccc3)cc2F)n1C,0.6143
CCCCCCCCCCNC(=O)Cc1nc(N2CCOCC2)cc(=O)[nH]1,0.6
CNCCn1cc(-c2ccc(F)c(C(F)(F)F)c2)nc1C1CCN(c2ncnc(N)c2Cl)CC1,0.8
O=C(Cc1nc(N2CCOCC2)cc(=O)n1-c1cccc(F)c1)Nc1ccc(F)cc1F,0.6119
Cc1n[nH]c2ccc(-c3cncc(OCC(N)Cc4ccc(F)cc4Cl)c3)cc12,0.85
N#Cc1ccc2c(c1)OCn1c-2nc(-c2ccc(C3(N)CC3)cc2)c1-c1ccccc1,0.8095
O=C(NC(c1ccc(Cl)c(F)c1)C1CCNCC1)c1cnsn1,0.6061
Cn1ncc(C(=O)NC2CNCCC2c2ccc(F)c(F)c2)c1-c1cccnc1,0.6438
Cc1ccc(NC(=O)Cc2nc(N3CCOCC3)cc(=O)n2C)c(C)c1,0.6364
CNC(Cc1ccc(C#N)cc1)C(=O)N1CCN(c2ncnc3ccccc23)CC1,0.6
NC1(C(=O)Nc2ccc(F)cc2)CCN(c2ncnc3[nH]cc(Cl)c23)CC1,0.6154
CC(Cc1ccc(Br)cc1)NC(=O)C1(N)CCN(c2ncnc3[nH]ccc23)CC1,0.7705
Fc1ccc(-c2cn3ccnc3nc2-c2ccc(CN3CC(c4n[nH]c(-c5ccccn5)n4)C3)cc2)cc1,1
Cn1c(CCC(=O)Nc2ccc(F)c(F)c2)nc(N2CCOCC2)cc1=O,0.6984
CC(=O)c1ccc2c(c1)OCn1c-2nc(-c2ccc(C3(N)CC(O)(C4CC4)C3)cc2)c1-c1ccccc1,0.7727
NC(Cc1c[nH]cn1)C(=O)N1CCN(c2ncnc3ccc(Br)cc23)CC1,0.6
Cn1nc(-c2ccc(C(=O)NC3CNCCC3c3ccccc3)s2)c2cc(F)ccc21,0.6154
O=C(Cc1nc(N2CCOCC2)cc(=O)[nH]1)Nc1ccc(N2CCCCC2)nc1,0.6885
Cn1c(CC(=O)NC2CCCc3c2ccc(F)c3Cl)nc(N2CCOCC2)cc1=O,0.6216
CNC(=O)NCCn1cc(-c2ccc(Cl)c(Cl)c2)nc1C1CCN(c2ncnc(N)c2Br)CC1,0.6173
O=C(Cc1nc(N2CCOCC2)cc(=O)n1-c1ccccc1)NCC(F)(F)F,0.6154
Cn1c(CC(=O)N2CCc3c(F)cccc32)nc(N2CCOCC2)c(OCc2ccc(F)c(Cl)c2)c1=O,0.6026
O=C(Cc1nc(N2CCOCC2)cc(=O)[nH]1)NCCc1c(F)cccc1F,0.6935
Cc1cc(-c2cn(CCN3CCC3)c(C3CCN(c4ncnc(N)c4C(N)=O)CC3)n2)ccc1F,1
CC1Cc2ccccc2N1C(=O)Cc1nc(N2CCOCC2)cc(=O)n1-c1ccccc1,0.7903
Cc1ccc(CC(N)C(=O)N2CCN(c3ncnc4ccc(C(F)(F)F)cc34)CC2)cc1,0.7419
Cc1ncc(-c2cncc(OCC(N)Cc3c(F)cc(F)cc3F)c2)cn1,0.6552
Cc1cc(-c2cnn(C)c2)ccc1C(=O)NC1CNCCC1c1cccc(F)c1,0.6164
Cn1c(O)cc2ccc(-c3cncc(OCC(N)Cc4c(F)cccc4F)c3)cc2c1=O,0.6
O=C(Cc1nc(N2CCCCC2)cc(=O)[nH]1)N1CCc2ccccc21,0.629
O=C(NC1CN(C(=O)C(F)(F)F)CCC1c1ccc(F)cc1)c1ccc2c(c1)OCCn1nccc1-2,0.64
CC(C)c1cc(-c2cn(CCN)c(C3CCN(c4ncnc(N)c4C(N)=O)CC3)n2)ccn1,0.8472
NC(COc1cncc(-c2ccc3c(c2)CCC3NC(=O)C2(N)CC2)c1)Cc1c[nH]c2ccccc12,0.6098
Cn1ncc(C(=O)NC2CNCCC2c2ccc(F)c(F)c2)c1-c1cc(F)c(F)cc1F,0.7969
Cc1cc(-c2cn(CC3CNC3)c(C3CCN(c4ncnc(N)c4C)CC3)n2)ccc1F,0.8406
Cc1n[nH]c2cnc(-c3cncc(OCC(N)Cc4ccccc4Cl)c3)cc12,0.7869
Cn1c(CC(=O)Nc2ccc(C3CCCCC3)cc2)nc(N2CCOCC2)cc1=O,0.697
NC(=O)CCn1cc(-c2ccc(F)c(C(F)(F)F)c2)nc1C1CCN(c2ncnc(N)c2Br)CC1,0.7838
NC(COc1cncc(-c2ccc3c(c2)C(=O)NC3=O)c1)Cc1c(F)cccc1F,0.625
CC(NC(=O)c1ccc(F)c(NC(=O)Cc2nc(N3CCOCC3)cc(=O)[nH]2)c1)c1ccccc1,0.6338
CC1SCc2ncnc(N3CCC(N)(C(=O)NC(C(N)=O)c4ccc(Cl)cc4)CC3)c21,0.6377
O=C(N1CCN(c2ncnc3[nH]cnc23)CC1)C1(c2ccc(Cl)c(Cl)c2)CCCC1,0.6462
NC1(c2ccc(-c3nc4ccc(C(=O)c5ccc(F)cc5)nn4c3-c3ccccc3)cc2)CCC1,0.7586
Cc1cc(-c2cn(CCN3CCC3)c(C3CCN(c4ncnc(N)c4C4CC4)CC3)n2)ccc1F,0.8261
Nc1ncnc(N2CCC(c3nc(-c4cccc(Cl)n4)cn3CCN3CCCC3)CC2)c1Cl,0.7353
Cc1cnn(C)c1-c1cc(C(=O)NC2CNCCC2c2cc(F)c(F)c(F)c2)c(F)cc1Cl,0.6438
Nc1ncnc(N2CCN(C(=O)C(N)Cc3ccc(F)cc3)CC2)c1Cl,0.8431
CCN(CC)CCn1cc(-c2ccc(F)c(C)c2)nc1C1CCN(c2ncnc(N)c2C(F)(F)F)CC1,0.8082
Cn1ncc(Br)c1-c1oc(C(=O)NC2CNCCC2c2ccccc2)cc1Cl,0.7761
O=C(NC1CCC1)c1cc(Br)c(-c2ccnc3[nH]ccc23)s1,0.6364
CN1CCN(C(=O)c2ccn3c(-c4ccccc4)c(-c4ccc(C5(N)CCC5)cc4)nc3c2)CC1,0.6866
N#Cc1ccc(-c2cn(CCN3CCC3)c(C3CCN(c4ncnc(N)c4Br)CC3)n2)cc1F,0.8
O=C(CC(Cc1ccc(Cl)c(Cl)c1)C(=O)N1CCN(c2ncnc3ccccc23)CC1)NCc1ccc(F)cc1,0.6571
Cn1ncc(Br)c1-c1sc(C(=O)NC2CNCCC2c2ccc(F)cc2F)cc1Cl,0.6076
Cn1c(CC(=O)NC(=O)c2ccc(F)cc2F)nc(N2CCOCC2)cc1=O,0.6119
NC(COc1ccc(-c2cc3ccccc3cn2)nc1)Cc1c[nH]c2ccccc12,0.6
Cc1ccsc1CNC(=O)Cc1nc(N2CCOCC2)cc(=O)n1C,0.6087
NC(COc1cncc(-c2cnc3c(c2)CC(=O)N3)c1)Cc1cc(F)ccc1F,0.6765
NC(Cc1cc(Cl)cc(Cl)c1)C(=O)N1CCN(c2ncnc3ccc(Cl)cc23)CC1,0.7586
Cn1c(CC(=O)NCc2cc(Cl)cc(Cl)c2)nc(N2CCOCC2)cc1=O,0.6
CNC(=O)c1c(N)ncnc1N1CCC(c2nc(-c3ccc(F)c(F)c3)cn2CCN)CC1,0.6974
N#Cc1ccc(-c2cn(CCN3CCC3)c(C3CCN(c4ncnc(N)c4F)CC3)n2)cc1,0.7391
NC(=O)c1cnc(-c2cn(CCN3CCC3)c(C3CCN(c4cc(N)ncn4)CC3)n2)cc1F,0.6528
N#Cc1ccc(-c2cn(CCN3CCC3)c(C3CCN(c4cc(N)ncn4)CC3)n2)cc1F,0.791
CC1COCCN1c1nc(N2CCOCC2C)c2ccc(-c3cccc(C#N)c3)nc2n1,0.7586
Cn1cc(C(NC(=O)Cc2nc(N3CCOCC3)cc(=O)[nH]2)c2ccc(F)c(F)c2)cn1,0.6143
COc1ccc(NC(=O)Cc2nc(N3CCOCC3)cc(=O)n2C)cc1F,0.746
NC(=O)c1cc(-c2cn[nH]c2)cn2c(-c3ccccc3)c(-c3ccc(C4(N)CCC4)cc3)nc12,1
Cn1ncc(Cl)c1-c1sc(C(=O)NC2CNCCC2c2ccc(F)cc2)nc1Cl,0.6111
Cc1cnn(C)c1-c1cc(C(=O)NC2CNCCC2c2ccc(F)c(F)c2)no1,0.6164
Cc1nc(N)nc2ncc(-c3cncc(OCC(N)Cc4ccc(Br)cc4F)c3)cc12,0.6667
O=C(NC1CNCCC1c1ccc(F)c(F)c1)c1ccc(C(F)(F)F)nc1,0.6515
CC(C)c1cc(-c2cn(CCN3CCC3)c(C3CCN(c4ncnc(N)c4C(N)=O)CC3)n2)ccn1,1
CCOc1c(N)ncnc1N1CCC(c2nc(-c3ccc(Cl)c(C#N)c3)cn2CCN2CCC2)CC1,0.7564
Cn1c(CC(=O)Nc2ccc([N+](=O)[O-])cc2)nc(N2CCOCC2)cc1=O,0.6719
Cn1ncc(Cl)c1-c1ncc(C(=O)NC2CNCCC2c2ccccc2)s1,0.6618
CCOc1ccc2ncnc(N3CCN(C(=O)C(N)Cc4ccc(Cl)cc4Cl)CC3)c2c1,0.6143
NC1(C(=O)NC(Cc2ccc(Cl)cc2)C(=O)O)CCN(c2ncnc3[nH]ccc23)CC1,0.7576
NC1(C(=O)NC(CO)c2ccc(Cl)c(F)c2)CCN(c2ncnc3[nH]ncc23)CC1,0.6901
NC1(c2ccc(-c3nc4ccccn4c3-c3ccc(Cl)cc3)cc2)CCC1,0.74
CNC(=O)C(NC(=O)C1(N)CCN(c2ncnc3[nH]ccc23)CC1)c1cccc(Cl)c1Cl,0.6197
Cc1cc(F)ccc1NC(=O)Cc1nc(N2CCOCC2)cc(=O)n1-c1ccc(F)cc1F,0.6324
Cc1cnc(CNC(=O)c2cc(Br)c(-c3ccnc4[nH]ccc34)s2)cn1,0.6029
Cn1cccc1Cc1n[nH]c2ccc(-c3cncc(OCC(N)Cc4c(F)ccc(F)c4F)c3)cc12,0.6301
Cn1cnnc1-c1nc(NC(=O)c2cc(-n3cnc(C4CC4)c3)c(N3CCC4(CNC4)C3)cn2)cs1,0.6854
CCn1cc(-c2cncc(Cl)c2)nc1C1CCN(c2ncnc(N)c2C2CCC2)CC1,0.6712
NC(=O)c1cc(-c2cn(CCN3CCC3)c(C3CCN(c4cc(N)ncn4)CC3)n2)ccc1F,0.7794
NC(Cc1ccc(C(F)(F)F)cc1)C(=O)N1CCN(c2ncnc3ccc(F)cc23)CC1,0.7797
COC1CCC(n2c(=O)c(-c3ccc(C#N)cc3)cc3c(C)nc(N)nc32)CC1,0.6143
CC(C)NC(=O)C1(C(=O)NCc2ccc(F)cc2)CCN(c2ncnc3[nH]ccc23)CC1,0.6176
Cc1cc(-c2cn(C)c(C3CCN(c4ncnc(N)c4Cl)CC3)n2)ccc1F,0.6429
O=C(Cc1nc(N2CCOCC2)cc(=O)n1-c1ccccc1)c1ccccc1F,0.6094
NC(COc1cncc(-c2ccc3c(c2)C(=O)NC3)c1)Cc1cccc(F)c1F,0.6
COc1ccc2nc(-c3ccc(C4(N)CCC4)cc3)c(-c3ccccc3)n2c1,1
CN1CC(Cn2cc(-c3ccc(F)c(F)c3)nc2C2CCN(c3ncnc(N)c3Cl)CC2)C1,0.7429
COc1cccc(CC(N)COc2cncc(-c3ccc4[nH]c(C)nc(=O)c4c3)c2)c1,0.6027
O=C(NC1CNCCC1c1ccc(F)c(F)c1)c1ccc(F)cc1Cl,0.6825
COc1cc(CC(N)C(=O)N2CCN(c3ncnc4[nH]cc(C)c34)CC2)ccc1F,0.7538
O=C(Cc1nc(N2CCOCC2)cc(=O)n1-c1ccc(F)cc1)Nc1ccc(F)c(C2CCCCC2)c1,0.7042
CNCC(Nc1ncnc2c(C(N)=O)cccc12)c1ccc(F)cc1,0.8148
Cn1cnc(-c2cc(C(=O)NC3CNCCC3c3cccc(F)c3)ncc2Cl)c1,0.6133
Cc1cn(C)c(C(C)NC(=O)C2(N)CCN(c3ncnc4[nH]ccc34)CC2)n1,0.6667
NC(=O)C(Cc1ccc(Cl)cc1)NC(=O)c1cc(Br)c(-c2ccnc3[nH]ccc23)s1,0.6571
CCn1cc(-c2ccnc(C(C)C)c2)nc1C1CCN(c2ncnc(N)c2C#N)CC1,0.8169
O=C(N1CCN(c2ncnc3[nH]nc(Br)c23)CC1)C1(c2ncc(Cl)cc2F)CC1,0.6232
CC(=O)Nc1ccc(Oc2ccc(C(=O)NC3CNCCC3c3cccc(F)c3)nc2)cc1,0.6
Cn1cc(-c2ccc3ncnc(N4CCN(C(=O)C(N)Cc5ccc(Cl)cc5)CC4)c3c2)cn1,0.7429
Cc1ccc(NC(=O)Cc2nc(N3CCOCC3)cc(=O)n2-c2ccc(F)cc2F)cc1F,0.6056
NC1(C(=O)NC(CF)c2ccc(F)c(Cl)c2)CCN(c2ncnc3[nH]ccc23)CC1,0.7101
CCc1c(N)ncnc1N1CCC(c2nc(-c3cc(Cl)n(C)n3)cn2CC2CNC2)CC1,0.6623
O=C(Cc1nc(N2CCOCC2)cc(=O)n1-c1ccc(F)cc1F)Nc1ccc(Br)cc1,0.6
NC1(c2ccc(-c3nc4c(Br)cc(C(=O)NCCO)nn4c3-c3ccccc3)cc2)CCC1,0.7361
O=C(Cc1nc(N2CCOCC2)cc(=O)n1-c1cccc(Cl)c1)N1CCc2ccccc21,0.85
Cc1cc(-c2cn(CCN(C)C(C)C)c(C3CCN(c4cc(N)ncn4)CC3)n2)ccc1F,0.7273
CC(C)NCCn1cc(-c2ccc(C(F)(F)F)c(F)c2)nc1C1CCN(c2ncnc(N)c2C(N)=O)CC1,0.8961
Cn1ccc(-c2cc(C(=O)NC3CNCCC3c3cc(F)cc(F)c3)ccc2F)n1,0.6324
O=C(NC(c1ccc(Cl)c(F)c1)C1CCNCC1)c1ccccc1Cl,0.6032
Nc1ncnc(N2CCC(c3nc(-c4ccc(F)cc4)cn3CC3CCNCC3)CC2)c1Cl,0.7059
Cn1c(CC(=O)N2CC(C)(C)c3cccc(F)c32)nc(N2CCOCC2)cc1=O,0.7692
O=C(NC(c1cccc(Cl)c1)C1CCNCC1)c1cnc(Cl)c(Cl)c1,0.6452
NC1(c2ccc(-c3nc4cc(C(O)=NO)ccn4c3-c3ccccc3)cc2)CCC1,0.6964
COCCOc1ccc(Cl)cc1NC(=O)C1(N)CCN(c2ncnc3[nH]ccc23)CC1,0.64
O=C(Nc1cn2nc(-c3cnc(Cl)c(NS(=O)(=O)c4c(F)cccc4F)c3)ccc2n1)C1CC1,0.6267
O=C(Cc1nc(N2CCOCC2)cc(=O)n1-c1ccc(F)cc1F)Nc1ccc(F)c(C2CCCCC2)c1,0.6849
O=C(Cc1nc(N2CCOCC2)cc(=O)[nH]1)Nc1cc(C(=O)NCC2CC2)ccc1F,0.6618
Cn1ncc(Cl)c1C(=O)NC1CNCCC1c1ccc(Cl)cc1,0.6885
Cc1cc(-c2cn(CCN(C)C)c(C3CCN(c4ncnc(N)c4Br)CC3)n2)ccc1OC(F)F,0.6875
Cn1c(CC(=O)NC2CSc3ccc(F)c(F)c3C2)nc(N2CCOCC2)cc1=O,0.6
Cc1c(C(=O)NC2CNCCC2c2cccc(F)c2)nn(C)c1-c1c(Br)cnn1C,0.6986
COc1ccc(-n2c(CC(=O)Nc3ccc(F)c(C4CC4)c3)nc(N3CCOCC3)cc2=O)cc1,0.7324
Nc1cccn2c(-c3ccccc3)c(-c3ccc(C4(N)CCC4)cc3)nc12,0.8085
O=C(NC1CNCCC1c1ccc(F)c(F)c1)c1ccc2c(c1)Cc1ccccc1-2,0.6029
O=C(NCCc1nc(N2CCOCC2)cc(=O)[nH]1)c1c(F)cccc1F,0.6
NC1(c2ccc(-c3nnc4n3-c3cccnc3Nc3ccccc3-4)cc2)CC1,0.9184
Nc1ncnc(N2CCC(c3nc(-c4ccc(F)c(C(F)(F)F)c4)cn3CC(=O)N3CCc4ccccc4C3)CC2)c1Br,0.6512
Cn1ncc2nc(C(=O)NC3CNCCC3c3ccc(F)c(F)c3)ccc21,0.6056
Cc1cc(-c2ccc(C(=O)NC3CNCCC3c3cccc(F)c3)cc2F)nn1C,0.6111
O=C(Nc1cccc(Cl)c1)NC(Cc1ccc(Cl)cc1)C(=O)N1CCN(c2ncnc3ccccc23)CC1,0.6324
CCOc1c(F)c(N2CCOCC2)nc(CC(=O)N2c3cc(F)c(F)cc3CC2C)c1Cl,0.625
CC(C)n1cnnc1-c1nc(NC(=O)c2cc(-n3cnc(C4CC4)c3)c(N3CCC(F)C3)cn2)cs1,0.7586
O=C1CCN(C(=O)Cc2nc(N3CCOCC3)cc(=O)n2-c2cccnc2)c2cccnc2N1,0.6164
NC(=O)CC(NC(=O)C1(N)CCN(c2ncnc3[nH]ncc23)CC1)c1cccc(F)c1,0.6081
Cn1c(CC(=O)NCCNC(=O)c2c(F)cccc2F)nc(N2CCOCC2)cc1=O,0.6269
NC(Cc1ccc(Cl)c(Cl)c1)C(=O)N1CCN(c2ncnc3cccc(Br)c23)CC1,0.7419
N#Cc1ccc(N2CCC(c3nc(-c4ccc(F)c(F)c4)cn3CCN3CCCC3)CC2)nc1,0.6957
Cc1c(CC(N)C(=O)N2CCN(c3ncnc4c3C(C)SC4)CC2)cnn1C,0.6618
O=C(NC(c1cccc(F)c1)C1CCNCC1)c1cccc(Cl)c1,0.623
CC1COCCN1c1nc(N2CCOCC2C)c2ccc(-c3cccc(C(=O)NCc4ccco4)c3)nc2n1,0.6111
Cn1c(CC(=O)N2CCc3c(Cl)cccc32)nc(N2CCOCC2)c(OCc2c(F)cccc2F)c1=O,0.6053
CC(=O)N1CCC(c2ccncc2NC(=O)Cc2nc(N3CCOCC3)cc(=O)n2C)CC1,0.6
Nc1ncnc(N2CCC(c3nc(-c4cccc(C(F)(F)F)c4)cn3CCN3CCC3)CC2)c1Br,0.8056
CC1SCc2ncnc(N3CCN(C(=O)NCc4ccc(Cl)c(Cl)c4)CC3)c21,0.6027
Cc1n[nH]c2ccc(-c3cncc(OCC(N)Cc4ccc(Cl)c(F)c4)c3)cc12,1
Cn1c(CC(=O)NCc2c(F)c(F)c(F)c(F)c2F)nc(N2CCOCC2)cc1=O,0.6349
Cc1cc(C(=O)NC2CNCCC2c2ccc(F)c(F)c2)c(-n2nccn2)cc1C,0.6176
NC(Cc1ccc(Cl)c(F)c1)C(=O)N1CCN(c2ncnc3[nH]ccc23)CC1,0.7667
Cn1ncc(-c2nc(C(=O)NC3CNCCC3c3ccc(F)c(F)c3)c(Cl)cc2Cl)c1Cl,0.6267
O=C(NC(c1cccnc1)C1CCNCC1)c1ccc(F)c(Cl)c1,0.6308
Cc1n[nH]c2ccc(-c3cncc(OCC(N)Cc4ccc(Cl)cc4F)c3)cc12,0.8361
CC(CCc1ccccc1)NC(=O)C1(N)CCN(c2ncnc3[nH]ccc23)CC1,0.6818
Cn1ccc2cc(-c3cncc(OCC(N)Cc4ccc(Cl)c(F)c4)c3)ccc2c1=O,0.6164
COc1cc(C(=O)NC(c2ccc(Cl)c(Cl)c2)C2CCNC2)ccn1,0.6364
COc1c2cc(C(=O)NC3CNCCC3c3ccc(F)cc3)c(F)cc2nn1C,0.6056
Nc1cc(N2CCC(c3nc(-c4ccc(F)c(F)c4)cn3CCN3CCCC3)CC2)ncn1,1
Cn1c(=O)cc(N2CCOCC2)nc(CC(=O)Nc2ccc(F)c(Br)c2)c1=O,0.8167
Cc1n[nH]c2cnc(-c3cncc(OCC(N)Cc4c[nH]c5ccccc45)c3)cc12,1
NC1(c2ccc(-c3nc4cnc(C=O)cn4c3-c3ccccc3)cc2)CCC1,0.6316
COCCNC(=O)c1cc(Br)c(-c2ccnc3[nH]ccc23)s1,0.6406
NC(COc1cncc(-c2ccc3c(c2)CC(=O)N3)c1)Cc1c(F)ccc(F)c1F,0.6429
NC(=O)c1c(N)ncnc1N1CCC(c2nc(-c3cccc(Cl)c3)ccc2F)CC1,0.6351
O=C(Cc1nc(N2CCOCC2)cc(=O)[nH]1)NC1CCCc2c1cnn2-c1ccc(F)cc1F,0.6
O=C(NC(c1ccc(F)c(Cl)c1)C1CCNCC1)c1cnc(Cl)c(Cl)c1,0.6
O=C(Cc1nc(N2CCOCC2)cc(=O)n1-c1ccccc1)Nc1ccc(N2CCOCC2)cc1,0.6094
NC1(C(=O)NC(=O)c2cc(F)ccc2Cl)CCN(c2ncnc3[nH]ccc23)CC1,0.6029
NC1(c2ccc(-c3nc4ncc(Cl)cn4c3-c3ccccc3)cc2)CCC1,0.6981
COc1ccc(CC(N)COc2cncc(-c3ccc4[nH]ncc4c3)c2)cc1,0.6308
O=C(N1CCN(c2ncnc3ccc(Cl)cc23)CC1)C1(c2ccc(Cl)cc2)CC1,0.6066
NC1(C(=O)Nc2cccc(F)c2)CCN(c2ncnc3[nH]ccc23)CC1,0.6154
CCn1cc(-c2ccc(F)c(C(F)(F)F)c2)nc1C1CCN(c2ncnc(N)c2C(=O)NC)CC1,0.7564
Cc1cc(-c2cn(CC3CN(C)C3)c(C3CCN(C(=O)C4CC4)CC3)n2)ccc1F,0.6053
NC1(c2ccc(-c3nc4n(c3-c3ccc(F)cc3)COc3ccncc3-4)cc2)CC1,0.7759
Cn1nccc1-c1cnc2ccc(C(=O)NC3CNCCC3c3cccc(F)c3)cn12,0.6757
COc1ccc(F)c(F)c1-c1cn(CCN(C)C)c(C2CCN(c3ncnc(N)c3Br)CC2)n1,0.6709
CC(=O)c1cc(-c2cn(CCN3CCC3)c(C3CCN(c4ncnc(N)c4C)CC3)n2)ccc1F,0.7436
CC(NC(=O)C1(N)CCN(c2ncnc3[nH]ccc23)CC1)c1ccc(C(F)F)nc1,0.7619
Cn1ncc(Cl)c1-c1cc(C(=O)NC2CNCCC2c2cccc(F)c2)oc1Cl,0.8333
Nc1ncnc(N2CCC(c3nc(-c4cccc(C(F)(F)F)c4)cn3CCN3CCC3)CC2)c1Cl,0.8056
CC1COCCN1c1nc(N2CCOCC2C)c2ccc(-c3ccc(C(N)=O)c(F)c3)nc2n1,0.6462
Nc1cc(N2CCC(c3nc(-c4cc(F)cc(Cl)c4)cn3CCN3CCCC3)CC2)ncn1,0.7576
Cn1c(CC(=O)NCCCc2ccc(F)cc2F)nc(N2CCOCC2)cc1=O,0.6
Cc1nccc(N2CCC(c3nc(-c4ccc(F)c(C)c4)cn3CCNC(C)C)CC2)n1,0.6456
Cc1cc(-c2c(-c3ccc(C4(N)CCC4)cc3)nc3c(C(N)=O)ccnn23)ccn1,0.7333
NC1(c2ccc(-c3nc4n(c3-c3ccsc3)COc3cnccc3-4)cc2)CC1,0.7213
N#Cc1cc(-c2cn(CCN3CCCC3)c(C3CCN(c4ncncc4C#N)CC3)n2)ccc1F,0.6667
Nc1ncnc(N2CCC(c3nc(-c4ccc(F)c(F)c4)cn3CCN3CCCC3)CC2)c1C(=O)O,0.7826
NC(=O)C1(C(=O)NCc2ccc(F)c(F)c2)CCN(c2ncnc3[nH]ccc23)CC1,0.6154
Cn1nc(-c2ccc(C(=O)NC3CNCCC3c3cccc(F)c3)cc2)c2cncnc21,0.6316
O=C(Cc1nc(=O)cc(N2CCOCC2)[nH]1)N1CCc2c(Br)cccc21,0.7333
Cc1c[nH]c2ncnc(N3CCC(N)(C(=O)NCc4ccc(F)cc4)C3)c12,0.6567
Cn1nc(C(F)(F)F)c2cc(-c3cncc(OCC(N)Cc4c[nH]c5ccccc45)c3)cnc21,0.6944
NC(=O)C1CCN(Cn2cc(-c3ccc(F)c(F)c3)nc2C2CCN(c3cc(N)ncn3)CC2)C1,0.6712
N#Cc1c(N)ncnc1N1CCC(c2nc(-c3ccc(F)c(F)c3)cn2CC(=O)NC2CC2)CC1,0.7013
NC(Cc1cc(Br)c(O)c(Br)c1)C(=O)N1CCN(c2ncnc3cccc(Br)c23)CC1,0.6154
Cn1cnnc1-c1cc(NC(=O)Cc2nc(N3CCOCC3)cc(=O)[nH]2)ccc1F,0.7121
Cc1c(Cl)c(-c2ccc(C(=O)NC3CNCCC3c3cccc(F)c3)cc2Cl)nn1C,0.6267
Cn1ncc(-c2cnc(C(=O)NC3CNCCC3c3cccc(F)c3)cc2F)c1Cl,0.6575
NC(=O)c1cccc2c(NC(CN3CCC3)c3cc(F)c(F)c(F)c3)ncnc12,0.8475
Cn1ncc(C(=O)NC2CNCCC2c2ccc(F)c(F)c2)c1-c1cc(Cl)cc(Cl)c1,0.7424
Cc1cn(-c2cc(C(=O)Nc3csc(-c4nncn4C4CC4)n3)ncc2N2CCOC(C#N)C2)cn1,0.6742
COc1ccc(-c2cn(CCN3CCC3)c(C3CCN(c4cc(N)ncn4)CC3)n2)c(F)c1,0.6667
CCn1cc(C2CCCCC2)nc1C1CCN(c2ncnc(N)c2C#N)CC1,0.7833
NC1(c2ccc(-c3nc4n(c3-c3ccccc3)COc3nccnc3-4)cc2)CCC1,0.7857
NC(Cc1ccc(Cl)cc1)C(=O)N1CCN(c2ncc(Br)cn2)CC1,0.6545
Cc1cccc2ncnc(N3CCN(C(=O)C(N)Cc4cc(F)c(F)cc4F)CC3)c12,0.6875
O=C(NC1CNCCC1c1ccc(F)c(F)c1)c1ccc(C(F)(F)F)cc1,0.6393
Cn1ncc(-c2sc(C(=O)NC3CNCCC3c3cccc(F)c3)cc2Cl)n1,0.6447
CC(C)Oc1c(N)ncnc1N1CCC(c2nc(-c3cccc(CN)c3)cn2CCNCC2CC2)CC1,0.6292
CCn1cc(C(F)(F)F)nc1C1CCN(c2ncnc(N)c2C#N)CC1,0.6081
Cn1ncc(C(=O)NC2CNCCC2c2ccc(F)cc2)c1-c1cc(F)cnc1F,0.6
Cc1ncc(NC(=O)c2cc(NC(=O)Cc3nc(N4CCOCC4)cc(=O)[nH]3)cnc2C)cn1,0.6176
O=C(NC(c1cccc(Cl)c1)C1CCNC1)c1ccc(Cl)c(Cl)c1,0.629
O=C(NC1CNCCC1c1ccc(F)cc1)c1cc(F)c(N2CCOCC2)cc1F,0.6119
Cn1c(CC(=O)Nc2cc(F)c(-n3cncn3)c(F)c2)nc(N2CCOCC2)cc1=O,0.6377
NC(=O)c1ccc(-c2cnc3cc(-c4ccccc4)c(-c4ccc(C5(N)CCC5)cc4)nn23)cn1,0.8226
O=C(Cc1nc(N2CCOCC2)cc(=O)n1-c1ccc(F)cc1F)N1CCc2ccccc21,0.75
O=C(Cc1nc(N2CCOCC2)cc(=O)n1-c1ccccc1)c1cccs1,0.6
CCc1c(N)ncnc1N1CCC(c2nc(-c3ccnc(C(F)(F)F)c3)c[nH]2)CC1,0.6533
CC(Cc1ccc(Cl)cc1)C(=O)N1CCN(c2ncnc(N)c2Cl)CC1,0.7885
Cc1cc2c(-c3cncc(OCC(N)Cc4cccc(F)c4)c3)ccnc2[nH]1,0.6
Cc1n[nH]c2ccc(-c3cncc(OCC(N)Cc4ccc(F)cc4F)c3)cc12,1
Cc1ncccc1C(=O)NCC(Cc1ccc(Cl)cc1)C(=O)N1CCN(c2ncnc3ccccc23)CC1,0.6286
Cn1cc(-c2cc(Cl)c(C(=O)NC3CNCCC3c3ccc(F)c(F)c3)c(Cl)c2)cn1,0.6957
CC1(C)C(=O)Nc2ccc(-c3cncc(OCC(N)Cc4ccc(Br)cc4F)c3)cc21,0.6479
Cn1c(CC(=O)N2CCN(C(=O)CCc3cccc(Cl)c3Cl)CC2)nc(N2CCOCC2)cc1=O,0.6232
Nc1ncnc(N2CCC(c3nc(-c4cncc(Br)c4)cn3CCN3CCCC3)CC2)c1Br,0.7313
CCn1cc(-c2ccc(F)c(Cl)c2)nc1C1CCN(c2ncnc(N)c2CNC)CC1,0.7067
O=C(NC1CNCCC1c1cc(F)cc(F)c1)c1cc2c(s1)CCCn1nccc1-2,0.8636
Cn1c(CC(=O)N2CCN(C(=O)c3cccc(F)c3Cl)CC2)nc(N2CCOCC2)cc1=O,0.6143
CCc1ncc(OCC(N)Cc2c[nH]c3ccccc23)cc1-c1ccnc2[nH]ccc12,0.6761
Cn1ncc(Cl)c1-c1nc(C(=O)NC2CNCCC2c2ccccc2)cs1,0.6338
NC(=O)C(Cc1ccc(O)cc1)NC(=O)c1cc(Br)c(-c2ccnc3[nH]ccc23)s1,0.6667
O=C(NC1(c2ccccc2)CCN(c2ncnc3[nH]nc(Br)c23)CC1)C1(c2ccc(Cl)cc2)CCNCC1,0.7206
O=C(NC1CN(c2ncnc3[nH]ccc23)C1)C1(c2ccc(Br)cc2)CC1,0.619
NC(=O)c1ccc(C(=O)NC2CNCCC2c2ccc(F)c(F)c2)nc1,0.6029
CC1(C)C(=O)Nc2ccc(-c3cncc(OCC(N)Cc4c(F)cc(F)cc4F)c3)cc21,0.6269
CNC(=O)c1ccc(C)c(NC(=O)Cc2nc(N3CCOCC3)cc(=O)[nH]2)c1,0.6769
Cn1c(CC(=O)Nc2ccc(CCC(=O)NCc3cccc(F)c3)cc2)nc(N2CCOCC2)cc1=O,0.6
NC(=O)c1c(N)ncnc1N1CCC(c2nc(-c3ccc(F)c(F)c3)cn2CCF)CC1,0.7746
COc1ccc(CC(N)COc2cncc(-c3ccc4[nH]nc(C)c4c3)c2)cc1,0.8246
Cc1nc(NC(CN2CCC2C2CCN(C)CC2)c2cccc(F)c2)c2cccc(C(N)=O)c2n1,0.6301
Cc1ccc2ncnc(N3CCC(N)(C(=O)NC(CO)c4ccc(Cl)cc4)CC3)c2n1,0.6618
O=C(Cc1nc(N2CCOCC2)cc(=O)n1-c1ccccc1Cl)Nc1ccc(F)c(Br)c1,0.7059
N#Cc1ccc(F)c(CNC(=O)C2(N)CCN(c3ncnc4[nH]ccc34)CC2)c1,0.6418
O=C(NC1CNCCC1c1ccc(F)c(F)c1)c1cnn(-c2ccc(F)c(F)c2)c1,0.6212
Cc1nc(-c2c(Br)cnn2C)sc1C(=O)NC1CNCCC1c1cccc(F)c1,0.7162
NC(=O)c1ccnc2c(NC(CN3CCCCC3)c3cc(F)cc(F)c3)ncnc12,0.8
O=C(NC(c1ccc(Cl)c(F)c1)C1CCNCC1)c1cccc(F)c1,0.6613
Nc1cc(N2CCC(c3nc(-c4ccc(C(F)(F)F)cn4)cn3CCN3CCCCC3)CC2)ncn1,0.6622
Nc1ncnc(N2CCC(c3nc(-c4ccc(F)c(Cl)c4)cn3CCN3CCC3)CC2)c1C1CC1,0.8028
O=C(NC(c1ccc(Cl)c(Br)c1)C1CCNC1)c1ccncc1,0.6349
COc1ccc2ncnc(N3CCN(C(=O)C(N)Cc4ccc(F)cc4)CC3)c2c1,0.6515
Cc1ccc(NC(=O)C2(CN)CCN(c3ncnc4[nH]ccc34)CC2)cc1Cl,0.6232
NC(Cc1cc(F)c(F)cc1F)C(=O)N1CCN(c2ncnc3ccc(F)cc23)CC1,0.625
O=C(NC(c1ccc(Cl)c(Cl)c1)C1CCNCC1)c1ccncc1,0.7455
O=C(NC(c1ccc(Cl)c(F)c1)C1CCNCC1)c1cnc(C(F)(F)F)c(Cl)c1,0.6269
Cc1ccc(F)cc1CC(N)COc1cncc(-c2ccc(F)c(C(N)=O)c2)c1,0.6418
NC1(C(=O)NC(CC(F)(F)F)c2ccc(F)cc2)CCN(c2ncnc3[nH]ccc23)CC1,0.7344
Nc1n[nH]c2ccc(-c3cncc(OCC(N)Cc4ccc(F)cc4F)c3)cc12,0.8475
O=C(Cc1nc(N2CCOCC2)cc(=O)n1-c1ccc(F)c(Cl)c1)Nc1ccc(Br)c(F)c1,0.6338
NC(Cc1ccc(F)c(F)c1)C(=O)N1CCN(c2ncnc3cccc(Br)c23)CC1,0.7419
Cc1cc(-c2cn(CC(=O)NCC3CC3)c(C3CCN(c4ncnc(N)c4C#N)CC3)n2)ccn1,0.6207
Cn1ncc(Cl)c1-c1cc(C(=O)NC2(C)CCCC2)oc1Cl,0.629
CC(NC(=O)CNC(=O)C1(N)CCN(c2ncnc3[nH]ccc23)CC1)c1ccc(Br)cc1,0.8226
Cn1c(CC(=O)NC2Cc3ccc(F)cc3C2)nc(N2CCOCC2)cc1=O,0.6471
N#Cc1cc(-c2cc[nH]n2)c2nc(-c3ccc(C4(N)CCC4)cc3)c(-c3ccccc3)n2n1,0.7656
CN(C)CCn1ncnc1-c1nc(NC(=O)c2cc(-n3cnc(C4CC4)c3)c(N3CC4CC4C3)cn2)cs1,0.6667
CC(=O)Nc1ccc2ncnc(N3CCN(C(=O)C(N)Cc4ccc(Cl)cc4)CC3)c2c1,0.8667
COCCNC(=O)c1cccc(-c2ccc3c(N4CCOCC4C)nc(N4CCOCC4C)nc3n2)c1,0.6377
NC1(c2ccc(-c3nc4n(c3-c3ccccc3)COc3cccnc3-4)cc2)CC(O)c2ccccc21,0.6571
CNC(=O)C(NC(=O)c1cc(Br)c(-c2ccnc3[nH]ccc23)s1)c1ccncc1,0.6377
Nc1ncnc(N2CCC(c3nc(-c4ccncc4)cn3CCN3CCCC3)CC2)c1Cl,0.8226
O=C(C(S)Cc1ccc(F)cc1)N1CCN(c2ncnc3ccccc23)CC1,0.6393
NCC(NC(=O)c1cc(Br)c(-c2ccnc3[nH]ccc23)s1)c1ccccc1,1
O=C(NC(c1ccc(Cl)c(Cl)c1)C1CCNC1)c1ccnc(Cl)c1,0.6885
O=C(Cc1nc(N2CCOCC2)cc(=O)[nH]1)N1CCc2c(F)cccc2C1c1ccc(C(F)(F)F)cc1,0.6081
CC(c1ccc2c(c1)OCn1c-2nc(-c2ccc(C3(N)CC3)cc2)c1-c1ccccc1)N1CCN(C)CC1,0.6029
Nc1ncnc(N2CCC(c3nc(-c4ccnc(C(F)(F)F)c4)cn3CCN3CCC3)CC2)c1C(F)(F)F,0.8406
Cn1ncc(Br)c1-c1sc(C(=O)NC2CNCCC2c2ccc(F)cc2F)cc1Br,0.6316
Cc1cc(-c2cn(CC3CCC3)c(C3CCN(c4ncnc(N)c4C#N)CC3)n2)cc(C)c1F,0.72
N#Cc1c(N)ncnc1N1CCC(c2nc(-c3cc(F)c(F)c(F)c3)cn2CCN2CCCC2)CC1,0.8507
CNC(COc1cncc(-c2ccc3[nH]nc(C)c3c2)c1)COC(F)(F)F,0.6212
Cc1cc(C#N)cn2c(-c3ccccc3)c(-c3ccc(C4(N)CCC4)cc3)nc12,0.7636
O=C(N1CCN(c2ncnc3ccc(Cl)cc23)CC1)C1(c2ccc(Cl)c(Cl)c2)CCNCC1,0.6667
COc1ccc(C(=O)NC2CNCCC2c2ccc(F)c(F)c2)cc1F,0.6308
Cn1c(CC(=O)N2CC(C)(C)c3c(Cl)cccc32)nc(N2CCOCC2)c(Cl)c1=O,0.7273
Cn1ncc(Br)c1-c1cc(C(=O)NC(CN)Cc2cc(F)c(F)cc2F)oc1Cl,0.6667
CNC(=O)C1(N)CCN(c2ncnc3[nH]cc(Cl)c23)C1,0.6129
CCCN=c1nc(N2CCC(c3nc(-c4ccc(F)c(C)c4)cn3CCN3CCCC3)CC2)c(Br)c[nH]1,0.6173
CCC(NC(=O)C1(F)CCN(c2ncnc3[nH]ccc23)CC1)c1ccc(Cl)c(F)c1,0.662
CNC(=O)c1[nH]nc2ccc(-c3cncc(OCC(N)Cc4cccc(Cl)c4)c3)cc12,0.662
NC(=O)CCC(N)C(=O)N1CCN(c2ncnc3ccc(N)cc23)CC1,0.6833
O=C(NC1CNCCC1c1ccccc1)c1cc(-c2ncc(F)cn2)c(Cl)o1,0.6618
Cn1nc(-c2ccc(C(=O)NC3CNCCC3c3cccc(F)c3)c(F)c2)o1,0.6377
O=C(NC(c1ccc(Cl)c(F)c1)C1CCNCC1)c1cccnc1Cl,0.6061
Cn1ncc(NC(=O)Cc2nc(N3CCOCC3)cc(=O)[nH]2)c1Cl,0.6349
NC(Cc1ccc(F)c(F)c1)C(=O)N1CCN(c2ncnc3cccc(F)c23)CC1,0.7797
Cn1c(CC(=O)NC2CCC(c3ccc(F)c(F)c3)CC2)nc(N2CCOCC2)cc1=O,0.6667
NC(COc1cncc(-c2ccc3c(c2)CC(=O)N3)c1)Cc1ccc(Cl)c(F)c1,0.6338
Cc1c(Br)ccc(NC(=O)Cc2nc(N3CCOCC3)cc(=O)n2C)c1F,0.6923
Cc1nc(-c2coc(C(=O)NC3CNCCC3c3ccc(F)c(F)c3)c2)cn1C,0.6622
CCC(NC(=O)C1(N)CCN(c2ncnc3[nH]ccc23)CC1)c1cc(F)cc(Cl)c1,0.7879
O=C(NCc1nc[nH]n1)c1cc(Br)c(-c2ccnc3[nH]ccc23)s1,0.6212
CCn1c(-c2nonc2N)nc2c(C#CC(C)(C)F)nc(Cl)cc21,0.6349
O=C(N1CCN(c2ncnc3[nH]cc(Br)c23)CC1)C1(c2ccc(F)cc2)CC1,0.7377
CCc1c(N)ncnc1N1CCC(c2nc(-c3ccc(F)c(C#N)c3)cn2CCN2CCC2)CC1,0.831
Cc1cccc2c1CCN2C(=O)Cc1nc(N2CCOCC2)cc(=S)n1C,0.8197
N#Cc1cc(-c2cn(CCN3CCC3)c(C3CCN(c4cc(N)ncn4)CC3)n2)ccc1Cl,0.6901
O=C(Cc1nc(N2CCOCC2)cc(=O)[nH]1)NCC(=O)Nc1ccc(Cl)c(F)c1,0.7419
N#Cc1ccc2ncnc(N3CCN(C(=O)C(N)Cc4ccc(F)cc4)CC3)c2c1,0.6515
NC1(c2ccc(-c3nc4n(c3-c3ccccc3)COc3cccnc3-4)cc2)CC1,0.9216
Cc1n[nH]c2ccc(-c3cncc(OCC(N)c4cccc(F)c4)c3)cc2c1=O,0.6618
CC(NC(=O)C(N)c1ccc(Cl)cc1)C(=O)N1CCN(c2ncnc3ccccc23)CC1,0.625
Cc1c[nH]c2ncnc(N3CCC(NC(=O)c4ccccc4F)C3)c12,0.6
NC1(C(=O)NC(=O)c2cccc(C(F)(F)F)c2)CCN(c2ncnc3[nH]ccc23)CC1,0.6143
Cn1c(CC(=O)Nc2cc(F)c(F)c(F)c2)nc(N2CCOCC2)cc1=O,0.7458
Nc1cc(N2CCC(c3nc(-c4ccc(F)c(C(F)(F)F)c4)cn3CCNCCO)CC2)ncn1,0.7534
CC(NC(=O)Cc1nc(N2CCOCC2)cc(=O)n1C)c1c(F)cccc1F,0.6119
NC(=O)c1cccc2c(NC(CN3CCC3)c3ccc(F)c(F)c3)ncnc12,1
Cc1n[nH]c2cnc(-c3cncc(OCC(N)Cc4c(F)cc(F)cc4F)c3)cc12,0.8448
NC1(C(=O)N2CCC2C(=O)NCc2ccc(F)cc2)CCN(c2ncnc3[nH]ccc23)CC1,0.6087
Nc1cc(N2CCC(c3nc(-c4ccc(F)c(F)c4)cn3CC(=O)N3CCC3)CC2)ncn1,0.7101
CC1SCc2ncnc(N3CCN(C(=O)C(N)Cc4cc(C(N)=O)ccc4N)CC3)c21,0.6571
O=C(NC(c1ccc(Cl)c(Cl)c1)C1CCNCC1)c1cn[nH]c1,0.661
Cc1n[nH]c2cnc(-c3cncc(OCC(N)Cc4cccc(Cl)c4)n3)cc12,0.6087
COCCNC(=O)Cn1cc(-c2ccc(F)c(Cl)c2)nc1C1CCN(c2ncnc(N)c2C(N)=O)CC1,0.6905
Cc1n[nH]c2cnc(-c3cncc(OCC(N)Cc4ccc(Br)cc4F)c3)cc12,0.7969
Cc1c(NC(=O)Cc2nc(N3CCOCC3)cc(=O)n2C)sn1C,0.6212
COc1c(N)ncnc1N1CCC(c2nc(-c3ccc(F)c(C)c3)cn2CC(C)N)CC1,0.7568
O=C(NC(c1ccc(Cl)c(Cl)c1)C1CCNCC1)c1ccc(Cl)c(F)c1,0.7069
Cn1c(CC(=O)NC(=O)c2c(F)cccc2F)nc(N2CCOCC2)cc1=O,0.6308
Nc1ncnc(N2CCC(c3nc(-c4cc(F)cc(Cl)c4)cn3CCN3CCC3)CC2)c1Br,0.7606
Cn1ncc(Cl)c1-c1cc(C(=O)NC(CN)Cc2cccc(F)c2)cc(N2CCOCC2)n1,0.6076
CN(C)c1ccc2ncnc(N3CCN(C(=O)C(N)Cc4ccc(F)cc4)CC3)c2c1,0.6515
Cn1ncc(Br)c1-c1cc(C(=O)NC2CNCCC2c2ccccc2)on1,0.625
CC1(O)CC(N)(c2ccc(-c3nc4n(c3-c3ccccc3)CCc3ccc(C(=O)NCCO)cc3-4)cc2)C1,0.7532
Cc1sc(C(=O)NC(CN)Cc2c(F)cccc2F)cc1-c1c(Cl)cnn1C,0.6912
O=C(Cc1ccc(Cl)cc1)NC(Cc1ccc(Cl)cc1)C(=O)N1CCN(c2ncnc3ccccc23)CC1,0.7049
Cn1cc(Cl)c(-c2ccc(C(=O)NC3CNCCC3c3cccc(F)c3)cc2Cl)n1,0.6301
CC(=O)c1cnc(N2CCC(N)(CNC(=O)c3cccc(F)c3)C2)c(Cl)c1,0.6164
CCc1c(N)ncnc1N1CCC(c2nc(-c3ccc(F)cc3)cn2CCN2CCCC2)C(F)C1,0.7826
Nc1ncnc(N2CCC(c3nc(-c4ccc(F)nc4)cn3CCNC3CCCC3)CC2)c1Br,0.6351
O=C(O)c1cc(Br)c(-c2ccnc3[nH]ccc23)s1,0.6491
Cn1ccc(-c2c(C(=O)NC3CNCCC3c3cc(F)cc(F)c3)cnn2C)n1,0.6087
CC1(O)CC(N)(c2ccc(-c3nc4ccc(C(N)=O)cn4c3-c3ccccc3)cc2)C1,0.7679
Nc1n[nH]c2ccc(-c3cncc(OCC(N)Cc4c(F)cc(F)cc4F)c3)cc12,0.8421
N#Cc1cccc(-c2cn(CCN3CCCC3)c(C3CCN(c4ncnc(N)c4Cl)CC3)n2)c1,0.7857
CNC(=O)Cc1nc(N2CCOCC2)cc(=O)n1C,0.6379
Cc1c(-c2coc(C(=O)NC3CNCCC3c3ccccc3)c2)cnn1C,0.625
COc1nn(C)c2cc(NC(=O)Cc3nc(N4CCOCC4)cc(=O)n3C)ccc12,0.6286
NC(COc1cncc(-c2ccc3[nH]c(=O)[nH]c3c2)c1)Cc1c(F)cccc1F,0.7049
Cn1ncc(Br)c1-c1sc(C(=O)NC(CN)Cc2ccc(F)c(F)c2)cc1Cl,0.6111
NC1(c2ccc(-c3nc4n(c3-c3ccccc3)COc3nccnc3-4)cc2)CC1,0.7857
CC(NC(=O)C1(N)CCN(c2ncnc3ccc(F)cc23)CC1)c1cc(F)c(F)c(F)c1,0.6269
O=C(Cc1nc(N2CCOCC2)cc(=O)n1C1CCCCCC1)Nc1ccc(F)c(F)c1F,0.6029
CC(NC(=O)C1(N)CCN(c2ncnc3[nH]ccc23)CC1)c1ccccc1,0.8246
O=C(NC(c1ccc(Cl)c(F)c1)C1CCNCC1)N1Cc2ccncc2C1,0.6418
NC(=O)Cn1cc(-c2ccc(F)c(Cl)c2)nc1C1CCN(c2ncnc(N)c2Br)CC1,0.75
Nc1ncnc(N2CCC(c3nc(-c4ccc(F)c(Cl)c4)cn3CCN3CCC3)CC2)c1[N+](=O)[O-],0.8158
O=C(NCc1ccc(Cl)c(Cl)c1)N1CCN(c2ncnc3ccccc23)CC1,0.6833
NC(=O)c1nc(-c2cncc(OCC(N)Cc3c[nH]c4ccccc34)c2)c(Cl)cc1Cl,0.6111
O=C(NC(c1ccc(Cl)c(Cl)c1)C1CCNC1)c1ccnnc1Cl,0.625
CCN1CCN(C(=O)CCC(NC(=O)C2(N)CCN(c3ncnc4ccccc34)CC2)c2cccc(Cl)c2)CC1,0.6049
O=C(NC1CNCCC1c1ccc(F)cc1)c1cccc(-c2ccn[nH]2)c1,0.6212
CC1SCc2ncnc(N3CCN(C(=O)C(N)Cc4cn(C)c(C(C)(C)C)n4)CC3)c21,0.6338
NC(=O)c1cc2nc(-c3ccc(CN4CC(c5n[nH]c(-c6ccccn6)n5)C4)cc3)c(-c3ccccc3)cn2c1,0.6795
O=c1cc(N2CCOCC2)nc(CNc2cccc(Cl)c2)[nH]1,0.7193
CC(=O)NC(Cc1ccc(F)cc1)C(=O)N1CCN(c2ncnc3cccc(C)c23)CC1,0.6418
CN1CCN(CCn2cc(-c3cc(F)c(F)c(F)c3)nc2C2CCN(c3ncnc(N)c3C(N)=O)CC2)CC1,0.7237
N#Cc1cc(-c2cn(CCN3CCC3)c(C3CCN(c4ncnc(N)c4F)CC3)n2)ccc1C(F)(F)F,0.7703
NC(=O)c1ccnc2ccc(-c3cncc(OCC(N)Cc4cccc(Cl)c4)c3)cc12,0.6056
CNCC(NC(=O)c1cc(Br)c(-c2ccnc3[nH]ccc23)s1)c1ccccc1,1
CC(C)N(C)CCn1cc(-c2ccc(C(F)(F)F)cc2F)nc1C1CCN(c2ncnc(N)c2C(N)=O)CC1,0.7619
Cc1cc(CC(N)COc2cncc(-c3ccc4n[nH]c(C)c4c3)c2)ccc1F,0.7742
CCn1cc(-c2cc(F)nc(C(F)F)c2)nc1C1CCN(c2ncnc(N)c2C(N)=O)CC1,0.6
CC(=O)NCCn1cc(-c2ccc(F)c(C)c2)nc1C1CCN(c2cc(N)ncn2)CC1F,0.6207
NC(=O)c1cccn2c(-c3ccc(F)cc3)c(-c3ccc(C4(N)CCC4)cc3)nc12,0.8491
NC1(C(=O)NCC(=O)c2ccc(F)cc2)CCN(c2ncnc3[nH]ccc23)CC1,0.6562
NC(=O)c1c(N)ncnc1N1CCC(c2nc(-c3ccc(F)c(Cl)c3)c[nH]2)CC1,0.6447
NC1(C(=O)NCc2ccc(F)cc2)CCN(c2ncnc3[nH]ccc23)C1,0.7288
NC(COc1cncc(-c2ccc3c(c2)CC(=O)N3)c1)Cc1ccc(Cl)c(Cl)c1,0.6338
COc1ccc(-n2c(CC(=O)N3CCc4ccccc43)nc(N3CCOCC3)cc2=O)cc1,0.8226
Cn1c(-c2ccc(F)c(F)c2)nnc1C1CCN(c2ncnc(N)c2Br)CC1,0.6
Cn1c(CC(=O)Nc2cccc(S(=O)(=O)N3CCCCC3)c2)nc(N2CCOCC2)cc1=O,0.6056
O=C(NC(c1ccc(Cl)c(F)c1)C1CCNCC1)c1cc(Cl)ccn1,0.6154
NC(Cc1ccc(Cl)cc1)C(=O)N1CCN(c2ncnc3ccc(Cl)cc23)CC1,0.8704
CCCNC(=O)c1cc(NC(=O)Cc2nc(N3CCOCC3)cc(=O)[nH]2)ccc1Cl,0.6471
Cc1c(-c2cncc(OCC(N)Cc3c[nH]c4ccccc34)c2)ccc2[nH]nc(C(F)(F)F)c12,0.7361
NC(=O)c1c(N)ncnc1N1CCC(c2nc(-c3cccc(F)c3)cn2CC2CC(F)(F)C2)CC1,0.631
Cc1c(C#N)cnn2c(-c3ccccc3)c(-c3ccc(C4(N)CCC4)cc3)nc12,0.6333
O=C(NC(c1cccc(Cl)c1)C1CCNCC1)c1ccc(Cl)c(Cl)c1,0.6897
Cn1ncc(C(=O)NC2CNCCC2c2ccc(F)c(F)c2)c1-c1cnccn1,0.6438
Cn1c(CC(=O)Nc2cccnc2)nc(N2CCOCC2)cc1=O,0.6562
Cn1c(CC(=O)N2c3cc(F)cc(F)c3CC2CO)nc(N2CCOCC2)cc1=O,0.6714
CNCCC(=O)Nc1ccc(-c2nnc3n2-c2cccnc2Nc2ccccc2-3)cc1,0.6984
NC1(C(=O)NCCc2cc(F)ccc2F)CCN(c2ncnc3[nH]ccc23)CC1,0.6212
O=C(Nc1csc(-c2nncn2C2CC2)n1)c1cc(-n2cnc(C3CC3)c2)c(N2CCC(O)C2)cn1,0.8421
NC(CCNC(=O)C(F)(F)F)C(=O)N1CCN(c2ncnc3ccccc23)CC1,0.6508
CCc1nc2nc(-c3ccc(CN4CCC(c5n[nH]c(C)n5)CC4)cc3)c(-c3ccccc3)cn2n1,0.6076
CCOc1c(N2CCOCC2)nc(CC(=O)N2CCc3c(Cl)cccc32)n(C)c1=O,0.6571
Cn1cnc(-c2cc(C(=O)NC3CNCCC3c3ccccc3)oc2Cl)c1,0.6912
CC(C)n1cc(C(=O)NC(c2ccc(Cl)c(Cl)c2)C2CCCNC2)cn1,0.6232
Cn1ncc(C(=O)NC2CNCCC2c2cc(F)cc(F)c2)c1-c1ccccc1,0.6269
CC(C)c1sc(-c2ccnc3[nH]ccc23)cc1C(=O)NC(CN)c1ccccc1,0.6984
CNC(=O)c1cc(-c2ccccn2)c2nc(-c3ccc(C4(N)CCC4)cc3)c(-c3ccccc3)n2n1,0.7857
CC(C)c1ccc(-c2cn(CCN(C)C)c(C3CCN(c4ncnc(N)c4Br)CC3)n2)cc1F,0.76
NC(=O)CC(NC(=O)C1(N)CCN(c2ncnc3[nH]ccc23)CC1)C(=O)NC(Cc1ccccc1)C(N)=O,0.64
COc1ccccc1-c1cn(CCN2CCC2)c(C2CCN(c3ncnc(N)c3C(F)(F)F)CC2)n1,0.6098
Nc1cc(N2CCC(c3nc(-c4ccc(C=O)cc4F)cn3CCN3CCC3)CC2)ncn1,0.6667
N#Cc1ccc(-c2cn(CCNCC3CC3)c(C3CCN(c4ncnc(N)c4Br)CC3)n2)cc1F,0.7073
Cc1ccc(C(=O)NC(c2ccc(Cl)c(Cl)c2)C2CCNCC2)cc1Cl,0.661
CCOc1c(N2CCOCC2)nc(CC(=O)N2CCc3c(Br)cccc32)n(C)c1=O,0.6618
O=C(NC1CNCCC1c1ccc(F)c(F)c1)c1ccc(F)c(F)c1F,0.6441
Cc1n[nH]c2cnc(-c3cncc(OCC(N)Cc4c(F)cccc4F)c3)cc12,1
Nc1n[nH]c2ccc(-c3cncc(OCC(N)Cc4cc(F)ccc4Cl)c3)cc12,0.7077
Cn1nc(-c2ccc(C(=O)NC3CNCCC3c3cccc(F)c3)s2)cc1Cl,0.7429
NC(Cc1ccc(F)cc1)C(=O)N1CCN(c2ncnc3cccc(F)c23)CC1,0.6774
Cc1cc(-c2cn(CCNC(C)C)c(C3CCN(c4ncnc(N)c4C)CC3)n2)ccc1OC(F)F,0.6627
O=C(Nc1ccc(Br)cc1)N1CCN(c2ncnc3ccccc23)CC1,0.6034
CC1SCc2ncnc(N3CCN(C(=S)NCc4ccc(Cl)cc4)CC3)c21,0.6364
N#Cc1ccc(-c2cn(CCN3CCCC3)c(C3CCN(c4cc(N)ncn4)CC3)n2)cc1,0.7424
Cn1ncc(C(=O)NC2CNCCC2c2cccc(F)c2)c1-c1cnccn1,0.6216
O=C(Cc1nc(N2CCOCC2)cc(=O)n1-c1ccc(F)c(F)c1)Nc1ccc(F)c(F)c1,0.6462
COCCNC(=O)C(NC(=O)c1cc(Br)c(-c2ccnc3[nH]ccc23)s1)c1ccccc1,0.6714
N#Cc1cc(-c2cn(CCN3CCC3)c(C3CCN(c4ncnc(N)c4F)CC3)n2)ccc1Cl,0.7368
Cn1c(CC(=O)N2CCc3ccccc32)nc(N2CCOC3(CCOCC3)C2)cc1=O,0.7778
O=C(Cc1nc(N2CCOCC2)cc(=O)n1-c1ccccc1F)Nc1ccc(F)c(F)c1,0.6269
O=C(Cc1nc(N2CCOCC2)cc(=O)n1-c1cccc(F)c1)N1CCc2c(Cl)cccc21,0.7206
COc1c(C)cc(-c2cn(CCN3CCC3)c(C3CCN(c4ncnc(N)c4C)CC3)n2)cc1F,0.6795
O=C(c1nc(N2CCOC3CCCC32)ccc1F)N1CCc2c(F)cccc21,0.6522
Cn1nc(-c2ccc(CN3CC(c4n[nH]c(-c5ccccn5)n4)C3)cc2)c(-c2cc(F)ccc2F)n1,0.6154
O=C(NC(c1ccc(Cl)c(Cl)c1)C1CNC1)c1ccc(-n2ccnc2)cc1,0.619
CN1CCN(c2ccc3nc(-c4cccnc4N)n(-c4ccc(C5(N)CCC5)cc4)c3n2)CC1,0.6667
Cc1cc(F)c(F)cc1C(=O)NC1CNCCC1c1ccc(F)cc1,0.6129
O=C(NCC(Cc1ccc(F)c(F)c1)C(=O)N1CCN(c2ncnc3ccccc23)CC1)c1ccc(F)c(F)c1,0.7121
NC(=O)c1ccc(-c2cn(CCN3CCC3)c(C3CCN(c4ncnc(N)c4F)CC3)n2)cc1Cl,0.7632
NC1(c2ccc(-c3nc4n(c3-c3ccccc3)COc3ncccc3-4)cc2)CCC1,1
NC(=O)c1cccc2c(NC(CN3CCC3)c3ccc(Cl)c(Cl)c3)ncnc12,0.8525
NC1(c2ccc(-c3nc4c(Br)cc(F)cn4c3-c3ccccc3)cc2)CCC1,0.8235
Cn1nc(-c2cc(F)c(C(=O)NC3CNCCC3c3ccc(F)cc3)cc2F)c2c1CCC2,0.6714
CCc1c(N)ncnc1N1CCC(c2cc(-c3ccc(F)c(C)c3)nc(C)n2)CC1,0.6528
Cc1ccn2c(-c3ccccc3)c(-c3ccc(C4(N)CCC4)cc3)nc2c1,0.7647
COc1nc(C)ncc1-n1c(CC(=O)Nc2ccc(F)c(C3CC3)c2)nc(N2CCOCC2)cc1=O,0.6753
O=C(NC(c1ccc(F)c(Cl)c1)C1CCNC1)c1ccc(F)c(Cl)c1,0.623
Cc1ccc(NC(=O)Cc2nc(N3CCOCC3)cc(=O)n2Cc2ccc(F)cc2)cc1F,0.6056
NC(Cc1ccc(Cl)cc1F)C(=O)N1CCN(c2ncnc3ccc(Br)cc23)CC1,0.6176
NC(COc1cncc(-c2cc(C(F)(F)F)n[nH]2)c1)Cc1cccc(F)c1F,0.6119
N=c1[nH][nH]cc1-c1ccc(C(=O)NC2CNCCC2c2cccc(F)c2)s1,0.6338
CCc1c(N)ncnc1N1CCC(c2nc(-c3cncc(F)c3)cn2CC2CC(F)(F)C2)CC1,0.6173
CNC(=O)c1ccc(Cl)cc1NC(=O)Cc1nc(N2CCOC(C)C2)cc(=O)[nH]1,0.6479
NC1(C(=O)NC(c2ccc(Cl)cc2)c2ccc(Cl)c(F)c2)CCN(c2ncnc3[nH]ccc23)CC1,0.7846
CC1COCCN1c1nc(N2CCOCC2C)c2ccc(-c3ccc(F)c(C(=O)N4CCOCC4)c3)nc2n1,0.6029
NC(=O)c1cccc2c(NC(CN3CC(F)C3)c3ccc(F)cc3)ncnc12,0.7966
NC(COc1cncc(-c2ccc3[nH]nc(-c4ccncc4)c3c2)c1)C(F)(F)F,0.6
NCC1(C(=O)Nc2ccc(F)c(F)c2)CCN(c2ncnc3[nH]ccc23)CC1,0.6029
CNC(=O)c1cccc(NC(=O)Cc2nc(N3CCOCC3)cc(=O)[nH]2)c1,0.7667
Cn1ncc(C(=O)NC2CNCCC2c2ccc(F)cc2)c1-c1cc(F)c(F)cc1F,0.6912
Cc1cc(Cl)nnc1N1CCN(C(=O)C(N)Cc2ccc(Cl)cc2)CC1,0.6129
Cc1csc2c(N3CCN(C(=O)C(N)Cc4ccc(F)cc4)CC3)ncnc12,0.6462
Cc1ccc(CC(N)C(=O)N2CCN(c3ncnc4ccccc34)CC2)cc1F,0.8448
Nc1ncnc(N2CCC(c3nc(-c4cncc(F)c4)cn3CCN3CCC3)CC2)c1F,0.6712
O=C(NC1CNCCC1c1cc(F)cc(F)c1)c1ccc(F)c(Cl)c1,0.6032
CC(C)NCCn1cc(-c2ccnc(C(C)C)c2)nc1C1CCN(c2ncnc(N)c2C(N)=O)CC1,0.8267
Cc1ccc(F)cc1C(=O)NC(Cc1ccc(Cl)cc1)C(=O)N1CCN(c2ncnc3ccccc23)CC1,0.6056
O=C(NC(c1ccc(Cl)c(F)c1)C1CCNCC1)c1cc(Cl)ccc1Cl,0.6032
CNCC(Nc1ncnc2c(C(N)=O)cccc12)c1ccc(F)cc1F,0.7586
O=C(COc1ccc(Br)cc1)N1CCN(c2ncnc3ccccc23)CC1,0.6102
Cc1cc(-c2cn(CCNC(C)C)c(C3CCN(C4COC4)CC3)n2)ccc1F,0.6076
Cn1c(CC(=O)NCc2cc(F)c(F)cc2Cl)nc(N2CCOCC2)cc1=O,0.6119
O=C(Cc1nc(N2CCOCC2)cc(=O)n1-c1ccc(F)c(F)c1)N1CCc2c1ccc(F)c2F,0.7656
CC1COCCN1c1nc(N2CCN(C)CC2)nc2nc(-c3cccc(CO)c3)ccc12,0.6418
Cc1cn(-c2cc(C(=O)Nc3csc(-c4cn[nH]c4)n3)ncc2N2CC(C#N)C2)cn1,0.6163
O=C(Cc1nc(=O)cc(N2CCOCC2)[nH]1)N1CCc2c(F)cc(F)cc21,0.7288
O=C(NC(c1cccc(Cl)c1)C1CCNCC1)c1ccc(Cl)nc1Cl,0.6032
O=C(CC1CCCC1)NC(Cc1ccc(Cl)cc1)C(=O)N1CCN(c2ncnc3ccccc23)CC1,0.6515
O=C(NC(c1ccc(Cl)c(Cl)c1)C1CCNC1)c1csc(Br)c1,0.6
O=C(NC(c1ccc(F)cc1)C1CCNCC1)c1ccc2cnccc2c1,0.7797
Cc1cc(F)cc(Br)c1NC(=O)Cc1nc(N2CCOCC2)cc(=O)n1C,0.6769
O=C(Cc1nc(N2CCOCC2)cc(=O)n1-c1cccc(F)c1)Nc1ccc(F)c(Br)c1,0.7164
Nc1ncnc(N2CCC(c3nc(-c4ccc(F)c(F)c4)cn3CCN3CCCC3)CC2)c1Br,1
COc1c(N)ncnc1N1CCC(c2nc(-c3cc(F)c(Cl)c(F)c3)cn2CCN2CCC2)CC1,0.7467
Cc1c(N2CCC2)nc(CC(=O)Nc2ccc(F)c(C3CC3)c2)n(C)c1=O,0.6143
NC(=O)C(Cc1cccnc1)NC(=O)c1cc(Br)c(-c2ccnc3[nH]ccc23)s1,0.6667
CCc1c(N)ncnc1N1CCC(c2n[nH]c(-c3ccnc(C(F)(F)F)c3)n2)CC1,0.6026
Cc1cc(F)c(NC(=O)Cc2nc(N3CCOCC3)cc(=O)[nH]2)cc1F,0.75
CC(=O)N=c1[nH]c2ccc(-c3cnc(Cl)c(NS(=O)(=O)c4ccc(F)cc4)c3)cc2s1,0.6286
O=C(NC(c1ccc(Cl)c(F)c1)C1CNCCO1)c1ccc2cnccc2c1,0.7164
O=C(NC(c1cccc(Cl)c1)C1CCNCC1)c1cncc(Br)c1,0.6613
Cc1n[nH]c2cnc(-c3cncc(OCC(N)c4cccnc4)c3)cc12,0.6613
Cc1cc(C)cc(NC(=O)CCCc2nc(N3CCOCC3)cc(=O)[nH]2)c1,0.6452
O=C(Cc1nc(N2CCOCC2)cc(=O)[nH]1)Nc1ccc(F)c(C(=O)NCc2ccon2)c1,0.6812
CC(N)c1ccn2c(-c3ccccc3)c(-c3ccc(C4(N)CCC4)cc3)nc2c1,0.7091
N#Cc1c(F)ccc(-c2cn(CCN3CCC3)c(C3CCN(c4cc(N)ncn4)CC3)n2)c1F,0.6806
NC1(C(=O)NC(Cc2ccccc2)C(F)(F)F)CCN(c2ncnc3[nH]ccc23)CC1,0.6957
Cc1cccnc1CCNC(=O)c1cc(Br)c(-c2ccnc3[nH]ccc23)s1,0.6
NCC(C(=O)N1CCN(c2ncnc3ccccc23)CC1)c1ccc(Cl)c(Cl)c1,0.6885
NC1(C(=O)NC2CC2c2ccc(F)cc2)CCN(c2ncnc3[nH]ccc23)CC1,0.6364
Cn1ncc(C(=O)NC2CNCCC2c2cc(F)cc(F)c2)c1-n1nccn1,0.6212
CCOc1c(N)ncnc1N1CCC(c2nc(-c3ccc(C)cc3)cn2CCN2CCC2)CC1,0.8
NC1(c2ccc(-c3nn4c(-c5ccccc5)cnc4cc3-c3ccccc3)cc2)CCC1,0.9
N#Cc1c(N)ncnc1N1CCC(c2nc(-c3cccc(Cl)c3)cn2CCN2CCCC2)CC1,1
Cn1nc(-c2ccc(C(=O)NC3CNCCC3c3cccc(F)c3)cc2Cl)c2ccccc21,0.6104
COc1ncc(-c2cc3c(C)nc(N)nc3n(C3CCC(OC)CC3)c2=O)cn1,0.8167
O=C(NC(c1ccc(Cl)c(F)c1)C1CCNCC1)c1cnccc1C(F)(F)F,0.6667
Nc1ncnc(N2CCC(c3nc(-c4ccc(F)cc4)cn3CC(=O)c3ccc(F)cc3F)CC2)c1Cl,0.6575
CC(=O)c1ccc(-c2cn(CCN3CCCC3)c(C3CCN(c4ncnc(N)c4Cl)CC3)n2)cc1F,0.8028
CC1CN(c2ncnc3[nH]cc(Cl)c23)CCN1C(=O)C(N)Cc1ccc(Cl)cc1,0.7302
NC(Cc1ccc(Cl)c(Cl)c1)C(=O)N1CCN(c2ncnc3ccccc23)CC1,1
CC1SCc2ncnc(N3CCN(C(=O)C(S)Cc4ccc(F)c(F)c4)CC3)c21,0.8125
CCN(CC)S(=O)(=O)c1ccc(NC(=O)Cc2nc(N3CCOCC3)cc(=O)[nH]2)cc1,0.6462
NC1(C(=O)NC=O)CCN(c2ncnc3[nH]nc(Br)c23)CC1,0.619
Nc1ncnc(N2CCC(c3nc(-c4ccnc(C(F)(F)F)c4)c[nH]3)CC2)c1Cl,0.6301
Cc1cc(C)cc(CC(=O)NC(Cc2ccc(Cl)cc2)C(=O)N2CCN(c3ncnc4ccccc34)CC2)c1,0.6418
COc1cc2c(N3CCN(C(=O)C(N)Cc4ccc(Cl)cc4)CC3)ncnc2cc1Cl,0.7188
CNCC(Cc1ccc(F)cc1)C(=O)N1CCN(c2ncnc3ccccc23)CC1,0.6349
Cc1c(N)ncnc1N1CCC(c2nc(-c3ccc(F)c(Cl)c3)cn2CC2CNC2)CC1,0.72
Nc1ncnc(N2CCC(c3nc(-c4cc(C(F)(F)F)cc(C(F)(F)F)c4)cn3CCN3CCC3)CC2)c1Br,0.7714
Cn1nc(-c2ccc(C(=O)NC3CNCCC3c3cccc(F)c3)nc2)c(Cl)c(Cl)c1=O,0.6944
Cc1cccc2ncnc(N3CCN(C(=O)c4ccc(Cl)cc4)CC3)c12,0.661
O=C(NC(Cc1ccc(Cl)cc1)C(=O)N1CCN(c2ccnc3ccccc23)CC1)c1cc(Cl)c(Cl)[nH]1,0.6324
Cc1ccc2c(N3CCN(C(=O)C(N)Cc4ccc(Cl)cc4)CC3)ncnc2c1,0.8596
CC1Cc2ccc(F)cc2N1C(=O)Cc1nc(N2CCOCC2)cc(=O)n1C,0.8689
O=C(Cc1nc(N2CCOCC2)cc(=O)n1-c1c(F)cccc1F)N1CCc2c(F)cccc21,0.7903
NC(COc1cncc(-c2ccc3c(c2)CC(=O)N3)c1)Cc1c(Cl)cccc1Cl,0.6667
Cc1n[nH]c2cnc(-c3cncc(OCC(c4ccccc4)N4CCC4)c3)cc12,0.6308
O=C(Cc1nc(N2CCOCC2)cc(=O)n1-c1ccc(F)cc1F)Nc1ccc(F)c(F)c1,0.6087
O=C(NC1CNCCC1c1ccc(F)c(F)c1)c1ccc(F)nc1Cl,0.6119
O=C(Cc1nc(N2CCOCC2)cc(=O)n1C1CCCCC1)Nc1cccc(Cl)c1,0.6029
N#Cc1ccc(-c2cn(CCN3CCCC3)c(C3CCN(c4cc(N)ncn4)CC3)n2)c(F)c1,0.6901
O=C(Cc1nc(N2CCOCC2)cc(=O)[nH]1)N1CCC(c2ccc(F)cc2F)CC1,0.6212
NC(=O)c1cccc(-c2cncc(OCC(N)Cc3ccc(Cl)c(F)c3)c2)c1,0.6
NC(=O)c1ccc(-c2cn(CCN3CCC3)c(C3CCN(c4ncnc(N)c4Cl)CC3)n2)cc1F,0.7887
NC(Cc1ccc(Cl)cc1)C(=O)N1CCN(c2ncnc3c2N(Cc2ccc(F)cc2)CC3)CC1,0.6418
CCc1c(N)ncnc1N1CCC(c2nc(-c3cc(F)cc(C#N)c3)cn2CCN2CCC2)CC1,0.7568
O=C(NC(c1ccc(Cl)c(Cl)c1)C1CCNC1)c1ccc2c(c1)OCO2,0.6406
Cc1cc(-c2cn(CCN3CCC3)c(C3CCN(c4cc(N)ncn4)CC3F)n2)ccc1F,0.7342
O=C(NCCc1nc(N2CCOCC2)cc(=O)[nH]1)c1cc(F)ccc1F,0.6
Cn1ncc(-c2cc(C(=O)NC3CNCCC3c3cccc(F)c3)no2)c1Cl,0.6351
O=C(NC(c1cccc(F)c1)C1CCNC1)c1ccc(Cl)c(Cl)c1,0.6094
O=C(Cc1nc(N2CCOCC2)cc(=O)[nH]1)NCc1cc(F)c(F)cc1F,0.6667
NC1(c2ccc(-c3nn4c(-c5cccs5)cnc4cc3-c3cccs3)cc2)CCC1,0.6393
NC(=O)c1ccc2nc(-c3ccc(C4(N)CCCC4)cc3)c(-c3ccccc3)n2n1,0.9592
Cc1cc(CC(N)COc2cncc(-c3ccc4c(cnn4C)c3)c2)ccc1F,0.6324
Cn1cc(-c2ccc(C(=O)NC3CNCCC3c3ccc(F)cc3)cc2F)cn1,0.6232
Cc1cc(N2CCC(c3nc(-c4ccc(F)cc4)cn3CCN3CCC3)CC2)ncn1,0.6471
CC(C)c1c(N)ncnc1N1CCC(c2nc(-c3cc(F)cc(F)c3)cn2CCN2CCC2)CC1,0.6622
CC(=O)C(NC(=O)CN)NC(=O)C1(N)CCN(c2ncnc3[nH]ccc23)CC1,0.6324
Cc1cc(-c2cn(CCN3CCCC3)c(C3CCN(c4ncnc(N)c4C#N)CC3)n2)ccc1F,1
CNC(=O)c1c(N)ncnc1N1CCC(c2nc(-c3csc(Cl)c3)cn2CCN2CCCC2)CC1,0.6341
O=C(Cc1nc(N2CCOCC2)cc(=O)n1-c1ccc(F)c(F)c1)N1CCc2c(Cl)cccc21,0.7101
NC(COc1cncc(-c2cnc3[nH]nc(Cl)c3c2)c1)Cc1ccc(Cl)c(F)c1,0.697
N#Cc1cnn2cc(-c3ccc(C4(N)CC4)cc3)c(-c3ccccc3)nc12,0.6557
CCN(CC)CCn1cc(-c2ccc(F)c(F)c2)nc1C1CCN(c2ncccc2C(N)=O)CC1,0.6463
Cc1ccc(CC(N)COc2cncc(-c3ccc4c(c3)CC(=O)N4)c2)c(F)c1F,0.662
Cn1ncc(Br)c1-c1ncc(C(=O)NC2CNCCC2c2ccc(F)c(F)c2)o1,0.7143
Cc1occ(C(=O)NC2CNCCC2c2ccc(F)c(F)c2)c1-c1cnn(C)c1C,0.6081
CC1CC(=O)Nc2ncnc(N3CCN(C(=O)C(N)Cc4ccc(F)c(Cl)c4)CC3)c21,0.6026
NC1(C(=O)NCc2ccc(Cl)cc2)CCN(c2ncnc3ccccc23)CC1,0.7368
CCOc1c(N)ncnc1N1CCC(c2nc(-c3ccc(F)c(F)c3)cn2CCN2CCCC2)CC1,0.8841
NC1(c2ccc(-c3nnc4n3-c3cccnc3Nc3ccccc3-4)cc2)CCC1,1
Cc1cc(C(=O)NC2CNCCC2c2ccc(F)c(F)c2)cc(Cl)n1,0.6029
CC(C)c1c(N)ncnc1N1CCC(c2nc(-c3ccc(Cl)cc3Cl)cn2CCN2CCC2)CC1,0.6203
Cn1ncc(Br)c1-c1ccc(C(=O)NC2CNCCC2c2ccc(F)cc2F)o1,0.6901
CNC(=O)c1cc(C(=O)NC2CNCCC2c2ccc(F)c(F)c2)cc(-c2ccnn2C)c1,0.8095
CNC(=O)C1(N)CCN(c2ncnc3[nH]cc(Br)c23)CC1,0.6667
CNCC(CC(C)C)NC(=O)c1cc(Br)c(-c2ccnc3[nH]ccc23)s1,0.7692
O=C(NC(Cc1ccc(Cl)c(Cl)c1)C(=O)N1CCN(c2ncnc3ccccc23)CC1)c1cccc(F)c1,0.6571
Cc1cc(-c2cn(CCNC3CCCCC3)c(C3CCN(c4ncnc(N)c4C(N)=O)CC3)n2)ccc1F,0.9859
Cc1ccccc1Cc1c(N2CCOCC2)nc(CC(=O)N2CCc3c(F)cccc32)n1C,0.6479
O=C(Cc1nc(N2CCOCC2)c(Br)cc1F)N1CCc2c(F)cccc21,0.6308
Cc1n[nH]c2ccc(-c3cncc(OCC(N)Cc4cccc(Cl)c4Cl)c3)cc2c1=O,0.8871
O=C(Cc1nc(=O)cc(N2CCOCC2)[nH]1)N1CCCc2c1ccc(F)c2F,0.6769
Cc1cccc(-c2cccc3c2CCN3C(=O)Cc2nc(N3CCOCC3)cc(=O)n2C)n1,0.7692
NC(CCCc1cccnc1)C(=O)N1CCN(c2ncnc3ccccc23)CC1,0.6
O=C(Cc1nc(N2CCOCC2)cc(=O)n1-c1ccccc1)N1CCc2ccc(F)cc21,0.8197
O=C(NC(Cc1ccc(Cl)cc1)C(=O)N1CCN(c2ncnc3cc(F)ccc23)CC1)c1cncnc1,0.6912
Cc1c[nH]c2ncnc(N3CCC(N)(CNC(=O)C4CCCCC4)C3)c12,0.7458
Cn1ncc(Br)c1-c1cnc(C(=O)NC2CNCCC2c2ccc(F)cc2F)s1,0.6316
CCc1c(N)ncnc1N1CCC(c2nc(-c3cc(Cl)ccc3OC(F)F)cn2CCNC)CC1,0.6118
CC(C)CC(NC(=O)C1(N)CCN(c2ncnc3[nH]ccc23)CC1)c1cccc(F)c1,0.6712
O=C(Cc1nc(N2CCOCC2)cc(=O)n1-c1cccc(F)c1)Nc1ccc(F)c(F)c1F,0.6029
NC(COc1cncc(-c2cnc(N3CCOCC3)c3ncc(Cc4ccccn4)cc23)c1)Cc1c[nH]c2ccccc12,0.6136
NC1(C(=O)NC(Cc2csc(N3CCOCC3)n2)c2ccccc2)CCN(c2ncnc3[nH]ccc23)CC1,0.6447
CCc1c(N)ncnc1N1CCC(c2nc(-c3cc(F)cc(F)c3)cn2CCN2CCCC2)CC1,0.8485
Cn1ncc(Br)c1-c1ccc(C(=O)NC2CNCCC2c2ccc(Cl)cc2)o1,1
CCc1c(N)ncnc1N1CCC(c2nc(-c3ccc(F)cc3F)cn2CCN2CCCC2)CC1,0.7941
Cc1ccc(-n2c(CC(=O)Nc3ccc(F)c(Cl)c3)nc(N3CCOCC3)cc2=O)cc1,0.6056
N=c1nc2cc(-c3cncc(OCC(N)Cc4ccc(C(F)(F)F)cc4)c3)ccc2c[nH]1,0.6
Cc1c(C(C)(C)C)[nH]c2c(N3CCN(C(=O)C(N)Cc4ccc(Cl)cc4)CC3)ncnc12,0.6176
Cc1cc(-c2cn(CCN(C)C)c(C3CCN(c4ncnc(N)c4C(F)(F)F)CC3)n2)ccc1F,0.7917
N#CCc1ccc(-c2cn(CCN3CCC3)c(C3CCN(c4ncnc(N)c4F)CC3)n2)cc1F,0.72
O=C(NC(c1ccc(Cl)cc1)C(F)(F)F)C1(F)CCN(c2ncnc3[nH]ccc23)CC1,0.6269
NC(=O)c1cccc(-c2cc(F)c3nc(-c4ccc(C5(N)CCC5)cc4)c(-c4ccccc4)n3c2)c1,0.6875
NC1(c2ccc(-c3nc4n(c3-c3ccccc3)COc3ncccc3C4)cc2)CCC1,0.7049
NC1(c2ccc(-c3nc4n(c3-c3ccccc3)COc3ccncc3-4)cn2)CCC1,0.7833
Nc1ncnc(N2CCC(c3nc(-c4ccc(F)c(C(F)(F)F)c4)cn3CC3CNC3)CC2)c1Cl,1
Cc1cc(N2CCC(c3nc(-c4ccc(C(N)=O)c(F)c4)cn3CCN3CCC3)CC2)ncn1,0.6486
Cc1c(N2CCCC2)nc(CC(=O)Nc2ccc(F)c(C3CC3)c2)n1C,0.6176
Cn1ncc(Cl)c1-c1nnc(C(=O)NC2CCNCC2c2ccc(F)c(F)c2)o1,0.6447
NC(=O)c1cc(N)c2nc(-c3ccc(C4(N)CCC4)cc3)c(-c3ccccc3)n2c1,0.807
Nc1ncnc(N2CCC(c3nc(-c4ccnc(C(F)F)c4)cn3CCN3CCC3)CC2)c1Br,0.8551
COc1ccc(-c2cn(CCN3CCC3)c(C3CCN(c4ncnc(N)c4Cl)CC3F)n2)cc1OC(F)F,0.686
NC(=O)c1c(N)ncnc1N1CCC(c2nc(-c3ccnc(F)c3)cn2CCNCC2CC2)CC1,0.7922
Cc1ccc(C(=O)NC(c2ccc(F)c(F)c2)C2CCNCC2)cc1Cl,0.6094
O=C(NCc1ccc(Cl)c(Cl)c1)C1(F)CCN(c2ncnc3[nH]ccc23)CC1,0.6508
Cn1ncc(C(=O)NC2CCNCC2c2cccc(F)c2)c1-c1c(F)cccc1Cl,0.6133
O=C(N1CCN(c2ncnc3[nH]cc(Cl)c23)CC1)C1(c2ccc(Cl)cc2Cl)CCNCC1,0.7869
CN1CCC(c2ccncc2NC(=O)Cc2nc(N3CCOCC3)cc(=O)n2C)CC1,0.625
CNC(=O)c1c(NC(=O)Cc2nc(N3CCOCC3)cc(=O)n2C)ccc(F)c1F,0.6471
Nc1cc(N2CCC(c3nc(-c4ccc(F)cc4)cn3CCN3CCC3)C(F)C2)ncn1,0.625
CC(NC(=O)NCC1(F)CCN(c2ncnc3[nH]ccc23)CC1)c1ccc(F)cc1,0.7188
NC(=O)c1c(N)ncnc1N1CCC(c2nc(-c3ccc(F)c(C(F)F)c3)cn2CCN2CCCC2)CC1,0.8243
Cc1cc(-c2cn(CCNC3CCCC3)c(C3CCN(c4ncnc(N)c4Cl)CC3)n2)ccc1F,0.8026
Cc1c(-c2nc(C(=O)NC3CNCCC3c3cccc(F)c3)c(Cl)cc2Cl)cnn1C,0.6184
NC1(C(=O)NC(c2cccc(F)c2)c2nccs2)CCN(c2ncnc3[nH]ccc23)CC1,0.6164
O=C(CCCc1nc(N2CCOCC2)cc(=O)[nH]1)Nc1ccc(F)c(C(F)(F)F)c1,0.6515
NC(=O)CC(NC(=O)c1cc(Br)c(-c2ccnc3[nH]ccc23)s1)C(=O)NC1CC1,0.6081
CC(NC(=O)C1(N)CCN(c2ncnc3[nH]ccc23)CC1)c1ccc(F)c(F)c1,0.8167
O=C(NC1CNCCC1c1ccc(F)c(F)c1)c1ccc(Br)c(Cl)c1,0.6212
NC(=O)c1ccnc2c(NC(CN3CCC3)c3cccc(F)c3)ncnc12,1
Nc1ncnc(N2CCC(c3nc(-c4ccc(F)nc4)cn3CCN3CCCC3)CC2)c1Br,0.8281
NC1(c2ccc(-c3nc4cc(C(=O)N5CCOCC5)ccn4c3-c3ccccc3)cc2)CCC1,0.6618
NC(COc1cncc(-c2cncc(NC(=O)C3CC3)c2)c1)Cc1c[nH]c2ccccc12,0.6267
CNC(=O)c1cc(Br)c2nc(-c3ccc(C4(N)CCC4)cc3)c(-c3ccccc3)n2c1,0.8
Cn1nc(-c2ccc(C(=O)NC3CNCCC3c3cccc(F)c3)cc2)c2c(F)cccc21,0.6438
Cn1ncc(Cl)c1-c1ccc(C(=O)NC2CNCCC2c2ccc(F)c(F)c2)o1,0.8281
Cn1ncc(Br)c1-c1oc(C(=O)NC2CCNCC2)cc1Cl,0.6029
NC(Cc1ccc(Br)cc1)C(=O)N1CCN(c2ncnc3cccc(Cl)c23)CC1,0.7288
COc1ccc(C(=O)NC(c2cccc(Cl)c2)C2CCNCC2)cc1Cl,0.625
Cc1cccc(-c2c(-c3ccc(C4(N)CCC4)cc3)nc3c(C#N)cc(C(N)=O)cn23)c1,0.6716
NC(C(=O)N1CCN(c2ncnc3cc(F)ccc23)CC1)c1ccc(F)cc1,0.661
COc1cccc(-c2c(C(=O)NC3CNCCC3c3cccc(F)c3)cnn2C)n1,0.6053
NC(=O)c1cccnc1N1CCC(c2nc(-c3ccc(F)c(F)c3)cn2CCN2CCCC2)CC1,0.64
O=C(Cc1nc(N2CCOCC2)cc(=O)n1C1CCCCC1)N1CCc2c(F)cc(F)cc21,0.6479
O=C(Cc1nc(OCC2CC2)cc(N2CCOC3CCCC32)n1)N1CCc2c(F)cccc21,0.6579
Cc1cc2ncnc(N3CCN(C(=O)C(N)Cc4ccc(Cl)c(Cl)c4)CC3)c2cc1F,0.7188
O=C(Cc1nc(N2CCOCC2)cc(=O)n1-c1ccc(OCC(F)(F)F)cc1)N1CCc2ccccc21,0.7612
N#Cc1c(N)ncnc1N1CCC(c2nc(-c3cc(F)cc(F)c3)cn2CCN2CCC2)CC1,0.8235
Nc1ncnc(N2CCC(c3nc(-c4ccc(F)c(OC(F)F)c4)cn3CCN3CCC3)CC2)c1Cl,0.7949
Nc1n[nH]c2ccc(-c3cncc(OCC(N)Cc4cccc(F)c4F)c3)nc12,0.6716
Cc1cnn(C)c1-c1nc(NC(=O)c2cc(-n3cnc(C4CC4)c3)c(N3CC(F)(F)C3)cn2)cs1,0.7284
COc1cccc2c1CCN2C(=O)Cc1nc(N2CCOCC2)c(Cl)n1C,0.6
COc1ccc(F)cc1-c1cn(CCNCCO)c(C2CCN(c3ncnc(N)c3C#N)CC2)n1,0.6136
NC1(c2ccc(-c3nc4n(c3-c3ccccc3)COc3ccc(CN5CCNCC5)cc3-4)cc2)CCC1,0.6667
Cc1c(N)ncnc1N1CCC(c2nc(-c3ccc(F)c(Cl)c3)cn2CCN2CCCC2)CC1,0.8286
Cc1n[nH]c2cnc(-c3cncc(OCC(N)Cc4ccc(F)c(F)c4Cl)c3)cc12,0.8525
CC(NC(=O)C1(C(=O)N(C)C)CCN(c2ncnc3[nH]ccc23)CC1)c1ccc(F)c(F)c1,0.6286
Cc1c(N)ncnc1N1CCC(c2nc(-c3ccc(F)c(C#N)c3)cn2CCN2CCC2)CC1,0.76
CNC(=O)c1nc(C)c2nc(-c3ccc(C4(N)CCC4)cc3)c(-c3ccccc3)n2n1,0.6818
Cn1c(CC(=O)Nc2sccc2C(N)=O)nc(N2CCOCC2)cc1=O,0.6567
N=c1c(NC(=O)Cc2nc(N3CCOCC3)cc(=O)[nH]2)c[nH]n1Cc1ccc(F)cc1F,0.7059
CNC(COc1cncc(-c2ccc3[nH]nc(C)c3c2)c1)c1cccc(F)c1,0.6667
CC1COCCN1c1nc(N2CCOCC2C)c2ccc(-c3cc(Cl)n(C)n3)nc2n1,0.6129
CC(C)NCC(C(=O)N1CCN(c2ncnc3ccc(F)cc23)CC1)c1ccc(Cl)cc1,0.6111
Cc1n[nH]c2ccc(-c3cncc(OCC(C)NC(C)C)c3)cc12,0.6167
CCN1CCN(c2nc3ccc(-c4cnc(Cl)c(NS(=O)(=O)c5cccc(F)c5)c4)cc3s2)CC1,0.6316
Cn1ncc(Br)c1-c1oc(C(=O)NC2CNCCC2c2ccc(F)c(F)c2)cc1Cl,0.7571
O=C(NC1CNCCC1c1ccc(F)c(F)c1)c1cccc(Cl)c1,0.6
Nc1cc(=O)[nH]c(CC(=O)Nc2ccc(F)c(F)c2)n1,0.625
N#Cc1cc(Br)c(-c2cn(CCN3CCC3)c(C3CCN(c4cc(N)ncn4)CC3)n2)cc1F,0.6267
NC1(c2ccc(-c3nn4c(-c5cn[nH]c5)cnc4cc3-c3cccs3)cc2)CCC1,0.7742
CN1CCC(c2cc(NC(=O)Cc3nc(N4CCOCC4)cc(=O)n3-c3ccc(F)cc3)ccc2F)CC1,0.7324
NC1(C(=O)NCc2nc(N3CCCC3)c(F)cc2F)CCN(c2ncnc3[nH]ccc23)CC1,0.6364
NC1(c2ccc(-c3nc4nnc(-c5ccccc5)cn4c3-c3ccccc3)cc2)CCC1,0.6
Cc1cc(N2CCOCC2)nc(C(=O)N2CCc3c(F)cccc32)n1,0.6
CC(C)(C)NC(=O)Cc1ccc(-c2nnc3n2-c2cccnc2Nc2ccccc2-3)cc1,0.6154
Cn1ncc(NC(=O)Cc2nc(N3CCOCC3)cc(=O)[nH]2)c1-c1cc(F)c(F)cc1F,0.6324
Cc1n[nH]c2ccc(-c3cncc(OCC(N)Cc4ccc(F)nc4)c3)cc2c1=O,0.7015
Cc1c(N)ncnc1N1CCC(c2nc(-c3ccc(C(F)(F)F)c(CO)c3)cn2CCN2CCCC2)CC1,0.7973
Cc1ccc(C(=O)NC(c2ccc(Cl)c(Cl)c2)C2CNC2)cn1,0.6441
NC(=O)c1ccc(-c2cncc(OCC(N)Cc3c[nH]c4ccccc34)c2)cc1F,0.6812
Cn1nc(C(=O)NC2CNCCC2c2cccc(F)c2)cc1-c1[nH]ncc1Cl,0.6133
Cc1cc(-c2cn(CCN(C)C(C)C)c(C3CCN(c4ncnc(N)c4C#N)CC3)n2)ccc1F,1
NC(=O)c1ccn2c(-c3ccccc3)c(-c3ccc(C4(N)CCC4)cc3)nc2c1N,0.7818
NC1(c2ccc(-c3nc4ccc(C(=O)c5ccccc5)nn4c3-c3ccccc3)cc2)CCC1,0.8302
NC1(C(=O)NC2CCc3cc(Cl)ccc32)CCN(c2ncnc3[nH]ccc23)CC1,0.6029
Cc1csc2c(N3CCN(C(=O)C(N)Cc4ccc(F)c(F)c4)CC3)ncnc12,0.6364
Cc1cc(Br)cc2c(N3CCN(C(=O)C4(c5ccc(Cl)c(Cl)c5)CCNCC4)CC3)ncnc12,0.6389
Cn1c(CC(=O)NC(=S)Nc2ccc(Cl)c(F)c2)nc(N2CCOCC2)cc1=O,0.6522
O=C(NC(c1ccc(Cl)c(Cl)c1)C1CCNC1)c1nc(Cl)c(Cl)s1,0.6
Nc1cc(N2CCC(c3nc(-c4cc(F)c(Cl)cc4F)cn3CCN3CCC3)CC2)ncn1,0.6812
O=C(N1CCN(c2ncnc3c(F)c(Cl)c(F)cc23)CC1)C1(c2ccc(Cl)cc2)CCNCC1,0.6615
O=C(NCc1nc(N2CCOCC2)cc(=O)[nH]1)NCc1c(F)cc(F)cc1F,0.6
NC(=O)c1cccc2nc(-c3ccccc3)c(-c3ccc(C4(N)CCC4)cc3)nc12,0.614
Cc1ncccc1-c1cn(CCN2CCC2)c(C2CCN(c3ncnc(N)c3F)CC2)n1,0.6184
NC(COc1cncc(-c2ccc3c(c2)C(F)(F)C(=O)N3)c1)Cc1c(F)cccc1F,0.6812
c1ccc(-c2cn3ccnc3nc2-c2ccc(CN3CC(c4n[nH]c(-c5ccccn5)n4)C3)cc2)cc1,0.8923
Cc1cc(C2(C)CC2(F)F)nn2c(-c3ccccc3)c(-c3ccc(C4(N)CCC4)cc3)nc12,0.6032
NC1(C(=O)NCc2cc(F)ccc2C(F)(F)F)CCN(c2ncnc3[nH]ccc23)CC1,0.6269
O=C(NC(c1ccc(Cl)c(F)c1)C1CCNC1)c1ccnc(F)c1,0.6212
NC(Cc1ccc(F)c(F)c1)C(=O)N1CCN(c2ncnc3ccc(N4CCOCC4)cc23)CC1,0.7231
CC(NC(=O)c1cc(Br)c(-c2ccnc3[nH]ccc23)s1)c1ccc(F)cc1,0.697
Cn1nccc1C(=O)NC1CNCCC1c1cc(F)cc(F)c1,0.7
O=C(N1CCN(c2ncnc3[nH]cc(Cl)c23)CC1)C1(c2cc(F)ccc2F)CCNCC1,0.7231
N#Cc1cccc(-c2cn(CCN3CCC3)c(C3CCN(c4ncnc(N)c4Cl)CC3)n2)c1,0.7606
Cn1ncc(-c2[nH]ncc2Br)c1-c1ccc(C(=O)NC2CNCCC2c2cccc(F)c2)cn1,0.6049
NC1(c2ccc(-c3nc4c(Cl)cncn4c3-c3ccccc3)cc2)CCC1,0.7308
CNC(=O)c1cnn(C)c1-c1ccc(C(=O)NC2CNCCC2c2ccc(F)c(F)c2)nc1,0.6575
COc1ncc(Cl)cc1C(=O)NC(c1ccc(Cl)c(Cl)c1)C1CCNCC1,0.6567
O=C(NCC(Cc1ccc(F)c(F)c1)C(=O)N1CCN(c2ncnc3ccccc23)CC1)c1ccncc1,0.6912
CNC(=O)Nc1nc2ccc(-c3cnc(Cl)c(NS(=O)(=O)c4ccc(F)cc4)c3)cc2s1,0.8413
Cn1ncc(Br)c1-c1cnc(C(=O)NC2CNCCC2c2ccccc2)cc1F,0.6438
Cn1ncc(Br)c1C(=O)NC1CNCCC1c1cccc(F)c1,0.7164
Cn1c(CC(=O)NCCc2cccs2)nc(N2CCOCC2)cc1=O,0.6087
Cc1c(N)ncnc1N1CCC(c2nc(-c3cc(O)c(Cl)c(F)c3)cn2CCN2CCC2)CC1,0.6667
O=C(NC(c1ccc(Cl)c(Cl)c1)C1CCNCC1)c1ccc(F)c(Cl)c1,0.6949
COc1c(N)ncnc1N1CCC(c2nc(-c3ccc(Cl)c(Cl)c3)cn2CCN2CCC2)CC1,0.7467
NC(=O)c1cc(-c2cn[nH]c2)c2nc(-c3ccc(C4(N)CCC4)cc3)c(-c3ccccc3)n2n1,0.75
NC(=O)CC(=O)Nc1ccc(-c2nnc3n2-c2cccnc2Nc2ccccc2-3)cc1,0.7333
CC(C)n1cc(C(=O)NC(c2ccc(Cl)c(Cl)c2)C2CCNC2)cn1,0.6119
Cn1cc(-c2nc(C(=O)NC3CNCCC3c3ccc(F)c(F)c3)c(Cl)cc2Cl)cn1,0.6081
Cc1n[nH]c2cnc(-c3cncc(OCC(N)Cc4cnn(C)c4)c3)cc12,0.7377
NC1(c2ccc(-c3nc4n(c3-c3ccccc3)COc3ncc(Br)cc3-4)cc2)CC1,0.6774
NC(Cc1ccc(F)cc1)C(=O)N1CCN(c2ncnc3cc(Br)sc23)CC1,0.6308
Cc1ncc(C(=O)NC(c2cccc(Cl)c2)C2CCNCC2)cc1F,0.6061
O=C(NC1(c2ccc(F)cc2)CCN(c2ncnc3[nH]ccc23)CC1)C1(c2ccc(F)cc2)CCNCC1,0.6212
Cn1cc(-c2ccc(F)c(F)c2)nc1C1CCN(c2ncnc(N)c2Cl)CC1,0.7385
Cn1c(CC(=O)NC2CCc3ccc(F)cc3C2)nc(N2CCOCC2)cc1=O,0.6111
NC(=O)c1ccc(-c2ccc3nc(-c4ccc(C5(N)CCC5)cc4)c(-c4ccccc4)n3n2)cc1,0.7544
Cc1n[nH]c2cnc(-c3cncc(OCC(N)Cc4cccc(Cl)c4)c3)cc12,0.8136
Cc1cc(-c2cn(CCC(=O)N3CCCC3)c(C3CCN(c4cc(N)ncn4)CC3)n2)ccc1F,0.6622
Cn1ncnc1-c1ccc(C(=O)NC2CNCCC2c2ccc(F)cc2)nc1,0.6197
NC(Cc1c[nH]c2ccccc12)C(=O)N1CCN(c2ncnc3ccccc23)CC1,0.6557
O=C(NC(c1cccc(Cl)c1)C1CCNCC1)c1cc(Cl)cnc1Cl,0.6032
O=C(Cc1nc(N2CCOCC2)cc(=O)[nH]1)NC1CCOc2cc(F)ccc21,0.6269
CC1Cc2ccc(F)cc2N1C(=O)Cc1cc(OCC2CC2)c(F)c(N2CCOCC2)n1,0.6351
NC1(C(=O)NC(C(F)(F)F)C(F)(F)F)CCN(c2ncnc3[nH]ccc23)CC1,0.7049
CCc1c(N)ncnc1N1CCC(c2nc(-c3cccc(C(F)(F)F)c3)cn2CCN2CCC2)CC1,1
O=C(NC(c1ccc(Cl)c(Cl)c1)C1CCNC1)c1nc(Cl)ccc1Cl,0.629
Cn1oc(=O)c2ccc(-c3cncc(OCC(N)Cc4cc(C(F)(F)F)ccc4F)c3)cc21,0.6438
Nc1ncnc(N2CCC(c3nc(-c4ccc(F)c(NC=O)c4)cn3CCN3CCC3)CC2)c1C1CCOCC1,0.6875
O=C(Cc1nc(N2CCOCC2)cc(=O)n1-c1ccccc1)N1c2ccccc2CC1c1cccnc1,0.625
CCOc1cc(-c2ccc(C(=O)NC3CNCCC3c3cccc(F)c3)s2)nn1C,0.6842
COc1c(NC(=O)Cc2nc(N3CCOCC3)cc(=O)n2C)ccc(F)c1Cl,0.6377
Cc1nc(N)nc2c1cc(-c1ccc(Cl)nc1)c(=O)n2C1CCC(O)CC1,0.6087
Cn1c(CC(=O)Nc2c(F)cccc2F)nc(N2CCOCC2)cc1=O,0.7049
NC1(c2ccc(-n3c(-c4ccncc4)nc4ccc(-c5ccc6[nH]ncc6c5)nc43)cc2)CCC1,0.6032
NC(COc1cncc(-c2ccc3c(c2)C(=O)N3)c1)Cc1ccc(C(F)(F)F)cc1F,0.6812
Cc1cc(F)cc(C(=O)NC2(c3ccc(-c4nnc5n4-c4cccnc4Nc4ccccc4-5)cc3)CC2)c1,0.7324
CC1COCCN1c1nc(N2CCOCC2C)c2ccc(-c3cccc(C(=O)N4CCCn5ncnc54)c3)nc2n1,0.6027
Cc1c(N)ncnc1N1CCC(c2nc(-c3cccc(F)c3F)cn2CCNC2CCCC2)CC1,0.6071
NC(=O)c1cccc2c(NC(CN3CCCC3)c3cc(F)c(F)c(Cl)c3)ncnc12,0.8
Cc1cc(-c2cn(CCN3CCCC3)c(C3CCN(c4ncnc(CC(F)(F)F)c4C#N)CC3)n2)ccc1F,0.8108
Cc1cc(C(=O)NCCC(=N)N)cn2c(-c3ccccc3)c(-c3ccc(C4(N)CCC4)cc3)nc12,0.7313
COc1c(N)ncnc1N1CCC(c2nc(-c3ccc(C#N)cc3)cn2CCN2CCCC2)CC1,0.6849
Cn1ncc(Br)c1-c1cnc(C(=O)NC2CNCCC2c2ccc(F)cc2)s1,0.6438
Cn1ncc(Br)c1-c1cc(C(=O)NC2CNCCC2c2ccc(F)cc2F)oc1Cl,0.6494
Nc1cc(N2CCC(c3nc(-c4ccc(O)c(F)c4)cn3CCN3CCC3)CC2)ncn1,0.8281
CCn1cc(-c2cncc(F)c2)nc1C1CCN(c2ncnc(N)c2C(N)=O)CC1,0.6234
Nc1n[nH]c2ccc(-c3cncc(OCC(N)Cc4c(F)cccc4F)c3)nc12,0.6615
Cc1ncncc1C(=O)NC(c1ccc(Cl)c(Cl)c1)C1CCNC1,0.6061
CC(=O)Nc1nc2ccc(-c3cnc(Cl)c(NS(=O)(=O)c4ccc(Cl)c(Cl)c4)c3)cc2s1,0.8361
NC(CC(=O)N1CCN(c2ncnc3ccccc23)CC1)Cc1ccc(Cl)cc1,0.7544
NC(=O)c1cn2nc(-c3ccc(C4(N)CCC4)cc3)c(-c3ccccc3)cc2n1,0.6094
Nc1ncnc(N2CCC(c3nc(-c4ccc(F)c(F)c4)cn3CCN3CCC3)CC2)c1F,0.8182
Cn1c(CC(=O)NC2CCc3c2ccc(F)c3Cl)nc(N2CCOCC2)cc1=O,0.6389
Cn1c(CC(=O)Nc2cccc(F)c2)nc(N2CCOCC2)cc1=O,0.7377
NC1(C(=O)NC(=O)c2cc(F)cc(F)c2)CCN(c2ncnc3[nH]ccc23)CC1,0.625
O=C(Nc1ccc(-c2nnc3n2-c2cccnc2Nc2ccccc2-3)cc1)N1CCc2ccccc2C1,0.6567
O=C(NC(c1ccc(F)c(Cl)c1)C1CCNC1)c1ccc(Cl)c(Cl)c1,0.6721
CCc1c(N)ncnc1N1CCC(c2nc(-c3ccc(N)c(F)c3)cn2CC2CNC2)CC1,0.8429
O=C(NC(CN1CCCC1)c1ccccc1)c1cc(Br)c(-c2ccnc3[nH]ccc23)s1,0.7692
Cn1ncc(Br)c1-c1nnc(C(=O)NC2CNCCC2c2cccc(Cl)c2)o1,0.6133
O=C(N1CCN(c2ncccn2)CC1)C1(c2ccc(Cl)c(Cl)c2)CCNCC1,0.629
NC(COc1cncc(-c2ccc3cnccc3c2)c1)Cc1cccc(Cl)c1,0.6406
Cc1cc(C)c(CNC(=O)C2(N)CCN(c3ncnc4[nH]ccc34)CC2)c(=O)[nH]1,0.6364
NC(Cc1ccc(Cl)cc1)C(=O)N1CCN(c2ncnc3ccc(F)c(F)c23)CC1,0.7213
CCN(CC)CCn1cc(-c2ccccc2)nc1C1CCN(c2ncnc(N)c2C#N)CC1,0.7671
O=C(NC(Cc1ccc(Cl)cc1)C(=O)N1CCN(c2ccnc3ccccc23)CC1)c1c(Cl)cccc1Cl,0.6825
Cc1cc(-c2cn(CCNC(C)C)c(C3CCN(c4ncnc(N)c4C(N)=O)CC3)n2)ccc1F,1
Cn1nc(-c2ccc(C(=O)NC3CNCCC3c3ccccc3)c(F)c2)o1,0.6176
Nc1ncnc(N2CCC(c3nc(-c4cc(F)c(C(F)(F)F)c(F)c4)cn3CCN3CCC3)CC2)c1Cl,0.7887
O=C(NC1CNCCC1c1ccc(F)c(F)c1)c1cnnc(Cl)c1,0.6119
CNC(=O)c1cc(Cl)c2nc(-c3ccc(C4(N)CCC4)cc3)c(-c3ccccc3)n2n1,0.7937
Cc1nc2ncnn2c2cc(-c3cncc(OCC(N)Cc4c[nH]c5ccccc45)c3)ccc12,0.6486
Cn1cc(-c2cc(C(=O)NC3CNCCC3c3ccc(F)c(F)c3)no2)cn1,0.6056
NC1(C(=O)NCCCl)CCN(c2ncnc3[nH]ccc23)CC1,0.7321
Cn1ncc(C(=O)NC(CN)Cc2ccc(F)c(F)c2)c1-c1ccco1,0.6
NC(=O)c1ccc2c(c1)-c1nc(-c3ccc(C4(N)CC(F)(F)C4)cc3)c(-c3ccccc3)n1CO2,0.8308
O=C(Cc1cc(F)cc(F)c1)NCC(Cc1ccc(Cl)cc1)C(=O)N1CCN(c2ncnc3ccccc23)CC1,0.6377
CC(C)n1cc(C(=O)NC(c2ccc(Cl)c(F)c2)C2CCNCC2)cn1,0.6176
O=C(Cc1nc(N2CCOCC2)cc(=O)n1-c1cc(F)cc(F)c1F)Nc1ccc(F)cc1F,0.6119
Cc1nn(C)c(C)c1-c1cc(C(=O)NC2CNCCC2c2ccc(F)c(F)c2)oc1Cl,0.7123
Cc1cc(F)ccc1NC(=O)Cc1nc(N2CCOCC2)cc(=O)n1-c1cccc(F)c1,0.6232
O=C(Cc1nc(N2CCOCC2)cc(=O)n1-c1ccc(Br)cc1)Nc1ccc(F)c(Cl)c1,0.6286
O=C(CCCc1nc(N2CCOCC2)cc(=O)[nH]1)N1CCc2c(-c3ccccc3)cccc21,0.8125
Nc1ncc(-c2cncc(OCC(N)Cc3c[nH]c4ccccc34)c2)cn1,0.7333
Nc1ncnc(N2CCC(c3nc(-c4ccc(Cl)c(F)c4)cn3CCN3CCC3)CC2)c1Cl,0.8615
O=C(NC(c1ccc(Cl)c(Cl)c1)C1CCNC1)c1cc(Cl)cc(Cl)n1,0.6094
Nc1ncnc(N2CCC(c3nc(-c4cc(F)c(F)cc4F)cn3CCN3CCC3)CC2)c1Br,0.7612
O=C(Cc1nc(N2CCOCC2)cc(=O)n1C1CC1)NCc1cccc(Cl)c1Cl,0.6111
Cc1nc(C(=O)NC2CNCCC2c2ccccc2)oc1-c1c(Br)cnn1C,0.6164
Cc1nn(C)c2ncc(-c3cncc(OCC(N)Cc4ccc(Cl)cc4)c3)cc12,0.6406
Cn1c(CC(=O)NC(=O)c2cc(F)ccc2F)nc(N2CCOCC2)cc1=O,0.6364
Cn1nnnc1-c1ccc(C(=O)NC2CNCCC2c2ccc(F)c(F)c2)cc1Cl,0.6389
O=C(Cc1nc(N2CCOCC2)cc(=O)n1-c1ccccc1)N1c2ccccc2CC1c1ccc(F)nc1,0.6081
Cn1ncc(C(=O)NC2CNCCC2c2ccc(F)cc2)c1-c1ccc(C(F)(F)F)cc1,0.6081
N#Cc1c[nH]c2ncnc(N3CCC4(CCNCC4)C3)c12,0.7
NC1(C(=O)NCc2cc(F)cc(F)c2F)CCN(c2ncnc3[nH]ccc23)CC1,0.6562
CC1OCc2ncnc(N3CCN(C(=O)C4(c5ccc(Cl)cc5)CC4)CC3)c21,0.6212
CNC(=O)c1ccc2nc(-c3ccc(C4(N)CCC4)cc3)c(-c3ccccc3)n2c1,0.8036
NC1(c2ccc(-c3nc4c(C(=O)NC5CCCCC5)cccn4c3-c3ccccc3)cc2)CCC1,0.7213
NC(Cc1ccc(F)cc1)C(=O)N1CCN(c2ncnc3ccc(NC(=O)c4ccccc4Cl)cc23)CC1,0.6575
Cn1c(CC(=O)Nc2cnn(CCc3ccc(F)cc3)c2)nc(N2CCOCC2)cc1=O,0.6111
O=C(NC1(c2ccc(-c3nnc4n3-c3cccnc3Nc3ccccc3-4)cc2)CC1)C1CCOC1,0.6486
NC(Cc1ccc(Cl)cc1)C(=O)N1CCN(c2nnc(Cl)cc2Br)CC1,0.6379
Nc1ncnc(N2CCC(c3nc(-c4cc(F)c(O)c(F)c4)cn3CCN3CCCC3)CC2)c1Br,0.8182
CCc1c(N)ncnc1N1CCC(c2nc(-c3cnc(C)c(F)c3)cn2CCN2CCC2)CC1,0.8
N#Cc1cccc(-c2cn(CCN3CCCC3)c(C3CCN(c4ncnc(N)c4Br)CC3)n2)c1,0.7857
Nc1ncnc(N2CCC(c3nc(-c4ccnc(C(F)(F)F)c4)c[nH]3)CC2)c1Br,0.6301
NC(=O)c1c(N)ncnc1N1CCC(c2nc(-c3cnn(C(F)F)c3)cn2CCN2CCC2)C(F)C1,0.7024
NC(COc1cncc(-c2ccc(C(F)(F)F)nc2)c1)Cc1ccc(C(F)(F)F)cc1,0.6452
Nc1ncnc(N2CCC(c3nc(-c4ccnc(C(F)(F)F)c4)cn3CCNCCO)CC2)c1Br,0.8514
CCc1c(N)ncnc1N1CCC(c2nc(-c3ccc(F)cc3Cl)cn2CCN2CCC2)CC1,0.7568
CNCCn1cc(-c2ccnc(C(F)(F)F)c2)nc1C1CCN(c2ncnc(N)c2C=O)CC1,0.7973
Cc1nc(=NC2CC2)c2cc(-c3cncc(OCC(N)Cc4c[nH]c5ccccc45)c3)ccc2[nH]1,0.6533
O=C(NC(c1ccc(Cl)c(Cl)c1)C1CNC1)c1cc(Cl)cc(Cl)c1,0.6364
CNC(=O)NCc1cccc(-c2ccc3c(N4CCOCC4C)nc(N4CCOCC4C)nc3n2)c1,0.6471
O=C(NC(c1ccc(Cl)c(F)c1)C1CCNCC1)c1cc(F)ccc1Cl,0.6032
CCc1c(N)ncnc1N1CCC(c2nc(-c3ccc(F)c(Cl)c3)cn2CCN2CCC2)CC1,1
CC1SCc2ncnc(N3CCN(C(=O)C(CNC(=O)c4ccc(F)cc4)Cc4ccc(F)c(F)c4)CC3)c21,0.7838
O=C(Cc1nc(N2CCOCC2)cc(=O)n1-c1ccc(Cl)cc1)N1CCc2cc(F)ccc21,0.6866
NC(=O)c1ccnn2c(-c3ccccc3F)c(-c3ccc(C4(N)CCC4)cc3)nc12,0.7759
Cc1cc(F)ccc1CC(N)COc1cncc(-c2ccc3[nH]nc(N)c3c2)c1,0.8793
Nc1ncnc(N2CCC(c3nc(-c4ccc(F)c(F)c4F)cn3CCNC3CCCC3)CC2)c1Cl,0.625
NC(=O)c1nccn2c(-c3ccccc3)c(-c3ccc(C4(N)CCC4)cc3)nc12,0.7193
Nc1ncnc(N2CCC(c3nc(-c4ccc(F)nc4)cn3CC3CNC3)CC2)c1F,0.6316
O=C(NC(c1ccc(F)cc1)C1CCNC1)c1ccc2cnccc2c1,0.7667
Cn1c(CC(=O)Nc2ccc(F)c(Br)c2)nc(N2CCOCC2)cc1=O,1
CCc1c(N)ncnc1N1CCC(c2nc(-c3ccc(F)nc3)cn2CCNC(C)(C)C)CC1,0.6316
Cn1c(CC(=O)Nc2cccc(C(F)(F)F)c2)nc(N2CCOCC2)cc1=O,0.6769
O=C(Cc1nc(N2CCOCC2)cc(=O)[nH]1)Nc1ccc(N2CCOCC2)nc1,0.7368
COc1ccc(-c2cn(CCN3CCC3)c(C3CCN(c4ncnc(N)c4Br)CC3)n2)cc1,0.7727
Cc1cc(C)n(-c2c(C(=O)NC3CNCCC3c3ccc(F)c(F)c3)cnn2C)n1,0.6
Cn1cc(-c2ccc(C(=O)NC3CNCCC3c3ccc(F)cc3)c(F)c2)nn1,0.6087
Cn1c(CC(=O)Nc2ccc(Cl)c(S(N)(=O)=O)c2)nc(N2CCOCC2)cc1=O,0.6716
O=C(Cc1cccnc1)NC(c1ccc(Cl)c(Cl)c1)C1CCNC1,0.6212
Cn1c(CC(=O)NC2CCc3ccc(F)cc32)nc(N2CCOCC2)cc1=O,0.6197
Cc1ncccc1-c1ccc2nc(-c3ccc(C4(N)CCC4)cc3)c(-c3ccccc3)n2c1,0.6552
N#CCn1cc(-c2ccc(F)c(O)c2)nc1C1CCN(c2ncnc(N)c2Br)CC1,0.6712
NC(COc1cncc(-c2ccc3[nH]nc(C(F)(F)F)c3c2)c1)Cc1ccccc1F,0.7727
CCOc1cc(-c2cn(CCN3CCCC3)c(C3CCN(c4ncnc(N)c4Br)CC3)n2)ccc1F,0.8143
Cn1cc(-c2c(C(=O)NC3CNCCC3c3ccc(F)c(F)c3)cnn2C)cn1,0.6714
O=C(N1CCN(c2ncnc3ccccc23)CC1)C1(c2ccc(Cl)cc2)CCNCC1,0.7167
O=C(NC(c1ccc(F)c(Cl)c1)C1CCNCC1)c1ccc(Cl)c(Cl)c1,0.6949
Cc1n[nH]c2cnc(-c3cncc(OCC(N)Cc4c(F)c(F)c(F)c(F)c4F)c3)cc12,0.8246
CC(C)Oc1c(F)c(CC(=O)N2CCc3c(F)cccc32)nc(N2CCOCC2)c1F,0.6232
CC1Cc2ccc(O)c(F)c2N1C(=O)Cc1nc(N2CCCC2)cc(=O)[nH]1,0.6232
NC1(C(=O)NCCc2ccc(Cl)cc2Cl)CCN(c2ncnc3[nH]ccc23)CC1,0.6984
Cc1c(-c2ccc(F)c(F)c2)nc(C2CCN(c3ncnc(N)c3Br)CC2)n1C,0.6056
Cc1nc(-c2cc(NC(=O)Cc3nc(N4CCOCC4)cc(=O)[nH]3)ccc2Cl)no1,0.6471
Cc1nc(C(=O)NC2CN(C)C2)cn2c(-c3ccccc3)c(-c3ccc(C4(N)CCC4)cc3)nc12,0.6308
NC(=O)c1ccnc2c(NC(CN3CCCC3)c3cccc(Cl)c3)cccc12,0.6515
NC1(c2ccc(-c3nc4n(c3-c3cscc3Cl)COc3ccccc3-4)cc2)CC1,0.6935
NC1(c2ccc(-c3nc4n(c3-c3ccccc3)COc3ccncc3-4)c(F)c2)CCC1,0.7742
NC(Cc1ccc(F)cc1F)C(=O)N1CCN(c2ncnc3ccccc23)CC1,0.7213
O=C(CCCc1nc(N2CCOCC2)cc(=O)[nH]1)NCc1ccc(F)c(F)c1,0.6061
O=C(Cc1nc(N2CCOCC2)cc(=O)n1C1CCCCC1)Nc1ccc(F)c(C2CC2)c1,0.7612
Cn1ncc(Br)c1-c1nc(F)c(C(=O)NC2CNCCC2c2ccc(F)cc2)s1,0.6053
CC1Cc2ccccc2N1C(=O)Cc1nc(N2CCOCC2)cc(=O)n1C,1
O=C(Cc1nc(N2CCOCC2)cc(=O)[nH]1)NCCOc1cccc(F)c1,0.6029
O=C(c1nc(N2CCOCC2)ccc1F)N1CCc2c(F)cc(F)cc21,0.6066
CC(C)(NC(=O)C1(N)CCN(c2ncnc3[nH]ccc23)CC1)c1ccc(F)c(F)c1,0.6
CCCNC(=O)Cn1cc(-c2ccc(F)c(C)c2)nc1C1CCN(c2ncnc(N)c2F)CC1,0.6463
CC(=O)c1ccn2c(-c3ccccc3)c(-c3ccc(C4(N)CCC4)cc3)nc2c1,0.7667
COc1ccc(-c2cn(CCN3CCC3)c(C3CCN(c4cc(N)ncn4)CC3)n2)cc1C,0.7
CCc1c(N)ncnc1N1CCC(c2nc(-c3ccc(F)c(C)c3)cn2CCN2CCC2)CC1,0.9692
Cc1cc(-c2cn(CC3CCCNC3)c(C3CCN(c4ncnc(N)c4Br)CC3)n2)ccc1F,0.7179
Cc1n[nH]c2cnc(-c3cncc(OCC(N)Cc4c(F)ccc(F)c4F)c3)cc12,0.8621
Cc1ccc(-c2cn(CCN3CCC3)c(C3CCN(c4ncnc(N)c4Br)CC3)n2)cc1F,0.8806
NC1(C(=O)NCc2ccc(F)cc2F)CCN(c2ncnc3[nH]ccc23)CC1,0.6667
NC(=O)c1ccc(-c2cncc(OCC(N)Cc3ccc(Cl)c(Cl)c3)c2)cc1Cl,0.6154
Cn1ccc(-c2ccc(C(=O)NC3CNCCC3c3cccc(F)c3)cn2)n1,0.6027
Cc1nc(F)c(F)cc1C(=O)NC1CNCCC1c1ccc(F)cc1,0.6
CCOc1c(F)c(N2CCOCC2)nc(CC(=O)N2CCc3c(F)cccc32)c1Br,0.6056
O=C(NC(c1ccc(Cl)c(Cl)c1)C1CCCNC1)c1ccc(F)cc1,0.6774
Cn1nc(-c2ccc(C(=O)NC3CNCCC3c3cccc(F)c3)cc2)c2cnccc21,0.6486
Cn1c(CC(=O)N2CCc3ccccc32)nc(N2CCOCC2)cc1=O,1
CN1CC(NC(=O)Cc2nc(N3CCOCC3)cc(=O)[nH]2)CC1c1ccc(F)cc1,0.6
NC(COc1cncc(-c2ccc3c(c2)C(F)(F)C(=O)N3)c1)Cc1cccc(F)c1F,0.7101
Cn1cc(-c2[nH]nc3cnc(-c4cncc(OCC(N)Cc5ccccc5)c4)cc23)cn1,0.6324
O=C(NC(c1ccc(Cl)c(Cl)c1)C1CCNC1)c1cc(Cl)nc(Br)c1,0.6406
Cc1ncc(OCC(N)Cc2c[nH]c3ccccc23)cc1-c1ccc2c(c1)C(=O)NCC(=O)N2,0.6104
Cn1ccnc1-c1ccc(C(=O)NC2CNCCC2c2cccc(F)c2)cc1,0.6667
Cn1ncc(Br)c1-c1ccc(C(=O)NC2CNCCC2c2ccc(F)c(F)c2)s1,0.8088
Cc1oc(C(=O)NC2CNCCC2c2ccc(F)c(F)c2)cc1-c1cc(C(F)(F)F)n(C)n1,0.6154
NC(=O)C(NC(=O)c1cc(Br)c(-c2ccnc3[nH]ccc23)s1)C1CCOCC1,0.6027
Cn1cc(-c2cn(CCN3CCC3)c(C3CCN(c4cc(N)ncn4)CC3)n2)cc1C(F)F,0.6714
Cn1ncc(Cl)c1-c1cc(C(=O)NC2CNCCC2c2ccccc2)oc1Cl,1
N#CCCNCC(Nc1ncnc2c(C(N)=O)cccc12)c1ccc(F)cc1,0.6364
NC(COc1cncc(-c2ccc3[nH]c(=O)sc3c2)c1)Cc1cccc(F)c1F,0.7015
O=C(NC(c1ccc(F)c(Cl)c1)C1CCNC1)c1ccc2ncccc2c1,0.6
CNCC(Nc1ncnc2c(C(N)=O)ccnc12)c1cc(F)cc(Cl)c1,0.7544
Cn1c(CC(=O)c2ccccc2F)nc(N2CCOCC2)cc1=O,0.6349
Cc1nc(Cl)ccc1C(=O)NC1CNCCC1c1ccc(F)c(F)c1,0.6176
CCn1cc(-c2ccnc(C(F)(F)F)c2)nc1C1CCN(c2ncnc(N)c2C#N)CC1,0.831
Cn1ncc(Br)c1-c1onc(C(=O)NC2CNCCC2c2cccc(F)c2)c1Cl,0.6623
O=C(Cc1nc(N2CCOCC2)cc(=O)[nH]1)Nc1cc(C(=O)NC2CC2)c(F)cc1F,0.6667
Cc1cc(-c2cn(CC(F)F)c(C3CCN(c4ncnc(N)c4C(F)(F)F)CC3)n2)ccc1F,0.6296
Nc1ncnc(N2CCCC(c3nc(-c4cc(F)cc(Br)c4)cn3CCN3CCC3)CC2)c1Cl,0.726
Cc1c(F)cc(NC(=O)Cc2nc(N3CCOCC3)cc(=O)[nH]2)cc1-c1cnn(C)n1,0.6324
CC(Cc1cc(F)ccc1F)C(=O)N1CCN(c2ncnc3ccccc23)CC1,0.6154
Nc1ncc(-c2cncc(OCC(N)Cc3ccc(Cl)c(F)c3)c2)cn1,0.6508
NC1(C(=O)NCc2ccc(F)cc2)CCN(c2ncnc3[nH]cc(Cl)c23)CC1,0.6269
COc1cc(NC(=O)Cc2nc(N3CCOCC3)cc(=O)n2C)cc(OC)c1,0.6508
CCOc1ccc2nc(-c3ccc(C4(N)CCC4)cc3)c(-c3ccccc3)n2n1,1
Cn1c(CC(=O)NC(=O)c2ccc(F)cc2)nc(N2CCOCC2)cc1=O,0.6154
NC(Cc1cc(F)ccc1F)C(=O)N1CCN(c2ncnc3ccccc23)CC1,0.75
CCC(NC(=O)Cc1nc(N2CCOCC2)cc(=O)n1C)c1ccc(F)c(F)c1,0.6087
O=C(Cc1nc(N2CCOCC2)cc(=O)n1-c1ccccc1)N1CCc2c(Cl)ccc(F)c21,0.6522
NC1(C(=O)NC(c2ccc(Cl)cc2)C2CCCC2)CCN(c2ncnc3c2CCC3)CC1,0.6522
Cn1cc(N2CCOCC2)nc1CC(=O)N1CCc2c(F)cccc21,0.7541
Cn1ncc(Cl)c1-c1cc(C(=O)NCC(N)Cc2ccccc2)sc1Cl,0.6
CN(C)C1(C(=O)NCc2ccc(Cl)cc2Cl)CCN(c2ncnc3[nH]ccc23)CC1,0.6119
Cn1c(CC(=O)Nc2ccc(Cl)c(S(C)(=O)=O)c2)nc(N2CCOCC2)cc1=O,0.6567
O=C(NC(c1ccc(F)cc1)C1CCCNCC1)c1ccc(Cl)c(Cl)c1,0.619
Cn1c(CC(=O)NCc2ccc(F)c(F)c2Cl)nc(N2CCOCC2)cc1=O,0.6418
Cn1ncc(Br)c1C(=O)NC1CNCCC1c1ccc(Cl)c(Cl)c1,0.6418
NC1(c2ccc(-c3nc4cccc(-c5cn[nH]c5)n4c3-c3ccccc3)cc2)CCC1,0.6094
CCOc1cc(N2CCC(c3nc(-c4ccc(Cl)c(F)c4)cn3CCN3CCC3)CC2)ncn1,0.6538
O=C(NC(c1ccc(F)c(F)c1)C1CCNCC1)c1ccc(Cl)cc1,0.6066
O=C(Cc1nc(N2CCOCC2)cc(=O)[nH]1)NC1CC1c1cc(F)cc(F)c1,0.6949
N#Cc1c(Cl)cccc1-c1ccc(C(=O)NC2CNCCC2c2cccc(F)c2)nc1,0.6301
Cn1nc(-c2ccc(C(=O)NC3CNCCC3c3ccc(F)cc3)c(Cl)c2)cc1F,0.6522
Cc1c(F)cc(-c2cn(CCN3CCCC3)c(C3CCN(c4cc(N)ncn4)CC3)n2)cc1F,0.8095
Nc1ncnc(N2CCC(c3nc(-c4ccc(F)c(C(F)(F)F)c4)cn3CC(=O)N3CCC3)CC2)c1C(F)(F)F,0.6707
NC(Cc1cc(F)c(F)c(F)c1)C(=O)N1CCN(c2ncnc3cccc(Cl)c23)CC1,0.6364
NCCNc1cc(Br)cn2c(-c3ccccc3)c(-c3ccc(C4(N)CCC4)cc3)nc12,0.6562
CC1SCc2ncnc(N3CCN(C(=O)C(N)Cc4cn(C(N)=O)c5ccc(Cl)cc45)CC3)c21,0.6849
O=C(NC1CNCCC1c1ccc(F)c(F)c1)c1cc(Br)c(Br)s1,0.6056
O=C(NC(c1ccc(Cl)c(F)c1)C1CNC1)c1cccnc1,0.6
NC1(C(=O)c2ccc(F)cc2F)CCN(c2ncnc3[nH]cc(Cl)c23)CC1,0.6866
NC(=O)NCCCC(NC(=O)c1cc(Br)c(-c2ccnc3[nH]ccc23)s1)c1ccc(F)cc1,0.6944
Nc1ncnc(N2CCC(c3nc(-c4cc(F)c(C(F)(F)F)c(F)c4)cn3CCN3CCC3)CC2)c1F,0.7571
CN(C)CCn1cc(-c2ccc(F)c(C(F)(F)F)c2)nc1C1CCN(c2ncnc(N)c2Cl)CC1,0.8333
NC1(C(=O)NC2CCCCCC2)CCN(c2ncnc3[nH]ccc23)CC1,0.6066
NC(COc1cncc(-c2ccc3[nH]c(=O)c(=O)[nH]c3c2)c1)Cc1c(F)cccc1F,0.6774
Cn1ncc(Br)c1-c1cnc(C(=O)NC2CNCCC2c2cccc(F)c2)cc1F,0.6892
Cn1nc(C(=O)NC2CNCCC2c2cccc(F)c2)cc1-c1cccc(C(N)=O)c1,0.6081
O=C(NC(c1cccc(Cl)c1)C1CCNCC1)c1ccnc(F)c1,0.6613
CNC(=O)c1c(N)ncnc1N1CCC(c2nc(-c3ccc(F)c(F)c3)cn2CCN(C)C)CC1,0.7532
O=C(Cc1nc(N2CCCC2)cc(=O)[nH]1)N1c2ccccc2CC1c1cccnc1,0.7121
Cn1ncc(Br)c1-c1oc(C(=O)NC2CNCCC2c2ccc(F)cc2)cc1Br,0.8438
CC(CNC(=O)NC(C)(C)C)NC(=O)c1cc(Br)c(-c2ccnc3[nH]ccc23)s1,0.6111
O=C(Cc1nc(N2CCOCC2)cc(=O)[nH]1)Nc1cc(F)cc(C(=O)NC2CCCC2)c1,0.7419
Cc1cc(C)cc(NC(=O)Cc2nc(N3CCOCC3)cc(=O)n2C)c1,0.6833
Cc1sc(NC(=O)Cc2nc(N3CCOCC3)cc(=O)[nH]2)nc1-c1ccc(F)cc1,0.6618
Cc1cc(CC(N)COc2cncc(-c3ccc4n[nH]c(C)c4c3)c2)c(Cl)cc1Cl,0.6029
Cn1ncc(Cl)c1N1CCC(c2nc(-c3ccc(Cl)c(F)c3)cn2CCN2CCCC2)CC1,0.6622
Cc1c(F)cc(-c2cn(CCN3CCCC3)c(C3CCN(c4ncnc(N)c4Br)CC3)n2)cc1F,0.8182
Cn1c(CC(=O)N2CCC(Nc3ccc(F)c(F)c3)CC2)nc(N2CCOCC2)cc1=O,0.6197
NC(Cc1ccc(Cl)cc1)C(=O)N1CCN(c2ncnc3cccc(F)c23)CC1,0.7966
Cn1cc(-c2ccccc2F)nc1C1CCN(c2ncnc(N)c2Br)CC1,0.6667
O=C(Cc1nc(N2CCOCC2)cc(=O)[nH]1)Nc1ccc(-c2cn[nH]c2)cc1Cl,0.6087
N#Cc1ccc(-c2cn(CCN3CCCC3)c(C3CCN(c4ncnc(N)c4Br)CC3)n2)cc1,0.8
O=C(Nc1csc(-c2nncn2C2CCNCC2)n1)c1cc(-n2cnc(C3CC3)c2)c(N2CCCC2)cn1,0.8077
Cn1nc(-c2ccc(C(=O)NC3CNCCC3c3cccc(F)c3)cc2F)cc1F,0.6197
O=C(NC1CNCCC1c1cccc(F)c1)c1cc(-c2cnc(Cl)o2)cs1,0.7083
O=C(NC(c1ccc(Cl)c(Cl)c1)C1CCNC1)c1c(F)cncc1F,0.6349
Cc1n[nH]c2cnc(-c3cncc(OCC(=O)Nc4cccc(F)c4)c3)cc12,0.6
Cc1c(NC(=O)Cc2nc(N3CCOCC3)cc(=O)[nH]2)cnn1C,0.6667
O=C(NC(c1ccc(Cl)c(F)c1)C1CNC1)c1ccc2cnccc2c1,0.8393
NC(=O)c1c(N)ncnc1N1CCC(c2nc(-c3ccc(F)c(C(F)(F)F)c3)cn2CCNCCO)CC1,0.8701
NC(Cc1ccc(Cl)cc1)C(=O)N1CCN(c2ncnc3c(C(F)(F)F)cccc23)CC1,0.6935
NC1(C(=O)NC(Cc2ccccc2)c2ccc(F)cc2)CCN(c2ncnc3[nH]nc(Br)c23)CC1,0.6622
NC1(c2ccc(-c3nc4c(Br)cc(C(=O)NCCN5CCCC5)cn4c3-c3ccccc3)cc2)CCC1,0.7059
NC1(c2ccc(-c3nc4n(c3-c3ccccc3)COc3ccnn3-4)cc2)CCC1,0.6
O=C(Cc1nc(N2CCOCC2)c(Br)c(=O)[nH]1)Nc1ccc(F)c(F)c1,0.6885
Cn1c(CC(=O)N2CCc3ccccc32)nc(N2CCOCC2)c(F)c1=O,0.6774
NC1(C(=O)Nc2cnccc2Cl)CCN(c2ncnc3[nH]ccc23)CC1,0.6094
CN(C)CCn1cc(-c2ccc(F)c(C(N)=O)c2)nc1C1CCN(c2ncnc(N)c2F)CC1,0.75
Cn1c(CC(=O)Nc2cccc(Cl)c2Br)nc(N2CCOCC2)cc1=O,0.6716
N#Cc1cn2c(-c3ccccc3)c(-c3ccc(C4(N)CCC4)cc3)nc2cc1N,0.6552
O=C(NC(c1ccc(F)c(F)c1)C1CCNCC1)c1cc(Cl)nc(Cl)c1,0.6032
Cc1cn2c(-c3ccccc3)c(-c3ccc(C4(N)CCC4)cc3)nc2cc1C#N,0.6441
COc1c(N)ncnc1N1CCC(c2nc(-c3ccc(F)c(C)c3)cn2CC2CN(C)C2)CC1,0.8333
NC(Cc1ccc(Cl)cc1)C(=O)N1CCN(c2ncnc3cccc(-c4nccs4)c23)CC1,0.7015
Nc1ncnc(N2CCC(c3nc(-c4ccc(Cl)c(Cl)c4)cn3CCN3CCCCC3)CC2)c1C(F)(F)F,0.6974
CCc1c(N)ncnc1N1CCC(c2nc(-c3ccc(F)c(C(F)(F)F)c3)cn2CC)CC1,0.8923
NC1(C(=O)NCc2ccco2)CCN(c2ncnc3[nH]ccc23)CC1,0.7
CNC(=O)c1ccc(C)nc1N1CCC(c2nc(-c3ccnc(C(F)(F)F)c3)cn2CCN2CCCC2)CC1,0.631
NC1(c2ccc(-c3nc4n(c3-c3ccccc3)COc3cc(C(F)(F)F)cnc3-4)cc2)CC1,0.6508
Cc1cc(C(=O)NC(c2ccc(F)c(F)c2)C2CCNCC2)ccc1Cl,0.625
NC(Cc1ccc(O)cc1)C(=O)N1CCN(c2ncnc3ccc(-c4cn[nH]c4)cc23)CC1,0.8615
Cc1cc(Cl)ccc1CC(N)COc1cncc(-c2cc3c(C)n[nH]c3cn2)c1,0.8197
Nc1ncnc(N2CCC(c3nc(-c4ccccc4F)cn3CCN3CCC3)CC2)c1Cl,0.7313
O=C(NC1CNCCC1c1ccc(F)c(F)c1)c1ccc(N2CCC(F)CC2)nc1,0.6377
Cc1cc(F)ccc1CC(N)COc1cncc(-c2ccc3n[nH]c(C)c3c2)c1,0.7705
Cn1cc(-c2ccc(C(=O)NC3CNCCC3c3ccccc3)cc2F)cn1,0.6
CNC(=O)Cn1cc(-c2ccc(F)c(C(F)(F)F)c2)nc1C1CCN(c2ncnc(N)c2Cl)CC1F,0.7722
Cn1c(CC(=O)NC2CCc3c2ccc(F)c3F)nc(N2CCOCC2)cc1=O,0.6571
Nc1ncnc(N2CCC(c3nc(-c4ccc(F)c(C(F)(F)F)c4)cn3CC(=O)NCCCCO)CC2)c1C(F)(F)F,0.618
Cn1cc(-c2cn(CCN3CCC3)c(C3CCN(c4cc(N)ncn4)CC3)n2)cc1Br,0.6866
Cc1cc(-c2cn(CCN3CCC3)c(C3CCN(c4ncnc(N)c4C(F)(F)F)CC3)n2)ccc1F,0.8028
Cc1nc(C(=O)NC2CNCCC2c2cccc(F)c2)cc2nc(-c3c(Cl)cnn3C)nn12,0.6753
Cn1ncc(Br)c1-c1oc(C(=O)NC(CN)Cc2ccc(F)c(F)c2)cc1Br,0.6618
Cn1c(CC(=O)NCS(=O)(=O)c2ccc(F)c(F)c2)nc(N2CCOCC2)cc1=O,0.6324
CC1COCCN1c1nc(N2CCOCC2C)c2ccc(-c3ccc(C(N)=O)cc3)nc2n1,0.6557
NC(=O)c1cnc(N2CCC(c3nc(-c4ccc(F)c(OC(F)F)c4)cn3CCN3CCCC3)CC2)cc1Cl,0.6667
Nc1ncnc(N2CCC(c3nc(-c4ccc(C(F)(F)F)c(F)c4)cn3CCN3CCCC3)CC2)c1C(F)(F)F,0.7639
Cc1cc(-n2c(CC(=O)Nc3ccc(F)c(F)c3)nc(N3CCOCC3)cc2=O)ccc1F,0.6232
Cn1ncc(C(F)(F)F)c1-c1cc(C(=O)NC2CNCCC2c2cccc(F)c2)no1,0.6364
NC(=O)c1ccc(-c2cn(CCN3CCC3)c(C3CCN(c4ncnc(N)c4Cl)CC3)n2)cn1,0.7143
COc1ccc(F)c(F)c1CC(N)COc1cncc(-c2cnc3c(c2)CC(=O)N3)c1,0.6081
CCCNC(=O)C1(N)CCN(c2ncnc3[nH]cc(Cl)c23)CC1,0.6349
NC1(C(=O)NC(CNC=O)c2ccc(Cl)cc2)CCN(c2ncnc3[nH]ccc23)CC1,0.7969
NC(COc1cncc(-c2ccc3cnccc3c2)c1)Cc1cc(F)ccc1F,0.625
Cc1cccc(Cl)c1NC(=O)C1(CN)CCN(c2ncnc3[nH]ccc23)CC1,0.6143
CNC(=O)c1cn2c(-c3ccccc3)c(-c3ccc(C4(N)CCC4)cc3)nc2c(C)n1,0.7069
CNC(=O)c1c(N)ncnc1N1CCC(c2nc(-c3ccnc(OC)c3)cn2CCN2CCC2)CC1,0.6875
NC(=O)c1ccnc2ccc(-c3cncc(OCC(N)Cc4ccc(Cl)c(F)c4)c3)cc12,0.6164
CCOc1ccc(NC(=O)Cc2nc(N3CCOCC3)cc(=O)[nH]2)cc1C(=O)NC,0.6324
Cc1nc(NC(=O)Cc2nc(N3CCOCC3)cc(=O)[nH]2)c(C)n1-c1ccccc1,0.6364
N#Cc1cccc2ncnc(N3CCN(C(=O)C(N)Cc4ccc(F)cc4)CC3)c12,0.6269
Cn1ncc(Cl)c1-c1ccc(F)c(C(=O)NC2CNCCC2c2ccc(F)cc2)n1,0.625
Cn1cnc(-c2[nH]nc3cnc(-c4cncc(OCC(N)Cc5cccc(F)c5)c4)cc23)n1,0.6486
COc1ccc(-c2cn(CCN3CCC3)c(C3CCN(c4ncnc(N)c4Br)CC3)n2)cn1,0.7143
Cc1c[nH]c2ncnc(N3CCC(N)(C(=O)NC(c4ccc(F)c(F)c4)C(F)(F)F)CC3)c12,0.6667
Cc1c(-c2ccc(C(=O)NC3CNCCC3c3ccc(F)cc3)cc2)cnn1C,0.6
O=C(NC(c1ccc(Cl)c(Cl)c1)C1CCNCC1)c1ccncc1F,0.6875
CNC(=O)c1ccc(-c2ccc3c(N4CCOCC4C)nc(N4CCOCC4C)nc3n2)cc1,0.6094
Nc1ncnc(N2CCC(c3nc(-c4ccc(O)c(Cl)c4)cn3CCN3CCC3)CC2)c1F,0.7105
Cc1n[nH]c2cnc(-c3cncc(OCC(N)Cc4ccc(F)c(Cl)c4F)c3)cc12,0.8525
O=Cc1cn2cc(-c3c(F)cccc3F)c(-c3ccc(CN4CC(c5n[nH]c(-c6ccccn6)n5)C4)cc3)nc2n1,0.65
NC(Cc1ccc(Cl)cc1)C(=O)N1CCN(c2ncnc3ccc(O)cc23)CC1,0.8246
Cc1cc(-c2cn(CCN3CCC3)c(C3CCN(c4cc(N)ncn4)CC3F)n2)ccc1Cl,0.631
NC(=O)c1c(N)ncnc1N1CCC(c2nc(-c3ccnc(F)c3)cn2CC(F)(F)F)CC1,0.6795
Nc1ncnc(N2CCC(c3nc(-c4ccc(F)cc4)cn3CC(=O)NC3CCC3)CC2)c1Cl,0.6806
CNC(=O)CC(N)CC(Cc1ccc(F)cc1)C(=O)N1CCN(c2ncnc3c2C(C)SC3)CC1,0.6282
O=C(Cc1nc(N2CCOCC2)cc(=O)[nH]1)N1CCC(C(O)(c2ccc(F)cc2)c2ccc(F)cc2)C1=O,0.6087
O=C(NC(c1ccc(F)c(F)c1)C1CNC1)c1ccc(Cl)c(Cl)c1,0.6207
NCC1(C(=O)NCc2cc(Cl)cc(Cl)c2)CCN(c2ncnc3[nH]ccc23)CC1,0.6774
NC(Cc1ccc(F)cc1Cl)C(=O)N1CCN(c2ncnc3cc(F)ccc23)CC1,0.7667
CC(C)Oc1nc(CC(=O)N2c3ccccc3CC2C)nc(N2CCOCC2)c1F,0.6338
N#Cc1cc(-c2cn(CCN3CCC3)c(C3CCN(c4ncnc(N)c4C#N)CC3)n2)ccc1Cl,0.831
O=C(Cc1nc(N2CCOCC2)cc(=O)n1C1CCCCC1)Nc1ccc(F)c(F)c1,0.6286
Nc1ncnc(N2CCC(c3nc(-c4ccnc(F)c4)cn3CCN3CCCC3)CC2)c1Cl,0.8333
NC(=Nc1ccc(F)cc1)NC(=O)C1(N)CCN(c2ncnc3[nH]ccc23)CC1,0.6462
O=C(NC(c1ccc(Cl)c(F)c1)C1CCNCC1)c1cc(Cl)no1,0.6
Cc1cccc(C(=O)NC(c2cccc(Cl)c2)C2CCNCC2)n1,0.6032
CC(C)CNC(=O)c1cc(NC(=O)Cc2nc(N3CCOCC3)cc(=O)[nH]2)ccc1F,0.7231
NC(Cc1ccc(F)cc1)C(=O)N1CCN(c2ncnc3ccc(-c4cn[nH]c4)cc23)CC1,0.8485
CC(=O)c1ccc2nc(-c3ccc(C4(N)CCC4)cc3)c(-c3ccccc3)n2c1,1
NC(=O)c1c(N)ncnc1N1CCC(c2nc(-c3ccc(F)cc3)cn2CCN2CCCC2)CC1,0.8028
NC1(C(=O)NCc2cccc(Cl)c2)CCN(c2ncnc3[nH]ccc23)CC1,0.8103
Cn1ccc(C(=O)NC2CNCCC2c2ccc(F)c(F)c2)n1,0.6154
CN(C)CCCNCCn1cc(-c2ccc(F)cc2)nc1C1CCN(c2ncnc(N)c2C2CC2)CC1,0.6533
CC(C)NCCn1cc(-c2ccc(F)c(Cl)c2)nc1C1CCN(c2ncnc(N)c2C(N)=O)CC1,0.8553
CNC(=O)c1ccc2c(c1)OCn1c-2nc(-c2ccc(C3(N)CCC3)cc2)c1-c1ccccc1,0.8235
O=C(NC(c1ccc(Cl)c(F)c1)C1CCNCC1)c1cc(F)ncc1F,0.625
Cc1cc(-c2cn(CC3CCCN3)c(C3CCN(c4cc(N)ncn4)CC3)n2)ccc1F,0.6133
Cn1nc(-c2cc(C(=O)NC3CNCCC3c3ccc(F)c(F)c3)oc2Cl)c2cccnc21,0.6582
NC(=O)c1cccc(-c2cn(CCN3CCC3)c(C3CCN(c4cc(N)ncn4)CC3)n2)c1,0.6857
Cc1n[nH]c2cnc(-c3cncc(OCC(N)Cc4cnccc4-c4cncnc4)c3)cc12,0.6866
Cn1ncc(Cl)c1-c1nnc(C(=O)NC2CNCCC2c2ccc(F)c(F)c2)o1,0.7222
NC(=O)c1cc(-c2cncc(OCC(N)Cc3ccc(C(F)(F)F)c(F)c3)c2)ccc1F,0.6429
NC(=O)c1cc(-c2cncc(OCC(N)Cc3cccc(F)c3F)c2)ccc1F,0.6212
O=C(NC(c1ccc(Cl)c(F)c1)C1CCNCC1)c1ccoc1,0.625
CCCc1nc(Br)cn2c(-c3ccccc3)c(-c3ccc(C4(N)CCC4)cc3)nc12,0.7119
Cn1c(CCCC(=O)N2CCc3c(F)cc(F)cc32)nc(N2CCOCC2)cc1=O,0.6377
Nc1ncnc(N2CCCC(c3nc(-c4cccc(Cl)c4)cn3CCN3CCC3)CC2)c1Br,0.7639
COCC(N)COc1cncc(-c2ccc3[nH]nc(C(F)(F)F)c3c2)c1,0.6818
COc1nn(C)c(-c2cc(C(=O)NC3CNCCC3c3cccc(F)c3)oc2Cl)c1Cl,0.6098
COc1ncc(Cl)cc1C(=O)NC1CNCCC1c1ccc(F)c(F)c1,0.6056
Cc1cccc2ncnc(N3CCN(C(=O)C(N)Cc4ccc(F)cc4)CC3)c12,0.8276
NC(=O)Nc1ccc(-c2cncc(OCC(N)Cc3c[nH]c4ccccc34)c2)cc1N,0.6667
O=C(Cc1nc(N2CCOCC2)cc(=O)[nH]1)NCc1ccc(F)cc1Br,0.6615
NC(=O)c1c(N)ncnc1N1CCC(c2nc(C(F)(F)F)cn2CCN2CCC2)CC1,0.7606
CC(NC(=O)C1(N)CCN(c2nnnc3[nH]cnc23)CC1)c1ccc(Br)cc1,0.6364
CNCCn1cc(-c2cc(F)c(Cl)cc2F)nc1C1CCN(c2ncnc(N)c2Br)CC1,0.641
Cc1cc(-c2cn(CCCN)c(C3CCN(c4ncnc(N)c4Br)CC3)n2)ccc1F,0.8235
Cn1c(CC(=O)Nc2ccc3c(c2)c(=O)on3C)nc(N2CCOCC2)cc1=O,0.6769
O=C(NC(c1ccc(Cl)c(Cl)c1)C1CCNCC1)c1cncc(F)c1,0.6721
Cn1nnnc1-c1ccc(C(=O)NC2CNCCC2c2cc(F)cc(F)c2)nc1,0.625
NC1(c2ccc(-c3nc4cc(C(=O)O)ccn4c3-c3ccccc3)cc2)CCC1,0.7627
NC(=O)c1c[nH]n2c(-c3ccccc3)c(-c3ccc(C4(N)CCC4)cc3)nc12,0.6724
CN(C)CCn1cc(-c2ccc(F)c(F)c2)nc1C1CCN(c2ncnc(N)c2C#N)CC1,0.8841
NC1(C(=O)NCc2ccccc2F)CCN(c2ncnc3[nH]ccc23)CC1,0.6885
O=C(Cc1nc(N2CCOCC2)cc(=O)n1-c1cc(F)cc(F)c1)N1CCc2c(Cl)cccc21,0.7313
O=C(Cc1nc(=O)cc(N2CCOCC2)[nH]1)Nc1ccc(F)cc1F,0.7288
O=C(Cc1nc(N2CCOCC2)cc(=O)[nH]1)N1CCC2(CC1)CN(C(=O)C1CC1)c1ccccc12,0.7612
Cc1cc(F)ccc1-n1c(CC(=O)Nc2ccc(F)cc2F)nc(N2CCOCC2)cc1=O,0.6119
CC(CNC(=O)c1cc(Br)c(-c2ccnc3[nH]ccc23)s1)Cc1ccc(F)c(F)c1,0.6111
Cn1cc(-c2cncc(OCC(N)Cc3c[nH]c4ccccc34)c2)cc1C(F)(F)F,0.6528
CNC(=O)CCn1cc(-c2ccc(F)c(F)c2)nc1C1CCN(c2ncnc(N)c2Cl)CC1,0.726
Cc1c[nH]c2ncnc(N3CCC(N)(C(=O)NC(CC(=O)O)c4cccs4)CC3)c12,0.6053
CC(=O)c1ccc2c(c1)-c1nc(-c3ccc(C4(N)CC4)cc3)c(-c3ccccc3)n1CO2,0.7313
NC(COc1cncc(-c2ccc3c(c2)CNC3=O)c1)Cc1ccc(F)c(Cl)c1,0.6111
NC1(C(=O)NC(C(=O)N2CCC(F)C2)c2ccc(Cl)cc2)CCN(c2ncnc3[nH]ccc23)CC1,0.7463
CC(=O)C(NC(=O)C1(N)CCN(c2ncnc3[nH]ccc23)CC1)c1ccc(C)c(F)c1,0.6618
Cc1ccc(C(=O)NC(c2ccc(F)c(Cl)c2)C2CCNCC2)cn1,0.6061
NC(=O)c1ccc(-c2cncc(OCC(N)Cc3ccc(F)cc3F)c2)cc1F,0.6212
Cc1cc(-c2ccc(C(=O)NC3CNCCC3c3ccc(F)c(F)c3)cc2)nn1C,0.7077
CC1Cc2cc(F)ccc2N1C(=O)Cc1nc(N2CCOCC2)cc(=O)n1-c1ccc(F)c(Cl)c1,0.7222
O=C(NC1CNCCC1c1ccc(F)cc1)c1cc(Cl)c(F)cc1F,0.6032
COc1ccc(C(=O)NC2CNCCC2c2ccc(F)c(F)c2)cc1Br,0.6176
Cn1ncc(Br)c1-c1csc(C(=O)NC2CNCCC2c2ccc(F)cc2)c1,0.7101
Nc1cc(N2CCC(c3nc(-c4ccc(F)c(C(F)(F)F)c4)cn3CC(=O)NCC(F)(F)F)CC2)ncn1,0.6883
O=C(NC(c1ccc(Cl)c(F)c1)C1CCCN1)c1ccc2cnccc2c1,0.75
CCc1c(N2CCOCC2)nc(CC(=O)N2CCc3ccccc32)n1C,0.6721
O=C(NC(c1ccc(Cl)c(Cl)c1)C1CCNC1)c1cc(Cl)c(Cl)nc1Cl,0.619
NC1(C(=O)NC(CCS)c2ccc(F)cc2)CCN(c2ncnc3[nH]ccc23)CC1,0.7344
CSC(=O)NC(=O)c1ccc2nc(-c3ccc(C4(N)CCC4)cc3)c(-c3ccccc3)n2n1,0.7869
CNC(COc1cncc(-c2cc3c(C)n[nH]c3cn2)c1)c1ccccc1,0.6721
CNC(=O)C(Cc1ccc(Br)cc1)NC(=O)C1(N)CCN(c2ncnc3[nH]ccc23)CC1,0.697
O=C(NCc1ccc(F)cc1)C1(CC2CC2)CCN(c2ncnc3[nH]ccc23)CC1,0.6154
Cc1cc(-c2ccc(C(=O)NC3CNCC3c3cccc(F)c3)nc2)nn1C,0.6197
CN(C)c1ccc(-c2cn(CCN3CCC3)c(C3CCN(c4ncnc(N)c4F)CC3)n2)cc1F,0.7162
Nc1ncnc(N2CCC(c3nc(-c4ccc(F)c(C(F)(F)F)c4)no3)CC2)c1Br,0.6522
COc1c(N)ncnc1N1CCC(c2nc(-c3ccc(F)c(F)c3)cn2C)CC1,0.64
COc1ccc(F)c(-c2ccc(C(=O)NC3CNCCC3c3ccc(F)c(F)c3)cc2F)c1,0.6471
O=C(Nc1cccnc1)NC(c1ccc(Cl)c(Cl)c1)C1CCNC1,0.6061
Nc1cccc(-c2cn(CCN3CCCC3)c(C3CCN(c4cc(N)ncn4)CC3)n2)c1,0.7656
O=C(Cc1nc(N2CCOCC2)cc(=O)n1-c1ccccc1)Nc1ccc(F)c(C2CCCC2)c1,0.7143
O=C(NC(c1ccc(Cl)c(F)c1)C1CCNCC1)c1cnc(Cl)c(Cl)c1,0.6667
Cn1cc(C(=O)NC2CNCCC2c2ccc(F)c(F)c2)c(-c2ncccc2F)n1,0.6056
c1ccc(-c2cn3nccc3nc2-c2ccc(CN3CC(c4n[nH]c(-c5ccccn5)n4)C3)cc2)cc1,0.7123
Nc1ncnc(N2CCC(c3nc(-c4ccc(F)c(C(F)(F)F)c4)cn3CCN3CCC3)CC2)c1C(F)(F)F,0.8676
NC(=O)c1ccnc2c(NC(CN3CCCC3)c3ccc(F)c(F)c3)ncnc12,0.7581
NC1(c2ccc(-c3nc4cnc(CO)cn4c3-c3ccccc3)cc2)CCC1,0.6562
Cn1nc(-c2ccc(C(=O)NC3CNCCC3c3ccccc3)c(Cl)c2)cc1F,0.6286
CNCC(Nc1ncnc2c(C(N)=O)ccnc12)c1ccc(F)c(C(C)C)c1,0.7966
Cn1nc(Cl)c(-c2ccc(C(=O)NC3CNCCC3c3cccc(F)c3)cc2)n1,0.6957
NC1(C(=O)NCc2c(Cl)cnc(Cl)c2F)CCN(c2ncnc3[nH]ccc23)CC1,0.6875
Cc1cc(-c2cn(CC(N)=O)c(C3CCN(c4ncnc(N)c4Cl)CC3)n2)ccc1F,0.6933
NC1(c2ccc(-c3nc4ccc(Cl)nn4c3-c3cccc(Br)c3)cc2)CCC1,0.7736
Cc1c[nH]c2ncnc(N3CCC(NC(=O)c4ccc(F)cc4F)C3)c12,0.6111
NC(=O)C(Cc1ccccc1)NC(=O)C1(N)CCN(c2ncnc3[nH]ccc23)CC1,0.7164
CCn1cc(-c2ccc(F)c(F)c2)nc1C1CCN(c2ncnc(N)c2C2CCOCC2)CC1,0.6944
Cc1c(C(=O)NCc2ccc(F)cc2)cc(NC(=O)Cc2nc(N3CCOCC3)cc(=O)[nH]2)cc1C(F)(F)F,0.6027
O=C(Cc1nc(N2CCOCC2)cc(=O)n1-c1ccc(F)cc1)Nc1cc(F)c(F)c(Br)c1,0.6143
Cc1c(CC#N)ccn2c(-c3ccccc3)c(-c3ccc(C4(N)CCC4)cc3)nc12,0.6441
Cn1ncc(C(N)=O)c1N1CCC(c2nc(-c3ccc(F)c(C(F)(F)F)c3)cn2CCN2CCCC2)CC1,0.6914
CC(=O)NC(Cc1ccc(Cl)cc1)C(=O)N1CCN(c2ncnc3ccc(F)cc23)CC1,0.6567
O=CC(CC1CCNC1)NC(=O)c1cc(Br)c(-c2ccnc3[nH]ccc23)s1,0.6267
NC1(c2ccc(-c3nc4cc(N=O)ccn4c3-c3ccccc3)cc2)CCC1,0.7222
CNCC(Nc1ncnc2c(C(N)=O)ccnc12)c1ccc(Cl)nc1,0.7963
NC(=O)c1cccc2c(NC(CNCC(F)(F)F)c3ccc(F)cc3)ncnc12,0.6667
Cc1ccc(-c2cn(CCN3CCC3)c(C3CCN(c4ncnc(N)c4F)CC3)n2)cc1F,0.8143
NC1(c2ccc(-c3nn4c(-c5cn[nH]c5)cnc4cc3-c3ccccc3)cc2)CCC1,1
CC(C)n1cc(C(=O)NC(c2cccc(Cl)c2)C2CCNCC2)cn1,0.6061
O=C(NC(Cc1ccc(Cl)cc1)C(=O)N1CCN(c2ncnc3ccccc23)CC1)c1cccnc1,0.6418
NC1(C(=O)NCc2cc(F)c(F)cc2F)CCN(c2ncnc3[nH]ccc23)C1,0.6154
Nc1ncnc(N2CCC(c3nc(-c4ccc(F)cc4)cn3CCC(=O)N3CCOCC3)CC2)c1Cl,0.7083
Cc1c(N2CCOCC2)nc(CC(=O)N2CCc3ccccc32)n1C,0.6949
Cn1ncc(Br)c1-c1nnc(C(=O)NC2CNCCC2c2ccc(F)c(F)c2)o1,0.7143
NC(=O)c1ccnc2c(NC(CN3CCCC3)c3cc(F)cc(F)c3)ncnc12,0.8136
O=C(NC(c1ccc(Cl)c(Cl)c1)C1CCNC1)c1cnc(Cl)c(Cl)c1,0.6613
Nc1ncnc(N2CCC(c3nc(-c4cccc(Cl)c4F)cn3CCN3CCCC3)CC2)c1Cl,0.7429
Cn1ncc(-c2ccc(F)c(NC(=O)Cc3nc(N4CCOCC4)cc(=O)[nH]3)c2)c1Cl,0.6429
Cc1cc(-c2cn(C)c(C3CCN(c4ncnc(N)c4C(F)(F)F)CC3)n2)ccc1F,0.6912
Cc1nc(-c2ccn(C)n2)ccc1NC(=O)Cc1nc(N2CCOCC2)cc(=O)[nH]1,0.6471
CCn1cc(-c2ccc(F)c(C)c2)nc1C1CCN(c2ncnc(N)c2C(N)=O)CC1,0.8529
Cn1nc(-c2ccc(C(=O)NC3CNCCC3c3cccc(F)c3)nc2)c(-c2ccc(F)cc2F)n1,0.6622
CC1(C)CN(C(=O)Cc2nc(N3CCOCC3)cc(=O)[nH]2)c2cc(Cc3ccc(F)cc3F)ncc21,0.6316
N#CCCn1cc(-c2cc(F)c(F)cc2F)nc1C1CCN(c2ncnc(N)c2Br)CC1,0.6081
CC1SCc2ncnc(N3CCN(C(=O)c4cc(Cl)ccc4F)CC3)c21,0.6061
c1ccc(-c2cn3ncnc3nc2-c2ccc(CN3CC(c4n[nH]c(-c5ccccn5)n4)C3)cc2)cc1,0.7397
Cc1c[nH]c2ncnc(N3CCC(N)(CNC(=O)c4cc(F)c(F)cc4F)C3)c12,0.8281
Cn1ncc(C(=O)NC2CNCCC2c2ccc(F)c(F)c2)c1-c1cccc(Br)c1,0.6806
CC(C)Oc1c(N)ncnc1N1CCC(c2nc(-c3ccc(Cl)c(C#N)c3)cn2CC2CNC2)CC1,0.7317
NC(COc1cncc(-c2ccc3c(c2)CC(=O)N3)c1)Cc1cccc([N+](=O)[O-])c1,0.6133
NC1(C(=O)NC(=O)c2ccc(Cl)cc2F)CCN(c2ncnc3[nH]ccc23)CC1,0.6308
Cc1cc(-c2cn(CC3CNC3)c(C3CCN(c4ncnc(N)c4C(N)=O)CC3)n2)ccc1F,0.8158
N#Cc1ccc(-c2cn(CCN3CCC3)c(C3CCN(c4ncnc(N)c4CC(F)(F)F)CC3)n2)c(F)c1,0.6235
CCNC(=O)c1ccc(-c2cn(CCN3CCC3)c(C3CCN(c4cc(N)ncn4)CC3)n2)cc1F,0.7162
NC1(c2ccc(-c3nn4c(-c5ccncc5)cnc4cc3-c3ccccc3)cc2)CCC1,0.8182
Cc1cc(C(=O)NC(c2ccc(Cl)c(Cl)c2)C2CCNCC2)cc(C)c1F,0.629
NC1(C(=O)NC(c2ccc(Cl)cc2)C2CCCCC2)CCN(c2ncnc3c2CCC3)CC1,0.6429
O=C(N1CCN(c2ncnc3[nH]cc(Cl)c23)CC1)C1(c2ccccc2F)CC1,0.6308
Cn1c(CC(=O)N2CCCc3ccccc32)nc(N2CCOCC2)c1F,0.6094
COc1cc(C)c2nc(-c3ccc(C4(N)CCC4)cc3)c(-c3ccccc3)n2c1,0.8182
O=C(NCCC1CCN(c2ncnc3[nH]cc(Cl)c23)CC1)c1ccc(F)cc1F,0.6528
N#Cc1c(N)ncnc1N1CCC(c2nc(-c3ccc(F)c(Cl)c3)cn2CCN2CCCC2)CC1,1
Cn1c(CC(=O)N2CCCc3cc(F)ccc32)nc(N2CCCC2)cc1=O,0.6
CCN(CCO)CCn1cc(-c2ccnc(C(F)(F)F)c2)nc1C1CCN(c2ncnc(N)c2Br)CC1,0.7342
Nc1ncnc(N2CCC(c3nc(-c4cncc(F)c4)cn3CCN3CCC3)CC2)c1Cl,0.7681
O=C(NC1CNCCC1c1ccc(F)c(F)c1)c1cc(F)nc(Cl)c1,0.6061
CC1Cc2cc(F)c(F)cc2N1C(=O)Cc1nc(N2CCCC2)cc(=O)[nH]1,0.8448
Nc1cc(N2CCC(c3nc(-c4ccc(F)c(C(F)(F)F)c4)cn3CCN3CCC3)CC2)ncn1,1
Cn1cc(-c2ccc(F)c(F)c2)nc1C1CCN(c2ncnc(N)c2F)CC1,0.6769
Cn1nc(-c2ccc(C(=O)NC3CNCCC3c3cccc(F)c3)nc2)c2cccnc21,0.6986
NC(=O)c1c(N)ncnc1N1CCC(c2nc(-c3ccc(F)c(Cl)c3)cn2CC2CNC2)CC1,0.8158
COc1c(N)ncnc1N1CCC(c2nc(-c3cccc(C(F)(F)F)c3)cn2CCN2CCCC2)CC1,0.7973
CNCCn1cc(-c2ccc(C(F)F)c(F)c2)nc1C1CCN(c2ncnc(N)c2C)CC1,0.6582
NC(Cc1ccc(Cl)c(Cl)c1)C(=O)N1CCN(c2ncnc3ccc(F)cc23)CC1,0.7833
Nc1cc(N2CCC(c3nc(-c4ccc(OC(F)F)nc4)cn3CCN3CCC3)CC2)ncn1,0.6806
N#Cc1c(N)ncnc1N1CCC(c2nc(-c3ccc(F)c(C#N)c3F)cn2CCN2CCC2)CC1,0.7746
Cc1ccc(C(=O)NC(c2ccc(Cl)c(Cl)c2)C2CCNC2)cc1F,0.6406
Cn1c(CC(=O)Nc2ccc(F)c(F)c2)nc(N2CCCC2)cc1=O,0.7
CCCNC(=O)Cn1cc(-c2ccc(F)c(C(F)(F)F)c2)nc1C1CCN(c2cc(N)ncn2)CC1,0.6709
NC1(C(=O)NCc2ccc(Cl)cc2)CCN(c2ncnc3[nH]ccc23)CC1,1
Cc1cc(-c2cn(CC3CCN(CCN(C)C)CC3)c(C3CCN(c4cc(N)ncn4)CC3F)n2)ccc1F,0.6395
Cc1ncnc2c1CCN2C(=O)Cc1nc(N2CCOCC2)cc(=O)[nH]1,0.6562
NC(=O)c1cccc2c(NC(CN3CCC3)c3cc(F)cc(F)c3)nc(Cl)nc12,0.6667
CCn1cc(-c2ccc(F)c(C)c2)nc1C1CCN(c2ncnc(N)c2C(=O)NC)CC1,0.7368
O=C(N1CCN(c2ncnc3[nH]cc(Cl)c23)CC1)C1(c2ccc(F)cc2)CCCC1,0.7377
O=C(NC1CNCCC1c1cccc(F)c1)c1cc(-c2ncccn2)on1,0.6
NC(Cc1cccc(Cl)c1)C(=O)N1CCN(c2ncnc3cccc(Cl)c23)CC1,0.6825
CC(NC(=O)C1(N)CCN(c2ncnc3[nH]ccc23)CC1)C(=O)Cc1ccc(F)c(F)c1,0.6377
CC1SCCc2ncnc(N3CCN(C(=O)C(N)Cc4ccc(F)c(F)c4)CC3)c21,0.8438
NC(=O)Cn1cc(-c2ccc(F)c(F)c2)nc1C1CCN(c2ncnc(N)c2Cl)CC1,0.7391
Cc1ccc(C(=O)N2CCN(c3ncnc4ccccc34)CC2)cc1,0.6364
O=C(Nc1nc2ccc(-c3cnc(Cl)c(NS(=O)(=O)Cc4ccccc4)c3)cc2s1)C1CC1,0.6197
Cn1nc(-c2ccc(C(=O)NC3CNCCC3c3cccc(F)c3)cc2)cc1N1CCCC1,0.6351
NC(=O)CC(NC(=O)c1cc(Br)c(-c2ccnc3[nH]ccc23)s1)c1cc(F)ccc1F,0.6301
Cc1cncc(-c2cc(OCC(N)Cc3c[nH]c4ccccc34)cnc2F)c1,0.6
N#Cc1ccc(CCC(NC(=O)C2(N)CCN(c3ncnc4[nH]ccc34)CC2)c2ccc(Cl)cc2)nc1,0.7432
COc1cccc(C(=O)NC(Cc2ccc(Cl)cc2)C(=O)N2CCN(c3ncnc4ccccc34)CC2)c1,0.6056
CNC(=O)c1ccc(-c2ccnc3[nH]ccc23)s1,0.6182
NC1(c2ccc(-c3nc4n(c3-c3ccccc3)COc3nc(C5CC5)ncc3-4)cc2)CC1,0.6406
NC1(C(=O)NC(Cc2ccccc2)C(=O)Nc2ccc(Br)cc2)CCN(c2ncnc3[nH]ccc23)CC1,0.6316
NC1(c2ccc(-c3nc4c(F)c(Cl)ccn4c3-c3ccccc3)cc2)CCC1,0.78
Cc1cc(Cl)ncc1C(=O)NC(c1cccc(Cl)c1)C1CCNCC1,0.6
CS(=O)(=O)c1ccn2c(-c3ccccc3)c(-c3ccc(C4(N)CCC4)cc3)nc2c1,0.6964
CCC(C(=O)N1CCN(c2ncnc3c2C(C)SC3)CC1)c1cc(F)cc(F)c1,0.6087
O=C(NC(c1cccnc1)C1CCNCC1)c1ccc(Cl)c(Cl)c1,0.6949
CN(C)c1cc(N2CCC(c3nc(-c4ccc(F)c(F)c4)cn3CCN3CCC3)CC2)ncn1,0.7463
NC(=O)CCc1ccnn2c(-c3ccccc3)c(-c3ccc(C4(N)CCC4)cc3)nc12,0.7167
NC(COc1cncc(-c2ccc3c(c2)CC(=O)N3)c1)Cc1ccc(Br)cc1F,0.6528
CNCC(Nc1ncnc2c(C(N)=O)cccc12)c1ccc(F)c(C(F)(F)F)c1,0.7619
Cc1nc(N2CCC(c3nc(-c4cncc(Cl)c4)cn3CCN3CCC3)CC2)ncc1C(N)=O,0.6
Cn1[nH]c(=N)c2cc(-c3cncc(OCC(N)Cc4ccc(F)c(Cl)c4)c3)ccc21,0.662
Nc1ncnc(N2CCC(c3nc(-c4cccnc4)cn3CCN3CCC3)CC2)c1Cl,0.7286
Cn1[nH]c2ccc(-c3cncc(OCC(N)Cc4cc(F)ccc4F)c3)cc2c1=O,0.6056
NC(Cc1ccc(F)cc1)C(=O)N1CCN(c2ncnc3cccc(-c4ccc[nH]4)c23)CC1,0.6143
O=C(NC1CNCCC1c1ccc(F)cc1)c1cc(Cl)ccc1F,0.6129
O=C(NC1CCN(c2ncnc3[nH]cc(Cl)c23)C1)C1(c2ccc(F)cc2)CCNCC1,0.6056
NC1(C(=O)NC2CCC2)CCN(c2ncnc3[nH]ccc23)CC1,0.6167
CC(=O)Nc1cn2nc(-c3cnc(Cl)c(NS(=O)(=O)c4ccc(F)cc4F)c3)ccc2n1,0.8182
Nc1cc(N2CCC(c3nc(-c4ccc(O)c(F)c4)cn3CCN3CCCC3)CC2)ncn1,0.8571
Cc1n[nH]c2cnc(-c3cncc(OCC(N)Cc4cc(F)c(F)c(F)c4)c3)cc12,0.8
CCc1c(N)ncnc1N1CCC(c2nc(-c3cccc(F)c3Cl)cn2CCN2CCC2)CC1,0.7333
C#CCN(C)C(=O)c1ccc(NC(=O)Cc2nc(N3CCOCC3)cc(=O)n2C)cc1F,0.6528
Cc1n[nH]c2ccc(-c3cnc(OCC(N)Cc4ccc(F)c(F)c4F)s3)cc12,0.7188
O=C(C(O)c1ccc(Cl)cc1)N1CCN(c2ncnc3ccccc23)CC1,0.6786
NC(Cc1ccc(F)c(F)c1)C(=O)N1CCN(c2ncnc3ccc(Cl)cc23)CC1,0.7966
Cc1cc(Cl)cc(Cl)c1CNC(=O)C1(N)CCN(c2ncnc3[nH]ccc23)CC1,0.7143
O=C(NC(Cc1ccc(Cl)cc1)C(=O)N1CCN(c2ncnc3ccccc23)CC1)c1ccc(Br)cc1,0.6719
Cc1cnccc1-c1c(-c2ccc(C3(N)CCC3)cc2)nc2c(C#N)cccn12,0.6885
Cn1cc(NC(=O)Cc2nc(N3CCOCC3)cc(=O)n2C)cn1,0.6613
Cc1n[nH]c2cnc(-c3cnc(Cl)c(OCC(N)Cc4cccc(F)c4F)c3)cc12,0.7576
Nc1ncnc(N2CCC(c3nc(-c4cc(F)c(F)c(F)c4)cn3CC(O)C3CC3)CC2)c1Br,0.6
Nc1ncnc(N2CCC(c3nc(-c4ccc(Cl)c(F)c4)cn3CCN3CCC3)CC2)c1Br,0.9688
Cn1ncc(C(=O)NC2CNCCC2c2ccc(F)c(F)c2)c1-c1ccsc1,0.6438
Nc1n[nH]c2ccc(-c3cncc(OCC(N)Cc4cccc(F)c4F)c3)cc12,0.8475
O=C(Cc1nc(N2CCOCC2)cc(=O)n1-c1cc(F)cc(F)c1)Nc1ccc(F)c(F)c1,0.6269
Cn1c(CC(=O)NC2c3ccc(F)cc3CC2O)nc(N2CCOCC2)cc1=O,0.6111
NC(COc1cncc(-c2ccc3[nH]ncc3c2)c1)Cc1ccc(F)c(F)c1F,0.7097
Cc1n[nH]c2cnc(-c3cncc(OCC(N)Cc4cc(F)cc(F)c4)c3)cc12,0.8305
O=C(N1CCN(c2ncnc3cccc(Br)c23)CC1)C1(c2ccc(Cl)c(Cl)c2)CC1,0.6324
CC1SCc2ncnc(N3CCC(C(=O)NCc4ccc(F)c(F)c4)CC3)c21,0.6197
CCc1n[nH]c2ccc(-c3cncc(OCC(N)Cc4c(F)cccc4Cl)c3)cc12,0.7273
N#Cc1ccc(-c2cn(CCN3CCC3)c(C3CCN(c4ncnc(N)c4Br)CC3)n2)c(Cl)c1,0.6538
NCCNC(=O)c1ccc(-c2ccnc3[nH]ccc23)s1,0.6607
NC1(c2ccc(-c3ccc4ncc(-c5ccc(F)cc5)n4n3)cc2)CCC1,0.6316
NC(=O)c1c(N)ncnc1N1CCC(c2nc(-c3cc(F)c(C(F)(F)F)cc3F)cn2CCN2CCC2)CC1,0.8026
Cn1c(CC(=O)N2CCc3c2cccc3C(F)(F)F)nc(N2CCOCC2)cc1=O,1
Cn1c(CC(=O)Nc2ccc(S(=O)(=O)N3CCCC3)cc2)nc(N2CCOCC2)cc1=O,0.6418
NC(=O)NCCC(NC(=O)c1cc(Br)c(-c2ccnc3[nH]ccc23)s1)c1ccc(F)cc1,0.6857
NC(COc1cncc(-c2ccc3[nH]nc(-c4ccoc4)c3c2)c1)Cc1cccc(Cl)c1,0.7463
Cc1nn(-c2ccc(Cl)cc2)c2ncnc(N3CCN(C(=O)C(N)Cc4ccc(F)cc4)CC3)c12,0.6143
Cn1ncc(Br)c1-c1onc(C(=O)NC2CNCCC2c2ccc(F)cc2)c1Cl,0.6351
O=C(NC1CNCCC1c1ccc(F)c(F)c1)c1ccc(Cl)c(C(F)(F)F)c1,0.6269
O=C(NC1CNCCC1c1ccc(F)c(F)c1)c1cc(Cl)nc(Cl)c1F,0.6029
O=C(NC(c1ccc(Cl)cc1)C1CNCCO1)c1ccc2cnccc2c1,0.6029
NC1(c2ccc(-c3nc4ccc(C(=O)NCc5ccc6c(c5)OCO6)nn4c3-c3ccccc3)cc2)CCC1,0.6944
Cc1cc(-c2cn(CCN3CCC3)c(C3CCN(c4ncnc(N)c4C(F)(F)F)CC3)n2)cc(F)c1C,0.6667
CC1CCc2ncnc(N3CCN(C(=O)C(CNC(=O)C4CCC4)c4ccc(F)cc4)CC3)c21,0.662
Cn1cnc(N2CCC(c3nc(-c4ccc(F)c(F)c4)cn3CCN3CCCC3)CC2)n1,0.6618
Nc1cc(N2CCC(c3nc(-c4ccc(C(F)F)c(F)c4)cn3CCN3CCC3)CC2)ncn1,0.803
CC(NC(=O)C1(N)CCN(c2ncnc3[nH]cc(Br)c23)CC1)c1ccc(F)cc1,0.8361
O=C(NC(c1ccc(Cl)c(F)c1)C1CCNCC1)c1ccc(Cl)c(Cl)c1,0.7241
O=C(Cc1nc(N2CCOCC2)cc(=O)n1-c1ccccc1Br)Nc1ccc(F)c(Cl)c1,0.6338
Cn1[nH]c2ccc(-c3cncc(OCC(N)Cc4ccc(C(F)(F)F)c(F)c4)c3)cc2c1=O,0.7183
Cn1nc(-c2cc(C(=O)NC3CNCCC3c3ccc(F)c(F)c3)ccc2F)o1,0.6716
Cc1cc(-c2ccc(C(=O)NC3CNCCC3c3ccc(F)cc3)c(Cl)c2)nn1C,0.6338
Nc1ncnc(N2CCN(C(=O)C(N)Cc3ccc(Cl)cc3)CC2)c1Cl,1
CCc1c(N)ncnc1N1CCC(c2nc(-c3ccnc(Cl)c3)c[nH]2)CC1,0.6389
O=C(Cc1ccc(Cl)cc1)NC(Cc1ccc(F)cc1)C(=O)N1CCN(c2ncnc3ccccc23)CC1,0.6515
O=C(NC1CNCCC1c1ccc(F)c(F)c1)c1cc(Cl)c(F)c(Cl)c1,0.6349
NC(=O)CC(N)C(=O)N1CCN(c2ncnc3cc(Cl)ccc23)CC1,0.6557
CC(C)(NC(=O)Cc1nc(N2CCOCC2)cc(=O)[nH]1)c1ccc(C(F)(F)F)cc1,0.6212
N=c1[nH]cnc(N2CCC(c3nc(-c4ccc(F)c(Cl)c4)cn3CCN3CCC3=O)CC2)c1C(N)=O,0.6163
NC1(c2ccc(-c3nc4n(c3-c3ccncc3)COc3ncccc3-4)cn2)CCC1,0.6825
Nc1ncnc(N2CCC(c3nc(-c4ccsc4)cn3CCN3CCCC3)CC2)c1C1CCCC1,0.7429
O=C(NC1CNCCC1c1cccc(F)c1)c1ccc(-c2c(Br)cnn(CC(F)(F)F)c2=O)cn1,0.6
Cn1ncc(Br)c1-c1cc(C(=O)NC2CNCC2c2cccc(F)c2)no1,0.6133
O=C(NC1CNCCC1c1ccc(F)c(F)c1)c1cnc(F)c(Br)c1,0.6364
CC1SCCc2ncnc(N3CCN(C(=O)C(N)Cc4ccc(Cl)cc4)C3)c21,0.7538
Cn1cc(C2CCCC2)nc1C1CCN(c2ncnc(N)c2C#N)CC1,0.7167
CC1(C)C(=O)Nc2ccccc2N1C(=O)Cc1nc(N2CCOCC2)cc(=O)n1-c1ccccc1,0.6232
Cc1nc(-c2cc(C(=O)NC3CNCCC3c3ccccc3)oc2Cl)cn1C,0.6714
CNC(=O)NCCn1cc(-c2ccc(F)c(C)c2)nc1C1CCN(c2cc(N)ncn2)CC1,0.6543
O=C(Cc1nc(N2CCOC3CCCC32)cc(=O)n1C1CC1)N1CCc2c(Cl)cccc21,0.7286
Cc1cc(F)ccc1NC(=O)Cc1nc(N2CCOCC2)cc(=O)n1-c1ccc(Cl)cc1,0.6143
Cc1ncc(-c2cncc(OCC(N)Cc3c(F)cc(F)cc3F)c2)cc1C(N)=O,0.6
NC(=O)c1ccnc2c(NC(CN3CCC3)c3ccc(F)c(F)c3)ncnc12,0.7869
O=C(Cc1nc(N2CCOCC2)cc(=O)n1-c1ccc(F)c(F)c1F)N1CCc2cc(F)c(F)cc21,0.7188
NC(COc1cncc(-c2ccc3c(c2)CC(=O)N3)c1)Cc1cccc(F)c1,0.6479
NC1(C(=O)NCc2ccc(F)c(Cl)c2)CCN(c2ncnc3[nH]ccc23)CC1,0.7966
NC(=O)c1c(N)ncnc1N1CCC(c2cc(-c3ccc(F)c(Cl)c3)nc(N3CCC3)n2)CC1,0.6623
N#Cc1c(C(F)(F)F)cc(N2CCOCC2)nc1CC(=O)N1CCc2c(F)cccc21,0.6143
NC(=O)C1CCN(c2ccc3nc(-c4ccc(C5(N)CCC5)cc4)c(-c4ccccc4)n3n2)CC1,0.6667
CCCNC(=O)Cn1cc(-c2ccc(F)c(F)c2)nc1C1CCN(c2cc(N)ncn2)CC1,0.6486
Cc1cnn(C)c1-c1cnc(C(=O)NC2CNCCC2c2cccc(F)c2)cc1F,0.6849
N#Cc1cccn2c(-c3ccnc(Cl)c3)c(-c3ccc(C4(N)CCC4)cc3)nc12,0.7288
NC(=O)c1ccc(-c2cn(CCN3CCCC3)c(C3CCN(c4cc(N)ncn4)CC3)n2)cc1F,0.806
Cc1c(Cl)cnn2c(-c3ccccc3)c(-c3ccc(C4(N)CCC4)cc3)nc12,0.7273
Cn1cc(Cl)c(-c2ccc(C(=O)NC3CNCCC3c3cccc(F)c3)cc2)n1,0.7206
NC1(C(=O)NC(Cc2ccc(Cl)cc2)c2nc(Br)c(Br)[nH]2)CCN(c2ncnc3[nH]nc(Br)c23)CC1,0.6892
O=C(NC(c1cccc(Cl)c1)C1CCNC1)c1ccc(F)c(F)c1,0.6032
Cn1nc(-c2ccc(C(=O)NC3CNCCC3c3cccc(F)c3)c(F)c2)cc1F,0.6286
CCc1c(N)ncnc1N1CCC(c2nc(-c3ccnc(C(F)(F)F)c3)cn2C)CC1,0.7857
Cn1cc(-c2c(F)cc(F)cc2F)nc1C1CCN(c2ncnc(N)c2Br)CC1,0.6769
NC(=O)c1ccc(-c2ccn3c(-c4ccccc4)c(-c4ccc(C5(N)CCC5)cc4)nc3c2)cc1,0.7241
O=C(NC1CNCCC1c1ccc(F)cc1)c1ccc2c(c1)OCCn1nc(C(F)(F)F)nc1-2,0.6184
O=C1CCN(c2cnc(C(=O)Nc3csc(-c4nncn4C4CC4)n3)cc2-n2ccnn2)CC1,0.619
Cc1c(N2CCCCC2)nc(CC(=O)N2c3ccc(F)c(F)c3CC2C)n1C,0.6
O=C(NC(c1cccc(F)c1)C1CCNC1)c1ccc2cnccc2c1,0.7302
O=C(NC(c1cccc(Cl)c1)C1CCNCC1)c1ccc(Cl)cn1,0.623
CC1CC(O)c2ncnc(N3CCN(C(=O)C(Cc4ccc(Cl)cc4)CC4CCCN4)CC3)c21,0.6892
O=C(Cc1nc(N2CCOCC2)cc(=O)[nH]1)NCc1cccc(Br)c1,0.7333
O=C(CNCCc1ccc(Cl)c(Cl)c1)N1CCN(c2ncnc3ccccc23)CC1,0.6308
Nc1cc(N2CCC(c3nc(-c4ccnc(O)c4)cn3CCN3CCCC3)CC2)ncn1,0.7538
Cc1cc(-c2cn(CCN3CCCC3)c(C3CCN(c4ncnc(N)c4OC(F)F)CC3)n2)ccc1F,0.8889
NC(COc1cncc(-c2ccc3c(c2)C(F)(F)C(=O)N3)c1)Cc1ccc(C(F)(F)F)cc1F,0.6575
CNC(=O)c1cc(Cl)cnc1N1CCC(c2nc(-c3ccnc(C(F)(F)F)c3)cn2CCN2CCCC2)CC1,0.619
Cn1nc(Cl)c(C(=O)NC2CNCCC2c2ccc(F)c(F)c2)n1,0.6029
CCc1c(NC(=O)Cc2nc(N3CCOCC3)cc(=O)[nH]2)c(C)nn1C,0.6154
NC(=O)Nc1cccc(-c2nnc3n2-c2cccnc2Nc2ccccc2-3)c1,0.6349
CCc1cc(NC(=O)Cc2nc(N3CCOCC3)cc(=O)n2C)ccc1C,0.6984
N#Cc1c(N)ncnc1N1CCC(c2nc(-c3cccc(O)c3)cn2CCN2CCC2)C(F)C1,0.7625
Cc1nc(CC(=O)N2CCc3c(F)cc(F)cc32)nc(N2CCOCC2)c1F,0.6
Cc1n[nH]c2ccc(-c3cc(OCC(N)Cc4ccccc4F)cnc3-c3c(F)cccc3F)cc12,0.6765
NC(=O)c1c(N)ncnc1N1CCC(c2nc(-c3cncc(F)c3)cn2CCO)CC1,0.726
Nc1cc(N2CCC(c3nc(-c4cc(F)cc(C(F)(F)F)c4)cn3CCN3CCC3)CC2)ncn1,0.7324
O=C(NC(c1ccc(Cl)c(Cl)c1)C1CNC1)c1ccc(Cl)c(Cl)c1,0.7255
Cn1ncc(-c2cc(C(=O)NC3CNCCC3c3ccccc3)oc2Cl)c1Cl,0.7969
CC(C)c1ccc(C(=O)NC(=O)C2(N)CCN(c3ncnc4[nH]ccc34)CC2)cc1Br,0.6
Cn1ncc(Cl)c1-c1nc(C(=O)NC2CNCCC2c2cccc(F)c2)oc1Cl,0.7083
NC(COc1cnc(Cl)c(C=Cc2ccncc2)c1)Cc1ccccc1F,0.6984
CC1SCc2ncnc(N3CCCN(C(=O)CC(N)Cc4ccc(F)cc4)CC3)c21,0.6111
Cn1cc(-c2cn(CCN3CCCC3)c(C3CCN(c4cc(N)ncn4)CC3)n2)cc1C#N,0.6714
Cn1ncc(Br)c1-c1ccc(C(=O)NC2CCNCC2)o1,0.6667
Nc1ncnc(N2CCC(c3nc(-c4ccc(Cl)c(Cl)c4)cn3CCN3CCCC3)CC2)c1Cl,0.8154
NC(COc1cncc(-c2ccc3c(c2)OCC(=O)N3)c1)Cc1cc(C(F)(F)F)ccc1F,0.6184
Cn1cnc(-c2ccc(C(=O)NC3CNCCC3c3cccc(F)c3)cc2)n1,0.6667
CC(C)(C)c1cc(-c2cn(CCN3CCC3)c(C3CCN(c4ncnc(N)c4C(N)=O)CC3)n2)ccn1,0.863
COc1cc(C(N)=O)c2nc(-c3ccc(C4(N)CCC4)cc3)c(-c3ccccc3)n2c1,0.7797
O=C1CN(C(=O)Cc2nc(N3CCOCC3)cc(=O)n2-c2ccccc2)c2ccccc2N1,0.6923
O=C(CCc1cccnc1)NC(c1ccc(Cl)c(Cl)c1)C1CCNC1,0.6029
O=C(CC12CC3CC(CC1C3)C2)Nc1ccc(-c2nnc3n2-c2cccnc2Nc2ccccc2-3)cc1,0.6471
Cc1nn(C)c2cc(-c3cncc(OCC(N)Cc4c(F)cc(F)cc4F)c3)ccc12,0.6615
NC(=O)c1cnc2nc(-c3ccc(C4(N)CCC4)cc3)c(-c3ccccc3)n2c1,0.7193
NC1(C(=O)NC(=O)C2(c3ccc(Cl)cc3)CC2)CCN(c2ncnc3[nH]cc(Br)c23)CC1,0.6923
CSc1ccc(-c2cn(CCN3CCC3)c(C3CCN(c4cc(N)ncn4)CC3)n2)cc1S,0.7123
Cc1nc(NC(CN2CCC2)c2ccc(F)cc2)c2cccc(C(N)=O)c2n1,0.7541
CCC(NC(=O)Cc1nc(N2CCOCC2)cc(=O)[nH]1)c1ccccc1,0.6
O=C(N1CCCC1)C1(c2ccncc2)CCN(c2ncnc3[nH]cc(Cl)c23)C1,0.6061
NC1(C(=O)NCCc2ccncc2)CCN(c2ncnc3[nH]ccc23)CC1,0.6721
O=C(NC(c1ccc(Cl)c(F)c1)C1CCNCC1)c1ccnnc1Cl,0.6308
Nc1ncnc(N2CCC(c3nc(C(F)(F)F)cn3CCN3CCCC3)CC2)c1Cl,0.7206
Nc1ncnc(N2CCC(c3nc(-c4ccnc(C(F)(F)F)c4)cn3CCN3CCC3)CC2)c1Br,1
Cc1cc(C(=O)NC2CNCCC2c2ccc(F)c(F)c2)n(C)n1,0.6154
NC(CNC(=O)c1cc(Br)c(-c2ccnc3[nH]ccc23)s1)c1cccc(Cl)c1,0.8254
CC(C)NCCn1cc(-c2ccc(F)c(C(F)(F)F)c2)nc1C1CCN(c2ncnc(N)c2Cl)CC1,0.8077
N#Cc1c(N)ncnc1N1CCC(c2nccc(-c3ccc(F)c(C(F)(F)F)c3)n2)CC1,0.6849
NC(=O)CCn1cc(-c2ccc(C(F)(F)F)c(OC(F)F)c2)nc1C1CCN(c2ncnc(N)c2Cl)CC1,0.6235
O=C(C1CC(F)CN1C(=O)Cc1nc(N2CCOCC2)cc(=O)[nH]1)N1CCc2c(F)cccc21,0.7391
Cn1ncc(-c2ccc(Cl)c(NC(=O)Cc3nc(N4CCOCC4)cc(=O)[nH]3)c2)c1Cl,0.6
Nc1ncnc(N2CCC(c3nc(-c4ccnc(Br)c4)cn3CCN3CCC3)CC2)c1Br,0.8088
CNCC(Nc1ncnc2c(C(N)=O)cccc12)c1cccc(F)c1F,0.6949
N#Cc1ccc(-c2cn(CCN3CCC3)c(C3CCN(c4cc(N)ncn4)CC3F)n2)cc1F,0.6353
O=C(NC(c1ccc(Cl)c(Cl)c1)C1CCNC1)c1ccc(Cl)c(C(F)(F)F)c1,0.6508
O=C(NC1CNCCC1c1ccc(F)c(F)c1)c1cc(F)cc(F)c1,0.6167
Cc1n[nH]c2ccc(-c3cncc(OCC(N)Cc4ccc(F)c(F)c4F)c3)cc12,1
Cn1ncc(-c2ccc(C(=O)NC3CNCCC3c3cccc(F)c3)cc2)n1,0.7059
O=C(Cc1nc(N2CCOCC2)cc(=O)[nH]1)Nc1cc(-n2cnnn2)c(F)cc1F,0.6567
CNC(=O)c1ccnn2c(-c3ccccc3)c(-c3ccc(C4(N)CCC4)cc3)nc12,1
N#Cc1c(N)ncnc1N1CCC(c2nc(-c3ccc(F)c(Cl)c3)cn2CCNCC2CC2)CC1,0.8421
Cc1cc(-c2cn(CCNCC(C)C)c(C3CCN(c4ncnc(N)c4C(C)C)CC3)n2)ccc1F,0.8052
Cc1c(-c2cnc(C(C)NC(=O)C3(N)CCN(c4ncnc5[nH]ccc45)CC3)c(Cl)c2)ncn1C,0.6267
CC1SCc2ncnc(N3CCN(C(=O)C4(c5ccc(Cl)cc5)CC4)CC3)c21,0.6212
NC(=O)Cn1cc(-c2cccc(F)c2)nc1C1CCN(c2ncnc(N)c2Cl)CC1,0.7429
CC(=O)c1c(F)ccc(-c2cn(CCN3CCCC3)c(C3CCN(c4ncnc(N)c4C(F)(F)F)CC3)n2)c1F,0.6163
CNC1(c2ccc(-c3nc4ccc(C(N)=O)cn4c3-c3ccccc3)cc2)CCOCC1,0.6613
NC1(C(=O)NCc2c(F)c(F)c(F)c(F)c2Cl)CCN(c2ncnc3[nH]ccc23)CC1,0.7333
NC(COc1cncc(-c2ccc3c(c2)CC(=O)N3)c1)Cc1ccc(F)c(C(F)(F)F)c1,0.6438
Cc1n[nH]c2cnc(-c3ccc(OCC(N)Cc4ccccc4F)nc3)cc12,0.6567
CC(NC(=O)Cc1nc(N2CCOCC2)cc(=O)n1C)c1ccc(F)c(Cl)c1,0.6
O=C(NC(c1ccc(Cl)c(Cl)c1)C1CCNCC1)c1ccnc(Cl)c1,0.678
Cc1c[nH]c2ncnc(N3CCC(NC(=O)c4cccc(F)c4)C3)c12,0.6111
CCNC(=O)c1ccn2c(-c3ccccc3)c(-c3ccc(C4(N)CCC4)cc3)nc2c1,0.75
CC(C)NC(=O)Cn1cc(-c2cc(F)nc(F)c2)nc1C1CCN(c2ncnc(N)c2C(N)=O)CC1,0.6265
NC(Cc1ccc(Cl)cc1)C(=O)N1CCN(c2ncnc3ccc(NC(=O)N4CCOCC4)cc23)CC1,0.7612
O=C(Cc1nc(N2CCOCC2)cc(=O)[nH]1)NC1CC1c1ccc(F)c(F)c1,0.6825
Cn1cc(-c2ncc(C(=O)NC3CNCCC3c3cccc(F)c3)cc2F)cn1,0.6081
O=C(Cc1nc(N2CCOCC2)cc(=O)n1C1CC1)N1CCc2c(Br)cccc21,0.8254
NC(=O)c1ccc(-c2cn(CCN3CCC3)c(C3CCN(c4ncnc(N)c4Br)CC3)n2)cc1F,0.7887
NC1(C(=O)NCC(=O)NC2CCCCC2)CCN(c2ncnc3[nH]ccc23)CC1,0.6154
CNC(=O)c1cc(Br)c(-c2ccnc3[nH]ccc23)s1,0.6667
NC(=O)c1c(N)ncnc1N1CCC(c2nc(-c3cc(F)c(F)c(F)c3)cn2C2CCNCC2)CC1,0.7013
O=C(NCc1ccc(-c2nnc3n2-c2cccnc2Nc2ccccc2-3)cc1)Nc1cccnc1,0.6176
NC(COc1cncc(-c2ccc3c(c2)CC(=O)N3)c1)Cc1ccc(Cl)nc1,0.6338
CC1SCc2ncnc(N3CCN(C(=O)C(Cc4ccc(F)cc4)NC(=O)c4cc(F)ccc4F)CC3)c21,0.64
NC1(c2ccc(-c3nc4c(C(=O)NC5CC5)cccn4c3-c3ccccc3)cc2)CCC1,0.7586
NC1(c2ccc(-n3c(-c4ccncc4)nc4cccnc43)cc2)CCC1,0.6111
NC1(C(=O)NC(CCN2CCOCC2)c2ccc(Cl)c(Cl)c2)CCN(c2ncnc3[nH]ccc23)CC1,0.8451
Nc1ncnc(N2CCC(c3nc(-c4cccc(F)c4)cn3CCN3CCCC3)CC2)c1C(=O)NCCO,0.7051
O=C(Cc1nc(N2CCOCC2)cc(=O)[nH]1)NCCc1ccc(Cl)cc1Cl,0.6308
O=C(Cc1nc(N2CCOC(CO)C2)cc(=O)[nH]1)Nc1cccc(F)c1,0.6522
Cn1ncc(C(=O)NC2CNCCC2c2ccc(F)cc2)c1-c1cc(F)cc(Cl)c1,0.6111
CC(C)NCCn1cc(-c2ccnc(F)c2)nc1C1CCN(c2ncnc(N)c2C(N)=O)CC1,0.8052
Cc1cc(C)cc(CC(=O)NC(=O)C2(N)CCN(c3ncnc4[nH]ccc34)CC2)c1,0.6
Cn1nc(-c2ccc(C(=O)NC3CNCCC3c3cccc(F)c3)c(F)c2)cc1S(C)(=O)=O,0.6027
CC1Cc2c(ccc(F)c2F)N1C(=O)Cc1nc(N2CCOCC2)c(F)c(OCC2CC2)c1F,0.6216
Cn1c(CC(=O)N2CCN(C(=O)c3ccc(F)c(F)c3Cl)CC2)nc(N2CCOCC2)cc1=O,0.6143
O=C(NC(c1ccc(Cl)c(Cl)c1)C1CCNC1)c1ccc2c(c1)OCCO2,0.6406
N#Cc1cc(-c2cn(CCN3CCCC3)c(C3CCN(c4ncnc(N)c4C(F)(F)F)CC3)n2)ccc1F,0.7436
N#CC1(C(=O)NC(c2ccc(Cl)c(F)c2)C2CC2)CCN(c2ncnc3[nH]ccc23)CC1,0.6267
Cc1c(-c2cnn(C)c2)ccc(C(=O)NC2CNCCC2c2ccc(F)c(F)c2)c1F,0.6338
CC(NC(=O)c1c(N)ncnc1N1CCN(c2ncnc3[nH]ccc23)CC1)c1ccc(F)cc1,0.6719
NC(Cc1ccc(F)c(F)c1)C(=O)N1CCN(c2ncnc3cc(C(F)(F)F)ccc23)CC1,0.7705
O=C(NC(c1ccc(Cl)c(F)c1)C1CCNC1)c1ccnc(Br)c1,0.6029
Nc1ncnc(N2CCC(c3nc(-c4ccc(F)c(Cl)c4)cn3CCN3CCC3)CC2)c1F,0.8261
Cn1ncc2ccc(-c3cncc(OCC(N)Cc4c(F)cccc4F)c3)cc21,0.6154
Cc1c(CC(=O)N2CCc3c(F)cccc32)nc(N2CCOCC2)c(F)c1OC(F)F,0.6143
NC1(c2ccc(-c3nc4c(C(=O)NCC(F)(F)F)cccn4c3-c3ccccc3)cc2)CCC1,0.7097
Cc1cc(C(=O)NC2CNCCC2c2cccc(F)c2)ncc1-c1cc(Cl)n(C)c1,0.6267
CCc1cnn(-c2ccc(C(=O)NC3CNCCC3c3cccc(F)c3)cc2)c(=O)c1Cl,0.6184
Cc1ccc2ncnc(N3CCN(C(=O)NCCc4ccc(Cl)cc4)CC3)c2c1,0.6562
O=C(NC(c1ccc(Cl)c(Cl)c1)C1CCNCC1)c1cncc(Br)c1,0.6557
CNC(=O)c1ccc2c(c1)-c1nc(-c3ccc(C4(N)CC(O)(C5CC5)C4)cc3)c(-c3ccccc3)n1CO2,0.831
Cc1cc(-c2cn(CCNC(C)C)c(C3CCN(c4cc(C(F)(F)F)ncn4)CC3)n2)ccc1F,0.6543
O=C(NCC1CCCNC1)c1cc(Br)c(-c2ccnc3[nH]ccc23)s1,0.625
O=C(NC1CNCCC1c1ccc(F)c(F)c1)c1ccnc(F)c1Cl,0.6269
Cc1ncc(-c2csc(C(=O)NC3CNCCC3c3cccc(F)c3)c2)n1C,0.6986
O=C(Cc1nc(N2CCOCC2)cc(=O)n1-c1cc(F)cc(F)c1)Nc1ccc(F)c(Br)c1,0.75
O=C(Cc1nc(N2CCOCC2)cc(=O)n1C1CC1)N1CCOCC1,0.629
Cc1cc(Br)cc2c(N3CCN(C(=O)C(N)Cc4ccc(Cl)c(F)c4)CC3)ncnc12,0.6053
O=C(NC(c1nccs1)C1CCNCC1)c1ccc2cnccc2c1,0.6508
O=C(Nc1csc(-c2nncn2C2CC2)n1)c1ccc(C(F)F)c(-n2cnc(C3CC3)c2)c1,0.6627
NC(=O)c1c(N)ncnc1N1CCC(c2nc(-c3ccnc(C(F)(F)F)c3)cn2CC2CCNCC2)CC1,0.7468
Cn1ncc(C(=O)NC2CNCCC2c2cc(F)cc(F)c2)c1-c1c(F)ccc(F)c1F,0.6087
Cn1nc(-c2ccc(C(=O)NC3CNCCC3c3cccc(F)c3)c(F)c2)[nH]c1=O,0.6111
O=C(NC1CN(C2CCOCC2)CC1c1ccc(F)cc1)c1ccc2c(c1)OCCn1nccc1-2,0.6053
Cn1nc(-c2ccc(C(=O)NC3CNCCC3c3cccc(F)c3)s2)cc1C(F)F,0.7042
O=C(Cc1nc(N2CCOCC2)cc(=O)[nH]1)Nc1cc(C(=O)NC2CC2)ccc1Cl,0.6176
COc1c(N2CCOCC2)nc(CC(=O)N2CCc3c(Cl)cccc32)n(C)c1=O,0.6765
NC(Cc1ccc(C(F)(F)F)cc1)C(=O)N1CCN(c2ncnc3c2ccc2[nH]ccc23)CC1,0.6515
Cn1cc(-c2cc(C(=O)NC3CNCCC3c3ccccc3)oc2Cl)nc1C1CC1,0.662
CC(C)c1c(N)ncnc1N1CCC(c2nc(-c3c(F)cc(C#N)cc3F)cn2CCN2CCC2)CC1,0.6125
CCn1ncc2cc(-c3cncc(OCC(N)Cc4ccc(F)cc4F)c3)ccc21,0.6
Cc1ccc2c(N3CCN(C(=O)C(N)c4ccc(Cl)cc4)CC3)ncnc2c1,0.6452
Cn1c(CC(=O)Nc2ccc(F)c(C3CC3)c2)nc(N2CCCC2)cc1=O,0.85
Cn1ncc(Cl)c1C(=O)NC1CNCCC1c1cc(F)cc(F)c1,0.6308
Cn1ncc(Br)c1-c1ccc(C(=O)NC2CNCCC2c2ccc(F)c(F)c2)o1,0.803
NC1(C(=O)NCc2cc(Cl)cc(Cl)c2)CCN(c2ncnc3[nH]ccc23)CC1,0.8545
CN(C)CCn1cc(-c2cc(F)c(F)c(F)c2)nc1C1CCN(c2ncnc(N)c2C(=O)NCCO)CC1,0.6506
CC(NC(=O)C1(N)CCN(c2ncnc3[nH]ccc23)CC1)c1ccc(Cl)c(F)c1,0.7778
CC1SCc2ncnc(N3CCN(C(=O)C(CNC(=O)NCc4cccc(Cl)c4F)Cc4ccc(F)cc4)CC3)c21,0.619
Cc1ncc2c(n1)OCn1c-2nc(-c2ccc(C3(N)CC3)cc2)c1-c1ccccc1,0.6721
Cn1c(CC(=O)NCc2ncccc2F)nc(N2CCCOCC2)cc1=O,0.6056
Cn1cc(-c2ccc(F)c(Cl)c2)nc1C1CCN(c2ncnc(N)c2F)CC1,0.6471
N#Cc1ncc(-c2cncc(OCC(N)Cc3c[nH]c4ccccc34)c2)cc1F,0.6522
Cc1c(N)ncnc1N1CCC(c2nc(-c3ccc(F)c(C)c3C)cn2CCN(C)C)CC1,0.6447
Cn1cc(-c2ccc(F)cc2)nc1C1CCN(c2ncnc(N)c2Cl)CC1,0.7258
O=C(NC1CNCCC1c1cc(F)cc(F)c1)c1cc(F)c(F)c(F)c1,0.6
O=C(NC(c1ccc(Cl)c(F)c1)C1CCNCC1)c1ccnc(Cl)c1,0.6935
NC(=O)c1c(N)ncnc1N1CCC(c2nc(-c3ccc(F)c(C(F)(F)F)c3)cn2CCBr)CC1,0.8857
O=C(NC1CN(c2ncnc3[nH]cc(Cl)c23)CC1NC(=O)c1ccc(F)cc1)c1ccc(F)cc1,0.6
O=C(NC(c1ccc(Cl)c(Cl)c1)C1CCNC1)c1ccc2nccnc2c1,0.6935
O=C(NC(c1ccc(Cl)c(F)c1)C1CCCNC1)c1cccc2cnccc12,0.6027
O=C(Cc1nc(N2CCOCC2)cc(=O)n1-c1ccccc1)N1CCc2cc(F)ccc2C1,0.6471
O=C(NC(Cc1ccc(Cl)cc1)C(=O)N1CCN(c2ncnc3ccccc23)CC1)c1ccc(Br)o1,0.6515
Cn1ncnc1-c1cc(-c2cn(CC3CNC3)c(C3CCN(c4ncnc(N)c4Cl)CC3)n2)ccc1F,0.725
CC1(C)C(=O)Nc2ncnc(N3CCN(C(=O)C(N)Cc4ccc(Cl)cc4)CC3)c21,0.629
Cn1ncc(Br)c1-c1oc(C(=O)NC2CNCCC2c2cccs2)cc1Cl,0.6712
NC(=O)n1cc(-c2cncc(OCC(N)Cc3c[nH]c4ccccc34)c2)c2ccccc2c1=O,0.6164
NC(=O)Cn1cc(-c2ccc(F)c(OC(F)F)c2)nc1C1CCN(c2cc(N)ncn2)CC1,0.6118
O=C(NC(c1ccc(Cl)c(F)c1)C1CCNCC1)c1cnc(Cl)c(F)c1,0.6667
CC(NC(=O)C1(N)CCN(c2ncnc3[nH]ccc23)CC1)c1ccc(F)c(Cl)c1,0.8065
Cc1c(N)ncnc1N1CCC(c2nc(-c3cc(F)c(F)cc3F)cn2CCN2CCN(C)CC2)CC1,0.6316
NC1(C(=O)NCc2c(F)ccc(Cl)c2F)CCN(c2ncnc3[nH]ccc23)CC1,0.7258
O=C(NC1CNCCC1c1cccc(F)c1)c1ccc(-c2ccc(O)cc2)cn1,0.7077
NCCNC(=O)C1(N)CCN(c2ncnc3[nH]ccc23)CC1,0.7143
O=C(NCCC(F)(F)F)NCC(Cc1ccc(Br)cc1)C(=O)N1CCN(c2ncnc3ccccc23)CC1,0.6377
O=C(Cc1nc(N2CCOCC2)cc(=O)[nH]1)NCc1cccc(F)c1F,0.6719
Cn1cc(-c2ccc(F)c(C#N)c2)nc1C1CCN(c2ncnc(N)c2Br)CC1,0.7576
CNC(=O)c1c(N)ncnc1N1CCC(c2nc(-c3ccc(F)c(C(F)(F)F)c3)cn2CCN2CCCC2)CC1,0.8442
COc1cccc(C2(C(=O)N3CCCN(c4ncnc5[nH]cc(Br)c45)CC3)CC2)c1,0.6901
NC1(c2ccc(-c3nc4n(c3-c3ccccc3)COc3ncc(Br)nc3-4)cc2)CC1,0.619
O=C(Cc1nc(N2CCOCC2)cc(=O)[nH]1)NC1CCC(c2ccc(F)cc2)CC1,0.6308
CC(c1ccc(F)cc1)n1cc(NC(=O)Cc2nc(N3CCOCC3)cc(=O)[nH]2)cn1,0.6667
CC(C)(C)CC(N)Cn1cc(-c2ccc(F)c(C(F)(F)F)c2)nc1C1CCN(c2ncnc(N)c2Br)CC1,0.7308
Cn1[nH]c(=N)c2cc(-c3cncc(OCC(N)Cc4ccc(Cl)c(F)c4)c3)cnc21,0.625
Cn1c(CC(=O)N2CCc3c(-c4ccncc4)cccc32)nc(N2CCOCC2)cc1=O,0.7538
Cc1c(Cl)c(-c2ccc(C(=O)NC3CNCCC3c3ccccc3)s2)nn1C,0.6
Cn1ncc(C(=O)NC2CNCCC2c2cc(F)cc(F)c2)c1-c1ccc(F)c(F)c1,0.6818
N#Cc1cc(-c2cn(CCN3CCC3)c(C3CCN(c4cc(N)ncn4)CC3)n2)ccc1F,0.791
O=C(NC(c1ccc(Cl)c(F)c1)C1CCNCC1)c1csc(Br)c1,0.6061
O=C(Cc1ccc(Cl)cc1)N1CCN(c2ncnc3cccc(Br)c23)CC1,0.6724
O=C(Cc1nc(N2CCOCC2)cc(=O)n1-c1ccc(F)cc1)N1CCCc2ccccc21,0.7778
Cn1cc(-c2cccn3c(-c4ccccc4)c(-c4ccc(C5(N)CCC5)cc4)nc23)cn1,0.7049
Cn1ncc(Cl)c1-c1cc(C(=O)NC2(c3ccc(Cl)c(F)c3)CCNCC2)cc(Cl)c1F,0.6143
O=C(NC(Cc1ccc(Cl)cc1)C(=O)N1CCN(c2ccnc3ccccc23)CC1)c1ccc(Cl)s1,0.6875
CNCC(=O)Nc1ccc(-c2nnc3n2-c2cccnc2Nc2ccccc2-3)cc1,0.7213
O=C(Cc1nc(N2CCOCC2)cc(=O)[nH]1)Nc1ccc(Cl)c(C(=O)N2CCOCC2)c1,0.6984
Cc1ccc(-c2cn(CCNc3cccc(F)c3)c(C3CCN(c4ncnc(N)c4C#N)CC3)n2)cc1F,0.7375
NC(=O)c1cnc2ccc(-c3cnc(Cl)c(NS(=O)(=O)c4cccc(F)c4)c3)cc2c1,0.6056
Cc1nc(-c2cc(C(=O)NC3CNCCC3c3ccc(F)cc3)c(F)cc2F)cn1C,0.6286
NC1(c2ccc(-c3nc4ncccn4c3-c3ccccc3)cc2)CCC1,0.6667
CC(NC(=O)C1(N)CCN(c2ncnc3[nH]nc(Cl)c23)CC1)c1ccc(F)cc1,0.7231
NC1(C(=O)NCc2ccc(Cl)c(C(F)(F)F)c2)CCN(c2ncnc3[nH]ccc23)CC1,0.7302
NC1(c2ccc(-c3nc4n(c3-c3ccccc3)COc3cccc(F)c3-4)cc2)CC1,0.9245
CC1SCc2ncnc(N3CCN(C(=O)C(Cc4ccc(Cl)cc4)NC(=O)c4ccnc5ccccc45)CC3)c21,0.6364
N#Cc1c(N)ncnc1N1CCC(c2nc(-c3cccc(F)c3F)cn2CC2CCCNC2)CC1,0.631
O=C(Cc1ccc(-c2nnc3n2-c2cccnc2Nc2ccccc2-3)cc1)NC1CC1,0.6061
CC(NC(=O)C1(N)CCN(c2ncnc3[nH]ccc23)CC1)c1cccc(F)c1,0.8033
Nc1ncnc(N2CCC(c3nc(-c4cnc(Cl)c(Cl)c4)cn3CCN3CCC3)CC2)c1Br,0.7465
O=C(NCc1n[nH]c(=O)[nH]1)c1cc(Br)c(-c2ccnc3[nH]ccc23)s1,0.6029
NC(=O)CC(C(=O)N1CCN(c2ncnc3ccccc23)CC1)c1ccc(Cl)c(Cl)c1,0.6667
Cc1c(OCC(N)Cc2c[nH]c3ccccc23)cnc(Cl)c1C=Cc1ccncc1,0.6866
NC(=O)c1c(N)ncnc1N1CCC(c2nc(-c3ccnc(Cl)c3)cn2CC2CCNCC2)CC1,0.631
NC(Cc1cc(F)ccc1F)C(=O)N1CCN(c2ncnc3cc(F)ccc23)CC1,0.7627
NC1(c2ccc(-c3nc4c(Br)cc(Br)cn4c3-c3ccccc3)cc2)CCC1,0.8077
COc1c(N)ncnc1N1CCC(c2nc(-c3ccc(C#N)c(C)c3)cn2CCN2CCCC2)C(F)C1,0.7059
N#Cc1ccc(-c2cn(CCN3CCC3)c(C3CCN(c4ncnc(N)c4C(F)(F)F)CC3)n2)cc1F,0.7237
NC1(c2ccc(-c3nc4n(c3-c3cccc(C(F)(F)F)c3)COc3ccc(Cl)cc3-4)cc2)CC(O)(C2CC2)C1,0.6575
Cc1ccc(NC(=O)Cc2nc(N3CCOCC3)cc(=O)[nH]2)cc1-c1cnn(C)c1,0.6471
O=C(Cc1nc(N2CCCC2)cc(=O)[nH]1)Nc1ccc(F)c(Cl)c1,0.6949
Cc1nn(C)nc1-c1coc(C(=O)NC2CNCCC2c2ccc(F)c(F)c2)c1,0.6712
Cn1c(CC(=O)N2CCc3c(Cl)cccc32)nc(N2CCOCC2)c1O,0.7302
NC1(c2ccc(-c3nc4c(F)cccn4c3-c3ccccc3)cc2)CCC1,0.8085
Cn1nc(-c2ccc(C(=O)NC3CNCCC3c3cccc(F)c3)s2)c2cccc(F)c21,0.6849
FC(F)(F)c1cccc(-c2cn3ccnc3nc2-c2ccc(CN3CC(c4n[nH]c(-c5ccccn5)n4)C3)cc2)n1,0.7703
Nc1cc(N2CCC(c3nc(-c4ccc(F)c([N+](=O)[O-])c4)cn3CCN3CCC3)CC2)ncn1,0.7681
N#Cc1ncc(OCC(N)Cc2c[nH]c3ccccc23)cc1-c1cccnc1,0.7879
O=C(Nc1csc(-c2nncn2C2CC2)n1)c1cc(-n2cnc(C3CC3)c2)c(Cl)cc1Cl,0.6795
CCCc1c(C(=O)NC2CNCCC2c2ccc(F)c(F)c2)cnn1C,0.6338
NC1(c2ccc(-c3nc4n(c3-c3ccccc3)COc3ncccc3-4)nc2)CC1,0.7333
O=C(NC1CNCCC1c1cccc(F)c1)c1ccc(-c2c[nH]cn2)cn1,0.7015
Cn1c(CC(=O)NCc2cc(F)ccc2F)nc(N2CCOCC2)cc1=O,0.6615
Nc1ncnc(N2CCC(c3nc(-c4ccnc(C(F)(F)F)c4)cn3CCN3CCCC3)CC2)c1C1CCC1,0.7917
O=C(Nc1csc(-c2nncn2C2CCCC2)n1)c1cc(-n2cnc(C3CC3)c2)c(C(F)(F)F)cn1,0.725
CC1(C)C(=O)Nc2ccc(-c3cncc(OCC(N)Cc4cccc(F)c4)c3)cc21,0.6377
CC(C)CC(C#N)NC(=O)C1(N)CCN(c2ncnc3[nH]ccc23)CC1,0.6818
NC(=O)c1c(N)ncnc1N1CCC(c2nc(-c3ccc(F)c(C(F)F)c3)cn2CCN2CCC2)CC1,0.8243
NC1(C(=O)NCc2cc(F)c(Cl)cn2)CCN(c2ncnc3[nH]ccc23)CC1,0.6984
Cc1n[nH]c2ccc(-c3cncc(OCC(N)Cc4c(F)cccc4Cl)c3)cc12,0.8814
Cc1c(Cl)cccc1-c1cn(CCN2CCC2)c(C2CCN(c3ncnc(N)c3C#N)CC2)n1,0.7467
Cn1c(CC(=O)N2CC(C)(C)c3c(Cl)cccc32)nc(N2CCOCC2)cc1=O,1
O=C(NC(c1ccc(Cl)c(F)c1)C1CCNCC1)c1csc(Cl)c1,0.625
Cn1c(CC(=O)NC(=S)Nc2ccc(Br)cc2)nc(N2CCOCC2)cc1=O,0.6515
O=C(NC(c1cncc(Cl)c1)C1CCNCC1)c1ccc(Cl)c(Cl)c1,0.65
Nc1cc(N2CCC(c3nc(-c4cc(F)c(CF)c(F)c4)cn3CCN3CCC3)C(F)C2)ncn1,0.6
NCC(Cc1ccc(Cl)cc1)C(=O)N1CCN(c2ncnc3ccccc23)CC1,0.7857
CC1(C)C(=O)Nc2cc(-c3cncc(OCC(N)Cc4c(F)cccc4F)c3)ccc21,0.6029
O=C(Cc1nc(N2CCCC2)cc(=O)[nH]1)N1CCc2c(F)cccc21,0.8393
Cn1ncc(Br)c1-c1ccc(C(=O)NC2CNCCC2c2ccc(F)cc2)s1,0.8182
O=C(Cc1nc(N2CCOC3CCCCC32)ccc1F)N1CCc2c(F)cccc21,0.6957
Nc1ccc2ncnc(N3CCN(C(=O)C(N)Cc4ccc(Cl)cc4)CC3)c2c1,1
CNCCn1cc(-c2ccc(F)c(C)c2)nc1C1CCN(c2ncnc(N)c2C#N)CC1,1
O=C(Cc1nc(=O)cc(N2CCOCC2)[nH]1)Nc1ccc(F)c(C2CC2)c1,0.6143
O=C(c1ccc(F)c(Cl)c1)N1CCN(c2ncnc3[nH]cc(Br)c23)CC1,0.6032
COc1ccc(NC(=O)Cc2nc(N3CCOCC3)cc(=O)[nH]2)cc1-c1cnn(C)c1C,0.6197
Cn1ncc(NC(=O)Cc2nc(N3CCOCC3)cc(=O)n2C)c1Br,0.6308
O=C(Cc1nc(N2CCOCC2)cc(=O)[nH]1)NC1C(c2ccccc2)C1c1ccc(F)cc1,0.6212
NC1(C(=O)NCc2cc(Cl)ccc2Cl)CCN(c2ncnc3[nH]ncc23)CC1,0.6056
O=C(NC(CC(=O)N1CCC1)c1ccccc1Cl)c1cc(Br)c(-c2ccnc3[nH]ccc23)s1,0.6184
Cn1ncc(Cl)c1-c1cnc2sc(C(=O)NC3CNCCC3c3ccc(F)c(F)c3)cc2n1,0.6711
NC(=O)c1cccc2c(NC(CN3CCC3)c3cc(F)cc(F)c3)ncnc12,0.8772
N#Cc1ccc(-c2cn(CCN3CCC3)c(C3CCN(c4ncnc(N)c4F)CC3)n2)cc1F,0.7639
O=C(NC1CNCCC1c1ccc(F)cc1)c1ccc2c(c1)OCCn1ncc(Cl)c1-2,0.8806
CC(n1cnnc1-c1nc(NC(=O)c2cc(C3CC3)c(N3CCOCC3)cn2)cs1)C(F)(F)F,0.7558
CC(C)c1c(N)ncnc1N1CCC(c2nc(-c3ccc(Cl)c(C#N)c3)cn2CCN2CCC2)CC1,0.6962
Cn1nc(-c2ccc(C(=O)NC3CNCCC3c3cccc(F)c3)cc2)cc1Br,0.6714
CCOc1ccc(CC(N)COc2cncc(-c3ccc4[nH]nc(C)c4c3)c2)cc1,0.8103
NC(COc1cncc(-c2ccc3c(c2)CC(=O)N3)c1)Cc1cscn1,0.6338
Cc1nc(OCC(N)Cc2cccc(F)c2F)cc(-c2cc3c(C)n[nH]c3cn2)n1,0.7015
Cn1nccc1-c1ccc(C(F)(F)F)cc1NC(=O)Cc1nc(N2CCOCC2)cc(=O)[nH]1,0.6
COc1ncc(-c2cn(CCN3CCC3)c(C3CCN(c4cc(N)ncn4)CC3)n2)cn1,0.6667
N#Cc1c(N)ncnc1N1CCC(c2nc(C3CC3)cn2CC2CC2)CC1,0.6935
Cc1ncccc1C(=O)NC(c1cccc(Cl)c1)C1CCNCC1,0.6094
Cn1cc(C(NC(=O)C2(N)CCN(c3ncnc4[nH]ccc34)CC2)c2ccc(F)cc2)cn1,0.7273
Cc1ccc(C(=O)NC(c2ccc(Cl)c(F)c2)C2CCNC2)cc1Cl,0.6061
CNC(=O)c1ccc2c(c1)-c1nc(-c3ccc(C4(N)CC(C)(O)C4)cc3)c(-c3ccccc3)n1CO2,1
NC(=O)c1cccc2c(NC(CN3CCC3)c3ccc(F)c(Cl)c3)ncnc12,0.871
CS(=O)(=O)c1cccc(-c2cncc(OCC(N)Cc3ccc(Cl)c(F)c3)c2)c1,0.6143
NC(Cc1ccc(Cl)cc1)C(=O)N1CCN(c2ccnc3ccccc23)CC1,1
CC(C)c1ccc(NC(=O)Cc2nc(N3CCOCC3)cc(=O)n2C)cc1,0.6935
Cc1n[nH]c2cnc(-c3cncc(OCC(N)Cc4cccc(Br)c4)c3)cc12,0.8167
Cc1nc(-c2cc(C(=O)NC3CNCCC3c3ccc(F)c(F)c3)c(Cl)cc2Cl)nn1C,0.6133
O=C(Cc1nc(N2CCOCC2)cc(=O)n1-c1ccccc1)N1CCN(c2ccccc2Cl)CC1,0.6719
Cc1cc(-c2cn(CCN3CCCC3)c(C3CCN(c4ncnc5[nH]cc(C)c45)C3)n2)ccc1F,0.6667
Cn1nc(-c2ccc(C(=O)NC3CNCCC3c3ccccc3)cc2F)cc1F,0.6
NC(=O)c1cc2nc(-c3ccc(C4(N)CCC4)cc3)c(-c3ccccc3)n2cc1F,0.6949
Cc1c[nH]c2ncnc(N3CCN(C(=O)C(CNC4CC4)c4ccc(F)cc4)CC3)c12,0.6567
N#Cc1ccc(-c2cn(CCN3CCC3)c(C3CCN(c4ncnc(N)c4Cl)CC3F)n2)cc1Cl,0.7284
CCc1c(N)ncnc1N1CCC(c2nc(-c3ccc(F)c(F)c3)cn2CCN2CCCC2)CC1,1
NC1(c2ccc(-c3nc4cc(F)c(Br)cn4c3-c3ccccc3)cc2)CCC1,0.7037
Nc1cc(N2CCC(c3nc(-c4cc(F)c(F)c(F)c4)cn3CCNCC3CC3)CC2)ncn1,0.6111
CN(C)C(=O)c1cn2c(-c3ccccc3)c(-c3ccc(C4(N)CCC4)cc3)nc2cn1,0.7344
Cn1c(CC(=O)N2CCC(c3ccc(F)cc3)CC2)nc(N2CCOCC2)cc1=O,0.6087
NC1(C(=O)NC(CO)c2ccc(Cl)cc2)CCN(c2ncnc3c2CCC3)CC1,0.6818
O=C(NC1CNCCC1c1ccc(Cl)cc1)c1cc2c(s1)OCCO2,0.6197
O=C(Cc1nc(N2CCCC2)cc(=O)[nH]1)Nc1cccc(F)c1,0.6667
CN1CCCC2(C)c3ccccc3N(C(=O)Cc3nc(N4CCOCC4)cc(=O)[nH]3)C12,0.625
Cc1ccc(NC(=O)Cc2nc(N3CCOCC3)cc(=O)n2-c2ccc(F)cc2)cc1C1CC1,0.6667
CN1CCc2c(c(-c3ccc(C(=O)NC4CNCCC4c4cccc(F)c4)cc3)nn2C)C1,0.6184
Cn1c(CC(=O)Nc2cnn(S(=O)(=O)c3c(F)cccc3F)c2)nc(N2CCOCC2)cc1=O,0.6164
O=C(Cc1nc(N2CCOCC2)cc(=O)[nH]1)Nc1ccc(CNc2ccc(F)c(F)c2)s1,0.75
O=C(Cc1nc(N2CCOCC2)cc(=O)[nH]1)NC1(c2ccc(F)cc2)CCOCC1,0.6562
CN(C)C(=O)c1cccc2c(NC(=O)Cc3nc(N4CCOCC4)cc(=O)n3C)ccc(F)c12,0.6053
Cn1c(CC(=O)NCC2Cc3c(F)ccc(Br)c3O2)nc(N2CCOCC2)cc1=O,0.6389
Nc1ncnc(N2CCC(c3nc(-c4ccc(O)cc4)cn3CCN3CCC3)CC2)c1Br,0.8095
Cc1nc(Cl)ncc1C(=O)NC(c1ccc(Cl)c(Cl)c1)C1CCNCC1,0.6029
COc1cccc(C(=O)NC(c2ccc(Cl)c(Cl)c2)C2CCNC2)c1,0.6308
CC(NC(=O)C(CC(N)O)NC(=O)c1cc(Br)c(-c2ccnc3[nH]ccc23)s1)c1ccc(F)cc1,0.6104
NC(Cc1ccc(Cl)cc1)C(=O)N1CCN(c2ncnc3ccc(-c4cn[nH]c4)nc23)CC1,0.7681
NCCNCC(Cc1ccc(F)cc1)NC(=O)c1cc(Br)c(-c2ccnc3ccccc23)s1,0.6133
Cc1nc(C(N)=O)nn2c(-c3ccccc3)c(-c3ccc(C4(N)CCC4)cc3)nc12,0.7288
NC1(C(=O)NCc2ccc(-c3nccs3)s2)CCN(c2ncnc3[nH]ccc23)CC1,0.6176
NC(=O)c1c(N)ncnc1N1CCC(c2nc(-c3cccc(F)c3)cn2CC(F)F)CC1,0.6494
O=C(Cc1nc(N2CCCC2)cc(=O)[nH]1)NCc1ccc(F)cn1,0.6094
CC(NC(=O)C1(N)CCN(c2ncnc3[nH]ncc23)CC1)c1ccc(F)cc1,0.7541
Cc1n[nH]c2ccc(-c3cncc(OCC(N)Cc4cccc(F)c4C(F)(F)F)c3)cc12,0.8254
CC1CCCN1Cc1ccc(NC(=O)Cc2nc(N3CCOCC3)cc(=O)n2C)cc1,0.625
Cn1[nH]c2ccc(-c3cncc(OCC(N)Cc4ccc(Cl)cc4)c3)cc2c1=O,0.6875
Cc1cccc(C)c1CC(N)C(=O)N1CCN(c2ncnc3ccccc23)CC1,0.75
CC(=O)Nc1ccc2ncnc(N3CCN(C(=O)C(N)Cc4ccc(Cl)cc4Cl)CC3)c2c1,0.7059
CC(C)c1cc(-c2cn(CC(F)(F)F)c(C3CCN(c4ncnc(N)c4C(N)=O)CC3)n2)ccn1,0.7763
NC1(C(=O)NC(=O)Cc2ccc(F)c(F)c2)CCN(c2ncnc3[nH]ccc23)CC1,0.6154
NC(Cc1ccc(F)cc1)C(=O)N1CCN(c2ncnc3ccc(OCC(F)F)cc23)CC1,0.6418
CC1CN(c2cc(=O)[nH]c(CC(=O)NCc3ncccc3F)n2)CCO1,0.6479
Cc1cc(Cl)cnc1C(=O)NC1CN(C(=O)Cc2nc(N3CCOCC3)cc(=O)[nH]2)c2ccccc21,0.6447
O=C(Cc1nc(N2CCOCC2)cc(=O)n1-c1cccc(F)c1)N1CCc2c(F)cccc21,0.7424
O=C(C(CS)Cc1ccc(F)cc1)N1CCN(c2ncnc3ccccc23)CC1,0.619
CCOc1cccc(F)c1CC(N)COc1cncc(-c2cnc3[nH]nc(C)c3c2)c1,0.6866
Cc1ccncc1CC(N)CNc1cnc(Cl)c(C=Cc2ccncc2)c1,0.6508
Cc1c(N)ncnc1N1CCC(c2nc(-c3ccc(F)c(C(F)(F)F)c3)cn2CC(=O)NCCO)CC1,0.6914
NC(=O)c1ccc(-c2cn(CC3CNC3)c(C3CCN(c4ncnc(N)c4Cl)CC3)n2)cc1,0.6842
Cn1cncc1-c1ccc(C(=O)NC2CNCCC2c2cccc(F)c2)c(F)c1,0.6286
NC1(c2ccc(-c3nc4c(Br)cc(C(=O)NC5CN6CCC5CC6)cn4c3-c3ccccc3)cc2)CCC1,0.6761
O=C(Cc1nc(N2CCOCC2)cc(=O)n1Cc1ccc(OC(F)F)cc1)N1CCc2c(F)cccc21,0.6622
Cn1ncc(C(=O)NC2CNCCC2c2ccc(F)c(F)c2)c1-c1cc(F)ccc1F,0.7206
NCCn1cc(-c2ccc(F)c(C(F)(F)F)c2)nc1C1CCN(c2ncnc(N)c2Cl)CC1,0.8529
O=C(NC(c1ccc(F)c(F)c1)C1CCNCC1)c1ccc(Cl)c(F)c1,0.7119
Cc1cc(-c2cn(CCC(N)=O)c(C3CCN(c4cc(N)ncn4)CC3)n2)ccc1F,0.6528
NC(COc1cncc(-c2ccc3c(c2)OCC(=O)N3)c1)Cc1ccc(Br)cc1F,0.6081
Cc1cc(N2CCC(c3nc(-c4ccc(F)c(F)c4)cn3CCN3CCC3)CC2)ncn1,0.7812
Cn1ncc(Br)c1-c1oc(C(=O)NC2CNCCC2c2ccc(F)cc2F)cc1Cl,0.6533
O=C(Cc1nc(N2CCOCC2)cc(=O)[nH]1)Nc1cc(F)cc(C(=O)c2ccccc2)c1,0.7797
Cc1cc(-c2cn(CCN3CCCC3)c(C3CCN(c4ncnc(N)c4-c4cnsc4)CC3)n2)ccc1F,0.7531
Cc1n[nH]c2cnc(-c3cncc(OCC(N)Cc4ccc(C(F)(F)F)cc4F)c3)cc12,0.803
Cc1nc(C)c(C(=O)NC2CNCCC2c2ccc(F)c(F)c2)cc1Br,0.6087
Cn1ncc(Br)c1-c1sc(C(=O)NC2CNCCC2c2cccc(F)c2)nc1C1CC1,0.6974
CCOc1c(F)c(CC(=O)N2c3ccc(F)c(F)c3CC2C)nc(N2CCOCC2)c1F,0.6479
Cc1nc(-c2ccncc2)cn2c(-c3ccccc3)c(-c3ccc(C4(N)CCC4)cc3)nc12,0.7455
CCC(NC(=O)c1cc(Br)c(-c2ccnc3[nH]ccc23)s1)C(=O)CO,0.6364
CCN1CCN(C(=O)CCC(NC(=O)c2cc(Br)c(-c3ccnc4[nH]ccc34)s2)c2ccccc2)CC1,0.7027
O=C(Cc1nc(Cl)c(Br)c(N2CCOCC2)n1)N1CCc2c(F)cccc21,0.6119
Cc1ccc(F)c(F)c1CC(N)COc1cncc(-c2ccc3[nH]nc(C)c3c2)c1,0.8
Cn1ncc(-c2ccc(C(=O)NC3CNCCC3c3cccc(F)c3)c(F)c2)n1,0.6197
Cc1cc(Br)cn2c(-c3ccccc3)c(-c3ccc(C4(N)CCC4)cc3)nc12,0.8077
CC(C)Oc1c(N)ncnc1N1CCC(c2nc(-c3cc(F)c(C(F)(F)F)c(F)c3)cn2CCN2CCC2)CC1,0.8052
O=C(CCc1nc(N2CCOCC2)cc(=O)[nH]1)Nc1ccc(N2CCOCC2)c(Cl)c1,0.6349
O=C(C(Cc1ccc(Cl)cc1)Cc1ccc(Cl)cc1)N1CCN(c2ncnc3ccccc23)CC1,0.8113
N#Cc1cnc(Cl)nc1N1CCC(c2nc(-c3ccc(F)c(Cl)c3)cn2CCN2CCCC2)CC1,0.7105
Cn1ccc(-c2ccc(NC(=O)Cc3nc(N4CCOCC4)cc(=O)[nH]3)c(F)c2)n1,0.7231
CC(NC(=O)C1(N)CCN(c2ncnc3c2C2(CCCC2)CO3)CC1)c1ccc(F)cc1,0.6232
Cn1ncc(Br)c1-c1sc(C(=O)NC2CNCCC2c2ccc(F)cc2)cc1Cl,0.6316
Cc1n[nH]c2ccc(-c3cncc(OCC(N)Cc4ccc(F)cc4)c3)cc12,0.8246
Cn1ncc(C(=O)NC2CNCCC2c2cccc(F)c2)n1,0.6667
O=C(CCc1ccc(Cl)c(Cl)c1)N1CCN(c2ncnc3ccccc23)CC1,0.6833
NC(=O)CC(NC(=O)C1(N)CCN(c2ncnc3[nH]ccc23)CC1)c1cc(F)ccc1F,0.7059
Cn1ccc(-c2cc(C(=O)NC3CNCCC3c3ccccc3)oc2Cl)c1,0.6765
Nc1ncnc(N2CCC(c3nc(-c4ccc(F)cc4)cn3CC(=O)N3CCC(F)C3)CC2)c1Br,0.6575
CC(C)NCCn1cc(-c2ccc(F)c(C(F)(F)F)c2)nc1C1CCN(c2ncsc2C(N)=O)CC1,0.7561
CC1CCCN(CC(Nc2ncnc3c(C(N)=O)ccnc23)c2ccc(F)cc2)C1,0.6429
CC(O)Cn1cc(-c2ccc(C(F)(F)F)c(F)c2)nc1C1CCN(c2cc(N)ncn2)CC1,0.6447
Cn1ccc(-c2cc(OCC(N)Cc3c[nH]c4ccccc34)cnc2-c2ccoc2)n1,0.7143
COc1ccccc1CNC(=O)C1(N)CCN(c2ncnc3[nH]ccc23)CC1,0.6562
CC1Cc2cc(F)c(F)cc2N1C(=O)Cc1nc(N2CCOCC2)cc(=O)n1-c1ccc(F)cc1,0.7576
O=C(NC(c1ccc(Cl)c(Cl)c1)C1CCNC1)c1ccc(C2CC2)nc1,0.6562
Cc1n[nH]c2cnc(-c3cncc(OCC(N)Cc4cccc(-c5cncnc5)c4)c3)cc12,0.8
Cc1nc(-c2cc(F)cc(NC(=O)Cc3nc(N4CCOCC4)cc(=O)[nH]3)c2)no1,0.7419
Cn1ncc(Br)c1-c1oc(C(=O)NC2CNCCC2c2cccc(F)c2)cc1Br,0.7536
NC(CC(=O)N1CCN(c2ncnc3ccccc23)CC1)Cc1ccc(F)cc1,0.619
NC(Cc1ccc(-c2cccnc2F)cc1)C(=O)N1CCN(c2ncnc3ccccc23)CC1,0.7031
Nc1cc(N2CCC(c3nc(-c4ccc(C(F)(F)F)nc4)cn3CCN3CCCC3)CC2)ncn1,0.7353
Cc1cc(-n2c(CC(=O)Nc3ccc(F)cc3)nc(N3CCOCC3)cc2=O)ccc1F,0.6
CNC(=O)c1ccc(-c2nnc3n2-c2cccnc2Nc2ccccc2-3)cc1F,0.6061
Cc1ccc(-c2cc(OCC(N)Cc3ccccc3)cnc2-c2ccccc2)cc1,0.6897
O=C(Cc1nc(N2CCOCC2)cc(=O)n1-c1ccc(Cl)cc1)N1CCc2ccccc21,0.8644
NC1(C(NC(=O)C2CC2)c2ccc(Cl)cc2)CCN(c2ncnc3[nH]ccc23)CC1,0.6471
CCCc1ncc(OCC(N)Cc2c[nH]c3ccccc23)cc1-c1ccn(C)c1,0.6081
NC(=O)NC1CCc2cc(-c3cncc(OCC(N)Cc4c[nH]c5ccccc45)c3)ccc21,0.6203
O=C(C1CCCN1C(=O)Cc1nc(N2CCOCC2)cc(=O)n1C1CC1)N1CCc2c(F)cccc21,0.6579
Cc1c(=O)n(C)nc2ccc(-c3cncc(OCC(N)Cc4ccc(Cl)c(Cl)c4)c3)cc12,0.6286
CC(C)CC(C=O)NC(=O)C1(N)CCN(c2ncnc3[nH]ccc23)CC1,0.6462
CC1Cc2c(ccc(F)c2F)N1C(=O)Cc1nc(N2CCCC2)cn1C,0.6418
Cc1nn(C)cc1-c1nc(NC(=O)c2cc(-n3cnc(C4CC4)c3)c(N3CCCN(C)CC3)cn2)cs1,0.6092
NC1(C(=O)NCc2ccc(Cl)cc2F)CCN(c2nnnc3[nH]ccc23)CC1,0.6119
CC1SCc2ncnc(N3CCN(C(=O)C4(c5ccc(Cl)cc5)CCNCC4)CC3)c21,0.6029
CCNC(=O)c1c(N)ncnc1N1CCC(c2nc(-c3cccc(F)c3)cn2CC)CC1,0.6
Cc1cc(N2CCC(c3nc(-c4ccc(F)c(O)c4)cn3CCN3CCCC3)CC2)ncn1,0.6957
CCc1c(N)ncnc1N1CCC(c2nc(-c3ccc(C(C)=O)cc3)cn2CCN2CCC2)CC1,0.7681
NC(=O)NC(Cc1ccc(F)cc1)C(=O)N1CCN(c2ncnc3ccccc23)CC1,0.6154
Cc1cccc2c(N3CCN(C(=O)C(CNC(C)C)c4ccc(Cl)cc4)CC3)ncnc12,0.6143
Cn1nc(-c2cc(C(=O)NC3CNCCC3c3ccc(F)c(F)c3)ccc2F)c2cccnc21,0.6133
COc1ncc(C(NC(=O)c2cnccc2Cl)C2CCNCC2)cc1Cl,0.6087
NC(=O)c1ccc(-c2[nH]nc3cnc(-c4cncc(OCC(N)Cc5ccccc5)c4)cc23)cc1,0.6087
Cn1c(CC(=O)Nc2ccc(OC(F)(F)F)cc2)nc(N2CCOCC2)cc1=O,0.6769
Cc1csc2c(N3CCN(C(=O)C4(c5ccc(Br)cc5)CCNCC4)CC3)ncnc12,0.6119
CCCCn1cc(C(=O)NC2CNCCC2c2ccc(F)c(F)c2)cn1,0.6232
Nc1ncnc(N2CCC(c3nc(-c4cc(F)cc(C(F)(F)F)c4)cn3CCN3CCC3)CC2)c1C(F)(F)F,0.6538
O=C(NC(c1ccc(Cl)c(Cl)c1)C1CNC1)c1cccc(F)c1,0.6102
O=C(NC(c1ccc(Cl)c(F)c1)C1CCNCC1)c1ccc(Cl)nc1Cl,0.6154
NC1(c2ccc(-c3nc4c(Br)cc(C(=O)NCCCN5CCCC5)cn4c3-c3ccccc3)cc2)CCC1,0.6857
Cn1nc(-c2cc(C(=O)NC3CNCCC3c3ccccc3)oc2Cl)c2ccccc21,0.6857
COc1c(N)ncnc1N1CCC(c2nc(-c3ccc(F)c(C)c3)cn2CCN2CCCC2)CC1,0.8714
NC(=O)c1cccc2c(NC(CN3CC(O)C3)c3ccc(F)cc3)ncnc12,0.7966
Cc1cc(F)ccc1-n1c(CC(=O)N2CCc3c(Cl)cccc32)nc(N2CCOCC2)cc1=O,0.7143
CC(=O)N1CCCC1Cn1cc(-c2ccc(F)c(Cl)c2)nc1C1CCN(c2ncnc(N)c2C(N)=O)CC1,0.7284
NC(=O)c1ccc(-c2ccc3nc(-c4ccc(C5(N)CCC5)cc4)c(-c4ccccc4)n3c2)cc1,0.8846
O=C(Cc1nc(N2CCOCC2)cc(=O)n1-c1cccc(Br)c1F)Nc1ccc(F)c(F)c1,0.6429
NC(Cc1ccc(F)cc1)C(=O)N1CCN(c2ncnc3[nH]ccc23)CC1,0.8182
Cc1cc(-c2cn(CCO)c(C3CCN(c4cc(N)ncn4)CC3)n2)cc(F)c1F,0.6197
Cn1c(CC(=O)N2CCc3c(F)cccc32)nc(N2CCCOCC2)c1Cl,0.6618
Cc1ccc(CC(=O)N2CCN(c3ncnc4ccccc34)CC2)cc1,0.6909
Cn1c(C2CC2)nn(-c2ccc(NC(=O)Cc3nc(N4CCOCC4)cc(=O)[nH]3)cc2F)c1=O,0.662
Nc1cc(N2CCC(c3nc(-c4ccc(F)c(CO)c4)cn3CCN3CCC3)CC2)ncn1,0.8154
NC(=O)c1ccc2nc(-c3ccc(C4(N)CC(O)(C5CC5)C4)cc3)c(-c3ccccc3)n2n1,0.7288
Cn1cc(-c2cc(F)cc(F)c2)nc1C1CCN(c2ncnc(N)c2Cl)CC1,0.6087
CC(=O)NC1CCNCC1NC(=O)c1cc(Br)c(-c2c(Br)cnn2C)o1,0.697
Cn1ncc(Br)c1-c1cnc(C(=O)NC(CN)Cc2ccc(F)c(F)c2)o1,0.6056
O=C(NC(c1cccc(Cl)c1)C1CCNC1)c1cc2ccncc2s1,0.6176
Cc1n[nH]c2ccc(-c3nnc(NCC(=O)NCc4ccccc4)s3)cc12,0.625
NC1(c2ccc(-c3nc4ccc([N+](=O)[O-])nn4c3-c3ccccc3)cc2)CCCC1,0.6727
Cc1ccc(NC(=O)Cc2nc(N3CCOC(C)C3)cc(=O)[nH]2)cc1F,0.8095
O=C(Cc1nc(N2CCOCC2)cc(=O)n1C1CCCC1)Nc1ccc(F)c(C2CC2)c1,0.7727
N#Cc1c(N2CCC(c3nc(-c4cccc(F)c4)cn3CCN3CCCC3)CC2)[nH]cnc1=N,0.6753
CC(NC(=O)C1(N)CCN(c2ncnc3[nH]ccc23)CC1)c1ccc(F)c(CO)c1,0.7656
NC(=O)c1ccc(-c2cn(CCN3CCC3)c(C3CCN(c4ncnc(N)c4C(F)(F)F)CC3)n2)cc1F,0.725
Cn1ncc(Cl)c1-c1ncc(C(=O)NC2CNCCC2c2cncc(F)c2)s1,0.64
NC(COc1cncc(-c2ccc3c(c2)C(=O)C(=O)N3)c1)Cc1cc(Cl)ccc1F,0.6522
Cc1ccc(CC(N)C(=O)N2CCN(c3ncnc4c(C)cccc34)CC2)cc1,0.7544
Cn1nc(Cl)cc(C(=O)NC2CNCCC2c2cc(F)cc(F)c2)c1=O,0.6119
Cn1nccc1-c1nc(C(=O)NC2CNCCC2c2ccc(F)c(F)c2)cs1,0.6912
CNC(COc1cncc(-c2cc3c(C)n[nH]c3cn2)c1)c1cccc(F)c1,0.6716
O=C(N1CCN(c2ncnc3[nH]cc(Cl)c23)CC1)C1(c2ccccc2)CCNCC1,0.8596
O=C(Cc1nc(N2CCOCC2)cc(=O)n1C1CC1)N1CCc2ccc(F)cc21,0.6667
COc1cc(-c2cnc(Cl)c(C3CCN(c4ncnc(N)c4C#N)CC3)n2)ccc1F,0.6375
NC1(c2ccc(-c3nc4n(c3-c3ccccc3)COc3cc(Cl)ccc3-4)cc2)CC1,0.7193
NC1(C(=O)NC(C(=O)Nc2cccnc2)c2ccccc2)CCN(c2ncnc3[nH]ccc23)CC1,0.6164
CC1Cc2ccccc2N1C(=O)Cc1nc(N2CCOCC2)cc(=O)n1-c1ccc(F)cc1F,0.7206
O=C(NC(c1cc(F)cc(F)c1)C1CCNCC1)c1ccc(Cl)c(Cl)c1,0.6333
Cn1nc(-c2ccc(C(=O)NC3CNCCC3c3cccc(F)c3)c(Cl)c2)c2cccnc21,0.6026
CC(=O)c1cccc(NC(=O)Cc2nc(N3CCOCC3)cc(=O)n2C)c1,0.6825
CCNC(=O)Cn1cc(-c2ccc(F)c(Cl)c2)nc1C1CCN(c2ncnc(N)c2C(N)=O)CC1,0.7342
Cn1ncc(Br)c1-c1nc(NC(=O)c2cc(-n3cnc(C4CC4)c3)c(N3CC(F)(F)C3)cn2)cs1,0.6786
O=C(NC(c1cccc(Cl)c1)C1CCNCC1)c1cc(Cl)c(Cl)nc1Cl,0.6032
Cc1cncc(C(=O)NC(c2ccc(Cl)c(Cl)c2)C2CCNC2)c1,0.6667
Cc1ccc(CC(N)C(=O)N2CCN(c3ncnc4cccc(Br)c34)CC2)cc1C,0.6769
COc1ccccc1-c1cccc2c1CCN2C(=O)Cc1nc(N2CCOCC2)c(C)n1C,0.6351
CC1SCc2ncnc(N3CCN(C(=O)C(Cc4ccc(Cl)cc4)NC(=O)c4ccc(F)cc4)CC3)c21,0.7
Cc1nn(C)cc1-c1cn(CCN2CCC2)c(C2CCN(c3ncnc(N)c3Cl)CC2)n1,0.6571
Nc1ncnc(N2CCC(c3nc(-c4ccc(F)c(F)c4)cn3CCN3CCCCC3)CC2)c1C(F)(F)F,0.7826
NCC1(C(=O)NC(CCO)c2ccccc2Cl)CCN(c2ncnc3[nH]ccc23)CC1,0.7647
CC(C)c1c(N)ncnc1N1CCC(c2nc(-c3ccc(C#N)c(F)c3)cn2CCN2CCCC2)CC1,0.7143
Cc1n[nH]c2cnc(-c3cncc(OCC(Nc4ccccc4)C(N)=O)c3)cc12,0.6364
NC1(C(=O)NCc2cc(Br)ccc2F)CCN(c2ncnc3[nH]ccc23)CC1,0.6719
NC(=O)CCC(NC(=O)c1cc(Br)c(-c2ccnc3[nH]ccc23)s1)c1ccccc1Cl,0.662
CC(=O)NC1CCc2cc(-c3cncc(OCC(N)Cc4c[nH]c5ccccc45)c3)ccc21,0.6125
CNC(=O)c1cnn(C)c1N1CCC(c2nc(-c3ccnc(C(C)C)c3)cn2CCN2CCCC2)CC1,0.6
Cn1ncc(C(=O)NC2CNCCC2c2ccc(F)c(F)c2)c1-c1ccc(F)nc1F,0.6667
CN(C)C(=O)Nc1ccc2ncnc(N3CCN(C(=O)C(N)Cc4ccc(F)cc4)CC3)c2c1,0.6812
Cn1c(CCC(=O)Nc2ccc(F)c(Cl)c2)nc(N2CCOCC2)cc1=O,0.6667
CNC(=O)C(Cc1ccccc1Cl)NC(=O)C1(N)CCN(c2ncnc3[nH]ccc23)CC1,0.6133
CC(=O)c1ccc(-c2cc(C(=O)NC3CNCCC3c3ccccc3)oc2Cl)cc1,0.6471
COc1cc(N2CCC(c3nc(-c4ccc(C(F)(F)F)c(F)c4)cn3CCN3CCCC3)CC2)ncn1,0.6711
Cn1c(CC(=O)Nc2cc(F)ccc2Cl)nc(N2CCOCC2)cc1=O,0.6364
Cc1ncc(-c2cn(CCN3CCC3)c(C3CCN(c4ncnc(N)c4C(F)(F)F)CC3)n2)cc1F,0.6456
COc1c(N)ncnc1N1CCC(c2nc(-c3ccc(F)c(C)c3)cn2CCN2CCC2)CC1,0.8714
CC(NC(=O)c1cc(Br)c(-c2ccnc3[nH]ccc23)s1)C(=O)NC(C)(C)C,0.6119
COc1ccc(CC(NC(=O)C2(N)CCN(c3ncnc4[nH]ccc34)CC2)c2ccc(Cl)cc2)cc1F,0.7333
Cc1cc(C)n(-c2ccc(NC(=O)Cc3nc(N4CCOCC4)cc(=O)[nH]3)cc2F)n1,0.7344
COc1cc(C(NC(=O)c2cnn(C)c2Cl)C2CCNCC2)ccc1Cl,0.6
Cc1c(N)ncnc1N1CCC(c2nc(-c3cncc(C(N)=O)c3)cn2CCN2CCC2)CC1,0.65
Cc1ccc(NC(=O)Cc2nc(N3CCOCC3)cc(=O)n2-c2ccc(F)c(F)c2)cc1C,0.6143
Cn1cc(N2CCOCC2)nc1CC(=O)N1CCc2c(Cl)cccc21,0.7541
NC(=O)C(NC(=O)C1(N)CCN(c2ncnc3[nH]ccc23)CC1)c1cccc(F)c1,0.7231
O=C(Cc1ccc(Cl)cc1)NC(Cc1ccc(F)cc1)C(=O)N1CCN(c2ncnc3ccc(F)cc23)CC1,0.6232
N=C(N)NC(=O)C1(N)CCN(c2ncnc3[nH]cc(Cl)c23)CC1,0.629
O=C(NC1CNCCC1c1ccc(F)c(F)c1)c1cc(Cl)c2cnn(C(F)F)c2c1,0.6027
Cc1ccc(C(NC(=O)c2ccc(Cl)c(Cl)c2)C2CCNCC2)cc1,0.6271
NC(=O)c1cccc2c(NC(CN3CCC3)c3ccc(Cl)c(F)c3)ncnc12,1
CNCCn1cc(-c2cc(F)c(F)cc2F)nc1C1CCN(c2ncnc(N)c2C)CC1,0.6104
NC1(c2ccc(-c3nc4ccc(C(=O)NC5CN6CCC5CC6)cn4c3-c3ccccc3)cc2)CCC1,0.6667
CC(NC(=O)C1(N)CCN(c2ncnc3[nH]cc(Cl)c23)CC1)c1ccccc1,0.8621
NC(=O)c1c(N)ncnc1N1CCC(c2nc(-c3ccnc(C(F)(F)F)c3)cn2CCN2CCC2)CC1,1
O=C(Cc1cc(F)cc(F)c1)N1CCCN(C(=O)Cc2nc(N3CCOCC3)cc(=O)[nH]2)CC1,0.6333
Nc1ncnc(N2CCC(c3nc(-c4ccccc4Cl)cn3CCN3CCC3)CC2)c1Br,0.6944
NC(=O)c1cccc2c(NC(CN3CCCC3)c3ccc(F)c(Cl)c3)ncnc12,0.8413
N#Cc1cc(Br)cn2c(-c3ccccc3)c(-c3ccc(C4(N)CCC4)cc3)nc12,0.7193
Cn1c(CC(=O)NCc2ccc(Cl)cc2)nc(N2CCOCC2)cc1=O,0.6154
CN1CCN(C(=O)Cc2nc(N3CCOCC3)cc(=O)n2-c2ccccc2)CC1=O,0.6212
Cc1cc(-c2cn(CCN3CCC3)c(C3CCN(c4ncnc(N)c4Cl)CC3)n2)ccc1Cl,0.7536
Cc1c(-c2nn(C)c3cc(C(=O)NC4CNCCC4c4cccc(F)c4)ccc23)cnn1C,0.6026
CS(=O)(=O)c1ccc(-c2cn(CC(F)F)c(C3CCN(c4ncnc(N)c4Br)CC3)n2)cc1F,0.6234
Cc1ccc(NC(=O)Cc2nc(N3CCOCC3)cc(=O)n2C)cc1-c1cnc(F)c(F)c1,0.6714
Nc1cc(N2CCC(c3nc(-c4ccc(F)c(C(F)(F)F)c4)cn3CC(=O)NCCN3CCNCC3)CC2)ncn1,0.6829
NC(=O)c1c(N)ncnc1N1CCC(c2nc(-c3ccc(F)c(F)c3)cn2CCNCCF)CC1,0.7564
O=C(NC(c1ccc(Cl)nc1)C1CCCCC1)c1ccc2cnccc2c1,0.6349
O=C(Cc1nc(N2CCOCC2)c(F)c(OCC(F)F)c1F)N1CCc2c(F)cccc21,0.6143
Cn1ncc(Br)c1C(=O)NC1CCNCC1c1ccc(F)c(F)c1,0.6567
CNC(=O)C(Cc1ccc(F)cc1)NC(=O)C1(N)CCN(c2ncnc3[nH]cc(C)c23)CC1,0.6056
O=C(N1CCN(c2ncnc3cccc(Br)c23)CC1)C1(c2cccc(Br)c2)CC1,0.6462
Cc1cc(-c2cn(CC3CCNC3)c(C3CCN(c4ncnc(N)c4Cl)CC3)n2)cn1C,0.6049
NC(=O)c1ccc2nc(-c3ccc(C4(N)CCC4)cc3F)c(-c3ccccc3)n2n1,0.7458
CCn1cc(-c2cncc(Cl)c2)nc1C1CCN(c2ncnc(N)c2C(=O)NC)CC1,0.6076
O=C(NCC(Cc1ccc(Cl)cc1)C(=O)N1CCN(c2ncnc3ccc(F)cc23)CC1)N1CCCC1,0.6197
CC(C)n1cc(-c2cc(C(F)(F)F)n(C)c2)nc1C1CCN(c2ncnc(N)c2Br)CC1,0.6027
O=C(N1CCN(c2ncnc3[nH]cc(Cl)c23)CC1)C1(c2ccc(F)cc2)CC1,0.7627
Cc1c(C(=O)NC2CNCCC2c2ccc(F)c(F)c2)ccc2nn(C)cc12,0.6232
NC(COc1cncc(-c2cc3cn[nH]c3cn2)c1)Cc1cccc(F)c1F,0.7188
NC(COc1cncc(-c2ccc3cn[nH]c3c2)c1)Cc1c(F)cccc1F,0.6774
Cn1sc2cc(-c3cncc(OCC(N)Cc4ccc(F)c(F)c4F)c3)ccc21,0.6119
Cn1ncc(Cl)c1-c1cc(C(=O)NC2(c3ccc(Cl)cc3)CC2)oc1Cl,0.75
CC1CN(C)C(=O)CN1c1nc(N2CCOCC2C)c2ccc(-c3cccc(C(N)=O)c3)nc2n1,0.6197
Cc1ccc(Cl)cc1CNC(=O)C1(N)CCN(c2ncnc3[nH]ccc23)C1,0.6769
Cc1c[nH]c2ncnc(N3CCC(CNC(=O)c4ccc(F)cc4F)C3)c12,0.6528
Cc1c(N)ncnc1N1CCC(c2nc(-c3ccc(S(C)(=O)=O)cc3)cn2CCN2CCCC2)CC1,0.68
O=C(NC(c1ccc(Cl)c(F)c1)C1CCNC1)c1ccc2ncccc2c1,0.6377
O=C(NC1CNCCC1c1ccc(F)c(F)c1)c1cc(Cl)c(O)c(Cl)c1,0.625
O=C(Cc1nc(N2CCOCC2)cc(=O)[nH]1)Nc1cnn(Cc2ccccc2)c1,0.6515
NC(=O)c1oc2ccc(-c3cncc(OCC(N)Cc4ccc(Cl)c(F)c4)c3)cc2c1N,0.6
CC1(C=O)C(=O)Nc2ccc(-c3cncc(OCC(N)Cc4cccc(Cl)c4)c3)cc21,0.6027
Cc1cc(-c2cn(CCN(C)C)c(C3CCN(c4ncnc(N)c4Cl)CC3)n2)ccc1F,0.8143
NC(=O)c1ccnc2c(NC(CN3CC(F)C3)c3ccc(F)cc3)ncnc12,0.7164
CNC(=O)c1cc(-c2cc[nH]n2)c2nc(-c3ccc(C4(N)CCC4)cc3)c(-c3ccccc3)n2n1,1
CNC(=O)c1ccc(-c2cn(CCN3CCC3)c(C3CCN(c4ncnc(N)c4Cl)CC3)n2)cc1F,0.7467
O=C(Cc1nc(N2CCCC2)cc(=O)[nH]1)N1CCCc2cc(F)ccc21,0.7627
CCCn1c(-c2nonc2N)nc2c(C#CC(C)(C)O)nc(OCC(F)(F)F)cc21,0.7059
O=C(Cc1nc(N2CCOC3CCCCC32)cc(=O)[nH]1)N1CCc2c(F)cccc21,0.9672
CC1(C)C(=O)Nc2ncnc(N3CCN(C(=O)C(N)Cc4ccc(F)cc4)CC3)c21,0.6119
Cc1ccc2ncnc(N3CCN(C(=O)c4ccc(Cl)cn4)CC3)c2c1,0.6032
COc1ccc(NC(=O)Cc2nc(N3CCOC(C)C3)cc(=O)[nH]2)cn1,0.7576
Cn1c(CC(=O)Nc2ccc(Cl)cc2)nc(N2CCOCC2)cc1=O,0.7458
Nc1ncnc(N2CCC(c3nc(-c4ccc(F)c(C(F)(F)F)c4)cn3CC(=O)NCc3ccco3)CC2)c1Cl,0.6667
CC(C)(C#N)c1cc(-c2cn(CCN3CCCC3)c(C3CCN(c4cc(N)ncn4)CC3)n2)ccc1F,0.7808
N#Cc1c(N)ncnc1N1CCC(c2nc(CCC(F)(F)F)cn2CCN2CCCC2)CC1,0.6866
COc1c(N)ncnc1N1CCC(c2nc(-c3cccc(C(N)=O)c3)cn2CCN2CCC2)CC1,0.6962
NC(=O)CC(Cc1ccccc1)NC(=O)c1cc(Br)c(-c2ccnc3[nH]ccc23)s1,0.8387
NC1(C(=O)NC(CO)Cc2ccccc2)CCN(c2ncnc3[nH]cc(Cl)c23)CC1,0.6338
Cc1c(F)cc(NC(=O)Cc2nc(N3CCOCC3)cc(=O)n2C)cc1F,0.7333
CC(Cc1ccc(F)cc1)NC(=O)Cc1nc(N2CCOCC2)cc(=O)[nH]1,0.6364
O=C(Cc1nc(N2CCOCC2)cc(=O)[nH]1)Nc1cc(C(F)(F)F)ccc1N1CCCC1,0.6522
Nc1ncnc(N2CCN(C(=O)C(Cc3ccc(Cl)cc3)CC3CCCC3)CC2)c1Cl,0.6949
CC(C)C(NC(=O)C1(N)CCN(c2ncnc3[nH]ccc23)CC1)c1ccc(F)cc1,0.8305
Cn1ccc(-c2ccc(C(=O)NC3CNCCC3c3cccc(F)c3)nc2)c1,0.7206
CC1Cc2cc(F)cnc2N1C(=O)Cc1nc(N2CCOCC2)cc(=O)n1C,0.7424
CNC(=O)C(Cc1ccc(Br)cc1)NC(=O)c1cc(Br)c(-c2ccnc3[nH]ccc23)s1,0.662
Cn1c(CC(=O)Nc2cc(F)cc(C3CC3)c2)nc(N2CCOCC2)cc1=O,0.7121
Cn1c(CC(=O)N2CCc3cc(F)ccc32)nc(N2CCOCC2)cc1=O,0.7966
NC1(CNC(=O)c2ccccc2Br)CCN(c2ncnc3[nH]cc(Cl)c23)C1,0.7231
NC(=O)c1cnc(-c2ccc(C(=O)NC3CNCCC3c3cccc(F)c3)nc2)s1,0.6301
NC(=O)c1cn2c(-c3ccccc3)c(-c3ccc(C4(N)CCC4)cc3)nc2s1,0.6552
Cn1ncc(Cl)c1-c1cc(C(=O)NC(CN)Cc2cccc(F)c2)cc(C(F)F)c1,0.6528
O=C(NC1CNCCC1c1ccc(F)c(F)c1)c1ccc2nccnc2c1,0.6308
NC(Cc1ccc(F)c(F)c1)C(=O)N1CCN(c2ncnc3[nH]cc(C4CCC4)c23)CC1,0.7463
NC1(c2ccc(-c3nc4c(Br)nccn4c3-c3ccncc3)cc2)CCC1,0.6296
NC(=O)Cn1cc(-c2ccc(C(F)(F)F)c(F)c2)nc1C1CCN(c2ncnc(N)c2Br)CC1,0.6667
Cc1ccnc(F)c1C(=O)NC1CNCCC1c1ccc(F)c(F)c1,0.625
NCc1cn(-c2ccc(NC(=O)Cc3nc(N4CCOCC4)cc(=O)[nH]3)cc2F)cn1,0.6912
NC(COc1cncc(-c2ccc3c(c2)C(=O)C(=O)N3)c1)Cc1cccnc1,0.6567
CNC(=O)c1c(N)ncnc1N1CCC(c2nc(-c3cccc(F)c3)cn2CCN2CCCC2)CC1,0.7368
Cc1ccc2c(N3CCN(C(=O)C(N)Cc4ccc(F)c(F)c4)CC3)ncnc2c1,0.7833
Nc1ncnc(N2CCC(c3nc(-c4ccc(F)cc4)cn3CCN3CCCC3)CC2)c1Br,1
O=C(Cc1nc(N2CCOCC2)cc(=O)n1-c1ccccc1)N1CCc2ccccc21,1
CC(C)NCC(Cc1ccc(F)c(F)c1)C(=O)N1CCN(c2ncnc3c2CCCC3)CC1,0.7183
NC1(C(=O)NCc2cccc(C(F)(F)F)c2Cl)CCN(c2ncnc3[nH]ccc23)CC1,0.6667
C=Cc1c(N)ncnc1N1CCC(c2nc(C(F)(F)F)cn2CCN2CCC2)CC1,0.6986
NC(=O)c1cc2nc(-c3ccc(C4(N)CCC4)cc3)c(-c3ccccc3)n2cc1Br,0.6949
N#Cc1cc(Cl)cc(-c2cn(CCN3CCC3)c(C3CCN(c4ncnc(N)c4C(F)(F)F)CC3)n2)c1,0.6386
NC1(c2ccc(-c3nc4n(c3-c3ccsc3)CCCO4)cc2)CCC1,0.6066
NC(=O)c1c(N)ncnc1N1CCC(c2nc(-c3ccnc(F)c3)cn2CC2CCNCC2)CC1,0.6707
O=C(NC1CNCCC1c1cccc(F)c1)c1ccc(-c2cscn2)s1,0.6667
COc1cc(-c2cc(C(=O)NC3CNCCC3c3ccccc3)oc2Cl)n(C)n1,0.6761
CC(=O)NCC(Cc1ccc(F)c(F)c1)C(=O)N1CCN(c2ncnc3c2C(C)SC3)CC1,0.8286
Nc1cc(N2CCC(c3nc(-c4ccc(F)c(F)c4)cn3CC(=O)N3CCC(N)C3)CC2)ncn1,0.6486
NC(COc1cncc(-c2ccc3nc[nH]c(=O)c3c2)c1)Cc1ccc(C(F)(F)F)cc1,0.6471
N#CCn1cc(C2CCCC2)nc1C1CCN(c2ncnc(N)c2C#N)CC1,0.7966
Nc1ncnc(N2CCC(c3nc(-c4ccc(Cl)c(Cl)c4)cn3CCN3CCC3)CC2)c1Br,0.8358
NC1(c2ccc(-c3nc4n(c3-c3ccccc3)COc3cnccc3-4)cc2)CCC1,1
O=C(Cc1nc(N2CCOC3CCCC32)cc(F)c1Cl)N1CCc2c(F)cccc21,0.7143
O=C(Cc1nc(N2CCOCC2)cc(=O)[nH]1)Nc1ccc(S(=O)(=O)Nc2ccc(Cl)cc2)cc1,0.6769
CC(C)NCC(Cc1ccc(F)c(F)c1)C(=O)N1CCN(c2ncnc3ccccc23)CC1,0.7344
Cn1c(CC(=O)NC2CC2c2cc(F)ccc2F)nc(N2CCOCC2)cc1=O,0.6429
NC(=O)c1c(N)ncnc1N1CCC(c2nc(-c3ccc(F)c(C(F)(F)F)c3)cn2CCNCC2CC2)CC1,1
Cn1nc(-c2ccc(C(=O)NC3CNCCC3c3cccc(F)c3)s2)c2c(Cl)cccc21,0.7067
O=C(Cc1ccc(F)c(F)c1)NC(Cc1ccc(Cl)cc1)C(=O)N1CCN(c2ncnc3ccccc23)CC1,0.6618
NC(=O)C(=O)NCc1ccc(-c2nnc3n2-c2cccnc2Nc2ccccc2-3)cc1,0.6154
CC(CCNC(N)=O)NC(=O)c1cc(Br)c(-c2ccnc3[nH]ccc23)s1,0.6232
Cc1n[nH]c2ccc(-c3nnc(NCC(c4cccc(F)c4)N4CCOCC4)s3)cc12,0.6081
O=C(CCCc1ccccc1)NC(Cc1ccc(Cl)cc1)C(=O)N1CCN(c2ncnc3ccccc23)CC1,0.6418
CCn1cc(-c2ccc(F)c(C)c2)nc1C1CCN(c2ncnc(N)c2C(=O)NC2CC2)CC1,0.7179
CCNCCn1cc(-c2ccc(F)c(C)c2)nc1C1CCN(c2cc(N)ncn2)CC1,0.6528
Cn1nc(-c2ccc(C(=O)NC3CNCCC3c3cc(F)cc(F)c3)cc2F)s1,0.7077
NC(=O)CCC(NC(=O)c1ccc(C(F)(F)F)cc1)C(=O)N1CCN(c2ncnc3ccccc23)CC1,0.6176
NC(Cc1ccc(Cl)cc1)C(=O)N1CCN(c2ncnc3ccc(NC(=O)c4cccs4)cc23)CC1,0.7391
NC(COc1cncc(-c2ccc3c(c2)c2ccccc2n3O)c1)Cc1ccc(Cl)c(Cl)c1,0.6269
NC(=O)c1c(N)ncnc1N1CCC(c2nc(-c3ccc(Cl)c(F)c3)cn2CCN2CCCC2)CC1,0.8873
Cc1cc(F)c(-n2cnc(C3CC3)c2)cc1C(=O)Nc1csc(-c2nncn2C2CC2)n1,0.6543
Cc1n[nH]c2cnc(-c3cncc(OCC(N)Cc4ccc(Cl)nc4)c3)cc12,0.7705
NC1(C(=O)NCc2cc(F)ccc2F)CCN(c2ncnc3[nH]ccc23)C1,0.6212
Cc1n[nH]c2ccc(-c3cncc(OCC(N)Cc4ccc(F)c(F)c4)c3)cc12,0.8793
CC(C)Cc1nn(C)c(-c2ccc(C(=O)NC3CNCCC3c3cccc(F)c3)nc2)c1N,0.641
Cn1c(CC(=O)NC2Cc3ccc(F)c(Br)c3C2)nc(N2CCOCC2)cc1=O,0.6286
Cc1ccc(C(=O)NC2CNCCC2c2ccc(F)cc2)cc1-c1ccnn1C,0.7121
N#Cc1c(N)ncnc1N1CCC(c2cncc(C3CCCC3)n2)CC1,0.6066
CNC(=O)c1c(N)ncnc1N1CCC(c2nc(-c3ccc(F)cc3)cn2CCN2CCCC2)CC1,0.7222
CC(NC(=O)NCC1CCN(c2ncnc3[nH]ccc23)C1)c1ccc(F)cc1,0.6087
NC1(c2ccc(-c3nc4c(Cl)cc(-c5n[nH]c(=O)o5)cn4c3-c3ccccc3)cc2)CCC1,0.6667
Cn1nnc(-c2ccc(C(=O)NC3CNCCC3c3cccc(F)c3)cc2)n1,0.6667
Cc1n[nH]c2cnc(-c3cncc(OCC(N)Cc4cccc(F)c4)c3)cc12,1
Cc1cc(CC(N)COc2cncc(-c3ccc4[nH]nc(C)c4c3)c2)[nH]c(=N)c1,0.7377
O=C(NC1CCN(c2ncnc3[nH]cc(Cl)c23)C1)C1CCC1,0.6038
Cc1ccc(F)cc1CNC(=O)C1(N)CCN(c2ncnc3[nH]ccc23)CC1,0.6462
O=C(Nc1ccccc1)c1cc(Br)c(-c2ccnc3[nH]ccc23)s1,0.6833
N#Cc1ccc(-c2ccc(C(=O)NC3CNCCC3c3cccc(F)c3)nc2)o1,0.6438
NC(Cc1ccc(F)cc1F)C(=O)N1CCN(c2ncnc3ccc(Cl)cc23)CC1,0.6769
NC1(c2ccc(-c3nc4ccc(N5CCOCC5)cn4c3-c3ccccc3)cc2)CCC1,0.6667
Nc1ncnc(N2CCC(c3nc(-c4ccc(F)c(C(F)(F)F)c4)cn3CCNCC3CC3)CC2)c1C(F)(F)F,0.8182
COc1cccc(-c2cn(CCN3CCC3)c(C3CCN(c4cc(N)ncn4)CC3)n2)c1F,0.6351
CC(C)(C)NC(=O)C1(N)CCN(c2ncnc3[nH]ccc23)CC1,0.6379
Cc1ccc(NC(=O)Cc2nc(N3CCOCC3)cc(=O)n2C2CC2)cc1F,0.6522
NC(=O)c1cc(Br)c2nc(-c3ccc(C4(N)CC4)cc3)c(-c3ccccc3)n2c1,0.9245
NC1(C(=O)NC(C(=O)NCc2cccc(Cl)c2F)c2ccccc2)CCN(c2ncnc3[nH]ccc23)CC1,0.6104
Cc1ccc2ncnc(N3CCN(C(=O)Cc4ccc(Cl)c(Cl)c4)CC3)c2c1,0.6094
Cn1ncc(Br)c1-c1nc(C(=O)NC2CNCCC2c2cccc(F)c2)c(F)cc1F,0.6892
NC(=O)c1cc(-c2cn(CCN3CCC3)c(C3CCN(c4ncnc(N)c4Cl)CC3)n2)ccc1F,0.8133
O=C(NC1CNCCC1c1ccc(F)c(F)c1)c1c(F)ccc(F)c1Cl,0.619
O=C(Cc1nc(=O)cc(N2CCOCC2)[nH]1)N1CCc2c1ccc(F)c2F,0.7377
Cn1c(CC(=O)NCc2ncccc2F)nc(N2CCOCC2)cc1=O,0.6418
Cc1ccc2ncnc(N3CCN(C(=O)C(N)Cc4ccc(Cl)cc4Cl)CC3)c2c1,0.7869
Cn1c(CC(=O)NCc2c(F)cccc2Cl)nc(N2CCOCC2)cc1=O,0.6087
Cn1cc(-c2csc(C(=O)NC3CNCCC3c3cccc(F)c3)c2)nc1C(F)(F)F,0.68
CCOc1cc(C(=O)NC(c2cccc(Cl)c2)C2CCNCC2)ccn1,0.6119
O=C(NC(c1ccc(Cl)c(F)c1)C1CCNCC1)c1nc(Cl)ccc1Cl,0.6349
CC1SCc2ncnc(N3CCN(C(=O)Cc4ccc(Cl)cc4)CC3)c21,0.7213
Cn1ncc(C(=O)NC2CNCCC2c2cc(F)cc(F)c2)c1-c1cccc(Cl)c1,0.6164
O=C(Cc1ccc(Cl)c(F)c1)N1CCN(c2ncnc3[nH]cc(Cl)c23)CC1,0.629
Cc1cc2c(cc1F)CCC2NC(=O)Cc1nc(N2CCOCC2)cc(=O)n1C,0.6111
Nc1ncnc(N2CCC(c3nc(-c4ccc(OCCCF)c(F)c4)cn3CCN3CCC3)CC2)c1Cl,0.7671
Cc1nc2cc(-c3cncc(OCC(N)Cc4c(F)cc(F)cc4F)c3)ccc2n1C,0.6119
COc1ncc(-c2cc3c(C)nc(N)nc3n(C3CCC(O)CC3)c2=O)cn1,0.7869
CN(C)CCn1cc(-c2ccc(F)c(Cl)c2)nc1C1CCN(c2ncnc(N)c2C(N)=O)CC1,0.8493
Cn1c(-c2ccc(C(=O)NC3CNCCC3c3cccc(F)c3)s2)nc2ccccc21,0.6986
NC(COc1cncc(-c2ccc3cnccc3c2)c1)Cc1cc(F)cc(F)c1,0.6032
NC(=O)c1c(N)ncnc1N1CCC(c2nc(Cl)cn2CCN2CCC2)CC1,0.7042
NCC(Cc1cccc(Br)c1)C(=O)N1CCN(c2ncnc3ccccc23)CC1,0.6349
Cc1cc(C)cc(-c2cn(CCNCCO)c(C3CCN(c4ncnc(N)c4Br)CC3)n2)c1,0.6049
Nc1ncnc(N2CCC(c3nc(-c4cc(Cl)c(O)cc4F)cn3CCN3CCC3)CC2)c1Br,0.7067
Nc1ncnc(N2CCC(c3nc(-c4ccc(F)c(F)c4)cn3CCN3CCCC3)CC2)c1C(F)(F)F,0.7941
NC(COc1cncc(-c2ccc3[nH]ncc3c2)c1)Cc1cccc(F)c1F,0.7143
CNC(=O)c1cnn(C)c1-c1ccnc(C(=O)NC2CNCCC2c2cccc(F)c2)c1,0.64
Cn1c(CC(=O)Nc2ccc(F)c(Cl)c2)nc(N2CCOC3(CCCC3)C2)cc1=O,0.6027
N#Cc1ccc(-c2cn(CCN3CCC3)c(C3CCN(c4ncnc(N)c4C4CC4)CC3)n2)cc1F,0.7639
NC(=O)c1ccc(-c2cn(CC3CNC3)c(C3CCN(c4cc(N)ncn4)CC3)n2)cc1F,0.6071
CCn1cc(-c2cccc(C(F)(F)F)c2)nc1C1CCN(c2ncnc(N)c2Cl)CC1,0.6892
NCC(C(=O)N1CCN(c2ncnc(N)c2Cl)CC1)c1ccc(Cl)cc1,0.6852
NC(Cc1ccc(Cl)cc1)C(=O)N1CCN(c2ncnc3ccc(NC(=O)Nc4ccccc4)cc23)CC1,0.7846
Cc1nc(C)c(-c2cc(C(=O)NC3CNCCC3c3ccccc3)oc2Cl)s1,0.6429
O=C(Nc1csc(-c2nncn2C2CCOCC2)n1)c1cc(-n2cnc(C3CC3)c2)c(F)cc1Cl,0.6292
CCOc1cncc(-c2cncc(OCC(N)Cc3ccc(F)c(C)c3)c2)c1,0.6949
Cn1c(CC(=O)NCc2c(Cl)ccc(Cl)c2F)nc(N2CCOCC2)cc1=O,0.6029
O=C(Cc1nc(N2CCOCC2)cc(=O)[nH]1)Nc1ccc(CCNCc2ccc(F)cc2)cc1,0.6719
O=C(NC(c1ccc(Cl)c(Cl)c1)C1CCNC1)c1ccc(Cl)cn1,0.619
N#Cc1cc(-c2cn(CCN3CCC3)c(C3CCN(c4cc(N)ncn4)CC3F)n2)ccc1F,0.6548
CCn1cc(-c2ccc(F)c(Cl)c2)nc1C1CCN(c2ncnc(N)c2C(N)=O)CC1,0.8056
O=C(Cc1nc(N2CCOCC2)cc(=O)[nH]1)Nc1cccc(C(=O)NCc2ccco2)c1,0.6522
CC(C)c1ncc(-c2cn(CCN)c(C3CCN(c4ncnc(N)c4C(N)=O)CC3)n2)cc1F,0.6795
Nc1ncnc(N2CCC(c3nc(-c4ccnc(C5CC5)c4)cn3CCN3CCC3)C(F)C2)c1Cl,0.7342
Nc1ncnc(N2CCC(c3nc(-c4ccc(F)cc4)cn3CCN3CCC3)CC2)c1Cl,0.9655
Cn1cc(-c2cc(=O)n(C)cc2-c2ccc(C(=O)NC3CNCCC3c3ccc(F)c(F)c3)cc2)cn1,0.6301
Nc1ncnc(N2CCC(c3nc(-c4ccc([N+](=O)[O-])c(F)c4)cn3CCN3CCC3)CC2)c1Cl,0.7778
CNC(=O)c1cc(-c2ccnn2C)c2nc(-c3ccc(C4(N)CCC4)cc3)c(-c3ccccc3)n2n1,0.7297
O=C(NC1CNCCC1c1ccc(F)cc1)c1cc2c(s1)OCCn1nccc1-2,0.8769
CC(C)CC(NC(=O)c1cc(Br)c(-c2ccnc3[nH]ccc23)s1)C(N)=O,0.6364
CC(C)n1cc(C(=O)NC2CNCCC2c2ccc(F)c(F)c2)cn1,0.6364
Cc1c(N)ncnc1N1CCC(c2nc(-c3cc(F)cc(Cl)c3)cn2CCN2CCCC2)CC1,0.7162
COc1c(N)ncnc1N1CCC(c2nc(-c3ccc(C#N)c(Cl)c3)cn2CCN2CCCC2)CC1,0.725
Cc1nc(N)nc2c1nc(-c1ccc(C(F)(F)F)cn1)c(=O)n2C1CCC(O)CC1,0.6406
CCOc1nccn2c(-c3ccccc3)c(-c3ccc(C4(N)CC4)cc3)nc12,0.6032
CCn1cc(-c2cc(F)c(F)c(F)c2)nc1C1CCN(c2ncnc(N)c2C(N)=O)CC1,0.6712
O=C(NC(C(=O)O)c1ccc(F)cc1)c1cc(Br)c(-c2ccnc3[nH]ccc23)s1,0.6866
Cc1n[nH]c(C)c1-c1ccc2c(c1)CCN2C(=O)Cc1nc(N2CCOCC2)cc(=O)n1C,0.6667
O=C(NC(c1ccc(Cl)c(F)c1)C1CCNCC1)c1ncc(F)cn1,0.6452
NC(=O)Cn1cc(-c2ccc(F)c(C(F)(F)F)c2)nc1C1CCN(c2ncnc(N)c2Cl)CC1,0.7568
O=C(NC1CNCCC1c1ccc(F)cc1)c1cc(F)c(Cl)cc1F,0.629
N#Cc1cnn(-c2nccc(N3CCC(c4nc(-c5ccc(F)c(F)c5)cn4CCN4CCCC4)CC3)n2)c1,0.6026
CC1(C)C(=O)Nc2ccc(-c3cncc(OCC(N)Cc4ccc5c(c4)OCO5)c3)cc21,0.6528
COc1ccnnc1N1CCC(c2nc(-c3ccc(F)c(C#N)c3)cn2CCN2CCCC2)CC1,0.619
O=C(Cc1nc(=O)cc(N2CCOCC2)[nH]1)Nc1cc(F)ccc1F,0.619
CNC(=O)C1CCN(c2cnc(C(=O)Nc3csc(-c4nncn4C4CC4)n3)cc2C2CCC2)CC1,0.7625
O=C(Cc1nc(N2CCOCC2)cc(=O)[nH]1)Nc1cccc(C(=O)NCc2ccc(F)cc2)c1,0.6522
Cc1ccc(-n2c(CC(=O)Nc3ccc(F)c(C4CC4)c3)nc(N3CCOCC3)cc2=O)cc1,0.7647
CC(=O)c1c(N)ncnc1N1CCC(c2nc(C3CCCCC3)cn2CCN2CCCC2)CC1,0.6716
O=C(Cc1ccccc1)N1CCN(c2ncnc3[nH]cc(Br)c23)CC1,0.8113
Nc1ncnc(N2CCC(c3nc(-c4cccc(C(F)(F)F)c4)cn3CCN3CCCC3)CC2)c1F,0.8169
NC1(C(=O)NC(C(=O)NCc2ccc(F)cc2)c2ccccc2Cl)CCN(c2ncnc3[nH]ccc23)CC1,0.625
O=C(Cc1ccc(Cl)c(Cl)c1)N1CCN(c2ncnc3[nH]cc(Cl)c23)CC1,0.661
CNCC(Nc1ncnc2c(C(N)=O)ccnc12)c1cc(F)cc(F)c1,0.7544
Cn1cc(-c2c(N)ncnc2N2CCC(c3nc(-c4ccc(Cl)c(C#N)c4)cn3CC3CNC3)CC2)cn1,0.6023
CN(C)CCn1cc(CCC(F)(F)F)nc1C1CCN(c2ncnc(N)c2Br)CC1,0.64
Cn1ncc(Cl)c1C(=O)NC1CNCCC1c1ccc(F)c(F)c1,0.746
Cn1c(CC(=O)Nc2cc(C3CC3)cc(C(F)(F)F)c2)nc(N2CCOCC2)cc1=O,0.6571
NC1(C(=O)NC(CC2CCCCC2)c2ccc(F)c(F)c2)CCN(c2ncnc3[nH]ccc23)CC1,0.6351
Cc1nc2cc(-c3cncc(OCC(N)Cc4ccc(Cl)cc4)c3)ccc2n1C,0.6061
Cc1cc(F)ccc1NC(=O)Cc1nc(N2CCOCC2)cc(=O)n1C1CCCC1,0.6232
Nc1ncnc(N2CCC(c3nc(-c4cc(O)cc(F)c4)cn3CCN3CCC3)CC2)c1Br,0.7571
CNC(=O)NCc1cc(-c2cncc(OCC(N)Cc3c[nH]c4ccccc34)c2)ccc1F,0.6267
O=C(NCc1cc(Cl)cc(Cl)c1)C1(F)CCN(c2ncnc3[nH]ccc23)C1,0.6406
CC(C)C(NC(=O)C1(N)CCN(c2ncnc3[nH]ccc23)CC1)c1cccc(F)c1,0.697
COc1cc(-c2noc(C3CCN(c4ncnc(N)c4C#N)CC3)n2)ccc1F,0.6125
Cn1nc(C(F)(F)F)cc1-c1cc(C(=O)NC2CNCCC2c2cccc(F)c2)oc1Cl,0.6375
CC1Cc2ccccc2N1C(=O)Cc1nc(N2CCOCC2)c(Cc2ccccc2F)n1C,0.6429
CCc1c(N)ncnc1N1CCC(c2nc(C(F)(F)F)cn2CC)CC1,0.6056
Cn1ncc(Cl)c1-c1cc(C(=O)NC2CCCNC2)oc1Cl,0.6667
CC1SCc2ncnc(N3CCN(C(=O)C(Cc4ccc(Cl)cc4)NC(=O)c4ccccn4)CC3)c21,0.6901
CCn1nnc(-c2ccc(NC(=O)Cc3nc(N4CCOCC4)cc(=O)[nH]3)cc2)n1,0.6269
NC1(C(=O)NC(CN2CCCC2)c2ccc(F)c(Cl)c2)CCN(c2ncnc3[nH]ccc23)CC1,0.7123
O=C(Cc1nc(N2CCOCC2)cc(=O)[nH]1)NC1CCc2cc(F)c(F)cc2C1,0.6154
NC1(c2ccc(-c3nc4ccc([N+](=O)[O-])cn4c3-c3ccccc3)cc2)CCC1,0.6909
O=C(N1CCN(c2ncnc3cc(C(F)(F)F)ccc23)CC1)C1(c2ccc(Cl)c(Cl)c2)CCNCC1,0.6197
CC(NC(=O)c1cc(-c2c(Cl)cnn2C)c(Cl)o1)c1ccc(F)cn1,0.6087
NC(=O)CNC(=O)C1(N)CCN(c2ncnc3[nH]cc(Cl)c23)CC1,0.619
Cc1cc(N2CCC(c3nc(-c4ccc(Cl)cc4)cn3CCN3CCC3)CC2)ncn1,0.6232
O=C(Cc1nc(N2CCOCC2)cc(=O)[nH]1)N1CCc2cc(S(=O)(=O)N3CCCC3)ccc21,0.7121
O=C(NCCc1nc(N2CCOCC2)cc(=O)[nH]1)Nc1ccc(F)cc1F,0.7377
Cc1cc(Cl)ncc1C(=O)NC(c1ccc(Cl)c(F)c1)C1CCNCC1,0.6119
CNC(=O)Cn1cc(-c2ccc(F)c(F)c2)nc1C1CCN(c2ncnc(N)c2Cl)CC1,0.6986
O=C(Cc1nc(=O)c(F)c(N2CCOCC2)[nH]1)Nc1ccc(F)c(F)c1,0.7119
O=C(NC1CNCCC1c1ccc(F)c(F)c1)c1ccc2c(c1)COC2,0.625
CC1COCCN1c1nc(N2CCOCC2)nc2nc(-c3cccc(C(=O)NCCN)c3)ccc12,0.6111
COc1cc(F)c(-c2cn(CCN3CCC3)c(C3CCN(c4cc(N)ncn4)CC3)n2)c(F)c1,0.6714
O=C(CCCc1nc(N2CCOCC2)cc(=O)[nH]1)Nc1ccc(F)cc1F,0.7966
NC(COc1cncc(-c2ccc3c(c2)C(=O)C(=O)N3)c1)Cc1c[nH]c2ccccc12,1
Cn1c(CC(=O)N2CCc3c(F)cccc32)nc(N2CCOCC2)c1OCc1cccc(F)c1,0.6216
NC1(C(=O)NCc2ccc(F)cc2)CCN(c2ncnc3[nH]cc(Cl)c23)C1,0.6567
CC1COCCN1c1nc(N2CCOCC2C)c2ccc(-c3cccc(C(=O)NCCN)c3)nc2n1,0.6716
Cn1nc(Br)cc1C(=O)NC1CNCCC1c1ccc(F)c(F)c1,0.6269
O=C(Cc1nc(N2CCOCC2)cc(=O)n1Cc1ccc(F)cc1)N1CCc2c1ccc(F)c2Cl,0.625
Cc1c(-c2cc(Cl)ccc2C(=O)NC2CNCCC2c2cc(F)cc(F)c2)cnn1C,0.6111
N#Cc1n[nH]c2ccc(-c3cncc(OCC(N)Cc4cc(Cl)ccc4F)c3)cc12,0.6301
O=C(NC(c1ccc(Cl)c(Cl)c1)C1CCNC1)c1ccno1,0.619
Nc1ncnc(N2CCC(c3nc(-c4ccc(F)cc4)cn3CCN3CCC3)C(F)C2)c1Br,0.75
CC1SCc2ncnc(N3CCN(C(=O)C(CC(=O)NCc4ccc(F)c(F)c4)c4ccc(F)cc4)CC3)c21,0.6579
Nc1cc(N2CCC(c3nc(-c4ccc(O)c(Cl)c4)cn3CCN3CCC3)CC2)ncn1,0.7206
NC(=O)C(NC(=O)C1(N)CCN(c2ncnc3[nH]cnc23)CC1)c1ccc(Cl)cc1,0.7541
Cn1ncc(Br)c1-c1cc(C(=O)NC2CNCCC2c2cccc(F)c2F)oc1Cl,0.641
Nc1ncnc(N2CCC(c3n[nH]c(-c4ccc(F)c(C(F)(F)F)c4)n3)CC2)c1Br,0.6429
Nc1ncnc(N2CCC(c3nc(-c4ccc(C(F)(F)F)nc4)cn3CCN3CCCC3)CC2)c1Cl,0.7647
Cc1cc(-c2cn(CCN(C)C)c(C3CCN(c4ncnc(N)c4Br)CC3)n2)ccc1F,0.8169
Cn1ncc(Cl)c1C(=O)NC1CNCCC1c1cccc(F)c1,0.75
CON=Cc1c(N)ncnc1N1CCC(c2nc(-c3ccnc(F)c3)cn2CCN2CCCC2)CC1,0.6835
CC1SCc2ncnc(N3CCN(C(=O)C(Cc4ccc(Cl)cc4)NC(=O)c4ccncc4)CC3)c21,0.7101
O=C(NC(c1ccc(Cl)c(F)c1)C1CCNCC1)c1ccc(=O)[nH]c1,0.6406
Cn1c(CC(=O)NCCNC(=O)c2cc(F)ccc2F)nc(N2CCOCC2)cc1=O,0.6324
O=C(NC(c1ccc(Cl)c(F)c1)C1CCNCC1)c1cc(F)cnc1Cl,0.6154
O=C(Cc1nc(N2CCOCC2)cc(=O)[nH]1)Nc1cnc(F)c(-c2ccccn2)c1,0.6286
NC(=O)NCCCn1cc(-c2ccc(F)c(F)c2)nc1C1CCN(c2cc(N)ncn2)CC1,0.7042
Cc1cc(-c2cn(CCCn3ccnc3C)c(C3CCN(c4ncnc(N)c4C)CC3)n2)ccc1F,0.641
O=C(NCc1ccc(Cl)cc1)NCC1CCN(c2ncnc3[nH]ccc23)C1,0.6613
CCCC(NC(=O)c1cc(Br)c(-c2ccnc3[nH]ccc23)s1)C(=O)NC,0.6377
CC(CNC(=O)c1cc(Br)c(-c2ccnc3[nH]ccc23)s1)c1ccc(F)cc1,0.6716
O=C(NC1CNCCC1c1cccc(F)c1)c1ccc(-c2cncn(Cc3ccc(F)cc3)c2=O)cn1,0.6026
O=C(NC(Cc1ccc(Cl)cc1)C(=O)N1CCN(c2ncnc3ccccc23)CC1)c1ccco1,0.6615
O=C(NC(=O)c1cc(Br)c(-c2ccnc3[nH]ccc23)s1)c1ccccn1,0.625
CC(NC(=O)C1(N)CCN(c2ncnc3[nH]ccc23)CC1)c1cnn(C)c1,0.7419
Cn1c(CC(=O)Nc2ccc3nnsc3c2)nc(N2CCOCC2)cc1=O,0.6818
O=C(NC(c1ccc(Cl)c(Cl)c1)C1CCNC1)c1ccc(=O)[nH]c1,0.6349
O=C(Cc1nc(N2CCOCC2)cc(=O)n1-c1ccccc1)Nc1ccc(F)c(C2CCCNC2)c1,0.6282
Cc1ccc(NC(=O)C2CCCN2C(=O)Cc2nc(N3CCOCC3)cc(=O)[nH]2)cc1F,0.6197
CCc1c(N)ncnc1N1CCC(c2nc(-c3ccc(F)cc3)cn2CCN2CCC2)CC1,0.9667
Cc1cccc2c1CCN2C(=O)Cc1nc(N2CCCC2)cn1C,0.619
Cc1cc(C)cc(-c2cn(CCN3CCC3)c(C3CCN(c4ncnc(N)c4Cl)CC3)n2)c1,0.7286
CC1(C)C(=O)Nc2ccc(-c3cncc(OCC(N)Cc4cccc(Cl)c4)c3)cc21,0.6377
NC1(C(=O)NCCC23CC4CC(CC(C4)C2)C3)CCN(c2ncnc3[nH]ccc23)CC1,0.625
CONC(=O)c1ccc2c(c1)nn1cc(-c3ccccc3)c(-c3ccc(C4(N)CCC4)cc3)nc21,0.6765
N#Cc1c(N)ncnc1N1CCC(c2nc(-c3ccc(F)c(C(F)(F)F)c3)cn2CCN2CCC2)CC1,1
O=C(NC(c1ccc(Cl)c(F)c1)C1CCNCC1)c1cccnc1F,0.6061
CN1CCC(c2cncc(NC(=O)Cc3nc(N4CCOCC4)cc(=O)n3C)c2)CC1,0.6197
CCCCNC(=O)C(Cc1ccccc1)NC(=O)c1cc(Br)c(-c2ccnc3[nH]ccc23)s1,0.6806
Cn1c(CC(=O)Nc2ccc(C(N)=O)cc2)nc(N2CCOCC2)cc1=O,0.6935
Cn1c(CC(=O)Nc2cccc([N+](=O)[O-])c2)nc(N2CCOCC2)cc1=O,0.6515
CCc1c(N)ncnc1N1CCC(c2nc(-c3ccc(F)c(C(N)=O)c3)cn2C)CC1,0.7945
O=C(Cc1nc(=O)cc(N2CCOCC2)[nH]1)Nc1ccccc1C(F)(F)F,0.6269
CC(C)NCCn1cc(-c2cncc(F)c2)nc1C1CCN(c2ncnc(N)c2Br)CC1,0.6154
NC(=O)c1ccccc1-c1ccc(C(=O)NC2CNCCC2c2cccc(F)c2)nc1,0.6571
O=C(NC1CNCCC1c1ccc(F)c(F)c1)c1cnc(F)c(Cl)c1,0.6364
COc1cccc(-c2cn(CCN3CCC3)c(C3CCN(c4ncnc(N)c4F)CC3)n2)c1F,0.625
Cn1nc(Cl)c(-c2ccc(C(=O)NC3CNCCC3c3cccc(F)c3)c(Cl)c2)n1,0.6164
O=C(NC(c1cccc(Cl)c1)C1CCNCC1)c1ccnc(Br)c1,0.6613
NC(COc1cncc(-c2ccc3c(c2)CC(=O)N3)c1)Cc1c(F)cc(F)cc1F,0.6429
Cc1nc(C(Cc2ccccc2)NC(=O)C2(N)CCN(c3ncnc4[nH]ccc34)CC2)cs1,0.6892
O=C(Cc1nc(N2CCOCC2)cc(=O)n1-c1ccc(F)c(F)c1)N1CCc2ccccc21,0.8065
Cn1nc(-c2ccc(C(=O)NC3CNCCC3c3cccc(F)c3)cc2)c2sccc21,0.6351
Cc1ccc2c(c1)CCC(C=O)N2C(=O)Cc1nc(N2CCOCC2)cc(=O)n1C,0.6056
Cn1c(CC(=O)N2CCCc3cc(F)ccc32)nc(N2CCOCC2)cc1=O,0.7143
N#Cc1cc(F)cc(-c2cn(CCN3CCC3)c(C3CCN(c4ncnc(N)c4Cl)CC3)n2)c1,0.726
NC(Cc1ccc(Cl)cc1)C(=O)N1CCN(c2ncnc3ccc(NC(=O)c4ccccn4)cc23)CC1,0.7612
Cn1ncc(-c2cc(C(=O)NC3CNCCC3c3ccc(F)c(F)c3)oc2Cl)c1Cl,0.8088
O=C(Cc1nc(N2CCOCC2)cc(=O)[nH]1)Nc1ccc(Cl)c(C(=O)NCc2ccc(F)c(F)c2)c1,0.7206
NCC(C(=O)N1CCN(c2ncnc3ccc(Cl)cc23)CC1)c1ccc(F)cc1,0.629
Cn1ncc(C(=O)NC2CNCCC2c2cccc(F)c2)c1-c1ccccc1,0.7164
Cn1c(CC(=O)N2CC(C)(C)c3cc(F)c(F)cc32)nc(N2CCOCC2)cc1=O,0.75
NC1(c2ccc(-c3nc4cc(Br)ccn4c3-c3ccccc3)cc2)CCC1,0.7647
O=C(Cc1nc(N2CCOCC2)cc(=O)n1C1CC1)N1CCc2cc(F)c(F)cc21,0.7541
NC1(c2ccc(-c3nc4sccn4c3-c3ccccc3)cc2)CCC1,0.6346
CC(NC(=O)C1(N)CCN(c2ncnc3[nH]c4c(c23)CCC4)CC1)c1ccc(F)cc1,0.6471
Cc1ccc2ncnc(N3CCN(C(=O)C4(c5ccc(Cl)cc5)CC4)CC3)c2c1,0.6094
COc1ccc(C(NC(=O)c2ccc3cnccc3c2)C2CCCNC2)cn1,0.7059
CNCC(Nc1ncnc2c(C(N)=O)ccnc12)c1cc(F)ccc1C,0.7414
Cc1ccc(-c2cn(CCN3CCC3)c(C3CCN(c4ncnc(N)c4Cl)CC3)n2)cc1F,0.8358
CCOc1c(F)cc(NC(=O)Cc2nc(N3CCOCC3)cc(=O)n2C)cc1Cl,0.6286
NC1(C(=O)NC(=O)c2cc(Cl)cc(Br)c2)CCN(c2ncnc3[nH]ccc23)CC1,0.6061
CC(C)(CCc1ccc(-c2cncc(OCC(N)Cc3c[nH]c4ccccc34)c2)cc1C(N)=O)C(F)(F)F,0.6
NC(=O)c1cc(F)cc(-c2cn(CCN3CCC3)c(C3CCN(c4cc(N)ncn4)CC3)n2)c1,0.6901
CNCCn1cc(-c2ccnc(C(C)C)c2)nc1C1CCN(c2ncnc(N)c2Cl)CC1,0.8028
CC(NC(=O)C1(N)CCN(c2ncnc3[nH]ccc23)CC1)c1cnn(C)c1Cl,0.7077
Nc1ncnc(N2CCC(c3nc(-c4ccc(F)c(Cl)c4)cn3CC(=O)NCC(F)(F)F)CC2)c1Cl,0.6071
NC(=O)c1ccn2c(-c3cccc(Br)c3)c(-c3ccc(C4(N)CCC4)cc3)nc2c1,0.6176
NC(COc1cncc(-c2ccc3c(c2)OCC(=O)N3)c1)Cc1ccc(Cl)c(F)c1,0.6081
CNCC(Nc1ncnc2c(C(N)=O)ccnc12)c1ccc(F)cc1,0.8077
Cc1c(N)ncnc1N1CCC(c2nc(-c3ccc(C(F)(F)F)nc3)cn2CCN2CCC2)CC1,0.7297
Cc1nc(C(=O)NC2CNCCC2c2cccc(F)c2)cc2nc(-c3c(Br)cnn3C)[nH]c12,0.6375
COc1ncc(-c2cn(CCN3CCCC3)c(C3CCN(c4ncnc(N)c4C(F)(F)F)CC3)n2)cc1Cl,0.6071
Cc1cc(C(=O)NCCN2CCCC2)cn2c(-c3ccccc3)c(-c3ccc(C4(N)CCC4)cc3)nc12,0.7059
Cc1n[nH]c2cnc(-c3cncc(OCC(N)Cc4ccc(Br)c(F)c4F)c3)cc12,0.8361
NC(=O)c1cc2nc(-c3ccc(C4(N)CCC4)cc3)c(-c3ccccc3)n2cc1Cl,0.6949
Cn1cc(-c2ccnc(F)c2)nc1C1CCN(c2ncnc(N)c2Cl)CC1,0.6081
Cc1cc(-n2c(CC(=O)Nc3ccc(F)c(Br)c3)nc(N3CCOCC3)cc2=O)cs1,0.7101
CC1(O)CC(N)(c2ccc(-c3nc4n(c3-c3ccncc3)COc3cc(C#N)ccc3-4)cc2)C1,0.8615
CCn1c(-c2nonc2N)nc2c(C#CC(C)(C)O)nc(C)nc21,0.65
O=C(Cc1nc(N2CCCC2)cc(=O)n1-c1ccc(F)c(Cl)c1)Nc1ccc(F)c(Br)c1,0.6
Cc1sc(C(=O)NC2CNCCC2c2cccc(F)c2)cc1Cl,0.6377
Cc1cc(F)c(C(=O)NC2CC2)cc1NC(=O)Cc1nc(N2CCOCC2)cc(=O)[nH]1,0.6667
Cc1ccc(-c2cnn(C)c2Cl)cc1NC(=O)Cc1nc(N2CCOCC2)cc(=O)[nH]1,0.6111
Cn1c(CC(=O)Nc2cnn(Cc3cc(F)ccc3F)c2)nc(N2CCOCC2)cc1=O,0.6389
NC(COc1cncc(-c2cc3n[nH]nc3cn2)c1)Cc1cccc(Cl)c1Cl,0.6119
CN(C)CCn1ccnc1C1CCN(c2ncnc(N)c2C#N)CC1,0.6027
Cn1ccc(-c2ccc(C(=O)NC3CNCCC3c3ccc(F)cc3)c(Cl)c2)n1,0.6286
Cc1n[nH]c2cnc(-c3cncc(OCC(N)Cc4ccc(F)cc4Cl)c3)cc12,0.8525
CCC(CC)NC(=O)c1cc(-c2c(Cl)cnn2C)c(Cl)s1,0.6452
CC(=O)c1ccc(-c2cn(CCN3CCC3)c(C3CCN(c4ncnc(N)c4Cl)CC3)n2)cc1F,0.7778
CCCCC(NC(=O)c1cc(Br)c(-c2ccnc3[nH]ccc23)s1)C(=O)NC,0.6197
N#Cc1c(N2CCC(c3nc(-c4ccnc(F)c4)cn3CCN3CCC3)CC2)[nH]cnc1=N,0.6753
NC1(c2ccc(-n3c(-c4cccs4)nc4ccc(-c5ccccn5)nc43)cc2)CCC1,0.6
CC1SCc2ncnc(N3CCN(C(=O)C(N)Cc4cn(C)cn4)CC3)c21,0.6818
CNCC(Cc1ccccc1)NC(=O)c1cc(Br)c(-c2ccnc3[nH]ccc23)s1,1
O=C(NC(c1cccc(Cl)c1)C1CCNCC1)c1cnc(Cl)cn1,0.6032
NC(=O)c1ccc(N)c2nc(-c3ccc(C4(N)CCC4)cc3)c(-c3ccccc3)n12,0.6167
Cn1nccc1C(=O)NC1(c2ccc(Cl)c(Cl)c2)CCNCC1,0.6721
CNC(=O)Cn1cc(-c2ccc(F)c(C(F)(F)F)c2)nc1C1CCN(c2ncnc(N)c2OC)CC1,0.7375
CCn1cc(-c2cnc(F)c(Cl)c2)nc1C1CCN(c2ncnc(N)c2C(N)=O)CC1,0.6456
O=C(NC(c1cccc(Br)c1)C1CCNCC1)c1ccc(Cl)c(F)c1,0.6154
NC(=O)c1ccnc2c(NC(CN3CC(F)(F)C3)c3cc(F)cc(Cl)c3)ncnc12,0.6286
O=C(NCCc1nc(N2CCOCC2)cc(=O)[nH]1)c1ccc(F)c(F)c1F,0.625
Cc1n[nH]c2ccc(-c3cncc(OCC(N)Cc4cccc(F)c4)c3)cc12,1
CNC(=O)NCCn1cc(-c2ccc(F)c(C)c2)nc1C1CCN(c2ncnc(N)c2Br)CC1,0.7342
Cc1cccc2ncnc(N3CCN(C(=O)C4(c5ccc(Cl)c(Cl)c5)CCNCC4)CC3)c12,0.6866
Nc1ncnc(N2CCC(c3nc(-c4cnc(Cl)c(F)c4)cn3CCN3CCCC3)CC2)c1-c1ncccn1,0.6494
O=C(Cc1nc(N2CCOCC2)cc(=O)[nH]1)N1c2ccncc2CC1c1ccc(F)c(F)c1,0.6986
O=C(NCN1CCCCC1)c1cc(Br)c(-c2ccnc3[nH]ccc23)s1,0.6119
NC(Cc1ccc(Cl)cc1)C(=O)N1CCN(c2ncnc3cccc(OCCO)c23)CC1,0.7344
NC1(C(=O)NCC=Cc2ccc(C(F)(F)F)cc2)CCN(c2ncnc3[nH]ccc23)CC1,0.6522
CNCC(Nc1ncnc2c(C(N)=O)ccnc12)c1ccc(Cl)c(Cl)c1,0.8545
Cc1cc(Br)cc2c(N3CCN(C(=O)C(N)Cc4ccc(F)cc4)CC3)ncnc12,0.6269
O=C(NC(Cc1ccc(F)cc1)C(=O)N1CCN(c2ncnc3ccccc23)CC1)c1ccc(Cl)cc1,0.6719
CNC(=O)c1cccnc1N1CCC(c2nc(-c3ccc(F)c(F)c3)cn2CCN2CCC2)CC1,0.6
CNc1ncnc(N2CCC(c3nc(-c4ccc(F)cc4)cn3CCN3CCC3)CC2)c1OC,0.6351
CCn1c(-c2nonc2N)nc2c(C#CC(C)(C)O)nc(C)c(C)c21,0.6406
CCc1c(N)ncnc1N1CCC(c2nc(-c3cnc(OC(F)F)c(Cl)c3)cn2CCN2CCC2)CC1,0.7215
CCN(CCn1cc(-c2ccc(F)c(F)c2)nc1C1CCN(c2ncnc(N)c2C(=O)NC)CC1)C(C)C,0.7711
Cn1ncc(Br)c1-c1cc(NC(=O)Cc2nc(N3CCOCC3)cc(=O)[nH]2)ccc1Cl,0.6479
CC(C)NCCn1cc(-c2ccc(F)c(F)c2)nc1C1CCN(c2ncccc2C(N)=O)CC1,0.6506
Nc1cc(N2CCC(c3nc(-c4ccnc(F)c4)cn3CCN3CCC3)CC2)ncn1,0.7969
NC1(c2ccc(-c3nc4n(c3-c3ccccc3)COc3ccc(O)cc3-4)cc2)CC1,0.7193
Cn1c(CC(=O)NCc2ccncc2)nc(N2CCOCC2)cc1=O,0.6
CN(C)CCn1cc(-c2ccc(F)cc2)nc1C1CCN(c2ncnc(N)c2Cl)CC1,0.7692
NCC1(C(=O)NCc2ccc(F)cc2)CCN(c2ncnc3[nH]ccc23)CC1,0.6452
Cc1nc2cc(C(=O)NC3CNCCC3c3ccc(F)c(F)c3)ccc2n1C,0.6143
O=C(CCc1nc(N2CCOCC2)cc(=O)[nH]1)NCc1cc(F)cc(F)c1,0.6333
Cn1cc(NC(=O)Cc2nc(N3CCOCC3)cc(=O)[nH]2)c(-c2ccc(F)cc2F)n1,0.7273
O=C(NC(Cc1ccc(Cl)cc1)C(=O)N1CCN(c2ccnc3ccccc23)CC1)c1cccc(F)c1,0.6324
O=C(NC(c1cccc(Cl)c1)C1CCNC1)c1ccc(Cl)nc1,0.6094
Cc1n[nH]c2cnc(-c3cncc(OCC(N)Cc4ccc(Cl)cc4F)c3)cc12,0.8226
O=C(NC(c1ccc(Cl)c(Cl)c1)C1CCNC1)c1ccc2ccccc2c1,0.7759
N#Cc1cncc(-c2cn(CCN3CCCC3)c(C3CCN(c4ncnc(N)c4Cl)CC3)n2)c1,0.6806
CCCOn1c(CC(=O)N2CCc3ccccc32)nc(N2CCOCC2)cc1=O,0.7302
N#Cc1ccc(-c2cn(CCN3CCC3)c(C3CCN(c4cc(N)ncn4)CC3)n2)nc1,0.6338
Cc1ccc(-c2cn(CCN3CCC3)c(C3CCN(c4cc(N)ncn4)CC3)n2)cc1F,0.8281
O=C(Cc1nc(N2CCOCC2)cc(=O)n1Cc1ccc(F)cc1)Nc1ccc(F)cc1F,0.6212
NC(=O)c1cnc(N2CCC(c3nc(-c4ccc(F)c(F)c4)cn3CCN3CCC3)CC2)cc1C1CC1,0.6486
CCc1c(N)ncnc1N1CCC(c2nc(-c3ccc(F)c(C)c3)cn2CCN(C)C)CC1,1
Cn1nc(-c2ccc(C(=O)NC3CNCCC3c3cccc(F)c3)cc2)c2c(Cl)cccc21,0.6944
Cn1nc(Cc2ccc(F)cc2)cc1-c1ccc(C(=O)NC2CNCCC2c2cccc(F)c2)cc1,0.6184
N#Cc1c(N)ncnc1N1CCC(c2nc(-c3ccc(F)c(C(F)(F)F)c3)cn2CCN2CCCC2)CC1,1
CC1(C)CC(NC(=O)Cc2nc(N3CCOCC3)cc(=O)[nH]2)c2c(ccc(F)c2F)O1,0.6056
CCCc1nnc2cc(-c3ccccc3)c(-c3ccc(C4(N)CCC4)cc3)nn12,0.6129
Cc1c(N)ncnc1N1CCC(c2nc(-c3ccc(Cl)nc3)cn2CCN2CCC2)CC1,0.6667
CNC(=O)Nc1ccn2c(-c3ccccc3)c(-c3ccc(C4(N)CCC4)cc3)nc2c1,0.6393
NC(=O)c1ccnc2c(NC(CN3CCC3)c3cc(F)c(F)c(F)c3)ncnc12,0.7705
CNC(=O)NCn1cc(-c2ccc(F)c(Cl)c2)nc1C1CCN(c2ncnc(N)c2C#N)CC1,0.7037
O=C(NC(c1ccc(Cl)c(Cl)c1)C1CCNC1)c1ccoc1,0.619
CCOC(=O)c1ccc2nc(-c3ccc(C4(N)CCC4)cc3)c(-c3ccccc3)n2c1,1
Cc1ncccc1C(=O)NC(Cc1ccc(Cl)cc1)C(=O)N1CCN(c2ncnc3ccccc23)CC1,0.6324
NC1(C(=O)NC(=O)Nc2ccc(F)cc2)CCN(c2ncnc3[nH]ccc23)CC1,0.6667
Cn1c(CC(=O)N2CCc3c(F)cccc32)nc(N2CCC(F)CC2)cc1=O,0.8333
Cn1cc(-c2ccnc(C(F)(F)F)c2)nc1C1CCN(c2ncnc(N)c2Cl)CC1,0.7681
Cn1c(CC(=O)N2CCc3c(Cl)cccc32)nc(N2CCOCC2)c(OCC2CC2)c1=O,0.6216
N#Cc1cc(-c2cn(CCN3CCC3)c(C3CCN(c4ncnc(N)c4Cl)CC3)n2)ccc1Cl,0.7222
CCc1c(N)ncnc1N1CCC(c2nc(-c3c(F)cc(C#N)cc3Cl)cn2CCN2CCCC2)CC1,0.7089
NC(COc1cncc(-c2cn[nH]n2)c1)Cc1ccccc1,0.6379
NC1(c2ccc(-c3nc4ccc(C(=O)O)cn4c3-c3ccccc3)cc2)CCC1,1
CCOc1ccc(NC(=O)Cc2nc(N3CCOCC3)cc(=O)n2C)cc1,0.6719
CCn1c(-c2nonc2N)nc2c(C#CC(C)(C)O)ncc(OCCN)c21,1
O=C(NC(Cc1ccc(Cl)cc1)C(=O)N1CCN(c2ncnc3ccc(Cl)cc23)CC1)c1ccc(Cl)cc1,0.6406
O=C(Cc1nc(N2CCOCC2)cc(=O)[nH]1)Nc1ccc(Cl)c(C(=O)NCc2c(F)cccc2Cl)c1,0.6389
O=C(NC(c1ccc(Cl)c(F)c1)C1CCNCC1)c1cc(Cl)cnc1Cl,0.6061
O=C(NC(c1ccc(Cl)c(F)c1)C1CCNCC1)c1cc(Cl)nc(Br)c1,0.6462
NC1(c2ccc(-c3nc4n(c3-c3ccccc3)COc3cc(F)c(F)cc3-4)cc2)CC1,0.7018
NC1(c2ccc(-c3nn4c(-c5ccnc(F)c5)cnc4cc3-c3ccsc3)cc2)CCC1,0.6406
NC(=O)CCn1cc(-c2ccc(F)nc2)nc1C1CCN(c2ncnc(N)c2Cl)CC1,0.6389
CNC(=O)c1cc(Br)n2c(-c3ccccc3)c(-c3ccc(C4(N)CCC4)cc3)nc2c1,0.6212
COc1nn(C)c2ccc(NC(=O)Cc3nc(N4CCOCC4)cc(=O)n3C)cc12,0.6286
Nc1cc(N2CCC(c3nc(-c4cnc(OC(F)F)c(Cl)c4)cn3CCN3CCC3)CC2)ncn1,0.6184
CC1Cc2ccccc2N1C(=O)Cc1nc(N2CCOCC2)c(Cc2ccccc2)n1C,0.6818
COc1ccc(F)cc1CC(N)COc1cncc(-c2ccc3[nH]nc(C)c3c2)c1,1
Cc1nc(-c2cnn(C)c2)ccc1C(=O)NC1CNCCC1c1ccc(F)c(F)c1,0.6338
Cc1cc(-c2cn(CCN3CCCC3)c(C3CCN(c4cc(N)ncn4)CC3)n2)ccc1OCCN(C)C,0.6667
NC1(C(=O)NCc2ccc(F)cc2)CCN(c2ncnc3[nH]ncc23)CC1,0.6032
Cc1ccc(Cl)cc1NC(=O)Cc1nc(N2CCOCC2)cc(=O)n1C,0.6212
COc1ccc(-c2cn(CCN3CCC3)c(C3(O)CCN(c4ncnc(N)c4Cl)CC3)n2)c(Cl)c1,0.6582
O=C(Cc1nc(N2CCOCC2)cc(=O)n1-c1cc(F)c(Cl)c(F)c1)N1CCc2ccccc21,0.7937
COc1c(N)ncnc1N1CCC(c2nc(-c3cc(Cl)ccc3F)cn2CC2CNC2)CC1,0.76
Cn1c(-c2ccncc2)nc2cc(C(=O)NC3CNCCC3c3ccc(F)c(F)c3)ccc21,0.6027
Cn1c(CC(=O)NC2CCOc3c2ccc(F)c3F)nc(N2CCOCC2)cc1=O,0.6479
Cn1ncc(C(=O)NC2CNCCC2c2ccc(Cl)cc2)c1-c1ccco1,0.6377
O=C(Cc1nc(N2CCOCC2)cc(=O)[nH]1)Nc1ccc(OCc2cccc(F)c2)c(Br)c1,0.6901
CSc1ncc2nc(-c3ccc(C4(N)CCC4)cc3)c(-c3ccccc3)n2n1,0.7143
NC1(c2ccc(-c3nc4cc(C(=O)NC5CC5)ccn4c3-c3ccccc3)cc2)CCC1,0.6818
CC1(C)CN(C(=O)Cc2nc(N3CCOCC3)cc(=O)n2-c2ccccc2)c2cccc(Cl)c21,0.7879
Cn1c(CCC(=O)Nc2ccc(N3CCOCC3)c(Cl)c2)nc(N2CCOCC2)cc1=O,0.6119
Nc1cc(N2CCC(c3nc(-c4ccc(N)c(Cl)c4)cn3CCN3CCC3)CC2)ncn1,0.7424
COc1nc(-c2ccc(C(=O)NC3CNCCC3c3cccc(F)c3)s2)nn1C,0.6944
CNCCn1cc(-c2cc(F)c(F)c(F)c2)nc1C1CCN(c2cc(N)ncn2)CC1,0.6377
N#Cc1ccc(-c2cn(CCN3CCCC3)c(C3CCN(c4ncnc(N)c4C(F)(F)F)CC3)n2)cc1F,0.7237
Cc1[nH]nc2ccc(-c3cncc(OCC(N)Cc4c(Cl)cccc4Cl)c3)cc12,0.6269
Cc1[nH]ncc1-c1cc(C(N)=O)nn2c(-c3ccccc3)c(-c3ccc(C4(N)CCC4)cc3)nc12,0.7042
Cn1ncc(Cl)c1-c1cc(C(=O)NC(CO)c2ccc(F)cc2)oc1Cl,0.6087
Cc1nc(CC(=O)N2CCc3c(F)cccc32)nc(N2CCOCC2)c1Br,0.6119
Cn1ncc2cc(-c3cncc(OCC(N)Cc4ccc(F)c(F)c4F)c3)ccc21,0.6119
Cc1cc(-c2cn(CC3CC3)c(C3CCN(c4ncnc(N)c4C(N)=O)CC3)n2)ccc1F,0.8286
Cc1nc2ccc(C(=O)NC3CNCCC3c3ccc(F)c(F)c3)cc2n1C,0.6143
N#Cc1c(N)ncnc1N1CCC(c2nc(-c3ccc(F)c(C(F)(F)F)c3)cn2CCO)CC1,0.8841
NC(=O)c1cc(Cl)ccc1N1CCC(c2nc(-c3ccc(F)c(F)c3)cn2CCN2CCC2)CC1,0.6125
Nc1cc(N2CCC(c3nc(-c4cccc(F)c4F)cn3CCN3CCCC3)CC2)ncn1,0.7313
Cn1ncc(Cl)c1-c1cc(C(=O)NC2(c3cccc(Br)n3)CC2)oc1Cl,0.6087
O=C(NC1CNCCC1c1cccc(F)c1)c1ccc(C(F)(F)F)cc1,0.6406
Cc1ccc(NC(=O)Cc2nc(N3CCOCC3)cc(=O)[nH]2)cc1-c1cn(C)c(C)n1,0.6567
Cc1ncc(Cl)c(N2CCC(N)(C(=O)NC(C)c3ccc(Cl)cc3)CC2)n1,0.6406
Cn1c(CCC(=O)Nc2ccc(F)c(Br)c2)nc(N2CCOCC2)cc1=O,0.8333
Cn1c(C(=O)NC2CNCCC2c2ccc(F)c(F)c2)nc(F)c1Cl,0.6176
O=C(NC(Cc1ccc(Cl)cc1)C(=O)N1CCN(c2ccnc3ccccc23)CC1)c1cccs1,0.6875
Cn1ncc(Br)c1C(=O)NC1CNCCC1c1ccc(Cl)c(F)c1,0.6377
NC(COc1cncc(-c2cc3c(Cl)n[nH]c3cn2)c1)Cc1ccc(Cl)cc1,0.8571
Cn1cc(-c2ccc(C#N)nc2)nc1C1CCN(c2ncnc(N)c2Br)CC1,0.6286
Cc1c[nH]c2ncnc(N3CCC4(CCNCC4)C3)c12,0.7447
COc1c(NC(=O)Cc2nc(N3CCOCC3)cc(=O)n2C)cccc1C(N)=O,0.6338
NC1(C(=O)NCc2ccc(F)c(F)c2Cl)CCN(c2ncnc3[nH]ccc23)CC1,0.7258
O=C(Cc1nc(N2CCOCC2)cc(=O)[nH]1)NCc1ccc(F)c(F)c1,0.7288
Cn1cc(N2CCCCC2)nc1CC(=O)N1CCc2c(F)cccc21,0.6154
CC(C)(NC(=O)C1(N)CCN(c2ncnc3[nH]ccc23)CC1)c1cc(F)cc(C(F)(F)F)c1,0.6286
COc1cc(-c2cc3c(C)nc(N)nc3n(C3CCC(OCCO)CC3)c2=O)c(F)cc1F,0.6712
NC(=O)Cc1nc(N2CCOCC2)cc(=O)n1-c1ccccc1,0.6724
CC1SCc2ncnc(N3CCN(C(=O)C(CNC(=O)c4ccc(F)cc4F)Cc4ccc(F)c(F)c4)CC3)c21,0.7532
NC(Cc1ccc(Cl)c(Cl)c1)C(=O)N1CCN(c2ncnc3ccsc23)CC1,0.7213
NCCn1cc(-c2ccnc(C(F)(F)F)c2)nc1C1CCN(c2ncnc(N)c2CC(F)(F)F)CC1,0.72
Cc1nc(Cl)ncc1C(=O)NC(c1ccc(Cl)c(F)c1)C1CCNCC1,0.6029
Cn1ncc(Br)c1-c1nc(NC(=O)c2cc(-n3cnc(C4CC4)c3)c(N3CC4(COC4)C3)cn2)cs1,0.6087
O=C(NC1(c2ccc(-c3nnc4n3-c3cccnc3Nc3ccccc3-4)cc2)CCC1)c1ccccc1,1
Cc1n[nH]c2ccc(-c3cncc(OCC(N)Cc4cccc(Cl)c4)c3)cc12,1
CC(NC(=O)C1(N)CCN(c2ncnc3[nH]ccc23)CC1)c1ccc(-c2csnn2)cc1,0.7164
NC1(c2ccc(-c3nc4ccc(-c5ccccc5)cn4c3-c3ccccc3)cc2)CCC1,0.8085
COC(=O)c1ccc2nc(-c3ccc(C4(N)CCC4)cc3)c(-c3ccccc3)n2c1,1
Cn1ncc(Cl)c1-c1cc(C(=O)NC(Cc2ccc(F)cc2)C(N)=O)sc1Cl,0.6377
CC1CCCCC1NC(=O)C1(N)CCN(c2ncnc3[nH]cc(Cl)c23)CC1,0.6061
Cc1cc(-c2cn(CCNC3CCCC3)c(C3CCN(c4ncnc(N)c4F)CC3)n2)ccc1F,0.8243
CNC(=O)Nc1nc2ccc(-c3cnc(Cl)c(NS(=O)(=O)c4cccc(F)c4)c3)cc2s1,0.8462
CNC(=O)c1c(N)ncnc1N1CCC(c2nc(-c3ccnc(C(F)(F)F)c3)cn2CCN2CCC2)CC1,0.8421
Nc1ncnc(N2CCC(c3nc(-c4ccccc4F)cn3CCN3CCCC3)CC2)c1F,0.6901
Nc1ccc2ncnc(N3CCN(C(=O)Cc4ccc(Cl)cc4Cl)CC3)c2c1,0.6094
COc1cnc(OC)c(-c2cn(CCN(C)C)c(C3CCN(c4ncnc(N)c4C#N)CC3)n2)c1,0.6341
O=C(Nc1csc(-c2nncn2C2CCCC2)n1)c1ccc(F)c(-n2cnc(C3CC3)c2)c1,0.6265
NC(COc1cnc(Cl)c(C=Cc2ccncc2)c1)Cc1ccccc1,0.6885
O=C(NCc1ccc(F)cc1)C1(C(=O)Nc2ccc(F)cc2)CCN(c2ncnc3[nH]ccc23)CC1,0.6154
NC(=O)c1ccnc2c(NC(CN3CCC3)c3ccc(F)cc3)cccc12,0.6667
O=C(N1CCN(c2ncnc3[nH]cc(Cl)c23)CC1)C1(c2ccc(Cl)cc2)CC1,0.8889
COc1ccc(NC(=O)Cc2nc(N3CCOCC3)cc(=O)n2C)cc1Cl,0.6667
N#Cc1cc(-c2cn(CCN3CCCC3)c(C3CCN(c4ncnc(N)c4C(F)(F)F)CC3)n2)cc(F)c1Cl,0.6456
CNC(=O)NCCn1cc(-c2ccc(F)c(C(F)(F)F)c2)nc1C1CCN(c2cc(N)ncn2)CC1,0.7143
CNCC(Nc1ncnc2c(C(N)=O)ccnc12)c1cnc(C(F)(F)F)s1,0.6269
Nc1cc(N2CCC(c3nc(-c4ccc(Cl)c(F)c4)cn3CCN3CCC3)CC2)ncn1,0.8281
Nc1nc2ccc(-c3cnc(Cl)c(NS(=O)(=O)c4c(F)cccc4F)c3)cc2s1,0.7458
NC(=O)c1cccc2c1ccn1c(-c3ccccc3)c(-c3ccc(C4(N)CCC4)cc3)nc21,0.7719
CCn1cc(-c2ccc(F)c(O)c2)nc1C1CCN(c2ncnc(N)c2C)CC1,0.6622
O=C(Cc1nc(N2CCOCC2)cc(=O)n1-c1ccccc1)N1CCc2cc(F)c(F)cc2C1,0.6667
NC1(C(=O)NCc2cc(F)cc(F)c2)CCN(c2ncnc3[nH]ccc23)C1,0.6774
Cc1n[nH]c2ccc(-c3cncc(OCC(N)Cc4ccc5c(c4)OCO5)c3)cc2c1=NC(C)CO,0.8028
Cn1nc(-c2ccc(C(=O)NC3CNCCC3c3ccc(F)c(F)c3)c(F)c2)cc1Cl,0.7164
CSCCC(NC(=O)C1(N)CCN(c2ncnc3[nH]ccc23)CC1)c1cccc(Cl)c1,0.8382
NCC1(C(=O)NCc2ccc(Cl)cc2)CCN(c2ncnc3[nH]ccc23)CC1,0.7895
Cn1nc(-c2ccc(C(=O)NC3CNCCC3c3cccc(F)c3)s2)c2occc21,0.6892
N#CSCC(NC(=O)Cc1nc(N2CCOCC2)cc(=O)[nH]1)c1cc(F)ccc1F,0.6111
Cc1cc(C(=O)NC2CCC2)nn2c(-c3ccccc3)c(-c3ccc(C4(N)CCC4)cc3)nc12,0.6479
O=C(Cc1nc(N2CCOCC2)cc(=O)[nH]1)Nc1ccc(F)c(-c2nc3ccncc3[nH]2)c1,0.6912
NC(=O)c1cc2ccc(-c3cnc(Cl)c(NS(=O)(=O)c4ccc(F)cc4)c3)cc2s1,0.6667
Cc1cccc(-c2c(C(=O)NC3CNCCC3c3ccc(F)c(F)c3)cnn2C)c1,0.6438
Cn1c(CC(=O)N2CCc3c(Cl)cccc32)nc2cc(N3CCOCC3)ccc21,0.697
O=C(NC1CNCCC1c1ccc(F)c(F)c1)c1ccc(Cl)cc1F,0.678
c1ccc(-c2cn3ccnc3nc2-c2ccc(CN3CC(c4n[nH]c(-c5ccncc5)n4)C3)cc2)cc1,0.7183
Cn1c(CC(=O)Nc2cccc3c(C(N)=O)cccc23)nc(N2CCOCC2)cc1=O,0.7015
O=C(Cc1nc(N2CCOCC2)cc(=O)[nH]1)Nc1cc(C(=O)NCc2ccc(F)cc2)ccc1F,0.6765
O=C(Nc1csc(-c2nncn2C2CC2)n1)c1cc(-n2cnc(C3CC3)c2)c(C(F)(F)F)cn1,0.7662
CNC(=O)c1ccc2[nH]c3ncnc(N4CCC(N)(C(=O)NC(C)c5ccc(F)cc5)CC4)c3c2c1,0.625
Cc1cc(-c2cn(CCNC3CC3)c(C3CCN(c4ncnc(N)c4C(F)(F)F)CC3)n2)ccc1F,0.7342
Cc1n[nH]c2ccc(-c3cncc(OCC(N)Cc4ccc(Br)c(F)c4)c3)cc12,1
CCc1c(N)ncnc1N1CCC(c2nc(-c3ccc(Br)cc3)cn2CCN2CCC2)CC1,0.8154
Cc1ccc(-n2[nH]c(C(C)(C)C)cc2=NC(=O)Nc2ccc3ncnc(N4CCN(C(=O)C(N)Cc5ccc(Cl)cc5)CC4)c3c2)cc1,0.622
Cc1nc(=O)c2cc(-c3cncc(OCC(N)Cc4c(F)cccc4Cl)c3)ccc2[nH]1,0.6338
Cn1ncc(C(=O)NC2CNCCC2c2ccc(F)cc2)c1-c1ccc(F)c(Cl)c1,0.6479
Cn1nc(-c2cc(F)c(F)c(F)c2)c(Cl)c1C(=O)NC1CNCCC1c1ccc(F)c(F)c1,0.6197
CC1(C)C2CC(CNC(=O)C(Cc3ccc(Cl)cc3)NC(=O)C3(N)CCN(c4ncnc5[nH]ccc45)CC3)CC1C2,0.6216
O=C(Nc1ccccc1)NC(Cc1ccc(Cl)cc1)C(=O)N1CCN(c2ccnc3ccccc23)CC1,0.6719
Cc1n[nH]c2ccc(-c3cncc(OCC(N)Cc4ccc(Cl)c(Cl)c4)c3)cc12,1
Cn1ccnc1-c1ccc(C(=O)NC2CNCCC2c2cccc(F)c2)nc1,0.7463
NC(Cc1ccc(Cl)cc1)C(=O)N1CCN(c2nc(Cl)nc3cc(Cl)ccc23)CC1,0.6452
Cc1c[nH]c2ncnc(N3CCC(N)(C(=O)NC(C)c4ccc(F)cc4)CC3)c12,0.8333
CC(C)Oc1c(N)ncnc1N1CCC(c2nc(-c3ccc(F)c(O)c3)cn2CCN(C)C)CC1,0.8514
CC(C)NCCn1cc(-c2ccc(C(F)(F)F)nc2)nc1C1CCN(c2ncnc(N)c2C(N)=O)CC1,0.7875
Cc1ccc(-n2c(CC(=O)Nc3ccc(F)c(Br)c3)nc(N3CCOCC3)cc2=O)cc1,0.7538
NC1(C(=O)NC(C(=O)N2CCCC2)c2ccc(Cl)cc2)CCN(c2ncnc3[nH]ccc23)CC1,0.8197
NC(=O)CCC(NC(=O)c1cc(Br)c(-c2ccnc3cc(Cl)ccc23)s1)c1ccccc1,0.6111
O=C(NC(c1ccncc1)C1CCNCC1)c1ccc(Cl)c(Cl)c1,0.7143
NC(=O)c1cccc2c(NC(CN3CC(F)C3)c3ccc(Cl)c(F)c3)ncnc12,0.8154
O=S(=O)(Nc1cc(-c2ccc3cnccc3c2)cnc1Cl)c1ccc(F)cc1,0.6066
Cc1c(N)ncnc1N1CCC(c2nc(-c3ccc(F)c(F)c3)cn2CCNC(C)C)C(F)(F)C1,0.6471
O=C(Cc1nc(N2CCOCC2)cc(=O)n1-c1ccc(F)c(F)c1)Nc1ccc(F)c(C2CC2)c1,0.7612
CC1Cc2ccccc2N1C(=O)Cc1nc(N2CCOCC2)cc(=O)n1-c1cccc(F)c1,0.7206
CN(C)CCn1cc(-c2cncc(Br)c2)nc1C1CCN(c2ncnc(N)c2F)CC1,0.6203
Cc1ncccc1-c1nc(N2CCOCC2)cc(=O)n1CC(=O)Nc1ccc(F)c(Br)c1,0.6027
NCC(NC(=O)C1(N)CCN(c2ncnc3[nH]ccc23)CC1)c1ccc(Cl)cc1,1
Cc1[nH]nc2cnc(-c3cncc(OCC(N)Cc4ccc(F)cc4F)c3)cc12,0.6818
COc1ccc(Cl)cc1CNC(=O)C1(N)CCN(c2ncnc3[nH]ccc23)CC1,0.7188
O=c1cc(N2CCOCC2)nc(CNc2c(F)cccc2F)[nH]1,0.6066
CC(NC(=O)c1cc(-c2c(Cl)cnn2C)c(Cl)o1)c1ccc(F)c(F)c1,0.6769
NC(CCc1ccc(Br)cc1)C(Cc1ccccc1)NC(=O)C1(N)CCN(c2ncnc3[nH]ccc23)CC1,0.6267
O=C(NC(c1ccc(Cl)c(Cl)c1)C1CNC1)c1ccncc1,0.7358
Cn1c(CC(=O)N2CCc3c2ccc(F)c3F)nc(N2CCOCC2)c(F)c1=O,0.7302
CC1SCc2ncnc(N3CCN(C(=O)c4cc(F)c(Cl)cc4Cl)CC3)c21,0.6143
O=C(NC(c1ccc(Cl)c(Cl)c1)C1CCNC1)c1ccc2cnccc2c1,1
O=C(Cc1nc(=O)cc(N2CCOCC2)[nH]1)N1CCc2c(Cl)cc(F)cc21,0.6154
O=C(NC(c1cccc(Cl)c1)C1CCNCC1)c1cc(Br)c(F)c(Br)c1,0.6032
O=C(Cc1nc(N2CCOCC2)cc(=O)[nH]1)NC1CCOc2c(F)cccc21,0.6324
Cn1nc(-c2ccc(C(F)(F)F)c(F)c2)nc1C1CCN(c2ncnc(N)c2Br)CC1,0.6338
Cn1ncc(Cl)c1-c1cc(C(=O)NC2CNCCC2c2ccc(F)c(F)c2)oc1Cl,1
Cn1nc(-c2ccc(C(=O)NC3CNCCC3c3cccc(F)c3)s2)c2cnccc21,0.6835
O=C(NC1CNCCC1c1ccc(F)c(F)c1)c1cc(Cl)cnc1C(F)(F)F,0.6232
NC1(C(=O)NC(c2ccc(Cl)c(Cl)c2)C2CCCCC2)CCN(c2ncnc3[nH]ccc23)CC1,0.7612
COc1ccc(NC(=O)Cc2nc(N3CCOCC3)cc(=O)[nH]2)cc1-c1cnn(C)c1,0.6056
Cn1ncc(Br)c1-c1ncc(C(=O)NC2CNCCC2c2ccc(F)c(F)c2)s1,0.7143
Cn1c(CC(=O)Nc2ccc3c(c2)nnn3C)nc(N2CCOCC2)cc1=O,0.6667
CC1CN(c2cc(=O)[nH]c(CC(=O)NCc3ccc(F)c(F)c3)n2)CCO1,0.6765
Cn1cc(-c2ncc(C(F)(F)F)cc2F)nc1C1CCN(c2ncnc(N)c2Br)CC1,0.6812
Cc1cc(-c2cn(CC(=O)NC(C)C)c(C3CCN(c4ncnc(N)c4C(F)(F)F)CC3)n2)ccc1F,0.6395
Cc1nn(-c2ccc(C(=O)NC3CNCCC3c3ccc(F)c(F)c3)cn2)c[n+]1[O-],0.6216
NC1(C(=O)NCc2cc(Cl)cc(Cl)c2)CCN(c2nnnc3[nH]ccc23)CC1,0.6721
CC1Cc2ccccc2N1C(=O)Cc1nc(N2CCOCC2)cc(=O)n1CCOCCOCCC#N,0.6944
NC1(c2ccc(-c3nc4ccccn4c3-c3ccncc3)cc2)CCC1,0.6296
Nc1cc(N2CCC(c3nc(-c4ccsc4)cn3CCN3CCC3)CC2)ncn1,0.7015
Cn1cc(-c2ccc(C(=O)NC3CNCCC3c3cccc(F)c3)cc2)cn1,0.7273
Cc1nc2ccc(-c3cncc(OCC(N)Cc4cccc(F)c4F)c3)cc2c(=O)n1N,0.6429
CC(C)NCCn1cc(-c2cnc(Cl)c(F)c2)nc1C1CCN(c2ncnc(N)c2C(F)(F)F)CC1,0.6207
Cn1c(CC(=O)NC(=O)c2sccc2Cl)nc(N2CCOCC2)cc1=O,0.6
Cc1csc(C(NC(=O)Cc2nc(N3CCOCC3)cc(=O)[nH]2)c2cc(F)cc(F)c2)n1,0.6029
O=C(Cc1nc(N2CCOCC2)cc(=O)[nH]1)NC1c2ccccc2-c2ccc(F)cc21,0.6324
O=C(NCCc1cc(F)cc(F)c1)C1Cc2ccccc2N1C(=O)Cc1nc(N2CCOCC2)cc(=O)[nH]1,0.6623
CCCOc1cccc2ncnc(N3CCN(C(=O)C(N)Cc4ccc(F)c(F)c4)CC3)c12,0.6765
NC1(C(=O)NCc2ncccc2F)CCN(c2ncnc3[nH]ccc23)CC1,0.6667
Cn1nc(-c2c(Cl)cccc2Cl)c2c1CCN(C(=O)Cc1nc(N3CCOCC3)cc(=O)[nH]1)C2,0.6027
O=C(Cc1nc(N2CCOCC2)cc(=O)[nH]1)NCCNc1cc(F)c(F)cc1F,0.6508
CC1SCc2ncnc(N3CCC(CC(=O)NCc4ccc(F)c(F)c4)CC3)c21,0.6027
O=C(c1cccc(Cl)c1)N1CCN(c2ncnc3[nH]cc(Br)c23)CC1,0.623
NC1(C(=O)NC(CC(F)(F)F)c2cccc(Cl)c2)CCN(c2ncnc3[nH]ccc23)CC1,0.8088
Cn1cnc(-c2ccc(C(=O)NC3CNCCC3c3cccc(F)c3)cc2Cl)n1,0.6216
Cc1cc(-c2cn(CCNC(C)C)c(C3CCN(c4ncc(C(N)=O)cn4)CC3)n2)ccc1F,0.7215
CCN(CC)CCNC(=O)c1cc(Br)c(-c2ccnc3[nH]ccc23)s1,0.6119
NC(=O)Cc1ccc2nc(-c3ccc(C4(N)CCC4)cc3)c(-c3ccccc3)n2c1,0.7368
CC(C)NCCn1cc(-c2cc(F)cc(F)c2F)nc1C1CCN(c2ncnc(N)c2C(N)=O)CC1,0.7375
Cc1ccc2ncnc(N3CCN(C(=O)C(Cc4ccc(Cl)cc4)NC(=O)c4ccc(F)c(F)c4)CC3)c2c1,0.6714
Cc1ccccc1-n1c(CC(=O)Nc2ccc(F)c(Br)c2)nc(N2CCOCC2)cc1=O,0.7313
Cn1c(CC(=O)NCc2csc3ccccc23)nc(N2CCOCC2)cc1=O,0.6429
NC(=O)CCn1cc(-c2ccnc(F)c2)nc1C1CCN(c2ncnc(N)c2Br)CC1,0.64
O=C(NC1CNCCC1c1ccc(F)c(F)c1)c1ccc(F)c(Br)c1,0.6613
CCC(Cc1ccc(Cl)cc1)C(=O)N1CCN(c2ncnc(N)c2Cl)CC1,0.7593
CS(=O)(=O)c1ccc(-c2cn(CCN3CCC3)c(C3CCN(c4cc(N)ncn4)CC3)n2)cc1F,0.7794
CNCCn1cc(-c2ccc(F)c(C(F)(F)F)c2)nc1C1CCN(c2cc(N)ncn2)CC1,0.7857
Cc1n[nH]c2cnc(-c3cncc(OCC(N)Cc4cc(F)c(F)cc4F)c3)cc12,0.8
NC(=O)Nc1cccc(-c2cncc(OCC(N)Cc3c[nH]c4ccccc34)c2)c1,0.6377
Cn1ncc(-c2ccc(NC(=O)Cc3nc(N4CCOCC4)cc(=O)[nH]3)cc2F)c1Cl,0.7121
CC(Cc1ccc(F)cc1F)NC(=O)C1(N)CCN(c2ncnc3[nH]ccc23)CC1,0.6866
NC(COc1cncc(-c2ccc3c[nH]nc3n2)c1)Cc1cccc(F)c1,0.6176
NC(=O)c1cn2c(-c3ccccc3)c(-c3ccc(C4(N)CCC4)cc3)nc2c(Cl)n1,0.75
Cc1c(N)ncnc1N1CCC(c2nc(-c3ccc(F)c(C(F)(F)F)c3)cn2CC(N)=O)CC1,0.7568
CC1(C)CC(=O)Nc2ncnc(N3CCN(C(=O)C(N)Cc4ccc(F)c(F)c4)CC3)c21,0.6
Cn1c(CC(=O)Nc2c(Br)cc(Br)cc2CC(=O)O)nc(N2CCOCC2)cc1=O,0.6176
CCNC(=O)c1cc(Cl)c2c(c1)OCn1c-2nc(-c2ccc(C3(N)CC(C)(O)C3)cc2)c1-c1ccccc1,0.7632
NC(=O)c1c(N)ncnc1N1CCC(c2nc(-c3ccc(F)c(O)c3)cn2CCN2CCC2)CC1,0.8472
Cc1nccc(C(=O)NC(c2ccc(Cl)c(Cl)c2)C2CCNC2)n1,0.6061
O=C(Cc1cc(F)cc(F)c1)NC(Cc1nc(N2CCOCC2)cc(=O)[nH]1)c1ccc(F)cc1,0.6
Cn1nc(-c2ccc(C(=O)NC3CNCCC3c3cccc(F)c3)cc2F)o1,0.6286
O=C(NC(c1ccc(Cl)c(F)c1)C1CCNC1)c1ccc(F)nc1,0.6212
O=C(Cc1nc(N2CCOCC2)cc(=O)n1-c1ccc(Cl)cc1)Nc1ccc(F)c(C2CCCCC2)c1,0.6944
O=C(Cc1ccc(Cl)cc1)N1CCN(c2ncnc3ccc(Cl)cc23)CC1,0.6
N#Cc1cncc(-c2cn(CCNC3CCCC3)c(C3CCN(c4ncnc(N)c4C(F)(F)F)CC3)n2)c1,0.6437
Cn1nc(-c2ccc(C(=O)NC3CNCCC3c3ccc(F)c(F)c3)cc2)cc1C1CC1,0.697
O=C(Nc1csc(-c2nncn2C2CC2)n1)c1cnc(N2CC(F)(F)C2)c(-n2cnc(C3CC3)c2)c1,0.7722
NC(Cc1ccc(Cl)cc1)C(=O)N1CCN(c2ncnc3cccc(-c4ccncc4)c23)CC1,0.7344
Cn1c(CC(=O)N2CCc3cc(F)ccc32)nc(N2CCOCC2)cc1=S,0.7077
Cc1cc(-c2cn(CCNCC3CC3)c(C3CCN(c4ncc(C#N)cn4)CC3)n2)ccc1F,0.7308
COc1ccc(CC(N)COc2cncc(-c3ccc4c(c3)CC(=O)N4)c2)cn1,0.6164
NC(COc1cncc(-c2cccc(S)n2)c1)Cc1cccc(F)c1F,0.6154
O=C1Cc2c(ncnc2N2CCC(c3nc(-c4ccc(F)c(F)c4)cn3CCN3CCCCC3)C2)N1,0.6076
NC(=O)c1cc(-c2cncc(OCC(N)Cc3ccc(F)cc3F)c2)ccc1F,0.6212
NC(=O)c1cccc2c(NC(CN3CCC3)c3cccc(Cl)c3)cc(Cl)cc12,0.6667
CCC1(C(=O)Nc2cc(C)c3nc(-c4ccc(C5(N)CCC5)cc4)c(-c4ccccc4)n3c2)COC1,0.625
NC(=O)c1c(N)ncnc1N1CCC(c2nc(-c3ccc(F)c(C(F)(F)F)c3)cn2CC2CCO2)CC1,0.8108
COc1ccc2ncnc(N3CCN(C(=O)C(N)Cc4ccc(C(F)(F)F)cc4)CC3)c2c1,0.7302
Nc1cc(-c2cncc(OCC(N)Cc3c[nH]c4ccccc34)c2)c(F)cc1F,0.6866
CN1CCN(C2CCN(c3ncnc4[nH]cc(Cl)c34)CC2)CC1,0.6122
Cc1n[nH]c2ccc(-c3cncc(OCC(N)Cc4cc(Cl)cnc4F)c3)cc12,0.7742
Cn1nc(C(=O)NC2CNCCC2c2cccc(F)c2)c2c(Cl)cccc21,0.6111
N#Cc1cc(-c2cn(CCN3CCC3)c(C3CCN(c4ncnc(N)c4C(F)(F)F)CC3)n2)ccc1F,0.7436
O=C(Cc1nc(N2CCOCC2)cc(=O)n1-c1ccc(F)cc1)N1Cc2ccccc2C1,0.6308
CC1SCc2ncnc(N3CCC(N)(C(=O)NC(c4ccc(Cl)cc4)C4CCCCC4)CC3)c21,0.6
CN(C)C(=O)c1ccc(-c2cn(CCN3CCC3)c(C3CCN(c4ncnc(N)c4Br)CC3)n2)cc1F,0.7467
O=C(Cc1c(Cl)cncc1Cl)NC(c1ccc(Cl)c(F)c1)C1CCNCC1,0.6154
NC1(c2ccc(-c3nc4ccc(-c5ccc(F)cc5)cn4c3-c3ccccc3)cc2)CCC1,0.7308
Cc1c(F)cc(-c2cn(CCN3CCC3)c(C3CCN(c4ncnc(N)c4C)CC3)n2)cc1F,0.7429
CC1Oc2ccc(-c3cncc(OCC(N)Cc4cccc(OC(F)(F)F)c4)c3)cc2NC1=O,0.6026
Cn1c(C2CC2)nnc1C1CCN(c2ncnc3[nH]cc(Cl)c23)CC1,0.6
NC(Cc1ccc(F)c(F)c1)C(=O)N1CCN(c2ncnc3[nH]ccc23)CC1,0.7759
Nc1ccc2ncnc(N3CCN(C(=O)C(N)Cc4cncs4)CC3)c2c1,0.6719
N#Cc1ccc(-c2cn(CCN3CCC3)c(C3CCN(c4cc(N)ncn4)CC3)n2)c(F)c1,0.6667
Cn1c(CC(=O)Nc2ccc(S(N)(=O)=O)c(Br)c2)nc(N2CCOCC2)cc1=O,0.7619
Cc1cc(C(=O)NC2CNCCC2c2ccc(F)cc2)c(F)cc1Br,0.6
NC(=O)c1cccc2c(NC(CN3CCC3)c3ccc(F)c(Cl)c3F)ncnc12,0.7121
Cn1cc(-c2ccc3ncnc(N4CCN(C(=O)C(N)Cc5ccc(Cl)cc5)CC4)c3n2)cn1,0.6056
Nc1ncnc(N2CCC(c3nc(-c4ccc(F)c(F)c4)cn3CCN3CCCC3)CC2)c1C1CCC1,1
Nc1ncnc(N2CCC(c3nc(-c4ccc(Cl)c(F)c4)cn3CCN3CCCC3)CC2)c1Cl,0.8906
NC(=O)c1ccnc2nc(-c3ccc(C4(N)CCC4)cc3)c(-c3ccccc3)n12,0.6066
CC(C)Cc1n(C)nc(-c2ccc(C(=O)NC3CNCCC3c3cccc(F)c3)cc2)[n+]1C,0.6026
O=C(N1CCN(c2ncnc3cc(C(F)(F)F)ccc23)CC1)C1(c2ccc(Cl)cc2)CCNCC1,0.6418
CC(=O)c1cc(Cl)c(N2CCC(N)(C(=O)NC(CC(N)=O)c3ccc(Cl)cc3)CC2)nn1,0.6143
NC(=O)CN1CCN(c2ncnc3ccc(-c4cn[nH]c4)cc23)CC1,0.6087
O=C(NC(c1ccc(F)cn1)C1CCNCC1)c1ccc(Cl)c(Cl)c1,0.6094
Cn1ncc(C(=O)NC2CNCCC2c2ccc(F)cc2)c1-c1c(F)cc(F)cc1F,0.6176
NC(=O)c1cc2nc(-c3ccc(C4(N)CCC4)cc3)c(-c3ccccc3)cn2c1,0.6167
N#Cc1c(F)cc(-c2cn(CCN3CCCC3)c(C3CCN(c4ncnc(N)c4F)CC3)n2)cc1F,0.7714
Cn1c(CC(=O)N2CCc3sc(C(F)(F)F)cc32)nc(N2CCOCC2)cc1=O,0.6667
Cc1oc(C(=O)NC2CNCCC2c2ccc(F)c(F)c2)nc1-c1c(Cl)cnn1C,0.7183
Cn1ncc(Cl)c1-c1cc(C(=O)NC(CO)Cc2ccc(F)c(F)c2)sc1Cl,0.7015
Nc1cc(N2CCC(c3nc(-c4ccc(F)c(C(F)(F)F)c4)cn3C3CCN(C(=O)C4CC4)CC3)CC2)ncn1,0.6125
Cc1[nH]nc2ccc(-c3cncc(OCC(N)Cc4c[nH]c5ccccc45)c3Cl)cc12,0.6282
Cc1cc(-c2cn(CCN3CCC3)c(C3CCN(c4ncnc(N)c4C#N)CC3)n2)ccc1F,1
O=C(NC(c1ccc(F)c(Cl)c1)C1CCNC1)c1ccncc1,0.6349
O=C(NCCc1ccccc1)C1(Cc2ccc(Cl)cc2)CCN(c2ncnc3[nH]ccc23)CC1,0.6119
N#CCn1cc(-c2ccc(F)c(CO)c2)nc1C1CCN(c2ncnc(N)c2Cl)CC1,0.6622
Cn1nccc1-c1cccc(C(=O)NC2CNCCC2c2ccc(F)cc2F)c1,0.6232
O=C(N1CCN(c2ncnc3[nH]ccc23)CC1)C1(c2ccc(Br)cc2)CC1,0.8868
CC(NC(=O)C1(N)CCN(c2nnnc3[nH]cnc23)CC1)c1ccc(F)cc1,0.6364
Cc1cc(Br)ccc1CC(N)COc1cncc(-c2cc3c(C)n[nH]c3cn2)c1,0.8197
CC1COCCN1c1nc(N2CCOCC2C)c2ccc(-c3cccc(C(=O)N4CCN(C)CC4)c3)nc2n1,0.6769
Cn1nccc1-c1cc(C(N)=O)nn2c(-c3ccccc3)c(-c3ccc(C4(N)CCC4)cc3)nc12,0.7391
Nc1ncnc(N2CCC(c3nc(-c4ccnc(Cl)c4)cn3CCN3CCCCC3)CC2)c1C(F)(F)F,0.7297
Nn1c(CC(=O)Nc2cnc(F)c(C3CC3)c2)nc(N2CCOCC2)cc1=O,0.6197
CC1SCc2ncnc(N3CCC(C)(N4CCN(C(=O)C(N)Cc5cc(F)ccc5F)CC4)CC3)c21,0.6667
Cn1c(CC(=O)NC2Cc3ccccc3C2)nc(N2CCOCC2)cc1=O,0.6508
COc1cc(F)c(NC(=O)Cc2nc(N3CCOCC3)cc(=O)n2C)c(C2CCC2)c1,0.6438
Cc1n[nH]c2ccc(-c3nnc(NCC(N)Cc4ccccc4Cl)s3)cc12,1
CNC(=O)c1cc(NC(=O)Cc2nc(N3CCOCC3)cc(=O)[nH]2)ccc1Cl,0.6875
Cn1cc(-c2cc(C(=O)NC3CNCCC3c3cccc(F)c3)no2)cc1Cl,0.6
Cn1nc2cc(-c3ccc(C(=O)NC4CNCCC4c4cccc(F)c4)s3)ccn2c1=O,0.6667
Cc1nc(-c2c(-c3ccc(C4(N)CCC4)cc3)nc3c(Br)cccn23)[nH]c(=N)n1,0.6491
NC(COc1cncc(-c2cncc(F)c2)c1)Cc1c[nH]c2ccccc12,0.7377
CNCCn1cc(-c2ccc(F)c(C(F)(F)F)c2)nc1C1CCN(c2ncnc(N)c2C(=O)NC)CC1,0.88
CC(C)NC(=O)c1cc(-c2c(Cl)cnn2C)c(Cl)o1,0.6066
NC1(c2ccc(-c3nc4cc(C(=O)NCc5ccco5)ccn4c3-c3ccccc3)cc2)CCC1,0.6301
CNC(=O)c1cc(NC(=O)Cc2nc(N3CCOCC3)cc(=O)n2C)c(C)cc1F,0.6
Cc1cc(-c2cn(CCN(C)C)c(C3CCN(c4ncnc(N)c4C)CC3)n2)ccc1F,0.8382
O=C(Cc1nc(N2CCOCC2)cc(=O)[nH]1)Nc1ccc(CCNC(=O)c2cc(F)c(F)cc2Cl)cc1,0.6667
CC1CCc2ncnc(N3CCN(C(=O)C(CNC(=O)C4CCC(F)(F)CC4)c4ccc(F)cc4)CC3)c21,0.6267
COc1cc(NC(=O)c2ccc3nc(-c4ccc(C5(N)CCC5)cc4)c(-c4ccccc4)n3n2)c(OC)cc1Cl,0.6957
Nc1cc(N2CCC(c3nc(-c4ccc(O)c(C(F)(F)F)c4)cn3CCN3CCC3)CC2)ncn1,0.8507
Nc1cc(N2CCC(c3nc(-c4ccc(Cl)c(Cl)c4)cn3CCN3CCC3)CC2)ncn1,0.7538
Cn1ncc(-c2nnc(Cl)cc2Cl)c1-c1ccc(C(=O)NC2CNCCC2c2ccc(F)cc2F)cc1,0.6203
CC(NC(=O)C1(N)CCN(c2ncnc3[nH]ccc23)CC1)C(=O)NCCc1c(F)cccc1F,0.6111
Cn1c(CC(=O)N2CCc3c(OC(F)F)cccc32)nc(N2CCOCC2)cc1=O,1
O=C(NC(Cc1ccc(Cl)cc1)C(=O)N1CCN(c2ncnc3ccccc23)CC1)c1ccc(Cl)cc1,0.7288
CCNCCn1cc(-c2ccnc(C(F)(F)F)c2)nc1C1CCN(c2ncnc(N)c2C(N)=O)CC1,0.7821
COCCOCC(=O)NCC(Cc1ccc(F)c(F)c1)C(=O)N1CCN(c2ncnc3c2C(C)SC3)CC1,0.7342
NC1(C(=O)NCc2cc(F)c(F)cc2F)CCN(c2ncnc3[nH]ccc23)CC1,0.6885
CCn1c(-c2nonc2N)nc2c(C#CC(C)(C)O)nc(OCC(=O)NC(C)(C)C)cc21,0.7391
O=C(NC(c1cccc(Cl)c1)C1CCNCC1)c1cnnc(Cl)c1,0.6452
Cc1ncc(-c2cccc(C(F)(F)F)c2)nc1C1CCN(c2ncnc(N)c2C(N)=O)CC1,0.625
Cn1c(CC(=O)N2CCc3c(Cl)cccc32)nc(N2CCOCC2)cc1=S,1
CS(=O)(=O)c1c(N)ncnc1N1CCC(c2nc(-c3ccc(F)c(C(F)(F)F)c3)cn2CCCN2CCOCC2)CC1,0.6667
Cc1n[nH]c2ccc(-c3cncc(OCC(N)Cc4c(F)cc(F)cc4F)c3)cc2c1=O,0.8814
Cn1c(CC(=O)NC2CCOc3c(F)ccc(F)c32)nc(N2CCOCC2)cc1=O,0.6429
NC1(C(=O)NC(CO)c2cccc(Cl)c2)CCN(c2ncnc3c2CCC3)CC1,0.6081
CC1Cc2c(F)cccc2N1C(=O)Cc1nc(N2CCOCC2)cc(=O)n1-c1ccc(F)cc1,0.7794
Cn1c(CC(=O)NC(=O)Cc2ccc(F)cc2)nc(N2CCOCC2)cc1=O,0.625
NC(=O)NCCCC(NC(=O)c1cc(Br)c(-c2ccnc3[nH]ccc23)s1)c1ccccc1,0.8182
Cc1c[nH]c2ncnc(N3CCN(C(=O)C(CNC(=O)c4nc(Cl)ccc4Cl)Cc4ccc(F)c(F)c4)CC3)c12,0.6
O=C(NC(c1ccc(Cl)cc1)C1CCNCC1)c1cccc(Cl)c1,0.6102
Cn1ncc(Br)c1-c1oc(C(=O)NC(CN)Cc2ccc(Br)c(F)c2)cc1Cl,0.6338
CNCC(Nc1ncnc2c(C(N)=O)cccc12)c1ccc(F)c(Cl)c1,0.7627
CNC(=O)Cn1cc(-c2ccc(F)c(C(F)(F)F)c2)nc1C1CCN(c2ncnc(N)c2C#N)CC1,0.7848
CN(C)CCn1cc(-c2ccc(F)c(C(F)(F)F)c2)nc1C1CCN(c2ccncn2)CC1,0.6842
NC(=O)c1cccnc1N1CCC(c2nc(-c3cccc(F)c3)cn2CCN2CCCC2)CC1,0.6533
CNC(=O)Nc1cn2nc(-c3cnc(Cl)c(NS(=O)(=O)c4ccc(F)cc4F)c3)ccc2n1,0.6944
C=Cc1cc(-c2cn(CCN3CCC3)c(C3CCN(c4ncnc(N)c4Br)CC3)n2)ccn1,0.7534
Nc1ncnc(N2CCC(c3nc(-c4cccc(F)c4)cn3CCN3CCCC3)CC2)c1Cl,1
Cn1nc(-c2ccc(C(=O)NC3CNCCC3c3cccc(F)c3)c(Cl)c2)c2ccccc21,0.6053
Cn1c(CC(=O)N2CCc3c(F)cccc32)nc2cnc(N3CCOCC3)nc21,0.6618
NC1(c2ccc(-c3nc4ncc(Br)cn4c3-c3ccccc3)cc2)CCC1,0.6981
CC1Cc2cc(F)ccc2N1C(=O)Cc1nc(N2CCOCC2)cc(=O)n1C1CC1,0.8
Cn1c(CC(=O)NC(=O)Nc2cccc(Cl)c2Cl)nc(N2CCOCC2)cc1=O,0.6056
O=C(N1CCN(c2ncnc3cc(Cl)c(Cl)cc23)CC1)C1(c2ccc(Cl)c(Cl)c2)CCNCC1,0.6984
COc1ccc2nc(-c3ccc(C4(N)CC(C)(O)C4)cc3)c(-c3ccccc3)n2c1,0.7636
CC(C)NCCn1cc(-c2ccnc(C(F)(F)F)c2)nc1C1CCN(c2ncnc(N)c2C(N)=O)CC1,0.7949
CNC(=O)NC(Cc1ccc(C(F)(F)F)cc1)C(=O)N1CCN(c2ncnc3ccccc23)CC1,0.7031
Nc1ncnc(N2CCC(c3nc(-c4ccc(Cl)c(O)c4)cn3CCN3CCC3)CC2)c1F,0.7027
Cc1ccc(F)cc1-c1c(C(=O)NC2CNCCC2c2ccc(F)cc2)cnn1C,0.6
O=C(NCC(Cc1ccc(Cl)cc1)C(=O)N1CCN(c2ncnc3ccccc23)CC1)c1ccc(Cl)c(Cl)c1,0.6471
Cn1ncc(Br)c1-c1ccc(C(=O)NC2CNCCC2c2cc(F)ccc2F)o1,0.7143
CS(=O)(=O)NCCn1cc(-c2cc(F)ccc2F)nc1C1CCN(c2ncnc(N)c2C(N)=O)CC1,0.6506
CNC(=O)n1cc(-c2ccc(F)c(C(F)(F)F)c2)nc1C1CCN(c2cc(N)ncn2)CC1,0.6533
Cc1ccc(NC(=O)Cc2nc(N3CCOCC3)cc(=O)n2-c2ccc(F)c(F)c2F)cc1F,0.6286
COc1nc(C)c(C(=O)NCC2(N)CCN(c3ncnc4[nH]cc(Cl)c34)CC2)cc1F,0.6316
Cc1cc(F)ccc1NC(=O)Cc1nc(N2CCOCC2)cc(=O)n1-c1ccc(Br)cc1,0.6143
NC(Cc1ccc(F)cc1Cl)C(=O)N1CCN(c2ncnc3ccc(F)cc23)CC1,0.6562
O=C(Cc1nc(N2CCOCC2)cc(=O)[nH]1)NCC1CCc2c(Cl)cccc21,0.6056
Cc1c(F)cc(-c2cn(CCN3CCC3)c(C3CCN(c4ncnc(N)c4C(C)C)CC3)n2)cc1F,0.6533
O=C(C(S)Cc1ccccc1)N1CCN(c2ncnc3ccccc23)CC1,0.6491
Nc1ncnc(N2CCC(c3nc(-c4cc(F)cc(F)c4)cn3CCN3CCCC3)CC2)c1Br,0.8438
COc1c(N)ncnc1N1CCC(c2nc(-c3ccc(F)cc3F)cn2CCN2CCCC2)CC1,0.7013
Cn1cc(C(=O)NC2CCNCC2c2cccc(F)c2)cn1,0.6176
O=C(Nc1ccc(F)c(F)c1)C1c2c(Cl)cc(Cl)cc2CCN1C(=O)Cc1nc(N2CCOCC2)cc(=O)[nH]1,0.6133
Cc1cc(-c2cn(CC3CC3(F)F)c(C3CCN(c4ncnc(N)c4C(N)=O)CC3)n2)ccc1F,0.7838
Cc1cc(F)c(-c2cn(CCN3CCC3)c(C3CCN(c4ncnc(N)c4Br)CC3)n2)cc1F,0.7857
O=C(Cc1nc(N2CCOCC2)cc(=O)n1-c1cccc(Cl)c1)Nc1ccc(F)c(F)c1,0.6
COc1ccc(Cl)cc1NC(=O)C1(CN)CCN(c2ncnc3[nH]ccc23)CC1,0.6338
Cn1ncc(-c2cc(F)c(F)cc2F)c1C(=O)NC1CNCCC1c1ccc(F)cc1,0.6418
NC1(c2ccc(-c3nc4n(c3-c3ccsc3)COc3cc(F)ccc3-4)cc2)CCC1,0.7705
COc1cc(-c2cn(CC3CNC3)c(C3CCN(c4ncnc(N)c4Br)CC3)n2)ccc1F,0.7273
Cc1ccc(-c2cn(CCNC3CCCC3)c(C3CCN(c4cc(N)ncn4)CC3)n2)cc1F,0.6575
Cc1c(N)ncnc1N1CCC(c2nc(-c3cccc(Cl)c3)cn2CCN2CCC2)CC1,0.8235
NC1(C(=O)NC(Cc2ccc(F)cc2)C(=O)NC2CCCCC2)CCN(c2ncnc3[nH]ccc23)CC1,0.6164
O=C(Cc1ccc(N2CCOCC2)nn1)Nc1cccc(Br)c1,0.6333
NC(=O)Cc1cc(Br)cn2c(-c3ccccc3)c(-c3ccc(C4(N)CCC4)cc3)nc12,0.6719
NC1(C(=O)NC(c2ccccc2)C2CC2)CCN(c2ncnc3[nH]ccc23)CC1,0.8333
Cc1c(C(C)NC(=O)C2(N)CCN(c3ncnc4[nH]ccc34)CC2)cnn1C,0.6667
Cn1ncc(Cl)c1-c1cnc(C(=O)NC2CNCCC2c2cccc(F)c2)cc1F,0.7183
COCCC(NC(=O)C1(N)CCN(c2ncnc3c2C2CCC3C2)C1)c1ccc(Cl)cc1,0.6282
O=CC(NC(=O)c1cc(Br)c(-c2ccnc3[nH]ccc23)s1)C1CCCC1,0.6667
O=C(NC(Cc1ccc(Cl)cc1)C(=O)N1CCN(c2ncnc3ccccc23)CC1)c1cc(Cl)cc(Cl)c1,0.6825
CCc1ncc(C(=O)NC(c2ccc(Cl)c(Cl)c2)C2CNC2)cn1,0.6066
Cc1c(Cl)c(-c2ccc(C(=O)NC3CNCCC3c3ccc(F)c(F)c3)cc2)nn1C,0.6957
O=C(NC1CNCCC1c1ccccc1)c1cc(-c2cc(F)c(F)c(F)c2F)c(Cl)o1,0.6232
NC(Cc1cccc2ccccc12)C(=O)N1CCN(c2ncnc3ccccc23)CC1,0.6897
CC(=O)c1cc(NC(=O)Cc2nc(N3CCOCC3)cc(=O)n2C)ccc1Cl,0.6769
Cc1n[nH]c2cnc(-c3cncc(OCC(N)Cc4cccc5c4OC(F)(F)O5)n3)cc12,0.7639
NC(=O)c1cccn2c(-c3ccncc3)c(-c3ccc(C4(N)CCCC4)cc3)nc12,0.8148
O=C(NC1CNCCC1c1cc(F)cc(F)c1)c1ccc2c(c1)-c1nc(C(F)(F)F)nn1CCO2,0.6533
Cc1nc(-c2ccc(F)c(C(F)(F)F)c2)cc(C2CCN(c3ncnc(N)c3C#N)CC2)n1,0.6757
O=C(Cc1ccc(F)c(F)c1F)NC(Cc1ccc(Cl)cc1)C(=O)N1CCN(c2ncnc3ccccc23)CC1,0.6143
NC(=O)CC1(N)CCN(c2ncnc3[nH]cc(Cl)c23)CC1,0.6066
O=C(NCC(Cc1ccc(F)cc1)C(=O)N1CCN(c2ncnc3[nH]ccc23)CC1)c1cnccn1,0.6
Nc1ncnc(N2CCC(c3nc(-c4ccc(F)c(Cl)c4)cn3CCN3CCC3)C(F)C2)c1Br,0.7703
NC(=O)C1(c2ccc(Br)cc2)CCN(c2ncnc3[nH]nc(Cl)c23)CC1,0.7049
O=C(Cc1nc(N2CCOCC2)cc(=O)[nH]1)Nc1ccc(-c2csnn2)cc1,0.6825
Nc1ncnc(N2CCC(c3nc(-c4cnc(F)c(Cl)c4)cn3CCN3CCC3)CC2)c1F,0.8143
CC1SCCc2ncnc(N3CCN(C(=O)C(N)Cc4cnn(C)c4)CC3)c21,0.6143
Cn1ncc(-c2cnc(C(=O)NC3CNCCC3c3cccc(F)c3)cc2F)c1C1CC1,0.6267
CCS(=O)(=O)c1cccc(NC(=O)Cc2nc(N3CCOCC3)cc(=O)n2C)c1,0.6418
CC1(O)CC(N)(c2ccc(-c3nc4n(c3-c3ccccc3)COc3ccc(C(=O)NCCO)cc3-4)cc2)C1,1
Cc1nc(C(=O)NC2CNCCC2c2ccc(F)c(F)c2)sc1-c1c(Br)cnn1C,0.7183
COc1ccc(C(=O)NC(c2ccc(Cl)c(Cl)c2)C2CCCNC2)cc1Cl,0.6515
Cc1c(N2CCOCC2)nc(CC(=O)N2CCc3ccccc32)n(C)c1=O,0.6885
N#Cc1ccc(-c2cn(CCN3CCCC3)c(C3CCN(c4ncnc(N)c4F)CC3)n2)cc1F,0.7639
Cn1ncc(Br)c1CNC(=O)Cc1nc(N2CCOCC2)cc(=O)n1C,0.6119
NC(=O)c1cnc(-c2cncc(OCC(N)Cc3ccc(C(F)(F)F)cc3)c2)cc1Cl,0.6
Cc1ccc(C(=O)NC(c2ccc(Cl)c(Cl)c2)C2CNC2)cc1Cl,0.6491
CC1(O)CC(N)(c2ccc(-c3nc4n(c3-c3ccccc3)COc3ccc(C(=O)NC(C)(C)C)cc3-4)cc2)C1,0.8429
Cn1ncc(C(=O)NC2CNCCC2c2ccc(F)cc2)c1-c1ccc(Cl)s1,0.6286
Nc1ncnc(N2CCC(c3nc(-c4cc(F)c(F)c(F)c4)cn3CCS(=O)(=O)O)CC2)c1Cl,0.6351
CC1COCCN1c1nc(N2CCOCC2)nc2nc(-c3cccc(C(N)=O)c3)ccc12,0.6875
CC1COCCN1c1nc(N2CCOCC2C)c2ccc(-c3cccc(C(=O)NC4CC4)c3)nc2n1,0.6769
O=C(Cc1ccc(Cl)c(Cl)c1)NC(=O)Cc1nc(N2CCOCC2)cc(=O)[nH]1,0.6393
O=C(NCc1nc(N2CCOCC2)cc(=O)[nH]1)N1CCc2c1ccc(F)c2F,0.7581
CNS(=O)(=O)c1cc(Cl)ccc1-c1ccc(C(=O)NC2CNCCC2c2cccc(F)c2)s1,0.6076
Nc1ncnc(N2CCC(c3nc(-c4ccc(F)cc4)cn3CC(=O)N3CCC3)CC2)c1Br,0.7101
CN(C)C(=O)c1ccc(-c2cn(CCN3CCCC3)c(C3CCN(c4cc(N)ncn4)CC3)n2)cc1F,0.7606
Cn1nccc1C(=O)Nc1ccc(C(=O)NC2CNCCC2c2ccc(F)cc2)cc1F,0.6197
NC(=O)c1cccc2c(NC(CN3CC(F)C3)c3ccc(F)c(F)c3)ccnc12,0.6143
NC1(c2ccc(-c3nc4ccc(F)cn4c3-c3ccccc3)cc2)CCC1,0.76
Cn1cc(-c2cn(CCN3CCC3)c(C3CCN(c4cc(N)ncn4)CC3)n2)cn1,0.697
Nc1ncnc(N2CCC(c3nc(-c4ccc(O)c(Cl)c4)cn3CCN3CCC3)CC2)c1Br,0.8
COCCNC(=O)c1ccn2c(-c3ccccc3)c(-c3ccc(C4(N)CCC4)cc3)nc2c1,0.7059
Cc1ccc2ncnc(N3CCN(C(=O)CCCc4ccc(Cl)cc4)CC3)c2c1,0.6667
Cn1c(CC(=O)Nc2cccc(-c3cccnc3)c2)nc(N2CCOCC2)cc1=O,0.6232
NC(=O)c1ccc(-c2cn(CCN3CCC3)c(C3CCN(c4ncnc(N)c4F)CC3)n2)cc1F,0.7403
Cn1nc(-c2ccc(C(=O)NC3CNCCC3c3ccc(F)c(F)c3)cc2)cc1Br,0.7424
N=c1nc[nH]c(N2CCC(c3nc(-c4ccc(F)c(F)c4)cn3CCN3CCC3)CC2)c1Cl,0.6351
Cn1nccc1-c1cc(C(=O)NC2CNCCC2c2cccc(F)c2)no1,0.7463
O=C(Nc1cccc(F)c1)NC(Cc1ccc(Cl)cc1)C(=O)N1CCN(c2ncnc3ccccc23)CC1,0.6056
Cc1cc(C(=O)NC(c2ccc(Cl)c(Cl)c2)C2CCNC2)ccn1,0.6667
Nc1ncnc(N2CCC(c3nc(-c4ccc(C(F)(F)F)c(Cl)c4)cn3CCN3CCC3)CC2)c1Cl,0.8429
Cn1nc(-c2ccc(C(=O)NC3CNCCC3c3cccc(F)c3)s2)cc1S(C)(=O)=O,0.7143
Cc1ncc(-c2cc(F)c(C(N)=O)cn2)cc1-c1cncc(OCC(N)Cc2c(F)cccc2F)c1,0.6056
Cn1ncc(Br)c1-c1cc(C(=O)NC2CNCCC2c2ccc(F)cc2)no1,0.625
Nc1ncnc(N2CCC(c3nc(-c4ccc(F)c(C(F)(F)F)c4)cn3CCN3CCC3)CC2)c1Br,1
NC(Cc1ccc(F)c(F)c1)C(=O)N1CCN(c2ncnc3c(Br)csc23)CC1,0.6462
Nc1ncnc(N2CCC(c3nc(-c4ccc(F)c(Br)c4)cn3CCNCCO)CC2)c1Cl,0.6494
O=C(NC(Cc1ccc(Cl)cc1)C(=O)N1CCN(c2ncnc3ccc(F)cc23)CC1)c1ccc(Cl)s1,0.6027
COc1ccc(C2(C(=O)N3CCN(c4ncnc5ccccc45)CC3)CC2)cc1,0.625
NC(=O)c1c(N)ncnc1N1CCC(c2nc(-c3ccnc(C(F)(F)F)c3)cn2CCNC2CCCC2)CC1,0.8052
N#Cc1cccc(-c2cn(CCN3CCCC3)c(C3CCN(c4ncnc(N)c4C(F)(F)F)CC3)n2)c1,0.7403
NC1(c2ccc(-c3nc4ncc(-c5cn[nH]c5)cn4c3-c3ccccc3)cc2)CCC1,0.6769
NC(=O)Cn1cc(-c2cc(F)c(F)c(F)c2)nc1C1CCN(c2cc(N)ncn2)CC1,0.6
O=C(NCC(Cc1ccc(Cl)cc1)C(=O)N1CCN(c2ncnc3ccc(F)cc23)CC1)C1CC1,0.6111
COc1c(N)ncnc1N1CCC(c2nc(-c3cncc(Cl)c3)cn2CCNC(C)C)CC1,0.625
CN(C)c1ncnc(N2CCC(c3nc(-c4ccc(Cl)c(C#N)c4)cn3CCN3CCC3)CC2)c1Cl,0.6296
NC(Cc1ccc(Cl)cc1)C(=O)N1CCN(c2ncnc3ccc(N4CCOCC4)cc23)CC1,0.746
Cn1c(CC(=O)N2CCc3c(F)cccc32)nc(N2CCOCC2)c(O)c1=O,0.7077
O=C(NC(c1ccc(Cl)c(Cl)c1)C1CCNC1)c1cc(Cl)c(F)c(Cl)c1,0.6393
NC(=O)c1ccc2nc(-c3ccc(C4(NC(=O)CCO)CCC4)cc3)c(-c3ccccc3)n2n1,0.6935
Cc1c(-c2cnc3cc(C(=O)NC4CNCCC4c4ccc(F)c(F)c4)oc3n2)cnn1C,0.6049
CNCCn1cc(-c2ccnc(C(F)(F)F)c2)nc1C1CCN(c2ncnc(N)c2C#N)CC1,1
NC(Cc1c(F)cc(F)cc1F)C(=O)N1CCN(c2ncnc3[nH]ccc23)CC1,0.6833
CC1COCCN1c1nc(N2CCOCC2C)c2ccc(-c3cccc(C(=O)N4CCOCC4)c3)nc2n1,0.7097
O=C1CCCCN1c1cccc2c1CCN2C(=O)Cc1nc(N2CCOCC2)cc(=O)n1-c1ccc(F)cc1,0.6081
NC(Cc1ccc(Cl)cc1)C(=O)N1CCN(c2ncnc3cccc(C(F)(F)F)c23)CC1,0.7581
O=C(NC(c1ccc(Cl)c(Cl)c1)C1CCNC1)c1cnc(F)c(F)c1,0.6308
Cn1nncc1-c1ccc2nc(-c3ccc(C4(N)CCC4)cc3)c(-c3ccccc3)n2n1,0.6441
Cc1ccccc1Cc1c(N2CCOCC2)nc(CC(=O)N2CCc3c2cccc3C(F)(F)F)n1C,0.6622
NC(=O)c1ccc(-c2cn(CCN3CCCC3)c(C3CCN(c4ncnc(N)c4Cl)CC3F)n2)cc1F,0.7317
NCC1(C(=O)NCc2cc(Cl)cc(Cl)c2)CCN(c2ncnc3[nH]ccc23)C1,0.6308
Cn1ncc(Cl)c1-c1cnc(C(=O)NC2CNCCC2c2ccccc2)cc1F,0.6857
N#Cc1ccn2c(-c3ccccc3)c(-c3ccc(C4(N)CCC4)cc3)nc2c1,0.7222
O=C(Cc1nc(N2CCOCC2)cc(=O)n1-c1ccc(F)cc1)N1CCc2ccncc21,0.6866
O=C(NC1CCN(c2ncnc3[nH]cc(Cl)c23)CC1)c1ccc(F)cc1,0.6061
Cc1cc(-c2cn(CCN3CCCC3)c(C3CCN(c4ncnc(N)c4C(=O)NCCO)CC3)n2)ccc1F,0.8077
CCNCCn1cc(-c2ccnc(C(F)(F)F)c2)nc1C1CCN(c2ncnc(N)c2C(=O)NC)CC1,0.6951
Cc1cc(F)ccc1CC(N)COc1cncc(-c2cncc(C#N)c2)c1,0.6349
Cn1c(CC(=O)Nc2ccc(Br)cc2F)nc(N2CCOCC2)cc1=O,0.7143
Cc1c(Cl)cccc1NC(=O)Cc1nc(N2CCOCC2)cc(=O)n1C,0.6818
Cc1cc(-c2cn(CCNC3CCCC3)c(C3CCN(c4ncnc(N)c4Br)CC3)n2)ccc1F,0.8026
O=C(Cc1nc(N2CCOCC2)cc(=O)n1C1CCCCC1)N1CCc2c(F)cccc21,0.75
Cc1cc(-c2cn(CC3CCCN3)c(C3CCN(c4ncnc(N)c4C(F)(F)F)CC3)n2)ccc1F,0.6988
Cn1c(CC(=O)N2CCc3c(F)cccc32)nc(N2CCCOC2)c(F)c1=O,0.6056
Cn1ncc(C(=O)NC2CNCCC2c2ccc(F)c(F)c2)c1-c1ccc(F)cc1F,0.7101
O=C(c1nc(N2CCOC3CCCC32)ccc1Cl)N1CCc2c(F)cccc21,0.6027
NC(C(=O)N1CCN(c2ncnc3[nH]cc(Cl)c23)CC1)c1ccc(F)cc1,0.6452
Cc1n[nH]c2ccc(-c3cncc(OCC(N)Cc4ccccc4Br)c3)cc12,1
CCNC(=O)NC(=O)C1(N)CCN(c2ncnc3[nH]ccc23)CC1,0.65
O=S(=O)(Nc1cc(-c2ccc3nccnc3c2)cnc1Cl)c1ccc(F)cc1,0.6667
COc1c(F)c(N2CCOCC2)nc(CC(=O)N2CCc3c(F)cccc32)c1Cl,0.6324
CN(C)CCCc1ccc2nc(-c3ccc(C4(N)CCC4)cc3)c(-c3ccccc3)n2c1,0.6333
Cc1ncc2c(n1)-c1nc(-c3ccc(C4(N)CC4)cc3)c(-c3ccccc3)n1CO2,0.6667
NC(=O)c1cccn2c(-c3cccc(F)c3)c(-c3ccc(C4(N)CCC4)cc3)nc12,0.7895
Cn1nnnc1-c1cccc(NC(=O)Cc2nc(N3CCOCC3)cc(=O)n2C)c1,0.6056
CCOc1ncc(-c2nc3c(C)nc(N)nc3n(C3CCC(OCCO)CC3)c2=O)cc1OC,0.7083
Cn1nccc1C(=O)NC1CNCCC1c1ccc(F)c(F)c1,0.7333
CNC(=O)c1ccc2nc(-c3ccc(C4(N)CCC4)cc3)c(-c3ccc(C)cc3)n2c1,0.6833
Cc1cc(-c2cn(CCCCN(C)C)c(C3CCN(c4ncnc(N)c4S(C)(=O)=O)CC3)n2)ccc1F,0.6962
Nc1cncc(-c2cncc(OCC(N)Cc3cccc(F)c3)c2)c1,0.65
Cc1c(N)ncnc1N1CCC(c2nc(-c3ccc(C#N)cc3)cn2CCNC(C)C)CC1,0.6923
NC1(C(=O)NC(Cc2ccc(Cl)cc2)C(=O)NC(CO)Cc2ccccc2)CCN(c2ncnc3[nH]ccc23)CC1,0.726
Cn1c(CC(=O)Nc2ccc(F)c(-c3nc4cc(F)ccc4o3)c2)nc(N2CCOCC2)cc1=O,0.6667
O=C(Cc1nc(N2CCOCC2)cc(=O)n1-c1ccccc1)N1CCOc2c(F)cccc21,0.697
Cn1c(CC(=O)NCCc2c(F)ccc(F)c2Cl)nc(N2CCOCC2)cc1=O,0.6418
COc1ccc(-n2nc3ccc(NC(=O)Cc4nc(N5CCOCC5)cc(=O)[nH]4)cc3n2)cc1,0.6143
Cn1cc(C(=O)NC2CNCCC2c2cc(F)cc(F)c2)c(-c2ncccc2F)n1,0.6
O=C(NC1CNCCC1c1ccc(F)c(F)c1)c1ccccc1,0.6441
O=C(Cc1nc(N2CCOCC2)cc(=O)n1-c1ccccc1)N1CCCC(F)C1,0.6029
Cn1cc(N2CCOCC2)nc1CC(=O)Nc1ccc(F)c(C2CC2)c1,0.7778
Nc1ncnc(N2CCC(c3nc(-c4ccc(F)cc4)cn3CCN3CCC3)CC2)c1Br,0.9655
Cn1ncc(Cl)c1-c1cc(C(=O)NC2CNCCC2c2ccccc2)no1,0.6912
CSCC1(C(=O)NCc2ccccc2)CCN(c2ncnc3[nH]ccc23)CC1,0.6154
OCC1(c2ccc(-c3nc4n(c3-c3ccccc3)COc3cnccc3-4)cc2)CC(O)C1,0.6615
O=C(Cc1nc(N2CCOCC2)cc(=O)n1C1CC1)Nc1ccc(F)c(Br)c1,0.7619
Cn1c(CCCCC(=O)Nc2ccc(F)cc2)nc(N2CCOCC2)cc1=O,0.6119
O=C(Cc1nc(N2CCOC(CO)C2)cc(=O)[nH]1)NCc1ccc(F)cc1,0.6143
CNCCn1cc(-c2ccc(C)c(F)c2)nc1C1CCN(c2ncnc(N)c2Br)CC1,0.7297
O=C(NC1CNCCC1c1ccc(F)c(F)c1)c1cc(Cl)cnc1Cl,0.6269
CC(NC(=O)C1(CCNC(=O)c2cc(F)cc(F)c2F)CCN(c2ncnc3[nH]ccc23)CC1)c1ccc(Cl)cc1,0.6883
CC1CN(c2cc(=O)[nH]c(CC(=O)N3CCN(c4ccncc4F)CC3)n2)CCO1,0.6267
Nc1cc(N2CCC(c3nc(-c4cccnc4)cn3CCN3CCC3)CC2)ncn1,0.6912
CC1COCCN1c1cc(=O)n(C)c(CC(=O)N2CCc3c(F)cccc32)n1,0.7692
O=C(Nc1csc(-c2nncn2C2CCCCC2)n1)c1cc(-n2cnc(C3CC3)c2)c(N2CCCC2)cn1,0.84
NC1(C(=O)NC(C(=O)N2CCN(c3ncccc3C(F)(F)F)CC2)c2ccc(Br)cc2)CCN(c2ncnc3[nH]ccc23)CC1,0.6184
CC(C)NCCn1cc(-c2ccnc(C(F)(F)F)c2)nc1C1CCN(c2ncnc(N)c2C#N)CC1,0.8533
O=C(NC(c1ccc(Cl)c(Cl)c1)C1CCNC1)c1ccc(Br)nc1,0.6667
O=C(Cc1nc(N2CCOCC2)cc(=O)[nH]1)Nc1cccc(-c2nnc(C(F)(F)F)o2)c1,0.6618
Cc1cc(-c2cn(CCN3CCC3)c(C3CCN(c4ncccn4)CC3)n2)ccc1C(N)=O,0.6076
Cc1ccc2nc(-c3ccc(C4(N)CCC4)cc3)c(-c3ccccc3)n2n1,0.7755
CC(=O)NCCn1cc(-c2ccc(C(N)=O)c(F)c2)nc1C1CCN(c2ncnc(N)c2C#N)CC1,0.6747
Cc1nc(C#N)cn2c(-c3ccccc3)c(-c3ccc(C4(N)CCC4)cc3)nc12,0.7736
CNC(=O)C(NC(=O)C1(N)CCN(c2ncnc3[nH]ccc23)CC1)C1CCCCCC1,0.6143
Cn1ncc(Br)c1-c1oc(C(=O)NC2CNCCC2c2ccc(F)cc2)nc1C1CC1,0.6053
Cc1cc(-c2cn(CCN3CCCC3)c(C3CCN(c4ncnc(N)c4C(N)=O)CC3)n2)ccc1F,1
Nc1ncnc(N2CCC(c3nc(-c4cnc(F)c(F)c4)cn3CCN3CCC3)CC2)c1Cl,0.7794
Cc1nc(-c2ccc(C(=O)NC3CNCCC3c3cccc(F)c3)cc2)nn1C,0.6812
CC(C)CCNC(=O)C1(N)CCN(c2ncnc3[nH]ccc23)CC1,0.6667
O=C(NC(c1cccc(Cl)c1)C1CCNCC1)c1cc(F)c(F)c(F)c1,0.623
NC1(c2ccc(-c3nc4n(c3-c3ccccc3)COc3ccc(F)cc3-4)cc2)CCC1,0.7857
Nc1ncnc(N2CCC(c3nc(-c4ccnc(C(F)(F)F)c4)cn3CCN3CCC3)CC2)c1Cl,1
Cc1cccn2c(Br)c(-c3ccc(C(=O)NC4CNCCC4c4cc(F)cc(F)c4)c(F)c3)nc12,0.6
CNC(=O)OCC1CCN(c2cnc(C(=O)Nc3csc(-c4nncn4C(C)C(F)(F)F)n3)cc2C(F)(F)F)CC1,0.6122
CC1CN(c2cc(=O)[nH]c(CC(=O)Nc3ccc(F)c(F)c3)n2)CCO1,0.8361
CCOCCn1c(CC(=O)N2CCc3c(F)cccc32)nc(N2CCOCC2)cc1=O,0.75
Cc1[nH]c2c(N3CCN(C(=O)C(N)Cc4ccc(F)cc4)CC3)ncnc2c1C,0.6462
Cc1cc(-c2cn(CCN3CCC3)c(C3CCN(c4ncnc(N)c4F)CC3)n2)ccc1F,0.8507
Nc1ncnc(N2CCC(c3nc(-c4ccc(F)nc4)cn3CCN3CCC3)CC2)c1Cl,0.8
NC(=O)c1cccc(-c2cn3c(-c4ccccc4)c(-c4ccc(C5(N)CCC5)cc4)nc3cn2)c1,0.7167
Cn1ncc(C(=O)NC2CCNCC2c2cccc(F)c2)c1-c1ccccc1,0.6351
Cc1cc(NC(=O)Cc2nc(N3CCOCC3)cc(=O)n2C)ccc1Cl,0.6984
NC(=O)c1cccc(-c2cnc3cc(-c4ccccc4)c(C4CCC4)nn23)c1,0.6
Cn1c(CC(=O)Nc2ccc(F)c(-c3nc4ccccc4o3)c2)nc(N2CCOCC2)cc1=O,0.6761
CC(C)CC(NC(=O)C1(N)CCN(c2ncnc3[nH]ccc23)CC1)C(=O)NCc1ccc(F)cc1,0.6812
Cc1cc(C(=O)NCc2ccncc2)cn2c(-c3ccccc3)c(-c3ccc(C4(N)CCC4)cc3)nc12,0.7059
O=C(Cc1nc(N2CCOCC2)cc(=O)[nH]1)NCc1cc(Br)c(Br)s1,0.6154
O=C(Cc1nc(N2CCOCC2)cc(=O)n1-c1ccccc1)c1ccc(Cl)cc1,0.6094
NC(Cc1ccc(F)cc1)C(=O)N1CCN(c2ncnc3cc(Cl)c(Cl)cc23)CC1,0.7797
N#Cc1cc(-c2cn(CCN3CCCC3)c(C3CCN(c4ncnc(N)c4Cl)CC3)n2)ccc1F,0.8261
CC1COCCN1c1nc(N2CCOCC2)nc2nc(-c3cnc(N4CCCC4)nc3)ccc12,0.6032
N#CC(Cc1cccc(Cl)c1)NC(=O)C1(N)CCN(c2ncnc3[nH]ccc23)CC1,0.6622
O=C(Cc1nc(N2CCOCC2)cc(=O)[nH]1)Nc1cc(C(=O)NCCC2CC2)ccc1F,0.6429
Cn1ncc(-c2oc(C(=O)NC3CNCCC3c3cccc(F)c3)cc2Cl)c1Cl,0.6351
CC1(O)CN(c2cnc(C(=O)Nc3csc(-c4nncn4C4CC4)n3)cc2-n2cnc(C3CC3)c2)C1,0.859
Cc1nc(CC(=O)N2CCc3c(F)cccc32)nc(N2CCOCC2)c1F,0.6825
NCCn1cc(-c2ccnc(F)c2)nc1C1CCN(c2ncnc(N)c2C(N)=O)CC1,0.7639
O=C(Cc1nc(N2CCOCC2)cc(=O)[nH]1)NC1CCOc2ccc(F)cc21,0.6269
Cc1nc(C(=O)NC2CNCCC2c2ccc(Cl)cc2)oc1-c1c(Cl)cnn1C,0.7
COc1ccc(-n2c(CC(=O)Nc3ccc(F)c(F)c3)nc(N3CCOCC3)cc2=O)cc1,0.6056
CCOc1cc(N2CCOCC2)c(OCC)cc1NC(=O)Cc1nc(N2CCCC2)cc(=O)[nH]1,0.6164
CCc1c(N)ncnc1N1CCC(c2nc(-c3cccc(C#N)c3)cn2CCN2CCC2)CC1,0.7917
Cn1nc(-c2ccc(C(=O)NC3CNCCC3c3ccc(F)c(F)c3)cc2F)c(-c2ccc(Cl)cc2Cl)n1,0.6528
Cc1cc(C(=O)NC2CNCCC2c2ccc(F)c(F)c2)cc(C)c1F,0.6129
CN(C)C1(C(=O)NCc2cc(Cl)cc(Cl)c2)CCN(c2ncnc3[nH]ccc23)CC1,0.6667
COc1ncccc1C(=O)NC(c1ccc(Cl)c(Cl)c1)C1CCNCC1,0.6324
NC(=O)c1cccc2c(NC(CN3CCC3)c3cccc(Cl)c3)ncnc12,1
O=C(Cc1nc(N2CCOCC2)cc(=O)[nH]1)NCc1c(Cl)cc(Cl)cc1Cl,0.65
Cc1cc(F)ccc1NC(=O)Cc1nc(N2CCOCC2)cc(=O)n1C1CC1,0.6418
O=C(NC(Cc1ccc(Cl)cc1)C(=O)N1CCN(c2ncnc3ccccc23)CC1)C1CCNCC1,0.6324
Cn1c(CC(=O)NCC(O)c2ccc(F)c(F)c2)nc(N2CCOCC2)cc1=O,0.6324
Cn1ncc(Cl)c1-c1cc(C(=O)NC2(c3ccc(Br)cc3)CC2)oc1Cl,0.7258
NC(=O)Cn1cc(-c2ccc(F)c(C(F)(F)F)c2)nc1C1CCN(c2ncnc(N)c2F)CC1,0.75
O=C(N1CCN(c2ncnc3[nH]ccc23)CC1)C1(c2ccc(F)cc2)CC1,0.7241
CC1SCCc2ncnc(N3CCN(C(=O)C(N)Cc4ccc(F)cc4)CC3)c21,0.697
Cn1c(CC(=O)N2CCc3ccccc3C2S(=O)(=O)c2ccccc2)nc(N2CCOCC2)cc1=O,0.6143
Cn1ncc(Cl)c1-c1cc(C(=O)NC2(c3ccccc3Cl)CC2)oc1Cl,0.6562
Cc1c(-c2ccc(C(=O)NC3CNCCC3c3cccc(F)c3)cc2)nn(C)c1C,0.6714
NC1(c2ccc(-c3ccn4nc5ccc(F)cc5c4n3)cc2)CCC1,0.6333
O=C(Nc1ccc2c(c1)N(C(=O)Cc1nc(N3CCOCC3)cc(=O)n1-c1ccccc1)CC2)c1ccc(F)cc1,0.6944
Cc1nc(C)c(C(=O)NC(c2ccc(Cl)c(F)c2)C2CCNCC2)c(C)n1,0.6154
CC(C)Oc1c(N)ncnc1N1CCC(c2nc(-c3cnc(F)cc3F)cn2CCN2CCC2)CC1,0.7403
NC(=O)c1c(N)ncnc1N1CCC(c2nc(-c3cncc(F)c3)cn2CCN2CCCC2)CC1,0.7368
CCCC(=O)c1cncc(-c2cncc(OCC(N)Cc3ccc(F)cc3F)c2)c1,0.6029
NC(=O)NC(Cc1ccc(Cl)cc1)C(=O)N1CCN(c2ncnc3ccccc23)CC1,0.7458
Cn1ncc(Br)c1-c1cnc(C(=O)NC2CNCCC2c2ccc(F)cc2)o1,0.6571
Cn1ncc2cc(-c3cncc(OCC(N)Cc4c(F)cc(F)cc4F)c3)ccc21,0.6061
O=C(Cc1ccc(C(F)(F)F)cn1)N1CCN(c2ncnc3ccccc23)CC1,0.6032
Cc1c(-c2cc(NC(=O)Cc3nc(N4CCOCC4)cc(=O)n3C)ccc2F)cnn1C,0.7059
NC(Cc1ccc(Br)cc1)C(=O)N1CCN(c2ncnc3c2CCC3)CC1,0.65
CNC(=O)c1cc2c(-c3ccccc3)c(-c3ccc(C4(N)CCC4)cc3)nn2c(C)n1,0.6
O=C(NC1CNCCC1c1ccc(F)c(F)c1)c1cc2c(s1)CCCC2,0.625
O=C(c1ccncc1)N1CCN(c2ncnc3ccc(-c4cn[nH]c4)cc23)CC1,0.6
Cc1nc(N)c(Cl)n2c(-c3ccccc3)c(-c3ccc(C4(N)CCC4)cc3)nc12,0.6316
Cn1c(CC(=O)NCc2ccccc2C(F)(F)F)nc(N2CCOCC2)cc1=O,0.6056
NC(=O)c1c(N)ncnc1N1CCC(c2nc(-c3ccnc(F)c3)cn2CCN2CCCC2)CC1,0.8169
NCC(Cn1cc(-c2ccc(F)c(F)c2)nc1C1CCN(c2cc(N)ncn2)CC1)C1CC1,0.6957
COc1cc(-c2cn(CC3CNC3)c(C3CCN(c4ncnc(N)c4F)CC3)n2)ccc1C(N)=O,0.6506
CC1SCc2ncnc(N3CCN(C(=O)C(N)Cc4cc(F)c(F)cc4F)CC3)c21,0.7812
NC(COc1cnc(Cl)c(-c2cc(F)c3nc(C4CC4)ccc3c2)c1)Cc1c[nH]c2ccccc12,0.6364
CNc1ccc(-c2cn(CCN3CCCC3)c(C3CCN(c4cc(N)ncn4)CC3)n2)cc1F,0.8182
CCc1c(N)ncnc1N1CCC(c2nc(-c3ccc(Cl)c(F)c3)cn2CCN2CCC2)CC1,0.9697
CC(C)(C)OC(=O)NC(Cc1ccc(Cl)cc1)C(=O)N1CCN(c2ncnc3ccccc23)CC1,0.6515
Nc1cc(N2CCC(c3nc(-c4ccc(O)cc4)cn3CCN3CCCC3)C(F)C2)ncn1,0.6164
NC(COc1cncc(-c2ccc3cnccc3c2)c1)Cc1ccc(Cl)cc1Cl,0.625
CC1Cc2cc(F)ccc2N1C(=O)Cc1nc(N2CCOCC2)c(Cc2ccccc2)n1C,0.7286
O=C(Cc1nc(N2CCOCC2)cc(=O)n1-c1ccc(Br)cc1)N1CCc2c(F)cccc21,0.7313
Cc1ccc(-c2cn(CCN3CCC3)c(C3CCN(c4cc(N)ncn4)CC3)n2)cc1Cl,0.7576
NC1(c2ccc(-c3nc4ccc(C(=O)O)nn4c3-c3cccnc3)cc2)CCC1,0.7119
NC(CCCCCNC(=O)c1ccc(Cl)c(Cl)c1)C(=O)N1CCN(c2ncnc3ccccc23)CC1,0.6429
Nc1ncnc(N2CCC(c3nc(-c4ccnc(F)c4)cn3CCN3CCCC3)CC2)c1C(F)(F)F,0.7397
O=C(Cc1nc(N2CCOCC2)cc(=O)[nH]1)Nc1cc(C(=O)NCC(F)(F)F)ccc1F,0.6716
Cn1cc(-c2ccc(C(=O)NC3CNCCC3c3ccccc3)s2)c(-c2cc(F)ccc2F)n1,0.6
N#Cc1cc(-c2cn[nH]c2)c2nc(-c3ccc(C4(N)CCC4)cc3)c(-c3ccccc3)n2n1,0.7463
Cc1cc(-c2cn(CCNCC(C)C)c(C3CCN(C(=O)c4cscn4)CC3)n2)ccc1F,0.6279
CC(C)(C)CCn1cc(-c2cccc(C(N)=O)c2)nc1C1CCN(c2ncnc(N)c2Br)CC1,0.6154
O=C(Cc1nc(=O)cc(N2CCOCC2)[nH]1)N1CCc2ccc(F)cc21,0.7377
NC(=O)NC(Cc1ccc(Cl)cc1)C(=O)N1CCN(c2ncnc3cc(F)ccc23)CC1,0.7619
O=C(NCC(Cc1ccc(F)cc1)C(=O)N1CCN(c2ncnc3[nH]ccc23)CC1)c1c(Cl)ccc(F)c1Cl,0.6575
Cn1c(CC(=O)Nc2ccc(-c3ccncc3)c(Cl)c2)nc(N2CCOCC2)cc1=O,0.6377
N#Cc1ccc(-c2cn(CCNCC3CC3)c(C3CCN(c4ncnc(N)c4C(F)(F)F)CC3)n2)cc1F,0.7349
CC(NC(=O)c1cc(-c2c(Cl)cnn2C)c(Cl)o1)c1cccc(F)c1,0.6818
Cn1ncc2cc(-c3cc(OCC(N)Cc4ccccc4)cnc3-c3ccoc3)ccc21,0.6351
Cc1ccc(C)c(NC(=O)Cc2nc(N3CCOCC3)cc(=O)n2C)c1,0.6364
CC1SCc2ncnc(N3CCN(C(=O)CC(N)Cc4ccc(C(F)(F)F)cc4)CC3)c21,0.6429
O=C(NC(c1ccc(Cl)c(Cl)c1)C1CNC1)c1ccnc(Oc2cccnc2)c1,0.6364
CC(C)Cc1nc(-c2ccc(F)c(Cl)c2)cc(C2CCN(c3ncnc(N)c3C(N)=O)CC2)n1,0.6098
Nc1ncnc(N2CCC(c3nc(-c4ccc(F)c(Cl)c4)cn3CCN3CCC3)CC2)c1C(F)(F)F,0.7808
O=C(Cc1nc(N2CCOCC2)cc(=O)n1-c1ccc(F)cc1)N1CCc2cc(F)c(F)cc21,0.7302
Nc1ncnc(N2CCC(c3nc(-c4cccc(F)c4)cn3CCN3CCCC3)CC2)c1C1CC1,0.9524
O=C(NC(Cc1ccc(Cl)cc1)C(=O)N1CCN(c2ncnc3[nH]ccc23)CC1)c1ccc(F)c(Cl)c1,0.6618
NC1(C(=O)NC(=O)Cc2ccc(Cl)c(Cl)c2)CCN(c2ncnc3[nH]ccc23)CC1,0.6406
Cc1nc(NC(CN2CCC2)c2cccc(F)c2)c2cccc(C(N)=O)c2n1,0.7619
Nc1cc(N2CCC(c3nc(-c4cnc(F)c(Cl)c4)cn3CCN3CCC3)CC2)ncn1,0.7027
NC(=O)c1c(N)ncnc1N1CCC(c2nc(-c3ccnc(C(F)(F)F)c3)cn2CCN2CCCC2)CC1,0.971
Cn1ccc(-c2coc(C(=O)NC3CNCCC3c3ccc(F)c(F)c3)c2)n1,0.6901
CN(C)CCn1cc(-c2cc(F)c(C(F)(F)F)c(F)c2)nc1C1CCN(c2ncnc(N)c2C2CC2)CC1,0.7917
O=C1Cc2c(ncnc2N2CCC(c3nc(CCC(F)(F)F)cn3CCF)CC2)N1,0.6267
CNCCn1cc(-c2ccnc(Cl)c2C)nc1C1CCN(c2ncnc(N)c2Cl)CC1,0.68
COc1ccc(-n2c(CC(=O)Nc3ccc(F)c(Br)c3)nc(N3CCOCC3)cc2=O)cn1,0.6806
Nc1ncnc(N2CCC(c3nc(-c4cc(F)c(C(F)(F)F)c(F)c4)cn3CCN3CCCC3)CC2)c1C(F)(F)F,0.6944
NC1(C(=O)Nc2cccc(Cl)c2)CCN(c2ncnc3[nH]ccc23)CC1,0.6716
COc1c(F)ccc(-c2cn(CCNC(C)C)c(C3CCN(c4ncnc(N)c4C#N)CC3)n2)c1F,0.7284
O=C(Cc1nc(N2CCOCC2)cc(=O)n1-c1ccc(F)cc1Cl)Nc1ccc(F)cc1F,0.6119
Cc1cc(F)ccc1-n1c(CC(=O)N2CCc3c(N)cccc32)nc(N2CCOCC2)cc1=O,0.6301
NC1(C(=O)NC(Cc2ccc(Cl)cc2)C(=O)NCc2ccc(F)cc2)CCN(c2ncnc3[nH]ccc23)CC1,0.7164
O=C(NC1CNCCC1c1ccc(F)cc1)c1cc(F)c(F)cc1F,0.6724
NC(=O)c1ccnc2c(NC(CN3CCCC3)c3cccc(F)c3)ncnc12,0.9643
CC1SCc2ncnc(N3CCC(N)(C(=O)NC(Cc4ccc(F)c(F)c4)C(N)=O)CC3)c21,0.64
Cc1cccc(C(=O)NC(Cc2ccc(Cl)cc2)C(=O)N2CCN(c3ncnc4ccccc34)CC2)c1,0.6324
Cc1nc(-c2nc(NC(=O)c3cc(-n4cnc(C5CC5)c4)c(N4CCC(O)C4)cn3)cs2)n(C)n1,0.6292
Cc1nc(-c2cn(CCN3CCC3)c(C3CCN(c4ncnc(N)c4C(N)=O)CC3)n2)cs1,0.7013
O=C(Cc1nc(N2CCOCC2)cc(=O)n1C1CC1)N1CCc2c(F)cccc21,0.8125
NC(=O)NCCCc1c(N)ncnc1N1CCC(c2nc(-c3ccc(F)c(C(F)(F)F)c3)cn2CCNCC(F)(F)F)CC1,0.6778
Cc1n[nH]c2cnc(-c3cc(F)ccc3OCC(N)Cc3ccccc3)cc12,0.6406
NC1(C(=O)NC2CCCCC2)CCN(c2ncnc3[nH]cc(Cl)c23)CC1,0.6
NC1(C(=O)NC(=O)c2c(Cl)c(F)c(F)c(F)c2Cl)CCN(c2ncnc3[nH]ccc23)CC1,0.619
NC(=O)c1ccnc2c(NC(CN3CCC(c4ccc(F)cc4)CC3)c3ccccc3)ncnc12,0.6667
CC1CN(c2cc(=O)[nH]c(CC(=O)NCc3ccc4c(c3)OCO4)n2)CCO1,0.6111
Nc1ncnc(N2CCC(c3nc(-c4ccsc4)cn3CCN3CCCC3)CC2)c1Cl,0.7576
O=C(NC1CNCCC1c1ccc(F)c(F)c1)c1cc2c(s1)OCCO2,0.6667
Cc1c[nH]c(-c2ccc(C(=O)NC3CNCCC3c3cccc(F)c3)cc2)n1,0.6286
Cn1c(CC(=O)N2CCc3ccccc32)nc(N2CCOCC2)c1Cc1ccccc1,0.6667
Cc1nc(CCC(N)=O)nn2c(-c3ccccc3)c(-c3ccc(C4(N)CCC4)cc3)nc12,0.6462
Cc1n[nH]c2cnc(-c3cncc(OCC(N)Cc4cc(F)ccc4F)c3)cc12,0.8667
COc1ccc(-n2c(CC(=O)N3c4cccc(F)c4CC3C)nc(N3CCOCC3)cc2=O)cc1,0.7361
NC(Cc1ccc(Cl)c(F)c1)C(=O)N1CCN(c2ncnc3cc(F)ccc23)CC1,0.8167
CCN(CC)CCn1cc(-c2ccc(F)c(Cl)c2)nc1C1CCN(c2ncnc(N)c2C(N)=O)CC1,0.8533
N=C(N)NCCCC(CC(=O)NCCc1ccccc1)NC(=O)c1cc(Br)c(-c2ccnc3[nH]ccc23)s1,0.6203
NCC(=O)NCC(NC(=O)c1cc(Br)c(-c2ccnc3[nH]ccc23)s1)c1ccccc1,0.8095
Nc1cc(N2CCC(c3nc(-c4ccncc4)cn3CCN3CCC3)CC2)ncn1,0.7344
Cc1cccc2ncnc(N3CCN(C(=O)C(N)Cc4ccc(Cl)cc4)CC3)c12,1
NC1(C(=O)NCCc2c(F)ccc(F)c2Cl)CCN(c2ncnc3[nH]ccc23)CC1,0.6719
COc1cc(-c2cn(CCN3CCCC3)c(C3CCN(c4cc(N)ncn4)CC3)n2)ccc1C#N,0.6849
COc1cc(-c2cn(CCN3CCCC3)c(C3CCN(c4ncnc(N)c4C(N)=O)CC3)n2)ccc1F,0.9718
O=C(Cc1nc(N2CCOCC2)cc(=O)[nH]1)Nc1ccc(F)c(C(=O)NCc2ccc(F)cc2)c1,0.7121
Cn1cc(-c2csc(C(=O)NC3CNCCC3c3cccc(F)c3)c2)cn1,0.7429
NC(=O)n1cc(-c2cc(OCC(N)Cc3c[nH]c4ccccc34)cnc2Cl)cn1,0.6389
Cc1cccc2ncnc(N3CCN(C(=O)C(N)Cc4ccc(F)c(F)c4)CC3)c12,0.7869
O=C(NC(c1ccc(Cl)c(F)c1)C1CCNCC1)c1ccsc1,0.625
Cn1ncc(Cl)c1-c1cc(C(=O)NC2CNCCC2c2ccc(F)cc2)cc(Cl)c1F,0.6479
NC(=O)c1cccc2c(NC(CN3CC(O)C3)c3cc(F)ccc3F)ncnc12,0.6232
Cc1cc(N2CCC(c3nc(-c4ccc(C)c(F)c4)cn3CCNC(C)C)CC2)ncn1,0.6049
Cn1ncc(Cl)c1-c1oc(C(=O)NC2CCCNC2)cc1Br,0.6765
O=C(NC1CNCCC1c1ccc(F)c(F)c1)c1cc2c(s1)OCCCO2,0.6479
O=C(NC1CNCCC1c1ccc(F)c(F)c1)c1ccc(Cl)c(Cl)c1,0.6508
COc1ccc2ncnc(N3CCN(C(=O)C(N)Cc4ccc(Cl)cc4)CC3)c2n1,0.6615
O=C(Cc1nc(N2CCOCC2)cc(=O)[nH]1)Nc1cccc(-c2cnc3cc(C(F)(F)F)ccc3n2)c1,0.6184
O=C(NCc1cc(Cl)cc(Cl)c1)C1(C(=O)NCC(F)(F)F)CCN(c2ncnc3[nH]ccc23)CC1,0.6269
CNC(=O)c1nc2ccc(-c3cnc(Cl)c(NS(=O)(=O)c4ccc(F)cc4F)c3)cc2s1,0.6338
CN(C)c1ccc(-c2cn(CCN3CCC3)c(C3CCN(c4ncnc(N)c4Br)CC3)n2)cc1F,0.8
Nc1ccc(-c2cncc(OCC(N)Cc3c[nH]c4ccccc34)c2)cn1,0.7833
Cc1c(-c2ccc(C(=O)NC3CNCCC3c3ccc(F)c(F)c3)c(N)c2)cnn1C,0.6389
CNC(=O)SCCC(NC(=O)C1(N)CCN(c2ncnc3[nH]ccc23)CC1)c1ccc(Cl)cc1,0.7857
CC(C)NCCn1cc(-c2cccc(C#N)c2)nc1C1CCN(c2ncnc(N)c2Cl)CC1,0.6506
Cc1ncccc1C(=O)NC(c1ccc(Cl)c(F)c1)C1CCNCC1,0.6119
Cc1cc(-c2cn(CCNCC(F)F)c(C3CCN(c4cc(N)ncn4)CC3)n2)ccc1F,0.6386
NC1(C(=O)NCc2ccc(F)c(F)c2)CCN(c2ncnc3cc(Cl)ccc23)CC1,0.6406
O=C(Cc1ccc(Cl)cc1)NCC(Cc1ccc(Cl)cc1)C(=O)N1CCN(c2ncnc3ccccc23)CC1,0.7097
NC(=O)c1nc2ccc(-c3cnc(Cl)c(NS(=O)(=O)c4ccc(F)cc4)c3)cc2s1,0.7797
NC1(c2ccc(-c3nc4cc(C(=O)NC5COC5)ccn4c3-c3ccccc3)cc2)CCC1,0.6429
Cc1ccc(-c2cn(CCNC3CCCC3)c(C3CCN(c4ncnc(N)c4C)CC3)n2)cc1F,0.7308
Cn1c(CC(=O)OCC(=O)Nc2ccc(F)cc2)nc(N2CCOCC2)cc1=O,0.6418
NC(COc1cncc(-c2cnc3cn[nH]c3c2)c1)Cc1cccc(Cl)c1,0.6462
Cc1nc(-c2ccc(C(=O)NC3CNCCC3c3ccc(F)c(F)c3)cn2)no1,0.6957
COc1ccc(-c2cn(CCN3CCC3)c(C3CCN(c4ncnc(N)c4Cl)CC3)n2)cn1,0.7143
NC1(C(=O)NC(=O)C2CCCN2C(=O)Cc2ccc(Cl)cc2)CCN(c2ncnc3[nH]ccc23)CC1,0.6286
NC(Cc1c[nH]cn1)C(=O)N1CCN(c2ncnc3ccccc23)CC1,0.6667
NC(=O)c1ccnc2c(NC(CN3CCC3)c3ccc(F)c(F)c3)cccc12,0.6818
CC(=O)c1ccc(-c2cn(CCN3CCC3)c(C3CCN(c4ncnc(N)c4C)CC3)n2)cc1F,0.7143
O=C(NC1CCCC1)c1cc(Br)c(-c2ccnc3[nH]ccc23)s1,0.6615
NC1(c2ccc(-c3nc4c([N+](=O)[O-])cccn4c3-c3ccccc3)cc2)CCC1,0.717
COc1c(N2CCOCC2)nc(CC(=O)N2CCc3c(F)cccc32)n(C)c1=O,0.6765
CC(C)CNC(=O)c1cc(Br)c(-c2ccnc3[nH]ccc23)s1,0.7333
Cn1c(CC(=O)Nc2ccc(S(=O)(=O)C(F)F)cc2)nc(N2CCOCC2)cc1=O,0.6667
O=C(Nc1csc(-c2nncn2C2CC2)n1)c1cc(C(F)(F)F)c(N2CCN(C3CCC3)CC2)cn1,0.679
NC(=O)NC(=O)C1(N)CCN(c2ncnc3[nH]ccc23)CC1,0.6607
Cc1nc(N)c2c(n1)OCn1c-2nc(-c2ccc(C3(N)CC(C)(O)C3)cc2)c1-c1ccccc1,0.7031
Cn1c(CC(=O)Nc2cnn(Cc3c(F)cccc3F)c2)nc(N2CCOCC2)cc1=O,0.6429
NC(Cc1ccc(F)c(F)c1)C(=O)N1CCN(c2ncnc3[nH]c4cc(Cl)ccc4c23)CC1,0.6324
Cc1cc(C(N)=O)cn2c(-c3ccc(F)cc3)c(-c3ccc(C4(N)CCC4)cc3)nc12,0.8421
Cc1ccc(NC(=O)Cc2nc(N3CCOCC3)cc(=O)n2-c2ccccc2C)cc1F,0.6143
Cn1c(CC(=O)NCc2c(F)cc(F)cc2F)nc(N2CCOCC2)cc1=O,0.6406
Cn1c(CC(=O)Nc2ccc(F)c(F)c2)nc(N2CCOCC2)c(F)c1=O,0.6061
CC(=O)N=c1[nH]c2ccc(-c3cncc(OCC(N)Cc4cccc(Cl)c4)c3)cc2s1,0.6164
O=C(NC(c1cccc(Cl)c1)C1CCNCC1)c1ccc(Cl)c(O)c1,0.6667
Cn1c(CC(=O)N2CCc3c(Cl)cccc32)nc(N2CCOCC2)c(OCc2ccc(Cl)c(Cl)c2)c1=O,0.6267
O=C(NC1CNCCC1c1ccc(F)c(F)c1)c1ccc(Cl)o1,0.6029
COc1ncc(-c2cncc(OCC(N)Cc3cccc(Cl)c3)c2)c(C)n1,0.6029
O=C(NC(c1ccc(Cl)c(Cl)c1)C1CCNCC1)c1cnnc(Cl)c1,0.6393
Cc1c[nH]c2ncnc(N3CCC(N)(CNC(=O)c4ccc(F)c(F)c4)CC3)c12,0.7385
CCc1c(N)ncnc1N1CCC(c2nc(-c3ccccc3)cn2CCN2CCCC2)CC1,0.8413
NC1(c2ccc(-c3nc4n(c3-c3ccccc3)COc3cc(F)c(F)cc3-4)cc2)CCC1,0.7679
CN(C)CCn1cc(-c2cc(Cl)c(F)cc2Cl)nc1C1CCN(c2ncnc(N)c2Br)CC1,0.6753
Cc1cc(-c2cn(CCN(C)C)c(C3CCN(c4ncnc(N)c4C(N)=O)CC3)n2)cc(F)c1F,0.8356
CCc1c(N)ncnc1N1CCC(c2nc(-c3cccc(C#N)c3)cn2CCNCC2CC2)CC1,0.6471
CNC1(C(=O)NCc2cccc(Cl)c2)CCN(c2ncnc3[nH]ccc23)CC1,0.6364
COc1ccccc1Cc1c(N2CCOCC2)nc(CC(=O)N2CCc3ccccc32)n1C,0.6087
Cn1nc(-c2ccc(C(=O)NC3CNCCC3c3cccc(F)c3)c(F)c2)cc1Br,0.6111
CC(NC(=O)C1Cc2ccccc2N1C(=O)Cc1nc(N2CCOCC2)cc(=O)[nH]1)c1ccccc1,0.7183
N#CC(Cc1ccccc1)NC(=O)C1(N)CCN(c2ncnc3[nH]ccc23)CC1,0.6957
Cn1c(CC(=O)NCC(=O)NCc2ccc(F)cc2)nc(N2CCOCC2)cc1=O,0.6029
NC(=O)CNC(=O)c1cc(Br)c(-c2ccnc3[nH]ccc23)s1,0.6885
Cn1c(CC(=O)NC2CCc3cccc(O)c3C2)nc(N2CCOCC2)cc1=O,0.6056
Cn1c(CC(=O)NCc2ccc(Br)cc2F)nc(N2CCOCC2)cc1=O,0.6667
NC(CNC(=O)c1cc(Br)c(-c2ccnc3[nH]ccc23)s1)Cc1ccc(F)cc1,0.7463
Cn1cc(-c2ccc(F)c(C(F)(F)F)c2)nc1C1CCN(c2ncnc(N)c2Cl)CC1,0.8125
NC(=O)c1c(N)ncnc1N1CCC(c2nc(C3CCCCC3)cn2CCN2CCCCC2)CC1,0.6901
NC(Cc1ccc(Cl)cc1F)C(=O)N1CCN(c2ncnc3ccccc23)CC1,0.7458
O=C(c1ccc(COc2ccc(C(F)(F)F)cc2)cc1)N1CCN(c2ncnc3ccccc23)CC1,0.6308
Cn1ncc(Br)c1C(=O)NC1CCNCC1c1ccc(Cl)cc1,0.6119
COc1c(F)c(CC(=O)N2CCc3c(F)cccc32)nc(N2CCOCC2)c1Cl,0.6
Cn1c(CC(=O)Nc2ccc(F)c(Cl)c2)nc(N2CCOC(CO)C2)cc1=O,0.6111
O=C(Cc1nc(N2CCOCC2)cc(=O)n1-c1ccccc1OC(F)F)Nc1ccc(F)c(C2CC2)c1,0.6711
Cc1cc(C)cc(C(=O)NC(c2ccc(Cl)c(Cl)c2)C2CCNC2)c1,0.6393
Cn1ncc(Cl)c1-c1cc(C(=O)NC(Cc2ccccc2)C(N)=O)sc1Cl,0.6324
CCn1c(-c2nonc2N)nc2c(C#CC(C)(C)O)nc(CN3CCOCC3C)cc21,0.7429
NC1(c2ccc(-c3nc4ccc(OC(F)(F)F)nn4c3-c3ccccc3)cc2)CCC1,0.7636
O=C(Cc1cc(N2CCOCC2)nc(C2CC2)n1)N1CCc2cc(F)c(F)cc21,0.625
Cc1cc(-c2ccc(C(=O)NC3CNCC3c3ccc(F)c(F)c3)c(F)c2)nn1C,0.6087
O=C(C(CNC(=O)C(F)(F)F)Cc1ccc(Cl)cc1)N1CCN(c2ncnc3ccccc23)CC1,0.6875
CC1SCc2ncnc(N3CCN(C(N)=O)CC3)c21,0.6102
COc1cnc(Cl)cc1C(=O)NC(c1ccc(Cl)c(F)c1)C1CCNCC1,0.6056
Nc1ncnc(N2CCC(c3nc(-c4ccc(F)c(F)c4)cn3CCN3CCCCC3)CC2)c1C(=O)NC1CC1,0.7125
Cn1ccc(-c2cnc(C(=O)NC3CNCCC3c3cccc(F)c3)cc2F)c1,0.6216
O=C(Cc1nc(N2CCOCC2)cc(=O)[nH]1)NC1(C(=O)NCc2ccc(F)cc2)CCC1,0.6
Cn1c(CC(=O)Nc2ccc(F)c(-c3nc4ncccc4o3)c2)nc(N2CCOCC2)cc1=O,0.6486
Cn1nccc1-c1cc(C(=O)NC2CNCCC2c2ccc(F)cc2)ccc1F,0.7778
O=C(Nc1csc(-c2nncn2C2CC2)n1)c1cc(-n2cnc(C3CC3)c2)c(F)cn1,0.7973
O=C(NC(Cc1ccc(Cl)cc1)C(=O)N1CCN(c2ncnc3ccccc23)CC1)c1ccccc1F,0.6615
N#Cc1cc(-c2ccc3nc(-c4ccc(C5(N)CCC5)cc4)c(-c4ccccc4)n3c2)ccc1Cl,0.678
O=C(NC(c1cccc(Cl)c1)C1CCNCC1)c1ccc(Br)c(Cl)c1,0.6557
NC1(C(=O)NCc2cccc(Cl)c2F)CCN(c2ncnc3[nH]ccc23)C1,0.6269
O=C(Cc1nc(N2CCOCC2)cc(=O)[nH]1)NC1CCOc2cc(Cl)ccc21,0.6515
O=C(NC(C(=O)O)c1ccccc1)c1cc(Br)c(-c2ccnc3[nH]ccc23)s1,0.7667
Cc1nc(C)n(-c2cc(NC(=O)Cc3nc(N4CCOCC4)cc(=O)[nH]3)ccc2C)n1,0.6567
Cn1c(CC(=O)N2CCc3c(Br)cccc32)nc(N2CCCC2)cc1=O,0.8421
Cn1nc(-c2ccc(C(=O)NC3CNCCC3c3cccc(F)c3)nc2)c2ccccc21,0.6944
O=C(NC1CNCCC1c1cc(F)cc(F)c1)c1ccc2c(c1)OCO2,0.6308
Cc1ccccc1CC(N)COc1cncc(-c2ccc3c(c2)CC(=O)N3)c1,0.7313
CC(n1cnnc1-c1nc(NC(=O)c2cc(-n3cnc(C4CC4)c3)c(N3CC(F)C3)cn2)cs1)C(F)(F)F,0.8875
NC(Cc1ccc(F)cc1)C(=O)N1CCN(c2nc(C(F)(F)F)nc3ccccc23)CC1,0.6508
O=C(NC(c1ccc(Cl)c(F)c1)C1CCNCC1)c1ccc(OCC2CC2)nc1,0.6143
Cc1ccc(-c2cn(CCN3CCCC3)c(C3CCN(c4cc(N)ncn4)CC3F)n2)cc1F,0.6712
Cc1n[nH]c2cnc(-c3cncc(OCC(N)Cc4cc(Cl)on4)c3)cc12,0.6719
Cn1c(CC(=O)NC2Cc3ccc(F)c(F)c3C2)nc(N2CCOCC2)cc1=O,0.6338
Cn1nc(-c2ccc(C(=O)NC3CNCCC3c3cccc(F)c3)cc2)cc1C#N,0.6438
Nc1ncnc(N2CCC(c3nc(-c4ccc(F)cc4F)cn3CCN3CCCC3)CC2)c1F,0.6944
CC(NC(=O)C1(N)CCN(c2ncnc3[nH]ccc23)CC1)c1ccc(-n2cccn2)cc1F,0.6438
Cc1ccc(C(NC(=O)c2ccc(Cl)c(Cl)c2)C2CCNCC2)cc1F,0.6349
CCC(NC(=O)C1(N)CCN(c2ncnc3[nH]cc(C)c23)CC1)c1ccc(Cl)cc1,0.8438
CC(C)c1nc(-c2ccc(F)c(OC(F)F)c2)cc(C2CCN(c3ncnc(N)c3C(N)=O)CC2)n1,0.6429
CC1COCCN1c1nc(N2CCCN(C)CC2)nc2nc(-c3cccc(CO)c3)ccc12,0.6056
CCn1cc(-c2cncc(Cl)c2)nc1C1CCN(c2ncnc(N)c2Cl)CC1,0.6857
NC(=O)c1cccc2c(NC(CN3CCC(F)C3)c3cc(F)cc(F)c3)ncnc12,0.697
CNCCn1cc(-c2cnc(OC(C)C)c(Cl)c2)nc1C1CCN(c2ncnc(N)c2Cl)CC1,0.6296
CN1CC(NC(=O)c2cccn3c(-c4ccccc4)c(-c4ccc(C5(N)CCC5)cc4)nc23)C1,0.7077
CCc1c(N)ncnc1N1CCC(c2nc(-c3cn(C)cc3F)cn2CC2CC2)CC1,0.6486
Cc1cc(Cl)cc(-c2cn(CCN(C)C)c(C3CCN(c4ncnc(N)c4Br)CC3)n2)c1,0.6842
CCn1cc(-c2ccc(F)c(F)c2)nc1C1CCN(c2ncnc(N)c2Cl)CC1,0.7846
CN(C)CCn1cc(-c2ccc(C#N)cc2F)nc1C1CCN(c2ncnc(N)c2F)CC1,0.6375
O=C(NC1CNCCC1c1cccc(F)c1)c1ccc(-c2nc3ccc(Cl)cc3nc2Cl)s1,0.6154
Cn1ncc(C(=O)NC2CNCCC2c2ccc(F)c(F)c2)c1Cl,0.7344
Nc1cc(N2CCC(c3nc(-c4ccc(C(F)(F)F)c(Cl)c4)cn3CCN3CCC3)CC2)ncn1,0.8116
Cn1cc(-c2ccc(F)c(C(F)(F)F)c2)nc1C1CCN(c2ncnc(N)c2Br)CC1,1
O=C(Cc1nc(N2CCOCC2)c(F)c(O)c1Cl)N1CCc2c(F)cccc21,0.6615
Cc1ncc(NC(=O)Cc2nc(N3CCOCC3)cc(=O)[nH]2)cc1-c1cnn(C)c1Cl,0.6232
CNC(=O)Cn1cc(-c2ccc(F)c(C(F)(F)F)c2)nc1C1CCN(c2ncnc(N)c2Br)CC1,0.7308
N#Cc1c(OCC(N)Cc2c[nH]c3ccccc23)cncc1-c1ccc2cnccc2c1,0.7761
NC(COc1cncc(-c2ccc3c(c2)C(F)(F)C(=O)N3)c1)Cc1cc(F)cc(F)c1,0.6667
NC(=O)NC(Cc1ccc(C(F)(F)F)c(F)c1)C(=O)N1CCN(c2ncnc3ccccc23)CC1,0.6286
NCCNC(=O)c1cccn2c(-c3ccccc3)c(-c3ccc(C4(N)CCC4)cc3)nc12,0.7333
O=C(NC(c1ccc(Cl)c(Cl)c1)C1CNC1)c1ccnnc1Cl,0.6
CCCNS(=O)(=O)c1ccc(NC(=O)Cc2nc(N3CCOCC3)cc(=O)n2C)cc1,0.6232
Nc1ncnc(N2CCC(c3nc(-c4ccc(F)c(C(F)(F)F)c4)cn3CC(=O)O)CC2)c1S(N)(=O)=O,0.6625
NC1(c2ccc(-c3nc4n(c3-c3ccccc3)COc3ncc(Cl)nc3-4)cc2)CC1,0.619
Cc1c(Br)ccc2nc(-c3ccc(C4(N)CCC4)cc3)c(-c3ccccc3)n12,0.6481
Cn1nc(-c2ccc(C(=O)NC3CNCCC3c3ccc(F)c(F)c3)cc2)c2cccnc21,0.662
Fc1ccc(-c2cn(CCN3CCC3)c(C3CCN(c4cc(N5CCOCC5)ncn4)CC3)n2)cn1,0.6197
O=C(N1CCN(c2ncnc3[nH]ccc23)CC1)C1(c2c(F)cccc2F)CC1,0.6129
COc1cc(-c2cn(CCN3CCC3)c(C3CCN(c4ncnc(N)c4Br)CC3)n2)cc(Cl)c1F,0.7237
Cc1n[nH]c2ccc(-c3cncc(OCC(N)Cc4cccs4)c3)cc12,0.7143
Cn1c(CC(=O)Nc2ccc3c(c2)sn3C)nc(N2CCOCC2)cc1=O,0.6769
Cn1sc2cc(-c3cncc(OCC(N)Cc4c(F)cc(F)cc4F)c3)ccc21,0.6061
Cc1cnn(C)c1-c1ncc(C(=O)NC2CNCCC2c2ccc(Cl)cc2)o1,0.7015
O=C(CCCc1nc(N2CCOCC2)cc(=O)[nH]1)Nc1cc(F)ccc1F,0.6825
Cn1c(CC(=O)NCCOc2ccccc2F)nc(N2CCOCC2)cc1=O,0.6
Cn1nc(Cl)nc1-c1nc(NC(=O)c2cc(-n3cnc(C4CC4)c3)c(N3CC(O)C3)cn2)cs1,0.631
COc1ccc(-c2cn(CC3CNC3)c(C3CCN(c4ncnc(N)c4Br)CC3)n2)cc1F,0.7051
Cn1ncc(Cl)c1-c1cc(C(=O)NC2CNCCC2c2ccc(F)cc2)on1,0.6389
O=C(NCCc1nc(N2CCOCC2)cc(=O)[nH]1)c1ccc(F)c(F)c1,0.619
CCN(CC)CCn1cc(-c2ccc(F)c(F)c2)nc1C1CCN(c2ncnc(N)c2C#N)CC1,0.8873
CNCC(Nc1ncnc2c(C(N)=O)ccnc12)c1ccc(-c2cnc(C)o2)nc1,0.6406
O=C(NC(c1ccc(Cl)c(Cl)c1)C1CNC1)c1cnc(Cl)c(Cl)c1,0.6379
CCc1cccc2ncnc(N3CCN(C(=O)C(N)Cc4ccc(Cl)cc4)CC3)c12,0.8136
NC(=O)CC(NC(=O)c1cc(Br)c(-c2ccnc3[nH]ccc23)s1)c1cncc(F)c1,0.6338
NC(=O)c1c(N)ncnc1N1CCC(c2nc(-c3ccnc(C(F)F)c3)cn2CCN2CCC2)CC1,0.863
N#Cc1cc(-c2cn(CCN3CCC3)c(C3CCN(c4ncnc(N)c4Cl)CC3)n2)ccc1F,0.8
Cc1c(C(=O)NC2CNCCC2c2ccc(F)c(F)c2)ccc(F)c1F,0.619
CNCCn1cc(-c2ccc(C(F)(F)F)nc2)nc1C1CCN(c2ncnc(N)c2Br)CC1,0.7917
Cc1cc(-c2cn(CCN3CCC3)c(C3CCN(c4ncnc(N)c4Cl)CC3)n2)ccc1S(C)(=O)=O,0.6933
NC(=O)c1ccc2nc(-c3ccc(C4(NC(=O)c5ccno5)CCC4)cc3)c(-c3ccccc3)n2c1,0.6418
NC1(C(=O)NC(c2cccc(F)c2F)C2CCCCC2)CCN(c2ncnc3[nH]ccc23)CC1,0.6301
Cc1cc(-c2cn(CCN(C)C(C)C)c(C3CCN(c4ncnc(N)c4C)CC3)n2)ccc1F,0.8356
CC1SCc2ncnc(N3CCN(C(=O)C(N)Cc4ccc(Cl)c(Cl)c4)CC3)c21,0.8594
CNCCn1cc(-c2ccnc(C(F)(F)F)c2)nc1C1CCN(c2ncnc(N)c2Cl)CC1,1
NC(COc1cncc(-c2ccc(F)c(C=O)c2)c1)Cc1ccc(Cl)c(F)c1,0.6418
NC(Cc1ccc(F)cc1)C(=O)N1CCN(c2ncnc3ccc(NC(=O)C4CCC4)cc23)CC1,0.6389
NC(=O)c1cc(-c2cn(CC3CNC3)c(C3CCN(c4cc(N)ncn4)CC3)n2)ccc1F,0.6265
Cn1nc(C(=O)NC2CNCCC2c2ccc(F)c(F)c2)cc1-c1ccc(F)cn1,0.6571
CN(C)C(=O)Cn1cc(-c2ccc(F)c(C(F)(F)F)c2)nc1C1CCN(c2cc(N)ncn2)CC1,0.7067
Nc1ncnc(N2CCC(c3nc(-c4ccc(F)c(C(F)(F)F)c4)cn3CCC(=O)NC3CCCCC3)CC2)c1C(F)(F)F,0.6977
Cc1c(N)ncnc1N1CCC(c2nc(-c3ccc(F)c(C(F)(F)F)c3)cn2CC(=O)NC2CCCCC2)CC1,0.7037
Cn1nc(-c2ccc(C(=O)NC3CNCCC3c3cccc(F)c3)s2)c2sccc21,0.6849
COc1ccc(Cl)c(-c2cn(CCNCC(F)F)c(C3CCN(c4ncnc(N)c4C(N)=O)CC3)n2)c1,0.6087
Cc1cc(-n2c(CC(=O)Nc3ccc(F)c(Br)c3)nc(N3CCOCC3)cc2=O)ccc1F,0.7424
Cn1cc(-c2cc(F)c3c(c2)CCN3C(=O)Cc2nc(N3CCOCC3)cc(=O)[nH]2)cc1Cl,0.6111
NC(=O)c1cccc2c(NC(CN3CCC3)c3ccc(F)cc3F)ncnc12,0.7742
CC1SCc2ncnc(N3CCN(c4ccc(C(=O)NCc5ccc(F)c(F)c5)c(F)c4)CC3)c21,0.6
Cn1c(=O)oc2cc(-c3cncc(OCC(N)Cc4c[nH]c5ccccc45)c3)ccc21,0.7286
NC1(C(=O)NC(CCO)c2ccc(Cl)cc2)CCN(c2ncnc3[nH]c4c(c23)CCCC4)CC1,0.7183
NC1(c2ccc(-c3nc4c(Br)cccn4c3-c3ccccc3)cc2)CCC1,1
Cc1c(N)ncnc1N1CCC(c2nc(-c3ccc(C(F)(F)F)c(F)c3)cn2CCN2CCC2)CC1,0.8571
COc1ccc(OC)c(CC(N)COc2cncc(-c3cc4cn[nH]c4cn3)c2)c1,0.6818
Cc1ccc2ncnc(N3CCN(C(=O)C(N)Cc4ccc(F)c(F)c4)CC3)c2c1,0.8
Cc1cc(Cl)nnc1N1CCN(C(=O)C(N)Cc2ccc(Cl)c(Cl)c2)CC1,0.6032
CC1Cc2c(Cl)cccc2N1C(=O)Cc1nc(OCC(F)F)c(F)c(N2CCOCC2)n1,0.6364
O=C(CCc1nc(N2CCOCC2)cc(=O)n1C1CC1)Nc1ccc(F)c(C2CC2)c1,0.6957
NC(=O)CC(C(=O)N1CCN(c2ncnc3ccccc23)CC1)c1ccc(Cl)cc1,0.678
O=C(Cc1nc(N2CCOCC2)cc(=O)n1C1CCC1)Nc1ccc(F)c(F)c1F,0.6119
Cc1ccc(C(=O)N2CCC(F)C2)cc1NC(=O)Cc1nc(N2CCOCC2)cc(=O)[nH]1,0.625
COCCn1c(CC(=O)N2CCc3ccc(F)cc32)nc(N2CCOCC2)cc1=O,0.6143
CC(C)NCCn1cc(-c2ccnc(C(F)(F)F)c2)nc1C1CCN(c2ncnc(N)c2Cl)CC1,0.8472
O=C(NC(Cc1ccc(Cl)cc1)C(=O)N1CCN(c2ncnc3cc(Cl)c(Cl)cc23)CC1)c1ccc(F)cc1,0.6232
NC(=O)c1cc(Cl)c2nc(-c3ccc(C4(N)CCC4)cc3)c(-c3ccccc3)n2c1,1
CNC(=O)C(NC(=O)c1cc(Br)c(-c2ccnc3[nH]ccc23)s1)C(C)(C)C,0.6324
O=C(NC1CCN(c2ncnc3[nH]cc(Cl)c23)C1)C1CC(F)C1,0.6
Cn1c(CC(=O)N2CCc3c(Cl)cccc32)nc(N2CCOCC2)c(OCc2ccc(F)c(Cl)c2)c1=O,0.6026
NC(COc1cncc(-c2ccc3cnn(CCO)c3c2)c1)Cc1c[nH]c2ccccc12,0.6714
NC1(c2ccc(-c3ncn4nc5ccc(F)cc5c4n3)cc2)CCC1,0.623
Cn1c(CC(=O)NCCc2ccc(F)c(Br)c2)nc(N2CCOCC2)cc1=O,0.75
Cc1c(N2CCOCC2)nc(CC(=O)N2CCc3c(-c4cccnc4)cccc32)n1C,0.6216
Clc1cccc(-c2cn(CCN3CCC3)c(C3CCN(c4cccnn4)CC3)n2)c1,0.6081
Cc1cc(-c2cn(CC3CCNCC3)c(C3CCN(c4ncnc(N)c4Cl)CC3)n2)ccc1F,0.7105
O=C(Cc1nc(N2CCOCC2)cc(=O)[nH]1)NC1CCc2ccc(F)cc21,0.6364
NC(=O)c1cccc2c(NC(CN3CC(F)C3)c3cccc(Cl)c3)ncnc12,0.7903
NC(=O)c1cc(-c2ccc(F)cn2)nn2c(-c3ccccc3)c(-c3ccc(C4(N)CCC4)cc3)nc12,0.697
O=C(NC(CO)c1ccccc1F)c1cc(Br)c(-c2ccnc3[nH]ccc23)s1,0.7015
CNC(=O)CCCn1cc(-c2ccc(F)c(C(F)(F)F)c2)nc1C1CCN(c2ncnc(N)c2Br)CC1,0.7375
CC(NC(=O)C1(N)CCN(c2ncnc3[nH]ccc23)CC1)c1nc(C(F)(F)F)nn1C,0.6957
NC(COc1cncc(-c2ccc3c(c2)C(c2ncc[nH]2)C(=O)N3)c1)Cc1c[nH]c2ccccc12,1
Cc1cc(NC(=O)Cc2nc(N3CCOCC3)cc(=O)n2-c2ccccc2)ccc1F,0.6232
N#Cc1cc(-c2cn(CCN3CCCC3)c(C3CCN(c4cc(N)ncn4)CC3)n2)ccc1F,0.8182
NC(Cc1ccc(Cl)cc1)C(=O)N1CCN(c2ncnc3c2CCCC3)CC1,0.6964
N#Cc1cn2c(-c3ccccc3)c(-c3ccc(C4(N)CCC4)cc3)nc2s1,0.6102
CN(C)CCn1cc(-c2ccc(F)c(F)c2)nc1C1CCN(c2ncnc(N)c2C(N)=O)CC1,0.8857
CC(=O)NC1CCN(c2cnc(C(=O)Nc3csc(-c4nncn4C(C)C(F)(F)F)n3)cc2C(F)(F)F)CC1,0.6344
COc1ccc(N2CCN(C(=O)C(NC(=O)C3(N)CCN(c4ncnc5[nH]ccc45)CC3)c3cccc(Cl)c3)CC2)cc1,0.6296
O=C(Cc1nc(N2CCOCC2)cc(=O)n1-c1ccc(F)cc1)N1CCc2ccccc2C1,0.6418
CC1SCc2ncnc(N3CCN(C(=O)C(Cc4ccc(Cl)cc4)NC(=O)c4ccc(Cl)cc4)CC3)c21,0.7538
NC(=O)c1c(N)ncnc1N1CCC(c2nc(-c3ccc(F)c(F)c3)cn2CC(F)F)CC1,0.7123
Cc1n[nH]c2cnc(-c3cncc(OCC(N)Cc4ccc(F)cn4)c3)cc12,0.7742
Cn1ncc(Cl)c1-c1cc(C(=O)NC2CCNCC2F)c(F)cc1Cl,0.6286
NC(=O)c1cc(-c2cncc(OCC(N)Cc3c[nH]c4ccccc34)c2)c(Cl)cn1,0.6216
O=C(Cc1nc(N2CCOCC2)cc(=O)n1-c1cccc(Cl)c1)N1CCc2c(F)cccc21,0.7313
Cn1c(CC(=O)NC(=O)c2ccc(Br)cc2)nc(N2CCOCC2)cc1=O,0.6154
Nc1ncccc1-c1nc2ccc(N3CCOCC3)nc2n1-c1ccc(C2(N)CCC2)cc1,0.6667
Cc1cc(F)cc(C(NC(=O)c2ccc3cnccc3c2)C2CCNCC2)c1,0.6923
CC(NC(=O)C1(N)CCN(c2ncnc3[nH]ccc23)CC1)c1ccc(Cl)c(Cl)c1,0.8167
CC1Cc2c(Cl)cccc2N1C(=O)Cc1nc(N2CCOCC2)cc(=O)n1-c1ccc(F)cc1F,0.6667
CC1(Cc2ccccc2)C(=O)Nc2ccc(-c3cncc(OCC(N)Cc4c[nH]c5ccccc45)c3)cc21,0.7534
NC(COc1cncc(-c2ccc3c(-c4nccs4)c[nH]c3c2)c1)Cc1ccccc1,0.6053
O=C(NC(CO)Cc1cccc(F)c1)c1cc(Br)c(-c2ccnc3[nH]ccc23)s1,0.8769
CCOc1cnc(C#CC(C)(C)C)c2nc(-c3nonc3N)n(CC)c12,0.7419
O=C(NC(c1ccc(Cl)c(Cl)c1)C1CCNC1)c1ccnc(C(F)(F)F)c1,0.6364
Nc1ncnc(N2CCC(c3nc(-c4ccc(F)c(CO)c4)cn3CCN3CCC3)CC2)c1F,0.7606
Cn1c(CC(=O)N2CCc3cc(F)c(F)cc3C2)nc(N2CCOCC2)cc1=O,0.7333
Nc1cc(N2CCC(c3nc(-c4ccc(F)c(CO)c4)cn3CCN3CCCC3)CC2)ncn1,0.8438
O=C(NC(c1ccc(Cl)c(F)c1)C1CCNCC1)c1cnn(CCO)c1,0.6
COCCC1(C(=O)NC(C)c2ccc(F)cc2)CCN(c2ncnc3[nH]ccc23)CC1,0.7273
Cn1ncc(Br)c1-c1ccc(C(=O)NC2CNCCC2c2ccccc2)s1,0.8154
Cn1ncc(C(=O)NC2CNCCC2c2cccc(F)c2)c1C1CC1,0.6471
Cn1ncc(C(=O)NC2CNCCC2c2cc(F)cc(F)c2)c1-c1cc(F)c(F)cc1F,0.6522
NC(=O)c1c(N)ncnc1N1CCC(c2nc(-c3cocn3)cn2CCN2CCC2)CC1,0.6892
O=C(NC(c1ccc(Cl)c(F)c1)C1CCNCC1)c1ncc(F)cc1F,0.625
NC(=O)c1ccc(-c2ccc(-c3nnc4n3-c3cccnc3Nc3ccccc3-4)cc2)nc1,0.625
NC1(C(=O)NC(=O)Cc2ccc(C(F)(F)F)cc2)CCN(c2ncnc3[nH]ccc23)CC1,0.6818
Cc1cc(-c2cn(CCO)c(C3CCN(c4ncnc5[nH]cc(C)c45)C3)n2)ccc1F,0.641
NC(Cc1ccc(Cl)cc1Cl)C(=O)N1CCN(c2ncnc3[nH]ccc23)CC1,0.7627
Cc1cccnc1-c1cn(CCN2CCCC2)c(C2CCN(c3ncnc(N)c3Cl)CC2)n1,0.6857
O=C(NC(c1ccc(Cl)c(Cl)c1)C1CCNC1)c1ccc(C(F)(F)F)nc1,0.6364
O=C(Cc1nc(N2CCOCC2)cc(=O)n1-c1ccc(F)cc1F)Nc1ccc(F)c(C2CCNC2)c1,0.6282
Nc1ncnc(N2CCC(c3nc(-c4ccc(F)c(F)c4F)cn3CCN3CCCC3)CC2)c1Cl,0.7647
Cc1c[nH]c2ncnc(N3CCN(C(=O)C4(c5ccc(F)cc5)CC4)CC3)c12,0.625
O=C(Cc1nc(N2CCOCC2)cc(=O)[nH]1)Nc1ccc(Cl)c(C(=O)NC2CC2)c1,0.6567
Nc1ncnc(N2CCC(c3nc(-c4cncc(Cl)c4)cn3CCN3CCC3)CC2)c1Br,0.7971
CC(=O)c1cccc2nc(-c3ccc(C4(N)CCC4)cc3)c(-c3ccccc3)n12,0.6441
NC(=O)NC(=O)Cn1cc(-c2ccc(F)c(F)c2)nc1C1CCN(c2cc(N)ncn2)CC1,0.6761
Cc1c(N)cnn2c(-c3ccccc3)c(-c3ccc(C4(N)CCC4)cc3)nc12,0.6786
CC(C)c1c(N)ncnc1N1CCC(c2nc(-c3ccc(C(F)(F)C(F)F)c(F)c3)cn2CCN(C)C)CC1,0.6512
NC1(C(=O)NC(Cc2ccc(F)cc2)c2ccc(F)cc2)CCN(c2ncnc3[nH]ccc23)CC1,0.7846
Nc1ncnc(N2CCC(c3nc(-c4ccc(C(F)(F)F)c(F)c4)cn3CCNC3CCCC3)CC2)c1Cl,0.7308
NC(=O)c1c(N)ncnc1N1CCC(c2nc(-c3ccnc(Cl)c3)cn2CCN2CCC2)CC1,0.8429
O=C(NC1CNCCC1c1ccc(F)c(F)c1)c1ccc(-c2cn[nH]c2)c(F)c1,0.6471
N=c1ccc2cc(-c3cncc(OCC(N)Cc4c[nH]c5ccccc45)c3)ccc2[nH]1,0.75
N#Cc1cccc(-c2cn(CC3CNC3)c(C3CCN(c4ncnc(N)c4C(F)(F)F)CC3)n2)c1,0.6707
Cc1noc(-c2cc(NC(=O)Cc3nc(N4CCOCC4)cc(=O)[nH]3)ccc2C)n1,0.6667
Nc1ncnc(N2CCC(c3nc(-c4ccc(C(F)(F)F)cc4F)cn3CCN3CCC3)CC2)c1C(=O)F,0.6707
NC1(C(=O)NC(Cc2ccc(Cl)cc2)C(=O)Nc2cccc(F)c2F)CCN(c2ncnc3[nH]ccc23)CC1,0.6329
CC1(C(=O)NC2(c3ccc(-c4nnc5n4-c4cccnc4Nc4ccccc4-5)cc3)CC2)CC1,0.7164
CCc1c(C(=O)NC2CNCCC2c2ccc(F)c(F)c2)cnn1C,0.6522
Cc1cc(-c2cn(CCCC(N)=O)c(C3CCN(c4ncnc(N)c4Cl)CC3)n2)ccc1F,0.7105
O=C(Cc1nc(N2CCOC3CCCCC32)cc(=O)[nH]1)N1CCc2ccc(F)cc21,0.7143
O=C(NC(c1cccc(Cl)c1)C1CCNCC1)c1ccc2ccccc2n1,0.6094
Cn1ncc(C#N)c1-c1cc(C(=O)NC2CNCCC2c2ccccc2)oc1Cl,0.806
O=C(Cc1nc(N2CCOCC2)cc(=O)n1-c1cccc(F)c1)N1CCc2ccccc2C1,0.6232
O=C(NC(c1cccc(Cl)c1)C1CCNCC1)c1ccnc(Cl)c1,0.6833
NC1(C(=O)c2cc(F)cc(F)c2)CCN(c2ncnc3[nH]ccc23)CC1,0.623
CN1CCN(CCn2cc(-c3ccc(F)c(Cl)c3)nc2C2CCN(c3ncnc(N)c3Br)CC2)CC1,0.8824
NC1(CNC(=O)c2ccc(Br)s2)CCN(c2ncnc3[nH]cc(Cl)c23)CC1,0.6324
Cc1ccc(CC(N)COc2cncc(-c3ccc4c(c3)CC(=O)N4)c2)cc1,0.6522
CCCNC(=O)c1cc(Br)c(-c2ccnc3[nH]ccc23)s1,0.6613
NC(=O)CCn1cc(-c2ccc(F)c(Cl)c2)nc1C1CCN(c2ncnc(N)c2Br)CC1,0.7778
CC(=O)C1Cc2c(F)cc(F)cc2N1C(=O)Cc1nc(N2CCOCC2)cc(=O)n1C,0.6479
NC(COc1cncc(-c2cc[nH]n2)c1)Cc1c(F)cccc1F,0.6667
Cn1c(C(F)(F)F)nn(-c2ccc(C(=O)NC3CNCCC3c3ccc(F)c(F)c3)c(Cl)c2)c1=O,0.6184
Nc1cc(N2CCC(c3nc(-c4ccc(F)c(F)c4)cn3CCN3CCCC3)C(F)C2)ncn1,0.7761
CN1CCC(CNCCC(Nc2ncnc3c(C(N)=O)cccc23)c2cccc(Cl)c2)CC1,0.6528
CCC(Cc1cccc(F)c1F)NC(=O)Cc1nc(N2CCOCC2)cc(=O)[nH]1,0.6056
Cn1c(CCNC(=O)c2ccc(F)c(Br)c2)nc(N2CCOCC2)cc1=O,0.6418
Cc1cc(C(=O)NC2CNCCC2c2ccc(F)c(F)c2)ccc1F,0.6452
NC(=O)c1c(N)ncnc1N1CCC(c2nc(-c3cncc(F)c3)cn2CC2CCNCC2)CC1,0.6386
COc1ccc(C(=O)NC2CNCCC2c2cccc(F)c2)cc1Cl,0.6232
O=C(NC1CNCCC1c1ccc(F)c(F)c1)c1ccc(-n2ccnn2)cc1,0.6269
NC1(c2ccc(-c3nc4n(c3-c3ccccc3)COc3nc(CO)ccc3-4)cc2)CC1,0.6508
CC1Cc2ccccc2N1C(=O)Cc1nc(N2CCOCC2)cc(=O)n1-c1ccccc1F,0.7778
Cn1c(CC(=O)N2CCc3ccccc32)nc(N2CCCOCC2)c1Cc1ccccc1,0.6269
Nc1ncnc(N2CCC(c3nc(-c4ccc(F)c(F)c4)cn3CCN3CCC3)C(F)C2)c1F,0.7273
CC(C)(CF)NCCn1cc(-c2ccnc(C(F)(F)F)c2)nc1C1CCN(c2ncnc(N)c2C(N)=O)CC1,0.7531
O=C(NC1CNCCC1c1ccccc1)c1cc(-c2c(O)cccc2F)c(Cl)o1,0.6056
NNC(=O)Cc1nc(N2CCOCC2)cc(=O)n1-c1ccccc1,0.6393
O=C(NCc1ccc(F)c(F)c1)NCc1nc(N2CCOCC2)cc(=O)[nH]1,0.629
NC1(c2ccc(-c3nc4ccc(OCC(=O)O)nn4c3-c3ccccc3)cc2)CCC1,0.8333
CC(=O)NCCn1cc(-c2ccc(F)c(C)c2)nc1C1CCN(c2cc(N)ncn2)CC1,0.65
O=C(NC(Cc1ccc(F)cc1)C(=O)N1CCN(c2ccnc3ccccc23)CC1)c1ccc(Cl)cc1,0.6719
O=C(Cc1nc(N2CCOCC2)cc(=O)[nH]1)N1CCC2(CC1)CN(Cc1ccc(F)cc1F)c1ccccc12,0.6316
CC(NC(=O)C1(N)CCN(c2ncnc3[nH]ccc23)CC1)c1nc(F)cn1C,0.7077
O=C(Cc1nc(N2CCOCC2)cc(=O)n1-c1ccc(F)cc1F)N1CCc2c(F)cccc21,0.7424
Cc1cc(-c2cn(CCN3CCC3)c(C3CCN(c4ncnc(N)c4Br)CC3F)n2)ccc1F,0.8158
O=C(Nc1csc(-c2nncn2C2CCNCC2)n1)c1ccc(Cl)c(-n2cnc(C3CC3)c2)c1,0.6118
CCCC1CCN(c2ccc(NC(=O)Cc3nc(N4CCOCC4)cc(=O)n3C)cc2Cl)CC1,0.625
Cc1nc(N)nc2c1cc(-c1ccc(C#N)cc1Cl)c(=O)n2C1CCC(OCO)CC1,0.6164
CC1CN(c2ncnc3[nH]cc(Cl)c23)CCC1(N)CNC(=O)c1ccc(F)c(F)c1,0.6
CC1CCN(c2cnc(C(=O)Nc3csc(-c4nncn4C(F)(F)CF)n3)cc2-n2cnc(C3CC3)c2)C1,0.6632
CC(NC(=O)C1(F)CCN(c2ncnc3[nH]ccc23)CC1)c1ccc(F)cc1,0.8276
COc1cc(C(=O)NC(c2cccc(Cl)c2)C2CCNCC2)ccn1,0.6308
Cn1c(CC(=O)Nc2ccc(F)c(F)c2)nc(N2CCOCC2)nc1=O,0.6154
O=C(NC1CN(C(=O)Cc2nc(N3CCOCC3)cc(=O)[nH]2)c2ccccc21)c1cnccn1,0.6575
NC(=O)c1ccc(-c2ccnc3[nH]ccc23)s1,0.6111
O=C(Cc1nc(N2CCOCC2)cc(=O)[nH]1)Nc1cccnc1N1CCC(c2ccc(F)cc2)CC1,0.625
NC(=O)c1ccc2nc(-c3ccc(C4CC4)cc3)c(-c3ccccc3)n2c1,0.6607
NC(=O)c1cc(N)c2nc(-c3ccc(C4(N)CCC4)cc3)c(-c3ccccc3)n2n1,0.8214
Cc1cnn(C)c1-c1ccnc(C(=O)NC2CNCCC2c2cccc(F)c2)c1,0.6944
O=C(NC1CNCCC1c1ccc(F)c(F)c1)c1cc(Br)c(-c2ccn[nH]2)cn1,0.6377
CN(C)CCn1cc(-c2cc(F)cc(C(N)=O)c2)nc1C1CCN(c2ncnc(N)c2F)CC1,0.6709
NC1(C(=O)NC(CO)Cc2ccccc2)CCN(c2ncnc3[nH]ncc23)CC1,0.6056
Cn1ncc(Br)c1-c1onc(C(=O)NC2CNCCC2c2ccc(F)cc2)c1F,0.6081
O=C(Cc1nc(N2CCOCC2)cc(=O)n1-c1ccc(F)c(F)c1)Nc1ccc(N2CCOCC2)cc1,0.6212
N=c1nc[nH]c(N2CCN(C(=O)C(N)Cc3ccc(Cl)cc3)CC2)c1Br,0.6066
Cc1c(Cl)c(-c2cncc(C(=O)NC3CNCCC3c3ccc(F)c(F)c3)c2)nn1C,0.6133
NC(=O)Cn1cc(-c2ccc(C(F)(F)F)c(F)c2)nc1C1CCN(c2ncnc(N)c2Cl)CC1,0.6667
O=C(NC(c1ccc(Cl)c(Cl)c1)C1CCNCC1)c1ccnnc1F,0.6094
Clc1c[nH]c2ncnc(N3CC4(CCNCC4)c4ccccc43)c12,1
Cc1ccc(NC(=O)CCCc2nc(N3CCOCC3)cc(=O)[nH]2)cc1C,0.6154
NCC1(C(=O)Nc2ccc(Cl)cc2)CCN(c2ncnc3[nH]ccc23)CC1,0.7258
O=C(NCC(Cc1ccc(Cl)cc1)C(=O)N1CCN(c2ncnc3ccccc23)CC1)Nc1ccc(F)c(Cl)c1Cl,0.6197
CCc1c(N)ncnc1N1CCC(c2nc(C3CCOCC3)cn2CCN(C)C)CC1,0.6351
Cn1[nH]c2ccc(-c3cncc(OCC(N)Cc4ccc(F)cc4F)c3)cc2c1=O,0.7015
NC1(c2ccc(-c3nc4c(OCc5cscn5)cccn4c3-c3ccccc3)cc2)CCC1,0.6129
Cc1sc(Cl)cc1C(=O)NCC1(N)CCN(c2ncnc3[nH]cc(Cl)c23)C1,0.6901
O=C(NC(c1cccc(Cl)c1)C1CCNCC1)c1ccc2c(cnn2O)c1,0.6875
O=C(NC(c1ccc(Cl)c(Cl)c1)C1CCNC1)c1cccnn1,0.6
CNCC(Nc1ncnc2c(C(N)=O)ccnc12)c1ccc(F)c(Br)c1,1
NC1(C(=O)NC=O)CCN(c2ncnc3[nH]cc(Cl)c23)CC1,0.6393
COc1cc(-c2cn(CCN3CCC3)c(C3CCN(c4ncnc(N)c4C(F)(F)F)CC3)n2)ccc1F,0.8
Cn1ncc(Br)c1-c1oc(C(=O)NC2CNCCC2c2ccc(F)cc2)cc1F,0.75
Cc1ccc(CC(N)COc2cncc(-c3ccc4[nH]nc(C)c4c3)c2)cc1,0.8545
O=C(NCc1ccc(Cl)c(Cl)c1)N1CCN(c2ncnc3[nH]cc(Cl)c23)CC1,0.6349
Cc1cc(Br)nn2c(-c3ccc(F)cc3)c(-c3ccc(C4(N)CCC4)cc3)nc12,0.6333
NC1(C(=O)NC(Cc2ccccc2)C(=O)NCc2ccc(F)cc2)CCN(c2ncnc3[nH]ccc23)CC1,0.6316
Cc1ccccc1CNC(=O)C1(N)CCN(c2ncnc3[nH]ccc23)CC1,0.6885
Cn1cc(-c2cc(C(=O)NC3CNCCC3c3ccc(F)c(F)c3)ccc2F)nc1C1CC1,0.6027
CNC(=O)CCn1cc(-c2ccc(F)c(C)c2)nc1C1CCN(c2ncncc2C)CC1,0.6173
COc1ccc(-n2c(CC(=O)N3CCc4cc(F)ccc43)nc(N3CCOCC3)cc2=O)cc1,0.6571
Cn1cc(-c2cn(CCN3CCC3)c(C3CCN(c4cc(N)ncn4)CC3)n2)cc1Cl,0.6765
Cc1ncc(-c2cc(F)c(C(=O)NC3CNCCC3c3cccc(F)c3)cc2F)n1C,0.6111
Cc1cn(-c2cc(C(=O)Nc3csc(-c4nncn4C(C)C(F)(F)F)n3)ncc2N2CCC(C#N)CC2)cn1,0.869
O=C(Cc1nc(N2CCOCC2)c(F)c(OC(F)F)c1F)N1CCc2c(F)cccc21,0.6324
O=C(NCc1cccnc1)c1cc(Br)c(-c2ccnc3[nH]ccc23)s1,0.6364
Cn1c(CC(=O)Nc2cnn(Cc3ccc(F)cc3)c2)nc(N2CCOCC2)cc1=O,0.6197
NC1(C(=O)NCCCO)CCN(c2ncnc3[nH]cc(Cl)c23)CC1,0.6364
O=C(c1nc2ccc(-c3cnc(Cl)c(NS(=O)(=O)c4ccccc4)c3)cc2s1)N1CCOCC1,0.6338
O=C(Cc1nc(-c2ccncc2)cc(=O)[nH]1)N1CCc2c(Cl)cccc21,0.6406
N#Cc1cnc(N2CCC(c3nc(-c4ccc(F)c(C(F)(F)F)c4)cn3CCN3CCC3)CC2)c(Cl)c1,0.7215
Cc1cc(-c2cn(CC(N)=O)c(C3CCN(c4ncnc(Cl)c4C)CC3)n2)ccc1F,0.6364
Cc1cnn(C)c1-c1cc(C(=O)NC2CNCCC2c2cccc(F)c2)oc1Cl,0.72
N#Cc1ccc2c(c1)CCN2C(=O)Cc1nc(N2CCOCC2)cc(=O)n1C1CCCCC1,0.6
CCc1c(N)ncnc1N1CCC(c2nc(-c3ccnc(C(C)C)c3)cn2CC)CC1,0.8235
NC(=O)c1c(N)ncnc1N1CCC(c2nc(-c3cccs3)cn2CCN2CCCC2)CC1,0.7067
Cn1ncc(C(=O)NC2CNCCC2c2ccc(F)c(F)c2)c1-c1cncs1,0.6438
CC1(O)CC(N)(c2ccc(-c3nc4n(c3-c3ccccc3)COc3cc(CO)ccc3-4)cc2)C1,1
O=C(Cc1nc(N2CCOCC2)cc(=O)n1C1CCCC1)N1CCc2ccc(F)cc21,0.625
Cn1ncc(Br)c1-c1cnc(C(=O)NC2CNCCC2c2cccc(F)c2)s1,0.7971
O=C(COc1ccc(F)c(F)c1)N1CCN(c2ncnc3ccccc23)CC1,0.6032
COc1ccc(OC)c(NC(=O)Cc2nc(N3CCOCC3)cc(=O)n2C)c1,0.6
NC(=O)c1c(N)ncnc1N1CCC(c2nc(-c3ccc(F)c(Cl)c3)cnc2C2CC2)CC1,0.6364
Cc1noc(C)c1-c1cncc(OCC(N)Cc2ccc(F)cc2F)c1,0.6212
CSc1ccc(-c2cn(CCN3CCC3)c(C3CCN(c4ncnc(N)c4Br)CC3)n2)cc1F,0.8
Cn1cnnc1-c1nc(NC(=O)c2cc(-n3cnc(C4CC4)c3)c(N3CCC(F)CC3)cn2)cs1,0.8267
NC1(C(=O)NCCc2ccccc2Cl)CCN(c2ncnc3[nH]ccc23)CC1,0.6667
Cn1c(CC(=O)Nc2ccccc2C(=O)O)nc(N2CCOCC2)cc1=O,0.6769
Cc1ccc(C(=O)NC2CNCCC2c2ccc(F)c(F)c2)cc1C,0.6349
Cc1nc(-c2nn(C)c3ccc(-c4cncc(OCC(N)Cc5c[nH]c6ccccc56)c4)cc23)cs1,0.6282
O=C(NC1CNCCC1c1ccc(F)cc1)c1cc(F)c(F)nc1F,0.6032
O=C(CCc1nc(N2CCOCC2)cc(=O)[nH]1)NC(Cc1ccc(F)cc1)C(=O)Nc1ccc(F)cc1F,0.6571
Cn1c(CC(=O)N2CCCC2c2cc(F)ccc2F)nc(N2CCOCC2)cc1=O,0.6111
O=C(Cc1nc(N2CCOCC2)cc(=O)[nH]1)Nc1cc(C(F)(F)F)ccc1N1CCOCC1,0.6825
Cn1ccn(-c2cc(F)c(C(=O)NC3CNCCC3c3ccc(F)cc3)cc2F)c1=O,0.6
O=C(N1CCN(c2ncnc3nc[nH]c23)CC1)C1(c2ccc(Cl)c(Cl)c2)CCNCC1,0.6923
CC(C)CNCc1ccc(NC(=O)Cc2nc(N3CCOCC3)cc(=O)n2C)cc1Cl,0.6111
N#Cc1c(N)ncnc1N1CCC(c2c(-c3ccc(F)c(C(F)(F)F)c3)ncn2CC2CCCNC2)CC1,0.6512
NC(=O)Cn1cc(-c2ccc(F)c(C(F)(F)F)c2)nc1C1CCN(c2ncnc(N)c2Br)CC1,0.7568
Cn1nnnc1-c1ccc(C(=O)NC2CNCCC2c2ccc(F)c(F)c2)cn1,0.7463
O=C(NC(c1cccc(Cl)c1)C1CCNCC1)c1ccc2c(c1)OCO2,0.6349
COc1ccc(-c2cn(CCN3CCC3)c(C3CCN(c4ncnc(N)c4Cl)CC3)n2)cc1C,0.7179
CC1Cc2cc(Cl)ccc2N1C(=O)Cc1nc(N2CCOCC2)cc(=O)n1-c1ccc(F)cc1,0.7042
CNCC(Nc1ncnc2c(C(N)=O)cccc12)c1cccc(Cl)c1,0.7857
NC(COc1cncc(-c2ccc3c(c2)CC(=O)N3)c1)Cc1ccccc1C(F)(F)F,0.7
O=C(NC1CNCCC1c1cccc(F)c1)c1ccc(-c2cc(Cl)[n+]([O-])cc2-c2cc(F)nc(F)c2)cn1,0.6104
CC(C)c1c(C(=O)NC2CNCCC2c2ccc(F)c(F)c2)cnn1C,0.6667
Cn1cc(C(=O)NC2CNCCC2c2cccc(F)c2)cn1,0.7031
CNC(=O)Cn1cc(-c2ccc(F)c(C(F)(F)F)c2)nc1C1CCN(c2ncnc(N)c2F)CC1,0.7105
Nc1n[nH]c2ccc(-c3cncc(OCC(N)Cc4ccccc4)c3)cc12,0.7333
Cc1c(F)cnn2c(-c3ccccc3)c(-c3ccc(C4(N)CCC4)cc3)nc12,0.6667
N#Cc1ccc(-c2cn(CCN3CCCC3)c(C3CCN(c4cc(N)ncn4)CC3)n2)cc1F,0.8182
Cc1ccc2ncnc(N3CCN(C(=O)C(N)CCC(N)=O)CC3)c2c1,0.6885
NC1(c2ccc(-c3nc4ccc(-c5ccno5)cn4c3-c3ccccc3)cc2)CCC1,0.6786
CC1CN(c2nc(CC(=O)N3CCc4c(F)cccc43)c(Cl)c(Cl)c2Cl)CCO1,0.6301
O=C(NC(Cc1ccc(Cl)cc1)C(=O)N1CCN(c2ncnc3ccccc23)CC1)c1cccc(Cl)n1,0.6515
CN(C)CCn1cc(-c2cnc(C(F)(F)F)c(F)c2)nc1C1CCN(c2ncnc(N)c2Br)CC1,0.76
Cn1ncc(Br)c1-c1nc(C(=O)NC2CNCCC2c2ccc(F)c(F)c2)no1,0.7143
O=C(NC1CNCCC1c1cc(F)cc(F)c1)c1ccc(F)cc1,0.6102
Cn1ccc(-c2ccc(C(=O)NC3CNCCC3c3cc(F)cc(F)c3)c(F)c2)n1,0.7302
Cc1ccc(F)c(CNC(=O)Cc2nc(N3CCOCC3)cc(=O)n2C)c1F,0.6418
CC1SCc2ncnc(N3CCN(C(=O)C(N)CC(=O)NC(=O)c4cc(F)c(F)cc4F)CC3)c21,0.6667
Cc1cc(N2CCC(c3nc(-c4ccc(Cl)c(C#N)c4)cn3CCN3CCC3)CC2)ncn1,0.6203
COc1cc(-c2cn(CCN3CCCC3)c(C3CCN(C4COC4)CC3)n2)ccc1F,0.6026
N#Cc1cnc(N2CCC(c3nc(-c4ccc(F)c(Cl)c4)cn3CCN3CCCC3)CC2)cc1Cl,0.6753
CC1(C)C(=O)Nc2ccc(-c3cncc(OCC(N)Cc4ccc(Cl)c(Cl)c4)c3)cc21,0.6324
O=C(NC1CNCCC1c1cccc(F)c1)c1cc(Cl)nc(Cl)c1,0.6308
Cc1cccc(-c2c(C(=O)NC3CNCCC3c3ccc(F)c(F)c3)cnn2C)n1,0.6351
Cc1c[nH]c2ncnc(N3CCN(C(=O)NCCc4ccc(Cl)cc4)CC3)c12,0.6825
CCCCNC(=O)c1cc(NC(=O)Cc2nc(N3CCOCC3)cc(=O)[nH]2)ccc1F,0.7121
Cn1ncc(Cl)c1-c1cnc(C(=O)NC2CNCCC2c2cccc(F)c2)s1,0.7971
Cc1ccc2nc(-c3ccccc3)c(-c3ccc(CN4CC(c5n[nH]c(-c6ccccn6)n5)C4)cc3)nc2n1,0.6575
Cn1c(CC(=O)N2CCc3c(Cl)cccc32)nc(N2CCOCC2)c(O)c1=O,0.7077
NC1(CNC(=O)c2cc(F)cc(Cl)c2)CCN(c2ncnc3[nH]cc(Cl)c23)CC1,0.7121
NC(=O)CC(NC(=O)C1(N)CCN(c2ncnc3[nH]ccc23)CC1)c1ccc(F)c(F)c1,0.7969
CCc1c(N)ncnc1N1CCC(c2nc(-c3ccc(OC(F)F)cc3)cn2CCN2CCC2)CC1,0.7714
O=C(NC(c1ccc(Cl)c(F)c1)C1CCNC1)c1ccc2nc(Cl)ccc2c1,0.6567
NC(=O)c1nc2n(n1)CCOc1cc(C(=O)NC3CNCCC3c3ccc(F)cc3)ccc1-2,0.6104
Cn1nc(Cl)c(Cl)c1C(=O)NC1CNCCC1c1ccc(F)c(F)c1,0.6269
Cn1nc(-c2ccc(C(=O)NC3CNCCC3c3cccc(F)c3)cc2)c(Cl)c1Cl,0.7101
Cc1cc(C)c(C(=O)NC(c2ccc(Cl)c(Cl)c2)C2CCNC2)cn1,0.6061
O=C(NC(c1ccc(F)c(F)c1)C1CCNCC1)c1cncc(Cl)c1,0.6094
O=CCCn1cc(-c2ccc(F)c(C(F)(F)F)c2)nc1C1CCN(c2ccncn2)CC1,0.6104
Cc1c(C(=O)NC2CCNCC2c2ccc(F)c(F)c2)cnn1C,0.6
NC(Cc1ccc(Br)cc1)C(=O)N1CCN(c2ncnc3c2CCCC3)CC1,0.661
Cc1ccc(NC(=O)Cc2nc(N3CCOCC3)cc(=O)[nH]2)cc1C(=O)NC1CC1,0.6567
Cc1cc(-c2cn(CCN3CCC3)c(C3CCN(c4cc(N)ncn4)CC3)n2)ccc1N,0.7538
Cn1nc(-c2ccc(C(=O)NC3CNCCC3c3cc(F)cc(F)c3)c(F)c2)s1,0.7302
O=C(Cc1nc(N2CCOCC2)cc(=O)n1-c1cc(F)c(Cl)c(F)c1)Nc1ccc(F)c(C2CC2)c1,0.7391
O=C(Cc1nc(N2CCOCC2)cc(=O)n1-c1cccc(F)c1)N1CCc2ccc(F)cc21,0.7231
CNC(=O)CCn1cc(-c2ccc(F)c(C)c2)nc1C1CCN(c2cc(N)ncn2)CC1,0.6267
Cc1nc(N)nc2c1cc(-c1cnc(=N)[nH]c1)c(=O)n2C1CCC(OCO)CC1,0.8
NC(=O)C(CC1CCCCC1)NC(=O)c1cc(Br)c(-c2ccnc3[nH]ccc23)s1,0.7879
O=C(Cc1nc(N2CCOCC2)cc(=O)[nH]1)NC(CO)c1cc(F)cc(Cl)c1,0.625
CCn1cc(-c2ccc(F)c(C)c2)nc1C1CCN(c2ncnc(N)c2C2CCOC2)CC1,0.6125
Nc1ncnc(N2CCC(c3nc(-c4ccc(F)cc4)cn3CC3CCCN3)CC2)c1C(F)(F)F,0.6667
NCc1ccc(CC(N)C(=O)N2CCN(c3ncnc4ccccc34)CC2)cc1,0.8302
Cc1n[nH]c2cnc(-c3cncc(OCC(N)Cc4ccncc4)c3)cc12,0.8545
Cn1c(CC(=O)NC2CCc3c2ccc(F)c3Br)nc(N2CCOCC2)cc1=O,0.6389
COc1cc2c(cc1N)N(C(=O)Cc1nc(N3CCOCC3)cc(=O)n1-c1ccc(F)c(F)c1)CC2,0.6
Cc1[nH]nc2ccc(C(=O)NC(c3ccc(Cl)c(Cl)c3)C3CCNC3)cc12,0.6176
CC(C)NCCn1cc(-c2ccnc(C(F)(F)F)c2)nc1C1CCN(c2ncnc(N)c2C(F)(F)F)CC1,0.7143
O=C(NC(c1ccc(F)c(F)c1)C1CCNCC1)c1ccncc1,0.623
NC1(c2ccc(-c3nc4n(c3-c3ccccc3)COc3cccc(O)c3-4)cc2)CCC1,0.7931
NC(=O)Cc1ccn2c(-c3ccccc3)c(-c3ccc(C4(N)CCC4)cc3)nc2c1,0.6724
O=C(NCc1nccs1)c1cc(Br)c(-c2ccnc3[nH]ccc23)s1,0.6212
CC(=O)NC(Cc1ccc(Cl)cc1)C(=O)N1CCN(c2ncnc3cc(C)c(C)cc23)CC1,0.6269
NC(Cc1cccc(Cl)c1)C(=O)N1CCN(c2ncnc3cccc(Br)c23)CC1,0.6615
O=C(N1CCN(c2ncnc3cccc(Br)c23)CC1)C1(c2ccc(Cl)c(Cl)c2)CCNCC1,0.7313
Cc1cccc(-c2n[nH]cc2NC(=O)Cc2nc(N3CCOCC3)cc(=O)[nH]2)c1,0.697
Cn1nc(-c2ccc(C(=O)NC3CNCCC3c3cccc(F)c3)cc2)cc1C1CCNCC1,0.6528
Cn1c(CC(=O)Nc2cccc(S(=O)(=O)N3CCOCC3)c2)nc(N2CCOCC2)cc1=O,0.6324
Cn1c(CC(=O)NCC2Cc3ccccc3O2)nc(N2CCOCC2)cc1=O,0.6
Nc1ncnc(N2CCC(c3nc(-c4ccc(F)c(F)c4)cn3CCN3CCCC3)CC2)c1C(=O)NC1CC1,0.7215
NC(COc1cncc(-c2ccc3cnccc3c2)c1)Cc1ccc(Cl)cc1,0.623
CCCCOc1ccc2ncnc(N3CCN(C(=O)C(N)Cc4ccc(Cl)cc4)CC3)c2c1,0.75
N#Cc1c(C(N)=O)ccn2c(-c3ccccc3)c(-c3ccc(C4(N)CCC4)cc3)nc12,0.7288
Cn1c(CC(=O)Nc2ccc(F)c(C3CC3)c2)nc(N2CCOC3CCCCC32)cc1=O,0.7246
NC1(C(=O)NCc2ccccc2)CCN(c2ncnc3[nH]cc(Cl)c23)CC1,0.619
Cc1cccc(-c2cn(CCN3CCC3)c(C3CCN(c4ncnc(N)c4Cl)CC3)n2)c1,0.7941
CCC(NC(=O)c1cc(-c2c(Cl)cnn2C)c(Cl)s1)c1ccc(F)cc1,0.6087
Nc1ncnc(N2CCC(c3nc(-c4ccc(F)cc4)cn3CCN3CCC3)CC2)c1F,0.8065
O=C(Cc1nc(N2CCOCC2)cc(=O)[nH]1)Nc1cnc(N2CCOCC2)c(Cl)c1,0.7458
NC(=O)c1ccnn2c(-c3ccccc3)c(-c3ccc(F)cc3)nc12,0.6852
NCC1(C(=O)NC(c2ccc(F)cc2)c2nccs2)CCN(c2ncnc3[nH]ccc23)CC1,0.6216
Cn1c(CC(=O)Nc2cc(C#N)ccc2Br)nc(N2CCOCC2)cc1=O,0.6324
NC(=O)c1cccc2c(N3CCN(C(=O)C(N)Cc4ccc(Cl)cc4)CC3)ncnc12,0.7167
O=C(Cc1ccc(F)c(Cl)c1)N1CCN(c2ncnc3[nH]cc(Cl)c23)CC1,0.6557
CC(Cc1ccc(S(N)(=O)=O)cc1)NC(=O)C1(N)CCN(c2ncnc3[nH]ccc23)CC1,0.6111
Nc1ncnc(N2CCC(c3nc(-c4ccc(C(F)F)c(Cl)c4)cn3CCN3CCCC3)CC2)c1F,0.7067
O=C(Nc1ccc(F)cc1F)C1CCCN1C(=O)Cc1nc(N2CCOCC2)cc(=O)[nH]1,0.7015
Cc1nc(C(=O)NC2CNCCCC2c2ccccc2)oc1-c1c(Cl)cnn1C,0.6081
Cn1c(CC(=O)Nc2ccc(F)c(Cl)c2)nc(N2CCOCC2)cc1=S,0.6515
Nc1ncnc(N2CCC(c3nc(-c4cncnc4)cn3CCNCC3CC3)CC2)c1C(F)(F)F,0.6145
Cc1cc(F)c(-n2cnc(C3CC3)c2)cc1C(=O)Nc1csc(-c2nncn2C2CCCC2)n1,0.619
Cc1c2ccc(-c3cncc(OCC(N)Cc4cccc(Cl)c4)c3)cc2nn1C,0.6471
COc1ccnc(-c2cn(CCN(C)C)c(C3CCN(c4ncnc(N)c4C(N)=O)CC3)n2)c1,0.6835
O=C(Cc1nc(N2CCOCC2)cc(=O)n1-c1ccc(F)c(F)c1F)Nc1ccc(F)c(C2CC2)c1,0.75
Cn1nc(Cc2ccc(F)cc2)cc1-c1ccc(C(=O)NC2CNCCC2c2ccccc2)s1,0.6104
COc1ccc(-n2c(CC(=O)N3c4cc(F)ccc4CC3C)nc(N3CCOCC3)cc2=O)cn1,0.6076
O=C(NC(c1ccc(Cl)c(Cl)c1)C1CCNCC1)c1cncnc1,0.7143
NC(COc1cncc(-c2ccc3c(c2)CC(=O)N3)c1)Cc1c[nH]c2ccc(F)cc12,0.8088
NC(Cc1cc(F)c(F)cc1F)C(=O)N1CCN(c2ncnc3c(F)cccc23)CC1,0.6
Cc1nc[nH]c1-c1ccc(C(=O)NC2CNCCC2c2ccc(F)c(F)c2)cc1,0.6418
COc1nn2c(-c3ccccc3)c(-c3ccc(C4(N)CCC4)cc3)nc2cc1C(N)=O,0.6613
NC(=O)c1ccnc2c(NC(Cc3ccc(F)cc3)CN3CCCCC3)ncnc12,0.6176
O=C(Cc1nc(N2CCOCC2)cc(=O)n1-c1ccccc1)N1CCOCC1,0.7193
Cn1ncc(Cl)c1-c1nc(NC(=O)c2cc(-n3cnc(C4CC4)c3)c(N3CCC(F)(F)C3)cn2)cs1,0.6364
CC(C)NC(=O)c1c(N)ncnc1N1CCC(c2nc(-c3ccc(F)c(F)c3)cn2CCN2CCCC2)CC1,0.7342
O=C(NC(c1ccc(Cl)c(F)c1)C1CCNCC1)c1cncs1,0.6308
NC(COc1cncc(-c2ccc3[nH]nc(-c4ccncc4)c3c2)c1)Cc1cccc(F)c1,0.8361
Nc1c(F)c(CNC(=O)C2(N)CCN(c3ncnc4[nH]ccc34)CC2)cc2c1OCO2,0.6
N#Cc1c(N)ncnc1N1CCC(c2nc(-c3ccc(F)c(F)c3)cn2CCN2CCCC2)CC1,1
CNC(=O)C(CC1CCC1)NC(=O)c1cc(Br)c(-c2ccnc3[nH]ccc23)s1,0.7143
NC1(C(=O)NC(c2ccccc2Cl)C(F)(F)F)CCN(c2ncnc3[nH]ccc23)CC1,0.6377
NC(=O)c1c(N)ncnc1N1CCC(c2nc(-c3ccc(F)c(F)c3)cn2CC2CCNCC2)CC1,0.7436
Cn1c(CC(=O)NC2CCCc3ccc(F)c(Br)c32)nc(N2CCOCC2)cc1=O,0.6027
O=C(Cc1nc(N2CCOCC2)cc(=O)[nH]1)Nc1cnc2cnc(N3CCOCC3)cc2c1,0.6667
Cn1ncc(Br)c1-c1oc(C(=O)NC2CNCCC2c2ccc(Cl)cc2)cc1Br,1
Cc1n[nH]c2ccc(-c3cncc(OCC(N)Cc4cc(F)ccc4F)c3)cc12,0.8644
CNC(CNc1nnc(-c2ccc3[nH]nc(C)c3c2)s1)c1ccccc1F,0.6154
Cc1ccc2c(n1)N(C(=O)Cc1nc(N3CCOCC3)cc(=O)n1C)CCC2,0.6308
Cn1c(CC(=O)N2CCc3cc(F)c(F)cc32)nc(N2CCCC2)cc1=O,0.8364
NC(COc1cncc(-c2cc3cn[nH]c3cn2)c1)Cc1ccccc1F,0.7302
Cc1cncnc1-c1cncc(OCC(N)Cc2ccc(Cl)c(Cl)c2)c1,0.6094
CNC(=O)NCCn1cc(-c2ccc(F)c(C(F)(F)F)c2)nc1C1CCN(c2ncnc(N)c2Cl)CC1,0.7439
Nc1ncnc(N2CCC(c3nc(-c4cccc(Cl)c4)cn3CCN3CCCC3)CC2)c1Cl,0.8462
O=C(Cc1nc(N2CCOCC2)cc(=O)n1-c1cccc(F)c1)N1CCc2c1ccc(F)c2F,0.7313
O=C(NC(c1ccccc1)C1CCNC1)c1ccc(Cl)c(Cl)c1,0.6333
NC(COc1cncc(-c2ccc3c(c2)C(=O)NCCN3)c1)Cc1c(F)cccc1F,0.6029
Cn1nc(-c2ccc(C(=O)NC3CNCCC3c3ccc(F)c(F)c3)c(F)c2)c(F)c1N1CCOCC1,0.6944
Cn1c(CCC(=O)Nc2cccc(Br)c2)nc(N2CCOCC2)cc1=O,0.6119
Cn1c(CC(=O)Nc2cccc3nc(=O)cccc23)nc(N2CCOCC2)cc1=O,0.7121
Cn1c(CC(=O)Nc2ccc(Br)cc2)nc(N2CCOCC2)cc1=O,0.7759
Cc1c[nH]c2ncnc(N3CCC(F)(C(=O)NC(C)Cc4ccc(F)cc4)C3)c12,0.6
O=C(NCCc1ccc(Cl)cc1)C1CCN(c2ncnc3[nH]cc(Br)c23)CC1,0.625
NC(=O)C(NC(=O)C1(N)CCN(c2ncnc3[nH]ccc23)CC1)c1ccc(F)cc1,0.8305
Cn1c(CC(=O)NCC(C)(C)c2cc(F)ccc2F)nc(N2CCOCC2)cc1=O,0.6232
Cc1ccc(F)cc1C(=O)NC(=O)C1(N)CCN(c2ncnc3[nH]ccc23)CC1,0.6269
CC(C)NCC(C(=O)N1CCN(c2ncnc3c2C(C)SC3)CC1)c1ccc(F)cc1,0.6712
Cc1n[nH]c2cnc(-c3cncc(OCC(N)Cc4nc(F)cs4)c3)cc12,0.6923
NC(COc1cncc(-c2ccc3c(c2)CCC(=O)N3)c1)Cc1ccccc1F,0.625
O=C(N1CCN(c2ncnc3cccc(F)c23)CC1)C1(c2ccc(Cl)c(Cl)c2)CCNCC1,0.6866
Cc1c[nH]c2ncnc(N3CCN(C(=O)C(N)Cc4ccc(F)cc4)CC3)c12,1
COc1c(N)ncnc1N1CCC(c2nc(-c3ccc(Cl)c(F)c3)cn2C)CC1,0.6104
CC(NC(=O)C1(N)CCN(c2ncnc3[nH]ccc23)CC1)C1CC2CCC1C2,0.6176
COc1cc(F)ccc1-c1c(C(=O)NC2CNCCC2c2ccc(F)c(F)c2)cnn1C,0.64
Cn1ncc(-c2ccc(C(=O)NC3CNCCC3c3ccccc3)c(F)c2)n1,0.6
O=C(Cc1nc(N2CCOCC2)cc(=O)n1-c1ccccc1)NC1Cc2ccccc2C1,0.6406
CCc1c(N)ncnc1N1CCC(c2nc(-c3cc(Cl)ccc3OC(F)F)cn2CCN(C)C)CC1,0.6463
Cc1c(N)ncnc1N1CCC(c2nc(-c3ccc(C=O)cc3F)cn2CCN2CCCC2)CC1,0.6582
Cn1nc(-c2ccc(C(=O)NC3CNCCC3c3cc(F)cc(F)c3)cc2)c2c(Cl)cccc21,0.6133
COc1c(C)cnn2c(-c3ccccc3)c(-c3ccc(C4(N)CCC4)cc3)nc12,0.65
Cn1nc(-c2ccc(C(=O)NC3CNCCC3c3ccc(F)c(F)c3)cc2)cc1Cl,0.7164
O=C(NCC(NC(=O)C(F)(F)F)c1ccccc1)c1cc(Br)c(-c2ccnc3[nH]ccc23)s1,0.7246
CC(n1cnnc1-c1nc(NC(=O)c2cc(-n3cnc(C4CC4)c3)c(N3CCC3)cn2)cs1)C(F)(F)F,0.8902
Cn1cc(-c2ccc(C(=O)NC3CNCCC3c3cccc(F)c3)nc2)nn1,0.7101
O=C(Cc1nc(N2CCOCC2)cc(=O)n1-c1ccccc1)N1CCc2c1cc(C(F)(F)F)nc2-c1cccnc1,0.6026
O=C(Cc1nc(N2CCOCC2)cc(=O)n1-c1ccccc1F)Nc1ccc(F)c(Cl)c1,0.6
O=C(Cc1nc(N2CCOCC2)cc(=O)[nH]1)NCc1cc(Cl)cc(Cl)c1,0.6393
NC1(C(=O)NCc2cccc(Cl)c2F)CCN(c2ncnc3c2cnc2[nH]ccc23)CC1,0.6143
Cc1nc(N)nc2c1cc(-c1cncc(OCC(N)=O)c1)c(=O)n2C1CCCC1,0.6111
CC(=O)c1nccn2c(-c3ccccc3)c(-c3ccc(C4(N)CCC4)cc3)nc12,0.65
CCc1c(N)ncnc1N1CCC(c2nc(C3CCCCC3)cn2CCN2CCCC2)CC1,0.7121
Cc1cc(-c2cn(CC3CNC3)c(C3CCN(c4ncnc(N)c4F)CC3)n2)ccc1F,0.8406
Cn1c(CC(=O)Nc2ccc(F)c(C3CC3)c2OC(F)F)nc(N2CCOCC2)cc1=O,0.6486
Nc1cc(N2CCC(c3nc(-c4ccc(F)c(Cl)c4)cn3CCN3CCC3)C(F)C2)ncn1,0.6486
NC1(C(=O)NC(Cc2ccc(O)cc2)c2ccc(F)cc2)CCN(c2ncnc3[nH]ccc23)CC1,0.75
CN(C)CCn1cc(-c2ccnc(F)c2)nc1C1CCN(c2ncnc(N)c2Br)CC1,0.7534
Cn1cc(-c2cc(Cl)c(Cl)c(Cl)c2)nc1C1CCN(c2ncnc(N)c2Br)CC1,0.6515
CNC(=O)c1cccn2c(-c3ccnc(C)c3)c(-c3ccc(C4(N)CCC4)cc3)nc12,0.6087
Cn1c(C(=O)NC2CNCCC2c2ccc(F)c(F)c2)cc(Cl)c1F,0.6119
Cc1n[nH]c2cnc(-c3cncc(OCC(N)Cc4ccc(Cl)c(F)c4)n3)cc12,0.6197
NC1(c2ccc(-c3nc4c(C(=O)Nc5cccnc5)cccn4c3-c3ccccc3)cc2)CCC1,0.6875
O=C(Cc1nc(N2CCOCC2)cc(=O)[nH]1)NCc1ccc(F)cc1,0.6833
Cn1ncc(Br)c1-c1oc(C(=O)NC2CNCCC2c2ccc(Br)cc2)nc1Cl,0.6857
O=C(Cc1nc(N2CCOCC2)cc(=O)n1-c1cc(Cl)cc(Cl)c1)Nc1ccc(F)c(O)c1,0.6087
CCOc1ccc2ncnc(N3CCN(C(=O)C(N)Cc4ccc(Cl)cc4)CC3)c2c1,0.7742
NC(COc1cncc(-c2cncc(NC(=O)NCC(F)(F)F)c2)c1)Cc1c[nH]c2ccccc12,0.6184
CN(C)c1ncc(-c2ccn3c(-c4ccccc4)c(-c4ccc(C5(N)CCC5)cc4)nc3c2)cn1,0.678
Cn1cnc(-c2ccc(C(=O)NC3CNCCC3c3cccc(F)c3)cc2)c1-c1cnncn1,0.6154
O=C(NC(c1ccc(Cl)c(Cl)c1)C1CCNCC1)c1ncccc1F,0.6
Cc1c[nH]c2ncnc(N3CCC(N)(C(=O)NC(Cc4ccc(Cl)cc4)C(=O)Nc4ccc(C5CC5)cc4)CC3)c12,0.6154
Cc1c(N)ncnc1N1CCC(c2nc(-c3ccsc3)cn2CCN2CCC2)CC1,0.7794
NC1(C(=O)Nc2ccc(F)cc2)CCN(c2ncnc3[nH]ccc23)CC1,0.7119
Nc1cc(N2CCC(c3nc(-c4ccc(F)c(F)c4)cn3CC(=O)N3CCOCC3)CC2)ncn1,0.6806
O=C(Cc1nc(N2CCOCC2)cc(=O)n1-c1ccc(Cl)cc1)N1CCc2c1ccc(F)c2Cl,0.6429
Nc1ncnc(N2CCC(c3nc(-c4ccnc(F)c4)cn3CCN3CCCC3)CC2)c1CO,0.7397
Cn1ncc(Br)c1-c1ccc(C(=O)NC2CNCCC2c2ccc(F)cc2)o1,0.8413
NC(=O)CC(NC(=O)C1(N)CCN(c2ncnc3[nH]ccc23)CC1)c1ccc(Br)cc1,0.8361
Cn1nc(-c2ccc(C(=O)NC3CNCCC3c3cccc(F)c3)cc2)nc1C(F)(F)F,0.6857
O=C(NC1CN(C2CC2)CC1c1ccc(F)cc1)c1ccc2c(c1)OCCn1nccc1-2,0.6301
NC(=O)c1cccc2c(NC(CN3CCC3)c3ccc(F)cc3)nc(Cl)nc12,0.7541
NC1(C(=O)NC(C(=O)N2CCOCC2)c2ccc(Cl)cc2)CCN(c2ncnc3[nH]ccc23)CC1,0.7812
Cn1ncc(NC(=O)Cc2nc(N3CCOCC3)cc(=O)n2C)c1-c1ccc(F)c(F)c1F,0.6111
NC(=O)c1nn2c(-c3ccccc3)c(-c3ccc(C4(N)CCC4)cc3)nc2c2sccc12,0.6984
Cc1n[nH]c2cnc(-c3cncc(OCC(N)Cc4ccc([N+](=O)[O-])cc4)c3)cc12,0.7619
CCNC(=O)c1ccc2nc(-c3ccc(C4(N)CCC4)cc3)c(-c3ccccc3)n2c1,0.7627
Cc1cc(-c2cn(CC3CNC3)c(C3CCN(c4ncnc(N)c4OC(C)C)CC3)n2)cnc1OC(F)F,0.7625
Nc1ncnc(N2CCN(C(=O)C(N)Cc3ccc(Cl)cc3Cl)CC2)c1F,0.6066
NC1(c2ccc(-c3nc4c(-c5cc[nH]n5)cccn4c3-c3ccccc3)cc2)CCC1,0.7167
NC(=O)c1cccc2c(NC(CN3CCCC3)c3ccc(F)c(F)c3)nc(Cl)nc12,0.7385
NC(CNc1nnc(-c2ccc3[nH]ncc3c2)s1)Cc1ccc(F)c(F)c1,0.7931
Cc1cc(F)c2c(c1)C(NC(=O)Cc1nc(N3CCOCC3)cc(=O)n1C)CC2,0.6111
CCOc1c(N)ncnc1N1CCC(c2nc(-c3ccc(F)cc3Cl)cn2CCN2CCCC2)C1,0.7
NC(=O)C=Cc1ccn2c(-c3ccccc3)c(-c3ccc(C4(N)CCC4)cc3)nc2c1,0.661
COc1c(N)ncnc1N1CCC(c2nc(-c3ccc(F)nc3)cn2CCCN(C)C)CC1,0.6173
O=C(Cc1nc(N2CCOCC2)cc(=O)n1-c1ccccc1)N1CCN(c2ccc(F)cc2)CC1,0.6308
CC(=O)c1ccc(-c2cn(CCN3CCC3)c(C3CCN(c4cc(N)ncn4)CC3)n2)cc1F,0.7681
O=C(NC(c1ccc(F)nc1)C1CCNC1)c1ccc(Cl)c(Cl)c1,0.6667
Cn1ncc(Cl)c1-c1ccc(C(=O)NC2CNCCC2c2ccc(F)cc2F)o1,0.7101
COCc1nc(C(=O)NCc2ccc(F)cc2)c(NC(=O)Cc2nc(N3CCOCC3)cc(=O)[nH]2)cc1C,0.6234
CC(C)NCCn1cc(-c2cnc(C#N)c(F)c2)nc1C1CCN(c2ncnc(N)c2F)CC1,0.6707
NC(CCCCNC(=O)c1cc(Cl)cc(Cl)c1)C(=O)N1CCN(c2ncnc3ccccc23)CC1,0.6029
NC1(C(=O)NC(=O)NCc2c(F)cc(F)cc2F)CCN(c2ncnc3[nH]ccc23)CC1,0.6061
Cc1nn(C)c2ncc(-c3cncc(OCC(N)Cc4cccc(Cl)c4)c3)cc12,0.6567
Cn1c(CC(=O)NC2CCc3c(Br)cccc32)nc(N2CCOCC2)cc1=O,0.6377
NC(COc1cncc(-c2n[nH]c(-c3ccc4c(c3)OCCO4)n2)c1)Cc1c[nH]c2ccccc12,0.6133
CCNC(=O)c1ccc2nc(-c3ccc(C4(N)CCC4)cc3)c(-c3ccccc3)n2n1,1
Cn1ncc(C(=O)NC2CNCCC2c2ccc(F)cc2)c1-c1ccc(F)cc1,0.6119
Nc1ncc(-c2cncc(OCC(N)Cc3c[nH]c4ccccc34)c2)cc1-c1ccc(F)nc1F,0.6528
Cc1ncc2c(n1)OCn1c-2nc(-c2ccc(C3(N)CC(C)(O)C3)cc2)c1-c1ccccc1,0.7619
O=C(NC(c1ccc(Cl)c(Cl)c1)C1CCCNC1)c1cnc(Cl)c(Cl)c1,0.6719
O=C(NC(c1ccc(Cl)c(Cl)c1)C1CCNC1)c1ccnc(Br)c1,0.6667
O=C(NC(c1ccc(Cl)c(Cl)c1)C1CCCCC1)C1(F)CCN(c2ncnc3[nH]ccc23)CC1,0.6301
Cn1c(CC(=O)Nc2cc(OCC3CC3)c(F)c(C3CC3)c2)nc(N2CCOCC2)cc1=O,0.6944
Cn1nc(-c2c(Br)cnn2C)cc1C(=O)NC1CNCCC1c1cccc(F)c1,0.7083
O=C(Cc1nc(N2CCOCC2)cc(=O)n1-c1ccc(OCC(F)F)cc1)N1CCc2c(Cl)cccc21,0.6533
O=C(Cc1nc(N2CCOCC2)cc(=O)n1-c1ccccc1)C(F)(F)F,0.6393
NC(COc1cncc(-c2cnc3c(c2)CC(=O)N3)c1)Cc1ccccc1Br,0.7273
O=C(NC(c1ccc(F)c(Cl)c1)C1CCNCC1)c1cc(Cl)nc(Cl)c1,0.6032
NC(COc1cncc(-c2ccc3cnccc3c2)c1)Cc1cccc(O)c1,0.6
Cn1nc(-c2ccncc2)nc1C(=O)NC1CNCCC1c1ccc(F)c(F)c1,0.6232
O=C(NC1CNCCC1c1cccc(F)c1)c1cc(Cl)c(F)c(Cl)c1,0.6406
O=C(Nc1csc(-c2nncn2C2CCOCC2)n1)c1cc(-n2cnc(C3CC3)c2)c(N2CC3CC3C2)cn1,0.9067
NC(Cc1cc(F)cc(F)c1)C(=O)N1CCN(c2ncnc3ccccc23)CC1,0.7895
NC1(c2ccc(-c3nn4ccnc4cc3-c3ccccc3)cc2)CCC1,0.6364
NC(=O)c1ccc(-c2cn(CC3CC3)c(C3CCN(c4ncnc(N)c4Br)CC3)n2)cc1F,0.6316
NC(=O)c1c(N)ncnc1N1CCC(c2nc(-c3cccc(C(F)(F)F)c3)cn2CCO)CC1,0.8472
Cn1ncc(-c2cc(C(=O)NC3CNCCC3c3ccc(F)cc3)oc2Cl)c1Cl,0.7042
Cn1nc(Cl)c(-c2ccc(C(=O)NC3CNCCC3c3ccc(F)c(F)c3)cc2)n1,0.6912
O=C(Nc1ccc(F)cc1)NC(Cc1ccc(Cl)c(Cl)c1)C(=O)N1CCN(c2ncnc3ccccc23)CC1,0.6667
NC(=O)c1ccc2ncnc(N3CCN(C(=O)C(N)Cc4ccc(Cl)cc4)CC3)c2c1,0.7966
Cn1ncc(C(=O)NC2CNCCC2c2cc(F)cc(F)c2)c1-c1ccoc1,0.6143
CCOc1c(F)c(CC(=O)N2c3ccccc3CC2C)nc(N2CCOCC2)c1F,0.6429
NC1(C(=O)NC(Cc2ccc(Cl)cc2)C(=O)NC2CCCCC2)CCN(c2ncnc3[nH]ccc23)CC1,0.6447
Cc1n[nH]c2ccc(-c3cncc(OCC(N)Cc4ccc(C(F)(F)F)cc4F)c3)cc12,1
CCc1c(N)ncnc1N1CCC(c2nc(-c3ccc(F)c(S(C)(=O)=O)c3)cn2CC2CNC2)CC1,0.8108
NC1(c2ccc(-c3nc4n(c3-c3ccccc3)COc3ncc(Cl)cc3-4)cc2)CC1,0.6774
Cc1n[nH]c(C)c1CNC(=O)c1cccn2c(-c3ccccc3)c(-c3ccc(C4(N)CCC4)cc3)nc12,0.6389
CCc1c(N)ncnc1N1CCC(c2noc(-c3ccc(F)c(C(F)(F)F)c3)n2)CC1,0.64
NC1(CNC(=O)c2ccc(Cl)nc2)CCN(c2ncnc3[nH]cc(C4CC4)c23)C1,0.6571
N#Cc1cccc(-c2cc(C(=O)NC3CNCCC3c3ccc(F)c(F)c3)oc2Cl)c1,0.6184
O=C(NC(c1ccc(Cl)c(F)c1)C1CCNCC1)c1cnc(C(F)(F)F)nc1,0.6462
Cc1nc(-c2ccc(C(=O)NC3CNCCC3c3cccc(F)c3)nc2)n(C)n1,0.7246
CCc1c(N)ncnc1N1CCC(c2nc(-c3ccc(OC)c(F)c3)cn2CCN2CCCC2)CC1,0.8611
Cn1nc(-c2ccc(C(=O)NC3CNCCC3c3ccc(F)c(F)c3)cc2F)nc1C1CC1,0.6957
NC1(c2ccc(-c3nc4n(c3-c3ccccc3)COc3cc(C=O)ccc3-4)cc2)CC(O)(C2CC2)C1,0.7969
NC(COc1cncc(-c2ccc3c(c2)C(=O)N3)c1)Cc1cccc(C(F)(F)F)c1,0.6765
Cn1ncc(C(=O)NC2CNCCC2c2ccc(F)c(F)c2)c1-c1ccc(F)c(F)c1,0.7231
Cc1ccc(CC(N)C(=O)N2CCN(c3ncnc4cccc(Br)c34)CC2)cc1,0.7288
Cn1c(Br)cnc1C(NC(=O)C1(N)CCN(c2ncnc3[nH]ccc23)CC1)C1CCCCC1,0.6216
Nc1n[nH]c2ccc(-c3cncc(OCC(N)Cc4ccc(F)cc4Cl)c3)cc12,0.7188
CCc1c(N)ncnc1N1CCC(c2nc(-c3cc(F)c(C)c(F)c3)cn2CCN2CCC2)CC1,0.8358
Cn1c(CC(=O)Nc2ccc(CCC(N)=O)cc2)nc(N2CCOCC2)cc1=O,0.6515
Cc1cc(NC(=O)CCCc2nc(N3CCOCC3)cc(=O)[nH]2)ccc1F,0.6719
O=C(COCc1nc(N2CCOCC2)cc(=O)[nH]1)NCc1cc(F)cc(F)c1,0.6032
Cn1c(CC(=O)N2CCc3c(F)cccc32)nc(N2CCOCC2)c1Br,0.7031
O=C(NC1CC1)c1cc(Br)c(-c2ccnc3[nH]ccc23)s1,0.6308
CC1SCc2ncnc(N3CCN(C(=O)C(Cc4ccc(Cl)cc4)NC(=O)C4(c5ccc(Cl)cc5)CC4)CC3)c21,0.6901
NC1(c2ccc(-c3nc4ccc(N5CCN(C=O)CC5)nn4c3-c3ccccc3)cc2)CCC1,0.6552
NCCNC(=O)c1ccc(-c2nnc3n2-c2cccnc2Nc2ccccc2-3)cc1,0.6935
Cn1ncc(Br)c1-c1ccc(C(=O)NC(CN)Cc2ccc(F)c(F)c2)o1,0.6471
Nc1ncnc(N2CCC(c3nc(-c4cccc(Cl)c4)cn3CCN3CCC3)CC2)c1Cl,0.8209
O=C(CCc1nc(N2CCOCC2)cc(=O)[nH]1)Nc1c(F)c(F)c(F)c(F)c1F,0.6102
CC(NC(=O)Cc1nc(N2CCCOCC2)cc(=O)[nH]1)c1ccc(F)cc1,0.6269
Cn1nccc1C(NC(=O)Cc1nc(N2CCOCC2)cc(=O)[nH]1)c1ccc(F)cc1F,0.6197
CNC(=O)c1c(N)ncnc1N1CCC(c2nc(-c3ccc(F)c(C(F)(F)F)c3)cn2CCN2CCC2)CC1,0.8442
NC1(c2ccc(-c3nc4n(c3-c3cncnc3)COc3nccnc3-4)cc2)CC1,0.619
Cc1cn(-c2cc(C(=O)Nc3csc(-c4nncn4C4CCC4)n3)ncc2N2CCNC(=O)C2)cn1,0.625
Cc1n[nH]c2cnc(-c3cncc(OCC(NCCO)c4cccc(F)c4)c3)cc12,0.625
Cc1c(N)ncnc1N1CCC(c2nc(-c3ccc(F)nc3)cn2CCN2CCCC2)CC1,0.7361
CS(=O)(=O)c1ccc(-c2cn(CCN3CCC3)c(C3CCN(c4ncnc(N)c4F)CC3)n2)cc1,0.6667
O=C(NC(Cc1ccc(F)cc1)C(=O)N1CCN(c2ncnc3ccccc23)CC1)c1ccc(F)c(F)c1,0.6471
Cc1ccc(C(=O)NC2CNCCC2c2cccc(F)c2)cc1-c1cnn(C)c1,0.6301
Cn1[nH]c(=N)c2cc(-c3cncc(OCC(N)Cc4c(F)cccc4F)c3)ccc21,0.6418
NC1(C(=O)NC(=O)NCc2ccccc2)CCN(c2ncnc3[nH]ccc23)CC1,0.7288
O=C(N1CCN(c2ncnc3ccccc23)CC1)C1(c2ccccc2)CCNCC1,0.6393
Nc1ncnc(N2CCC(c3nc(-c4ccc(Cl)c(Cl)c4)cn3CCN3CCC3)CC2)c1C(F)(F)F,0.7067
Cn1cc(C(=O)NC2CNCCC2c2ccc(Cl)c(Cl)c2)cn1,0.6212
NC1(C(=O)NCc2cc(F)c(F)cc2Cl)CCN(c2ncnc3[nH]ccc23)CC1,0.7097
Nc1ncnc(N2CCC3(CCCN(CC(O)CNC(=O)c4cccc(F)c4)C3)C2)c1C1CC1,0.6471
Cn1ncc(Cl)c1C(=O)NC1CNCC1c1cccc(F)c1,0.6269
NC(COc1cncc(-c2ccc3nc(-c4ccc(F)c(F)c4)cn3c2)c1)Cc1c[nH]c2ccccc12,0.6486
Cn1c(CC(=O)NCCc2cc(F)ccc2F)nc(N2CCOCC2)cc1=O,0.6418
Cn1ncc(Br)c1-c1csc(C(=O)NC2CNCCC2c2cccc(F)c2)n1,0.726
N#Cc1c(N)ncnc1N1CCC(c2nc(-c3cccc(C(N)=O)c3)cn2CCN2CCC2)CC1,0.7703
Cc1nc(-c2c(Cl)cnn2C)c2nc(-c3ccccc3)c(-c3ccc(C4(N)CCC4)cc3)n2n1,0.6349
CC(C)Oc1nc(CC(=O)N2CCc3c(F)cccc32)nc(N2CCOCC2)c1F,0.6232
CC(NC(=O)NC1CCN(c2ncnc3[nH]ccc23)C1)c1ccc(F)cc1,0.6269
Cc1cc2ncc(-c3ccncc3)n2nc1-c1ccc(C2(N)CCC2)cc1,0.6441
NC1(C(=O)NC(=O)c2cc(F)cc(C(F)(F)F)c2)CCN(c2ncnc3[nH]ccc23)CC1,0.6056
O=C(NC(c1ccc(Cl)c(Cl)c1)C1CCCC1)C1(F)CCN(c2ncnc3[nH]ccc23)CC1,0.6389
CCOc1c(F)c(N2CCOCC2)nc(CC(=O)N2c3ccc(F)c(F)c3CC2C)c1Cl,0.6301
COCc1cc(-c2ccc(C(=O)NC3CNCCC3c3cccc(F)c3)cc2)nn1C,0.6267
CC1(O)CC(N)(c2ccc(-c3nc4n(c3-c3ccccc3)COc3ccc(Br)nc3-4)cc2)C1,0.8305
O=C(NC(c1ccc(Cl)c(F)c1)C1CCNC1)c1c(Cl)cncc1Cl,0.6
CN(C)CCn1cc(-c2ccc(F)c(C(F)(F)F)c2)nc1C1CCN(c2ncnc(N)c2C(F)(F)F)CC1,0.8451
Cc1cnn(C)c1-c1cc(Cl)cc(C(=O)NC(CN)Cc2ccc(F)c(F)c2)c1,0.6056
Nc1ncnc(N2CCC(c3nc(-c4cncc(F)c4)cn3CCN3CCC3)CC2)c1Br,0.7681
CCOc1c(N2CCOCC2)nc(CC(=O)N2CCc3c(F)cccc32)n(C)c1=O,0.6571
NC(COc1cncc(-c2cc3c(=O)nc[nH]c3cn2)c1)Cc1cccc(F)c1,0.7015
Cc1cc(F)ccc1CC(N)COc1cncc(-c2ccc3c(c2)OCC(=O)N3)c1,0.6197
CCNC(=O)NCC(C(=O)N1CCN(c2ncnc3c2C(C)CC3)CC1)c1ccc(Cl)cc1,0.7727
CC(F)CNC(=O)c1c(N)ncnc1N1CCC(c2nc(-c3ccnc(C(F)(F)F)c3)cn2CCN2CCCC2)CC1,0.759
CNC(=O)C(Cc1cccc(Cl)c1)NC(=O)C1(N)CCN(c2ncnc3[nH]ccc23)CC1,0.6533
Cn1cnnc1C(NC(=O)C1(N)CCN(c2ncnc3[nH]ccc23)CC1)c1ccccc1Cl,0.6216
O=C(NC(c1ccc(Cl)c(F)c1)C1CCNC1)c1ccc2cnccc2n1,0.6618
OC1(c2ccc(Cl)cc2)CCN(c2ncnc3[nH]cc(Cl)c23)CC1,0.6271
Cn1ncc(Cl)c1-c1cc(C(=O)NC(CO)Cc2cc(F)cc(F)c2)sc1Cl,0.7344
CCN(CC)CCn1cc(-c2ccc(F)c(F)c2)nc1C1CCN(c2ncnc(N)c2C(N)=O)CC1,0.8889
O=C(NC(Cc1ccc(Cl)cc1)C(=O)N1CCN(c2ncnc3ccccc23)CC1)c1ccncc1,0.6825
COc1ccc(-c2cn3nccc3nc2-c2ccc(CN3CC(c4n[nH]c(-c5ccccn5)n4)C3)cc2)cc1,0.6375
Fc1cc(-c2cn(CCN3CCC3)c(C3CCN(c4nncc(Br)c4Cl)CC3)n2)ccn1,0.6076
Cc1nn(C)cc1C(C)NC(=O)C1(N)CCN(c2ncnc3[nH]cc(C)c23)CC1,0.6716
NC1(C(=O)NCc2ccc(F)c(F)c2)CCN(c2ncnc3[nH]ccc23)C1,0.6935
O=C(NC(c1ccc(Cl)c(F)c1)C1CCNCC1)c1cnn(CC2CC2)c1,0.6
NC(COc1cncc(-c2ccc(F)c(C=O)c2)c1)Cc1c[nH]c2ccccc12,0.6912
NC(=O)c1ccc(-c2cn(CC(F)(F)F)c(C3CCN(c4ncnc(N)c4Br)CC3)n2)cc1F,0.6234
CC1(C)C(=O)Nc2ncnc(N3CCC(c4nc(C(F)(F)F)no4)CC3)c21,0.6026
CCn1cc(-c2ccnc(C(F)(F)F)c2)nc1C1CCN(c2ncnc(Cl)c2C#N)CC1,0.6883
CC1(Cn2cncn2)CCN(c2cnc(C(=O)Nc3csc(-c4nncn4C4CC4)n3)cc2-n2cnc(C3CC3)c2)CC1,0.7556
O=CNC(Cc1ccc(Cl)cc1)C(=O)N1CCN(c2ncnc3ccc(F)cc23)CC1,0.6324
CC1SCCc2ncnc(N3CCN(C(=O)C(N)Cc4ccc(Br)cc4)CC3)c21,0.697
COc1cc2nc(-c3ccc(C4(N)CCC4)cc3)c(-c3ccccc3)n2cc1C,0.7143
NC(COc1cncc(-c2ccc(F)cc2)c1)Cc1c[nH]c2ccccc12,0.7541
CC1(O)CC(N)(c2ccc(-c3nc4n(c3-c3ccccc3)COc3cc(C#N)cc(F)c3-4)cc2)C1,0.7571
NC(=O)c1cccc2c(NC(CN3CCC3)c3ccc(F)cc3)nc(C(F)(F)F)cc12,0.6515
CC1SCc2ncnc(N3CCN(C(=O)Nc4ccc(Cl)cc4)CC3)c21,0.6406
Cn1c([N+](=O)[O-])cnc1-c1nc(NC(=O)c2cc(-n3cnc(C4CC4)c3)c(N3CCC(F)CC3)cn2)cs1,0.6905
COc1cc(-c2cn(CCN3CCC3)c(C3CCN(c4ncnc(N)c4C)CC3)n2)cc(F)c1F,0.7013
Cc1cnc(Cl)cc1C(=O)NC1CNCCC1c1ccc(F)c(F)c1,0.6
Cn1c(CC(=O)N2CCN(C=O)c3cccc(F)c32)nc(N2CCOCC2)cc1=O,0.6912
CCn1c(-c2nonc2N)nc2c(C#CC(C)(C)O)nc(COc3ccc(C)cc3)cc21,0.7385
CNc1cc(NC(=O)Cc2nc(N3CCOCC3)cc(=O)n2-c2ccc(F)cc2)ccc1F,0.6056
Cc1ccc(-n2c(CC(=O)N3CCc4c(-c5ccccn5)cccc43)nc(N3CCOCC3)cc2=O)cc1,0.6623
Cn1ccnc1-c1nc(NC(=O)c2cc(-n3cnc(C4CC4)c3)c(N3CCC(F)(F)C3)cn2)cs1,0.6824
Cn1c(CC(=O)Nc2ccsc2C2CC2)nc(N2CCOCC2)cc1=O,0.7121
NC(=O)c1c(N)ncnc1N1CCC(c2nc(-c3cccc(F)c3)cn2CCO)CC1,0.7746
COc1cc(-c2cn(CCN3CCC3)c(C3CCN(c4ncnc(N)c4Cl)CC3O)n2)ccc1F,0.6706
NC(=O)c1ccnc2c(NC(CN3CC(F)(F)C3)c3ccc(Cl)c(C(F)(F)F)c3)ncnc12,0.7971
Cc1cc(Cl)nc(C)c1C(=O)NC(Cc1ccc(Cl)cc1)C(=O)N1CCN(c2ncnc3[nH]ccc23)CC1,0.6338
NC(COc1cncc(-c2cn[nH]c2)c1)Cc1cccc(F)c1F,0.6721
O=C(NC(c1ccc(Cl)c(Cl)c1)C1CCNCC1)c1cnc(Cl)cn1,0.6032
NC(COc1cncc(-c2ccc(F)c(F)c2)c1)Cc1ccc(Cl)cc1,0.6552
O=Cc1cnc(N2CCC(c3nc(-c4ccc(F)c(Cl)c4)cn3CCN3CCCC3)CC2)nc1,0.64
CN1CCC(c2cc(NC(=O)CCCc3nc(N4CCOCC4)cc(=O)n3C)ccc2F)CC1,0.7536
Nc1ncnc(N2CCC(c3nc(-c4cccc(C=O)c4)cn3CCN3CCCC3)CC2)c1Br,0.7857
Cc1c(Cl)cc(C(=O)NC(c2cccc(Cl)c2)C2CCNCC2)cc1Cl,0.623
Cn1c(CC(=O)N2CCc3c2ccc(F)c3F)nc(N2CCOCC2)c1F,0.7258
O=C(Cc1nc(N2CCOCC2)cc(=O)n1C1CCCCC1)N1CCc2c(Cl)cccc21,0.9194
Cn1c(CC(=O)N2CCc3c(F)cccc32)nc(N2CCOCC2)c1Oc1ccccc1F,0.6522
NC(=O)c1cnc(-c2cncc(OCC(N)Cc3c[nH]c4ccccc34)c2)cc1N,0.6667
CNC(=O)c1c(N)ncnc1N1CCC(c2nc(-c3ccc(F)c(Cl)c3)cn2CCN2CCC2)CC1,0.84
Nc1ncnc(N2CCC(c3nc(-c4c(F)cccc4F)cn3CCN3CCC3)CC2)c1Br,0.75
Cc1cc2c(cn1)nn1cc(-c3ccccc3)c(-c3ccc(C4(N)CCC4)cc3)nc21,0.7097
COc1nc(CC(=O)N2c3ccccc3CC2C)nc(N2CCOCC2)c1F,0.6618
Cn1cc(-c2cnc3cc(C(=O)NC4CNCCC4c4ccc(F)c(F)c4)cnc3c2)cn1,0.6164
Nc1ncnc(N2CCC(c3nc(-c4cc(F)cc(C(F)(F)F)c4)cn3CCN3CCC3)CC2)c1Br,0.7432
NC1(CNC(=O)c2cccc(Cl)c2Cl)CCN(c2ncnc3[nH]cc(Cl)c23)CC1,0.6515
NC(=O)c1ccc(-c2nn3c(-c4ccccc4)cnc3cc2F)cc1,0.6102
Cn1ncc(-c2ccccc2F)c1-c1cc(C(=O)NC2CNCCC2c2cccc(F)c2)no1,0.625
COc1cc(CNC(=O)C2(O)CCN(c3ncnc4[nH]ccc34)CC2)ccc1Cl,0.6029
O=C(Cc1ccc(Cl)cc1)NC(Cc1ccc(Cl)c(Cl)c1)C(=O)N1CCN(c2ncnc3ccccc23)CC1,0.697
CNC(=O)CCCn1cc(-c2ccc(F)c(C(F)(F)F)c2)nc1C1CCN(c2ncnc(N)c2F)CC1,0.7179
Nc1ncnc(N2CCC(c3nc(-c4cc(F)cc(Br)c4)cn3CCN3CCC3)CC2)c1Cl,0.7571
Cn1cc(C(NC(=O)C2(N)CCN(c3ncnc4[nH]ccc34)CC2)c2ccc(Cl)c(Cl)c2)cn1,0.6528
Cc1cc(-c2cn(CCN3CCC3)c(C3CCN(c4cc(N)ncn4)CC3)n2)ccc1OC(F)F,0.6849
Cc1ccc(-c2cn(CCN3CCC3)c(C3CCN(c4nonc4N(C)C)CC3)n2)cc1F,0.641
NC(COc1cncc(-c2ccc3[nH]ncc3c2)c1)Cc1ccc(Cl)c(F)c1,0.7231
NC(COc1cncc(-c2ccc3c(c2)CCC(=O)N3)c1)Cc1ccccc1Br,0.625
O=C(Cc1nc(N2CCOCC2)cc(=O)n1-c1ccc(Cl)c(F)c1)Nc1ccc(F)c(C2CC2)c1,0.7183
Cn1c(CC(=O)N2CCN(C(=O)c3c(F)ccc(F)c3F)CC2)nc(N2CCOCC2)cc1=O,0.6515
NC(=O)c1ncnc(N2CCC(c3nc(-c4ccnc(F)c4)cn3CCN3CCCC3)CC2)c1Cl,0.6579
O=C(NC(c1cccnc1)C1CCNCC1)c1ccc(F)c(F)c1,0.6032
COc1ncc(-c2cn(CCN3CCC3)c(C3CCN(c4ncnc(N)c4C)CC3)n2)cc1Cl,0.6375
COCC(=O)Nc1cc(-c2cncc(OCC(N)Cc3c[nH]c4ccccc34)c2)ccc1C,0.6486
Cc1cc(CNC(=O)Cc2nc(N3CCOCC3)cc(=O)n2C)ccc1F,0.6515
NC1(C(=O)NCc2ccc(F)c(Cl)c2F)CCN(c2ncnc3[nH]ccc23)CC1,0.7258
Cc1cc(F)cc(-c2cn(CC3CNC3)c(C3CCN(c4ncnc(N)c4OC(F)(F)F)CC3)n2)c1,0.6627
NC1(c2ccc(-c3nc4c(C(=O)N5CCC(=O)C5)cccn4c3-c3ccccc3)cc2)CCC1,0.7097
O=C(Cc1nc(N2CCOCC2)cc(=O)[nH]1)c1ccc(F)c(F)c1,0.7018
O=C(Cc1nc(N2CCOCC2)cc(=O)[nH]1)NC1CN(CCc2ccc(F)c(F)c2)C1,0.6515
Cn1ncc(-c2c(Cl)ccc(O)c2F)c1C(=O)NC1CNCCC1c1ccc(F)c(F)c1,0.6184
Cn1nc(-c2ccc(C(=O)NC3CNCCC3c3cccc(F)c3)cc2)cc1C1CCOCC1,0.6184
Cc1c(N)ncnc1N1CCC(c2nc(-c3ccc(F)cc3Cl)cn2CCN2CCC2)CC1,0.6438
Cc1ccc(Cl)cc1N1CCN(c2ncnc3[nH]nc(Br)c23)CC1,0.6032
NC(=O)c1n[nH]c2cnc(-c3cncc(OCC(N)Cc4cccc(F)c4F)c3)cc12,0.7846
Cn1c(CC(=O)N2CCN(C(=O)c3cccc(Cl)c3Cl)CC2)nc(N2CCOCC2)cc1=O,0.6324
Cc1c(N2CCOCC2)nc(CC(=O)N2c3ccccc3CC2C)n1C,0.7097
COCCn1nccc1C(=O)NC1CNCCC1c1ccc(F)c(F)c1,0.6087
Cc1n[nH]c2ccc(-c3cncc(OCC(N)Cc4cc(F)c(F)c(F)c4)c3)cc12,0.8448
Cn1ccnc1-c1nc(NC(=O)c2cc(-n3cnc(C4CC4)c3)c(N3CC(F)(F)C3)cn2)cs1,0.7375
CNC(=O)CCn1cc(-c2ccc(C(F)(F)F)c(F)c2)nc1C1CCN(c2ncnc(N)c2Cl)CC1,0.6585
COc1ccc(NC(=O)NCc2ccc(-c3nnc4n3-c3cccnc3Nc3ccccc3-4)cc2)cc1,0.6377
O=C(CCc1ccc(Br)cc1)N1CCN(c2ncnc3ccccc23)CC1,0.6667
Cn1c(CC(=O)N2CCN(C(=O)c3ccccc3)CC2)nc(N2CCOCC2)cc1=O,0.629
CNC(=O)C(NC(=O)c1cc(Br)c(-c2ccnc3[nH]ccc23)s1)C1CCCCC1,0.662
CC1SCc2ncnc(N3CCN(C(=O)CC(Cc4ccncc4)c4ccc(Cl)cc4)CC3)c21,0.6479
Cc1c(N)ncnc1N1CCC(c2nc(-c3ccc(Cl)c(C#N)c3)cn2CCN2CCC2)CC1,0.7467
Nc1ncnc(N2CCC(c3nc(-c4ccc(O)c(Cl)c4)cn3CCN3CCC3)CC2)c1Cl,0.8
NC1(C(=O)NCc2cnc(Cl)cc2F)CCN(c2ncnc3[nH]ccc23)CC1,0.6875
Cc1nc(N)nc2c1nc(-c1ccc(O)nc1)c(=O)n2C1CCC(O)CC1,0.8364
O=C(Cc1nc(N2CCOCC2)cc(=O)n1-c1cc2ccccc2s1)Nc1ccc(F)c(Br)c1,0.6761
Cn1c(CC(=O)Nc2ccc(Cl)c(C(N)=O)c2)nc(N2CCOCC2)cc1=O,0.6667
NC(=O)CC(NC(=O)c1cc(Br)c(-c2ccnc3[nH]ccc23)s1)C1CCCCC1,0.6857
Cn1c(CC(=O)N2CCc3c(Cl)cccc32)nc(N2CCOCC2)c(Br)c1=O,0.697
Cn1c(CC(=O)NCc2cc(F)cc(Br)c2N2CCCC2)nc(N2CCOCC2)cc1=O,0.6056
O=C(Cc1nc(N2CCOCC2)cc(=O)[nH]1)Nc1ccc(F)c(-c2nc(C3CC3)no2)c1,0.7015
Cc1ncc(C(=O)NC(c2ccc(Cl)c(F)c2)C2CCNCC2)cc1F,0.6462
O=C(Cc1nc(N2CCOCC2)cc(=O)[nH]1)Nc1ccc(NS(=O)(=O)c2cc(F)ccc2F)cc1F,0.7576
NC(Cc1ccc(F)cc1)C(=O)N1CCN(c2ncnc3ccc(Cl)c(F)c23)CC1,0.6562
Cn1nc(-c2ccc(C(=O)NC3CNCCC3c3cc(F)c(F)c(F)c3)cc2)o1,0.6119
NC1(c2ccc(-c3nnc4n3-c3cccnc3Nc3c(F)cccc3-4)cc2)CCC1,0.7241
Cc1ccc(C(=O)c2c(N3CCOCC3)nc(CC(=O)N3CCc4c(F)cccc43)n2C)cc1,0.6522
CCc1c(N)ncnc1N1CCC(c2nc(-c3ccc(F)c(C)c3)cn2CC2CCNCC2)CC1,0.8714
NC1(C(NC(=O)C2CCC2)c2ccc(F)cc2)CCN(c2ncnc3[nH]ccc23)CC1,0.6087
Cc1nc(C)c2c(n1)OCn1c-2nc(-c2ccc(C3(N)CC3)cc2)c1-c1ccccc1,0.6032
Nc1ncnc(N2CCC(c3nc(-c4ccc(Cl)c(Cl)c4)cn3CCN3CCC3)CC2)c1Cl,0.7879
Cc1c(N2CCCC2)nc(CC(=O)Nc2ccc(F)c(Br)c2)n1C,0.6
Cn1ncc(C(=O)NC2CNCCC2c2ccc(F)c(F)c2)c1-c1ccccn1,0.6438
Cc1nnn(C)c1-c1ccc(C(=O)NC2CNCCC2c2cccc(F)c2)cc1,0.7206
O=C(NC(Cc1ccc(Cl)cc1)C(=O)N1CCN(c2ncnc3ccc(F)cc23)CC1)c1ccc(F)cc1,0.6324
O=C(Cc1nc(N2CCOCC2)c(F)c(OC(F)F)c1Cl)N1CCc2c(F)cccc21,0.6143
Cn1c(C(=O)NC2CNCCC2c2ccc(F)c(F)c2)cc(Cl)c1Cl,0.6119
CCCC(NC(=O)C1(N)CCN(c2ncnc3[nH]ccc23)CC1)c1ccc(C)cc1,0.7385
NC(=O)c1ccn2c(-c3ccccc3)c(-c3ccc(C4(N)CCC4)cc3)nc2c1Br,0.7818
CC(NC(=O)C1(N)CCN(c2ncnc3c2C(C)OCC3)CC1)c1ccc(F)cc1,0.6143
NC(=O)c1c(N)ncnc1N1CCC(c2nc(-c3ccc(F)c(OC(F)F)c3)cn2CCN2CCC2)CC1,1
Cn1cnnc1-c1nc(NC(=O)c2cc(-n3cnc(C4CC4)c3)c(N3CCC3)cn2)cs1,0.7308
O=C(Cc1nc(N2CCOCC2)cc(=O)[nH]1)Nc1cccc2c(S(=O)(=O)Nc3ccccc3F)cccc12,0.6857
Cn1c(CC(=O)NCc2cc(F)c(F)c(F)c2)nc(N2CCOCC2)cc1=O,0.6406
COc1ccc(C(=O)NC2CNCCC2c2ccc(F)c(F)c2)nc1-c1c(Cl)cnn1C,0.6757
NCCNC(=O)c1cc(Br)c2nc(-c3ccc(C4(N)CCC4)cc3)c(-c3ccccc3)n2c1,0.75
CC(NC(=O)Cc1nc(N2CCOCC2)cc(=O)[nH]1)c1ccc(F)c(Cl)c1,0.6212
NC(COc1cncc(-c2ccc3[nH]nc(C(F)(F)F)c3c2)c1)c1ccccc1,0.6716
O=C(NC1CNCCC1c1ccc(F)c(F)c1)c1cc(-c2cccnc2F)c(Cl)o1,0.6575
Cc1ccc(CC(N)COc2cncc(-c3ccc4nn(C)cc4c3)c2)cc1F,0.6232
Nc1n[nH]c2cc(-c3cncc(OCC(N)Cc4ccc(F)cc4F)c3)ncc12,0.6923
CC(C)(N)CNC(=O)C1(N)CCN(c2ncnc3[nH]cc(Cl)c23)CC1,0.625
Cn1c(CC(=O)Nc2cc(Br)cc(C#N)c2)nc(N2CCOCC2)cc1=O,0.6418
CNC(=O)C(NC(=O)c1cc(Br)c(-c2ccnc3[nH]ccc23)s1)c1ccccc1,0.7385
Cc1oc(C(=O)NC2CNCCC2c2ccc(Cl)cc2)cc1-c1nnnn1C,0.6338
CC(=O)Nc1cn2nc(-c3cnc(Cl)c(NS(=O)(=O)c4cnoc4C)c3)ccc2n1,0.7143
NC1(c2ccc(-c3nn4c(-c5cccnc5)cnc4cc3-c3ccccc3)cc2)CCC1,0.7719
O=C(Nc1csc(-c2nncn2C2CCCC2)n1)c1cc(-n2cnc(C3CC3)c2)c(F)cn1,0.7532
O=C(NC1CNCCC1c1ccc(F)c(F)c1)c1cc(F)c(F)c(Cl)c1,0.6154
O=C(Cc1nc(N2CCOCC2)cc(=O)n1Cc1ccc(F)cc1)N1CCc2c(F)cccc21,0.7313
NC(=O)c1c(N)ncnc1N1CCC(c2nc(-c3ccc(F)c(Cl)c3)no2)CC1,0.6026
Cn1c(CC(=O)Nc2cnccc2C2CCNCC2)nc(N2CCOCC2)cc1=O,0.6081
NC1(c2ccc(-n3c(-c4ccncc4)nc4ccc(-c5cncs5)nc43)cc2)CCC1,0.6271
O=C(Cc1nc(N2CCOC3CCCCC32)cc(=O)[nH]1)N1CCc2c(F)ccc(F)c2C1,0.6857
Cc1n[nH]c2cnc(-c3cncc(OCC(N)Cc4cc(F)cc(F)c4F)c3)cc12,0.7903
Cc1ncc(-c2cncc(OCC(N)Cc3c(F)cccc3F)c2)cc1C=O,0.625
NC(CNC(=O)c1ccc(F)cc1F)C(=O)N1CCN(c2ncnc3ccccc23)CC1,0.6176
Cc1cc(C(=O)NC2CNCCC2c2ccc(F)cc2)c(F)cc1Cl,0.6
Cn1c(CC(=O)Nc2ccc(S(N)(=O)=O)cc2)nc(N2CCOCC2)cc1=O,0.6984
O=C(Cc1nc(N2CCOC(CO)C2)cc(=O)[nH]1)Nc1ccc(Br)cc1,0.6567
CC1COCCN1c1nc(N2CCOCC2C)c2ncc(-c3cccc(N)c3)nc2n1,0.7288
NC(=O)c1c(N)ncnc1N1CCC(c2cc(-c3ccc(F)c(Cl)c3)nc(N3CCC(F)C3)n2)CC1,0.6049
Cc1n[nH]c2ccc(-c3cncc(OCC(N)Cc4ccc(Cl)c(F)c4)c3)cc2c1=O,0.8889
CC(NC(=O)Cc1nc(N2CCOCC2)cc(=O)n1C)c1ccccc1Br,0.6029
Cn1nc(-c2ccc(C(=O)NC3CNCCC3c3ccc(F)c(F)c3)cc2F)c2cccnc21,0.6712
CNC(=O)c1cccnc1N1CCC(c2nc(-c3cccc(F)c3)cn2CCN2CCCC2)CC1,0.6125
Nc1ncnc(N2CCC(c3nc(-c4ccc(F)c(C(F)(F)F)c4)cn3CCNCC3CCOCC3)CC2)c1Cl,0.7381
Nc1ncnc(N2CCC(c3nc(-c4ccc(F)c(C(F)(F)F)c4)cn3CC(=O)O)CC2)c1Cl,0.7568
Cc1ccccc1Cc1c(N2CCOCC2)nc(CC(=O)N2CCc3c(Cl)cccc32)n1C,0.6479
Cn1c(CC(=O)N2CCN(c3ccccc3Cl)CC2)nc(N2CCOCC2)c(F)c1=O,0.7015
Nc1ccc(CC(N)C(=O)N2CCN(c3ncnc4ccc(Cl)cc34)CC2)cc1Br,0.7302
NC(=O)c1ccc(N2CCC(c3nc(-c4ccc(F)c(Cl)c4)cn3CCN3CCC3)CC2)nn1,0.6795
CNC(=O)Cn1cc(-c2ccnc(C(F)(F)F)c2)nc1C1CCN(c2ncnc(N)c2C(N)=O)CC1,0.7564
O=C(NC(c1ccc(Cl)c(Cl)c1)C1CNC1)c1ccc(OC(F)(F)F)cc1,0.6066
CCn1cc(-c2ccc(Cl)c(OC)c2)nc1C1CCN(c2ncnc(N)c2C(N)=O)CC1,0.6875
CNC(=O)NCCn1cc(-c2ccc(F)c(F)c2)nc1C1CCN(c2cc(N)ncn2)CC1,0.6944
NC1(c2ccc(-c3nc4c(Cl)cc(Cl)cn4c3-c3ccccc3)cc2)CCC1,1
Cc1n[nH]c2ccc(-c3cncc(OCC(N)c4ccccc4)c3)cc12,0.6721
NC(=O)c1ccnc2c(NC(CN3CCC3)c3cccc(OCF)c3)ncnc12,0.7937
CCN=c1sc(-c2ccc(C(=O)NC3CNCCC3c3cccc(F)c3)s2)nn1C,0.6753
CC(C)NC(=O)Cn1cc(-c2ccc(F)c(Cl)c2)nc1C1CCN(c2ncnc(N)c2C(N)=O)CC1,0.7468
Cc1ccc(CC(N)C(=O)N2CCN(c3ncnc4ccc(Br)cc34)CC2)cc1C,0.6774
Nc1ncnc(N2CCN(C(=O)C(N)Cc3ccc(F)cc3Cl)CC2)c1Cl,0.661
Cc1cc(N2CCOCC2)nc2ccc(NC(=O)Cc3nc(N4CCCOCC4)cc(=O)n3C)cc12,0.6377
Cn1c(CC(=O)NCc2cc(F)cc(Br)c2)nc(N2CCOCC2)cc1=O,0.6269
O=C(NC(Cc1ccc(Cl)cc1)C(=O)N1CCN(c2ncnc3ccccc23)CC1)C1CC1c1ccccc1,0.6232
O=C(NC(c1cccc(Cl)c1)C1CCNCC1)c1cnc(F)c(Cl)c1,0.625
NC(C(=O)N1CCN(c2ncnc3ccc(-c4cn[nH]c4)cc23)CC1)C1CCNCC1,0.6438
O=C(CCc1nc(N2CCOCC2)cc(=O)[nH]1)Nc1cc(Cl)ccc1Cl,0.6
Cn1ncc(Cl)c1-c1nc2ccccc2n1CC(=O)NC1CNCCC1c1ccc(F)c(F)c1,0.6282
NC1(c2ccc(-c3nn4c(=S)ccnc4cc3-c3ccccc3)cc2)CCC1,0.6909
CCCC(=O)NC(Cc1ccc(Cl)cc1)C(=O)N1CCN(c2ncnc3cccc(C)c23)CC1,0.7015
CC1(O)CC(N)(c2ccc(-c3nc4n(c3-c3ccsc3)COc3ccc(F)cc3-4)cc2)C1,0.8
N#Cc1c(N2CCC(c3nc(-c4ccc(F)c(F)c4)cn3CCN3CCCC3)CC2)[nH]cnc1=N,0.6711
Cn1ncc(Cl)c1-c1c(Cl)ccc(C(=O)NC2CNCCC2c2ccc(F)c(F)c2)c1Br,0.7324
Cn1ncc(C(=O)NC2CCNCC2c2ccc(F)c(F)c2)c1-c1cccc(Cl)c1,0.6133
NC(Cc1ccc(F)cc1Cl)C(=O)N1CCN(c2ncnc3ccc(Br)cc23)CC1,0.6087
COc1c(N)ncnc1N1CCC(c2nc(-c3ccc(F)c(C)c3)cn2CC(C)(C)N)CC1,0.7568
Cn1ncc(Br)c1-c1ccc(C(=O)NC2CNCCC2c2cccc(F)c2)nc1,0.7391
CCn1c(-c2nonc2N)nc2c(C#CC(C)(C)O)nc(OCC(C)NC)cc21,0.8333
NC(COc1cncc(-c2ccc3c(c2)CCC(=O)N3)c1)Cc1ccc(F)cc1F,0.6143
NC(=O)c1c(N)ncnc1N1CCC(c2nc(-c3ccc(F)c(F)c3)cn2CCN2CCC(F)C2)CC1,0.7403
Cc1cc(-c2cn(CCN3CCC3)c(C3CCN(c4cc(N)ncn4)CC3F)n2)ccc1C#N,0.6667
COc1ncc(C(=O)NC(c2ccc(Cl)c(Cl)c2)C2CNC2)cn1,0.6066
O=C(Cc1nc(N2CCOCC2)cc(=O)[nH]1)NC1CCC(c2ccc(F)c(F)c2)CNC1=O,0.6232
CNCC(Nc1ncnc2c(C(N)=O)cc(C(F)(F)F)cc12)c1ccc(F)cc1,0.6094
Cn1ccnc1-c1cc(C(=O)NC2CNCCC2c2cccc(F)c2)no1,0.6164
O=C(NC1CNCCC1c1cccc(F)c1)c1ccc(-c2ncccn2)cn1,0.7344
CCNC(=O)c1cn2c(-c3ccccc3)c(-c3ccc(C4(N)CCC4)cc3)nc2cc1C,0.6377
NC1(c2ccc(-c3nc4ccc(F)nn4c3-c3ccncc3)cc2)CCC1,0.6296
NC(CNC(=O)c1cc(Br)c(-c2ccnc3[nH]ccc23)s1)C(=O)N1CCCC1,0.6765
O=CC(NC(=O)c1cc(Br)c(-c2ccnc3[nH]ccc23)s1)c1ccccc1F,0.662
NC1(CNC(=O)c2cccc(F)c2)CCN(c2ncnc3[nH]c(C4CCCCC4)nc23)C1,0.6234
Cn1c(CC(=O)Nc2cc(C#N)c(F)cc2F)nc(N2CCOCC2)cc1=O,0.6176
O=C(NC(c1cc(F)cc(F)c1)C1CCNCC1)c1ccc(Cl)c(F)c1,0.6393
CCc1nc(C(=O)NC2CNCCC2c2ccc(F)c(F)c2)sc1-c1c(Br)cnn1C,0.6892
Cc1n[nH]c2ccc(-c3cncc(OCC(N)Cc4c[nH]c5ccc(F)cc45)c3)cc12,0.8095
CC(NC(=O)C1(F)CCN(c2ncnc3[nH]ccc23)CC1)c1ccc(F)c(Cl)c1,0.6716
O=C(c1cc(N2CCOCC2)nc(N2CCOCC2)n1)N1CCc2c(F)cccc21,0.619
NC(=O)c1c(N)ncnc1N1CCC(c2nc(-c3nccs3)cn2CCN2CCCC2)CC1,0.68
CCc1c(N)ncnc1N1CCC(c2nc(-c3ccc(C#N)c(F)c3)cn2CCN2CCC2)CC1,0.831
CC1SCc2ncnc(N3CCN(C(=O)c4ccc(F)c(Cl)c4)CC3)c21,0.6056
CNC(=O)Nc1ccc2nc(-c3ccc(C4(N)CCC4)cc3)c(-c3ccccc3)n2c1,0.8276
O=C(Cc1ccc(Cl)c(Cl)c1)Cc1nc(N2CCOCC2)cc(=O)n1C1CC1,0.6029
O=C(NC1CNCCC1c1ccc(F)c(F)c1)c1ccc(Br)c(F)c1,0.6508
NC1(c2ccc(-c3nc4n(c3-c3ccccc3)COc3cnc(Cl)cc3-4)cc2)CC1,0.6667
NC(CSc1ccc(F)cc1O)C(=O)N1CCN(c2ncnc3ccccc23)CC1,0.6029
O=C(Cc1nc(N2CCOCC2)cc(=O)n1-c1cc(Cl)cc(Cl)c1)Nc1ccc(F)c(Cl)c1,0.6176
NC1(C(=O)NC(=O)c2ccc(Cl)c(Cl)c2)CCN(c2ncnc3[nH]ccc23)CC1,0.6094
CC(=O)Nc1cc(NC(=O)Cc2nc(N3CCOCC3)cc(=O)[nH]2)ccc1F,0.7966
O=C(Cc1nc(N2CCOCC2)cc(=O)[nH]1)Nc1cccc(C(=O)NCc2c(F)cccc2C(F)(F)F)c1,0.6234
NC(=O)c1cc(-c2cn(CCN3CCC3)c(C3CCN(c4ncnc(N)c4Br)CC3)n2)cnc1Cl,0.6456
Cc1cc(-c2ccc(C(=O)NC3CNCCC3c3cccc(F)c3)cc2Cl)nn1C,0.6351
CC1(C(=O)Nc2ccc3nc(-c4ccc(C5(N)CCC5)cc4)c(-c4ccccc4)n3c2)CC1,0.8136
NC(COc1cncc(-c2cncc(NC(=O)Cc3cccnc3)c2)c1)Cc1c[nH]c2ccccc12,0.6081
O=C(Cc1nc(N2CCOCC2)cc(=O)[nH]1)Nc1ccc(F)c(C(=O)C2CC2)c1F,0.7742
Nc1ncnc(N2CCC(c3nc(-c4ccccc4F)cn3CCN3CCCC3)CC2)c1Cl,0.7576
Cc1n[nH]c2ccc(-c3cncc(OCC(N)Cc4ccc(F)cc4F)c3)cc2c1=O,0.8852
O=C(NC(c1cccc(Cl)c1)C1CCNCC1)c1cnc(Cl)c(F)c1,0.625
NC1(CNC(=O)c2ccc(F)c(Cl)c2)CCN(c2ncnc3[nH]nc(Cl)c23)C1,0.6338
Cn1cc(Cl)nc1C(Cc1ccc(Cl)cc1)NC(=O)C1(N)CCN(c2ncnc3[nH]ccc23)CC1,0.7123
N=C1NC(c2cc(NC(=O)Cc3nc(N4CCOCC4)cc(=O)[nH]3)ccc2F)(C(F)F)C2CC2O1,0.6447
Cc1ccc(C(N)=O)cc1-c1cc(-c2cncc(OCC(N)Cc3c[nH]c4ccccc34)c2)n[nH]1,0.6154
NC(=O)c1cccc(-c2cncc(OCC(N)Cc3cccc(F)c3F)c2)c1,0.6061
COc1cccc(-c2c(C(=O)NC3CNCCC3c3ccc(F)c(F)c3)cnn2C)n1,0.6104
Cc1ccc(NC(=O)Cc2nc(N3CCOCC3)cc(=O)[nH]2)cc1[N+](=O)[O-],0.6875
CNC(=O)Cn1cc(-c2ccc(F)c(C)c2)nc1C1CCN(c2cc(N)ncn2)CC1,0.6
NC(=O)c1c(N)ncnc1N1CCC(c2nc(-c3cccc(Cl)c3)cn2CC2CCNCC2)CC1,0.7368
COc1ccc(-c2cccc(C(N)=O)c2)cc1-c1cncc(OCC(N)Cc2c[nH]c3ccccc23)c1,0.6203
Nc1ncnc(N2CCC(c3nc(-c4ccc(Cl)c(F)c4)cn3CCN3CCC3)CC2)c1C1CCOC1,0.7273
Cn1cc(-c2coc(C(=O)NC3CNCCC3c3ccccc3)c2)cn1,0.6176
NC(COc1cncc(-c2cc3cn[nH]c3cn2)c1)Cc1c[nH]c2ccc(Cl)cc12,0.7969
CS(=O)(=O)c1cc(NC(=O)Cc2nc(N3CCOCC3)cc(=O)[nH]2)ccc1N1CCOCC1,0.6825
COc1c(N)ncnc1N1CCC(c2nc(-c3ncco3)cn2CCN2CCC2)CC1,0.6842
Cn1ccc(-c2csc(C(=O)NC3CNCCC3c3cccc(F)c3)c2)n1,0.6944
O=C(C(CNCCO)Cc1ccc(Cl)cc1)N1CCN(c2ncnc3ccccc23)CC1,0.7097
Cc1nc(C(=O)NC(c2ccc(Cl)cc2)C2(N)CCN(c3ncnc4[nH]ccc34)CC2)c(C)s1,0.6027
NC1(c2ccc(-c3nc4n(c3-c3ccccc3)COc3ccncc3-4)cc2)CCC1,1
CC(C)NCCn1cc(-c2ccc(F)c(C(F)(F)F)c2)nc1C1CCN(c2ncnc(N)c2C(N)=O)CC1,1
Cn1ncc(Cl)c1-c1cc(C(=O)NCc2cccc(F)c2)oc1Cl,0.7031
CCc1c(N)ncnc1N1CCC(c2nc(-c3cc(F)c(Cl)c(F)c3)cn2CCN2CCC2)CC1,0.8235
O=C(Cc1nc(N2CCOCC2)cc(=O)n1-c1ccccc1F)N1CCc2ccccc21,0.8136
Cc1c[nH]c2ncnc(N3CCC(N)(CNC(=O)c4cc(F)cc(F)c4)C3)c12,0.8413
Nc1ncnc(N2CCC(c3nc(-c4ccc(F)c(C(F)(F)F)c4)cn3CC(=O)NCCCN3CCCCC3)CC2)c1Cl,0.7349
NC1(C(=O)NCc2cncc(F)c2)CCN(c2ncnc3[nH]ccc23)C1,0.6364
NC1(C(=O)NC(CO)Cc2ccc(Cl)cc2)CCN(c2ncnc3[nH]ncc23)CC1,0.7164
Cn1cc(-c2ccc(C(=O)NC3CNCCC3c3cccc(F)c3)nc2)c(-c2ccc(F)cc2F)n1,0.6712
Cn1cc(C(=O)NC(c2ccc(Cl)c(Cl)c2)C2CNC2)cn1,0.6167
O=C(NC1CNCCC1c1ccc(F)c(F)c1)c1cc(Cl)ncc1Cl,0.6176
CC(=O)c1cc(NC(=O)Cc2nc(N3CCOCC3)cc(=O)n2C)ccc1F,0.7869
Cn1ccc(-c2cc(OCC(N)Cc3c[nH]c4ccccc34)cnc2Cl)c1,0.6667
NC1(C(=O)NC(Cc2ccc(F)cc2)C(=O)Nc2ccc(F)cc2)CCN(c2ncnc3[nH]ccc23)CC1,0.6618
Cc1cccc2c1CCN2C(=O)Cc1nc(N2CCOCC2)c(Cc2cccc(F)c2C)n1C,0.625
CC1Cc2ccc(F)cc2N1C(=O)Cc1nc(N2CCOCC2)cc(=O)n1-c1ccccc1F,0.6812
Cc1cn2c(-c3ccccc3)c(-c3ccc(C4(N)CCC4)cc3)nc2c(C)n1,1
N#Cc1c(N)ncnc1N1CCC(c2nc(-c3cc(O)c(OC(F)F)c(F)c3)cn2CCN2CCC2)CC1,0.7778
O=C(Cc1nc(N2CCCC2)cc(=O)[nH]1)N1CCc2c(Cl)cccc21,0.8393
Cc1cc(-c2cn(CCN(C)C)c(C3CCN(c4ncnc(N)c4Cl)CC3)n2)cc(F)c1F,0.6711
CCCNC(=O)C(CCc1ccccc1)NC(=O)C1(N)CCN(c2ncnc3[nH]ccc23)CC1,0.6081
Cc1ccc(NC(=O)Cc2nc(N3CCOCC3)cc(=O)n2-c2ccc(F)c(F)c2)cc1Cl,0.6056
O=C(NCc1ccc(F)c(F)c1)NCC(Cc1ccc(F)cc1)C(=O)N1CCN(c2ncnc3ccccc23)CC1,0.6667
O=C(Cc1ccc(Cl)cc1Cl)NCC(Cc1ccc(Cl)cc1)C(=O)N1CCN(c2ncnc3ccccc23)CC1,0.6377
CCc1c(N)ncnc1N1CCC(c2nc(-c3cncc(F)c3)cn2CCN2CCC2)CC1,0.8261
Cn1c(CC(=O)NC(=O)c2cccc(F)c2F)nc(N2CCOCC2)cc1=O,0.6029
Cc1c(N)ncnc1N1CCC(c2nc(-c3cc(F)c(F)cc3F)cn2CCN2CCC2)CC1,0.6849
CC1CC(c2nc(-c3cc(F)c(F)c(F)c3)cn2CCN(C)C)CCN1c1ncnc(N)c1C#N,0.642
CC1SCc2ncnc(N3CCN(C(=O)CC(N)C(=O)NCc4ccc(Cl)c(Cl)c4)CC3)c21,0.6154
Cc1cc(NC(=O)Cc2nc(N3CCOCC3)cc(=O)n2-c2cc(F)ccn2)ccc1Br,0.6027
Cn1c(CC(=O)Nc2ccc(Cl)cc2Cl)nc(N2CCOCC2)cc1=O,0.6308
O=C(NC1CCN(c2ncnc3[nH]cc(Br)c23)C1)C1(c2ccc(Cl)cc2)CC1,0.6232
Cn1ncc(Cl)c1-c1nc(NC(=O)c2cc(-n3cnc(C4CC4)c3)c(N3CC4(COC4)C3)cn2)cs1,0.6154
NC(=O)NC(=O)Cc1ccc(-c2nnc3n2-c2cccnc2Nc2ccccc2-3)cc1,0.6508
Cc1nccnc1N1CCC(c2nc(-c3ccc(Cl)c(C#N)c3)cn2CCN2CCCC2)CC1,0.6076
NCC(Cc1ccc(Cl)c(Cl)c1)C(=O)N1CCN(c2ncnc3cc(F)ccc23)CC1,0.6667
Cc1c(N)ncnc1N1CCC(c2nc(-c3ccc(F)c(C(F)(F)F)c3)cn2CCC(=O)NC2CCCCC2)CC1,0.7284
CNC(=O)c1cc(F)c2nc(-c3ccc(C4(N)CCC4)cc3)c(-c3ccccc3)n2n1,0.7937
Cc1c(N2CCCC2)nc2ccccc2c1N1CCN(C(=O)C(N)Cc2ccc(Cl)cc2)CC1,0.6406
NC1(C(=O)NC(Cc2ccc(F)cc2)C(=O)NCCc2ccc(Cl)cc2)CCN(c2ncnc3[nH]ccc23)CC1,0.6282
CNC(=O)c1cccc(-c2cn(CCN3CCCC3)c(C3CCN(c4ncnc(N)c4Br)CC3)n2)c1,0.7432
Cn1ncc(Br)c1-c1oc(C(=O)NC2CNCCC2c2ccc(F)cc2)nc1Cl,0.6667
Cc1cc(NC(=O)Cc2nc(N3CCOCC3)cc(=O)n2-c2ccc(F)c(F)c2F)ccc1F,0.6143
Cc1c(NC(=O)Cc2nc(N3CCOCC3)cc(=O)n2C)cc(C2CC2)n1C,0.6418
Cn1c(CC(=O)Nc2cc(Br)cc(Br)c2)nc(N2CCOCC2)cc1=O,0.7288
Cc1nc(N)nc2c1cc(-c1cnc(Cl)c(F)c1)c(=O)n2C1CCC(OCC(=O)NCCF)CC1,0.675
Cn1ncc(C(=O)NC2CNCCC2c2ccc(F)c(F)c2)c1N1CCOCC1,0.6429
Cc1c[nH]c2ncnc(N3CCC(N)(C(=O)NC(c4ccc(F)cc4)c4ccc(F)s4)CC3)c12,0.625
O=C(Cc1nc(N2CCOCC2)cc(=O)n1-c1ccon1)Nc1ccc(F)cc1F,0.6029
Cc1ccc(NC(=O)Cc2nc(N3CCOCC3)cc(=O)n2C2CC2)cc1Br,0.6324
Nc1ncnc(N2CCC(c3nc(-c4cnc(Br)c(F)c4)cn3CCN3CCC3)CC2)c1Br,0.7794
CC(C)(C)C(=O)NC(Cc1ccc(Cl)cc1)C(=O)N1CCN(c2ccnc3ccccc23)CC1,0.6825
Fc1ccc(-c2cn(CCN3CCC3)c(C3CCN(c4ncc(C(F)(F)F)cn4)CC3)n2)cc1F,0.6286
CNCCn1cc(-c2ccncc2)nc1C1CCN(c2ncnc(N)c2F)CC1,0.6486
NC1(C(=O)NC(CCc2ccccc2)c2cc(F)cc(F)c2)CCN(c2ncnc3[nH]ccc23)CC1,0.7101
Nc1ncnc(N2CCC(c3nc(-c4ccc(C(F)(F)F)c(F)c4)cn3CCN3CCC3)CC2)c1C(F)(F)F,0.7639
Cn1c(CC(=O)Nc2ccc3ccccc3c2Br)nc(N2CCOCC2)cc1=O,0.6377
Cn1c(CC(=O)NC(=O)c2c(F)ccc(F)c2F)nc(N2CCOCC2)cc1=O,0.6462
Nc1cc(N2CCC(c3nc(-c4ccc(C(F)(F)F)c(F)c4)cn3CCN3CCCC3)C(F)C2)ncn1,0.6753
OCc1c(N2CCC(c3nc(-c4ccc(F)cc4)cn3CCN3CCCC3)CC2)ncnc1N1CCC(F)C1,0.7
NC(Cc1c[nH]c2ccc(F)cc12)C(=O)N1CCN(c2ncnc3ccccc23)CC1,0.6324
O=C(NC(c1ccc(Cl)c(F)c1)C1CCNCC1)c1nccs1,0.6061
Cc1c(N)ncnc1N1CCC(c2nc(-c3cccc(C#N)c3)cn2CCN2CCCC2)CC1,0.7067
Nc1ncnc(N2CCC(c3nc(-c4cc(F)cc(F)c4)cn3CCN3CCOCC3)CC2)c1Cl,0.7391
Nc1n[nH]c2ccc(-c3cncc(OCC(N)Cc4cc(F)cc(F)c4)c3)cc12,0.7188
NC(=O)c1cccc2ncnc(N3CCN(C(=O)C(N)Cc4ccc(F)cc4)CC3)c12,0.6462
CC(=O)N(C)CCn1cc(-c2ccc(F)c(C(F)(F)F)c2)nc1C1CCN(c2ncnc(N)c2C(N)=O)CC1,0.8816
NC(COc1cnc(Cl)c(Br)c1)Cc1c[nH]c2ccccc12,0.6613
CNCC(Nc1ncnc2c(C(N)=O)ccnc12)c1cc(F)cc(Br)c1,0.7377
O=C(NC(c1ccc(Cl)c(Cl)c1)C1CCNC1)c1ccc(F)c(Br)c1,0.6406
CC(=O)NC(Cc1ccc(C(C)(C)C)cc1)C(=O)N1CCN(c2ncnc3ccc(Cl)cc23)CC1,0.6
Cn1c(CC(=O)N2CCc3c(Br)cccc32)nc(N2CCOCC2)c(OCC(F)(F)F)c1=O,0.6338
O=C(Cc1nc(N2CCOCC2)cc(=O)[nH]1)N1CCC(c2nc3c(C(F)(F)F)cccc3[nH]2)CC1,0.6026
Nc1ncnc(N2CCN(C(=O)C(c3ccc(Cl)cc3)C3CCCC3)CC2)c1Br,0.6333
CNC(=O)CCn1cc(-c2ccc(F)c(C)c2)nc1C1CCN(c2ncnc(N)c2Br)CC1,0.7467
CC(C)NCC(C(=O)N1CCN(c2ncnc3ccc(Br)cc23)CC1)c1ccc(Cl)cc1,0.6286
NC1(C(=O)NC(c2ccccc2)c2ccccc2)CCN(c2ncnc3[nH]ccc23)CC1,0.8909
CNC(=O)c1cc(-c2cn(CC3CNC3)c(C3CCN(c4ncnc(N)c4Br)CC3)n2)ccc1F,0.6322
CC(C)NCC(Cc1ccc(Cl)cc1)C(=O)N1CCN(c2ncnc3ccccc23)CC1,0.7213
O=C(Cc1nc(N2CCOCC2)cc(=O)n1C1CCCC1)Nc1cccc(Cl)c1,0.6119
CCn1cc(-c2ccc(F)c(C(F)(F)F)c2)nc1C1CCN(c2ncccc2C(N)=O)CC1,0.6203
Nc1cc(N2CCC(c3nc(-c4ccc(C(F)(F)F)c(F)c4)cn3CCN3CCC3)C(F)C2)ncn1,0.6974
Nc1ncnc(N2CCC(c3nc(-c4ccc(F)c(Cl)c4)cn3CCN3CCCC3)CC2)c1C(=O)O,0.9
Cc1ccc(C(NC(=O)Cc2nc(N3CCOCC3)cc(=O)[nH]2)c2ccc(F)cc2)nc1C,0.6197
N#Cc1cc(-c2cncc(OCC(N)Cc3ccc(F)c(F)c3F)c2)ccn1,0.6154
NC(=O)c1ccc(C(=O)NC2CNCCC2c2ccc(F)c(F)c2)c(Cl)c1,0.6418
NC1(c2ccc(-c3nc4cc(C(=O)NCCO)ccn4c3-c3ccccc3)cc2)CCC1,0.6866
NCC1(C(=O)Nc2ccc(F)c(F)c2F)CCN(c2ncnc3[nH]ccc23)CC1,0.6029
Nc1ccc2ncnc(N3CCN(C(=O)C(N)Cc4cc(F)cc(F)c4)CC3)c2c1,0.7627
Cc1cc(-c2cn(CCN3CCOCC3)c(C3CCN(c4ncnc(N)c4C#N)CC3)n2)ccc1F,0.8873
NC(COc1cncc(-c2ccc3[nH]c(=O)[nH]c3c2)c1)Cc1ccc(F)c(F)c1F,0.7097
O=C(N1CCN(c2ncnc3[nH]ccc23)CC1)C1(c2ccc(Cl)c(Cl)c2)CCNCC1,0.8136
NC(=O)CCC(NC(=O)c1cc(Br)c(-c2ccnc3[nH]ccc23)s1)c1ccc(F)cc1,0.7059
Cn1c(Br)c(Br)c2cc(-c3cncc(OCC(N)Cc4ccc(F)c(Cl)c4)c3)ccc21,0.6479
CC(C)NCCn1cc(-c2ccc(F)c(C(F)(F)F)c2)nc1C1CCN(c2ncnc(N)c2Br)CC1,0.8077
NC1(c2ccc(-c3nn4c(-c5ccc(F)c(CO)c5)cnc4s3)cc2)CCC1,0.6308
CC1SCc2ncnc(N3CCN(C(=O)C(Cc4ccc(Cl)cc4)NC(=O)c4noc(C5CC5)c4Cl)CC3)c21,0.6282
NC1(CNC(=O)c2cc(F)cc(F)c2F)CCN(c2ncnc3[nH]cc(Cl)c23)CC1,0.7353
CNCC(CCC(N)=O)NC(=O)c1cc(Br)c(-c2ccnc3[nH]ccc23)s1,0.7463
Cc1nc(N)nc2c1nc(-c1ccc(N)cc1)c(=O)n2C1CCC(O)CC1,0.7778
O=C(NCc1ccccc1Cl)c1cc(-c2ccnc3[nH]ccc23)cs1,0.6
NC(=O)c1n[nH]c2ccc(-c3cncc(OCC(N)Cc4c(F)ccc(F)c4F)c3)cc12,0.6667
NC(=O)c1c(N)ncnc1N1CCC(c2nc(-c3cccc(F)c3)cn2CC2CNC2)CC1,0.7662
Cc1cc(CC(N)COc2cncc(-c3ccc(F)nc3)c2)ccc1F,0.6885
CCCS(=O)(=O)Nc1cc(-c2ccc3nc(NC(C)=O)sc3c2)cnc1Cl,0.7188
CN(C)CCNC(=O)c1cc(Br)c(-c2ccnc3[nH]ccc23)s1,0.6515
Cn1ncc(-c2ccc(C(=O)NC3CNCC3c3ccc(F)c(F)c3)cc2F)c1C1CC1,0.6197
O=C(NC(c1ccc(Cl)c(Cl)c1)C1CCNC1)c1cc2ccncc2o1,0.6923
NC(COc1cncc(-c2cncc(CO)c2)c1)Cc1ccc(F)cc1F,0.619
Cn1cnnc1-c1nc(NC(=O)c2cc(-n3cnc(C4CC4)c3)c(N3CCOCC3)cn2)cs1,0.7875
O=C(NC1CNCCC1c1ccc(F)c(F)c1)c1cc(F)c(F)c(F)c1F,0.6066
NC(COc1cncc(-c2cncc(NC(=O)c3ccncc3)c2)c1)Cc1c[nH]c2ccccc12,0.6429
N#Cc1c(N)ncnc1N1CCC(c2nc(C(F)(F)F)cn2CC2CC2)CC1,0.6053
O=C(NC(c1ccc(Cl)c(F)c1)C1CCNCC1)c1cnc(Cl)cn1,0.6154
CCc1ccc2ncnc(N3CCN(C(=O)C(N)Cc4cc(F)c(F)cc4F)CC3)c2c1,0.6462
Cc1ccc(NC(=O)Cc2nc(N3CCOCC3)cc(=O)[nH]2)cc1S(=O)(=O)N1CCCCC1,0.6567
O=C(Cc1nc(N2CCOC3CCCCC32)cc(=O)[nH]1)Nc1cc(Cl)c(F)c(Cl)c1,0.6719
NC(=O)c1cccc2c(NC(CN3CCC(F)(F)CC3)c3cc(F)c(F)cc3Cl)ncnc12,0.6714
Cc1n[nH]c2ccc(-c3cncc(OCC4CCNCC4)c3)cc2c1=O,0.6571
Cc1nn(C)c(C)c1-c1cc(C(=O)NC2CNCCC2c2ccccc2)oc1Cl,0.6957
NC(Cc1ccc(Cl)cc1)C(=O)N1CCN(c2ncnc3cc(Cl)c(Cl)cc23)CC1,0.7895
Nc1ncnc(N2CCC(c3nc(-c4ccc(C(F)(F)F)c(F)c4)cn3CCN3CCC3)C(F)C2)c1Br,0.75
Cn1c(CC(=O)Nc2cccc(S(C)(=O)=O)c2)nc(N2CCOCC2)cc1=O,0.6515
O=C(NC1CNCCC1c1ccc(F)c(F)c1)c1cc(F)c(F)c(Br)c1,0.6154
CCc1c(N)ncnc1N1CCC(c2nc(-c3ccc(F)cc3F)cn2CCN2CCC2)C(F)C1,0.7284
NC1(c2ccc(-c3nc4c(C(=O)NCC5CCCO5)cccn4c3-c3ccccc3)cc2)CCC1,0.6471
Cc1cnn(C)c1-c1cc(-c2n[nH]c3ccc(C(=O)NC4CNCCC4c4cccc(F)c4)cc23)ccc1F,0.6145
CCOCCn1cc(-c2ccc(F)c(F)c2)nc1C1CCN(c2ncnc(N)c2C#N)CC1,0.7671
O=C(Cc1nc(N2CCOCC2)cc(=O)[nH]1)NC1CCN(c2cc(F)ccc2F)C1,0.6418
NC1(c2ccc(-c3ccc4ncc(-c5cn[nH]c5)n4n3)cc2)CCC1,0.65
CC(C)c1c(N)ncnc1N1CCC(c2nc(-c3ccc(C(F)(F)F)c(F)c3)cn2CCN(C)C)CC1,0.7179
NC(=O)c1ccnc2c(NC(CN3CC(O)C3)c3ccc(F)c(F)c3)ncnc12,0.7353
O=C(Cc1nc(N2CCOCC2)cc(=O)[nH]1)NC(=O)c1cccc(F)c1,0.6508
O=C(Cc1nc(N2CCOCC2)cc(=O)[nH]1)Nc1ccc(-n2cnnc2)cc1,0.7
Cc1c(Cl)c(-c2ccc(C(=O)NC3CNCCC3c3cccc(F)c3)nc2)nn1C,0.7042
NC(=O)c1ccc(-c2nnc3n2-c2cccnc2Nc2ccccc2-3)cc1,0.7018
O=C(NC1CNCCC1c1cc(F)cc(F)c1)c1ccc(F)c(Br)c1,0.6032
Cn1ncc(-c2ccc(C(=O)NC3CNCCC3c3cccc(F)c3)s2)n1,0.7391
O=C(Cc1nc(N2CCOCC2)cc(=O)n1-c1cccnc1)Nc1ccc(F)c(Br)c1,0.6957
NC1(C(=O)NCc2ccc(Cl)cc2)CCN(c2ncnc3[nH]c4c(c23)CCCC4)CC1,0.6406
Cn1ncc(Br)c1-c1cc(C(=O)NC2CNCCC2O)oc1Cl,0.6232
Cn1nc(-c2cnn(C)c2Cl)cc1C(=O)NC1CNCCC1c1cccc(F)c1,0.6216
Nc1cccc(-c2c(-c3ccc(C4(N)CCC4)cc3)nc3ccc(Br)cn23)c1,0.7885
Cn1ccc(-c2cc(C(=O)NC3CNCCC3c3ccc(F)c(F)c3)co2)n1,0.6
CNCC(F)(F)CCn1cc(-c2cc(F)c(F)cc2F)nc1C1CCN(c2ncnc(N)c2C#N)CC1,0.631
Cc1n[nH]c2ccc(-c3nnc(NCC(N)c4ccc(F)cc4)s3)cc12,0.6719
O=C(Cc1nc(N2CCOC(CO)C2)cc(=O)[nH]1)Nc1ccc(F)c(F)c1F,0.746
Cc1cc(-c2cncc(OCC(N)Cc3cccc(F)c3)c2)cc2cn[nH]c12,0.6324
O=C(NC(c1ccc(Cl)c(Cl)c1)C1CCCNC1)c1cc(F)cc(F)c1,0.6508
Cc1cc(C(=O)NC(c2ccc(Cl)c(Cl)c2)C2CCNC2)ccc1F,0.6406
Cc1ccccc1-c1cn(CCN2CCCC2)c(C2CCN(c3ncnc(N)c3Cl)CC2)n1,0.7059
CC1SCc2ncnc(N3CCN(C(=O)C(Cc4ccc(Cl)cc4)NC(=O)C4(c5ccc(Cl)cc5F)CC4)CC3)c21,0.6282
NC(=O)c1ccc2c(c1)OCn1c-2nc(-c2ccc(C3(N)CC(O)(C4CC4)C3)cc2)c1-c1ccccc1,0.8209
Cn1c(CC(=O)Nc2ccc(F)c(F)c2F)nc(N2CCOCC2)cc1=O,0.7097
N#Cc1ccc(-c2cn3ccnc3nc2-c2ccc(CN3CC(c4n[nH]c(-c5cccnc5)n4)C3)cc2)cc1,0.625
NC(=O)c1cccc2c(NC(CN3CCC3)c3ccc(Cl)cc3)ncnc12,0.8276
Nc1cc(N2CCC(c3nc(-c4cncc(C(F)(F)F)c4)cn3CCN3CCC3)CC2)ncn1,0.7162
Cn1nc(-c2ccc(F)c(C(F)(F)F)c2)nc1C1CCN(c2ncnc(N)c2Cl)CC1,0.64
Cn1nc(-c2cc(C(=O)NC3CNCCC3c3ccc(F)c(F)c3)ccc2F)nc1C1CC1,0.6338
O=C(Cc1nc(N2CCOCC2)cc(=O)[nH]1)NC1CCCc2c1cnn2-c1ccc(F)cn1,0.6
Cc1cc(-c2ccc3c(N4CCOCC4C)nc(N4CCOCC4C)nc3n2)nn1C,0.623
Cn1c(CC(=O)NC(=O)c2ccc(F)c(Br)c2)nc(N2CCOCC2)cc1=O,0.746
Cn1cc(Cl)c(-c2ccc(C(=O)NC3CNCCC3c3ccc(F)c(F)c3)cc2)n1,0.7164
CCc1ccccc1-n1c(CC(=O)Nc2ccc(F)c(Br)c2)nc(N2CCOCC2)cc1=O,0.7313
NC1(c2ccc(-c3nc4ccc(Cl)nn4c3-c3ccccc3)cc2)CC(O)(C2CC2)C1,0.6964
CC(Cc1cnc(-n2nccn2)nc1)C(=O)N1CCN(c2ncnc3c2C(C)SC3)CC1,0.6
CC(C)CN(C)CCn1cc(-c2ccc(F)c(F)c2)nc1C1CCN(c2ncnc(N)c2C(N)=O)CC1,0.7531
NC(CC(O)c1ccc(Cl)cc1)C(=O)N1CCN(c2ncnc3ccc(F)cc23)CC1,0.6515
O=C(NC(Cc1ccc(F)cc1)C(=O)N1CCN(c2ncnc3ccccc23)CC1)c1cc(Cl)ccc1Cl,0.6
CC1(C)C(=O)Nc2ncnc(N3CCC(c4nc(CNc5ccc(F)c(F)c5)ccc4NCCN4CCCC4)CC3)c21,0.6744
NC(=O)c1cc(F)cc2nc(-c3ccc(C4(N)CCC4)cc3)c(-c3ccccc3)n12,0.6271
N=C(N)c1ccc2nc(-c3ccc(C4(N)CCC4)cc3)c(-c3ccccc3)n2c1,0.8113
NC(=O)CCCC(NC(=O)c1cc(Br)c(-c2ccnc3[nH]ccc23)s1)c1ccccc1F,0.7042
Cc1c(N)ncnc1N1CCC(c2nc(-c3cc(F)cc(F)c3)cn2CCN2CCCC2)CC1,0.7429
Cn1c(CC(=O)Nc2cnn(Cc3ccccc3F)c2)nc(N2CCOCC2)cc1=O,0.625
O=C(NCc1nc(N2CCOCC2)cc(=O)[nH]1)c1ccc(F)c(F)c1F,0.6452
O=C(NCc1ccc(-c2nnc3n2-c2cccnc2Nc2ccccc2-3)cc1)C(F)(F)F,0.6154
O=C(NC(c1ccc(Cl)c(F)c1)C1CCNCC1)c1cc(Cl)ncc1Cl,0.6154
Cc1ccc2c(N3CCN(C(=O)Cc4ccc(Cl)cc4)CC3)ncnc2c1,0.6032
Cn1cc(-c2ccc(S(C)(=O)=O)c(F)c2)nc1C1CCN(c2ncnc(N)c2Cl)CC1,0.6
O=C(CN1CCN(c2ncnc3ccccc23)CC1)NCc1ccc(F)c(F)c1,0.6094
CCN1CC(C)N(C(=O)Cc2nc(N3CCOCC3)cc(=O)n2C)c2cc(Cl)ccc21,0.6301
O=C(NC(c1ccc(Cl)c(F)c1)C1CCNCC1)c1ccc2cnccc2n1,0.7344
CNCCn1cc(-c2ccc(F)c(C(F)(F)F)c2)nc1C1CCN(c2ncnc(N)c2Br)CC1,0.8082
NC(Cc1ccc(F)cc1)C(=O)N1CCN(c2ncnc3c(C(F)(F)F)cccc23)CC1,0.6562
N#Cc1cnc(Cl)nc1N1CCC(c2nc(C3CCCCC3)cn2CCN2CCCC2)CC1,0.6176
Cn1ncc(Cl)c1-c1cc(C(=O)NC2CNCCC2c2cccc(F)c2)sc1Cl,0.7857
Nc1ncnc(N2CCC(c3nc(-c4ccc(F)cc4)cn3CC(=O)NC3CC3)CC2)c1Cl,0.6761
NC(COc1cncc(-c2ccc3nccnc3c2)c1)Cc1ccc(F)c(F)c1F,0.6557
O=C(Cc1nc(N2CCOCC2)cc(=O)n1-c1ccccc1)C1CCCCC1,0.6094
O=C(Cc1ccc(Cl)c(Cl)c1)NC(Cc1ccc(Cl)cc1)C(=O)N1CCN(c2ccnc3ccccc23)CC1,0.6515
Cn1nnc(-c2ccc(C(=O)NC3CNCCC3c3ccc(F)c(F)c3)cc2)n1,0.6923
CC(NC(=O)C1(N)CCN(c2ncnc3[nH]cc(Br)c23)CC1)c1ccc(Cl)cc1,1
Cc1ccc(CNC(=O)CC(Cc2ccc(F)c(F)c2)C(=O)N2CCN(c3ncnc4ccccc34)CC2)o1,0.6053
CNC(=O)CCn1cc(-c2ccc(F)c(C(F)(F)F)c2)nc1C1CCN(c2ncnc(N)c2Br)CC1,0.7564
Cn1c(CC(=O)Nc2ccc(C(F)(F)F)c(Br)c2)nc(N2CCOCC2)cc1=O,0.7903
Cc1ccc(-n2c(CC(=O)Nc3ccc(F)cc3F)nc(N3CCOCC3)cc2=O)cc1,0.6029
CC(=O)Nc1ccc(NC(=O)Cc2nc(N3CCOCC3)cc(=O)n2C)cc1,0.7288
COc1cc(C(=O)NC2CNCCC2c2ccc(F)c(F)c2)c(OC)cc1Br,0.6
Cc1n[nH]c2cnc(-c3cncc(OCC(N)Cc4ccc(F)c(C(F)(F)F)c4)c3)cc12,0.8125
Cn1nc(-c2ccc(C(=O)NC3CNCCC3c3cccc(F)c3)c(Cl)c2)cc1F,0.6479
CC1Cc2ccc(F)cc2N1C(=O)Cc1nc(=O)c(F)c(N)[nH]1,0.6269
NC(=O)c1c(N)ncnc1N1CCC(c2nc(CCC(F)(F)F)cn2CCN2CCCC2)CC1,0.6623
Cc1n[nH]c2cnc(-c3cccc(OCC(N)Cc4ccc(F)c(F)c4F)c3)cc12,0.8197
COc1c(CC(=O)N2c3cc(F)ccc3CC2C)nc(N2CCOCC2)c(F)c1OCC1CC1,0.6026
O=C(NC(c1ccc(Cl)c(F)c1)C1CCNCC1)c1cnccn1,0.6825
Cc1n[nH]c2ccc(-c3cncc(OCC(N)Cc4cccc(C(F)(F)F)c4)c3)cc12,1
Cn1c(CC(=O)NC2CCOc3cccc(F)c32)nc(N2CCOCC2)cc1=O,0.6027
Cn1nc(-c2ccccc2F)c(Br)c1-c1ccc(C(=O)NC2CNCCC2c2cccc(F)c2)nc1,0.6494
Cc1n[nH]c(-c2cncc(OCC(N)Cc3cccc(F)c3F)c2)n1,0.6825
CC(C)NCCn1cc(-c2ccc(F)nc2)nc1C1CCN(c2cc(N)ncn2)CC1,0.6081
Cc1cc(C(=O)NC(CN)Cc2cccc(F)c2)cc(-c2c(Cl)cnn2C)n1,0.662
NC(=O)c1cccc2c(NC(CN3CCC3)c3cccc(Br)c3)ncnc12,0.8
O=C(NCCc1nc(N2CCOCC2)cc(=O)[nH]1)c1ccc(F)c(Br)c1,0.6364
Cn1c(=O)c2cc(-c3cncc(OCC(N)Cc4ccccc4Br)c3)ccc2n(C)c1=O,0.6232
Cn1c(CCCC(=O)Nc2ccc(F)c(Cl)c2)nc(N2CCOCC2)cc1=O,0.6471
COc1ncccc1CC(N)COc1cncc(-c2cc3c(C)n[nH]c3cn2)c1,0.7302
Cn1ncc(Cl)c1-c1cc(C(=O)NC2Cc3ccccc3C2)oc1Cl,0.6212
O=C(CCCc1nc(N2CCOCC2)cc(=O)[nH]1)Nc1cc(Cl)cc(Cl)c1,0.6452
Cn1nnnc1-c1ccc(C(=O)NC2CNCCC2c2ccc(F)c(F)c2)cc1F,0.7164
Cn1c(CC(=O)N2CCc3c(F)cc(F)cc32)nc(N2CCOCC2)cc1=O,0.7869
Nc1cc(-c2ccccc2)nn2c(-c3ccccc3)c(-c3ccc(C4(N)CCC4)cc3)nc12,0.6429
Nc1ncnc(N2CCC(c3nc(-c4ccc(F)c(C(F)(F)F)c4)cn3CCN3CCC3)CC2)c1F,0.9688
Cc1nnn(C)c1-c1ccc(C(=O)NC2CNCCC2c2ccc(F)c(F)c2)nc1,0.6081
CCn1c(-c2nonc2N)nc2c(C#CC(C)(C)O)nc(CN)cc21,1
O=C(NC(c1ccc(Cl)c(F)c1)C1CCNC1)c1cncc(Br)c1,0.6029
CC1SCc2ncnc(N3CCC(N)(C(=O)NC(CC(N)=O)c4ccc(Cl)cc4)CC3)c21,0.6389
NC(COc1cncc(-c2ccc3c(c2)CCO3)c1)Cc1c[nH]c2ccccc12,0.6761
Cc1c[nH]c2ncnc(N3CCN(C(=O)Cc4cc(F)cc(F)c4)CC3)c12,0.619
CN1C(=O)CCc2cc(-c3cncc(OCC(N)Cc4c[nH]c5ccccc45)c3)ccc21,0.6757
Cc1ncnc(N2CCC(c3nc(-c4cccc(F)c4)cn3C)CC2)c1C#N,0.6216
Cc1n[nH]c2cnc(-c3cncc(OCC(N)Cc4ccsc4)c3)cc12,0.7797
CCn1cc(-c2ccnc(F)c2)nc1C1CCN(c2ncnc(N)c2C(N)=O)CC1,0.6753
O=C(NC(c1ccc(Cl)c(F)c1)C1CCNCC1)c1cccnn1,0.6061
CNC(=O)NC1CCN(c2cnc(C(=O)Nc3csc(-c4nncn4C(C)C(F)(F)F)n3)cc2F)CC1,0.6522
O=C(N1CCN(c2ncnc3ccc(Cl)cc23)CC1)C1(c2ccc(Br)cc2)CCNCC1,0.6719
Nc1cc(N2CCC(c3nc(-c4ccc(F)c(C(F)(F)F)c4F)cn3CCN3CCC3)CC2)ncn1,0.7361
O=C(Cc1nc(N2CCOCC2)cc(=O)[nH]1)Nc1ccc2[nH]nc(-c3ccc(F)cc3)c2c1,0.6716
O=C(Nc1csc(-c2nncn2C2CCCC2)n1)c1cnc(N2CCC3(CCCO3)CC2)c(-n2cnc(C3CC3)c2)c1,0.6105
Nc1ncnc(N2CCC(c3nc(-c4ccnc(F)c4)cn3CCN3CCCC3)CC2)c1Br,0.8333
N#Cc1ccc(-c2cc(C(=O)NC3CNCCC3c3ccccc3)oc2Cl)cc1,0.6232
O=C(NC(Cc1ccc(Cl)cc1)C(=O)N1CCN(c2ncnc3ccccc23)CC1)c1cc(Cl)c(O)cc1O,0.6324
Cc1cc(-c2cn(CCN3CCCC3)c(C3CCN(c4cc(N)ncn4)CC3)n2)cc(F)c1F,0.7727
Cc1ccc(NC(=S)NC(=O)Cc2nc(N3CCOCC3)cc(=O)[nH]2)cc1Cl,0.6364
COc1c(N)ncnc1N1CCC(c2nc(-c3ccnc(Cl)c3)cn2CCNC2CCCC2)CC1,0.6341
Cn1ncc(C(=O)NC2CCNCC2c2ccc(F)cc2)c1-c1cc(F)c(F)cc1F,0.6111
NC1(c2ccc(-c3nc4n(c3-c3ccccc3)COc3cc(F)cc(F)c3-4)cc2)CC1,0.7333
NC(COc1cncc(-c2ccc3[nH]nc(Cl)c3c2)c1)Cc1ccc(Cl)c(F)c1,0.8525
Cc1ccc(C(=O)N2CCN(c3ncnc4c3C(C)SC4)CC2)cc1,0.6061
Cn1ncc(Br)c1-c1ncc(C(=O)NC2CNCCC2c2cccc(F)c2)cc1F,0.6892
O=C(Cc1nc(N2CCOCC2)cc(=O)[nH]1)NCC1CCN(Cc2ccsc2)CC1,0.6324
NC(=O)c1ccnn2c(-c3cccc(F)c3)c(-c3ccc(C4(N)CCC4)cc3)nc12,0.7931
CC(=O)NC(=O)C1(N)CCN(c2ncnc3[nH]ccc23)CC1,0.6491
NC(COc1cncc(-c2ccc3c(c2)C(=O)C(=O)N3)c1)Cc1cccc(F)c1F,0.6866
NC(COc1cncc(-c2ccc3[nH]c(O)c(Br)c3c2)c1)Cc1cccc(Br)c1,0.7077
N#Cc1cc(-c2cn(CCN3CCC3)c(C3CCN(c4ncnc(N)c4C(F)(F)F)CC3)n2)cc(F)c1F,0.6585
Cn1ccc(-c2cc(C(=O)NC3CNCCC3c3ccc(F)c(F)c3)ccc2F)n1,0.6471
NC1(c2ccc(-c3nc4n(c3-c3ccsc3)COc3c(F)cccc3-4)cc2)CC1,0.6825
CCOc1ncc2nc(-c3ccc(C4(N)CCC4)cc3)c(-c3ccc(F)cc3)n2n1,0.629
Cn1nccc1-c1sc(C(=O)NC2CNCCC2c2ccc(F)cc2)cc1Br,0.6667
Cc1nccc(CNC(=O)c2cc(Br)c(-c3ccnc4[nH]ccc34)s2)n1,0.6119
Cn1ncc(-c2ccc(C(=O)NC3CNCCC3c3ccc(Cl)c(F)c3)cc2)n1,0.6714
Cc1c(N)ncnc1N1CCC(c2nc(-c3ccc(F)c(F)c3)cn2C)CC1,0.6769
NC1(c2ccc(-c3nc4n(c3-c3ccsc3)COc3cnccc3-4)cc2)CC(O)(C2CC2)C1,0.806
Cn1c(CC(=O)N2CCc3c(F)cccc32)nc(N2CCOCC2)c1Cc1ccccc1F,0.6765
CSCCC(NC(=O)C1(N)CCN(c2ncnc3[nH]ncc23)CC1)c1ccc(Cl)cc1,0.8182
Cn1ccc(-c2ccc(C(=O)NC3CNCC3c3cc(F)cc(F)c3)c(F)c2)n1,0.6061
Cc1nc(C(N)=O)cc(N2CCC(c3nc(-c4ccc(F)c(F)c4)cn3CCN3CCCC3)CC2)n1,0.6438
N#CCNC(=O)CC(NC(=O)C1(N)CCN(c2ncnc3[nH]ccc23)CC1)c1ccc(F)cc1,0.7101
O=C(Cc1nc(N2CCOCC2)cc(=O)[nH]1)NC1CC(=O)N(c2ccc(F)c(F)c2)C1,0.6667
O=C(Cc1nc(=O)cc(N2CCOCC2)[nH]1)Nc1cc(F)c(F)c(F)c1F,0.6032
Cc1c(N)ncnc1N1CCC(c2nc(-c3ccc(F)c(Cl)c3)cn2CCN2CCC2)CC1,0.8286
Cn1ncc(C(=O)NC2CNCCC2c2cc(F)cc(F)c2)c1-c1ccnc(F)c1,0.6143
NC(COc1cncc(-c2ccc3[nH]c(=O)oc3c2)c1)Cc1c(F)ccc(F)c1F,0.6522
NC(Cc1ccc(F)c(F)c1)C(=O)N1CCN(c2ncnc3cc(Cl)ccc23)CC1,0.7966
Cn1ncc(Cl)c1-c1cc(C(=O)NCC2CCNCC2)oc1Cl,0.6119
Cc1n[nH]c2ncc(-c3cncc(OCC(N)Cc4ccccc4F)c3)nc12,0.6232
NCC(=O)NC(Cc1ccc(F)cc1)C(=O)N1CCN(c2ncnc3ccccc23)CC1,0.6119
CNCCn1cc(-c2ccc(F)c(Cl)c2)nc1C1CCN(c2ncnc(N)c2C(N)=O)CC1,0.8493
CC1(O)CC(N)(c2ccc(-c3nc4n(c3-c3ccccc3)CCOc3ccc(C(=O)N5CCOCC5)cc3-4)cc2)C1,0.6933
NC(COc1cncc(-c2cnc3c(c2)CC(=O)N3)c1)Cc1cccc(Br)c1,0.6429
Cc1c[nH]c2ncnc(N3CCCC(O)(CNC(=O)c4ccc(F)c(F)c4)C3)c12,0.625
Cn1nnc2cc(-c3cncc(OCC(N)Cc4cccc(OC(F)(F)F)c4)c3)ccc21,0.6301
Cn1ncc(C(=O)NC2CNCCC2c2ccc(F)cc2)c1-c1cc(F)cc(F)c1,0.6029
Nc1ncnc(N2CCC(c3nc(CC(F)(F)F)cn3CCN3CCCC3)CC2)c1Cl,0.6818
NC1(c2ccc(-c3nc4n(c3-c3ccccc3)COc3nc(C(=O)N5CCCCC5)ccc3-4)cc2)CC1,0.6087
O=C(NCC(Cc1ccc(F)cc1)C(=O)N1CCN(c2ncnc3ccccc23)CC1)c1cc(Cl)cc(Cl)c1,0.6
O=C(Cc1nc(N2CCOCC2)cc(=O)n1-c1ccc(Br)cc1)N1CCc2ccccc21,0.8644
CC1CN(c2nc(CC(=O)N3CCc4c(F)cccc43)cc(F)c2Cl)CCO1,0.6438
NC(Cc1cc(Cl)cc(Cl)c1)C(=O)N1CCN(c2ncnc3cc(Cl)c(Cl)cc23)CC1,0.6557
Cn1c(CC(=O)NCCc2ccc(F)cc2)nc(N2CCOCC2)cc1=O,0.6212
NC(COc1cncc(-c2ccc3c(c2)C(Cc2ccccc2)C(=O)N3)c1)Cc1c[nH]c2ccccc12,0.8429
N#Cc1cc(-c2cn(CCN3CCCC3)c(C3CCN(c4cc(N)ncn4)CC3)n2)ccn1,0.7101
NC(=O)C1(C(=O)NCc2cnc(Cl)c(Cl)c2)CCN(c2ncnc3[nH]ccc23)CC1,0.6364
NCCC(NC(=O)c1cc(Br)c(-c2ccnc3[nH]ccc23)s1)c1ccccc1,1
Nc1ncnc(N2CCC(c3nc(-c4ccc(Cl)nc4)cn3CCN3CCCC3)CC2)c1C(F)(F)F,0.6667
Nc1ncnc(N2CCC(c3nc(-c4cc(F)c(F)cc4F)cn3CCN3CCC3)CC2)c1C(F)(F)F,0.64
CCc1c(N)ncnc1N1CCC(c2nc(-c3ccc(C)c(C)c3)cn2CCN2CCC2)CC1,0.8382
Cc1c(N2CCOCC2)nc(CC(=O)Nc2ccc(F)c(F)c2)n1C,0.6
Cc1ncc(-c2c(C(=O)NC3CNCCC3c3ccc(Cl)c(F)c3)cnn2C)o1,0.6184
Nc1cccc2ncnc(N3CCN(C(=O)C(N)Cc4ccc(Br)cc4)CC3)c12,0.7414
Cc1nc(-c2ccc(C(=O)NC3CNCCC3c3cccc(F)c3)cc2)n(C)n1,0.6812
Cn1ncc(C(N)=O)c1-c1cc(C(=O)NC2CNCCC2c2ccccc2)c(Cl)cc1Cl,0.6164
NC1(C(=O)NC(CO)c2ccc(F)c(Cl)c2)CCN(c2ncnc3[nH]cc(Cl)c23)CC1,0.7246
O=C(Cc1nc(N2CCOCC2)cc(=O)n1-c1ccccc1Cl)N1CCc2c(F)cccc21,0.7424
Cn1ccc(-c2ccc(C(=O)NC3CNCCC3c3ccc(F)cc3)cc2F)n1,0.6087
CC(=O)Oc1cc(-c2cn(CCN3CCC3)c(C3CCN(c4cc(C)ncn4)CC3)n2)ccc1F,0.6118
Cn1cc(Cl)c(-c2ccc(C(=O)NC3CNCCC3c3ccc(F)c(F)c3)c(Cl)c2)n1,0.7353
NC(COc1cncc(-c2ccc3c(c2)Cc2c[nH]nc2-3)c1)Cc1c[nH]c2ccccc12,0.6806
CC(C)Oc1cccc2ncnc(N3CCN(C(=O)C(N)Cc4ccc(Cl)cc4)CC3)c12,0.7619
CCn1cc(-c2ccnc(C(F)(F)F)c2)nc1C1CCN(c2nc(Cl)cc(Cl)c2C#N)CC1,0.6049
CC1CN(c2cc(=O)[nH]c(CC(=O)NC3CC(C)(C)Oc4ccc(F)cc43)n2)CCO1,0.6486
CC1COCCN1c1nc(N2CCOCC2C)c2ccc(-c3cccc(C(=O)N4CC(F)C4)c3)nc2n1,0.6667
CC1SCc2ncnc(N3CCN(C(=O)C(N)Cc4cc(Cl)c(S(N)(=O)=O)cc4-n4nccn4)CC3)c21,0.6104
O=C(NC(c1cc(Cl)cc(Cl)c1)C1CCNCC1)c1ccncc1,0.6102
CN(C)C(=O)c1ccn2c(-c3ccccc3)c(-c3ccc(C4(N)CCC4)cc3)nc2c1,0.7302
O=C(CCc1nc(N2CCOCC2)cc(=O)[nH]1)Nc1ccc(F)c(Br)c1,0.8305
Cn1ncc(Cl)c1-c1nc2ccc(C(=O)NC3CNCCC3c3ccc(F)cc3)cc2n1C,0.6184
Cn1nc(-c2c(F)cc(Cl)cc2C(=O)NC2CNCCC2c2ccc(F)c(F)c2)cc1C1CC1,0.6216
COc1ncccc1-c1c(C(=O)NC2CNCCC2c2ccc(F)c(F)c2)cnn1C,0.6234
Cn1ncc(Br)c1-c1cc(C(=O)NC2CNCCC2c2cc(F)c(F)c(F)c2)no1,0.6027
O=C(Cc1nc(N2CCOCC2)cc(=O)[nH]1)NCc1ccc(Cl)cc1Cl,0.6508
CC1(O)CC(N)(c2ccc(-c3nc4n(c3-c3ccccc3)COc3ccc(C#N)cc3-4)cc2)C1,1
Cc1csc(N2CCC(c3nc(-c4ccc(F)c(OC(F)F)c4)cn3CCN3CCC3)CC2)n1,0.6118
O=C(Cc1nc(N2CCOCC2)cc(=O)n1C1CCCC1)Nc1ccc(F)c(Cl)c1,0.6111
CC1CC(NC(=O)Cc2nc(N3CCOCC3)cc(=O)n2C)c2c(F)ccc(F)c2O1,0.6027
CC1CCCCN1S(=O)(=O)c1ccc(NC(=O)Cc2nc(N3CCOCC3)cc(=O)n2C)cc1,0.6
Cc1ccc(NC(=O)Cc2nc(N3CCOCC3)cc(=O)[nH]2)cc1-c1cnc(N)c(Cl)n1,0.6111
O=C(NC1CNCCC1c1ccc(F)c(F)c1)c1ccc(C(F)(F)F)cc1F,0.6452
CC1(O)CC(N)(c2ccc(-c3nc4n(c3-c3ccccc3)COc3ncc(Cl)nc3C4)cc2)C1,0.6143
COc1cc(-c2cn(CCN3CCC3)c(C3CCN(c4ncnc(N)c4C(N)=O)CC3)n2)ccc1F,1
CCn1c(-c2nonc2N)nc2c(C#CC(C)(C)C)ncc(C)c21,0.6406
NC1(C(=O)NC(=O)c2ccnc(Cl)c2)CCN(c2ncnc3[nH]ccc23)CC1,0.6
Cc1ccc(C2(NC(=O)Cc3nc(N4CCOCC4)cc(=O)[nH]3)CCCC2)cc1,0.6154
NC(Cc1cc(F)cc(F)c1)C(=O)N1CCN(c2ncnc3ccc(Br)cc23)CC1,0.6721
CC(NC(=O)C1(CN)CCN(c2ncnc3[nH]ccc23)CC1)c1cccc(Cl)c1,0.8125
COc1ccc(-c2cn(CCN3CCC3)c(C3CCN(c4cc(N)ncn4)CC3)n2)cc1F,0.791
NC(=O)c1cccc(-c2cn(CCN3CCC3)c(C3CCN(c4ncnc(N)c4C(F)(F)F)CC3)n2)c1,0.7308
O=C(NC(c1ccnc(Cl)c1)C1CCNCC1)c1ccc(Cl)c(Cl)c1,0.65
Nc1ncnc(N2CCC(c3nc(-c4cc(Cl)c(F)[nH]4)cn3CCN3CCC3)CC2)c1C(F)(F)F,0.6049
CCc1c(N)ncnc1N1CCC(c2nc(-c3ccc(F)c(C(F)(F)F)c3)cn2CCNC)CC1,0.8571
Cc1ccc(CC(N)C(=O)N2CCN(c3ncnc4ccccc34)CC2)cc1C,0.8036
CCN(CC)CCn1cc(-c2ccc(F)c(F)c2)nc1C1CCN(c2ncnc(N)c2Cl)CC1,0.7571
Cc1cccc(-c2cn(CCN3CCC3)c(C3CCN(c4cc(N)ncn4)CC3)n2)c1,0.7164
CCn1cc(-c2ccc(F)c(F)c2)nc1C1CCN(c2ncnc(N)c2C2C=CC2)CC1,0.6486
NC(=O)C1(c2ccc(Br)cc2)CCN(c2ncnc3[nH]nc(Br)c23)CC1,0.6949
CCOc1cc(-c2cc3c(C)nc(N)nc3n(C3CCC(OCCO)CC3)c2=O)ccc1F,0.7123
Cn1ncc(Cl)c1-c1cc(C(=O)NC(CN)c2ccccc2)sc1Cl,0.6269
Nc1ncnc(N2CCC(c3nc(CCC(F)(F)F)cn3CCN3CCCC3)CC2)c1Br,0.6618
Cc1cccc2c(N3CCN(C(=O)C4(c5ccc(Cl)c(Cl)c5)CCNCC4)CC3)ncnc12,0.6377
Cc1cc(N2CCN(C(=O)C(N)Cc3ccc(Cl)cc3)CC2)ccn1,0.6066
CNC(=O)c1cccnc1N1CCC(c2nc(-c3ccc(F)c(C(F)(F)F)c3)cn2CCNC(C)C)CC1,0.6782
CCn1cc(-c2cn(C)cn2)nc1C1CCN(c2ncnc(N)c2C(N)=O)CC1,0.6026
CC1CCN(c2ccc(C(=O)NC3CNCCC3c3ccc(F)c(F)c3)cn2)C1,0.625
Nc1ncnc(N2CCC(c3nc(-c4cncc(F)c4)cn3CCN3CCCC3)CC2)c1Cl,0.7941
CNC(=O)C1(c2ccc(F)cc2)CCN(c2ncnc3[nH]ccc23)CC1,0.619
O=C(Nc1csc(-c2cn(CCO)nn2)n1)c1cc(-n2cnc(C3CC3)c2)c(N2CCC(F)(F)C2)cn1,0.6404
NC(=O)c1c(N)ncnc1N1CCC(c2nc(C(F)(F)F)cn2CC2CC2)CC1,0.6104
CC1SCc2ncnc(N3CCN(C(=O)C(N)Cc4cnn(C)c4)CC3)c21,0.7344
Cc1c(NC(=O)Cc2nc(N3CCOCC3)cc(=O)n2C)ccc(F)c1Cl,0.6667
Cc1cc(Cl)c2nc(-c3ccc(C4(N)CCC4)cc3)c(-c3ccccc3)n2c1,0.8077
Cn1c(CC(=O)Nc2cnc(N3CCOCC3)c(F)c2)nc(N2CCOCC2)cc1=O,0.6875
CC(n1cnnc1-c1nc(NC(=O)c2cc(C3CCOCC3)c(N3CCC(C#N)CC3)cn2)cs1)C(F)(F)F,0.7363
Cc1cncc(C(=O)NC(c2ccc(Cl)c(Cl)c2)C2CCNCC2)c1,0.6557
Cn1c(CC(=O)NCC(=O)c2ccc(F)cc2)nc(N2CCOCC2)cc1=O,0.6212
CC(=O)c1cccc(-c2cn(CCC(C)(C)C)c(C3CCN(c4ncnc(N)c4Br)CC3)n2)c1,0.6154
CS(=O)(=O)c1c(N)ncnc1N1CCC(c2nc(-c3ccc(F)c(Cl)c3)cn2CCNCCF)CC1,0.6
O=C(O)c1ccc(-c2ccnc3[nH]ccc23)s1,0.6226
NC1(c2ccc(-c3nc4c(Cl)cccn4c3-c3ccccc3)cc2)CCC1,1
O=C(NC(c1ccc(Cl)c(Cl)c1)C1CCNC1)c1ccc(-n2cccn2)cc1,0.6176
CCn1cc(-c2cccc(F)c2)nc1C1CCN(c2ncnc(N)c2C(=O)NC)CC1,0.6076
Cc1cccc(C(=O)NC(Cc2ccc(Cl)cc2)C(=O)N2CCN(c3ccnc4ccccc34)CC2)c1,0.6324
Cc1ccn2c(-c3ccccc3)c(-c3ccc(C4(N)CCC4)cc3)nc2c1Cl,0.75
Cc1n[nH]c2cnc(-c3cncc(OCC(N)Cc4ccc(Br)cc4Cl)c3)cc12,0.7619
CCCC(NC(=O)C1(N)CCN(c2ncnc3c2CCC3)CC1)c1ccc(Cl)cc1,0.6081
NC(N)=NCCCC(NC(=O)c1cc(Br)c(-c2ccnc3[nH]ccc23)s1)c1ccccc1,0.806
Cn1ncc(Cl)c1-c1cc(C(=O)NC2CC2c2ccc(F)cc2)oc1Cl,0.6716
NC(=O)c1c(N)ncnc1N1CCC(c2nc(-c3ccc(F)c(Cl)c3)cn2CCN2CCC2)C(F)C1,0.8462
Nc1cc(N2CCC(c3nc(-c4cnc(C(F)(F)F)c(OC(F)F)c4)cn3CCN3CCC3)CC2)ncn1,0.6538
CNC(=O)CCCCn1cc(-c2ccc(F)c(F)c2)nc1C1CCN(c2cc(N)ncn2)CC1,0.6849
O=C(NC(Cc1ccc(Cl)cc1)C(=O)N1CCN(c2ncnc3ccccc23)CC1)c1ccc(Cl)s1,0.6769
O=C(Cc1nc(N2CCOCC2)cc(=O)[nH]1)NCCc1csc(-c2ccsc2)n1,0.6418
O=C(NC1CNCCC1c1ccc(F)c(F)c1)c1cc(F)cc(Cl)c1,0.6
O=C(Cc1nc(N2CCOCC2)cc(=O)n1-c1ccc(F)cc1)N1CCCc2c(Cl)cccc21,0.662
Cc1c[nH]c2ncnc(N3CCC(N)(CNC(=O)c4cc(F)ccc4F)C3)c12,0.875
NC(=O)C(NC(=O)C1(N)CCN(c2ncnc3[nH]ccc23)CC1)c1ccccc1Cl,0.746
O=C(Cc1nc(N2CCOCC2)c(F)c(OC(F)(F)C(F)F)c1F)N1CCc2c(F)cccc21,0.6143
Cc1ccc(NC(=O)Cc2nc(N3CCOCC3)cc(=O)n2C)cc1Cl,0.7097
Cc1c(C(=O)NC(=O)Cc2nc(N3CCOCC3)cc(=O)n2C)ccc(F)c1F,0.6176
O=C(Cc1nc(N2CCOCC2)cc(=O)[nH]1)NCCOc1ccc(F)cc1F,0.6769
Cc1c[nH]c2ncnc(N3CCC(N)(C(=O)NC(c4ccc(Cl)cc4)c4cnn(C)n4)CC3)c12,0.7143
NC(=O)CC(N)C(=O)N1CCN(c2ncnc3ccc(Br)cc23)CC1,0.6167
Cn1cc(-c2ccc3ncnc(N4CCN(C(=O)C(N)Cc5ccc(F)cc5)CC4)c3c2)cn1,0.6267
Cc1cc(-c2cn(CCNCC(F)F)c(C3CCN(c4ncnc(N)c4C)CC3)n2)cc(F)c1F,0.6118
Cc1cc2ncnc(N3CCN(C(=O)C(N)Cc4ccc(Cl)cc4)CC3)c2s1,0.7097
O=C(Nc1csc(-c2nncn2C2CCOCC2)n1)c1cc(N2CCC(C(F)(F)F)CC2)c(Cl)cn1,0.6047
Cn1ncc(Cl)c1-c1cc(C(=O)NC2Cc3ccccc32)oc1Cl,0.6029
NC1(C(=O)NC(c2cccc(F)c2)C(F)(F)F)CCN(c2ncnc3[nH]ccc23)CC1,0.6567
CNC(=O)Nc1ccc2cc(-c3cnc(Cl)c(NS(=O)(=O)c4ccc(F)cc4)c3)ccc2n1,0.6143
O=C(Cc1nc(N2CCOCC2)cc(=O)n1-c1c(F)cccc1F)Nc1ccc(F)c(Cl)c1,0.6
Cc1nc(Cl)ccc1C(=O)NC(c1cccc(Cl)c1)C1CCNCC1,0.6094
COc1ccccc1CC(N)COc1cncc(-c2ccc3[nH]nc(C)c3c2)c1,0.8361
CN=c1cc2cc(C(=O)NC(c3cccc(Cl)c3)C3CCNCC3)ccc2c[nH]1,0.6615
Nc1cccc(-c2cn(CC3CNC3)c(C3CCN(c4ncnc(N)c4F)CC3)n2)c1,0.6447
CSc1ccc(C(=O)NC2CNCCC2c2cccc(F)c2)s1,0.6418
NC(=O)CCn1cc(-c2ccc(C(F)(F)F)c(F)c2)nc1C1CCN(c2ncnc(N)c2Cl)CC1,0.6923
COc1ccc(CCNC(=O)c2ccc3nc(-c4ccc(C5(N)CCC5)cc4)c(-c4ccccc4)n3n2)cc1OC,0.6986
Nc1ncnc(N2CCC(c3nc(-c4ccc(OC(F)F)c(Cl)c4)cn3CCN3CCC3)CC2)c1Cl,0.7162
O=C(Cc1nc(N2CCOCC2)cc(=O)[nH]1)N1CCN(C(=O)c2cc(F)cc(F)c2)CC1,0.6441
CC(NC(=O)C1(N)CCN(c2ncnc3[nH]cc(Cl)c23)CC1)C(N)=O,0.7333
NC(=O)c1c(N)ncnc1N1CCC(c2nc(-c3ccc(F)c(F)c3)cn2CCN2CCC2)CC1F,0.7215
CNCC(Nc1ncnc2c(C(N)=O)cc(F)cc12)c1ccc(F)c(Cl)c1,0.6418
CCc1c(N)ncnc1N1CCC(c2nc(-c3ccc(F)c(Cl)c3)no2)CC1,0.6053
NCC(Cc1ccc(F)c(F)c1)NC(=O)c1cc(-c2ccc(N)cc2)c(Cl)o1,0.6462
O=C(Nc1ccc(F)cc1F)c1cc(Br)c(-c2ccnc3[nH]ccc23)s1,0.6176
CCOc1ccc(NC(=O)Cc2nc(N3CCOCC3)cc(=O)n2C)cc1OCC,0.6769
Cc1ccc(NC(=O)Cc2nc(N3CCOCC3)cc(=O)n2-c2ccc(F)c(F)c2)cc1F,0.6377
CC1(O)CC(N)(c2ccc(-c3nc4n(c3-c3ccccc3)COc3cc(C(=O)N5CCOCC5)ccc3-4)cc2)C1,0.7887
Cn1cc(-c2ccc(F)c(C(F)(F)F)c2)nc1C1CCN(c2ncnc(N)c2F)CC1,0.8387
Cc1ccncc1C(=O)NC(c1ccc(Cl)c(Cl)c1)C1CCNC1,0.6825
NC1(c2ccc(-c3nc4c(F)nc(F)cn4c3-c3ccccc3)cc2)CCC1,0.7308
Cn1cc(-c2ccc3nc(C4CC4)n(-c4ccc(C5(N)CCC5)cc4)c3n2)cn1,0.6087
CCNC(=O)c1ccc(-c2ccnc3[nH]ccc23)s1,0.614
O=C(N1CCN(c2ncnc3[nH]ccc23)CC1)C1(c2ccc(Cl)cc2)CC1,0.8868
CC(=O)NC(Cc1ccc(Cl)c(Cl)c1)C(=O)N1CCN(c2ncnc3ccccc23)CC1,0.7581
Cc1ccccc1-n1c(CC(=O)N2c3cc(Cl)ccc3CC2C)nc(N2CCOCC2)cc1=O,0.662
Cc1ncncc1C(=O)NC(c1cccc(Cl)c1)C1CCNCC1,0.6
O=C(CCc1nc(N2CCOCC2)cc(=O)[nH]1)NCc1ccc(F)c(F)c1,0.625
O=C(NC(c1cccc(Cl)c1)C1CCNCC1)c1ccnnc1,0.7119
CC(C)c1cc(-c2cn(CCN3CCC3)c(C3CCN(c4[nH]cnc(=N)c4C#N)CC3)n2)ccn1,0.6875
CN(C)c1ccc(-c2cn(CCN3CCC3)c(C3CCN(c4ncnc(N)c4Cl)CC3)n2)cc1,0.7727
Cn1nccc1-c1cc(C(=O)NC2CNCCC2c2ccc(F)c(F)c2)oc1Cl,0.7681
O=C(N1CCN(c2ncnc3[nH]cc(Cl)c23)CC1)C1(c2cccnc2)CC1,0.6719
O=C(NCc1ccc(F)cc1)NCc1nc(N2CCOCC2)cc(=O)[nH]1,0.6032
Cc1csc(-c2n[nH]c3ccc(OCC(N)Cc4ccc(F)cc4F)cc23)n1,0.6
O=C(NC(c1ccc(Cl)c(F)c1)C1CCCNC1)c1ccc(F)c(Cl)c1,0.6061
O=C(NCC(Cc1ccc(Br)cc1)C(=O)N1CCN(c2ncnc3ccccc23)CC1)c1c(Cl)cc(Cl)cc1Cl,0.6377
N#Cc1c(N)ncnc1N1CCC(c2nc(C3CCCC3)cn2CC(F)(F)F)CC1,0.7419
NC(=O)c1cccc(N2CCC(c3nc(-c4ccc(C(F)(F)F)cc4)cn3CCN3CCCC3)CC2)c1,0.6125
Cc1ccc(C)c(-c2c(C(=O)NC3CNCCC3c3ccc(F)c(F)c3)cnn2C)c1,0.6667
Cn1cc2c(F)c(C(=O)NC3CNCCC3c3ccc(F)c(F)c3)ccc2n1,0.6324
NC(Cc1ccc(Cl)cc1Cl)C(=O)N1CCN(c2ncnc3cc(Cl)c(Cl)cc23)CC1,0.625
NC(=O)c1c(N)ncnc1N1CCC(c2nc(-c3cc(F)cnc3C(F)(F)F)cn2CCN2CCC2)CC1,0.7037
Cc1cc(-c2ccc(C(=O)NC3CNCCC3c3ccc(F)cc3)s2)nn1C,0.6027
COc1ccc(C)cc1NC(=O)Cc1nc(N2CCOCC2)cc(=O)n1C,0.6
Cn1nccc1-c1cn[nH]c1C(=O)NC1CNCCC1c1ccc(F)c(F)c1,0.7576
Cn1c(CC(=O)NCc2nc(C3CCCC3)c(F)cc2F)nc(N2CCOCC2)cc1=O,0.6056
CCCc1c(N)ncnc1N1CCC(c2nc(-c3ccnc(F)c3)cn2CC2CNC2)CC1,0.7013
Cn1c(CC(=O)NC2CC2c2ccc(F)c(F)c2)nc(N2CCOCC2)cc1=O,0.6087
CC(=O)NC1CN(C(=O)Cc2nc(N3CCOCC3)cc(=O)[nH]2)c2ccccc21,0.7778
O=C1CCCc2cc(F)c(F)cc2N1Cc1nc(N2CCOCC2)cc(=O)[nH]1,0.619
N#Cc1n[nH]c2ccc(-c3cncc(OCC(N)Cc4ccc(F)cc4F)c3)cc12,0.7812
N#Cc1c(N)ncnc1N1CCC(c2nc(-c3cc(F)cc(F)c3)cn2CCN2CCCC2)CC1,0.8507
Cc1ncc(Cl)c(C(=O)NC(c2ccc(Cl)c(F)c2)C2CCNCC2)n1,0.6119
O=C(NCc1ccc(-c2nnc3n2-c2cccnc2Nc2ccccc2-3)cc1)c1c(F)cccc1F,0.6029
NCC1(C(=O)NCCc2ccc(Cl)cc2)CCN(c2ncnc3[nH]ccc23)CC1,0.6923
NC1(c2ccc(-c3nc4c(-c5cn[nH]c5)cccn4n3)cc2)CCC1,0.6129
NC(=O)CC(NC(=O)c1cc(Br)c(-c2ccnc3[nH]ccc23)s1)c1ccc(F)cc1,0.697
Cn1ncc(Br)c1-c1sc(C(=O)NC2CNCCC2c2ccncc2)cc1Br,0.6
O=C(NC(c1ccc(Cl)c(Cl)c1)C1CCNC1)c1cnc(Br)nc1,0.6613
CC(C)NCC(C(=O)N1CCN(c2ncnc3c2C2CC2CC3)CC1)c1ccc(F)cc1,0.6714
Cn1ncc(Br)c1-c1oc(C(=O)NC2CNCCC2c2ccc(F)cc2F)cc1Br,0.7042
Cn1nc(-c2ccc(C(F)(F)F)cc2F)nc1-c1ccc(C(=O)NC2CNCCC2c2cccc(F)c2)cc1,0.6076
O=C(NC(c1ccc(Cl)c(C(F)(F)F)c1)C1CNC1)c1ccc(Cl)c(Cl)c1,0.6102
CCc1c(N)ncnc1N1CCC(c2nc(-c3ccc(F)c(C)c3)cn2CCNCC2CC2)CC1,0.7922
CNC(=O)c1cccc(-c2ccc3c(N4CCOCC4C)nc(N4CC(F)C4)nc3n2)c1,0.6056
Cc1c(F)cccc1CC(N)COc1cncc(-c2ccc3[nH]nc(C)c3c2)c1,0.8814
CCOC(=O)c1c(C)nc(NNC(=O)c2ccncc2)nc1-c1ccccc1F,0.6197
CC1Cc2ccccc2N1C(=O)Cc1nc(N2CCOCC2)c(F)c(OCC(F)(F)F)c1F,0.6164
CCc1c(N)ncnc1N1CCC(c2nc(-c3ccc(F)nc3)cn2CCN2CCC2)C(F)C1,0.7595
Cc1cnn(C)c1-c1cc(F)cc(NC(=O)Cc2nc(N3CCOCC3)cc(=O)[nH]2)c1,0.7188
CC1SCc2ncnc(N3CCN(C(=O)C(N)Cc4ccc(C(=O)NCCCN)c(F)c4)CC3)c21,0.7534
CNCCn1cc(-c2ccc(F)c(C)c2)nc1C1CCN(c2ccnc(C)n2)CC1,0.6316
O=C(NC(c1ccc(Cl)c(Cl)c1)C1CCCNC1)c1ccc(F)c(Cl)c1,0.6825
NC(=O)c1ccn2c(-c3ccccc3)c(-c3ccc(C4(N)CCC4)cc3)nc2n1,0.6667
Cn1nc(-c2ccc(C(=O)NC3CNCCC3c3cccc(F)c3)cc2)c2c1CCSC2,0.6104
Cn1nc(-c2ccc(C(=O)NC3CNCCC3c3ccc(Cl)cc3)s2)c2ccccc21,0.6667
NC(CNC(=O)c1cc(Br)c(-c2ccnc3[nH]ccc23)s1)c1ccccc1,1
CNC(=O)C1CCN(c2ncnc3[nH]cc(Cl)c23)CC1,0.6
Cn1ccc2cc(C(=O)NC3CNCCC3c3ccc(F)cc3)c(F)cc21,0.6119
COCC1(C(=O)NCc2ccc(Cl)c(Cl)c2)CCN(c2ncnc3[nH]ccc23)CC1,0.6029
N#CCc1cc(-c2cn(CCN3CCC3)c(C3CCN(c4cc(N)ncn4)CC3)n2)ccc1F,0.7681
CC(Cn1cccn1)NC(=O)c1cc(Br)c(-c2ccnc3[nH]ccc23)s1,0.6143
NC(=O)NC(Cc1ccc(F)c(Br)c1)C(=O)N1CCN(c2ncnc3ccccc23)CC1,0.6471
NC1(C(=O)NC(CO)Cc2ccc(F)cc2)CCN(c2ncnc3[nH]ccc23)CC1,0.7031
Cc1nc(C)c2nc(-c3ccc(C4(N)CCC4)cc3)c(-c3ccccc3)n2n1,0.7037
CC(C)Oc1cccc2c1CCN2C(=O)Cc1nc(N2CCOCC2)cc(=O)n1C,0.8615
N#CC(CC(N)=O)NC(=O)c1cc(Br)c(-c2ccnc3[nH]ccc23)s1,0.6269
NC(Cc1ccc(Cl)cc1)C(=O)N1CCN(c2ncnc3cccc(OCC(F)(F)F)c23)CC1,0.7121
Cc1oc(-c2cc(F)c(F)cc2F)cc1C(=O)NC1CNCCC1c1ccc(F)c(F)c1,0.6176
Nc1ncnc(N2CCN(C(=O)C(N)Cc3cccs3)CC2)c1Cl,0.6964
NC1(C(=O)NC(CCCN2CCCC2)c2ccc(F)cc2)CCN(c2ncnc3c2CCC3)CC1,0.6234
NC1(C(=O)NC(Cc2ccccc2)c2ccccc2)CCN(c2ncnc3[nH]ccc23)CC1,0.8852
Cc1n[nH]c2ccc(-c3cncc(OCC(N)Cc4cccc(F)c4F)c3)cc12,1
O=C(NC1CCN(c2ncnc3[nH]cc(Cl)c23)C1)C1CC1,0.6275
CNCC(NC(=O)c1cc(Br)c(-c2cocn2)s1)c1ccccc1,0.6029
CCc1c(N)ncnc1N1CCC(c2nc(-c3ccc(Cl)nc3)cn2CCN2CCCC2)CC1,0.7794
O=C(NC(Cc1ccc(Cl)cc1)C(=O)N1CCN(c2ncnc3ccccc23)CC1)c1cccc(F)c1,0.6324
Cc1cccc(-c2c(-c3ccc(C4(N)CCC4)cc3)nc3c(C(N)=O)cccn23)c1,0.7895
Cn1c(CC(=O)N2CCc3c(F)cccc32)nc(N2CCOCC2)cc1=S,1
COc1ncc(-c2ccc(CC(N)C(=O)N3CCN(c4ncnc5ccccc45)CC3)cc2F)c(C)n1,0.6806
Cn1ncc(-c2ccc(C(=O)NC3CNCCC3c3ccccc3)cc2F)c1Cl,0.6056
Cn1cc(-c2cncc(F)c2)nc1C1CCN(c2ncnc(N)c2Br)CC1,0.6716
Cn1ncc(Cl)c1-c1onc(C(=O)NC2CNCCC2c2ccc(F)cc2)c1Cl,0.6
Cn1c(CC(=O)Nc2cnc(F)c(C3CC3)c2)nc(N2CCOCC2)cc1=O,0.7692
NC1(c2ccc(-c3nc4ccc(Br)nn4c3-c3ccccc3)cc2)CCC1,1
CC(C)N(C)CC(Cc1ccccc1F)NC(=O)c1cc(Br)c(-c2ccnc3[nH]ccc23)s1,0.8
Nc1cc(N2CCC(c3nc(-c4ccnnc4)cn3CCN3CCCC3)CC2)ncn1,0.7273
Cc1cc2ncnc(N3CCN(C(=O)C(N)Cc4ccc(Cl)cc4)CC3)c2cc1C,0.8103
NC(COc1cncc(-c2ccc3[nH]c(=O)oc3c2)c1)Cc1cc(F)cc(F)c1,0.6618
NC(=O)CCn1cc(-c2ccnc(C(F)(F)F)c2)nc1C1CCN(c2cc(N)ncn2)CC1,0.6173
N#Cc1c(N)ncnc1N1CCC(c2nc(-c3ccc(C4CC4)cc3)cn2CC(=O)NCc2ccc(F)cc2)CC1,0.6296
Nc1ncnc(N2CCC(c3nc(-c4cccc(F)c4)cn3CCN3CCC3)CC2)c1F,0.8209
Cc1cc(F)ccc1CNC(=O)Cc1nc(N2CCOCC2)cc(=O)n1C,0.6029
NC(=O)c1ccc2nc(-c3ccc(C4(N)CC(F)(F)C4)cc3)c(-c3ccccc3)n2c1,0.7818
NC(COc1cncc(-c2cnc(Cl)c(OCC(N)Cc3c[nH]c4ccccc34)c2)c1)Cc1cccc(Cl)c1,0.6479
Cc1cc(C(=O)NC(c2ccc(Cl)c(Cl)c2)C2CCNCC2)ccc1Cl,0.6724
O=C(Cc1nc(N2CCOCC2)cc(=O)n1-c1ccccc1)c1c(F)cccc1F,0.6094
N#Cc1ccccc1-c1cn(CCN2CCC2)c(C2CCN(c3ncnc(N)c3C(F)(F)F)CC2)n1,0.6098
Cc1cc(-c2cn(CCN3CCCC3)c(C3CCN(c4ncnc(N)c4C(F)(F)F)CC3)n2)ccn1,0.6883
Cn1nc(-c2ccsc2)cc1-c1ccc(C(=O)NC2CNCCC2c2cccc(F)c2)nc1,0.6933
NC(COc1cncc(-c2ccc3c(c2)OCC(=O)N3)c1)Cc1cccc(Cl)c1Cl,0.6027
O=C(NC1CNCCC1c1cccc(F)c1)c1cc(F)c(F)c(Cl)c1,0.6119
NC1(C(=O)NC(Cc2ccc(F)cc2)c2nccs2)CCN(c2ncnc3[nH]ccc23)CC1,0.6571
CC(=O)NC(Cc1ccccc1)C(=O)N1CCN(c2ncnc3ccccc23)CC1,0.65
CC(NC(=O)Cc1nc(N2CCOC(CF)C2)cc(=O)[nH]1)c1ccc(F)cc1,0.6197
Cn1ncc(Br)c1-c1oc(C(=O)NC2CNCCC2c2cccc(F)c2)nc1C1CC1,0.6538
CC1SCc2ncnc(N3CCN(C(=O)c4cc(F)ccc4Cl)CC3)c21,0.6056
Cc1c(N)ncnc1N1CCC(c2nc(-c3ccc(OC(F)F)nc3)cn2CCN2CCC2)CC1,0.6375
Cn1nc(-c2ccc(C(=O)NC3CNCCC3c3cccc(F)c3)cc2)cc1C(F)F,0.6528
NC(COc1cncc(-c2ccc3cnccc3c2)c1)Cc1ccc(F)cc1,0.6032
N#Cc1c(N)ncnc1N1CCC(c2nc(-c3ccnc(F)c3)cn2CCN2CCC2)CC1,1
NC(=O)c1cc(-c2cccnc2)c2nc(-c3ccc(C4(N)CCC4)cc3)c(-c3ccccc3)n2n1,0.7419
Cn1nc(-c2ccc(C(=O)NC3CNCCC3c3cccc(F)c3)cc2)cc1C1CCCC1,0.6438
O=C1CC(NC(=O)C(Cc2ccc(F)cc2)NC(=O)c2cc(Br)c(-c3ccnc4[nH]ccc34)s2)C(O)O1,0.6296
O=C(NC(c1ccc(Cl)c(Cl)c1)C1CNC1)c1cc(F)cc(F)c1,0.614
O=C(NC(Cc1ccc(Cl)cc1)C(=O)N1CCN(c2ncnc3ccc(F)cc23)CC1)c1ccc(Cl)cc1,0.6418
NC1(c2ccc(-c3nnc4n3-c3cccnc3Nc3ncccc3-4)cc2)CCC1,0.8235
N#Cc1c(N)ncnc1N1CCC(c2nc(-c3cnc(Cl)c(F)c3)cn2CC2CCC2)CC1,0.6582
Nc1n[nH]c2ccc(-c3cncc(OCC(N)Cc4ccccc4F)c3)cc12,0.7419
Cc1cnn(C)c1-c1cc(Cl)cc(C(=O)NC(CN)Cc2cccc(F)c2)c1,0.6027
Cn1ncc(-c2oc(C(=O)NC3CNCCC3c3ccccc3)cc2F)c1Cl,0.662
COCc1ncc(-c2ccc3nc(-c4ccc(C5(N)CCC5)cc4)c(-c4ccccc4)n3n2)n1C,0.6119
Nc1cc(N2CCC(c3nc(-c4ccc(Cl)c(C=O)c4)cn3CCN3CCC3)CC2)ncn1,0.6901
NS(=O)(=O)c1ccc(NC(=O)Cc2nc(N3CCOCC3)cc(=O)[nH]2)cc1,0.7119
Cc1n[nH]c2ccc(-c3cncc(OCC(N)Cc4cccc(Br)c4)c3)cc12,1
COc1ccnc(CC(N)COc2cncc(-c3ccc4[nH]nc(C)c4c3)c2)c1,0.6825
COCCOc1cc(-c2ccc(C(=O)NC3CNCCC3c3cccc(F)c3)cc2)nn1C,0.6104
COc1ccccc1CC(N)COc1cncc(-c2cc3c(C)n[nH]c3cn2)c1,0.7778
CNC(=O)c1cnn(C)c1-c1ccc(C(=O)NC2CNCCC2c2ccc(F)c(F)c2)cc1,0.7879
O=C(NC(c1cncc(Br)c1)C1CCNCC1)c1ccc2cnccc2c1,0.7049
Nc1n[nH]c2ccc(-c3cncc(OCC(N)Cc4cccc(F)c4)c3)cc12,0.8475
Cn1ncc(-c2oc(C(=O)NC3CNCCC3c3ccc(F)cc3)cc2Cl)c1Br,0.6575
NC(COc1cncc(-c2ccc3c(c2)OCO3)c1)Cc1ccc(C(F)(F)F)cc1,0.6212
NC(COc1cncc(-c2ccc3c(c2)CC(=O)N3)c1)Cc1ccccc1F,0.7313
CCNCCn1cc(-c2ccc(Cl)c(C(F)(F)F)c2)nc1C1CCN(c2cc(N)ncn2)CC1,0.641
O=C(NC(Cc1ccc(F)cc1)C(=O)N1CCN(c2ncnc3cc(Cl)ccc23)CC1)c1ccc(C(F)(F)F)cc1,0.6111
O=C(Cc1nc(N2CCOCC2)cc(=O)[nH]1)NCc1cc(F)ccc1N1CCCCC1,0.6515
NC1(C(=O)NCc2cc(Cl)cc(Cl)c2)CCN(c2ncnc3[nH]cnc23)CC1,0.6129
CC(C)c1nc(-c2ccnc(C(F)(F)F)c2)cc(C2CCN(c3ncnc(N)c3C(N)=O)CC2)n1,0.6173
Nc1cc(N2CCC(c3nc(-c4cc(F)cc(Cl)c4F)cn3CCN3CCC3)CC2)ncn1,0.6479
Cc1n[nH]c2ncc(-c3cncc(OCC(N)Cc4ccc(F)c(F)c4)c3)cc12,0.7031
Cn1nc(-c2ccc(C(=O)NC3CNCCC3c3cccc(F)c3)nc2)nc1C1CC1,0.6944
O=C(NC(c1cccc(F)c1)C1CCCNC1)c1ccc(Cl)c(Cl)c1,0.6212
Nc1cc(N2CCC(c3nc(-c4cccc(O)c4)cn3CCN3CCC3)CC2)ncn1,0.7164
CC1Cc2ccc(F)cc2N1C(=O)Cc1nc(N2CCOCC2)c(Cc2ccccc2F)n1C,0.6184
NC1(C(=O)NC(CNC(=O)c2ccc(Cl)c(Cl)c2)Cc2ccccc2)CCN(c2ncnc3[nH]ccc23)CC1,0.641
NC(Cc1ccc(Cl)cc1)C(=O)N1CCN(c2ncnc3ccc(-c4cn[nH]c4)cc23)C1,0.9077
NC(=O)CC(NC(=O)C1(N)CCN(c2ncnc3[nH]ccc23)CC1)c1cc(F)cc(F)c1,0.7656
NC(=O)CC(NC(=O)c1cc(Br)c(-c2ccnc3[nH]ccc23)s1)c1cccc(Cl)c1F,0.6164
CCOc1cc(-c2cn(CCN3CCC3)c(C3CCN(c4cc(N)ncn4)CC3)n2)ccc1F,0.7794
COc1c(F)cc(F)cc1-c1cn(CCN2CCC2)c(C2CCN(c3cc(N)ncn3)CC2)n1,0.6438
O=C(Cc1nc(N2CCCC2)cc(=O)[nH]1)Nc1ccc(F)c(F)c1,0.8302
Cc1nc(N)nc2c1cc(-c1ccc(S(N)(=O)=O)cc1)c(=O)n2C1CCC(OCCO)CC1,0.7391
Cc1nc(-c2ccnc(F)c2)cc(C2CCN(c3ncnc(N)c3C#N)CC2)n1,0.6216
Cn1cc(-c2cn(CCN3CCC3)c(C3CCN(c4ncnc(N)c4F)CC3)n2)cn1,0.6667
NC(=O)c1cccc2c(NC(CN3CCC3)c3ccc(F)cc3)ccnc12,0.75
Cn1nc(-c2ccc(C(=O)NC3CNCCC3c3cccc(F)c3)s2)c2cc(F)ccc21,0.6944
CNC(=O)C(Cc1c[nH]c2ccccc12)NC(=O)c1cc(Br)c(-c2ccnc3[nH]ccc23)s1,0.6104
Cc1ccc(C(=O)NCC2CC2)cc1NC(=O)Cc1nc(N2CCOCC2)cc(=O)[nH]1,0.6197
N#Cc1ccc(-c2ccn3c(-c4ccccc4)c(-c4ccc(C5(N)CCC5)cc4)nc3c2)cc1,0.6842
CCc1c(N)ncnc1N1CCC(c2nc(-c3cc(F)c(C)c(F)c3)cn2CCN2CCC2)C(F)C1,0.7692
NC(=O)c1ccnc(N2CCC(c3nc(-c4cc(F)c(F)c(F)c4)cn3CCN3CCCC3)CC2)c1Cl,0.6104
CN1CCCC(C(NC(=O)c2ccncc2)c2ccc(Cl)c(Cl)c2)C1,0.619
N#Cc1ccc(-c2cn(CCN3CCC3)c(C3CCN(c4ncnc(N)c4Br)CC3F)n2)cc1,0.6707
Cn1cc(-c2ccc3nc(-c4ccccn4)n(-c4ccc(C5(N)CCC5)cc4)c3n2)cn1,0.6333
NC(=O)NCC(NC(=O)c1cc(Br)c(-c2ccnc3[nH]ccc23)s1)c1ccccc1,0.8254
NC1(c2ccc(-c3nc4ncc(Br)nn4c3-c3ccccc3)cc2)CCC1,0.6923
NC(Cc1ccc(F)cc1)C(=O)N1CCN(c2ncnc3c(F)cc(F)cc23)CC1,0.6508
N#Cc1cc(NC(=O)Cc2nc(N3CCCC3)cc(=O)[nH]2)ccc1F,0.6984
CCn1c(-c2nonc2N)nc2c(C#CC(C)(C)O)nc(OC(F)F)cc21,0.7576
Cc1cc(C)c2c(-c3ccc(C(=O)NC4CNCCC4c4cccc(F)c4)cc3)nn(C)c2n1,0.6184
Cc1cc(C)cc(-c2c(C(=O)NC3CNCCC3c3ccc(F)c(F)c3)cnn2C)c1,0.6912
NC(COc1cncc(-c2ccc3[nH]c(=O)oc3c2)c1)Cc1cccc([N+](=O)[O-])c1,0.6216
Cc1nc(S(N)(=O)=O)nn2c(-c3ccccc3)c(-c3ccc(C4(N)CCC4)cc3)nc12,0.6441
O=C(NCC(Cc1ccc(F)c(F)c1)C(=O)N1CCN(c2ncnc3ccccc23)CC1)c1cccc2ccccc12,0.6714
O=C(Cc1nc(N2CCOCC2)cc(=O)n1-c1ccccc1)NCCN1CCc2ccccc2C1,0.6143
O=C(Cc1nc(N2CCOCC2)cc(=O)n1C1CCCC1)Nc1ccc(Cl)c(C2CC2)c1,0.625
Nc1ncnc(N2CCC(c3nc(-c4ccc(F)c(C(F)(F)F)c4)cn3CCN3CCC3)C(F)C2)c1Cl,1
Cc1nnc(-c2ccc(C(=O)NC3CNCCC3c3cc(F)cc(F)c3)cc2F)n1C,0.697
Cn1ncc(Cl)c1-c1noc(C(=O)NC2CNCCC2c2ccc(Cl)cc2)n1,0.7015
CC1SCc2ncnc(N3CCN(C(=O)CC(N)C(=O)NCc4ccc(F)cc4)CC3)c21,0.6
Cc1cc(Br)c2nc(-c3ccc(C(N)=O)cc3)c(-c3ccccc3)n2c1,0.6316
CC(NC(=O)C1(N)CCN(c2ncnc3c2CCC3)CC1)c1ccc(Br)cc1,0.6719
O=C(Cc1nc(N2CCOCC2)cc(=O)n1-c1ccccc1)Nc1cccc(Br)c1,0.6308
Cc1cn(-c2ccc3nc(-c4ccc(C5(N)CCC5)cc4)c(-c4ccccc4)n3n2)ccc1=O,0.6129
NC1(C(=O)NCc2cccs2)CCN(c2ncnc3[nH]ccc23)C1,0.6154
NC1(c2ccc(-c3nc4cnccn4c3-c3ccccc3)cc2)CCC1,0.6792
COc1c(N)ncnc1N1CCC(c2nc(-c3ccc(F)c(C)c3)c(C3CC3)n2C)CC1,0.6104
Cn1ncc(Br)c1-c1cc(C(=O)NC(CN)Cc2ccc(F)c(F)c2)oc1Cl,0.8413
Cn1c(CC(=O)NCc2ccc(F)c(F)c2F)nc(N2CCOCC2)cc1=O,0.6615
O=C(Nc1csc(-c2nncn2C2CC2)n1)c1cnc(N2CC(F)C2)c(-n2cnc(C3CC3)c2)c1,0.7037
Cc1cc(-c2cn(CCN)c(C3CCN(c4ncnc(N)c4C(N)=O)CC3)n2)ccc1F,0.8955
N#Cc1ccc(-c2cc(C(=O)NC3CNCCC3c3ccccc3)oc2Cl)cn1,0.625
CC1SCc2ncnc(N3CCN(C(=O)CCc4ccc(Oc5ccc(Cl)cc5)cc4)CC3)c21,0.6377
NC(=O)c1cc(-c2cncc(OCC(N)Cc3ccccc3Br)c2)ccn1,0.6154
CN1CCC(c2ccc(Cl)cc2)C(NC(=O)C2(N)CCN(c3ncnc4[nH]ccc34)CC2)C1,0.6087
CNC(=O)c1nccn2c(-c3ccccc3)c(-c3ccc(C4(N)CCC4)cc3)nc12,0.6462
Cn1c(CC(=O)Nc2ccc(OCC(F)(F)F)c(F)c2)nc(N2CCOCC2)cc1=O,0.6912
CCCCC(COC(N)=O)NC(=O)c1cc(Br)c(-c2ccnc3[nH]ccc23)s1,0.6053
Cn1c(CC(=O)N2CCc3c(F)cc(F)cc32)nc(N2CCCC2)cc1=O,0.6562
Cn1cc(-c2ccc(C(N)=O)c(F)c2)nc1C1CCN(c2ncnc(N)c2C#N)CC1,0.6154
Cn1c(CC(=O)N2CCc3cc(-c4noc(C5CC5)n4)ccc32)nc(N2CCOCC2)cc1=O,0.6571
Cc1cc(N2CCC(c3nc(-c4ccc(C(F)(F)F)c(F)c4)cn3CCN(C)C)CC2)ncn1,0.6203
Nc1ncnc(N2CCC(c3nc(-c4ccnc(C(F)(F)F)c4)cs3)CC2)c1Cl,0.6301
N#Cc1ccc(F)c(-c2cncc(OCC(N)Cc3c[nH]c4ccccc34)c2)c1,0.6111
NC(COc1cncc(-c2cc3cn[nH]c3cn2)c1)Cc1ccccc1C(F)(F)F,0.7121
Cn1nc(-c2ccc(C(=O)NC3CNCCC3c3ccc(F)cc3)c(Cl)c2)cc1Cl,0.6429
Nc1cc(N2CCC(c3nc(-c4ccc(F)c(C(F)(F)F)c4)cn3CC(=O)NC3CC3)CC2)ncn1,0.6974
Nc1ncnc(N2CCC(c3nc(-c4ccc(F)c(F)c4)cn3CCN3CCCC3)CC2)c1C(=O)NC1CCCC1,0.7125
NC1(C(=O)NCc2cc(F)cc(Br)c2)CCN(c2ncnc3[nH]ccc23)CC1,0.6984
NC(=O)c1c(N)ncnc1N1CCC(c2nc(-c3ccc(F)nc3)cn2CCN2CCC(F)C2)CC1,0.6625
NC(=O)c1c(N)ncnc1N1CCC(c2nc(-c3ccc(F)c(Cl)c3)cn2CCN2CCCCC2)CC1,0.9853
Cc1nc(Cl)c2nc(-c3ccc(C4(N)CCC4)cc3)c(-c3ccccc3)n2n1,0.7885
CN1CC(NC(=O)Cc2nc(N3CCOCC3)cc(=O)n2C)Cc2ccc(F)cc21,0.6027
O=C(NC1CNCCC1c1ccc(F)cc1)c1cc2c(s1)CCCn1nc(C(F)(F)F)nc1-2,0.6076
COc1ccc(-c2cn(CCN3CCCC3)c(C3CCN(c4cc(N)ncn4)CC3)n2)c(OC)c1OC,0.6301
COc1ccc(-c2cc(C(=O)NC3CNCCC3c3ccc(F)c(F)c3)oc2Cl)cn1,0.6667
Cn1nc(-c2ccsc2)cc1-c1ccc(C(=O)NC2CNCCC2c2cccc(F)c2)cc1,0.6104
COc1nc(C(F)(F)F)c2nc(-c3ccc(C4(N)CCC4)cc3)c(-c3ccccc3)n2n1,0.6452
O=C(NC(Cc1ccc(Cl)cc1)C(=O)N1CCN(c2ncnc3ccccc23)CC1)c1c(Cl)cccc1Cl,0.6825
Cc1nn(C)cc1-c1cc(C(=O)NC2CNCCC2c2ccccc2)oc1Cl,0.6812
O=C(Cc1nc(N2CCOCC2)cc(=O)[nH]1)NCCc1ccc(F)cc1,0.6613
Cc1cc(OCc2ccc3nc(-c4ccc(C5(N)CCC5)cc4)c(-c4ccccc4)n3n2)nn1C,0.6825
CC(C)(CNC(=O)c1cc(Br)c(-c2ccnc3[nH]ccc23)s1)C(=O)O,0.6562
CC1(C)C(=O)Nc2ccc(-c3cncc(OCC(N)Cc4cccc(C(F)(F)F)c4)c3)cc21,0.6528
Cc1ccccc1-n1c(CC(=O)N2CCc3c(Cl)cccc32)nc(N2CCOCC2)cc1=O,0.7692
CC(C)NCCn1cc(-c2ccc(C#N)c(F)c2)nc1C1CCN(c2ncnc(N)c2F)CC1,0.7342
CC(C)(N)Cn1cc(-c2ccc(F)c(Cl)c2)nc1C1CCN(c2ncnc(N)c2C(N)=O)CC1,0.7632
N#Cc1cccc(-c2cn(CCN3CCCC3)c(C3CCN(c4cc(N)ncn4)CC3)n2)c1,0.7101
NC(=O)CCNC(=O)c1cc(Br)c(-c2ccnc3[nH]ccc23)s1,0.6667
CNC(=O)c1cc(-c2ccc(C(=O)NC3CNCCC3c3cccc(F)c3)nc2)c(Cl)cn1,0.662
Cn1c(CC(=O)NC(=O)Cc2ccc(F)c(F)c2)nc(N2CCOCC2)cc1=O,0.6562
Cc1cc(-c2cn(CCN3CCC3)c(C3CCN(c4ncnc(N)c4F)CC3F)n2)ccc1F,0.8378
Cc1cc(-c2cn(CCN3CCC3)c(C3(O)CCN(c4ncnc(C)c4C)CC3)n2)cc(F)c1F,0.6364
CC(=O)NCc1ccc(-c2nnc3n2-c2cccnc2Nc2ccccc2-3)cc1,0.6349
NC(COc1cncc(-c2ccc3c(c2)CC(=O)N3)c1)Cc1cc(F)ccc1F,0.6714
Cc1cc(C(=O)NC2CNCCC2c2cc(F)cc(F)c2)ccn1,0.6094
O=C(Cc1cc(Cl)c(Br)c(N2CCOCC2)n1)N1CCc2c(F)cccc21,0.6029
Cc1ncc(-c2cn(CCN3CCC3)c(C3CCN(c4cc(N)ncn4)CC3)n2)cc1F,0.7463
Cn1c(CC(=O)Nc2cc(Cl)ccc2C(N)=O)nc(N2CCOCC2)cc1=O,0.6029
CNC(=O)c1cn2c(-c3ccccc3)c(-c3ccc(C4(N)CCC4)cc3)nc2c(Cl)n1,0.6471
NC(=O)c1ccnc2c(NC(CN3CCC(F)(F)C3)c3ccc(F)c(F)c3)ncnc12,0.6197
CNC(=O)C(Cc1ccc(F)cc1)NC(=O)C1(N)CCN(c2ncnc3[nH]ccc23)CC1,0.697
CNC(=O)NCCn1cc(-c2ccc(F)c(C(F)(F)F)c2)nc1C1CCN(c2ncnc3[nH]nc(C)c23)CC1,0.6591
O=C(Cc1nc(N2CCOCC2)cc(=O)n1-c1ccc(Cl)nc1)N1CCc2c(F)cccc21,0.6901
Cc1cccc2ncnc(N3CCN(C(=O)Cc4ccc(Cl)c(Cl)c4)CC3)c12,0.6
CC(CCC(=O)NCc1ccc(Cl)cc1)C(=O)N1CCN(c2ncnc3[nH]cc(Cl)c23)CC1,0.6769
COC(=O)c1ccc2nc(-c3ccc(C4(N)CCC4)cc3)c(-c3ccccc3)n2n1,1
Cn1cc(C(F)(F)F)nc1C1CCN(c2ncnc(N)c2Br)CC1,0.6508
Cc1n[nH]c2cnc(-c3cncc(OCC(N)Cc4c(F)cc(F)c(F)c4F)c3)cc12,0.8
Cn1ncc(C(=O)NC2CNCCC2c2ccc(F)c(F)c2)c1C#N,0.6429
NC(=O)c1cc(Cl)c2nc(-c3ccccc3)c(-c3ccc(C4(N)CCC4)cc3)nc2c1,0.6129
NC1(CNC(=O)c2cc(F)c(F)cc2F)CCN(c2ncnc3[nH]cc(Cl)c23)CC1,0.7424
Cc1cc(C)c(-c2cncc(OCC(N)Cc3cccc(Cl)c3Cl)c2)c(N)c1,0.6029
O=C(NC1CNCCC1c1cc(F)cc(F)c1)c1ccc(F)cc1F,0.6724
COc1cc(-c2cn(CCN3CCCC3)c(C3CCN(c4ncnc(N)c4Cl)CC3)n2)ccc1F,0.8261
O=C(Cc1nc(N2CCOCC2)cc(=O)[nH]1)Nc1c(F)c(F)c(F)c(F)c1F,0.7547
N#CCc1cc(-c2cn(CCN3CCC3)c(C3CCN(c4ncnc(N)c4C#N)CC3)n2)ccc1F,0.8451
NC(=O)c1c(N)ncnc1N1CCC(c2nc(-c3ccc(F)c(Cl)c3)cn2CC(F)F)CC1,0.7945
NC(=O)c1cccc2c(NC(CN3CCCC(F)C3)c3ccc(F)cc3)ncnc12,0.8065
Cc1ccccc1-n1c(CC(=O)Nc2ccc(F)c(Br)c2)nc(N2CCCC2)cc1=O,0.6143
NC(Cc1cc(F)c(F)c(F)c1F)C(=O)N1CCN(c2ncnc3ccc(Cl)cc23)CC1,0.6615
NC1(c2ccc(-c3nc4ccc(Br)cn4c3-c3cccn(-c4ccc(F)cc4)c3=O)cc2)CCC1,0.6
Nc1ncnc(N2CCC(c3nc(-c4ccc(F)c(Cl)c4)cn3CCN3CCC3)C(O)C2)c1F,0.6543
O=C(NC1CNCCC1c1cccc(F)c1)c1ccc(-c2cncc(F)c2)cn1,0.697
NC(COc1cncc(-c2cnc3c(c2)CC(=O)N3)c1)Cc1c(F)ccc(F)c1F,0.6377
O=C(NC(c1ccc(Cl)c(Cl)c1)C1CCNCC1)c1ccc(F)c(Br)c1,0.6613
CC(C)c1ccc2ncnc(N3CCN(C(=O)C(N)Cc4ccc(Cl)cc4)CC3)c2n1,0.6719
Cc1nc(CC(=O)N2CCc3c(Cl)cccc32)nc(N2CCOC(C)C2)c1Cl,0.6301
CCc1c(N)ncnc1N1CCC(c2nc(-c3ccnc(C(F)(F)F)c3)cn2CC)CC1,0.8382
CC1CCN1c1cnc(C(=O)Nc2csc(-c3nncn3C(C)CO)n2)cc1-n1cnc(C2CC2)c1,0.6489
NC(=O)c1cc(F)c2c(c1)-c1nc(-c3ccc(C4(N)CC(F)(F)C4)cc3)c(-c3ccccc3)n1CO2,0.6575
CNC(COc1cncc(-c2cc3c(C)n[nH]c3cn2)c1)c1ccc(F)c(F)c1,0.6176
COc1cc(N2CCC(c3nc(-c4ccc(Cl)c(C#N)c4)cn3CCN3CCC3)CC2)ncn1,0.6071
CNC(=O)c1n[nH]c2cnc(-c3cncc(OCC(N)Cc4c[nH]c5ccccc45)c3)cc12,0.7681
CN(C)c1ccc(NC(=O)Cc2nc(N3CCOCC3)cc(=O)n2C)cc1,0.6935
CC(Oc1c(N)ncnc1N1CCC(c2nc(-c3ccc(C(F)F)c(Cl)c3)cn2CCN2CCC2)CC1)C(F)(F)F,0.7143
COc1ccc(F)cc1CCNC(=O)Cc1nc(N2CCOCC2)cc(=O)[nH]1,0.6232
NC(Cc1cc(F)cc(F)c1)C(=O)N1CCN(c2ncnc3ccc(F)cc23)CC1,0.6885
Cc1cccc2c(N3CCN(C(=O)C(CNC(C)C)Cc4ccc(Cl)c(F)c4)CC3)ncnc12,0.65
CC(C)NC(=O)c1cccn2c(-c3ccccc3)c(-c3ccc(C4(N)CCC4)cc3)nc12,0.7966
Cn1ncc(Cl)c1-c1oc(C(=O)NC2CNCCC2c2ccc(F)cc2)cc1Br,0.8769
NC(Cc1cc(F)cc(F)c1)C(=O)N1CCN(c2ncnc3cc(F)c(F)cc23)CC1,0.6557
NC(Cc1ccc(F)cc1)C(=O)N1CCN(c2ncnc3ccc(C(F)(F)F)nc23)CC1,0.6154
NC(=O)c1cc2nc(-c3ccccc3)c(-c3ccc(C4(N)CCC4)cc3)nn2c1,0.6271
N#Cc1cc(Cl)cc(N2CCC(c3nc(-c4ccc(F)c(F)c4)cn3CCN3CCCC3)CC2)c1Cl,0.6351
COc1c(N)ncnc1N1CCC(c2nc(-c3ccc(F)c(C#N)c3)cn2CCN2CCCC2)CC1,0.7564
COc1c(N)ncnc1N1CCC(c2nc(-c3cc(F)c(Cl)c(F)c3)cn2CCNCC2CC2)CC1,0.6118
O=C(Cc1nc(N2CCOC(CF)C2)cc(-c2ccncn2)c1F)N1CCc2c(F)cccc21,0.6296
NC1(C(=O)NC(Cc2ccc(F)cc2)C(=O)C2CC2)CCN(c2ncnc3[nH]ccc23)CC1,0.6618
CC(NC(=O)C1(N)CCN(c2ncnc3[nH]ccc23)CC1)c1cc(F)cc(F)c1,0.8448
Cn1cc(-c2cc(F)cc(F)c2)nc1C1CCN(c2ncnc(N)c2C#N)CC1,0.625
Cc1cc(N2CCC(c3nc(-c4ccc(F)c(C#N)c4)cn3CCN3CCC3)CC2)ncn1,0.6438
Cc1c(F)cccc1-c1cn(CCNC(C)C)c(C2CCN(c3ncnc(N)c3C)CC2)n1,0.6098
O=C(Cc1nc(N2CCOCC2)cc(=O)n1C1CCCCC1)N1CCc2c1ccc(F)c2F,0.7313
Cc1ccc(-c2cn(CCN3CCC3)c(C3CCN(c4ncnc(N)c4F)CC3)n2)cc1,0.7143
Cn1ncc(Cl)c1-c1cc(C(=O)NC2CCC2)oc1Cl,0.6094
O=C(NC(CS)Cc1c[nH]cn1)c1cc(Br)c(-c2ccnc3[nH]ccc23)s1,0.6338
CC(NC(=O)C1(N)CCN(c2ncnc3[nH]ccc23)CC1)c1ccccc1Br,0.7419
CNCCn1cc(-c2cn(C)nc2Cl)nc1C1CCN(c2ncnc(N)c2C#N)CC1,0.6538
Nc1ncnc(N2CCC(c3nc(-c4cc(Cl)cc(C=O)c4F)cn3CCN3CCC3)CC2)c1Br,0.6582
O=C(Cc1nc(N2CCOCC2)cc(=O)[nH]1)NC1CCCN(c2ncc(F)cn2)C1,0.6087
O=C(Cc1nc(N2CCOCC2)cc(=O)n1-c1ccc(F)c(Br)c1)Nc1cccnc1,0.625
O=C(NC(c1ccc(Cl)c(Cl)c1)C1CCNC1)c1ccc(Cl)c(F)c1,0.6833
CN(C)CCn1cc(-c2cc(F)c(F)c(F)c2)nc1C1CCN(c2ncnc(N)c2Cl)CC1,0.6528
O=C(NC(c1cccc(Cl)c1)C1CCNC1)c1cccc(Cl)c1,0.6271
COc1nc(C)nn2c(-c3ccc(F)cc3)c(-c3ccc(C4(N)CCC4)cc3)nc12,0.65
Cn1nc(-c2cc(F)c(C(=O)NC3CNCCC3c3ccc(F)cc3)cc2F)o1,0.7344
NC(Cc1ccc(Cl)c(F)c1)C(=O)N1CCN(c2ncnc3cccc(Cl)c23)CC1,0.6615
Cn1c(CC(=O)NCc2ncc(Br)cc2F)nc(N2CCOCC2)cc1=O,0.6567
NC(=O)c1ncc(-c2cn(CCN3CCCC3)c(C3CCN(c4cc(N)ncn4)CC3)n2)cc1F,0.7286
Cc1n[nH]c2cnc(-c3cncc(OCC(N)Cc4ccc(F)nc4)c3)cc12,0.7903
Cc1nc(-c2nc(NC(=O)c3cc(-n4cnc(C5CC5)c4)c(N4CCC(F)(F)CC4)cn3)cs2)n(C)n1,0.6588
Cc1ncccc1-c1cccc2c1CCN2C(=O)Cc1nc(N2CCOCC2)cc(=O)n1-c1ccccc1,0.6761
Cn1c(CC(=O)NCC(=O)Nc2ccc(F)c(F)c2F)nc(N2CCOCC2)cc1=O,0.6567
CCN1CCOC(NC(=O)c2cccn3c(-c4ccccc4)c(-c4ccc(C5(N)CCC5)cc4)nc23)C1,0.6133
Nc1cc(N2CCC(c3nc(-c4ccc(C(F)(F)F)c(F)c4)cn3CCNCC3CC3)CC2)ncn1,0.6623
Cn1nc(-c2ccc(C(=O)NC3CNCCC3c3cccc(F)c3)s2)cc1C1CCOCC1,0.6892
Cn1cc(-c2ccc(C(N)=O)c(F)c2)nc1C1CCN(c2ncnc(N)c2Cl)CC1,0.6
CCc1c(N)ncnc1N1CCC(c2nc(-c3ccc(F)c(C#N)c3)cn2CCNC2CCCC2)CC1,0.7317
NC(=O)C1(Cc2ccc(Cl)cc2)CCN(c2ncnc3[nH]ccc23)CC1,0.678
O=C(Cc1nc(N2CCCC2)cc(=O)[nH]1)N1CCc2cc(F)cc(F)c21,0.629
CCn1cc(-c2cnc(F)c(C)c2)nc1C1CCN(c2ncnc(N)c2C#N)CC1,0.6711
Cc1nc2ccc(-c3cncc(OCC(N)Cc4ccc(OC(F)(F)F)cc4)c3)cc2c(=O)[nH]1,0.6714
Cc1n[nH]c2cnc(-c3cncc(OCC(N)Cc4cnn(C)c4C)c3)cc12,0.7031
O=C(NC(c1ccc(Cl)c(Cl)c1)C1CCNC1)c1ccnc(F)n1,0.6061
O=C(Cc1cnc(F)cc1F)NC(c1ccc(Cl)c(Cl)c1)C1CCNCC1,0.6212
CC(=O)CC(NC(=O)c1cc(Br)c(-c2ccnc3[nH]ccc23)s1)c1ccccc1,0.8226
NC1(c2ccc(-c3nc4ccc(C(=O)NCc5ccccc5Cl)cn4c3-c3ccccc3)cc2)CCC1,0.6984
O=C(Cc1nc(N2CCOCC2)cc(=O)n1-c1ccccc1)Nc1ccc(Br)c(Br)c1,0.6269
Cn1c(=O)cc(N2CCOCC2)nc(CC(=O)Nc2ccc(F)c(C#N)c2)c1=O,0.6324
N#Cc1ccc2ncnc(N3CCN(C(=O)C(N)Cc4ccc(F)c(F)c4)CC3)c2c1,0.746
NC(Cc1ccc(F)c(F)c1)C(=O)N1CCN(c2ncnc3ccc(C(F)(F)F)cc23)CC1,0.7705
COc1cc2ncnc(N3CCN(C(=O)C(N)Cc4ccc(Cl)cc4)CC3)c2cc1OC,0.7419
CNCCn1cc(-c2ccnc(C(F)(F)F)c2)nc1C1CCN(c2nc(C)cc(C)n2)CC1,0.6849
Cc1ccc(C(=O)NC(Cc2ccc(Cl)cc2)C(=O)N2CCN(c3ncnc4ccccc34)CC2)cc1,0.6719
Cn1c(CC(=O)Nc2ccc(F)c(C3CC3)c2)nc(N2CCCC2)c1Cl,0.6087
O=C(Cc1nc(N2CCOCC2)cc(=O)n1-c1ccccc1)Nc1cc(Cl)c(F)c(Cl)c1,0.6061
CCS(=O)(=O)c1ccc(CC(NC(=O)C2(N)CCN(c3ncnc4[nH]ccc34)CC2)c2ccc(Cl)cc2)cc1,0.8
COc1ccc(-c2cn(CCN3CCC3)c(C3CCN(c4ncnc(N)c4F)CC3)n2)cc1F,0.8219
Nc1ncnc(N2CCC(c3nc(-c4ccc(F)c(C(F)(F)F)c4)cn3CC3CCCNCC3)CC2)c1C(F)(F)F,0.7
O=C(NC1CNCCC1c1cc(F)cc(F)c1)c1cc2c(s1)CCCC2,0.6087
Cn1cc(-c2cccc(F)c2)nc1C1CCN(c2ncnc(N)c2Cl)CC1,0.7424
NC1(C(=O)NC(=O)c2cc(F)ccc2F)CCN(c2ncnc3[nH]ccc23)CC1,0.6212
NC1(c2ccc(-c3nc4n(c3-c3ccsc3)COc3c-4ccc(F)c3F)cc2)CCC1,0.6875
O=C(NC(c1cccc(Cl)c1)C1CCNCC1)c1cnc(F)c(F)c1,0.625
NC(COc1cncc(-c2ccc(F)c(NC(=O)C(F)(F)F)c2)c1)Cc1c[nH]c2ccccc12,0.6267
NC1(C(=O)NCc2cccc(F)c2)CCN(c2ncnc3[nH]ccc23)C1,0.6462
N=C(N)NC(=O)Cc1nc(N2CCOCC2)cc(=O)n1-c1ccccc1,0.6
Cn1nc(-c2ccc(C(=O)NC3CNCCC3c3cccc(F)c3)cc2)nc1C1(F)CC1,0.6351
CC(NC(=O)C1(N)CCN(c2ncnc3[nH]ccc23)CC1)c1c(F)cccc1F,0.7541
Cn1nc(-c2ccc(F)cc2F)cc1C(=O)NC1CNCCC1c1ccc(F)c(F)c1,0.6056
CC(F)(F)CC(NC(=O)C1(N)CCN(c2ncnc3[nH]ccc23)CC1)C(N)=O,0.6471
O=C(NC(c1ccc(Cl)cc1)C1CCNCC1)c1ccc(Cl)c(Cl)c1,0.6491
NC(=O)c1cc2cc(-c3cnc(Cl)c(NS(=O)(=O)c4ccc(F)cc4)c3)ccc2s1,0.6406
NC(=O)c1ccc2c(c1)-c1nc(-c3ccc(C4(N)CC(O)(C5CC5)C4)cc3)c(-c3ccccc3)n1CO2,0.8088
COC(=O)N1CCN(c2ncnc3[nH]cc(Br)c23)CC1,0.6071
COc1cccc2c1CCN2C(=O)Cc1nc(N2CCCC2)cc(=O)n1C,0.6912
Cn1c(=N)[nH]c2ccc(-c3cncc(OCC(N)Cc4ccccc4Br)c3)cc21,0.6471
CN(C)CCn1cc(-c2ccnc(C(F)F)c2)nc1C1CCN(c2ncnc(N)c2Cl)CC1,0.6974
CC(NC(=O)C1(N)CCN(c2ncnc3[nH]cc(Cl)c23)CC1)c1ccc(Br)cc1,0.8644
Cc1cc(F)c(-c2cn(CCN3CCC3)c(C3CCN(c4cc(N)ncn4)CC3)n2)cc1F,0.6812
CC(NC(=O)C1(N)CCN(c2ncnc3[nH]ccc23)CC1)c1cc(F)c(F)c(F)c1,0.8
NC1(C(=O)NC(C(=O)O)c2ccc(Br)cc2)CCN(c2ncnc3[nH]ccc23)CC1,0.7833
Cc1ccc(-n2c(CC(=O)Nc3ccc(F)c(F)c3)nc(N3CCOCC3)cc2=O)cc1,0.6324
NC(COc1cncc(-c2ccnc(C(F)(F)F)c2)c1)Cc1c[nH]c2ccccc12,0.7059
NC1(c2ccc(-c3nc4c(C(=O)O)cccn4c3-c3ccccc3)cc2)CCC1,0.8627
NC1(c2ccc(-c3nc4c(C(=O)NC5COC5)cccn4c3-c3ccccc3)cc2)CCC1,0.7097
Cc1cc(NC(=O)Cc2nc(N3CCOCC3)cc(=O)[nH]2)c(=O)n(Cc2c(F)cccc2Cl)c1,0.6351
Cn1c(CC(=O)Nc2ccc3c(c2)OCC3)nc(N2CCOCC2)cc1=O,0.6769
Cc1n[nH]c2cnc(-c3cncc(OCC(N)Cc4ccc(C(F)F)nc4)c3)cc12,0.746
Cn1c(CC(=O)NC(=O)c2ccc(Cl)cc2F)nc(N2CCOCC2)cc1=O,0.6176
NC(COc1cncc(-c2cc(=O)n3c(n2)CCC3)c1)Cc1c[nH]c2ccccc12,0.6
Nc1cc(N2CCC(c3nc(-c4ccc(F)c(C(F)(F)F)c4)cn3CCN3CCNC3=O)CC2)ncn1,0.7568
COc1nccc(F)c1CC(N)COc1cncc(-c2ccc3[nH]nc(N)c3c2)c1,0.6716
O=C(Nc1ccc(Cl)cc1)N1CCN(c2ncnc3ccccc23)CC1,0.6034
Nc1ncnc(N2CCC(c3nc(-c4ccc(Cl)c(Cl)c4)cn3CCN3CCCC3)CC2)c1C(F)(F)F,0.7067
NC(COc1cncc(-c2ccc3[nH]cnc(=O)c3c2)c1)Cc1ccc(Br)c(F)c1,0.7164
CC(C)NCCn1cc(-c2ccc(C(N)=O)c(F)c2)nc1C1CCN(c2cc(N)ncn2)CC1,0.6429
CC1(O)CC(N)(c2ccc(-c3nc4n(c3-c3ccsc3)COc3cc(C(=O)NCCO)ncc3-4)cc2)C1,0.6667
NC1(C(=O)NCc2c(F)cc(F)cc2F)CCN(c2ncnc3[nH]ccc23)CC1,0.6885
O=C(NC(Cc1ccccc1)C(=O)O)c1cc(Br)c(-c2ccnc3[nH]ccc23)s1,0.7903
N#Cc1ccc(-c2cnc3cc(-c4ccccc4)c(-c4ccc(C5(N)CCC5)cc4)nn23)cc1,0.8772
COc1cc(C(CCN2CCCCC2)Nc2ncnc3c(C(N)=O)cccc23)ccc1F,0.6667
NC(=O)CC(NC(=O)C1(N)CCN(c2ncnc3[nH]ccc23)CC1)c1ccc(F)cc1F,0.6812
Cn1ncc(Cl)c1-c1cc(C(=O)NCCCc2cccc(F)c2)sc1Cl,0.6765
NC1(c2ccc(-c3nc4c5c(ccn4c3-c3ccccc3)CC(c3ccccc3)O5)cc2)CCC1,0.6102
Cn1ncc(Br)c1-c1nc2cc(C(=O)NC3CNCCC3c3cccc(F)c3)ccc2o1,0.6456
NC1(c2ccc(-c3nc4n(c3-c3ccccc3)COc3cc(Cl)ncc3-4)cc2)CC1,0.6667
O=C(Cc1nc(N2CCOCC2)cc(=O)n1-c1ccccc1)N1CCc2ccc(F)c(F)c2C1,0.6286
NC(=O)c1cccc2c(NC(CN3CCC3)c3ccc(F)cc3)nc(C(F)(F)F)nc12,0.7302
CC1SCc2ncnc(N3CCN(C(=O)C(N)Cc4cc(=O)n(C)o4)CC3)c21,0.6522
CCn1c(-c2nonc2N)nc2c(C#CC(C)(C)O)nc(OC)nc21,0.6094
CN(C)CCn1cc(-c2ccc(C#N)c(F)c2)nc1C1CCN(c2ncnc(N)c2Cl)CC1,0.7051
O=C(NC1CNCCC1c1cc(F)cc(F)c1)c1ccc(Br)cc1F,0.6393
O=C(Cc1nc(N2CCOCC2)cc(=O)[nH]1)Nc1cc(S(=O)(=O)N2CCCCCC2)ccc1Cl,0.6176
Cn1c(CC(=O)Nc2ccc(Cl)c([N+](=O)[O-])c2)nc(N2CCOCC2)cc1=O,0.6471
CCCCNC(=O)C(C)NC(=O)c1cc(Br)c(-c2ccnc3[nH]ccc23)s1,0.6
O=C(Cc1nc(N2CCOCC2)cc(=O)[nH]1)NCc1cccs1,0.6393
NC1(CNC(=O)c2ccc(F)cc2Br)CCN(c2ncnc3[nH]nc(Cl)c23)C1,0.6486
CNCC(Cc1ccc(Cl)c(F)c1)C(=O)N1CCN(c2ncnc3ccccc23)CC1,0.6471
Cn1cc(N2CCCC2)nc1CC(=O)Nc1ccc(F)c(C2CC2)c1,0.6515
