input_smiles,canonical_smiles,predicted_pIC50,hybrid_active_probability,hybrid_active_call,nearest_training_tanimoto,high_confidence
Cn1ncc(C(=O)NC2CNCCC2c2ccc(F)c(F)c2)c1-c1ccc(F)nc1F,Cn1ncc(C(=O)NC2CNCCC2c2ccc(F)c(F)c2)c1-c1ccc(F)nc1F,7.423630096,0.600022578,Active,0.666666667,TRUE
CNC(=O)c1cnn(C)c1-c1ccc(C(=O)NC2CNCCC2c2ccc(F)c(F)c2)cc1,CNC(=O)c1cnn(C)c1-c1ccc(C(=O)NC2CNCCC2c2ccc(F)c(F)c2)cc1,7.20459186,0.600237602,Active,0.787878788,TRUE
NC(=O)c1cnn2c(-c3ccccc3)c(-c3ccc(C4(N)CCC4)cc3)nc2c1,NC(=O)c1cnn2c(-c3ccccc3)c(-c3ccc(C4(N)CCC4)cc3)nc2c1,7.233700826,0.600266272,Active,0.732142857,TRUE
Cn1nnc(-c2ccc(C(=O)NC3CNCCC3c3cccc(F)c3)cc2Cl)n1,Cn1nnc(-c2ccc(C(=O)NC3CNCCC3c3cccc(F)c3)cc2Cl)n1,7.09894624,0.600280249,Active,0.621621622,TRUE
Cn1nccc1-c1ccc(C(=O)NC2CNCCC2c2ccc3ncccc3c2)c(Cl)c1,Cn1nccc1-c1ccc(C(=O)NC2CNCCC2c2ccc3ncccc3c2)c(Cl)c1,7.104769116,0.600288832,Active,0.732394366,TRUE
Nc1cccc2ncnc(N3CCN(C(=O)C(N)Cc4ccc(Br)cc4)CC3)c12,Nc1cccc2ncnc(N3CCN(C(=O)C(N)Cc4ccc(Br)cc4)CC3)c12,7.216430215,0.60039472,Active,0.74137931,TRUE
Cc1nc(N)nc2c1cc(-c1ccc(OC(F)(F)F)cc1)c(=O)n2C1CCC(OCCO)CC1,Cc1nc(N)nc2c1cc(-c1ccc(OC(F)(F)F)cc1)c(=O)n2C1CCC(OCCO)CC1,7.179219403,0.600693786,Active,0.718309859,TRUE
Cn1ncc(Cl)c1-c1ncc(C(=O)NC2CNCCC2c2cccc(F)c2)o1,Cn1ncc(Cl)c1-c1ncc(C(=O)NC2CNCCC2c2cccc(F)c2)o1,7.223591892,0.600983465,Active,0.732394366,TRUE
CC1Cc2c(ccc(F)c2F)N1C(=O)Cc1nc(N2CCOCC2)c(F)c(OCC(F)F)c1F,CC1Cc2c(ccc(F)c2F)N1C(=O)Cc1nc(N2CCOCC2)c(F)c(OCC(F)F)c1F,7.113689059,0.601031148,Active,0.621621622,TRUE
NC(COc1cncc(-c2ccc3[nH]nc(F)c3c2)c1)Cc1ccccc1,NC(COc1cncc(-c2ccc3[nH]nc(F)c3c2)c1)Cc1ccccc1,7.050121592,0.601142877,Active,0.803571429,TRUE
Cc1cc(-c2cn(CCNCC(C)C)c(C3CCN(C(=O)c4cscn4)CC3)n2)ccc1F,Cc1cc(-c2cn(CCNCC(C)C)c(C3CCN(C(=O)c4cscn4)CC3)n2)ccc1F,7.317770693,0.601181889,Active,0.627906977,TRUE
NC1(c2ccc(-c3nc4ccc(O)c(Br)n4c3-c3ccccc3)cc2)CCC1,NC1(c2ccc(-c3nc4ccc(O)c(Br)n4c3-c3ccccc3)cc2)CCC1,7.00842721,0.60121938,Active,0.648148148,TRUE
COc1ncc(-c2cc3c(C)nc(N)nc3n(C3CCCC3)c2=O)cc1N,COc1ncc(-c2cc3c(C)nc(N)nc3n(C3CCCC3)c2=O)cc1N,7.299741104,0.601462209,Active,0.652173913,TRUE
Cn1ncc(C(=O)NC2CNCCC2c2ccc(F)c(F)c2)c1-c1cccs1,Cn1ncc(C(=O)NC2CNCCC2c2ccc(F)c(F)c2)c1-c1cccs1,7.43520624,0.601514035,Active,0.643835616,TRUE
Cn1ncc(Br)c1-c1oc(C(=O)NC2CNCCC2c2ccc(F)cc2)nc1Cl,Cn1ncc(Br)c1-c1oc(C(=O)NC2CNCCC2c2ccc(F)cc2)nc1Cl,7.326595241,0.60197022,Active,0.666666667,TRUE
Cn1ncc(Br)c1-c1cc(C(=O)NC2CNCCC2c2cccc(F)c2)no1,Cn1ncc(Br)c1-c1cc(C(=O)NC2CNCCC2c2cccc(F)c2)no1,7.287853959,0.60202595,Active,0.757142857,TRUE
CCC1Cc2ccccc2N1C(=O)Cc1nc(N2CCOCC2)cc(=O)n1C,CCC1Cc2ccccc2N1C(=O)Cc1nc(N2CCOCC2)cc(=O)n1C,7.033751475,0.602620238,Active,0.833333333,TRUE
NC(Cc1ccc(Cl)cc1)C(=O)N1CCN(c2ncnc3ccccc23)CC1(F)F,NC(Cc1ccc(Cl)cc1)C(=O)N1CCN(c2ncnc3ccccc23)CC1(F)F,7.011157005,0.60271045,Active,0.721311475,TRUE
O=C(NC1CNCCC1c1ccc(F)cc1)c1ccc2c(c1)OCCn1nc(C(F)(F)F)nc1-2,O=C(NC1CNCCC1c1ccc(F)cc1)c1ccc2c(c1)OCCn1nc(C(F)(F)F)nc1-2,7.966727291,0.602835292,Active,0.618421053,TRUE
Cn1ncc(Cl)c1-c1cc(F)c(C(=O)NC2CNCCC2c2ncc(F)cc2F)c(F)c1,Cn1ncc(Cl)c1-c1cc(F)c(C(=O)NC2CNCCC2c2ncc(F)cc2F)c(F)c1,7.113306947,0.60336321,Active,0.731343284,TRUE
Nc1[nH]nc2ccc(-c3cncc(OCC(N)Cc4c(F)cccc4F)c3)nc12,Nc1[nH]nc2ccc(-c3cncc(OCC(N)Cc4c(F)cccc4F)c3)nc12,7.130820346,0.603510195,Active,0.621212121,TRUE
Cn1ccc(C2CCNCC2NC(=O)c2cc(F)c(-c3c(Cl)cnn3C)cc2F)n1,Cn1ccc(C2CCNCC2NC(=O)c2cc(F)c(-c3c(Cl)cnn3C)cc2F)n1,7.110700102,0.603536689,Active,0.742857143,TRUE
O=C(Cc1nc(N2CCOCC2)cc(=O)n1-c1ccccc1)N1CCc2ccc(F)c(F)c2C1,O=C(Cc1nc(N2CCOCC2)cc(=O)n1-c1ccccc1)N1CCc2ccc(F)c(F)c2C1,7.057671971,0.603613847,Active,0.628571429,TRUE
O=C(NC1CNCCC1c1ccc(F)c(F)c1)c1cc(Cl)c2cnn(C(F)F)c2c1,O=C(NC1CNCCC1c1ccc(F)c(F)c1)c1cc(Cl)c2cnn(C(F)F)c2c1,7.051716923,0.603818768,Active,0.602739726,TRUE
Nc1n[nH]c2ccc(-c3cncc(OCC(N)Cc4c(F)cccc4F)c3)cc2c1=O,Nc1n[nH]c2ccc(-c3cncc(OCC(N)Cc4c(F)cccc4F)c3)cc2c1=O,7.000800321,0.603961462,Active,0.774193548,TRUE
Cn1cc(-c2csc(C(=O)NC3CNCCC3c3cccc(F)c3)c2)nc1C(F)(F)F,Cn1cc(-c2csc(C(=O)NC3CNCCC3c3cccc(F)c3)c2)nc1C(F)(F)F,7.085613606,0.604460591,Active,0.68,TRUE
Cc1nc(C2CCNCC2NC(=O)c2ccc(-c3c(Cl)cnn3C)o2)no1,Cc1nc(C2CCNCC2NC(=O)c2ccc(-c3c(Cl)cnn3C)o2)no1,7.040510293,0.604535931,Active,0.720588235,TRUE
Cn1ncc(-c2ccc(C(=O)NC3CNCCC3c3cccc(F)c3)s2)n1,Cn1ncc(-c2ccc(C(=O)NC3CNCCC3c3cccc(F)c3)s2)n1,7.322209697,0.604598039,Active,0.739130435,TRUE
COCCC1(C(=O)NC(C)c2ccc(F)cc2)CCN(c2ncnc3[nH]ccc23)CC1,COCCC1(C(=O)NC(C)c2ccc(F)cc2)CCN(c2ncnc3[nH]ccc23)CC1,7.485601471,0.604720855,Active,0.727272727,TRUE
Cn1ncc(Br)c1-c1nc(C(=O)NC2CNCCC2c2cccc(F)c2)no1,Cn1ncc(Br)c1-c1nc(C(=O)NC2CNCCC2c2cccc(F)c2)no1,7.255115628,0.604783618,Active,0.702702703,TRUE
Cc1c(N)ncnc1N1CCC(c2nc(-c3ccc(F)nc3)cn2CCN2CCCC2)CC1,Cc1c(N)ncnc1N1CCC(c2nc(-c3ccc(F)nc3)cn2CCN2CCCC2)CC1,7.268831287,0.604804003,Active,0.736111111,TRUE
NC(=O)c1c(N)ncnc1N1CCC(c2nc(-c3ccc(F)c(Cl)c3)cn2CC(F)F)CC1,NC(=O)c1c(N)ncnc1N1CCC(c2nc(-c3ccc(F)c(Cl)c3)cn2CC(F)F)CC1,7.278133063,0.604972088,Active,0.794520548,TRUE
CCOc1cccc(C(CN2CCC2)Nc2ncnc3c(C(N)=O)cccc23)c1,CCOc1cccc(C(CN2CCC2)Nc2ncnc3c(C(N)=O)cccc23)c1,7.249474308,0.604980195,Active,0.761904762,TRUE
Nc1ncnc(N2CCC(c3nc(CCC(F)(F)F)cn3CCN3CCCC3)CC2)c1F,Nc1ncnc(N2CCC(c3nc(CCC(F)(F)F)cn3CCN3CCCC3)CC2)c1F,7.001168706,0.605082387,Active,0.638888889,TRUE
NC(=O)NCCn1cc(-c2ccc(F)c(C(F)(F)F)c2)nc1C1CCN(c2cc(N)ncn2)CC1,NC(=O)NCCn1cc(-c2ccc(F)c(C(F)(F)F)c2)nc1C1CCN(c2cc(N)ncn2)CC1,7.699982067,0.605534607,Active,0.743243243,TRUE
CCCNC(=O)Cn1cc(-c2ccc(F)c(F)c2)nc1C1CCN(c2cc(N)ncn2)CC1,CCCNC(=O)Cn1cc(-c2ccc(F)c(F)c2)nc1C1CCN(c2cc(N)ncn2)CC1,7.292055454,0.605728471,Active,0.648648649,TRUE
Cn1nccc1-c1cc(C2CCNCC2NC(=O)c2ccc(F)cc2F)ccc1F,Cn1nccc1-c1cc(C2CCNCC2NC(=O)c2ccc(F)cc2F)ccc1F,7.486887662,0.605776244,Active,0.78125,TRUE
Nc1ncccc1-c1nc2ccc(N3CCOCC3)nc2n1-c1ccc(C2(N)CCC2)cc1,Nc1ncccc1-c1nc2ccc(N3CCOCC3)nc2n1-c1ccc(C2(N)CCC2)cc1,7.42313246,0.605960333,Active,0.666666667,TRUE
CCc1c(N)ncnc1N1CCC(c2nc(-c3ccc(C)c(C)c3)cn2CCN2CCC2)CC1,CCc1c(N)ncnc1N1CCC(c2nc(-c3ccc(C)c(C)c3)cn2CCN2CCC2)CC1,7.215145283,0.606223398,Active,0.838235294,TRUE
CC(C)Oc1cccc2c1CCN2C(=O)Cc1nc(N2CCOCC2)cc(=O)n1C,CC(C)Oc1cccc2c1CCN2C(=O)Cc1nc(N2CCOCC2)cc(=O)n1C,7.006158141,0.606480265,Active,0.861538462,TRUE
Cn1ncc(-c2cc(C(=O)NC3CNCCC3c3ccc(F)c(F)c3)c(F)cc2Cl)n1,Cn1ncc(-c2cc(C(=O)NC3CNCCC3c3ccc(F)c(F)c3)c(F)cc2Cl)n1,7.227262259,0.606528783,Active,0.680555556,TRUE
O=C(Nc1nc2ccc(-c3cnc(Cl)c(NS(=O)(=O)c4ccccc4)c3)cc2s1)c1c(F)cccc1F,O=C(Nc1nc2ccc(-c3cnc(Cl)c(NS(=O)(=O)c4ccccc4)c3)cc2s1)c1c(F)cccc1F,7.476617396,0.606615597,Active,0.757575758,TRUE
NC(=O)CCn1cc(-c2ccc(F)nc2)nc1C1CCN(c2ncnc(N)c2Cl)CC1,NC(=O)CCn1cc(-c2ccc(F)nc2)nc1C1CCN(c2ncnc(N)c2Cl)CC1,7.268172859,0.606616908,Active,0.638888889,TRUE
Cc1c(-c2ccc(F)c(F)c2)nc(C2CCN(c3ncnc(N)c3Br)CC2)n1C,Cc1c(-c2ccc(F)c(F)c2)nc(C2CCN(c3ncnc(N)c3Br)CC2)n1C,7.039962511,0.606638187,Active,0.605633803,TRUE
NC1(C(=O)NC(=O)NCc2c(F)cc(F)cc2F)CCN(c2ncnc3[nH]ccc23)CC1,NC1(C(=O)NC(=O)NCc2c(F)cc(F)cc2F)CCN(c2ncnc3[nH]ccc23)CC1,7.167392243,0.606780553,Active,0.606060606,TRUE
NC1(C(=O)NCc2ncccc2F)CCN(c2ncnc3[nH]ccc23)CC1,NC1(C(=O)NCc2ncccc2F)CCN(c2ncnc3[nH]ccc23)CC1,7.093435573,0.606953198,Active,0.666666667,TRUE
NC(=O)C(NC(=O)C1(N)CCN(c2ncnc3[nH]ccc23)CC1)c1ccccc1F,NC(=O)C(NC(=O)C1(N)CCN(c2ncnc3[nH]ccc23)CC1)c1ccccc1F,7.24918477,0.607263738,Active,0.692307692,TRUE
O=C(NC(Cc1ccc(Cl)cc1)C(=O)N1CCN(c2ncnc3ccccc23)CC1)c1ccc(Cl)s1,O=C(NC(Cc1ccc(Cl)cc1)C(=O)N1CCN(c2ncnc3ccccc23)CC1)c1ccc(Cl)s1,7.070304141,0.607375705,Active,0.676923077,TRUE
Cn1ncc(-c2[nH]ncc2Br)c1-c1ccc(C(=O)NC2CNCCC2c2cccc(F)c2)cn1,Cn1ncc(-c2[nH]ncc2Br)c1-c1ccc(C(=O)NC2CNCCC2c2cccc(F)c2)cn1,7.252709957,0.607512081,Active,0.65,TRUE
CNC(=O)c1[nH]nc2cnc(-c3cncc(OCC(N)Cc4ccccc4)c3)cc12,CNC(=O)c1[nH]nc2cnc(-c3cncc(OCC(N)Cc4ccccc4)c3)cc12,7.265099631,0.60763728,Active,0.641791045,TRUE
NC1(C(=O)c2cc(F)cc(F)c2)CCN(c2ncnc3[nH]ccc23)CC1,NC1(C(=O)c2cc(F)cc(F)c2)CCN(c2ncnc3[nH]ccc23)CC1,7.099249652,0.607647711,Active,0.62295082,TRUE
Cn1ncc(Br)c1-c1cc(F)c(C(=O)NC2CNCCC2c2ncc[nH]2)cc1F,Cn1ncc(Br)c1-c1cc(F)c(C(=O)NC2CNCCC2c2ncc[nH]2)cc1F,7.086638352,0.607718998,Active,0.718309859,TRUE
CCn1cc(-c2ccc(F)c(OC)c2)nc1C1CCN(c2ncnc(N)c2C(N)=O)CC1,CCn1cc(-c2ccc(F)c(OC)c2)nc1C1CCN(c2ncnc(N)c2C(N)=O)CC1,7.234612263,0.607722276,Active,0.824324324,TRUE
Nc1cc(N2CCC(c3nc(-c4ccc(N)c(Cl)c4)cn3CCN3CCC3)CC2)ncn1,Nc1cc(N2CCC(c3nc(-c4ccc(N)c(Cl)c4)cn3CCN3CCC3)CC2)ncn1,7.265825139,0.607756191,Active,0.742424242,TRUE
Nc1ncnc(N2CCC(c3nc(-c4cccnc4)cn3CCN3CCC3)CC2)c1Cl,Nc1ncnc(N2CCC(c3nc(-c4cccnc4)cn3CCN3CCC3)CC2)c1Cl,7.260025072,0.607844079,Active,0.728571429,TRUE
Cn1ncc(Cl)c1-c1nc2ccc(C(=O)NC3CNCCC3c3cccc(F)c3)nc2n1C,Cn1ncc(Cl)c1-c1nc2ccc(C(=O)NC3CNCCC3c3cccc(F)c3)nc2n1C,7.466557314,0.607914948,Active,0.72972973,TRUE
CCc1c(N)ncnc1N1CCC(c2nc(-c3ccc(F)c(C)n3)cn2CCNC)CC1,CCc1c(N)ncnc1N1CCC(c2nc(-c3ccc(F)c(C)n3)cn2CCNC)CC1,7.653046914,0.607993388,Active,0.662337662,TRUE
Cn1nncc1-c1ccc(C(=O)NC2CNCCC2c2ccc(F)c(F)c2)c(F)c1,Cn1nncc1-c1ccc(C(=O)NC2CNCCC2c2ccc(F)c(F)c2)c(F)c1,7.331167104,0.60812735,Active,0.765625,TRUE
NC(COc1cncc(-c2ccc3[nH]c(O)c(Br)c3c2)c1)Cc1cccc(Br)c1,NC(COc1cncc(-c2ccc3[nH]c(O)c(Br)c3c2)c1)Cc1cccc(Br)c1,7.020241279,0.608131045,Active,0.707692308,TRUE
Cn1nc(F)nc1-c1ccc(C(=O)NC2CNCCC2c2cccc(F)c2)s1,Cn1nc(F)nc1-c1ccc(C(=O)NC2CNCCC2c2cccc(F)c2)s1,7.260479346,0.608247989,Active,0.75,TRUE
O=C(NC1CNCCC1c1ccc(F)c(F)c1)c1cnn(Cc2ccccc2Cl)c1,O=C(NC1CNCCC1c1ccc(F)c(F)c1)c1cnn(Cc2ccccc2Cl)c1,7.050290824,0.608331585,Active,0.608108108,TRUE
O=C(Cc1nc(N2CCOCC2)cc(=O)n1-c1cccc(Cl)c1)Nc1ccc(F)c(F)c1F,O=C(Cc1nc(N2CCOCC2)cc(=O)n1-c1cccc(Cl)c1)Nc1ccc(F)c(F)c1F,7.101753568,0.608430678,Active,0.602941176,TRUE
Cn1nccc1-c1ccc(C(=O)NC2CNCCC2c2cccc(F)c2)cn1,Cn1nccc1-c1ccc(C(=O)NC2CNCCC2c2cccc(F)c2)cn1,7.066352835,0.60845899,Active,0.8,TRUE
NC(=O)c1cccc2c(NC(CN3CCC3)c3ccccc3)ncnc12,NC(=O)c1cccc2c(NC(CN3CCC3)c3ccccc3)ncnc12,7.400686904,0.608498418,Active,0.836363636,TRUE
Cc1nc(C(=O)NC2CNCCC2c2cccc(F)c2)cc(-c2c(Cl)cnn2C)n1,Cc1nc(C(=O)NC2CNCCC2c2cccc(F)c2)cc(-c2c(Cl)cnn2C)n1,7.197477598,0.608500296,Active,0.746478873,TRUE
COc1c(N)ncnc1N1CCC(c2nc(-c3ccc(F)nc3)cn2CCCN(C)C)CC1,COc1c(N)ncnc1N1CCC(c2nc(-c3ccc(F)nc3)cn2CCCN(C)C)CC1,7.125660557,0.608713919,Active,0.617283951,TRUE
Cn1nccc1-c1ccc(C(=O)NC2CNCC2c2cncc(F)c2)cc1F,Cn1nccc1-c1ccc(C(=O)NC2CNCC2c2cncc(F)c2)cc1F,7.242340696,0.608827913,Active,0.738461538,TRUE
Cc1ccc(NC(=O)Cc2nc(N3CCOCC3)cc(=O)n2-c2cccc(Cl)c2)cc1F,Cc1ccc(NC(=O)Cc2nc(N3CCOCC3)cc(=O)n2-c2cccc(Cl)c2)cc1F,7.029825416,0.60890069,Active,0.661764706,TRUE
Cn1nccc1-c1ccc(C(=O)NC2CNCCC2c2ccc(F)c(F)c2)nc1,Cn1nccc1-c1ccc(C(=O)NC2CNCCC2c2ccc(F)c(F)c2)nc1,7.136993868,0.608972275,Active,0.815384615,TRUE
NC(COc1cncc(-c2ccc3cnccc3c2)c1)Cc1cccc(F)c1,NC(COc1cncc(-c2ccc3cnccc3c2)c1)Cc1cccc(F)c1,7.15002762,0.609018886,Active,0.640625,TRUE
CS(=O)(=O)c1ccc(-c2cn(CCN3CCCCC3)c(C3CCN(c4ncnc(N)c4Cl)CC3)n2)cc1F,CS(=O)(=O)c1ccc(-c2cn(CCN3CCCCC3)c(C3CCN(c4ncnc(N)c4Cl)CC3)n2)cc1F,7.47669018,0.609039807,Active,0.791666667,TRUE
NC(=O)c1ccc(-c2cn(CCN3CCC3)c(C3CCN(c4ncnc(N)c4Cl)CC3)n2)cn1,NC(=O)c1ccc(-c2cn(CCN3CCC3)c(C3CCN(c4ncnc(N)c4Cl)CC3)n2)cn1,7.179511974,0.609052205,Active,0.714285714,TRUE
Nc1ncnc(N2CCN(C(=O)C(N)Cc3ccc(Cl)c(Cl)c3)CC2)c1Cl,Nc1ncnc(N2CCN(C(=O)C(N)Cc3ccc(Cl)c(Cl)c3)CC2)c1Cl,7.345469831,0.60908916,Active,0.79245283,TRUE
Cn1nccc1-c1ccc(Cl)c(C(=O)NC2CNCCC2c2cncc(F)c2)c1,Cn1nccc1-c1ccc(Cl)c(C(=O)NC2CNCCC2c2cncc(F)c2)c1,7.410017386,0.609122121,Active,0.746268657,TRUE
COc1cc(C(N)=O)cn2c(-c3ccccc3)c(-c3ccc(C4(N)CC(F)C4)cc3)nc12,COc1cc(C(N)=O)cn2c(-c3ccccc3)c(-c3ccc(C4(N)CC(F)C4)cc3)nc12,7.239907695,0.609307164,Active,0.793650794,TRUE
NC(COc1cncc(-c2ccc3c(c2)C(F)(F)C(=O)N3)c1)Cc1ccccc1F,NC(COc1cncc(-c2ccc3c(c2)C(F)(F)C(=O)N3)c1)Cc1ccccc1F,7.468316604,0.609338725,Active,0.746268657,TRUE
CC1CN(CC(Nc2ncnc3c(C(N)=O)cccc23)c2ccc(F)cc2)CCN1,CC1CN(CC(Nc2ncnc3c(C(N)=O)cccc23)c2ccc(F)cc2)CCN1,7.331918562,0.609377438,Active,0.738461538,TRUE
CCn1nccc1-c1ccc(C(=O)NC2CNCCC2c2cccc(F)c2)nc1,CCn1nccc1-c1ccc(C(=O)NC2CNCCC2c2cccc(F)c2)nc1,7.111821194,0.609523648,Active,0.805970149,TRUE
CC1SCCc2ncnc(N3CCN(C(=O)C(N)Cc4ccc(Br)cc4)CC3)c21,CC1SCCc2ncnc(N3CCN(C(=O)C(N)Cc4ccc(Br)cc4)CC3)c21,7.056344542,0.610002482,Active,0.696969697,TRUE
CC(=N)CC(Cc1ccc(Cl)cc1)C(=O)N1CCN(c2ncnc(N)c2Br)CC1,CC(=N)CC(Cc1ccc(Cl)cc1)C(=O)N1CCN(c2ncnc(N)c2Br)CC1,7.130247043,0.610201174,Active,0.745762712,TRUE
Cn1ncc(Br)c1-c1cc(F)c(C(=O)NC2CNCCC2c2ccc(F)cn2)c(F)c1,Cn1ncc(Br)c1-c1cc(F)c(C(=O)NC2CNCCC2c2ccc(F)cn2)c(F)c1,7.027886762,0.610452259,Active,0.735294118,TRUE
Nc1cc(N2CCC(c3nc(-c4ccc(F)c(C(F)(F)F)c4)cn3CCNCCO)CC2)ncn1,Nc1cc(N2CCC(c3nc(-c4ccc(F)c(C(F)(F)F)c4)cn3CCNCCO)CC2)ncn1,7.635406685,0.610588694,Active,0.753424658,TRUE
Nc1[nH]nc2cc(-c3cncc(OCC(N)Cc4ccc(F)cc4F)c3)ncc12,Nc1[nH]nc2cc(-c3cncc(OCC(N)Cc4ccc(F)cc4F)c3)ncc12,7.092198221,0.610626185,Active,0.617647059,TRUE
N#Cc1ccc(-c2cn(CCN3CCCC3)c(C3CCN(c4ncnc(N)c4C(F)(F)F)CC3)n2)cc1,N#Cc1ccc(-c2cn(CCN3CCCC3)c(C3CCN(c4ncnc(N)c4C(F)(F)F)CC3)n2)cc1,7.097733874,0.610658401,Active,0.708333333,TRUE
CNC(=O)c1cccc(-c2cn(CCN3CCC3)c(C3CCN(c4ncnc(N)c4Cl)CC3)n2)c1,CNC(=O)c1cccc(-c2cn(CCN3CCC3)c(C3CCN(c4ncnc(N)c4Cl)CC3)n2)c1,7.264401627,0.610677654,Active,0.72,TRUE
Nc1ncnc(N2CCC(c3nc(-c4ccc(F)c(F)c4)cn3CCN3CCC3)C(F)C2)c1F,Nc1ncnc(N2CCC(c3nc(-c4ccc(F)c(F)c4)cn3CCN3CCC3)C(F)C2)c1F,7.513623159,0.610889429,Active,0.727272727,TRUE
O=C(Cc1nc(N2CCOCC2)cc(=O)n1CC1CC1)N1CCc2ccccc21,O=C(Cc1nc(N2CCOCC2)cc(=O)n1CC1CC1)N1CCc2ccccc21,7.10904845,0.610934132,Active,0.725806452,TRUE
Cc1cccc2c1CCN2C(=O)Cc1nc(N2CCOCC2)c(O)n1C,Cc1cccc2c1CCN2C(=O)Cc1nc(N2CCOCC2)c(O)n1C,7.015349952,0.610963517,Active,0.709677419,TRUE
Cn1ncc(Cl)c1-c1cc(C(=O)NCc2ccc(F)c(F)c2)oc1Cl,Cn1ncc(Cl)c1-c1cc(C(=O)NCc2ccc(F)c(F)c2)oc1Cl,7.073859465,0.61102199,Active,0.698412698,TRUE
CN(C)c1ncnc(N2CCC(c3nc(-c4ccc(Cl)c(C#N)c4)cn3CCN3CCC3)CC2)c1Cl,CN(C)c1ncnc(N2CCC(c3nc(-c4ccc(Cl)c(C#N)c4)cn3CCN3CCC3)CC2)c1Cl,7.157773498,0.611100608,Active,0.62962963,TRUE
NC(=O)c1ccnc2ccc(-c3cncc(OCC(N)Cc4ccc(Cl)c(F)c4)c3)cc12,NC(=O)c1ccnc2ccc(-c3cncc(OCC(N)Cc4ccc(Cl)c(F)c4)c3)cc12,7.222250442,0.611249113,Active,0.616438356,TRUE
Cn1nccc1-c1ccc(F)c(C(=O)NC2CNCCCC2c2ccc(F)c(F)c2)c1,Cn1nccc1-c1ccc(F)c(C(=O)NC2CNCCCC2c2ccc(F)c(F)c2)c1,7.462993859,0.611319774,Active,0.793650794,TRUE
Cc1c(Cl)c(-c2cncc(C(=O)NC3CNCCC3c3ccc(F)c(F)c3)c2)nn1C,Cc1c(Cl)c(-c2cncc(C(=O)NC3CNCCC3c3ccc(F)c(F)c3)c2)nn1C,7.320502104,0.611422622,Active,0.613333333,TRUE
Nc1ncnc(N2CCC(c3nc(-c4cnc(C(F)F)nc4)cn3CCN3CCC3)CC2)c1Br,Nc1ncnc(N2CCC(c3nc(-c4cnc(C(F)F)nc4)cn3CCN3CCC3)CC2)c1Br,7.558879394,0.611446851,Active,0.720588235,TRUE
Cn1[nH]c2ccc(-c3cncc(OCC(N)Cc4ccc(F)cc4F)c3)cc2c1=O,Cn1[nH]c2ccc(-c3cncc(OCC(N)Cc4ccc(F)cc4F)c3)cc2c1=O,7.000943547,0.611477965,Active,0.701492537,TRUE
CC(NC(=O)c1cc(-c2c(Cl)cnn2C)c(Cl)o1)c1ccc(F)cn1,CC(NC(=O)c1cc(-c2c(Cl)cnn2C)c(Cl)o1)c1ccc(F)cn1,7.284699161,0.611579829,Active,0.608695652,TRUE
Cn1nccc1-c1ccc(C(=O)NC2CNCC2c2ccc(F)c(F)c2)c(F)c1,Cn1nccc1-c1ccc(C(=O)NC2CNCC2c2ccc(F)c(F)c2)c(F)c1,7.261980131,0.611626947,Active,0.86440678,TRUE
O=C(Cc1nc(=O)c(Br)c(N2CCOCC2)[nH]1)Nc1cccc(Br)c1,O=C(Cc1nc(=O)c(Br)c(N2CCOCC2)[nH]1)Nc1cccc(Br)c1,7.183285357,0.611643159,Active,0.716666667,TRUE
NC1(C(=O)NC(Cc2ccccn2)c2ccccc2)CCN(c2ncnc3[nH]ccc23)CC1,NC1(C(=O)NC(Cc2ccccn2)c2ccccc2)CCN(c2ncnc3[nH]ccc23)CC1,7.043372593,0.611737007,Active,0.753846154,TRUE
NC1(c2ccc(-c3nc4ccc(C(=O)NCc5ccc(F)cc5)nn4c3-c3ccccc3)cc2)CCC1,NC1(c2ccc(-c3nc4ccc(C(=O)NCc5ccc(F)cc5)nn4c3-c3ccccc3)cc2)CCC1,7.21897495,0.611800367,Active,0.757575758,TRUE
COc1c(N)ncnc1N1CCC(c2nc(-c3ccc(F)cc3)cn2CCN2CCC2)CC1,COc1c(N)ncnc1N1CCC(c2nc(-c3ccc(F)cc3)cn2CCN2CCC2)CC1,7.463953612,0.611860627,Active,0.777777778,TRUE
CC(C)Oc1c(N)ncnc1N1CCC(c2nc(-c3cnn(C)c3)cn2CC2CNC2)CC1,CC(C)Oc1c(N)ncnc1N1CCC(c2nc(-c3cnn(C)c3)cn2CC2CNC2)CC1,7.156569184,0.611872369,Active,0.727272727,TRUE
O=C(NC1CNCCC1c1ccoc1)c1ccc2c(c1)OCCn1nccc1-2,O=C(NC1CNCCC1c1ccoc1)c1ccc2c(c1)OCCn1nccc1-2,8.14549303,0.611982667,Active,0.791044776,TRUE
Cn1cc(-c2cnc3cc(-c4ccccc4)c(-c4ccc(C5(N)CCC5)cc4)nn23)cn1,Cn1cc(-c2cnc3cc(-c4ccccc4)c(-c4ccc(C5(N)CCC5)cc4)nn23)cn1,7.180176849,0.612018639,Active,0.775862069,TRUE
Cn1nccc1-c1ccc(C(=O)NC2CNCCC2c2ccc(F)cc2)c(F)c1F,Cn1nccc1-c1ccc(C(=O)NC2CNCCC2c2ccc(F)cc2)c(F)c1F,7.540481923,0.612081403,Active,0.761904762,TRUE
Cc1nc(Cl)ncc1C(=O)NC(c1ccc(Cl)c(F)c1)C1CCNCC1,Cc1nc(Cl)ncc1C(=O)NC(c1ccc(Cl)c(F)c1)C1CCNCC1,7.050413441,0.612117136,Active,0.602941176,TRUE
NC(=O)Cn1cc(-c2cccc(F)c2)nc1C1CCN(c2ncnc(N)c2Cl)CC1,NC(=O)Cn1cc(-c2cccc(F)c2)nc1C1CCN(c2ncnc(N)c2Cl)CC1,7.332568294,0.612267995,Active,0.742857143,TRUE
Cn1ncc(Cl)c1-c1cc(C(=O)NCCc2cccc(F)c2)sc1Cl,Cn1ncc(Cl)c1-c1cc(C(=O)NCCc2cccc(F)c2)sc1Cl,7.437341456,0.612331653,Active,0.696969697,TRUE
Cn1ncc(F)c1-c1ccc(C(=O)NC2CNCCC2c2ccc(Cl)cc2)o1,Cn1ncc(F)c1-c1ccc(C(=O)NC2CNCCC2c2ccc(Cl)cc2)o1,7.193335677,0.612391436,Active,0.838709677,TRUE
Cn1ncc(Br)c1-c1nc(C(=O)NC2CNCCC2c2cccc(F)c2)c(F)cc1F,Cn1ncc(Br)c1-c1nc(C(=O)NC2CNCCC2c2cccc(F)c2)c(F)cc1F,7.390008578,0.612423503,Active,0.698630137,TRUE
Cc1cc(CC(N)COc2cncc(-c3cc4c(C)noc4cn3)c2)ccc1F,Cc1cc(CC(N)COc2cncc(-c3cc4c(C)noc4cn3)c2)ccc1F,7.400408529,0.612511092,Active,0.712121212,TRUE
Cc1nnc(C2CCNCC2NC(=O)c2cc(F)c(-c3c(Cl)cnn3C)cc2F)o1,Cc1nnc(C2CCNCC2NC(=O)c2cc(F)c(-c3c(Cl)cnn3C)cc2F)o1,7.150621232,0.612580144,Active,0.708333333,TRUE
CNCCn1cc(-c2ccc(F)c(C)n2)nc1C1CCN(c2ncnc(N)c2C)CC1,CNCCn1cc(-c2ccc(F)c(C)n2)nc1C1CCN(c2ncnc(N)c2C)CC1,7.617468992,0.612628692,Active,0.623376623,TRUE
Nc1ncnc(N2CCC(c3nc(-c4ccc(C(F)F)c(F)c4)cn3CCN3CCC3)CC2)c1F,Nc1ncnc(N2CCC(c3nc(-c4ccc(C(F)F)c(F)c4)cn3CCN3CCC3)CC2)c1F,7.220606054,0.612694198,Active,0.726027397,TRUE
Cn1c(CC(=O)NCC2Cc3c(F)ccc(Br)c3O2)nc(N2CCOCC2)cc1=O,Cn1c(CC(=O)NCC2Cc3c(F)ccc(Br)c3O2)nc(N2CCOCC2)cc1=O,7.212608012,0.612730527,Active,0.638888889,TRUE
CCn1c(-c2nonc2N)nc2c(C#CC(C)(C)O)nc(C)nc21,CCn1c(-c2nonc2N)nc2c(C#CC(C)(C)O)nc(C)nc21,7.019446151,0.61288231,Active,0.65,TRUE
Cn1c(C(=O)NC2CNCCC2c2ccc(F)c(F)c2)cc(Br)c1Br,Cn1c(C(=O)NC2CNCCC2c2ccc(F)c(F)c2)cc(Br)c1Br,7.18682527,0.612984711,Active,0.611940299,TRUE
Cn1nc(C(=O)NC2CNCCC2c2ccc(F)c(F)c2)cc1-c1ccc(F)cn1,Cn1nc(C(=O)NC2CNCCC2c2ccc(F)c(F)c2)cc1-c1ccc(F)cn1,7.549073633,0.612992042,Active,0.657142857,TRUE
Cn1ncc(-c2ccc(C(=O)NC3CNCCC3c3cc(F)cc(F)c3)cc2F)c1Cl,Cn1ncc(-c2ccc(C(=O)NC3CNCCC3c3cc(F)cc(F)c3)cc2F)c1Cl,7.272649932,0.613002682,Active,0.727272727,TRUE
CCc1c(N)ncnc1N1CCC(c2nc(-c3ccc(F)c(C(F)(F)F)c3)cn2CC)CC1,CCc1c(N)ncnc1N1CCC(c2nc(-c3ccc(F)c(C(F)(F)F)c3)cn2CC)CC1,7.262219127,0.613225603,Active,0.892307692,TRUE
NC(=O)c1cccc2c(NC(CN3CCC(F)(F)C3)c3cccc(Cl)c3)ncnc12,NC(=O)c1cccc2c(NC(CN3CCC(F)(F)C3)c3cccc(Cl)c3)ncnc12,7.396244226,0.613323534,Active,0.769230769,TRUE
NC(Cc1ccc(Cl)cc1F)C(=O)N1CCN(c2ncnc3ccc(Br)cc23)CC1,NC(Cc1ccc(Cl)cc1F)C(=O)N1CCN(c2ncnc3ccc(Br)cc23)CC1,7.293931451,0.613338435,Active,0.681818182,TRUE
CNc1ccc(-c2cc3c(C)nc(N)nc3n(C3CCC(OCO)CC3)c2=O)cc1,CNc1ccc(-c2cc3c(C)nc(N)nc3n(C3CCC(OCO)CC3)c2=O)cc1,7.126222263,0.613518292,Active,0.742424242,TRUE
NC(=O)c1cc2nc(-c3ccccc3)c(-c3ccc(C4(N)CCC4)cc3)nn2c1,NC(=O)c1cc2nc(-c3ccccc3)c(-c3ccc(C4(N)CCC4)cc3)nn2c1,7.012382676,0.613533074,Active,0.644067797,TRUE
Cn1ncc(Cl)c1-c1ccc(C(=O)NC2CNCCC2c2cncc(C(F)(F)F)c2)o1,Cn1ncc(Cl)c1-c1ccc(C(=O)NC2CNCCC2c2cncc(C(F)(F)F)c2)o1,7.457150983,0.613615716,Active,0.739130435,TRUE
Cn1cc(-c2ccc(C(=O)NC3CNCCC3c3cccc(F)c3)cc2)cn1,Cn1cc(-c2ccc(C(=O)NC3CNCCC3c3cccc(F)c3)cc2)cn1,7.102669582,0.613659227,Active,0.727272727,TRUE
CCc1c(N)ncnc1N1CCC(c2nc(-c3ccc(Cl)nc3)cn2CCN2CCCC2)CC1,CCc1c(N)ncnc1N1CCC(c2nc(-c3ccc(Cl)nc3)cn2CCN2CCCC2)CC1,7.449639987,0.613677824,Active,0.833333333,TRUE
Cn1ncc(Br)c1-c1ccc(C(=O)NC2CNCCC2c2cncc(Br)c2)o1,Cn1ncc(Br)c1-c1ccc(C(=O)NC2CNCCC2c2cncc(Br)c2)o1,7.306209677,0.613841528,Active,0.76119403,TRUE
COc1cccc(-c2cn(CCN3CCC3)c(C3CCN(c4ncnc(N)c4C(F)(F)F)CC3)n2)c1,COc1cccc(-c2cn(CCN3CCC3)c(C3CCN(c4ncnc(N)c4C(F)(F)F)CC3)n2)c1,7.276835767,0.613862568,Active,0.721518987,TRUE
NC1(C(=O)NCc2cc(Cl)cc(Cl)c2)CCN(c2ncnc3[nH]cnc23)CC1,NC1(C(=O)NCc2cc(Cl)cc(Cl)c2)CCN(c2ncnc3[nH]cnc23)CC1,7.078096615,0.613976562,Active,0.612903226,TRUE
CCOc1c(N)ncnc1N1CCC(c2nc(-c3ccc(C)cc3)cn2CCN2CCC2)CC1,CCOc1c(N)ncnc1N1CCC(c2nc(-c3ccc(C)cc3)cn2CCN2CCC2)CC1,7.090802652,0.613992298,Active,0.8,TRUE
NCC(NC(=O)C1(N)CCN(c2ncnc3[nH]ccc23)CC1)c1ccccc1,NCC(NC(=O)C1(N)CCN(c2ncnc3[nH]ccc23)CC1)c1ccccc1,7.042757508,0.614052498,Active,0.830508475,TRUE
Nc1ncnc(N2CCC(c3n[nH]c(-c4ccc(F)c(C(F)(F)F)c4)n3)CC2)c1Br,Nc1ncnc(N2CCC(c3n[nH]c(-c4ccc(F)c(C(F)(F)F)c4)n3)CC2)c1Br,7.309696373,0.614212179,Active,0.686567164,TRUE
COc1ccccc1-c1cn(CCN2CCC2)c(C2CCN(c3ncnc(N)c3C(F)(F)F)CC2)n1,COc1ccccc1-c1cn(CCN2CCC2)c(C2CCN(c3ncnc(N)c3C(F)(F)F)CC2)n1,7.13265037,0.614240193,Active,0.609756098,TRUE
Nc1ncccc1-c1nc2ccc(N3CCN(Cc4cccnc4)CC3)nc2n1-c1ccc(C2(N)CCC2)cc1,Nc1ncccc1-c1nc2ccc(N3CCN(Cc4cccnc4)CC3)nc2n1-c1ccc(C2(N)CCC2)cc1,7.070299312,0.614265287,Active,0.648648649,TRUE
O=C(NC1CNCCC1c1cccc(F)c1)c1ccc(-c2c(Br)cnn(CC(F)(F)F)c2=O)cn1,O=C(NC1CNCCC1c1cccc(F)c1)c1ccc(-c2c(Br)cnn(CC(F)(F)F)c2=O)cn1,7.232670498,0.614333981,Active,0.666666667,TRUE
CCc1c(N)ncnc1N1CCC(c2nc(-c3cc(Cl)n(C)n3)cn2CC2CNC2)CC1,CCc1c(N)ncnc1N1CCC(c2nc(-c3cc(Cl)n(C)n3)cn2CC2CNC2)CC1,7.164268109,0.614371264,Active,0.662337662,TRUE
Cn1ncc(Cl)c1-c1cc(C(=O)NC2CNCCC2c2ccccc2)c(Cl)cc1F,Cn1ncc(Cl)c1-c1cc(C(=O)NC2CNCCC2c2ccccc2)c(Cl)cc1F,7.188225833,0.614374721,Active,0.724637681,TRUE
COc1cc(-c2cn(CC3CNC3)c(C3CCN(c4ncnc(N)c4F)CC3)n2)ccc1C(N)=O,COc1cc(-c2cn(CC3CNC3)c(C3CCN(c4ncnc(N)c4F)CC3)n2)ccc1C(N)=O,7.267790635,0.614578032,Active,0.65060241,TRUE
Cn1c(CC(=O)N2CCc3cc(-c4noc(C5CC5)n4)ccc32)nc(N2CCOCC2)cc1=O,Cn1c(CC(=O)N2CCc3cc(-c4noc(C5CC5)n4)ccc32)nc(N2CCOCC2)cc1=O,7.120974209,0.614726061,Active,0.657142857,TRUE
O=C(NC1CNCCC1c1ccc(F)c(F)c1)c1ccc(-c2c[nH]nn2)cc1F,O=C(NC1CNCCC1c1ccc(F)c(F)c1)c1ccc(-c2c[nH]nn2)cc1F,7.06317105,0.614836419,Active,0.676923077,TRUE
NC(=O)CCn1cc(-c2ccnc(F)c2)nc1C1CCN(c2ncnc(N)c2Br)CC1,NC(=O)CCn1cc(-c2ccnc(F)c2)nc1C1CCN(c2ncnc(N)c2Br)CC1,7.310518234,0.614999795,Active,0.64,TRUE
O=C(Cc1nc(N2CCOCC2)cc(=O)n1C1CCCC1)N1CCc2ccccc21,O=C(Cc1nc(N2CCOCC2)cc(=O)n1C1CCCC1)N1CCc2ccccc21,7.111413073,0.615011656,Active,0.73015873,TRUE
Cn1ncc(-c2ccc(F)c(C(=O)NC3CNCCC3c3ccc(F)c(F)c3)c2)c1Cl,Cn1ncc(-c2ccc(F)c(C(=O)NC3CNCCC3c3ccc(F)c(F)c3)c2)c1Cl,7.088231885,0.615115994,Active,0.7,TRUE
Cn1cc(-c2cc(C(=O)NC(CN)Cc3cccc(F)c3)oc2Cl)cn1,Cn1cc(-c2cc(C(=O)NC(CN)Cc3cccc(F)c3)oc2Cl)cn1,7.336207891,0.615224236,Active,0.731343284,TRUE
Cn1ncc(Cl)c1-c1ccc(C(=O)NC2CNCCC2c2cccc(Cl)c2)cc1,Cn1ncc(Cl)c1-c1ccc(C(=O)NC2CNCCC2c2cccc(Cl)c2)cc1,7.105940564,0.615247005,Active,0.841269841,TRUE
Nc1cc(N2CCC(c3nc(-c4ccc(F)c(O)c4)cn3CCN3CCC3)CC2)ncn1,Nc1cc(N2CCC(c3nc(-c4ccc(F)c(O)c4)cn3CCN3CCC3)CC2)ncn1,7.517653072,0.61560955,Active,0.828125,TRUE
NC(=O)c1c(N)ncnc1N1CCC(c2nc(-c3ccc(F)c(C(=O)NCC(F)(F)F)c3)cn2CCF)CC1,NC(=O)c1c(N)ncnc1N1CCC(c2nc(-c3ccc(F)c(C(=O)NCC(F)(F)F)c3)cn2CCF)CC1,7.096092518,0.615796143,Active,0.703703704,TRUE
COc1c(F)c(N2CCOCC2)nc(CC(=O)N2CCc3c(F)cccc32)c1Cl,COc1c(F)c(N2CCOCC2)nc(CC(=O)N2CCc3c(F)cccc32)c1Cl,7.362223708,0.615829879,Active,0.637681159,TRUE
Cn1nccc1-c1cc(C(=O)NC2CNCCC2c2ccc(F)cc2)cc(F)c1F,Cn1nccc1-c1cc(C(=O)NC2CNCCC2c2ccc(F)cc2)cc(F)c1F,7.5379595,0.615944082,Active,0.738461538,TRUE
O=C(Cc1nc(N2CCOCC2)cc(=O)n1C1CC1)NCc1cccc(Cl)c1Cl,O=C(Cc1nc(N2CCOCC2)cc(=O)n1C1CC1)NCc1cccc(Cl)c1Cl,7.027639554,0.616142744,Active,0.611111111,TRUE
Nc1cc(N2CCC(c3nc(-c4cc(F)c(F)c(F)c4)cn3CCNCC3CC3)CC2)ncn1,Nc1cc(N2CCC(c3nc(-c4cc(F)c(F)c(F)c4)cn3CCNCC3CC3)CC2)ncn1,7.347978842,0.616279775,Active,0.611111111,TRUE
Cn1ncc(-c2ccc(C(=O)NC3CNCCC3c3ccccc3)cc2F)c1Cl,Cn1ncc(-c2ccc(C(=O)NC3CNCCC3c3ccccc3)cc2F)c1Cl,7.238264922,0.616318756,Active,0.605633803,TRUE
CC(C)NC(=O)C1(C(=O)NCc2ccc(F)cc2)CCN(c2ncnc3[nH]ccc23)CC1,CC(C)NC(=O)C1(C(=O)NCc2ccc(F)cc2)CCN(c2ncnc3[nH]ccc23)CC1,7.237556625,0.616374218,Active,0.617647059,TRUE
Cn1ncc(Br)c1-c1onc(C(=O)NC2CNCCC2c2ccc(F)cc2)c1Cl,Cn1ncc(Br)c1-c1onc(C(=O)NC2CNCCC2c2ccc(F)cc2)c1Cl,7.415217208,0.616374725,Active,0.635135135,TRUE
O=C(Cc1nc(N2CCOCC2)cc(=O)n1-c1ccc(F)c(F)c1F)N1CCc2cc(F)c(F)cc21,O=C(Cc1nc(N2CCOCC2)cc(=O)n1-c1ccc(F)c(F)c1F)N1CCc2cc(F)c(F)cc21,7.137359644,0.616474473,Active,0.71875,TRUE
Cn1nc(-c2ccc3nc(-c4ccc(C5(N)CCC5)cc4)c(-c4ccccc4)n3n2)nc1C(F)F,Cn1nc(-c2ccc3nc(-c4ccc(C5(N)CCC5)cc4)c(-c4ccccc4)n3n2)nc1C(F)F,7.091487201,0.616640353,Active,0.629032258,TRUE
NC(=O)C(NC(=O)C1(N)CCN(c2ncnc3[nH]ccc23)CC1)c1cccc(F)c1,NC(=O)C(NC(=O)C1(N)CCN(c2ncnc3[nH]ccc23)CC1)c1cccc(F)c1,7.277119276,0.616703802,Active,0.723076923,TRUE
NC1(C(=O)NCc2cc(O)ccc2F)CCN(c2ncnc3[nH]ccc23)CC1,NC1(C(=O)NCc2cc(O)ccc2F)CCN(c2ncnc3[nH]ccc23)CC1,7.046701015,0.616840386,Active,0.693548387,TRUE
COc1cccc(C(CN2CCC2)Nc2ncnc3c(C(N)=O)cccc23)c1,COc1cccc(C(CN2CCC2)Nc2ncnc3c(C(N)=O)cccc23)c1,7.299240093,0.616888458,Active,0.774193548,TRUE
CC1(O)CC(N)(c2ccc(-c3nc4c(Cl)cccn4c3-c3ccccc3)cc2)C1,CC1(O)CC(N)(c2ccc(-c3nc4c(Cl)cccn4c3-c3ccccc3)cc2)C1,7.183856523,0.616936022,Active,0.735849057,TRUE
CCOCc1ncc2cc(-c3cc(OCC(N)Cc4c[nH]c5ccccc45)cnc3C#N)ccc2n1,CCOCc1ncc2cc(-c3cc(OCC(N)Cc4c[nH]c5ccccc45)cnc3C#N)ccc2n1,7.129127629,0.617024535,Active,0.679487179,TRUE
Cc1c(N)ncnc1N1CCC(c2nc(-c3cnc(C(F)(F)F)c(F)c3)cn2CCN(C)C)CC1,Cc1c(N)ncnc1N1CCC(c2nc(-c3cnc(C(F)(F)F)c(F)c3)cn2CCN(C)C)CC1,7.441977192,0.617027843,Active,0.646341463,TRUE
Cc1[nH]nc2ncc(-c3cncc(OCC(N)Cc4ccccc4F)c3)cc12,Cc1[nH]nc2ncc(-c3cncc(OCC(N)Cc4ccccc4F)c3)cc12,7.273835459,0.617182755,Active,0.626865672,TRUE
N#Cc1cc(Cl)cn2c(-c3ccccc3)c(-c3ccc(C4(N)CCC4)cc3)nc12,N#Cc1cc(Cl)cn2c(-c3ccccc3)c(-c3ccc(C4(N)CCC4)cc3)nc12,7.27148776,0.617387766,Active,0.763636364,TRUE
Cn1nc(-c2cc(F)c(C(=O)NC3CNCCC3c3ccc(F)cc3)cc2F)o1,Cn1nc(-c2cc(F)c(C(=O)NC3CNCCC3c3ccc(F)cc3)cc2F)o1,7.062339757,0.617422873,Active,0.734375,TRUE
Nc1nc2ccc(-c3cnc(Cl)c(NS(=O)(=O)CCc4ccc(F)cc4)c3)cc2s1,Nc1nc2ccc(-c3cnc(Cl)c(NS(=O)(=O)CCc4ccc(F)cc4)c3)cc2s1,7.028509846,0.617468321,Active,0.725806452,TRUE
Nc1cc(N2CCC(c3nc(-c4ccc(F)cc4)cn3CCN3CCC3)C(F)C2)ncn1,Nc1cc(N2CCC(c3nc(-c4ccc(F)cc4)cn3CCN3CCC3)C(F)C2)ncn1,7.413416228,0.617510313,Active,0.625,TRUE
NC1(C(=O)NCc2ccc(Cl)cc2)CCN(c2ncnc3[nH]ncc23)CC1,NC1(C(=O)NCc2ccc(Cl)cc2)CCN(c2ncnc3[nH]ncc23)CC1,7.103079438,0.617737228,Active,0.74137931,TRUE
Cn1ncc(-c2ccc(C(=O)NC3CNCCC3c3ccc(F)c(F)c3)c(F)c2)n1,Cn1ncc(-c2ccc(C(=O)NC3CNCCC3c3ccc(F)c(F)c3)c(F)c2)n1,7.312641123,0.617781723,Active,0.727272727,TRUE
NC(Cc1ccc(Br)cc1)C(=O)N1CCN(c2ncnc3ccc(Cl)cc23)CC1,NC(Cc1ccc(Br)cc1)C(=O)N1CCN(c2ncnc3ccc(Cl)cc23)CC1,7.163745879,0.617814088,Active,0.779661017,TRUE
CCn1cc(-c2ccc(F)c(F)c2)nc1C1CCN(c2ncnc(N)c2C2CCOCC2)CC1,CCn1cc(-c2ccc(F)c(F)c2)nc1C1CCN(c2ncnc(N)c2C2CCOCC2)CC1,7.032934909,0.617920393,Active,0.694444444,TRUE
Cn1ncc(Br)c1C(=O)NC1CCNCC1c1ccc(F)c(F)c1,Cn1ncc(Br)c1C(=O)NC1CCNCC1c1ccc(F)c(F)c1,7.167011762,0.617987925,Active,0.656716418,TRUE
COc1ncc(-c2cc3c(C)nc(N)nc3n(C3CCCC3)c2=O)cn1,COc1ncc(-c2cc3c(C)nc(N)nc3n(C3CCCC3)c2=O)cn1,7.12505116,0.618070149,Active,0.766666667,TRUE
N#Cc1c(N)ncnc1N1CCC(c2nc(-c3c(F)cccc3F)cn2CCN2CCC2)CC1,N#Cc1c(N)ncnc1N1CCC(c2nc(-c3c(F)cccc3F)cn2CCN2CCC2)CC1,7.272679984,0.618595743,Active,0.835820896,TRUE
CC(NC(=O)c1cc(-c2c(Cl)cnn2C)c(Cl)s1)c1cc(F)ccc1F,CC(NC(=O)c1cc(-c2c(Cl)cnn2C)c(Cl)s1)c1cc(F)ccc1F,7.228661571,0.618679726,Active,0.608695652,TRUE
Nc1ncnc(N2CCC(c3nc(CCC(F)(F)F)cn3CCN3CCCC3)CC2)c1Cl,Nc1ncnc(N2CCC(c3nc(CCC(F)(F)F)cn3CCN3CCCC3)CC2)c1Cl,7.136055298,0.618688309,Active,0.661764706,TRUE
Cc1nc(N)nc2c1cc(-c1cncc(C(N)=O)c1)c(=O)n2C1CCC(OCC(N)=O)CC1,Cc1nc(N)nc2c1cc(-c1cncc(C(N)=O)c1)c(=O)n2C1CCC(OCC(N)=O)CC1,7.205116512,0.618737036,Active,0.735294118,TRUE
CC1(O)CC(N)(c2ccc(-c3nc4ccc(Cl)cn4c3-c3ccccc3)cc2)C1,CC1(O)CC(N)(c2ccc(-c3nc4ccc(Cl)cn4c3-c3ccccc3)cc2)C1,7.308847918,0.618802989,Active,0.735849057,TRUE
N#Cc1ccc(F)c(CNC(=O)C2(N)CCN(c3ncnc4[nH]ccc34)CC2)c1,N#Cc1ccc(F)c(CNC(=O)C2(N)CCN(c3ncnc4[nH]ccc34)CC2)c1,7.180197026,0.618846202,Active,0.641791045,TRUE
Cc1[nH]nc2ccc(-c3cncc(OCC(N)Cc4ccc5[nH]ncc5c4)c3)cc12,Cc1[nH]nc2ccc(-c3cncc(OCC(N)Cc4ccc5[nH]ncc5c4)c3)cc12,7.671795152,0.618972564,Active,0.608695652,TRUE
Cn1nccc1-c1ccc(C(=O)NC2CNCCC2c2cncc(F)c2)cc1Cl,Cn1nccc1-c1ccc(C(=O)NC2CNCCC2c2cncc(F)c2)cc1Cl,7.262431595,0.619174981,Active,0.720588235,TRUE
Cc1cc(-c2cn(CCN3CCC3)c(C3CCN(c4cc(N)ncn4)CC3)n2)cc(C#N)c1C,Cc1cc(-c2cn(CCN3CCC3)c(C3CCN(c4cc(N)ncn4)CC3)n2)cc(C#N)c1C,7.167577441,0.619267786,Active,0.621621622,TRUE
Cn1ncc(-c2cc(C(=O)NC3CNCCC3c3ccccc3)oc2Cl)c1N,Cn1ncc(-c2cc(C(=O)NC3CNCCC3c3ccccc3)oc2Cl)c1N,7.092846804,0.61928674,Active,0.772727273,TRUE
NC1(C(=O)NCc2ccc(Oc3ccc(F)cc3)cc2)CCN(c2ncnc3[nH]ccc23)CC1,NC1(C(=O)NCc2ccc(Oc3ccc(F)cc3)cc2)CCN(c2ncnc3[nH]ccc23)CC1,7.227274068,0.619348788,Active,0.737704918,TRUE
Cn1ncc(Cl)c1-c1cc(F)c(C(=O)NC2CNCCC2c2cncc(F)c2)cc1Cl,Cn1ncc(Cl)c1-c1cc(F)c(C(=O)NC2CNCCC2c2cncc(F)c2)cc1Cl,7.230108855,0.619412953,Active,0.714285714,TRUE
O=C(NC1CN(C2CCOCC2)CC1c1ccc(F)cc1)c1ccc2c(c1)OCCn1nccc1-2,O=C(NC1CN(C2CCOCC2)CC1c1ccc(F)cc1)c1ccc2c(c1)OCCn1nccc1-2,7.771949859,0.619501466,Active,0.605263158,TRUE
Cn1nccc1-c1ccc(C(=O)NC2CNCC2c2cccc(F)c2)c(Cl)c1,Cn1nccc1-c1ccc(C(=O)NC2CNCC2c2cccc(F)c2)c(Cl)c1,7.110276382,0.619601303,Active,0.742424242,TRUE
NC(=O)c1cccc2c(NC(CN3CCC3)c3ccc(F)cc3)nc(C(F)(F)F)nc12,NC(=O)c1cccc2c(NC(CN3CCC3)c3ccc(F)cc3)nc(C(F)(F)F)nc12,7.285782501,0.61965313,Active,0.73015873,TRUE
Cc1[nH]nc2ccc(-c3cncc(OCC(N)Cc4cccc(-c5ccnn5C)c4)c3)cc12,Cc1[nH]nc2ccc(-c3cncc(OCC(N)Cc4cccc(-c5ccnn5C)c4)c3)cc12,7.40094849,0.619724715,Active,0.602739726,TRUE
CS(=O)(=O)NCCn1cc(-c2ccc(F)c(C(F)(F)F)c2)nc1C1CCN(c2ncnc(N)c2Cl)CC1,CS(=O)(=O)NCCn1cc(-c2ccc(F)c(C(F)(F)F)c2)nc1C1CCN(c2ncnc(N)c2Cl)CC1,7.830364142,0.619745994,Active,0.743589744,TRUE
NC(Cc1ccc(F)cc1)C(=O)N1CCN(c2ncnc3cc(Br)ccc23)CC1,NC(Cc1ccc(F)cc1)C(=O)N1CCN(c2ncnc3cc(Br)ccc23)CC1,7.104775575,0.619807059,Active,0.766666667,TRUE
Cn1ncc(Br)c1-c1ccc(C(=O)NC2CNCCC2c2cncc(F)c2)o1,Cn1ncc(Br)c1-c1ccc(C(=O)NC2CNCCC2c2cncc(F)c2)o1,7.419220519,0.61998176,Active,0.75,TRUE
CN(C)CCNC(=O)c1ccnn2c(-c3ccccc3)c(-c3ccc(C4(N)CCC4)cc3)nc12,CN(C)CCNC(=O)c1ccnn2c(-c3ccccc3)c(-c3ccc(C4(N)CCC4)cc3)nc12,7.031486211,0.620146507,Active,0.753846154,TRUE
CC1SCc2ncnc(N3CCN(C(=O)C(CN)Cc4ccc(Cl)cc4)CC3)c21,CC1SCc2ncnc(N3CCN(C(=O)C(CN)Cc4ccc(Cl)cc4)CC3)c21,7.257332066,0.6205576,Active,0.828125,TRUE
N#CCCn1cc(-c2cc(F)c(F)cc2F)nc1C1CCN(c2ncnc(N)c2Br)CC1,N#CCCn1cc(-c2cc(F)c(F)cc2F)nc1C1CCN(c2ncnc(N)c2Br)CC1,7.339886832,0.620606953,Active,0.608108108,TRUE
Cn1ncc(C(=O)NC2CCNCC2c2cccc(F)c2)c1-c1c(F)cccc1Cl,Cn1ncc(C(=O)NC2CCNCC2c2cccc(F)c2)c1-c1c(F)cccc1Cl,7.32493076,0.620679075,Active,0.613333333,TRUE
CCn1cc(-c2ccnc(C3CC3)c2)nc1C1CCN(c2ncnc(N)c2C(N)=O)CC1,CCn1cc(-c2ccnc(C3CC3)c2)nc1C1CCN(c2ncnc(N)c2C(N)=O)CC1,7.0856109,0.620761359,Active,0.797101449,TRUE
CCc1c(N)ncnc1N1CCC(c2nc(-c3ccc(F)c(C(F)(F)F)c3)cn2CCNCCOC)CC1,CCc1c(N)ncnc1N1CCC(c2nc(-c3ccc(F)c(C(F)(F)F)c3)cn2CCNCCOC)CC1,7.625842745,0.620780402,Active,0.804878049,TRUE
NC(COc1cncc(-c2cccc3c2C(=O)N3)c1)Cc1c[nH]c2ccccc12,NC(COc1cncc(-c2cccc3c2C(=O)N3)c1)Cc1c[nH]c2ccccc12,7.404448752,0.620782757,Active,0.680555556,TRUE
Cn1ncc(Cl)c1-c1ccc(C(=O)NC2CNCCC2c2cncc(F)c2)cc1,Cn1ncc(Cl)c1-c1ccc(C(=O)NC2CNCCC2c2cncc(F)c2)cc1,7.201546002,0.621078724,Active,0.828125,TRUE
O=C(Cc1nc(N2CCOCC2)cc(=O)n1C1CCCC1)N1CCc2ccc(F)cc21,O=C(Cc1nc(N2CCOCC2)cc(=O)n1C1CCCC1)N1CCc2ccc(F)cc21,7.190764001,0.62120443,Active,0.738461538,TRUE
CNc1cc(-c2cn(CCN3CCC3)c(C3CCN(c4cc(N)ncn4)CC3)n2)ccc1F,CNc1cc(-c2cn(CCN3CCC3)c(C3CCN(c4cc(N)ncn4)CC3)n2)ccc1F,7.165515873,0.621243471,Active,0.791044776,TRUE
Cn1nc(-c2ccc(C(=O)NC3CNCCC3c3ccc(F)cc3)c(Cl)c2)nc1C1CC1,Cn1nc(-c2ccc(C(=O)NC3CNCCC3c3ccc(F)cc3)c(Cl)c2)nc1C1CC1,7.213195277,0.621407324,Active,0.608108108,TRUE
Cn1cnc(-c2cc(C(=O)NC3CNCCC3c3ccccc3)oc2Cl)c1,Cn1cnc(-c2cc(C(=O)NC3CNCCC3c3ccccc3)oc2Cl)c1,7.326281899,0.621516252,Active,0.691176471,TRUE
NC(=O)c1cc(F)cc(-c2cn(CCN3CCC3)c(C3CCN(c4cc(N)ncn4)CC3)n2)c1,NC(=O)c1cc(F)cc(-c2cn(CCN3CCC3)c(C3CCN(c4cc(N)ncn4)CC3)n2)c1,7.015540595,0.621569091,Active,0.728571429,TRUE
Cn1cc(-c2cc(C(=O)NC3CNCCC3c3ccc(F)c(F)c3)oc2Cl)cn1,Cn1cc(-c2cc(C(=O)NC3CNCCC3c3ccc(F)c(F)c3)oc2Cl)cn1,7.466071972,0.62166127,Active,0.757142857,TRUE
N#Cc1c(N)ncnc1N1CCC(c2nc(-c3cncc(F)n3)cn2CCN2CCCC2)CC1,N#Cc1c(N)ncnc1N1CCC(c2nc(-c3cncc(F)n3)cn2CCN2CCCC2)CC1,7.097584469,0.62174719,Active,0.742857143,TRUE
Cc1nc(C2CCNCC2NC(=O)c2ccc(-c3c(Cl)cnn3C)o2)co1,Cc1nc(C2CCNCC2NC(=O)c2ccc(-c3c(Cl)cnn3C)o2)co1,7.157733311,0.621752793,Active,0.746268657,TRUE
Cn1ncc(Cl)c1-c1cc(C(=O)NC2CNCCC2c2cccc(F)c2)no1,Cn1ncc(Cl)c1-c1cc(C(=O)NC2CNCCC2c2cccc(F)c2)no1,7.356685786,0.62179687,Active,0.768115942,TRUE
Cn1nccc1-c1cc(F)c(C(=O)NC2CNCCC2c2ccc(F)cn2)cc1F,Cn1nccc1-c1cc(F)c(C(=O)NC2CNCCC2c2ccc(F)cn2)cc1F,7.357178121,0.622200483,Active,0.8125,TRUE
NC(=O)c1c(N)ncnc1N1CCC(c2nc(-c3ccc(F)c(OC(F)F)c3)cn2CCN2CCOCC2)CC1,NC(=O)c1c(N)ncnc1N1CCC(c2nc(-c3ccc(F)c(OC(F)F)c3)cn2CCN2CCOCC2)CC1,7.150594597,0.622227633,Active,0.896103896,TRUE
Cc1c(-c2cc(Cl)ccc2C(=O)NC2CNCCC2c2cc(F)cc(F)c2)cnn1C,Cc1c(-c2cc(Cl)ccc2C(=O)NC2CNCCC2c2cc(F)cc(F)c2)cnn1C,7.126127,0.622336113,Active,0.611111111,TRUE
Cn1ncc(Br)c1-c1nnc(C(=O)NC2CNCCC2c2cccc(F)c2)o1,Cn1ncc(Br)c1-c1nnc(C(=O)NC2CNCCC2c2cccc(F)c2)o1,7.27435501,0.62245267,Active,0.698630137,TRUE
CNCC(Nc1ncnc2c(C(N)=O)cccc12)c1c(Cl)ccc(F)c1F,CNCC(Nc1ncnc2c(C(N)=O)cccc12)c1c(Cl)ccc(F)c1F,7.429619023,0.622845227,Active,0.650793651,TRUE
Nc1cc(N2CCC(c3nc(-c4ccc(F)c(C(F)(F)F)c4)cn3CCC(=O)NC3CCCCC3)CC2)ncn1,Nc1cc(N2CCC(c3nc(-c4ccc(F)c(C(F)(F)F)c4)cn3CCC(=O)NC3CCCCC3)CC2)ncn1,7.150819384,0.622983479,Active,0.730769231,TRUE
CNC(=O)CCNc1c(N)ncnc1N1CCC(c2nc(-c3cccc(F)c3)cn2CCN2CCCC2)CC1,CNC(=O)CCNc1c(N)ncnc1N1CCC(c2nc(-c3cccc(F)c3)cn2CCN2CCCC2)CC1,7.044734678,0.623062277,Active,0.707317073,TRUE
CSC(=O)NC(=O)c1ccc2nc(-c3ccc(C4(N)CCC4)cc3)c(-c3ccccc3)n2n1,CSC(=O)NC(=O)c1ccc2nc(-c3ccc(C4(N)CCC4)cc3)c(-c3ccccc3)n2n1,7.321002567,0.623063797,Active,0.786885246,TRUE
Cc1cc(-c2cn(CCNC(C)C)c(C3CCN(c4ncnc(N)c4C#N)CC3)n2)ccn1,Cc1cc(-c2cn(CCNC(C)C)c(C3CCN(c4ncnc(N)c4C#N)CC3)n2)ccn1,7.894851123,0.62308141,Active,0.789473684,TRUE
Cn1ncc(-c2cc(C(=O)NC3CNCCC3c3ccc(F)cc3)oc2Cl)c1Cl,Cn1ncc(-c2cc(C(=O)NC3CNCCC3c3ccc(F)cc3)oc2Cl)c1Cl,7.341458817,0.6231493,Active,0.704225352,TRUE
CCc1ncc(OCC(N)Cc2c[nH]c3ccccc23)cc1-c1ccnc2[nH]ccc12,CCc1ncc(OCC(N)Cc2c[nH]c3ccccc23)cc1-c1ccnc2[nH]ccc12,7.779868629,0.623276973,Active,0.676056338,TRUE
NC(=O)NCCCCn1cc(-c2ccc(F)c(C(F)(F)F)c2)nc1C1CCN(c2ncnc(N)c2F)CC1,NC(=O)NCCCCn1cc(-c2ccc(F)c(C(F)(F)F)c2)nc1C1CCN(c2ncnc(N)c2F)CC1,7.554453637,0.623282844,Active,0.717948718,TRUE
Cn1nccc1-c1cc(F)c(C(=O)NC2CNCCC2c2cnc(F)c(F)c2)c(Cl)c1,Cn1nccc1-c1cc(F)c(C(=O)NC2CNCCC2c2cnc(F)c(F)c2)c(Cl)c1,7.310526571,0.623341942,Active,0.808823529,TRUE
Cn1ncc(Br)c1-c1ncc(C(=O)NC2CNCCC2c2ccccc2)o1,Cn1ncc(Br)c1-c1ncc(C(=O)NC2CNCCC2c2ccccc2)o1,7.025840844,0.623437548,Active,0.666666667,TRUE
Cn1ccc(-c2cccc3c2CCN3C(=O)Cc2nc(N3CCOCC3)cc(=O)n2C)n1,Cn1ccc(-c2cccc3c2CCN3C(=O)Cc2nc(N3CCOCC3)cc(=O)n2C)n1,7.078271539,0.623662138,Active,0.742424242,TRUE
COc1cccc2c1CCN2C(=O)Cc1nc(N2CCOCC2)cc(=O)n1Cc1ccc(F)cc1,COc1cccc2c1CCN2C(=O)Cc1nc(N2CCOCC2)cc(=O)n1Cc1ccc(F)cc1,7.053554381,0.62381109,Active,0.742857143,TRUE
Cn1ncc(Cl)c1-c1cc(C(=O)NC2CNCCC2c2cccc(F)c2)nc(C(F)F)c1,Cn1ncc(Cl)c1-c1cc(C(=O)NC2CNCCC2c2cccc(F)c2)nc(C(F)F)c1,7.110125303,0.623844409,Active,0.763888889,TRUE
Cn1cc(Cl)cc1-c1ccc(C(=O)NC2CNCCC2c2ccc(F)c(F)c2)cn1,Cn1cc(Cl)cc1-c1ccc(C(=O)NC2CNCCC2c2ccc(F)c(F)c2)cn1,7.032860549,0.623878831,Active,0.746268657,TRUE
Cn1ncc(-c2ccc(C(=O)NC3CNCCC3c3ccc(F)c(F)c3)cn2)c1C(F)(F)F,Cn1ncc(-c2ccc(C(=O)NC3CNCCC3c3ccc(F)c(F)c3)cn2)c1C(F)(F)F,7.320559688,0.623994732,Active,0.746478873,TRUE
Nc1ncnc(N2CCC(c3nc(-c4ccc(F)c(C(F)(F)F)c4)cn3CC3CCCNCC3)CC2)c1C(F)(F)F,Nc1ncnc(N2CCC(c3nc(-c4ccc(F)c(C(F)(F)F)c4)cn3CC3CCCNCC3)CC2)c1C(F)(F)F,7.22705456,0.624272132,Active,0.7,TRUE
Cn1ncc(C(NC(=O)C2(N)CCN(c3ncnc4[nH]ccc34)CC2)c2ccccc2)n1,Cn1ncc(C(NC(=O)C2(N)CCN(c3ncnc4[nH]ccc34)CC2)c2ccccc2)n1,7.177990324,0.624445939,Active,0.705882353,TRUE
N#Cc1ccc(-c2cn(CCN3CCC3)c(C3CCN(c4cc(N)ncn4)CC3)n2)cc1F,N#Cc1ccc(-c2cn(CCN3CCC3)c(C3CCN(c4cc(N)ncn4)CC3)n2)cc1F,7.017962157,0.624551737,Active,0.791044776,TRUE
CCn1c(CC(=O)N2CCc3ccccc32)nc(N2CCOCC2)cc1=O,CCn1c(CC(=O)N2CCc3ccccc32)nc(N2CCOCC2)cc1=O,7.14201673,0.624904001,Active,0.793103448,TRUE
Cn1ncc(Cl)c1-c1cc(F)c(C(=O)NC2CNCC2c2ccc(F)cc2)cc1F,Cn1ncc(Cl)c1-c1cc(F)c(C(=O)NC2CNCC2c2ccc(F)cc2)cc1F,7.088977996,0.624936575,Active,0.731343284,TRUE
Cc1c(Cl)cn2c(-c3ccccc3)c(-c3ccc(C4(N)CCC4)cc3)nc2c1C,Cc1c(Cl)cn2c(-c3ccccc3)c(-c3ccc(C4(N)CCC4)cc3)nc2c1C,7.08845694,0.62530973,Active,0.830188679,TRUE
CC(C)c1c(N)ncnc1N1CCC(c2nc(-c3ccc(F)nc3)cn2CCN2CCC2)CC1,CC(C)c1c(N)ncnc1N1CCC(c2nc(-c3ccc(F)nc3)cn2CCN2CCC2)CC1,7.325725657,0.625326031,Active,0.626666667,TRUE
NC(=O)c1c(N)ncnc1N1CCC(c2nc(-c3ccc(F)c(F)c3)cn2CCNC2CCCC2)CC1,NC(=O)c1c(N)ncnc1N1CCC(c2nc(-c3ccc(F)c(F)c3)cn2CCNC2CCCC2)CC1,7.285189157,0.62536242,Active,0.876712329,TRUE
Cn1cc(-c2csc(C(=O)NC3CNCCC3c3cccc(F)c3)c2)cn1,Cn1cc(-c2csc(C(=O)NC3CNCCC3c3cccc(F)c3)c2)cn1,7.160911486,0.625384146,Active,0.742857143,TRUE
Cn1nccc1-c1ccc(C(=O)NC2CNCCC2c2ccccc2)cc1F,Cn1nccc1-c1ccc(C(=O)NC2CNCCC2c2ccccc2)cc1F,7.459959654,0.625436032,Active,0.836065574,TRUE
Cn1nncc1-c1ccc(C(=O)NC2CNCCC2c2ccc(F)c(F)c2)cc1,Cn1nncc1-c1ccc(C(=O)NC2CNCCC2c2ccc(F)c(F)c2)cc1,7.212417914,0.625447714,Active,0.761904762,TRUE
NC(Cc1ccc(F)cc1F)C(=O)N1CCN(c2ncnc3ccc(Cl)cc23)CC1,NC(Cc1ccc(F)cc1F)C(=O)N1CCN(c2ncnc3ccc(Cl)cc23)CC1,7.037266795,0.625571036,Active,0.676923077,TRUE
NC1(C(=O)NC(Cc2ccccc2)c2ccccc2)CCN(c2ncnc3[nH]ccc23)CC1,NC1(C(=O)NC(Cc2ccccc2)c2ccccc2)CCN(c2ncnc3[nH]ccc23)CC1,7.079729452,0.625592673,Active,0.803278689,TRUE
Nc1ncnc(N2CCC(c3nc(-c4cnc(=S)[nH]c4)cn3CCN3CCC3)CC2)c1Cl,Nc1ncnc(N2CCC(c3nc(-c4cnc(=S)[nH]c4)cn3CCN3CCC3)CC2)c1Cl,7.247216815,0.625736499,Active,0.684931507,TRUE
Cn1ncc(Cl)c1-c1cc(C(=O)NC(CN)Cc2cccc(F)c2)cc(C(F)F)c1,Cn1ncc(Cl)c1-c1cc(C(=O)NC(CN)Cc2cccc(F)c2)cc(C(F)F)c1,7.092204479,0.625973308,Active,0.652777778,TRUE
Cn1ccc(-c2cnc3cc(-c4ccccc4)c(-c4ccc(C5(N)CCC5)cc4)nn23)c1,Cn1ccc(-c2cnc3cc(-c4ccccc4)c(-c4ccc(C5(N)CCC5)cc4)nn23)c1,7.244500047,0.62603786,Active,0.762711864,TRUE
Cn1ncc(Cl)c1-c1ccc(C(=O)NC2CNCCC2c2cncc(F)c2)o1,Cn1ncc(Cl)c1-c1ccc(C(=O)NC2CNCCC2c2cncc(F)c2)o1,7.480513904,0.626065427,Active,0.772727273,TRUE
NC(=O)c1c(N)ncnc1N1CCC(c2nc(-c3ccc(F)c(C(F)(F)F)c3)cn(CC3CC3)c2=O)CC1,NC(=O)c1c(N)ncnc1N1CCC(c2nc(-c3ccc(F)c(C(F)(F)F)c3)cn(CC3CC3)c2=O)CC1,7.307536025,0.626078242,Active,0.7375,TRUE
CC(NC(=O)C1(N)CCN(c2ncnc3[nH]ccc23)CC1)c1ccc(C(F)F)nc1,CC(NC(=O)C1(N)CCN(c2ncnc3[nH]ccc23)CC1)c1ccc(C(F)F)nc1,7.165882347,0.626311296,Active,0.761904762,TRUE
Cn1ncc(C(=O)NC2CNCCC2c2cccc(F)c2)c1-c1ccccc1,Cn1ncc(C(=O)NC2CNCCC2c2cccc(F)c2)c1-c1ccccc1,7.000443872,0.626380557,Active,0.71641791,TRUE
O=C(Cc1nc(N2CCOCC2)cc(=O)n1-c1ccc(Br)cc1)Nc1ccc(F)c(Cl)c1,O=C(Cc1nc(N2CCOCC2)cc(=O)n1-c1ccc(Br)cc1)Nc1ccc(F)c(Cl)c1,7.006422106,0.626408303,Active,0.727272727,TRUE
Cc1nc(N)nc2c1cc(-c1ccc(S(N)(=O)=O)cc1)c(=O)n2C1CCC(OCCO)CC1,Cc1nc(N)nc2c1cc(-c1ccc(S(N)(=O)=O)cc1)c(=O)n2C1CCC(OCCO)CC1,7.073312489,0.626510137,Active,0.739130435,TRUE
O=C(NC1CNCCC1c1cccnc1)c1ccc2c(c1)OCCn1nccc1-2,O=C(NC1CNCCC1c1cccnc1)c1ccc2c(c1)OCCn1nccc1-2,8.140425766,0.6265172,Active,0.764705882,TRUE
COc1ccc(-n2c(CC(=O)N3CCc4ccccc43)nc(N3CCOCC3)cc2=O)cc1,COc1ccc(-n2c(CC(=O)N3CCc4ccccc43)nc(N3CCOCC3)cc2=O)cc1,7.149772467,0.626644605,Active,0.822580645,TRUE
CC1SCCc2ncnc(N3CCN(C(=O)C(N)Cc4ccc(Cl)cc4)C3)c21,CC1SCCc2ncnc(N3CCN(C(=O)C(N)Cc4ccc(Cl)cc4)C3)c21,7.268407325,0.626716042,Active,0.753846154,TRUE
NC(=O)c1ncnc(N2CCC(c3nc(-c4ccc(F)c(F)c4)cn3CCN3CCCC3)CC2)c1F,NC(=O)c1ncnc(N2CCC(c3nc(-c4ccc(F)c(F)c4)cn3CCN3CCCC3)CC2)c1F,7.407457611,0.626859927,Active,0.788732394,TRUE
CCc1c(N)ncnc1N1CCC(c2nc(-c3ccc(F)cc3F)cn2CCN2CCC2)C(F)C1,CCc1c(N)ncnc1N1CCC(c2nc(-c3ccc(F)cc3F)cn2CCN2CCC2)C(F)C1,7.636361406,0.626950735,Active,0.728395062,TRUE
NC(=O)CC1(N)CCN(c2ncnc3[nH]cc(Cl)c23)CC1,NC(=O)CC1(N)CCN(c2ncnc3[nH]cc(Cl)c23)CC1,7.162593407,0.627083564,Active,0.606557377,TRUE
CCNC(=O)CCn1cc(-c2ccc(F)c(C(F)(F)F)c2)nc1C1CCN(c2cc(N)ncn2)CC1,CCNC(=O)CCn1cc(-c2ccc(F)c(C(F)(F)F)c2)nc1C1CCN(c2cc(N)ncn2)CC1,7.302661232,0.627178097,Active,0.714285714,TRUE
NC(COc1cncc(-c2ccc3c[nH]nc3n2)c1)Cc1cccc(F)c1,NC(COc1cncc(-c2ccc3c[nH]nc3n2)c1)Cc1cccc(F)c1,7.300248481,0.62724843,Active,0.617647059,TRUE
Cn1ncc(Br)c1-c1ccc(C(=O)NC2CNCCC2c2cccc(C(F)(F)F)c2)o1,Cn1ncc(Br)c1-c1ccc(C(=O)NC2CNCCC2c2cccc(C(F)(F)F)c2)o1,7.332587318,0.627716058,Active,0.708333333,TRUE
NCCn1cc(-c2ccc(F)c(O)c2)nc1C1CCN(c2ncnc(N)c2C(N)=O)CC1,NCCn1cc(-c2ccc(F)c(O)c2)nc1C1CCN(c2ncnc(N)c2C(N)=O)CC1,7.276265051,0.627727264,Active,0.814285714,TRUE
O=C(NC1CNCCC1c1cccc(F)c1)c1ccc(-c2cc(Cl)[n+]([O-])cc2-c2cc(F)nc(F)c2)cn1,O=C(NC1CNCCC1c1cccc(F)c1)c1ccc(-c2cc(Cl)[n+]([O-])cc2-c2cc(F)nc(F)c2)cn1,7.167642904,0.627812171,Active,0.623376623,TRUE
NC1(c2ccc(-c3nc4c(C(=O)O)cccn4c3-c3ccccc3)cc2)CCC1,NC1(c2ccc(-c3nc4c(C(=O)O)cccn4c3-c3ccccc3)cc2)CCC1,7.040527548,0.627817476,Active,0.862745098,TRUE
Cc1c(N2CCOCC2)nc(CC(=O)N2CCc3ccccc32)n1C,Cc1c(N2CCOCC2)nc(CC(=O)N2CCc3ccccc32)n1C,7.064490145,0.627901071,Active,0.694915254,TRUE
NC1(C(=O)c2ccc(F)cc2F)CCN(c2ncnc3[nH]ccc23)CC1,NC1(C(=O)c2ccc(F)cc2F)CCN(c2ncnc3[nH]ccc23)CC1,7.231618492,0.627920681,Active,0.609375,TRUE
NC(=O)NC(Cc1ccc(F)c(Br)c1)C(=O)N1CCN(c2ncnc3ccccc23)CC1,NC(=O)NC(Cc1ccc(F)c(Br)c1)C(=O)N1CCN(c2ncnc3ccccc23)CC1,7.226519981,0.627966189,Active,0.647058824,TRUE
Cn1nccc1-c1cc(C(=O)NC2CNCCC2c2cccc(F)c2)nc(C(F)(F)F)c1,Cn1nccc1-c1cc(C(=O)NC2CNCCC2c2cccc(F)c2)nc(C(F)(F)F)c1,7.06135396,0.627999836,Active,0.732394366,TRUE
Cn1ncc(-c2ccc(C(=O)NC3CNCCC3c3ccc(F)c(F)c3)cc2F)n1,Cn1ncc(-c2ccc(C(=O)NC3CNCCC3c3ccc(F)c(F)c3)cc2F)n1,7.541084867,0.628041828,Active,0.71641791,TRUE
Cn1cc(N2CCCC2)nc1CC(=O)N1CCc2c(Cl)cccc21,Cn1cc(N2CCCC2)nc1CC(=O)N1CCc2c(Cl)cccc21,7.122666924,0.628234947,Active,0.625,TRUE
COCCCn1c(CC(=O)N2c3ccccc3CC2C)nc(N2CCOCC2)cc1=O,COCCCn1c(CC(=O)N2c3ccccc3CC2C)nc(N2CCOCC2)cc1=O,7.156132178,0.628244841,Active,0.746268657,TRUE
Cn1ncc(Cl)c1-c1ccc(C(=O)NC2CNCCC2c2cccc(F)c2)o1,Cn1ncc(Cl)c1-c1ccc(C(=O)NC2CNCCC2c2cccc(F)c2)o1,7.475105772,0.628284597,Active,0.76119403,TRUE
CC(N)Cn1cc(-c2ccc(F)c(C(F)(F)F)c2)nc1C1CCN(c2cc(N)ncn2)CC1,CC(N)Cn1cc(-c2ccc(F)c(C(F)(F)F)c2)nc1C1CCN(c2cc(N)ncn2)CC1,7.293828166,0.628306144,Active,0.746478873,TRUE
Cn1c(-c2cc(F)c(C(=O)NC3CNCCC3c3ccc(F)cc3)cc2F)cnc1F,Cn1c(-c2cc(F)c(C(=O)NC3CNCCC3c3ccc(F)cc3)cc2F)cnc1F,7.112002362,0.628542119,Active,0.738461538,TRUE
Nc1ccc(CC(N)C(=O)N2CCN(c3ncnc4ccc(Cl)cc34)CC2)cc1Br,Nc1ccc(CC(N)C(=O)N2CCN(c3ncnc4ccc(Cl)cc34)CC2)cc1Br,7.34625527,0.628544772,Active,0.73015873,TRUE
NC1(C(=O)NC(Cc2ccccc2)C(F)(F)F)CCN(c2ncnc3[nH]ccc23)CC1,NC1(C(=O)NC(Cc2ccccc2)C(F)(F)F)CCN(c2ncnc3[nH]ccc23)CC1,7.484655571,0.628553087,Active,0.661538462,TRUE
NC(=O)c1cccc2c(NC(CN3CC(O)C3)c3ccc(F)c(Cl)c3)ncnc12,NC(=O)c1cccc2c(NC(CN3CC(O)C3)c3ccc(F)c(Cl)c3)ncnc12,7.427454408,0.628599936,Active,0.710144928,TRUE
Cn1c(CC(=O)N2CCc3c(-c4ccnc(F)c4)cccc32)nc(N2CCOCC2)cc1=O,Cn1c(CC(=O)N2CCc3c(-c4ccnc(F)c4)cccc32)nc(N2CCOCC2)cc1=O,7.167140993,0.628600234,Active,0.739130435,TRUE
COc1ncc(-c2ccnn2C)cc1C(=O)NC1CNCCC1c1cccc(F)c1,COc1ncc(-c2ccnn2C)cc1C(=O)NC1CNCCC1c1cccc(F)c1,7.244043991,0.628663474,Active,0.732394366,TRUE
Cn1nccc1-c1ccc(C(=O)NC2CNCC2c2cccc(F)c2)cc1F,Cn1nccc1-c1ccc(C(=O)NC2CNCC2c2cccc(F)c2)cc1F,7.315178675,0.628676856,Active,0.723076923,TRUE
Cn1nccc1-c1ccc(C(=O)NC2CNCCC2c2cccc(Br)c2)cc1F,Cn1nccc1-c1ccc(C(=O)NC2CNCCC2c2cccc(Br)c2)cc1F,7.470126125,0.628784651,Active,0.787878788,TRUE
Cc1cnn(C)c1-c1ccnc(C(=O)NC2CNCCC2c2cccc(F)c2)c1,Cc1cnn(C)c1-c1ccnc(C(=O)NC2CNCCC2c2cccc(F)c2)c1,7.076304097,0.628799045,Active,0.704225352,TRUE
Nc1ncnc(N2CCC(c3nc(-c4ccc(F)cc4)cn3CC(=O)c3ccc(F)cc3F)CC2)c1Cl,Nc1ncnc(N2CCC(c3nc(-c4ccc(F)cc4)cn3CC(=O)c3ccc(F)cc3F)CC2)c1Cl,7.24226731,0.628828877,Active,0.657534247,TRUE
Cn1ncc(C(=O)NC2CNCCC2c2ccc(F)c(F)c2)c1-c1cc(Cl)cc(Cl)c1,Cn1ncc(C(=O)NC2CNCCC2c2ccc(F)c(F)c2)c1-c1cc(Cl)cc(Cl)c1,7.328137474,0.629070902,Active,0.742424242,TRUE
Cn1cc(-c2cn(CCN3CCCC3)c(C3CCN(c4ncnc(N)c4Cl)CC3)n2)cn1,Cn1cc(-c2cn(CCN3CCCC3)c(C3CCN(c4ncnc(N)c4Cl)CC3)n2)cn1,7.308627728,0.629090959,Active,0.753846154,TRUE
COc1ccc(-c2ccc3nc(-c4ccc(C5(N)CCC5)cc4)c(-c4ccccc4)n3n2)cn1,COc1ccc(-c2ccc3nc(-c4ccc(C5(N)CCC5)cc4)c(-c4ccccc4)n3n2)cn1,7.378632478,0.629345769,Active,0.789473684,TRUE
O=C(Nc1nc2ccc(-c3cnc(Cl)c(NS(=O)(=O)c4ccccc4F)c3)cc2s1)c1cccnc1,O=C(Nc1nc2ccc(-c3cnc(Cl)c(NS(=O)(=O)c4ccccc4F)c3)cc2s1)c1cccnc1,7.810718387,0.629441971,Active,0.76056338,TRUE
Cn1ncc(-c2coc(C(=O)NC3CNCCC3c3ccc(F)c(F)c3)c2)c1Cl,Cn1ncc(-c2coc(C(=O)NC3CNCCC3c3ccc(F)c(F)c3)c2)c1Cl,7.316853502,0.629479522,Active,0.797101449,TRUE
CC1SCc2ncnc(N3CCN(C(=O)C(Cc4ccc(Cl)cc4)NC(=O)c4ccnc5ccccc45)CC3)c21,CC1SCc2ncnc(N3CCN(C(=O)C(Cc4ccc(Cl)cc4)NC(=O)c4ccnc5ccccc45)CC3)c21,7.026441658,0.629546279,Active,0.636363636,TRUE
COc1ccc(-c2cn(CCN3CCC3)c(C3CCN(c4ncnc(N)c4Br)CC3)n2)cn1,COc1ccc(-c2cn(CCN3CCC3)c(C3CCN(c4ncnc(N)c4Br)CC3)n2)cn1,7.357692532,0.629753137,Active,0.714285714,TRUE
Cc1oc(C(=O)NC2CNCCC2c2ccc(F)c(F)c2)nc1-c1c(Cl)cnn1C,Cc1oc(C(=O)NC2CNCCC2c2ccc(F)c(F)c2)nc1-c1c(Cl)cnn1C,7.287718626,0.629777932,Active,0.718309859,TRUE
Nc1cc(N2CCC(c3nc(-c4ccc(F)c(C(F)(F)F)c4)cn3CCC(=O)NC3CC3)CC2)ncn1,Nc1cc(N2CCC(c3nc(-c4ccc(F)c(C(F)(F)F)c4)cn3CCC(=O)NC3CC3)CC2)ncn1,7.334596558,0.629848653,Active,0.723684211,TRUE
Cn1ncc(Cl)c1-c1csc(C(=O)NC2CNCC2c2ccc(F)c(F)c2)c1,Cn1ncc(Cl)c1-c1csc(C(=O)NC2CNCC2c2ccc(F)c(F)c2)c1,7.437812692,0.630031848,Active,0.720588235,TRUE
CNC(=O)CCCn1cc(-c2ccc(F)c(C(F)(F)F)c2)nc1C1CCN(c2ncnc(N)c2F)CC1,CNC(=O)CCCn1cc(-c2ccc(F)c(C(F)(F)F)c2)nc1C1CCN(c2ncnc(N)c2F)CC1,7.41757652,0.63003757,Active,0.717948718,TRUE
O=C(Cc1nc(=O)c(Br)c(N2CCOCC2)[nH]1)Nc1ccc(F)c(F)c1,O=C(Cc1nc(=O)c(Br)c(N2CCOCC2)[nH]1)Nc1ccc(F)c(F)c1,7.207278649,0.630051607,Active,0.68852459,TRUE
Cn1ncc(-c2ccc(C(=O)NC3CNCCC3c3ccc(F)c(F)c3)cc2F)c1Cl,Cn1ncc(-c2ccc(C(=O)NC3CNCCC3c3ccc(F)c(F)c3)cc2F)c1Cl,7.338142404,0.630148643,Active,0.731343284,TRUE
O=C(Cc1nc(N2CCOCC2)cc(=O)n1C1CC1)N1CCc2ccccc21,O=C(Cc1nc(N2CCOCC2)cc(=O)n1C1CC1)N1CCc2ccccc21,7.210428578,0.630276108,Active,0.75,TRUE
Cn1cc(-c2ccc(C(=O)NC3CNCCC3c3ccc(F)c(F)c3)cn2)cn1,Cn1cc(-c2ccc(C(=O)NC3CNCCC3c3ccc(F)c(F)c3)cn2)cn1,7.074025624,0.630317205,Active,0.757575758,TRUE
COc1cc(F)ccc1CNC(=O)C1(N)CCN(c2ncnc3[nH]ccc23)CC1,COc1cc(F)ccc1CNC(=O)C1(N)CCN(c2ncnc3[nH]ccc23)CC1,7.084464788,0.630470389,Active,0.617647059,TRUE
Cn1ncc(Cl)c1-c1cc(C(=O)NC2CCCNC2)oc1Cl,Cn1ncc(Cl)c1-c1cc(C(=O)NC2CCCNC2)oc1Cl,7.300264858,0.630626792,Active,0.666666667,TRUE
NC(Cc1cccc(Cl)c1)C(=O)N1CCN(c2ncnc3cccc(Cl)c23)CC1,NC(Cc1cccc(Cl)c1)C(=O)N1CCN(c2ncnc3cccc(Cl)c23)CC1,7.180963915,0.63076421,Active,0.779661017,TRUE
Cn1c(CC(=O)N2CCc3c(-c4ccc(F)cn4)cccc32)nc(N2CCOCC2)cc1=O,Cn1c(CC(=O)N2CCc3c(-c4ccc(F)cn4)cccc32)nc(N2CCOCC2)cc1=O,7.243625043,0.631241971,Active,0.739130435,TRUE
NC(Cc1ccc(Cl)c(Cl)c1)C(=O)N1CCN(c2ncnc3[nH]ncc23)CC1,NC(Cc1ccc(Cl)c(Cl)c1)C(=O)N1CCN(c2ncnc3[nH]ncc23)CC1,7.621487097,0.63126775,Active,0.807017544,TRUE
NC1(C(=O)NCc2ccsc2)CCN(c2ncnc3[nH]ccc23)CC1,NC1(C(=O)NCc2ccsc2)CCN(c2ncnc3[nH]ccc23)CC1,7.154822751,0.631283605,Active,0.745762712,TRUE
Cc1cc(F)ccc1NC(=O)Cc1nc(=O)c(Br)c(N2CCOCC2)[nH]1,Cc1cc(F)ccc1NC(=O)Cc1nc(=O)c(Br)c(N2CCOCC2)[nH]1,7.077295904,0.631345683,Active,0.703125,TRUE
NC(=O)CC(NC(=O)C1(N)CCN(c2ncnc3[nH]ncc23)CC1)c1cccc(F)c1,NC(=O)CC(NC(=O)C1(N)CCN(c2ncnc3[nH]ncc23)CC1)c1cccc(F)c1,7.357198523,0.631466949,Active,0.608108108,TRUE
Nc1cc(N2CCC(c3nc(-c4cc(F)c(C(F)(F)F)c(F)c4)cn3CCN3CCC3)CC2)ncn1,Nc1cc(N2CCC(c3nc(-c4cc(F)c(C(F)(F)F)c(F)c4)cn3CCN3CCC3)CC2)ncn1,7.01556424,0.631479436,Active,0.779411765,TRUE
Cc1cc2ncnc(N3CCN(C(=O)C(N)Cc4ccc(Cl)c(Cl)c4)CC3)c2cc1F,Cc1cc2ncnc(N3CCN(C(=O)C(N)Cc4ccc(Cl)c(Cl)c4)CC3)c2cc1F,7.320046481,0.631545836,Active,0.71875,TRUE
NC(=O)CC(NC(=O)C1(N)CCN(c2ncnc3[nH]ncc23)CC1)c1cc(F)cc(F)c1,NC(=O)CC(NC(=O)C1(N)CCN(c2ncnc3[nH]ncc23)CC1)c1cc(F)cc(F)c1,7.330099338,0.631606394,Active,0.61971831,TRUE
CC(NC(=O)NCC1CCN(c2ncnc3[nH]ccc23)C1)c1ccc(F)cc1,CC(NC(=O)NCC1CCN(c2ncnc3[nH]ccc23)C1)c1ccc(F)cc1,7.227336153,0.632054919,Active,0.608695652,TRUE
O=C(Nc1nc2ccc(-c3cnc(Cl)c(NS(=O)(=O)c4ccccc4)c3)cc2s1)c1cccnc1,O=C(Nc1nc2ccc(-c3cnc(Cl)c(NS(=O)(=O)c4ccccc4)c3)cc2s1)c1cccnc1,7.754381834,0.632086986,Active,0.746268657,TRUE
Nc1cc(N2CCC(c3nc(-c4ccnc(Cl)c4)cn3CCN3CCCC3)CC2)ncn1,Nc1cc(N2CCC(c3nc(-c4ccnc(Cl)c4)cn3CCN3CCCC3)CC2)ncn1,7.370019032,0.632177734,Active,0.742424242,TRUE
CC(=O)c1cc(-c2cn(CCN3CCCC3)c(C3CCN(c4cc(N)ncn4)CC3)n2)ccn1,CC(=O)c1cc(-c2cn(CCN3CCCC3)c(C3CCN(c4cc(N)ncn4)CC3)n2)ccn1,7.381793576,0.632437372,Active,0.7,TRUE
Cn1nccc1-c1ccc(C(=O)NC2CNCCC2c2nc(C3CC3)no2)cc1F,Cn1nccc1-c1ccc(C(=O)NC2CNCCC2c2nc(C3CC3)no2)cc1F,7.332190807,0.632570827,Active,0.7,TRUE
Nc1ncnc(N2CCC(c3nc(-c4ccc(F)c(C(F)(F)F)c4)cn3CCN3CCOCC3)CC2)c1Cl,Nc1ncnc(N2CCC(c3nc(-c4ccc(F)c(C(F)(F)F)c4)cn3CCN3CCOCC3)CC2)c1Cl,7.315037946,0.632586622,Active,0.885714286,TRUE
NC1(c2ccc(-c3nc4ccc(C(=O)c5ccc(F)cc5)nn4c3-c3ccccc3)cc2)CCC1,NC1(c2ccc(-c3nc4ccc(C(=O)c5ccc(F)cc5)nn4c3-c3ccccc3)cc2)CCC1,7.154994813,0.63286736,Active,0.771929825,TRUE
O=C(NC1CNCCC1c1cccc(F)c1)c1ccc(-c2cccc(F)c2)s1,O=C(NC1CNCCC1c1cccc(F)c1)c1ccc(-c2cccc(F)c2)s1,7.009974387,0.632882261,Active,0.703125,TRUE
Nc1ncnc(N2CCC(c3nc(-c4ccccc4)cn3CCN3CCC3)CC2)c1Cl,Nc1ncnc(N2CCC(c3nc(-c4ccccc4)cn3CCN3CCC3)CC2)c1Cl,7.290232706,0.63303324,Active,0.806451613,TRUE
NCC(Cc1ccc(Cl)c(Cl)c1)C(=O)N1CCN(c2ncnc3ccccc23)CC1,NCC(Cc1ccc(Cl)c(Cl)c1)C(=O)N1CCN(c2ncnc3ccccc23)CC1,7.02094147,0.633067572,Active,0.796610169,TRUE
CCOc1cnc(-c2ccnn2C)cc1C(=O)NC1CNCCC1c1ccc(F)c(F)c1,CCOc1cnc(-c2ccnn2C)cc1C(=O)NC1CNCCC1c1ccc(F)c(F)c1,7.29895501,0.633309597,Active,0.722222222,TRUE
COCCC(=O)N1CCN(c2ncnc3[nH]cc(Br)c23)CC1,COCCC(=O)N1CCN(c2ncnc3[nH]cc(Br)c23)CC1,7.007084978,0.633322084,Active,0.627118644,TRUE
NC(=O)c1ccc(N2CCC(c3nc(-c4ccc(F)c(F)c4)cn3CCN3CCCC3)CC2)nc1,NC(=O)c1ccc(N2CCC(c3nc(-c4ccc(F)c(F)c4)cn3CCN3CCCC3)CC2)nc1,7.093816765,0.633418018,Active,0.68,TRUE
NC1(C(=O)NC2CC2c2ccc(F)cc2)CCN(c2ncnc3[nH]ccc23)CC1,NC1(C(=O)NC2CC2c2ccc(F)cc2)CCN(c2ncnc3[nH]ccc23)CC1,7.401243542,0.633607501,Active,0.636363636,TRUE
Cn1nccc1Cn1nc(Cl)cc(C(=O)NC2CNCCC2c2ccc(F)c(F)c2)c1=O,Cn1nccc1Cn1nc(Cl)cc(C(=O)NC2CNCCC2c2ccc(F)c(F)c2)c1=O,7.246706508,0.633748704,Active,0.623376623,TRUE
COc1c(N)ncnc1N1CCC(c2nc(-c3ccc(C#N)cc3)cn2CCN2CCCC2)CC1,COc1c(N)ncnc1N1CCC(c2nc(-c3ccc(C#N)cc3)cn2CCN2CCCC2)CC1,7.095548008,0.633781278,Active,0.684931507,TRUE
NC1(C(=O)NCc2cccc(F)c2F)CCN(c2ncnc3[nH]ccc23)CC1,NC1(C(=O)NCc2cccc(F)c2F)CCN(c2ncnc3[nH]ccc23)CC1,7.329460631,0.633895332,Active,0.666666667,TRUE
Cn1ncc(N)c1-c1cc(F)c(C(=O)NC2CNCCC2c2ccc(F)cc2)cc1F,Cn1ncc(N)c1-c1cc(F)c(C(=O)NC2CNCCC2c2ccc(F)cc2)cc1F,7.263476451,0.633984947,Active,0.71641791,TRUE
Cc1nc(N)nc2c1cc(-c1ccc(C#N)c(F)c1)c(=O)n2C1CCC(OCC(N)=O)CC1,Cc1nc(N)nc2c1cc(-c1ccc(C#N)c(F)c1)c(=O)n2C1CCC(OCC(N)=O)CC1,7.223981061,0.6342664,Active,0.697368421,TRUE
CNC(=O)c1c(N)ncnc1N1CCC(c2nc(-c3ccc(F)c(C(F)(F)F)c3)cn2CCN2CCC2)CC1,CNC(=O)c1c(N)ncnc1N1CCC(c2nc(-c3ccc(F)c(C(F)(F)F)c3)cn2CCN2CCC2)CC1,7.160560498,0.634282166,Active,0.844155844,TRUE
O=C(Cc1nc(N2CCOCC2)cc(=O)n1CC(F)F)N1CCc2c(OC(F)F)cccc21,O=C(Cc1nc(N2CCOCC2)cc(=O)n1CC(F)F)N1CCc2c(OC(F)F)cccc21,7.107969646,0.634342039,Active,0.797101449,TRUE
Cc1cccc2c(N3CCN(C(=O)C(N)Cc4ccc(Cl)c(Cl)c4)CC3)ncnc12,Cc1cccc2c(N3CCN(C(=O)C(N)Cc4ccc(Cl)c(Cl)c4)CC3)ncnc12,7.165296687,0.634505534,Active,0.741935484,TRUE
Cn1ncc(Br)c1-c1cc(Cl)c(C(=O)NC2CNCCC2c2cccc(F)c2)cc1F,Cn1ncc(Br)c1-c1cc(Cl)c(C(=O)NC2CNCCC2c2cccc(F)c2)cc1F,7.409879431,0.63452422,Active,0.712328767,TRUE
Cn1c(CC(=O)Nc2ccc(Br)c(F)c2F)nc(N2CCOCC2)cc1=O,Cn1c(CC(=O)Nc2ccc(Br)c(F)c2F)nc(N2CCOCC2)cc1=O,7.097861352,0.634679759,Active,0.714285714,TRUE
Cc1c(-c2cnn(C)c2)ccc(C(=O)NC2CNCCC2c2ccc(F)c(F)c2)c1F,Cc1c(-c2cnn(C)c2)ccc(C(=O)NC2CNCCC2c2ccc(F)c(F)c2)c1F,7.363002092,0.634779626,Active,0.633802817,TRUE
NC(Cc1ccc(Cl)c(Cl)c1)C(=O)N1CCN(c2ncnc3cccc(F)c23)CC1,NC(Cc1ccc(Cl)c(Cl)c1)C(=O)N1CCN(c2ncnc3cccc(F)c23)CC1,7.40235621,0.634825075,Active,0.741935484,TRUE
Cn1nccc1C1CCNCC1NC(=O)c1cc2c(s1)CCCn1nccc1-2,Cn1nccc1C1CCNCC1NC(=O)c1cc2c(s1)CCCn1nccc1-2,7.433043513,0.634903991,Active,0.708333333,TRUE
COc1cc(-c2cn(CCN(C)C)c(C3CCN(c4ncnc(N)c4C(N)=O)CC3)n2)ccc1F,COc1cc(-c2cn(CCN(C)C)c(C3CCN(c4ncnc(N)c4C(N)=O)CC3)n2)ccc1F,7.315961296,0.634904498,Active,0.826666667,TRUE
CNc1ncnc(N2CCC(c3nc(-c4ccc(F)cc4)cn3CCN3CCC3)CC2)c1OC,CNc1ncnc(N2CCC(c3nc(-c4ccc(F)cc4)cn3CCN3CCC3)CC2)c1OC,7.140136709,0.635026449,Active,0.635135135,TRUE
Cn1cc(-c2cc(C(=O)NC(CN)Cc3ccc(F)c(F)c3)oc2Cl)cn1,Cn1cc(-c2cc(C(=O)NC(CN)Cc3ccc(F)c(F)c3)oc2Cl)cn1,7.210672566,0.6351408,Active,0.727272727,TRUE
Cn1nccc1-c1ccc(C(=O)NC2CNCCC2c2cncc(F)c2)c(F)c1,Cn1nccc1-c1ccc(C(=O)NC2CNCCC2c2cncc(F)c2)c(F)c1,7.286778342,0.635142976,Active,0.852459016,TRUE
Cn1ncc(Cl)c1-c1cc(C(=O)NC2CNCCC2c2ccccc2)c(Cl)nc1Cl,Cn1ncc(Cl)c1-c1cc(C(=O)NC2CNCCC2c2ccccc2)c(Cl)nc1Cl,7.282658221,0.6351785,Active,0.705882353,TRUE
Cn1ncc(Br)c1-c1cc(F)c(C(=O)NC2CNCCC2c2cnc(Br)cn2)cc1F,Cn1ncc(Br)c1-c1cc(F)c(C(=O)NC2CNCCC2c2cnc(Br)cn2)cc1F,7.25998937,0.635317051,Active,0.728571429,TRUE
Cn1cc(-c2c(F)cccc2C(=O)NC2CNCCC2c2ccc(F)c(F)c2)cn1,Cn1cc(-c2c(F)cccc2C(=O)NC2CNCCC2c2ccc(F)c(F)c2)cn1,7.355974317,0.635340714,Active,0.628571429,TRUE
Cc1[nH]nc2cnc(-c3cncc(OCC(N)Cc4ccncc4)c3)cc12,Cc1[nH]nc2cnc(-c3cncc(OCC(N)Cc4ccncc4)c3)cc12,7.521379098,0.635513091,Active,0.64516129,TRUE
NC(Cc1ccc(F)cc1)C(=O)N1CCN(c2ncnc3ccc(Br)cc23)CC1,NC(Cc1ccc(F)cc1)C(=O)N1CCN(c2ncnc3ccc(Br)cc23)CC1,7.179417461,0.635539138,Active,0.75862069,TRUE
O=C(NC(c1cccc(Cl)c1)C1CCNC1)c1cc2ccncc2s1,O=C(NC(c1cccc(Cl)c1)C1CCNC1)c1cc2ccncc2s1,7.109993424,0.635680819,Active,0.617647059,TRUE
Cn1c(CC(=O)N2c3ccccc3CC2c2ccccn2)nc(N2CCOCC2)cc1=O,Cn1c(CC(=O)N2c3ccccc3CC2c2ccccn2)nc(N2CCOCC2)cc1=O,7.022601829,0.635711217,Active,0.742424242,TRUE
CC1SCc2ncnc(N3CCCN(C(=O)CC(N)Cc4ccc(F)cc4)CC3)c21,CC1SCc2ncnc(N3CCCN(C(=O)CC(N)Cc4ccc(F)cc4)CC3)c21,7.1092703,0.635781759,Active,0.731343284,TRUE
CCn1cc(-c2ccc(F)c(OC(F)(F)F)c2)nc1C1CCN(c2ncnc(N)c2C(N)=O)CC1,CCn1cc(-c2ccc(F)c(OC(F)(F)F)c2)nc1C1CCN(c2ncnc(N)c2C(N)=O)CC1,7.31529235,0.635795319,Active,0.7125,TRUE
NC(COc1cncc(-c2ccc3c[nH]nc3c2)c1)Cc1c[nH]c2ccccc12,NC(COc1cncc(-c2ccc3c[nH]nc3c2)c1)Cc1c[nH]c2ccccc12,7.96345044,0.63582679,Active,0.758064516,TRUE
Cn1cc(-c2cc(Cl)c(C(=O)NC3CNCCC3c3ccc(F)c(F)c3)c(Cl)c2)cn1,Cn1cc(-c2cc(Cl)c(C(=O)NC3CNCCC3c3ccc(F)c(F)c3)c(Cl)c2)cn1,7.263823367,0.635863626,Active,0.720588235,TRUE
CCOc1c(N)ncnc1N1CCC(c2nc(-c3ccc(F)c(C)c3)cn2C)CC1,CCOc1c(N)ncnc1N1CCC(c2nc(-c3ccc(F)c(C)c3)cn2C)CC1,7.013030761,0.635926211,Active,0.808823529,TRUE
Cn1nccc1-c1nc2ccc(-c3ccccc3)nc2n1-c1ccc(C2(N)CCC2)cc1,Cn1nccc1-c1nc2ccc(-c3ccccc3)nc2n1-c1ccc(C2(N)CCC2)cc1,7.423950695,0.63608458,Active,0.745454545,TRUE
Cn1c(CC(=O)N2CCc3c(-c4ccncc4)cccc32)nc(N2CCOCC2)cc1=O,Cn1c(CC(=O)N2CCc3c(-c4ccncc4)cccc32)nc(N2CCOCC2)cc1=O,7.217699789,0.636182362,Active,0.753846154,TRUE
NC(Cc1ccc(Cl)cc1)C(=O)N1CCN(c2ncnc3ccc(NC(=O)c4cccs4)cc23)CC1,NC(Cc1ccc(Cl)cc1)C(=O)N1CCN(c2ncnc3ccc(NC(=O)c4cccs4)cc23)CC1,7.059688532,0.636251622,Active,0.764705882,TRUE
NC(=O)c1[nH]nc2cc(-c3cncc(OCC(N)Cc4cccc(F)c4)c3)ccc12,NC(=O)c1[nH]nc2cc(-c3cncc(OCC(N)Cc4cccc(F)c4)c3)ccc12,7.299209355,0.63625505,Active,0.652173913,TRUE
Cn1nccc1-c1cc(C(=O)NC2CNCCC2c2cccc(F)c2)ccn1,Cn1nccc1-c1cc(C(=O)NC2CNCCC2c2cccc(F)c2)ccn1,7.198830827,0.636339003,Active,0.710144928,TRUE
Cn1ncc(-c2ccc(C(=O)NC3CNCCC3c3ccc(F)c(F)c3)c(F)c2)c1Br,Cn1ncc(-c2ccc(C(=O)NC3CNCCC3c3ccc(F)c(F)c3)c(F)c2)c1Br,7.151201418,0.636366779,Active,0.731343284,TRUE
NC(=O)c1ccc2nc(-c3ccc(C4(N)CCNCC4)cc3)c(-c3ccccc3)n2n1,NC(=O)c1ccc2nc(-c3ccc(C4(N)CCNCC4)cc3)c(-c3ccccc3)n2n1,7.321237879,0.636373007,Active,0.833333333,TRUE
CNC(=O)c1c(N)ncnc1N1CCC(c2nc(-c3ccc(F)c(F)c3)cn2CCNC(C)C)CC1,CNC(=O)c1c(N)ncnc1N1CCC(c2nc(-c3ccc(F)c(F)c3)cn2CCNC(C)C)CC1,7.08815668,0.636520886,Active,0.772151899,TRUE
CNCCn1cc(-c2ccncc2)nc1C1CCN(c2ncnc(N)c2Cl)CC1,CNCCn1cc(-c2ccncc2)nc1C1CCN(c2ncnc(N)c2Cl)CC1,7.236693588,0.636523718,Active,0.768115942,TRUE
Cc1sc(C2CCNCC2NC(=O)c2cc(F)c(-c3c(Cl)cnn3C)cc2F)cc1F,Cc1sc(C2CCNCC2NC(=O)c2cc(F)c(-c3c(Cl)cnn3C)cc2F)cc1F,7.294024414,0.636545146,Active,0.718309859,TRUE
Cn1ccc(-c2ccc(C(=O)NC3CNCCC3c3ccc(F)cc3)cc2F)n1,Cn1ccc(-c2ccc(C(=O)NC3CNCCC3c3ccc(F)cc3)cc2F)n1,7.409163065,0.636600429,Active,0.608695652,TRUE
NC(Cc1ccc(Cl)c(Cl)c1)C(=O)N1CCN(c2ncnc3ccc(F)cc23)CC1,NC(Cc1ccc(Cl)c(Cl)c1)C(=O)N1CCN(c2ncnc3ccc(F)cc23)CC1,7.375933191,0.636632466,Active,0.783333333,TRUE
CNCC(Nc1ncnc2c(C(N)=O)cccc12)c1ccc(F)c(Cl)c1,CNCC(Nc1ncnc2c(C(N)=O)cccc12)c1ccc(F)c(Cl)c1,7.505335507,0.636662656,Active,0.762711864,TRUE
Cn1ccc(-c2cn(CCN3CCCC3)c(C3CCN(c4ncnc(N)c4Cl)CC3)n2)n1,Cn1ccc(-c2cn(CCN3CCCC3)c(C3CCN(c4ncnc(N)c4Cl)CC3)n2)n1,7.153218751,0.63675409,Active,0.727272727,TRUE
Cn1ncc(Cl)c1-c1cc(C(=O)NC2(c3cccc(Br)n3)CC2)oc1Cl,Cn1ncc(Cl)c1-c1cc(C(=O)NC2(c3cccc(Br)n3)CC2)oc1Cl,7.455284889,0.636858755,Active,0.608695652,TRUE
CN(C)Cc1cccc(-c2cn(CCN3CCC3)c(C3CCN(c4ncnc(N)c4C#N)CC3)n2)c1,CN(C)Cc1cccc(-c2cn(CCN3CCC3)c(C3CCN(c4ncnc(N)c4C#N)CC3)n2)c1,7.266516637,0.636867845,Active,0.763888889,TRUE
Cc1nn(C)nc1-c1ccc(C(=O)NC2CNCCC2c2cccc(F)c2)cc1,Cc1nn(C)nc1-c1ccc(C(=O)NC2CNCCC2c2cccc(F)c2)cc1,7.051383706,0.636908525,Active,0.657142857,TRUE
Cn1ncc(-c2ccc(C(=O)NC3CNCC3c3ccc(F)c(F)c3)cc2F)c1C1CC1,Cn1ncc(-c2ccc(C(=O)NC3CNCC3c3ccc(F)c(F)c3)cc2F)c1C1CC1,7.170109948,0.636926317,Active,0.61971831,TRUE
CCNCC(Nc1ncnc2c(C(N)=O)cccc12)c1ccc(F)c(F)c1,CCNCC(Nc1ncnc2c(C(N)=O)cccc12)c1ccc(F)c(F)c1,7.428582625,0.6369757,Active,0.703125,TRUE
Cn1nccc1-c1cncc(C(=O)NC2CNCCC2c2ccc(F)c(F)c2)c1,Cn1nccc1-c1cncc(C(=O)NC2CNCCC2c2ccc(F)c(F)c2)c1,7.303339131,0.637015069,Active,0.80952381,TRUE
Cc1cc(-c2cn(CC3CNC3)c(C3CCN(c4nccnc4C)CC3)n2)ccc1F,Cc1cc(-c2cn(CC3CNC3)c(C3CCN(c4nccnc4C)CC3)n2)ccc1F,7.203550424,0.637085938,Active,0.718309859,TRUE
CC(Cc1ccc(F)cc1)NC(=O)C1(N)CCN(c2nnnc3[nH]ccc23)CC1,CC(Cc1ccc(F)cc1)NC(=O)C1(N)CCN(c2nnnc3[nH]ccc23)CC1,7.26141371,0.637100691,Active,0.602941176,TRUE
COc1c(N)ncnc1N1CCC(c2nc(-c3ccn(C)c(=N)c3)cn2CC2CNC2)CC1,COc1c(N)ncnc1N1CCC(c2nc(-c3ccn(C)c(=N)c3)cn2CC2CNC2)CC1,7.140853718,0.637204343,Active,0.727272727,TRUE
Cc1c(-c2coc(C(=O)NC3CNCCC3c3ccc(Cl)cc3)c2)cnn1C,Cc1c(-c2coc(C(=O)NC3CNCCC3c3ccc(Cl)cc3)c2)cnn1C,7.158794966,0.637239867,Active,0.75,TRUE
Cn1nccc1-c1cccc(C(=O)NC2CNCCC2c2ccc(F)cc2)c1C1CC1,Cn1nccc1-c1cccc(C(=O)NC2CNCCC2c2ccc(F)cc2)c1C1CC1,7.313339309,0.63728171,Active,0.71641791,TRUE
OC1(c2ccc(Cl)cc2)CCN(c2ncnc3[nH]cc(Cl)c23)CC1,OC1(c2ccc(Cl)cc2)CCN(c2ncnc3[nH]cc(Cl)c23)CC1,7.046588476,0.637456053,Active,0.627118644,TRUE
Cn1nc(-c2ccc(C(=O)NC3CNCCC3c3cccc(F)c3)c(F)c2)cc1S(C)(=O)=O,Cn1nc(-c2ccc(C(=O)NC3CNCCC3c3cccc(F)c3)c(F)c2)cc1S(C)(=O)=O,7.142481133,0.637556517,Active,0.602739726,TRUE
Cn1nnnc1-c1ccc(C(=O)NC2CNCCC2c2ccc(F)c(F)c2)cc1F,Cn1nnnc1-c1ccc(C(=O)NC2CNCCC2c2ccc(F)c(F)c2)cc1F,7.283307956,0.637610221,Active,0.71641791,TRUE
CCn1cc(-c2ccc(F)c(C)c2)nc1C1CCN(c2ncccc2C(N)=O)CC1,CCn1cc(-c2ccc(F)c(C)c2)nc1C1CCN(c2ncccc2C(N)=O)CC1,7.063463377,0.637618476,Active,0.602564103,TRUE
Cc1nc(C(=O)NC2CNCCC2c2ccc(F)c(F)c2)cc(-c2c(Cl)cnn2C)n1,Cc1nc(C(=O)NC2CNCCC2c2ccc(F)c(F)c2)cc(-c2c(Cl)cnn2C)n1,7.285111078,0.637658858,Active,0.722222222,TRUE
N#CCCn1cc(-c2ccc(F)c(C(F)F)c2)nc1C1CCN(c2ncnc(N)c2Br)CC1,N#CCCn1cc(-c2ccc(F)c(C(F)F)c2)nc1C1CCN(c2ncnc(N)c2Br)CC1,7.515062074,0.637918466,Active,0.666666667,TRUE
Cn1ccc(-c2cn(CCN3CCCC3)c(C3CCN(c4ncnc(N)c4Cl)CC3)n2)c1,Cn1ccc(-c2cn(CCN3CCCC3)c(C3CCN(c4ncnc(N)c4Cl)CC3)n2)c1,7.306721873,0.637960249,Active,0.769230769,TRUE
Cc1[nH]nc2ncc(-c3cncc(OCC(N)Cc4cccc(OC(F)(F)F)c4)c3)cc12,Cc1[nH]nc2ncc(-c3cncc(OCC(N)Cc4cccc(OC(F)(F)F)c4)c3)cc12,7.484955554,0.63798573,Active,0.735294118,TRUE
Cc1[nH]nc2ccc(-c3cncc(OCC(N)Cc4ccc(-c5ccccc5)nc4)c3)cc12,Cc1[nH]nc2ccc(-c3cncc(OCC(N)Cc4ccc(-c5ccccc5)nc4)c3)cc12,7.323270995,0.638003522,Active,0.621212121,TRUE
Cn1ccc(-c2csc(C(=O)NC3CNCCC3c3cccc(F)c3)c2)n1,Cn1ccc(-c2csc(C(=O)NC3CNCCC3c3cccc(F)c3)c2)n1,7.462672931,0.638015413,Active,0.694444444,TRUE
Cn1ncc(Cl)c1-c1cc(C(=O)NCC2CCNCC2)oc1Cl,Cn1ncc(Cl)c1-c1cc(C(=O)NCC2CCNCC2)oc1Cl,7.313777685,0.638039285,Active,0.611940299,TRUE
NC(=O)c1c(N)ncnc1N1CCC(c2nc(-c3ccc(F)c(OC(F)F)c3)cn2CCF)CC1,NC(=O)c1c(N)ncnc1N1CCC(c2nc(-c3ccc(F)c(OC(F)F)c3)cn2CCF)CC1,7.358768695,0.638112092,Active,0.855263158,TRUE
Cn1ncc(C(=O)NC2CNCCC2c2cc(F)cc(F)c2)c1-c1cc(F)c(F)cc1F,Cn1ncc(C(=O)NC2CNCCC2c2cc(F)cc(F)c2)c1-c1cc(F)c(F)cc1F,7.255094256,0.638229573,Active,0.652173913,TRUE
Cc1ncc(-c2ccc(C(=O)NC3CNCCC3c3cccc(F)c3)s2)cn1,Cc1ncc(-c2ccc(C(=O)NC3CNCCC3c3cccc(F)c3)s2)cn1,7.28584001,0.638287598,Active,0.720588235,TRUE
Cn1c(CC(=O)N2CCc3c(F)cccc32)nc(N2CCOC3CCCCC32)cc1=O,Cn1c(CC(=O)N2CCc3c(F)cccc32)nc(N2CCOC3CCCCC32)cc1=O,7.146789651,0.638395363,Active,0.695652174,TRUE
CON=Cc1c(N)ncnc1N1CCC(c2nc(-c3ccnc(F)c3)cn2CCN2CCCC2)CC1,CON=Cc1c(N)ncnc1N1CCC(c2nc(-c3ccnc(F)c3)cn2CCN2CCCC2)CC1,7.137630097,0.638788724,Active,0.683544304,TRUE
O=C(NC1CNCCC1c1ccc(F)c(F)c1)c1ccc(-c2cn[nH]c2)c(F)c1,O=C(NC1CNCCC1c1ccc(F)c(F)c1)c1ccc(-c2cn[nH]c2)c(F)c1,7.259118517,0.638880366,Active,0.647058824,TRUE
Cc1cccc2ncnc(N3CCN(C(=O)C(N)Cc4ccc(Cl)cc4Cl)CC3)c12,Cc1cccc2ncnc(N3CCN(C(=O)C(N)Cc4ccc(Cl)cc4Cl)CC3)c12,7.077589736,0.638894403,Active,0.774193548,TRUE
NC(Cc1ccc(F)cc1)C(=O)N1CCN(c2ncnc3cc(Cl)c(Cl)cc23)CC1,NC(Cc1ccc(F)cc1)C(=O)N1CCN(c2ncnc3cc(Cl)c(Cl)cc23)CC1,7.279354574,0.639021569,Active,0.779661017,TRUE
Cn1ncc(Cl)c1-c1cc(C(=O)NC(CN)c2ccccc2)sc1Cl,Cn1ncc(Cl)c1-c1cc(C(=O)NC(CN)c2ccccc2)sc1Cl,7.445556921,0.639084601,Active,0.626865672,TRUE
NC(COc1cncc(-c2ccc3c(c2)C(F)(F)C(=O)N3)c1)Cc1cc(F)cc(F)c1,NC(COc1cncc(-c2ccc3c(c2)C(F)(F)C(=O)N3)c1)Cc1cc(F)cc(F)c1,7.298481565,0.639124954,Active,0.666666667,TRUE
Cn1nc(C(=O)NC2CNCCC2c2cccc(F)c2)cc1-c1cccc(C(N)=O)c1,Cn1nc(C(=O)NC2CNCCC2c2cccc(F)c2)cc1-c1cccc(C(N)=O)c1,7.589448387,0.639134133,Active,0.608108108,TRUE
N#Cc1nc(Cl)cn2c(-c3ccccc3)c(-c3ccc(C4(N)CCC4)cc3)nc12,N#Cc1nc(Cl)cn2c(-c3ccccc3)c(-c3ccc(C4(N)CCC4)cc3)nc12,7.017154106,0.639197165,Active,0.711864407,TRUE
Nc1ncnc(N2CCC(c3nc(-c4ccc(F)c(F)c4)cn3CC3CNC3)CC2)c1F,Nc1ncnc(N2CCC(c3nc(-c4ccc(F)c(F)c4)cn3CC3CNC3)CC2)c1F,7.239342886,0.639237279,Active,0.722222222,TRUE
NC(=O)c1cccc2c(NC(CN3CC(O)C3)c3cc(F)ccc3F)ncnc12,NC(=O)c1cccc2c(NC(CN3CC(O)C3)c3cc(F)ccc3F)ncnc12,7.440248308,0.639312261,Active,0.623188406,TRUE
O=C(Cc1nc(N2CCOCC2)cc(=O)n1C1CC1)Nc1cc(Cl)c(F)c(Cl)c1,O=C(Cc1nc(N2CCOCC2)cc(=O)n1C1CC1)Nc1cc(Cl)c(F)c(Cl)c1,7.052416022,0.639407927,Active,0.625,TRUE
CNCCn1cc(-c2ccc(F)c(O)c2)nc1C1CCN(c2ncnc(N)c2C(N)=O)CC1,CNCCn1cc(-c2ccc(F)c(O)c2)nc1C1CCN(c2ncnc(N)c2C(N)=O)CC1,7.373896271,0.639530742,Active,0.861111111,TRUE
CNC(=O)Cn1cc(-c2ccc(F)c(C(F)(F)F)c2)nc1C1CCN(c2ncnc(N)c2F)CC1,CNC(=O)Cn1cc(-c2ccc(F)c(C(F)(F)F)c2)nc1C1CCN(c2ncnc(N)c2F)CC1,7.548876536,0.63953706,Active,0.710526316,TRUE
O=C(NC1CNCCC1c1nccs1)c1ccc2c(c1)OCCn1nccc1-2,O=C(NC1CNCCC1c1nccs1)c1ccc2c(c1)OCCn1nccc1-2,7.914939974,0.639699751,Active,0.714285714,TRUE
N#Cc1ccc(-c2cn(CCN3CCCC3)c(C3CCN(c4cc(N)ncn4)CC3)n2)c(F)c1,N#Cc1ccc(-c2cn(CCN3CCCC3)c(C3CCN(c4cc(N)ncn4)CC3)n2)c(F)c1,7.253118248,0.639772439,Active,0.690140845,TRUE
NC(=O)c1c(N)ncnc1N1CCC(c2nc(-c3cccc(Cl)c3F)cn2CCN2CCC2)CC1,NC(=O)c1c(N)ncnc1N1CCC(c2nc(-c3cccc(Cl)c3F)cn2CCN2CCC2)CC1,7.388281277,0.639798844,Active,0.74025974,TRUE
CCOc1c(C)c(CC(=O)N2CCc3c(F)cccc32)nc(N2CCOCC2)c1F,CCOc1c(C)c(CC(=O)N2CCc3c(F)cccc32)nc(N2CCOCC2)c1F,7.117693582,0.639813834,Active,0.61971831,TRUE
Cc1c(C(=O)NC2CNCCC2c2cccc(F)c2)nn(C)c1-c1c(Br)cnn1C,Cc1c(C(=O)NC2CNCCC2c2cccc(F)c2)nn(C)c1-c1c(Br)cnn1C,7.324782023,0.639859939,Active,0.708333333,TRUE
O=C(NC(c1ccc(Cl)c(F)c1Cl)C1CCNC1)c1ccc2cnccc2c1,O=C(NC(c1ccc(Cl)c(F)c1Cl)C1CCNC1)c1ccc2cnccc2c1,7.257957624,0.640081996,Active,0.723076923,TRUE
NC1(C(=O)NCc2ccc(F)cc2)CCN(c2ncnc3[nH]ccc23)CC1,NC1(C(=O)NCc2ccc(F)cc2)CCN(c2ncnc3[nH]ccc23)CC1,7.378679437,0.640123868,Active,0.818181818,TRUE
COc1cccc2c1CCN2C(=O)Cc1nc(N2CCOCC2)c(Cl)n1C,COc1cccc2c1CCN2C(=O)Cc1nc(N2CCOCC2)c(Cl)n1C,7.119867826,0.640142256,Active,0.712121212,TRUE
Cn1nnnc1-c1ccc(C(=O)NC2CNCCC2c2ccc(F)c(F)c2)c(F)c1,Cn1nnnc1-c1ccc(C(=O)NC2CNCCC2c2ccc(F)c(F)c2)c(F)c1,7.274583114,0.640204811,Active,0.727272727,TRUE
Cn1ncc2cc(-c3cncc(OCC(N)Cc4c[nH]c5ccccc45)c3)c(C(F)(F)F)nc21,Cn1ncc2cc(-c3cncc(OCC(N)Cc4c[nH]c5ccccc45)c3)c(C(F)(F)F)nc21,7.612656703,0.640260005,Active,0.623376623,TRUE
Cn1ncc(Br)c1-c1ccc(C(=O)NC2CNCCC2c2ccc(F)cc2)o1,Cn1ncc(Br)c1-c1ccc(C(=O)NC2CNCCC2c2ccc(F)cc2)o1,7.041661521,0.640507126,Active,0.841269841,TRUE
CC(=O)Nc1nc2ccc(-c3cnc(Cl)c(NS(C)(=O)=O)c3)cc2s1,CC(=O)Nc1nc2ccc(-c3cnc(Cl)c(NS(C)(=O)=O)c3)cc2s1,7.286934003,0.640528673,Active,0.779661017,TRUE
NC1(C(=O)NC(c2ccccc2)C2CC2)CCN(c2ncnc3[nH]ccc23)CC1,NC1(C(=O)NC(c2ccccc2)C2CC2)CCN(c2ncnc3[nH]ccc23)CC1,7.199721052,0.640629375,Active,0.75,TRUE
Cn1ncc(Br)c1-c1onc(C(=O)NC2CNCCC2c2ccccc2)c1Cl,Cn1ncc(Br)c1-c1onc(C(=O)NC2CNCCC2c2ccccc2)c1Cl,7.361257162,0.640674883,Active,0.630136986,TRUE
NC(=O)Cn1cc(-c2cc(C(=O)NC3CNCCC3c3ccccc3)oc2Cl)cn1,NC(=O)Cn1cc(-c2cc(C(=O)NC3CNCCC3c3ccccc3)oc2Cl)cn1,7.138175626,0.640711302,Active,0.635135135,TRUE
Cn1[nH]c2ccc(-c3cncc(OCC(N)Cc4cccc(F)c4F)c3)cc2c1=O,Cn1[nH]c2ccc(-c3cncc(OCC(N)Cc4cccc(F)c4F)c3)cc2c1=O,7.242816885,0.640726292,Active,0.701492537,TRUE
CCOc1ccc(-c2cc3c(C)nc(N)nc3n(C3CCC3)c2=O)cn1,CCOc1ccc(-c2cc3c(C)nc(N)nc3n(C3CCC3)c2=O)cn1,7.385105441,0.64078387,Active,0.712121212,TRUE
Cn1nccc1-c1ccc(C(=O)NC2CNCC2c2ccc(F)c(F)c2)cc1,Cn1nccc1-c1ccc(C(=O)NC2CNCC2c2ccc(F)c(F)c2)cc1,7.030001858,0.640994871,Active,0.844827586,TRUE
COc1ccc(CC(N)COc2cncc(-c3ccc4cnccc4c3N)c2)cc1F,COc1ccc(CC(N)COc2cncc(-c3ccc4cnccc4c3N)c2)cc1F,7.235010052,0.641037279,Active,0.611111111,TRUE
O=C(Cc1nc(N2CCOCC2)cc(=O)n1C1CCCCC1)N1CCc2c(F)cc(F)cc21,O=C(Cc1nc(N2CCOCC2)cc(=O)n1C1CCCCC1)N1CCc2c(F)cc(F)cc21,7.125407122,0.641113991,Active,0.647887324,TRUE
Cc1nc(C(=O)NC2CNCCC2c2ccc(F)cc2)oc1-c1c(Br)cnn1C,Cc1nc(C(=O)NC2CNCCC2c2ccc(F)cc2)oc1-c1c(Br)cnn1C,7.04025048,0.641127372,Active,0.621621622,TRUE
CSc1ccc(-c2cn(CCN3CCC3)c(C3CCN(c4cc(N)ncn4)CC3)n2)cc1S,CSc1ccc(-c2cn(CCN3CCC3)c(C3CCN(c4cc(N)ncn4)CC3)n2)cc1S,7.182637149,0.641221786,Active,0.712328767,TRUE
Cn1ncc(Br)c1-c1ncc(C(=O)NC2CNCCC2c2ccc(F)c(F)c2)o1,Cn1ncc(Br)c1-c1ncc(C(=O)NC2CNCCC2c2ccc(F)c(F)c2)o1,7.240478806,0.641225898,Active,0.714285714,TRUE
Cn1ncc(Cl)c1-c1cc(C(=O)NC2(C)CCCC2)oc1Cl,Cn1ncc(Cl)c1-c1cc(C(=O)NC2(C)CCCC2)oc1Cl,7.226983228,0.641303355,Active,0.629032258,TRUE
CNC(=O)Cn1cc(-c2ccc(F)c(C(F)(F)F)c2)nc1C1CCN(c2ncnc(N)c2OC)CC1,CNC(=O)Cn1cc(-c2ccc(F)c(C(F)(F)F)c2)nc1C1CCN(c2ncnc(N)c2OC)CC1,7.718041213,0.641332293,Active,0.7375,TRUE
O=C(NC1CNCC1c1ccc(F)cc1)c1ccc2c(c1)OCCn1nccc1-2,O=C(NC1CNCC1c1ccc(F)cc1)c1ccc2c(c1)OCCn1nccc1-2,8.070640851,0.641376519,Active,0.742424242,TRUE
COc1c(F)cc(F)cc1-c1cn(CCN2CCC2)c(C2CCN(c3cc(N)ncn3)CC2)n1,COc1c(F)cc(F)cc1-c1cn(CCN2CCC2)c(C2CCN(c3cc(N)ncn3)CC2)n1,7.323593143,0.641697073,Active,0.643835616,TRUE
Nc1cc(N2CCC(c3nc(-c4ccc(F)c(C(F)(F)F)c4)cn3CC(=O)NC3CCCCC3)CC2)ncn1,Nc1cc(N2CCC(c3nc(-c4ccc(F)c(C(F)(F)F)c4)cn3CC(=O)NC3CCCCC3)CC2)ncn1,7.486099971,0.641971612,Active,0.705128205,TRUE
Cc1[nH]nc2ncc(-c3cccc(OCC(N)Cc4c[nH]c5ccccc45)c3)cc12,Cc1[nH]nc2ncc(-c3cccc(OCC(N)Cc4c[nH]c5ccccc45)c3)cc12,7.796924893,0.641977453,Active,0.647058824,TRUE
CC1SCc2ncnc(N3CCN(C(=O)Cc4ccc(Cl)c(Cl)c4)CC3)c21,CC1SCc2ncnc(N3CCN(C(=O)Cc4ccc(Cl)c(Cl)c4)CC3)c21,7.049873995,0.641981387,Active,0.628571429,TRUE
Cn1ncc(C(=O)NC2CNCCC2c2cc(F)cc(F)c2)c1-c1cccc(F)c1,Cn1ncc(C(=O)NC2CNCCC2c2cc(F)cc(F)c2)c1-c1cccc(F)c1,7.323065771,0.642122412,Active,0.642857143,TRUE
Nc1ncnc(N2CCC(c3nc(-c4cc(F)cc(F)c4)cn3CCN3CCOCC3)CC2)c1Cl,Nc1ncnc(N2CCC(c3nc(-c4cc(F)cc(F)c4)cn3CCN3CCOCC3)CC2)c1Cl,7.114700325,0.642243499,Active,0.739130435,TRUE
Cn1ncnc1-c1cc(-c2cn(CC3CNC3)c(C3CCN(c4ncnc(N)c4Cl)CC3)n2)ccc1F,Cn1ncnc1-c1cc(-c2cn(CC3CNC3)c(C3CCN(c4ncnc(N)c4Cl)CC3)n2)ccc1F,7.4732958,0.642396176,Active,0.725,TRUE
Cn1ncc(Cl)c1-c1ccc(C(=O)NC2CNCCC2c2cccc(C(F)(F)F)n2)o1,Cn1ncc(Cl)c1-c1ccc(C(=O)NC2CNCCC2c2cccc(C(F)(F)F)n2)o1,7.225635483,0.642397696,Active,0.714285714,TRUE
Cc1cc(F)cc2c(N3CCN(C(=O)C(N)Cc4ccc(Cl)c(F)c4)CC3)ncnc12,Cc1cc(F)cc2c(N3CCN(C(=O)C(N)Cc4ccc(Cl)c(F)c4)CC3)ncnc12,7.222688053,0.642444575,Active,0.621621622,TRUE
Cn1nccc1-c1ccc(C(=O)NC2CNCCC2c2ccc(F)cc2)c(C2CC2)c1,Cn1nccc1-c1ccc(C(=O)NC2CNCCC2c2ccc(F)cc2)c(C2CC2)c1,7.083544377,0.642615044,Active,0.727272727,TRUE
O=C(NC1CNCCC1c1cccc(F)c1)c1ccc(-c2ccc(F)cc2)s1,O=C(NC1CNCCC1c1cccc(F)c1)c1ccc(-c2ccc(F)cc2)s1,7.153316827,0.642764771,Active,0.703125,TRUE
NC(=O)c1c(N)ncnc1N1CCC(c2nc(-c3ccc(F)c(C(F)(F)F)c3)cn2CCNCCN2CCCC2)CC1,NC(=O)c1c(N)ncnc1N1CCC(c2nc(-c3ccc(F)c(C(F)(F)F)c3)cn2CCNCCN2CCCC2)CC1,7.19440266,0.642805302,Active,0.881578947,TRUE
O=C(NC1CNCCC1c1cccs1)c1cc2c(s1)CCCn1nccc1-2,O=C(NC1CNCCC1c1cccs1)c1cc2c(s1)CCCn1nccc1-2,7.772285713,0.642856055,Active,0.732394366,TRUE
O=C(Cc1nc(=O)c(F)c(N2CCOCC2)[nH]1)N1CCc2ccccc21,O=C(Cc1nc(=O)c(F)c(N2CCOCC2)[nH]1)N1CCc2ccccc21,7.32281252,0.643111163,Active,0.672131148,TRUE
N#Cc1cncnc1N1CCC(c2nc(-c3ccc(F)cc3)cn2CCN2CCC2)CC1,N#Cc1cncnc1N1CCC(c2nc(-c3ccc(F)cc3)cn2CCN2CCC2)CC1,7.225397966,0.643120432,Active,0.7,TRUE
Nc1ncnc(N2CCC(c3nc(-c4ccc(F)nc4)cn3CCN3CCC3)CC2)c1Cl,Nc1ncnc(N2CCC(c3nc(-c4ccc(F)nc4)cn3CCN3CCC3)CC2)c1Cl,7.688711023,0.643264019,Active,0.8,TRUE
O=C(NC1CNCCC1c1ccc(F)c(F)c1)c1cc(-c2cccnc2F)c(Cl)o1,O=C(NC1CNCCC1c1ccc(F)c(F)c1)c1cc(-c2cccnc2F)c(Cl)o1,7.196017538,0.643351847,Active,0.657534247,TRUE
CNC(=O)c1cn2c(-c3ccccc3)c(-c3ccc(C4(N)CCC4)cc3)nc2c(Cl)n1,CNC(=O)c1cn2c(-c3ccccc3)c(-c3ccc(C4(N)CCC4)cc3)nc2c(Cl)n1,7.177033253,0.643451715,Active,0.647058824,TRUE
Cn1nccc1-c1cc(F)c(C(=O)NC2CNCC2c2ccc(F)c(F)c2)cc1Cl,Cn1nccc1-c1cc(F)c(C(=O)NC2CNCC2c2ccc(F)c(F)c2)cc1Cl,7.117854334,0.643554324,Active,0.727272727,TRUE
Cn1ncc(Br)c1-c1ccc(C(=O)NC2CNCCC2c2ccc(Br)o2)o1,Cn1ncc(Br)c1-c1ccc(C(=O)NC2CNCCC2c2ccc(Br)o2)o1,7.150819784,0.643623614,Active,0.742424242,TRUE
NC1(C(=O)NCc2cc(F)cc(F)c2)CCN(c2ncnc3[nH]ccc23)CC1,NC1(C(=O)NCc2cc(F)cc(F)c2)CCN(c2ncnc3[nH]ccc23)CC1,7.356862592,0.643688226,Active,0.75862069,TRUE
COc1cccc(-c2cn(CCN3CCC3)c(C3CCN(c4ncnc(N)c4F)CC3)n2)c1F,COc1cccc(-c2cn(CCN3CCC3)c(C3CCN(c4ncnc(N)c4F)CC3)n2)c1F,7.481793462,0.643688375,Active,0.625,TRUE
Cn1nccc1-c1ccc(C(=O)NC2CNCCC2c2ccc(F)cc2)cc1F,Cn1nccc1-c1ccc(C(=O)NC2CNCCC2c2ccc(F)cc2)cc1F,7.660558934,0.643694246,Active,0.866666667,TRUE
Nc1cc(N2CCC(c3nc(-c4ccc(C(F)(F)F)c(Cl)c4)cn3CCN3CCC3)CC2)ncn1,Nc1cc(N2CCC(c3nc(-c4ccc(C(F)(F)F)c(Cl)c4)cn3CCN3CCC3)CC2)ncn1,7.417782312,0.643737221,Active,0.811594203,TRUE
CN(C)CCn1cc(-c2ccc(F)c(C(F)(F)F)c2)nc1C1CCN(c2ccc(C(N)=O)cn2)CC1,CN(C)CCn1cc(-c2ccc(F)c(C(F)(F)F)c2)nc1C1CCN(c2ccc(C(N)=O)cn2)CC1,7.144619328,0.643743181,Active,0.703703704,TRUE
CC(C)NCC(C(=O)N1CCN(c2ncnc3c2C(C)SC3)CC1)c1ccc(F)cc1,CC(C)NCC(C(=O)N1CCN(c2ncnc3c2C(C)SC3)CC1)c1ccc(F)cc1,7.377520736,0.643795007,Active,0.671232877,TRUE
Nc1ncnc(N2CCC(c3nc(-c4cncc(O)c4)cn3CCN3CCC3)CC2)c1Cl,Nc1ncnc(N2CCC(c3nc(-c4cncc(O)c4)cn3CCN3CCC3)CC2)c1Cl,7.288267403,0.643798018,Active,0.708333333,TRUE
NC(=O)c1cnccc1N1CCC(c2nc(-c3ccnc(C(F)(F)F)c3)cn2CCN2CCC2)CC1,NC(=O)c1cnccc1N1CCC(c2nc(-c3ccnc(C(F)(F)F)c3)cn2CCN2CCC2)CC1,7.371351563,0.64381274,Active,0.696202532,TRUE
CC1SCc2ncnc(N3CCN(C(=O)C(CC(N)=O)c4cccc(Cl)c4)CC3)c21,CC1SCc2ncnc(N3CCN(C(=O)C(CC(N)=O)c4cccc(Cl)c4)CC3)c21,7.129500495,0.643849874,Active,0.61971831,TRUE
NCC(C(=O)N1CCN(c2ncnc3ccccc23)CC1)c1ccc(Cl)c(Cl)c1,NCC(C(=O)N1CCN(c2ncnc3ccccc23)CC1)c1ccc(Cl)c(Cl)c1,7.182010532,0.643889958,Active,0.68852459,TRUE
O=C(NC1CNCCC1c1cccc(F)c1)c1ccc(-c2ccccc2)s1,O=C(NC1CNCCC1c1cccc(F)c1)c1ccc(-c2ccccc2)s1,7.010384043,0.643927091,Active,0.753846154,TRUE
Cn1ncc(Br)c1-c1ccc(C(=O)NC2CNCC2c2ccc(Cl)c(F)c2)cc1,Cn1ncc(Br)c1-c1ccc(C(=O)NC2CNCC2c2ccc(Cl)c(F)c2)cc1,7.10669141,0.643941039,Active,0.731343284,TRUE
O=C(NCc1ccc(F)c(Br)c1)C1(F)CCN(c2ncnc3[nH]ccc23)CC1,O=C(NCc1ccc(F)c(Br)c1)C1(F)CCN(c2ncnc3[nH]ccc23)CC1,7.372658528,0.644194716,Active,0.606060606,TRUE
CCn1cc(-c2ccc(F)c(O)c2)nc1C1CCN(c2ncnc(N)c2C)CC1,CCn1cc(-c2ccc(F)c(O)c2)nc1C1CCN(c2ncnc(N)c2C)CC1,7.395322619,0.644247139,Active,0.662162162,TRUE
CNCC(Nc1ncnc2c(C(N)=O)ccnc12)c1cc(F)cc(Br)c1,CNCC(Nc1ncnc2c(C(N)=O)ccnc12)c1cc(F)cc(Br)c1,7.071510899,0.644255662,Active,0.770491803,TRUE
Cn1nc(-c2ccc(C(=O)NC3CNCCC3c3cccc(F)c3)cc2)cc1C#N,Cn1nc(-c2ccc(C(=O)NC3CNCCC3c3cccc(F)c3)cc2)cc1C#N,7.382107681,0.644315594,Active,0.643835616,TRUE
NC(=O)c1cncnc1N1CCC(c2nc(-c3cccc(Cl)c3)cn2CCN2CCC2)CC1,NC(=O)c1cncnc1N1CCC(c2nc(-c3cccc(Cl)c3)cn2CCN2CCC2)CC1,7.005437827,0.644351864,Active,0.733333333,TRUE
Cc1csc(C2CCNCC2NC(=O)c2cc(F)c(-c3ccnn3C)cc2F)n1,Cc1csc(C2CCNCC2NC(=O)c2cc(F)c(-c3ccnn3C)cc2F)n1,7.172722824,0.644378984,Active,0.710144928,TRUE
Cc1c(-c2cc(C(=O)NC3CNCCC3c3ccccc3)oc2Cl)cnn1C,Cc1c(-c2cc(C(=O)NC3CNCCC3c3ccccc3)oc2Cl)cnn1C,7.102510482,0.644385004,Active,0.784615385,TRUE
CNC(=O)c1cnn(C)c1N1CCC(c2nc(-c3cccc(C(F)(F)F)c3)cn2CCN2CCCC2)CC1,CNC(=O)c1cnn(C)c1N1CCC(c2nc(-c3cccc(C(F)(F)F)c3)cn2CCN2CCCC2)CC1,7.215560621,0.644425327,Active,0.611764706,TRUE
O=C(Cc1nc(N2CCOCC2)cc(=O)n1Cc1ccc(F)cc1)N1CCc2c(F)cccc21,O=C(Cc1nc(N2CCOCC2)cc(=O)n1Cc1ccc(F)cc1)N1CCc2c(F)cccc21,7.010143444,0.644442344,Active,0.731343284,TRUE
Cn1ncc(Br)c1-c1cc(C(=O)NC2CNCCC2c2ccc(F)c(F)c2)no1,Cn1ncc(Br)c1-c1cc(C(=O)NC2CNCCC2c2ccc(F)c(F)c2)no1,7.310887036,0.644622558,Active,0.724637681,TRUE
Cc1nccnc1N1CCC(c2nc(-c3ccc(Cl)c(C#N)c3)cn2CCN2CCCC2)CC1,Cc1nccnc1N1CCC(c2nc(-c3ccc(Cl)c(C#N)c3)cn2CCN2CCCC2)CC1,7.286094077,0.644742334,Active,0.607594937,TRUE
CCn1cc(-c2ccc(F)c(C(F)(F)F)c2)nc1C1CCN(c2ncnc(N)c2C#N)CC1,CCn1cc(-c2ccc(F)c(C(F)(F)F)c2)nc1C1CCN(c2ncnc(N)c2C#N)CC1,7.432405965,0.644808942,Active,0.867647059,TRUE
CCn1cc(-c2ccc(F)c(C(F)(F)F)c2)nc1C1CCN(c2ncnc(N)c2C(N)=O)CC1,CCn1cc(-c2ccc(F)c(C(F)(F)F)c2)nc1C1CCN(c2ncnc(N)c2C(N)=O)CC1,7.096763323,0.644812548,Active,0.869565217,TRUE
Cn1ncc(Br)c1-c1ccc(C(=O)NC2CNCCC2c2cccc(F)c2)n1C,Cn1ncc(Br)c1-c1ccc(C(=O)NC2CNCCC2c2cccc(F)c2)n1C,7.000081325,0.644845837,Active,0.718309859,TRUE
NC1(C(=O)NCc2ccc(F)cc2F)CCN(c2ncnc3[nH]ccc23)CC1,NC1(C(=O)NCc2ccc(F)cc2F)CCN(c2ncnc3[nH]ccc23)CC1,7.260931994,0.644933784,Active,0.666666667,TRUE
Cn1cnc(-c2ccc(C(=O)NC3CNCCC3c3cccc(F)c3)cc2)c1-c1cnncn1,Cn1cnc(-c2ccc(C(=O)NC3CNCCC3c3cccc(F)c3)cc2)c1-c1cnncn1,7.065233446,0.645075762,Active,0.615384615,TRUE
CCn1cc(-c2cnc(F)c(C)c2)nc1C1CCN(c2ncnc(N)c2C#N)CC1,CCn1cc(-c2cnc(F)c(C)c2)nc1C1CCN(c2ncnc(N)c2C#N)CC1,7.517874295,0.645118201,Active,0.671052632,TRUE
Cn1ncc(Cl)c1-c1cc(C(=O)NC2CNCCC2c2ccc(F)c(F)c2)nc(C(F)(F)F)c1,Cn1ncc(Cl)c1-c1cc(C(=O)NC2CNCCC2c2ccc(F)c(F)c2)nc(C(F)(F)F)c1,7.125445847,0.6451967,Active,0.757142857,TRUE
Cn1ncc(-c2ccc(C(=O)NC3CNCCC3c3ccc(F)c(F)c3)cc2)n1,Cn1ncc(-c2ccc(C(=O)NC3CNCCC3c3ccc(F)c(F)c3)cc2)n1,7.16362298,0.645241106,Active,0.707692308,TRUE
Cn1nc(-c2ccc(C(=O)NC3CNCCC3c3cccc(F)c3)cc2)cc1C(F)F,Cn1nc(-c2ccc(C(=O)NC3CNCCC3c3cccc(F)c3)cc2)cc1C(F)F,7.264044689,0.645536745,Active,0.652777778,TRUE
CNCC(F)(F)CCn1cc(-c2cc(F)c(F)cc2F)nc1C1CCN(c2ncnc(N)c2C#N)CC1,CNCC(F)(F)CCn1cc(-c2cc(F)c(F)cc2F)nc1C1CCN(c2ncnc(N)c2C#N)CC1,7.487518017,0.64562481,Active,0.630952381,TRUE
Cn1ccc(-c2ccc(C(=O)NC3CNCCC3c3cccc(F)c3)nc2)n1,Cn1ccc(-c2ccc(C(=O)NC3CNCCC3c3cccc(F)c3)nc2)n1,7.019354878,0.645681494,Active,0.731343284,TRUE
NC(Cc1ccc(Cl)cc1)C(=O)N1CCN(c2ncnc3[nH]nc(Br)c23)CC1,NC(Cc1ccc(Cl)cc1)C(=O)N1CCN(c2ncnc3[nH]nc(Br)c23)CC1,7.653975788,0.645874405,Active,0.704918033,TRUE
O=C(Cc1nc(N2CCOCC2)cc(=O)n1Cc1ccc(OC(F)F)cc1)N1CCc2c(F)cccc21,O=C(Cc1nc(N2CCOCC2)cc(=O)n1Cc1ccc(OC(F)F)cc1)N1CCc2c(F)cccc21,7.1209384,0.646008277,Active,0.662162162,TRUE
CNC(=O)c1cccc(CC(N)COc2cncc(-c3ccc4[nH]nc(C)c4c3)c2)c1,CNC(=O)c1cccc(CC(N)COc2cncc(-c3ccc4[nH]nc(C)c4c3)c2)c1,7.402947254,0.646188223,Active,0.731343284,TRUE
Cn1ncc(Cl)c1-c1cc(C(=O)NC2Cc3ccccc3C2)oc1Cl,Cn1ncc(Cl)c1-c1cc(C(=O)NC2Cc3ccccc3C2)oc1Cl,7.230571699,0.646207446,Active,0.621212121,TRUE
Cn1ncc(C(=O)NC2CNCCC2c2ccc(F)c(F)c2)c1-c1cccc(Br)c1,Cn1ncc(C(=O)NC2CNCCC2c2ccc(F)c(F)c2)c1-c1cccc(Br)c1,7.150557521,0.646208549,Active,0.680555556,TRUE
CCOc1c(F)c(N2CCOCC2)nc(CC(=O)N2CCc3c(F)cccc32)c1Cl,CCOc1c(F)c(N2CCOCC2)nc(CC(=O)N2CCc3c(F)cccc32)c1Cl,7.380395656,0.646231705,Active,0.61971831,TRUE
Cn1ncc(C(=O)NC2CNCCC2c2ccc(F)c(F)c2)c1-c1ccccc1,Cn1ncc(C(=O)NC2CNCCC2c2ccc(F)c(F)c2)c1-c1ccccc1,7.171607804,0.646484369,Active,0.701492537,TRUE
Cn1ccc(-c2cn(CCN3CCCC3)c(C3CCN(c4ncnc(N)c4Cl)CC3)n2)cc1=O,Cn1ccc(-c2cn(CCN3CCCC3)c(C3CCN(c4ncnc(N)c4Cl)CC3)n2)cc1=O,7.121967583,0.646514261,Active,0.732394366,TRUE
NC(=O)c1ccnc2c(NC(CN3CCC3)c3cc(F)cc(OC(F)(F)C(F)F)c3)ncnc12,NC(=O)c1ccnc2c(NC(CN3CCC3)c3cc(F)cc(OC(F)(F)C(F)F)c3)ncnc12,7.023513701,0.64653846,Active,0.7,TRUE
NC(COc1cncc(-c2ccc3c(c2)C(F)(F)C(=O)N3)c1)Cc1c(F)cccc1F,NC(COc1cncc(-c2ccc3c(c2)C(F)(F)C(=O)N3)c1)Cc1c(F)cccc1F,7.349043767,0.646554673,Active,0.68115942,TRUE
N#Cc1c(N)ncnc1N1CCC(c2nc(CCC(F)(F)F)cn2CCN2CCCCC2)CC1,N#Cc1c(N)ncnc1N1CCC(c2nc(CCC(F)(F)F)cn2CCN2CCCCC2)CC1,7.197319472,0.647018307,Active,0.701492537,TRUE
CC1COCCN1c1nc(N2CCOCC2C)c2ccc(-c3cccc(C(=O)N4CCCn5ncnc54)c3)nc2n1,CC1COCCN1c1nc(N2CCOCC2C)c2ccc(-c3cccc(C(=O)N4CCCn5ncnc54)c3)nc2n1,7.454902432,0.647180998,Active,0.602739726,TRUE
CNC(=O)CCn1cc(-c2ccc(F)c(C(F)(F)F)c2)nc1C1CCN(c2ncnc(N)c2F)CC1,CNC(=O)CCn1cc(-c2ccc(F)c(C(F)(F)F)c2)nc1C1CCN(c2ncnc(N)c2F)CC1,7.438338166,0.647199535,Active,0.736842105,TRUE
Nc1ncnc(N2CCC(c3nc(-c4ccc([N+](=O)[O-])c(F)c4)cn3CCN3CCC3)CC2)c1F,Nc1ncnc(N2CCC(c3nc(-c4ccc([N+](=O)[O-])c(F)c4)cn3CCN3CCC3)CC2)c1F,7.057280569,0.647226328,Active,0.7,TRUE
NC(=O)c1cccc2c(NC(CN3CC(F)C3)c3ccc(Cl)c(F)c3)ncnc12,NC(=O)c1cccc2c(NC(CN3CC(F)C3)c3ccc(Cl)c(F)c3)ncnc12,7.61651113,0.647319549,Active,0.815384615,TRUE
Cc1nc(C2CCNCC2NC(=O)c2ccc(-c3ccnn3C)c(F)c2)no1,Cc1nc(C2CCNCC2NC(=O)c2ccc(-c3ccnn3C)c(F)c2)no1,7.301576299,0.647342557,Active,0.720588235,TRUE
Cn1nccc1-c1csc(C(=O)NC2CNCCC2c2cccc(F)c2)c1,Cn1nccc1-c1csc(C(=O)NC2CNCCC2c2cccc(F)c2)c1,7.429983676,0.647353464,Active,0.75,TRUE
Cc1nc2ccc(-c3cncc(OCC(N)Cc4ccc(F)cc4F)c3)cn2c1Cl,Cc1nc2ccc(-c3cncc(OCC(N)Cc4ccc(F)cc4F)c3)cn2c1Cl,7.013392156,0.6473647,Active,0.605633803,TRUE
Cn1ncc(F)c1-c1ccc(C(=O)NC2CNCC2c2ccc(F)c(F)c2)cc1,Cn1ncc(F)c1-c1ccc(C(=O)NC2CNCC2c2ccc(F)c(F)c2)cc1,7.055253689,0.64754855,Active,0.71875,TRUE
Cn1ncc(C(=O)NC2CNCCC2c2ccc(F)c(F)c2)c1-c1c(F)cccc1F,Cn1ncc(C(=O)NC2CNCCC2c2ccc(F)c(F)c2)c1-c1c(F)cccc1F,7.436431254,0.647555196,Active,0.68115942,TRUE
N#Cc1ccc(-c2cn3ccnc3nc2-c2ccc(CN3CC(c4n[nH]c(-c5cccnc5)n4)C3)cc2)cc1,N#Cc1ccc(-c2cn3ccnc3nc2-c2ccc(CN3CC(c4n[nH]c(-c5cccnc5)n4)C3)cc2)cc1,7.119510379,0.647654706,Active,0.625,TRUE
CCCc1c(N)ncnc1N1CCC(c2nc(-c3ccnc(F)c3)cn2CC2CNC2)CC1,CCCc1c(N)ncnc1N1CCC(c2nc(-c3ccnc(F)c3)cn2CC2CNC2)CC1,7.207360825,0.647708619,Active,0.701298701,TRUE
N#Cc1c(N)ncnc1N1CCC(c2nc(Cc3ccc(F)cc3)cn2CCN2CCC2)CC1,N#Cc1c(N)ncnc1N1CCC(c2nc(Cc3ccc(F)cc3)cn2CCN2CCC2)CC1,7.088565748,0.647937292,Active,0.753623188,TRUE
C=[N+](O)c1cc(-c2cn(CCN3CCCC3)c(C3CCN(c4cc(N)ncn4)CC3)n2)ccc1F,C=[N+](O)c1cc(-c2cn(CCN3CCCC3)c(C3CCN(c4cc(N)ncn4)CC3)n2)ccc1F,7.252590197,0.647954488,Active,0.794117647,TRUE
CC1Cc2c(F)cccc2N1C(=O)Cc1cc(OCC(F)(F)F)c(F)c(N2CCOCC2)n1,CC1Cc2c(F)cccc2N1C(=O)Cc1cc(OCC(F)(F)F)c(F)c(N2CCOCC2)n1,7.021988987,0.648025298,Active,0.626666667,TRUE
CN(C)CCN(CCO)CCn1cc(-c2ccc(F)c(C(F)(F)F)c2)nc1C1CCN(c2ncnc(N)c2Cl)CC1,CN(C)CCN(CCO)CCn1cc(-c2ccc(F)c(C(F)(F)F)c2)nc1C1CCN(c2ncnc(N)c2Cl)CC1,7.25616315,0.648198926,Active,0.719512195,TRUE
Cn1ncc(Cl)c1-c1cc(F)c(C(=O)NC2CNCCC2c2ncon2)cc1F,Cn1ncc(Cl)c1-c1cc(F)c(C(=O)NC2CNCCC2c2ncon2)cc1F,7.265642267,0.648223603,Active,0.708333333,TRUE
CN(C)CC(Nc1ncnc2c(C(N)=O)cccc12)c1ccc(F)cc1,CN(C)CC(Nc1ncnc2c(C(N)=O)cccc12)c1ccc(F)cc1,7.490236968,0.648314708,Active,0.7,TRUE
CS(=O)(=O)c1ccc(-c2cn(CC(F)F)c(C3CCN(c4ncnc(N)c4Br)CC3)n2)cc1F,CS(=O)(=O)c1ccc(-c2cn(CC(F)F)c(C3CCN(c4ncnc(N)c4Br)CC3)n2)cc1F,7.207781011,0.64837777,Active,0.623376623,TRUE
O=C(Cc1nc(N2CCOCC2)cc(=O)n1-c1ccccc1OC(F)F)Nc1ccc(F)c(C2CC2)c1,O=C(Cc1nc(N2CCOCC2)cc(=O)n1-c1ccccc1OC(F)F)Nc1ccc(F)c(C2CC2)c1,7.08843239,0.648573691,Active,0.671052632,TRUE
Nc1ncnc(N2CCC(c3nc(-c4ccc(F)c(C(F)(F)F)c4)cn3CCO)CC2)c1Br,Nc1ncnc(N2CCC(c3nc(-c4ccc(F)c(C(F)(F)F)c4)cn3CCO)CC2)c1Br,7.408362812,0.648593211,Active,0.828571429,TRUE
NC1(C(=O)NCc2cccc(F)c2)CCN(c2ncnc3[nH]ccc23)CC1,NC1(C(=O)NCc2cccc(F)c2)CCN(c2ncnc3[nH]ccc23)CC1,7.380370286,0.649013871,Active,0.721311475,TRUE
Cc1[nH]nc2ccc(-c3cncc(OCC(N)Cc4ccc(O)cc4)c3)cc12,Cc1[nH]nc2ccc(-c3cncc(OCC(N)Cc4ccc(O)cc4)c3)cc12,7.172980507,0.649051392,Active,0.625,TRUE
Cn1ncc(F)c1-c1ccc(C(=O)NC2CNCC2c2cccc(F)c2)s1,Cn1ncc(F)c1-c1ccc(C(=O)NC2CNCC2c2cccc(F)c2)s1,7.323720259,0.649193907,Active,0.735294118,TRUE
Cc1noc(-c2c(C(=O)NC3CNCCC3c3ccc(F)c(F)c3)cnn2C)n1,Cc1noc(-c2c(C(=O)NC3CNCCC3c3ccc(F)c(F)c3)cnn2C)n1,7.386133187,0.649269903,Active,0.626666667,TRUE
CCn1cc(-c2cccc(C(F)(F)F)c2)nc1C1CCN(c2ncnc(N)c2Cl)CC1,CCn1cc(-c2cccc(C(F)(F)F)c2)nc1C1CCN(c2ncnc(N)c2Cl)CC1,7.103814182,0.649412596,Active,0.689189189,TRUE
Nc1ncnc(N2CCC(c3nc(-c4ccc(C(F)(F)F)c(F)c4)cn3CCN3CCCC3)CC2)c1C(F)(F)F,Nc1ncnc(N2CCC(c3nc(-c4ccc(C(F)(F)F)c(F)c4)cn3CCN3CCCC3)CC2)c1C(F)(F)F,7.140438814,0.649446839,Active,0.763888889,TRUE
CCCS(=O)(=O)Nc1cc(-c2ccc3nc(NC(C)=O)sc3c2)cnc1Cl,CCCS(=O)(=O)Nc1cc(-c2ccc3nc(NC(C)=O)sc3c2)cnc1Cl,7.365731864,0.64957931,Active,0.71875,TRUE
NC1(C(=O)NC(=O)c2c(F)cccc2F)CCN(c2ncnc3[nH]ccc23)CC1,NC1(C(=O)NC(=O)c2c(F)cccc2F)CCN(c2ncnc3[nH]ccc23)CC1,7.101712016,0.649797314,Active,0.609375,TRUE
Nc1ncnc(N2CCC(c3nc(-c4ccc(F)c(C(F)(F)F)c4)cn3CCC(=O)NC3CCCCC3)CC2)c1C(F)(F)F,Nc1ncnc(N2CCC(c3nc(-c4ccc(F)c(C(F)(F)F)c4)cn3CCC(=O)NC3CCCCC3)CC2)c1C(F)(F)F,7.123161333,0.649824852,Active,0.697674419,TRUE
Cc1cccc(C2CCNCC2NC(=O)c2cc(F)c(-c3c(Cl)cnn3C)cc2F)n1,Cc1cccc(C2CCNCC2NC(=O)c2cc(F)c(-c3c(Cl)cnn3C)cc2F)n1,7.105283054,0.64986589,Active,0.722222222,TRUE
CSc1ccc(-c2cnc3cc(-c4ccccc4)c(-c4ccc(C5(N)CCC5)cc4)nn23)cc1,CSc1ccc(-c2cnc3cc(-c4ccccc4)c(-c4ccc(C5(N)CCC5)cc4)nn23)cc1,7.467974392,0.649878854,Active,0.807017544,TRUE
Cc1nnc(-c2ccc(C(=O)NC3CNCCC3c3cc(F)cc(F)c3)cc2F)n1C,Cc1nnc(-c2ccc(C(=O)NC3CNCCC3c3cc(F)cc(F)c3)cc2F)n1C,7.183245223,0.649907464,Active,0.696969697,TRUE
NC(Cc1ccc(Cl)c(Cl)c1)C(=O)N1CCN(c2ncnc3ccsc23)CC1,NC(Cc1ccc(Cl)c(Cl)c1)C(=O)N1CCN(c2ncnc3ccsc23)CC1,7.401846403,0.649930561,Active,0.721311475,TRUE
Cn1ncc(Cl)c1-c1ccc(C(=O)NC2CNCCC2c2ccc(F)nn2)o1,Cn1ncc(Cl)c1-c1ccc(C(=O)NC2CNCCC2c2ccc(F)nn2)o1,7.326330439,0.650065744,Active,0.769230769,TRUE
Cc1[nH]nc2ncc(-c3cncc(OCC(N)Cc4cc(C(F)(F)F)cc(C(F)(F)F)c4)c3)cc12,Cc1[nH]nc2ncc(-c3cncc(OCC(N)Cc4cc(C(F)(F)F)cc(C(F)(F)F)c4)c3)cc12,7.196778233,0.650089824,Active,0.703125,TRUE
O=C(Nc1csc(-c2nncn2C2CCCC2)n1)c1ccc(F)c(-n2cnc(C3CC3)c2)c1,O=C(Nc1csc(-c2nncn2C2CCCC2)n1)c1ccc(F)c(-n2cnc(C3CC3)c2)c1,7.504987603,0.650176907,Active,0.626506024,TRUE
CNC(=O)c1nc2ccc(-c3cnc(Cl)c(NS(=O)(=O)c4ccc(F)cc4F)c3)cc2s1,CNC(=O)c1nc2ccc(-c3cnc(Cl)c(NS(=O)(=O)c4ccc(F)cc4F)c3)cc2s1,7.274313357,0.650313699,Active,0.633802817,TRUE
NC1(c2ccc(-c3nc4c(F)cc(Cl)cn4c3-c3ccccc3)cc2)CCC1,NC1(c2ccc(-c3nc4c(F)cc(Cl)cn4c3-c3ccccc3)cc2)CCC1,7.433990059,0.650335932,Active,0.84,TRUE
Nc1ncnc(N2CCC(c3nc(-c4ccc(F)c(C(F)(F)F)c4)cn3CC(=O)NCCCCO)CC2)c1C(F)(F)F,Nc1ncnc(N2CCC(c3nc(-c4ccc(F)c(C(F)(F)F)c4)cn3CC(=O)NCCCCO)CC2)c1C(F)(F)F,7.248948835,0.650376284,Active,0.647058824,TRUE
Cn1nccc1-c1cc(C(=O)NC2CNCCC2c2cc(F)cc(Cl)c2)c(F)cc1F,Cn1nccc1-c1cc(C(=O)NC2CNCCC2c2cc(F)cc(Cl)c2)c(F)cc1F,7.449361657,0.650395596,Active,0.746268657,TRUE
NC(=O)c1cccc2c(NC(CN3CCCC3)c3ccc(F)c(F)c3)nc(Cl)nc12,NC(=O)c1cccc2c(NC(CN3CCCC3)c3ccc(F)c(F)c3)nc(Cl)nc12,7.515157718,0.650410318,Active,0.738461538,TRUE
O=C(NC1CN(C2CC2)CC1c1ccc(F)cc1)c1ccc2c(c1)OCCn1nccc1-2,O=C(NC1CN(C2CC2)CC1c1ccc(F)cc1)c1ccc2c(c1)OCCn1nccc1-2,7.732283937,0.650443399,Active,0.630136986,TRUE
CC(NC(=O)C1(N)CCN(c2ncnc3[nH]ccc23)CC1)c1ncc(-c2ccnn2C)cc1F,CC(NC(=O)C1(N)CCN(c2ncnc3[nH]ccc23)CC1)c1ncc(-c2ccnn2C)cc1F,7.498075564,0.650531673,Active,0.613333333,TRUE
COC1CCN(c2cnc(C(=O)Nc3csc(-c4nncn4C4CC4)n3)cc2Cl)C1,COC1CCN(c2cnc(C(=O)Nc3csc(-c4nncn4C4CC4)n3)cc2Cl)C1,7.32367445,0.650575304,Active,0.695121951,TRUE
Cc1cc(NC(=O)Cc2nc(N3CCOCC3)cc(=O)n2C2CC2)ccc1Br,Cc1cc(NC(=O)Cc2nc(N3CCOCC3)cc(=O)n2C2CC2)ccc1Br,7.09328409,0.650784516,Active,0.608695652,TRUE
Cc1ccc(NC(=O)Cc2nc(N3CCOCC3)cc(=O)n2C2CC2)cc1Br,Cc1ccc(NC(=O)Cc2nc(N3CCOCC3)cc(=O)n2C2CC2)cc1Br,7.059347657,0.650891089,Active,0.632352941,TRUE
CC(C)(C)Oc1c(F)c(CC(=O)N2CCc3c(F)cccc32)nc(N2CCOCC2)c1F,CC(C)(C)Oc1c(F)c(CC(=O)N2CCc3c(F)cccc32)nc(N2CCOCC2)c1F,7.089266552,0.650956833,Active,0.628571429,TRUE
COc1ccc2c(c1)CC(C)N2C(=O)Cc1nc(N2CCOCC2)cc(=O)n1C,COc1ccc2c(c1)CC(C)N2C(=O)Cc1nc(N2CCOCC2)cc(=O)n1C,7.089389233,0.651049697,Active,0.784615385,TRUE
Cn1ncc(Cl)c1-c1ccc(C(=O)NC2CNCCC2c2ccnc(C(F)(F)F)c2)o1,Cn1ncc(Cl)c1-c1ccc(C(=O)NC2CNCCC2c2ccnc(C(F)(F)F)c2)o1,7.453939401,0.6510584,Active,0.739130435,TRUE
Cc1nc(C(=O)NC2CNCCC2c2ccc(F)c(F)c2)cc(-c2c(Br)cnn2C)n1,Cc1nc(C(=O)NC2CNCCC2c2ccc(F)c(F)c2)cc(-c2c(Br)cnn2C)n1,7.311918016,0.651184881,Active,0.722222222,TRUE
CN(C)CCn1cc(-c2ccc(F)c(C(F)(F)F)c2)nc1C1CCN(c2cncnc2N)CC1,CN(C)CCn1cc(-c2ccc(F)c(C(F)(F)F)c2)nc1C1CCN(c2cncnc2N)CC1,7.44368088,0.651233459,Active,0.746666667,TRUE
Cc1cc(F)cc2c(N3CCN(C(=O)C(N)Cc4ccc(Cl)cc4)CC3)ncnc12,Cc1cc(F)cc2c(N3CCN(C(=O)C(N)Cc4ccc(Cl)cc4)CC3)ncnc12,7.185135389,0.65147444,Active,0.703125,TRUE
Cc1nccc(-c2cccc3c2CCN3C(=O)Cc2nc(N3CCOCC3)cc(=O)n2C)n1,Cc1nccc(-c2cccc3c2CCN3C(=O)Cc2nc(N3CCOCC3)cc(=O)n2C)n1,7.123905109,0.651540661,Active,0.735294118,TRUE
Cn1ncc(Cl)c1-c1cc(F)c(C(=O)NC2CNCCC2c2ccc(F)cn2)cc1F,Cn1ncc(Cl)c1-c1cc(F)c(C(=O)NC2CNCCC2c2ccc(F)cn2)cc1F,7.346525677,0.651570523,Active,0.742857143,TRUE
NC1(c2ccc(-c3nc4n(c3-c3ccccc3)COc3ncccc3C4)cc2)CCC1,NC1(c2ccc(-c3nc4n(c3-c3ccccc3)COc3ncccc3C4)cc2)CCC1,7.441176106,0.651775265,Active,0.704918033,TRUE
Cc1cc(-c2c(Cl)cnn2C)cc(C(=O)NC2CNCCC2c2cccc(F)c2)n1,Cc1cc(-c2c(Cl)cnn2C)cc(C(=O)NC2CNCCC2c2cccc(F)c2)n1,7.194353576,0.651792192,Active,0.797101449,TRUE
Cn1nccc1-c1cc(C(=O)NC2CNCCC2c2ccc(F)cc2)oc1Cl,Cn1nccc1-c1cc(C(=O)NC2CNCCC2c2ccc(F)cc2)oc1Cl,7.415995696,0.652067745,Active,0.701492537,TRUE
Cn1ncc(Cl)c1-c1cc(F)c(C(=O)NC2CNCCC2c2nc(Cl)ccc2F)c(F)c1,Cn1ncc(Cl)c1-c1cc(F)c(C(=O)NC2CNCCC2c2nc(Cl)ccc2F)c(F)c1,7.247590762,0.65208658,Active,0.784615385,TRUE
N#Cc1cc(-c2cn(CC3CC3(F)F)c(C3CCN(c4ncnc(N)c4Br)CC3)n2)ccc1F,N#Cc1cc(-c2cn(CC3CC3(F)F)c(C3CCN(c4ncnc(N)c4Br)CC3)n2)ccc1F,7.664365739,0.652243757,Active,0.615384615,TRUE
Cc1[nH]nc2ccc(-c3cncc(OCC(N)Cc4cccc(-c5cn[nH]c5)c4)c3)cc12,Cc1[nH]nc2ccc(-c3cncc(OCC(N)Cc4cccc(-c5cn[nH]c5)c4)c3)cc12,7.322301417,0.652381444,Active,0.671641791,TRUE
Cc1cc(-c2cn(CCN3CCN(C)CC3)c(C3CCN(c4cc(N)ncn4)CC3)n2)ccc1F,Cc1cc(-c2cn(CCN3CCN(C)CC3)c(C3CCN(c4cc(N)ncn4)CC3)n2)ccc1F,7.047002383,0.65245744,Active,0.76119403,TRUE
CC(NC(=O)c1cc(-c2c(Cl)cnn2C)c(Cl)o1)c1cccc(F)c1,CC(NC(=O)c1cc(-c2c(Cl)cnn2C)c(Cl)o1)c1cccc(F)c1,7.339953503,0.65250268,Active,0.681818182,TRUE
COc1nc(C(=O)NC2CNCCC2c2ccc(F)c(F)c2)ccc1-c1c(Cl)cnn1C,COc1nc(C(=O)NC2CNCCC2c2ccc(F)c(F)c2)ccc1-c1c(Cl)cnn1C,7.513620808,0.652558231,Active,0.702702703,TRUE
NC1(C(=O)NC(=O)c2cc(F)cc(F)c2)CCN(c2ncnc3[nH]ccc23)CC1,NC1(C(=O)NC(=O)c2cc(F)cc(F)c2)CCN(c2ncnc3[nH]ccc23)CC1,7.131877101,0.652572834,Active,0.625,TRUE
Cn1c(CC(=O)Nc2ccc(F)c(C3CC3)c2)nc(N2CCOCC2)c(Cl)c1=O,Cn1c(CC(=O)Nc2ccc(F)c(C3CC3)c2)nc(N2CCOCC2)c(Cl)c1=O,7.197026103,0.652784669,Active,0.720588235,TRUE
NC1(C(=O)NC(=O)Nc2ccc(F)cc2)CCN(c2ncnc3[nH]ccc23)CC1,NC1(C(=O)NC(=O)Nc2ccc(F)cc2)CCN(c2ncnc3[nH]ccc23)CC1,7.083653716,0.653079414,Active,0.666666667,TRUE
CC1SCc2ncnc(N3CCN(C(=O)C(N)Cc4ccc(F)cc4Cl)CC3)c21,CC1SCc2ncnc(N3CCN(C(=O)C(N)Cc4ccc(F)cc4Cl)CC3)c21,7.359050571,0.653157258,Active,0.757575758,TRUE
CCNC(=O)c1c(N)ncnc1N1CCC(c2nc(-c3ccnc(C(F)(F)F)c3)cn2CCN2CCC2)CC1,CCNC(=O)c1c(N)ncnc1N1CCC(c2nc(-c3ccnc(C(F)(F)F)c3)cn2CCN2CCC2)CC1,7.097165448,0.653179073,Active,0.820512821,TRUE
NC(COc1cncc(-c2ccc3c(c2)CCC(=O)N3)c1)Cc1ccccc1Br,NC(COc1cncc(-c2ccc3c(c2)CCC(=O)N3)c1)Cc1ccccc1Br,7.043140023,0.653202558,Active,0.625,TRUE
CCCc1ncc(-c2ccnn2C)cc1C(=O)NC1CNCCC1c1cccc(F)c1,CCCc1ncc(-c2ccnn2C)cc1C(=O)NC1CNCCC1c1cccc(F)c1,7.345822257,0.653252029,Active,0.712328767,TRUE
Cc1cc(F)c(-c2ccnn2C)cc1C(=O)NC1CNCCC1c1ccccc1,Cc1cc(F)c(-c2ccnn2C)cc1C(=O)NC1CNCCC1c1ccccc1,7.287686277,0.653510475,Active,0.727272727,TRUE
Cn1nccc1-c1cc(C(=O)NC2CNCCC2c2ccc(F)c(F)c2)c2nccnc2c1,Cn1nccc1-c1cc(C(=O)NC2CNCCC2c2ccc(F)c(F)c2)c2nccnc2c1,7.327723497,0.653626764,Active,0.75,TRUE
NC(COc1cncc(-c2ccc3c(c2)C(F)(F)C(=O)N3)c1)Cc1ccccc1,NC(COc1cncc(-c2ccc3c(c2)C(F)(F)C(=O)N3)c1)Cc1ccccc1,7.358142037,0.653710389,Active,0.727272727,TRUE
COc1ccc([N+](=O)[O-])cc1CC(N)COc1cncc(-c2ccc3[nH]nc(C)c3c2)c1,COc1ccc([N+](=O)[O-])cc1CC(N)COc1cncc(-c2ccc3[nH]nc(C)c3c2)c1,7.293018624,0.653796279,Active,0.764705882,TRUE
Cn1nccc1-c1ccc(C(=O)NC2CNCCC2c2ccccc2F)cc1F,Cn1nccc1-c1ccc(C(=O)NC2CNCCC2c2ccccc2F)cc1F,7.70955809,0.653891587,Active,0.765625,TRUE
Cn1ncc(Cl)c1-c1ccc(C(=O)NC2CNCC2c2ccc(Br)c(F)c2)cc1,Cn1ncc(Cl)c1-c1ccc(C(=O)NC2CNCC2c2ccc(Br)c(F)c2)cc1,7.098857453,0.653896356,Active,0.731343284,TRUE
NC1(C(=O)NCc2ccc(F)c(F)c2)CCN(c2ncnc3[nH]ccc23)CC1,NC1(C(=O)NCc2ccc(F)c(F)c2)CCN(c2ncnc3[nH]ccc23)CC1,7.432323753,0.653982127,Active,0.775862069,TRUE
CC1SCc2ncnc(N3CCN(C(=O)C(Cc4ccc(Cl)cc4)NC(=O)c4ccccn4)CC3)c21,CC1SCc2ncnc(N3CCN(C(=O)C(Cc4ccc(Cl)cc4)NC(=O)c4ccccn4)CC3)c21,7.167121398,0.654038155,Active,0.690140845,TRUE
Cc1[nH]nc2ccc(-c3cncc(OCC(N)Cc4cccc(-c5nc[nH]n5)c4)c3)cc12,Cc1[nH]nc2ccc(-c3cncc(OCC(N)Cc4cccc(-c5nc[nH]n5)c4)c3)cc12,7.423367908,0.654049122,Active,0.637681159,TRUE
Cn1nccc1-c1cccc(C(=O)NC2CNCCC2c2cccc(F)c2)n1,Cn1nccc1-c1cccc(C(=O)NC2CNCCC2c2cccc(F)c2)n1,7.126853413,0.654060268,Active,0.746268657,TRUE
Cn1ncc(Cl)c1-c1ccc(C(=O)NC2CNCCC2c2nnc(C3CC3)o2)o1,Cn1ncc(Cl)c1-c1ccc(C(=O)NC2CNCCC2c2nnc(C3CC3)o2)o1,7.350951669,0.654066288,Active,0.742424242,TRUE
Nc1ncnc(N2CCN(C(=O)C(N)Cc3ccc(F)cc3Cl)CC2)c1Cl,Nc1ncnc(N2CCN(C(=O)C(N)Cc3ccc(F)cc3Cl)CC2)c1Cl,7.380639886,0.654077077,Active,0.661016949,TRUE
Cn1c(CC(=O)N2CCc3c(F)cccc32)nc(N2CCC(F)CC2)cc1=O,Cn1c(CC(=O)N2CCc3c(F)cccc32)nc(N2CCC(F)CC2)cc1=O,7.091492246,0.654173398,Active,0.833333333,TRUE
Cn1[nH]c2ccc(-c3cncc(OCC(N)Cc4ccc(C(F)(F)F)c(F)c4)c3)cc2c1=O,Cn1[nH]c2ccc(-c3cncc(OCC(N)Cc4ccc(C(F)(F)F)c(F)c4)c3)cc2c1=O,7.409280707,0.65419718,Active,0.718309859,TRUE
NC1(C(=O)NCc2cc(F)ccc2F)CCN(c2ncnc3[nH]ccc23)CC1,NC1(C(=O)NCc2cc(F)ccc2F)CCN(c2ncnc3[nH]ccc23)CC1,7.314719401,0.654234314,Active,0.693548387,TRUE
Nc1ncnc(N2CCC(c3nc(-c4ccc(F)c(C(F)(F)F)c4)cn3CC(=O)NCCN3CCCCC3)CC2)c1Cl,Nc1ncnc(N2CCC(c3nc(-c4ccc(F)c(C(F)(F)F)c4)cn3CC(=O)NCCN3CCCCC3)CC2)c1Cl,7.696795018,0.65432533,Active,0.75308642,TRUE
Cn1ncc(C(=O)NC2CNCCC2c2ccc(F)c(F)c2)c1-c1cccc(Cl)c1,Cn1ncc(C(=O)NC2CNCCC2c2ccc(F)c(F)c2)c1-c1cccc(Cl)c1,7.358115099,0.654419386,Active,0.690140845,TRUE
O=C(Cc1nc(N2CCOCC2)cc(=O)n1-c1ccc(OCC(F)(F)F)cc1)N1CCc2ccccc21,O=C(Cc1nc(N2CCOCC2)cc(=O)n1-c1ccc(OCC(F)(F)F)cc1)N1CCc2ccccc21,7.033471026,0.654450023,Active,0.76119403,TRUE
Nc1ncnc(N2CCC(c3nc(-c4cnn(CCO)c4)cn3CCN3CCCC3)CC2)c1Cl,Nc1ncnc(N2CCC(c3nc(-c4cnn(CCO)c4)cn3CCN3CCCC3)CC2)c1Cl,7.094870589,0.654522026,Active,0.7,TRUE
NC(Cc1ccc(F)cc1)C(=O)N1CCN(c2ncnc3cc(Br)sc23)CC1,NC(Cc1ccc(F)cc1)C(=O)N1CCN(c2ncnc3cc(Br)sc23)CC1,7.208945255,0.65455457,Active,0.672131148,TRUE
CCOCCn1c(CC(=O)N2CCc3c(F)cccc32)nc(N2CCOCC2)cc1=O,CCOCCn1c(CC(=O)N2CCc3c(F)cccc32)nc(N2CCOCC2)cc1=O,7.124383356,0.65456655,Active,0.75,TRUE
NC(COc1cnc(Cl)c(-c2ccc3nncn3c2)c1)Cc1c[nH]c2ccccc12,NC(COc1cnc(Cl)c(-c2ccc3nncn3c2)c1)Cc1c[nH]c2ccccc12,7.343184199,0.654597306,Active,0.643835616,TRUE
CC(NC(=O)C1(N)CCN(c2ncnc3c2C2(CCCC2)CO3)CC1)c1ccc(F)cc1,CC(NC(=O)C1(N)CCN(c2ncnc3c2C2(CCCC2)CO3)CC1)c1ccc(F)cc1,7.087186753,0.654729986,Active,0.623188406,TRUE
CC(=O)c1cc(-c2cn(CCN3CCC3)c(C3CCN(c4ncnc(N)c4C)CC3)n2)cnc1C,CC(=O)c1cc(-c2cn(CCN3CCC3)c(C3CCN(c4ncnc(N)c4C)CC3)n2)cnc1C,7.25115378,0.654882336,Active,0.607594937,TRUE
Cn1nc(-c2ccc(F)cc2F)c2ccc(C(=O)NC3CNCCC3c3cc(F)cc(F)c3)cc21,Cn1nc(-c2ccc(F)cc2F)c2ccc(C(=O)NC3CNCCC3c3cc(F)cc(F)c3)cc21,7.074881694,0.655036056,Active,0.647887324,TRUE
NCC(C(=O)N1CCN(c2ncnc(N)c2Cl)CC1)c1ccc(Cl)cc1,NCC(C(=O)N1CCN(c2ncnc(N)c2Cl)CC1)c1ccc(Cl)cc1,7.264969475,0.655100012,Active,0.685185185,TRUE
N#Cc1ccc(-c2cc(C(=O)NC3CNCCC3c3ccccc3)oc2Cl)cn1,N#Cc1ccc(-c2cc(C(=O)NC3CNCCC3c3ccccc3)oc2Cl)cn1,7.049118305,0.655102038,Active,0.625,TRUE
Nc1cc(N2CCC(c3nc(-c4ccc(F)c(C(F)(F)F)c4)cn3CC(=O)NCCN3CCCC3)CC2)ncn1,Nc1cc(N2CCC(c3nc(-c4ccc(F)c(C(F)(F)F)c4)cn3CC(=O)NCCN3CCCC3)CC2)ncn1,7.27670298,0.655275786,Active,0.776315789,TRUE
COc1ccc(-c2cc(C(=O)NC3CNCCC3c3ccc(F)c(F)c3)oc2Cl)cn1,COc1ccc(-c2cc(C(=O)NC3CNCCC3c3ccc(F)c(F)c3)oc2Cl)cn1,7.251892243,0.655470395,Active,0.666666667,TRUE
Cc1[nH]nc2ccc(-c3cncc(OCC(N)Cc4ccc(N)cc4)c3)cc12,Cc1[nH]nc2ccc(-c3cncc(OCC(N)Cc4ccc(N)cc4)c3)cc12,7.334421467,0.655473137,Active,0.634920635,TRUE
Cc1cc(Cl)cn2c(-c3ccnnc3)c(-c3ccc(C4(N)CCC4)cc3)nc12,Cc1cc(Cl)cn2c(-c3ccnnc3)c(-c3ccc(C4(N)CCC4)cc3)nc12,7.403502775,0.65549227,Active,0.754385965,TRUE
Cc1cc(N2CCC(c3nc(-c4ccc(F)cc4)cn3CCN3CCC3)CC2)ncn1,Cc1cc(N2CCC(c3nc(-c4ccc(F)cc4)cn3CCN3CCC3)CC2)ncn1,7.154443499,0.655586982,Active,0.647058824,TRUE
CNC(=O)c1cc(-c2cn(CCN3CCC3)c(C3CCN(c4cc(N)ncn4)CC3)n2)ccc1F,CNC(=O)c1cc(-c2cn(CCN3CCC3)c(C3CCN(c4cc(N)ncn4)CC3)n2)ccc1F,7.192660874,0.655594313,Active,0.736111111,TRUE
NC1(C(=O)NCC(=O)c2ccc(F)cc2)CCN(c2ncnc3[nH]ccc23)CC1,NC1(C(=O)NCC(=O)c2ccc(F)cc2)CCN(c2ncnc3[nH]ccc23)CC1,7.271698339,0.655739033,Active,0.65625,TRUE
Cc1ccn(-c2ccc(C(=O)NC3CNCCC3c3ccc(F)c(F)c3)c(F)c2)n1,Cc1ccn(-c2ccc(C(=O)NC3CNCCC3c3ccc(F)c(F)c3)c(F)c2)n1,7.189220511,0.655742133,Active,0.614285714,TRUE
CC(NC(=O)C1(N)CCN(c2ncnc3[nH]ccc23)CC1)c1nc(F)cn1C,CC(NC(=O)C1(N)CCN(c2ncnc3[nH]ccc23)CC1)c1nc(F)cn1C,7.198101414,0.655980492,Active,0.707692308,TRUE
Cc1c(-c2cnc(C(=O)NC3CNCCC3c3cccc(F)c3)cc2Cl)cnn1C,Cc1c(-c2cnc(C(=O)NC3CNCCC3c3cccc(F)c3)cc2Cl)cnn1C,7.197294116,0.65598067,Active,0.708333333,TRUE
CC(C)NCCn1cc(-c2cncc(C(F)(F)F)c2)nc1C1CCN(c2ncnc(N)c2C(N)=O)CC1,CC(C)NCCn1cc(-c2cncc(C(F)(F)F)c2)nc1C1CCN(c2ncnc(N)c2C(N)=O)CC1,7.088393212,0.656107748,Active,0.746987952,TRUE
Cn1c(CC(=O)N2CCc3cc(F)c(F)cc32)nc(N2CCCC2)cc1=O,Cn1c(CC(=O)N2CCc3cc(F)c(F)cc32)nc(N2CCCC2)cc1=O,7.101171059,0.656117105,Active,0.836363636,TRUE
Cn1ncc(-c2ccc(C(=O)NC3CNCCC3c3ccc(F)c(Cl)c3)cc2)c1Cl,Cn1ncc(-c2ccc(C(=O)NC3CNCCC3c3ccc(F)c(Cl)c3)cc2)c1Cl,7.17635923,0.656200314,Active,0.720588235,TRUE
Cn1nccc1-c1cc(C(=O)NC2CNCCC2c2ccccc2)c(Cl)cc1F,Cn1nccc1-c1cc(C(=O)NC2CNCCC2c2ccccc2)c(Cl)cc1F,7.223808916,0.656212473,Active,0.71641791,TRUE
CC1SCc2ncnc(N3CCN(C(=O)C(N)Cc4cccc(F)c4)CC3)c21,CC1SCc2ncnc(N3CCN(C(=O)C(N)Cc4cccc(F)c4)CC3)c21,7.060854514,0.656216109,Active,0.80952381,TRUE
Nc1cc(N2CCC(c3nc(-c4ccc(F)c([N+](=O)[O-])c4)cn3CCN3CCC3)CC2)ncn1,Nc1cc(N2CCC(c3nc(-c4ccc(F)c([N+](=O)[O-])c4)cn3CCN3CCC3)CC2)ncn1,7.316005983,0.656236672,Active,0.768115942,TRUE
Cc1ccc(-c2cc3c(C)nc(N)nc3n(C3CCC(OCCO)CC3)c2=O)cc1C,Cc1ccc(-c2cc3c(C)nc(N)nc3n(C3CCC(OCCO)CC3)c2=O)cc1C,7.321134994,0.656288469,Active,0.76119403,TRUE
Cc1cc(C(=O)NC2CCC2)nn2c(-c3ccccc3)c(-c3ccc(C4(N)CCC4)cc3)nc12,Cc1cc(C(=O)NC2CCC2)nn2c(-c3ccccc3)c(-c3ccc(C4(N)CCC4)cc3)nc12,7.306650044,0.656478429,Active,0.647887324,TRUE
O=C(Nc1ccc(F)cc1F)c1cc(Br)c(-c2ccnc3[nH]ccc23)s1,O=C(Nc1ccc(F)cc1F)c1cc(Br)c(-c2ccnc3[nH]ccc23)s1,7.190519708,0.656513417,Active,0.617647059,TRUE
Nc1ncnc(N2CCC(c3nc(-c4ccc(F)c(F)c4)cn3CCN3CCC3)CC2)c1F,Nc1ncnc(N2CCC(c3nc(-c4ccc(F)c(F)c4)cn3CCN3CCC3)CC2)c1F,7.384036268,0.656540477,Active,0.818181818,TRUE
CNCC(Nc1ncnc2c(C(N)=O)ccnc12)c1cccc(Br)c1,CNCC(Nc1ncnc2c(C(N)=O)ccnc12)c1cccc(Br)c1,7.055058924,0.656715775,Active,0.733333333,TRUE
Cc1c(-c2cc(C(=O)NC3CNCCC3c3cccc(C(F)(F)F)c3)oc2Cl)cnn1C,Cc1c(-c2cc(C(=O)NC3CNCCC3c3cccc(C(F)(F)F)c3)oc2Cl)cnn1C,7.384921724,0.656852508,Active,0.819444444,TRUE
Cn1cc(-c2ccc3nc(-c4ccccn4)n(-c4ccc(C5(N)CCC5)cc4)c3n2)cn1,Cn1cc(-c2ccc3nc(-c4ccccn4)n(-c4ccc(C5(N)CCC5)cc4)c3n2)cn1,7.571871405,0.65688684,Active,0.633333333,TRUE
Cn1ncc(Cl)c1-c1cc(C(=O)NC2CNCCC2c2cnccn2)oc1Cl,Cn1ncc(Cl)c1-c1cc(C(=O)NC2CNCCC2c2cnccn2)oc1Cl,7.730971496,0.656904006,Active,0.75,TRUE
Cn1cc(-c2ccc(-c3cn(CCN4CCC4)c(C4CCN(c5ncnc(N)c5Cl)CC4)n3)cc2)cn1,Cn1cc(-c2ccc(-c3cn(CCN4CCC4)c(C4CCN(c5ncnc(N)c5Cl)CC4)n3)cc2)cn1,7.161218514,0.656925166,Active,0.76119403,TRUE
Cn1ncc(Br)c1-c1cc(F)c(C(=O)NC2CNCCC2c2ccc(F)c(F)c2)cc1Cl,Cn1ncc(Br)c1-c1cc(F)c(C(=O)NC2CNCCC2c2ccc(F)c(F)c2)cc1Cl,7.048109254,0.656926775,Active,0.863636364,TRUE
NC(COc1cnc(Cl)c(-c2cnc(F)c(F)c2)c1)Cc1c[nH]c2ccccc12,NC(COc1cnc(Cl)c(-c2cnc(F)c(F)c2)c1)Cc1c[nH]c2ccccc12,7.327281815,0.656979704,Active,0.676470588,TRUE
Cn1cc(-c2ccc(C(=O)NC3CNCCC3c3cc(F)cc(F)c3)cn2)cn1,Cn1cc(-c2ccc(C(=O)NC3CNCCC3c3cc(F)cc(F)c3)cn2)cn1,7.073627659,0.657453382,Active,0.605633803,TRUE
Nc1ncnc(N2CCC(c3nc(-c4ccc(F)nc4)cn3CCN3CCC3)CC2)c1C1CC1,Nc1ncnc(N2CCC(c3nc(-c4ccc(F)nc4)cn3CCN3CCC3)CC2)c1C1CC1,7.282726964,0.65774765,Active,0.76119403,TRUE
Cc1cc2ncnc(N3CCN(C(=O)C(N)Cc4ccc(Cl)cc4)CC3)c2s1,Cc1cc2ncnc(N3CCN(C(=O)C(N)Cc4ccc(Cl)cc4)CC3)c2s1,7.288436691,0.657794023,Active,0.709677419,TRUE
O=C(Cc1nc(N2CCOCC2)c(F)c(OC(F)F)c1Cl)N1CCc2c(F)cccc21,O=C(Cc1nc(N2CCOCC2)c(F)c(OC(F)F)c1Cl)N1CCc2c(F)cccc21,7.36200719,0.657799745,Active,0.614285714,TRUE
NC(COc1cncc(-c2ccc3[nH]cnc(=O)c3c2)c1)Cc1ccc(Br)c(F)c1,NC(COc1cncc(-c2ccc3[nH]cnc(=O)c3c2)c1)Cc1ccc(Br)c(F)c1,7.340313032,0.657865846,Active,0.71641791,TRUE
CN(C)CCn1cc(CCC(F)(F)F)nc1C1CCN(c2ncnc(N)c2Br)CC1,CN(C)CCn1cc(CCC(F)(F)F)nc1C1CCN(c2ncnc(N)c2Br)CC1,7.246100778,0.658013666,Active,0.64,TRUE
Cn1c(CC(=O)Nc2ccc(F)c(Br)c2F)nc(N2CCOCC2)cc1=O,Cn1c(CC(=O)Nc2ccc(F)c(Br)c2F)nc(N2CCOCC2)cc1=O,7.090963403,0.658069456,Active,0.73015873,TRUE
O=C(Nc1csc(-c2nncn2C2CCOCC2)n1)c1cc(-n2cnc(C3CC3)c2)c(F)cc1Cl,O=C(Nc1csc(-c2nncn2C2CCOCC2)n1)c1cc(-n2cnc(C3CC3)c2)c(F)cc1Cl,7.673104116,0.658244574,Active,0.627906977,TRUE
NC1(C(=O)NC(CO)c2ccccc2)CCN(c2ncnc3[nH]ccc23)CC1,NC1(C(=O)NC(CO)c2ccccc2)CCN(c2ncnc3[nH]ccc23)CC1,7.161543027,0.677813852,Active,0.862068966,TRUE
Cn1nccc1-c1ccc(C(=O)NC2CNCC2c2ccc(Cl)c(F)c2)cc1,Cn1nccc1-c1ccc(C(=O)NC2CNCC2c2ccc(Cl)c(F)c2)cc1,7.172816375,0.658468688,Active,0.71875,TRUE
Cn1ncc(-c2cc(C(=O)NC3CNCCC3c3cccc(C(F)(F)F)c3)oc2Cl)c1Cl,Cn1ncc(-c2cc(C(=O)NC3CNCCC3c3cccc(C(F)(F)F)c3)oc2Cl)c1Cl,7.513818607,0.658500814,Active,0.842857143,TRUE
Cn1cnc(-c2[nH]nc3cnc(-c4cncc(OCC(N)Cc5cccc(F)c5)c4)cc23)n1,Cn1cnc(-c2[nH]nc3cnc(-c4cncc(OCC(N)Cc5cccc(F)c5)c4)cc23)n1,7.673844972,0.658590162,Active,0.648648649,TRUE
Nc1ncnc(N2CCC(c3nc(-c4cnc(Cl)c(F)c4)cn3CCN3CCCC3)CC2)c1-c1ncccn1,Nc1ncnc(N2CCC(c3nc(-c4cnc(Cl)c(F)c4)cn3CCN3CCCC3)CC2)c1-c1ncccn1,7.360792323,0.658794188,Active,0.649350649,TRUE
Cn1ncc(Cl)c1-c1cc(C(=O)NC2CNCCC2c2ccc(F)c(F)c2)no1,Cn1ncc(Cl)c1-c1cc(C(=O)NC2CNCCC2c2ccc(F)c(F)c2)no1,7.458460703,0.658865118,Active,0.724637681,TRUE
NC(COc1cncc(-c2ccc3cnccc3c2)c1)Cc1cc(F)ccc1F,NC(COc1cncc(-c2ccc3cnccc3c2)c1)Cc1cc(F)ccc1F,7.213819621,0.658988202,Active,0.625,TRUE
O=C(Nc1csc(-c2nncn2C2CCNCC2)n1)c1cc(-n2cnc(C3CC3)c2)c(F)cc1Cl,O=C(Nc1csc(-c2nncn2C2CCNCC2)n1)c1cc(-n2cnc(C3CC3)c2)c(F)cc1Cl,7.814202139,0.659031475,Active,0.609195402,TRUE
CC(NC(=O)C1(N)CCN(c2ncnc3[nH]ccc23)CC1)c1ccc(C(F)(F)F)nn1,CC(NC(=O)C1(N)CCN(c2ncnc3[nH]ccc23)CC1)c1ccc(C(F)(F)F)nn1,7.431257514,0.659140372,Active,0.71641791,TRUE
CCc1c(N)ncnc1N1CCC(c2nc(-c3ccnc(C(C)C)c3)cn2CC)CC1,CCc1c(N)ncnc1N1CCC(c2nc(-c3ccnc(C(C)C)c3)cn2CC)CC1,7.785112794,0.659274125,Active,0.823529412,TRUE
Cn1cc(-c2ccc3nc(C4CC4)n(-c4ccc(C5(N)CCC5)cc4)c3n2)cn1,Cn1cc(-c2ccc3nc(C4CC4)n(-c4ccc(C5(N)CCC5)cc4)c3n2)cn1,7.442934402,0.659304643,Active,0.608695652,TRUE
N#Cc1cc(-c2cn(CCN3CCC3)c(C3CCN(c4ncc(F)cn4)CC3)n2)ccc1F,N#Cc1cc(-c2cn(CCN3CCC3)c(C3CCN(c4ncc(F)cn4)CC3)n2)ccc1F,7.317369746,0.659463906,Active,0.605263158,TRUE
CC1SCc2ncnc(N3CCN(C(=O)C(N)Cc4ccc(Cl)c(Cl)c4)CC3)c21,CC1SCc2ncnc(N3CCN(C(=O)C(N)Cc4ccc(Cl)c(Cl)c4)CC3)c21,7.277369356,0.659515524,Active,0.859375,TRUE
CNC(=O)c1cccnc1N1CCC(c2nc(-c3ccc(F)c(F)c3)cn2CCN2CCCC2)CC1,CNC(=O)c1cccnc1N1CCC(c2nc(-c3ccc(F)c(F)c3)cn2CCN2CCCC2)CC1,7.087666215,0.659610295,Active,0.625,TRUE
NC(=O)c1cccc2c(NC(CN3CC(O)C3)c3ccc(F)cc3)ncnc12,NC(=O)c1cccc2c(NC(CN3CC(O)C3)c3ccc(F)cc3)ncnc12,7.395177902,0.659662688,Active,0.796610169,TRUE
N#Cc1c(N)ncnc1N1CCC(c2nc(-c3cccc(O)c3)cn2CCN2CCC2)C(F)C1,N#Cc1c(N)ncnc1N1CCC(c2nc(-c3cccc(O)c3)cn2CCN2CCC2)C(F)C1,7.438017612,0.659706378,Active,0.7625,TRUE
NC(Cc1ccc(Cl)cc1)C(=O)N1CCN(c2ncnc3cccc(-c4nccs4)c23)CC1,NC(Cc1ccc(Cl)cc1)C(=O)N1CCN(c2ncnc3cccc(-c4nccs4)c23)CC1,7.196194725,0.65973618,Active,0.701492537,TRUE
Cn1c(-c2nc(NC(=O)c3cc(-n4cnc(C5CC5)c4)c(N4CCC(F)C4)cn3)cs2)nc2ccccc21,Cn1c(-c2nc(NC(=O)c3cc(-n4cnc(C5CC5)c4)c(N4CCC(F)C4)cn3)cs2)nc2ccccc21,7.713186069,0.660007203,Active,0.643678161,TRUE
O=C(Cc1nc(N2CCOCC2)cc(=O)n1-c1ccc(Cl)c(F)c1)Nc1ccc(F)c(C2CC2)c1,O=C(Cc1nc(N2CCOCC2)cc(=O)n1-c1ccc(Cl)c(F)c1)Nc1ccc(F)c(C2CC2)c1,7.206370733,0.660017693,Active,0.718309859,TRUE
Cn1ncc(Cl)c1-c1ccc(C(=O)NC2CNCC2c2ccc(Cl)c(Cl)c2)o1,Cn1ncc(Cl)c1-c1ccc(C(=O)NC2CNCC2c2ccc(Cl)c(Cl)c2)o1,7.219719194,0.660052741,Active,0.707692308,TRUE
Cn1cncc1-c1ccc(C(=O)NC2CNCCC2c2cccc(F)c2)c(F)c1,Cn1cncc1-c1ccc(C(=O)NC2CNCCC2c2cccc(F)c2)c(F)c1,7.189346814,0.66013422,Active,0.628571429,TRUE
Cc1c(N)ncnc1N1CCC(c2nc(-c3ccc(F)c(F)c3)cn2CCNCCO)CC1,Cc1c(N)ncnc1N1CCC(c2nc(-c3ccc(F)c(F)c3)cn2CCNCCO)CC1,7.416456415,0.660135531,Active,0.634146341,TRUE
Cn1nccc1-c1cccc(C2CCNCC2NC(=O)c2ccc(-c3cnn(C)c3Cl)cc2F)c1,Cn1nccc1-c1cccc(C2CCNCC2NC(=O)c2ccc(-c3cnn(C)c3Cl)cc2F)c1,7.154744997,0.660175705,Active,0.708333333,TRUE
C=Cc1c(N)ncnc1N1CCC(c2nc(-c3cnn(CCN4CCCC4)c3)cn2CCF)CC1,C=Cc1c(N)ncnc1N1CCC(c2nc(-c3cnn(CCN4CCCC4)c3)cn2CCF)CC1,7.166233055,0.660269701,Active,0.712328767,TRUE
NC(COc1cncc(-c2ccc3[nH]c(=O)sc3c2)c1)Cc1cccc(F)c1F,NC(COc1cncc(-c2ccc3[nH]c(=O)sc3c2)c1)Cc1cccc(F)c1F,7.058933366,0.660377049,Active,0.656716418,TRUE
Cc1nc(N)nc2ncc(-c3cncc(OCC(N)Cc4ccc(Br)cc4F)c3)cc12,Cc1nc(N)nc2ncc(-c3cncc(OCC(N)Cc4ccc(Br)cc4F)c3)cc12,7.145882767,0.660382116,Active,0.666666667,TRUE
CNCC(Nc1ncnc2c(C(N)=O)cccc12)c1cccc(F)c1F,CNCC(Nc1ncnc2c(C(N)=O)cccc12)c1cccc(F)c1F,7.460198327,0.660718048,Active,0.694915254,TRUE
Cn1ncc(Br)c1-c1cc(F)c(C(=O)NC2CNCCC2c2ncon2)cc1F,Cn1ncc(Br)c1-c1cc(F)c(C(=O)NC2CNCCC2c2ncon2)cc1F,7.199357327,0.661002839,Active,0.708333333,TRUE
Cn1c(CC(=O)N2CCc3c(-c4cccnc4)cccc32)nc(N2CCOCC2)cc1=O,Cn1c(CC(=O)N2CCc3c(-c4cccnc4)cccc32)nc(N2CCOCC2)cc1=O,7.154096841,0.661007249,Active,0.731343284,TRUE
CNC(=O)c1c(N)ncnc1N1CCC(c2nc(-c3ccc(F)c(OC)c3)cn2CCN)CC1,CNC(=O)c1c(N)ncnc1N1CCC(c2nc(-c3ccc(F)c(OC)c3)cn2CCN)CC1,7.48779688,0.661009991,Active,0.7375,TRUE
Cc1cc(-c2ccc(C(=O)NC3CNCCC3c3cccc(F)c3)nc2)nn1C,Cc1cc(-c2ccc(C(=O)NC3CNCCC3c3cccc(F)c3)nc2)nn1C,7.082025953,0.661016726,Active,0.735294118,TRUE
Cn1c(CC(=O)Nc2ccc(F)c(Br)c2)nc(N2CCOCC2)c(Cl)c1=O,Cn1c(CC(=O)Nc2ccc(F)c(Br)c2)nc(N2CCOCC2)c(Cl)c1=O,7.072943697,0.661216462,Active,0.707692308,TRUE
O=C(c1cccc(Cl)c1)N1CCN(c2ncnc3[nH]cc(Br)c23)CC1,O=C(c1cccc(Cl)c1)N1CCN(c2ncnc3[nH]cc(Br)c23)CC1,7.07268883,0.661284947,Active,0.62295082,TRUE
NC(=O)c1ncc(F)cc1N1CCC(c2nc(-c3ccc(F)c(F)c3)cn2CCN2CCCC2)CC1,NC(=O)c1ncc(F)cc1N1CCC(c2nc(-c3ccc(F)c(F)c3)cn2CCN2CCCC2)CC1,7.37413043,0.661362851,Active,0.671052632,TRUE
Cc1cc(-c2cn(CC3CNC3)c(C3CCN(c4ncncc4Cl)CC3)n2)ccc1F,Cc1cc(-c2cn(CC3CNC3)c(C3CCN(c4ncncc4Cl)CC3)n2)ccc1F,7.083042199,0.661461616,Active,0.743243243,TRUE
O=C(NC1CNCCC1c1ccc(F)cc1)c1cc2c(s1)CCCn1nc(C(F)(F)F)nc1-2,O=C(NC1CNCCC1c1ccc(F)cc1)c1cc2c(s1)CCCn1nc(C(F)(F)F)nc1-2,8.161977926,0.661472225,Active,0.607594937,TRUE
CN(C)CCn1cc(-c2ccc3ccncc3c2)nc1C1CCN(c2ncnc(N)c2F)CC1,CN(C)CCn1cc(-c2ccc3ccncc3c2)nc1C1CCN(c2ncnc(N)c2F)CC1,7.345789515,0.661510789,Active,0.632911392,TRUE
COc1ncc(-c2cc3c(C)nc(N)nc3n(C3CCC(OC)CC3)c2=O)cn1,COc1ncc(-c2cc3c(C)nc(N)nc3n(C3CCC(OC)CC3)c2=O)cn1,7.22657628,0.661547804,Active,0.816666667,TRUE
NC(=O)CCn1cc(-c2cccc(F)c2)nc1C1CCN(c2ncnc(N)c2Cl)CC1,NC(=O)CCn1cc(-c2cccc(F)c2)nc1C1CCN(c2ncnc(N)c2Cl)CC1,7.172601699,0.661793971,Active,0.771428571,TRUE
CN(C)C(=O)c1cccc2c(NC(CN3CCC3)c3cccc(F)c3)ncnc12,CN(C)C(=O)c1cccc2c(NC(CN3CCC3)c3cccc(F)c3)ncnc12,7.145974951,0.661957288,Active,0.803278689,TRUE
Cc1[nH]nc2ccc(-c3cncc(OCC(N)Cc4cccc(O)c4)c3)cc12,Cc1[nH]nc2ccc(-c3cncc(OCC(N)Cc4cccc(O)c4)c3)cc12,7.320450707,0.661971891,Active,0.626865672,TRUE
Cc1nn(C)cc1-c1cc(C(=O)NC2CNCCC2c2ccccc2)oc1Cl,Cc1nn(C)cc1-c1cc(C(=O)NC2CNCCC2c2ccccc2)oc1Cl,7.134131677,0.662103975,Active,0.68115942,TRUE
Cn1nccc1-c1cc(F)c(C(=O)NC2CNCCC2c2cccc(C(F)F)c2)cc1F,Cn1nccc1-c1cc(F)c(C(=O)NC2CNCCC2c2cccc(C(F)F)c2)cc1F,7.441948255,0.662117326,Active,0.764705882,TRUE
Cn1ncc(Br)c1-c1nc(C(=O)NC2CNCCC2c2ccc(F)c(F)c2)no1,Cn1ncc(Br)c1-c1nc(C(=O)NC2CNCCC2c2ccc(F)c(F)c2)no1,7.269707534,0.662137353,Active,0.714285714,TRUE
Cn1ncc(Br)c1-c1cc(F)c(C(=O)NC2CNCCC2c2cccc(Br)n2)cc1F,Cn1ncc(Br)c1-c1cc(F)c(C(=O)NC2CNCCC2c2cccc(Br)n2)cc1F,7.164765483,0.662270212,Active,0.732394366,TRUE
Cn1ncc(Cl)c1-c1ccc(C(=O)NC2CNCCC2c2ccc(F)c(N)n2)o1,Cn1ncc(Cl)c1-c1ccc(C(=O)NC2CNCCC2c2ccc(F)c(N)n2)o1,7.568123817,0.66230675,Active,0.739130435,TRUE
Cn1c(CC(=O)N2CCc3c(-c4ccccn4)cccc32)nc(N2CCOCC2)cc1=O,Cn1c(CC(=O)N2CCc3c(-c4ccccn4)cccc32)nc(N2CCOCC2)cc1=O,7.100194523,0.662552917,Active,0.731343284,TRUE
Cn1c(CC(=O)N2c3ccccc3CC2C2CC2)nc(N2CCOCC2)cc1=O,Cn1c(CC(=O)N2c3ccccc3CC2C2CC2)nc(N2CCOCC2)cc1=O,7.113843327,0.662558758,Active,0.790322581,TRUE
NC1(c2ccc(-c3nn4c(-c5cccnc5)cnc4cc3-c3ccccc3)cc2)CC1,NC1(c2ccc(-c3nn4c(-c5cccnc5)cnc4cc3-c3ccccc3)cc2)CC1,7.570347586,0.662609005,Active,0.724137931,TRUE
Cn1c(CC(=O)N2CCc3c(OC(F)F)cccc32)nc(N2CCCC2)cc1=O,Cn1c(CC(=O)N2CCc3c(OC(F)F)cccc32)nc(N2CCCC2)cc1=O,7.054640871,0.662628078,Active,0.859375,TRUE
CCSCCn1cc(-c2ccc(F)c(C(F)(F)F)c2)nc1C1CCN(c2cc(N)ncn2)CC1,CCSCCn1cc(-c2ccc(F)c(C(F)(F)F)c2)nc1C1CCN(c2cc(N)ncn2)CC1,7.132766306,0.662631953,Active,0.763888889,TRUE
Nc1ncnc(N2CCC(c3nc(-c4ccsc4)cn3CCN3CCC3)CC2)c1F,Nc1ncnc(N2CCC(c3nc(-c4ccsc4)cn3CCN3CCC3)CC2)c1F,7.234551405,0.662756407,Active,0.779411765,TRUE
NC(Cc1ccc(Cl)c(Cl)c1)C(=O)N1CCN(c2ncnc3cccc(Cl)c23)CC1,NC(Cc1ccc(Cl)c(Cl)c1)C(=O)N1CCN(c2ncnc3cccc(Cl)c23)CC1,7.174216118,0.662758017,Active,0.779661017,TRUE
COc1c(N)ncnc1N1CCC(c2nc(-c3ccnc(SC)c3)cn2CCN2CCC2)CC1,COc1c(N)ncnc1N1CCC(c2nc(-c3ccnc(SC)c3)cn2CCN2CCC2)CC1,7.247938981,0.662758076,Active,0.773333333,TRUE
Cn1cc(-c2cn(CCN3CCCC3)c(C3CCN(c4ncnc(N)c4Br)CC3)n2)ccc1=O,Cn1cc(-c2cn(CCN3CCCC3)c(C3CCN(c4ncnc(N)c4Br)CC3)n2)ccc1=O,7.432785259,0.662783587,Active,0.76119403,TRUE
CC(NC(=O)C1(N)CCN(c2ncnc3[nH]ccc23)CC1)c1cnn(C)c1Cl,CC(NC(=O)C1(N)CCN(c2ncnc3[nH]ccc23)CC1)c1cnn(C)c1Cl,7.218316359,0.662887537,Active,0.707692308,TRUE
CN1CCN(CC(Nc2ncnc3c(C(N)=O)cccc23)c2ccc(Cl)c(Cl)c2)CC1,CN1CCN(CC(Nc2ncnc3c(C(N)=O)cccc23)c2ccc(Cl)c(Cl)c2)CC1,7.370496056,0.662891054,Active,0.731343284,TRUE
Cn1ncc(C(=O)NC2CNCCC2c2cc(F)cc(F)c2)c1-c1cccc(Cl)c1,Cn1ncc(C(=O)NC2CNCCC2c2cc(F)cc(F)c2)c1-c1cccc(Cl)c1,7.353366758,0.662957454,Active,0.616438356,TRUE
CN(C)CCN(C)CCn1cc(-c2ccc(F)c(C(F)(F)F)c2)nc1C1CCN(c2ncnc(N)c2Cl)CC1,CN(C)CCN(C)CCn1cc(-c2ccc(F)c(C(F)(F)F)c2)nc1C1CCN(c2ncnc(N)c2Cl)CC1,7.254465544,0.662991548,Active,0.810126582,TRUE
Cn1ncc(Cl)c1-c1ccc(C(=O)NC2CNCCC2c2cccc(C(F)(F)F)c2)o1,Cn1ncc(Cl)c1-c1ccc(C(=O)NC2CNCCC2c2cccc(C(F)(F)F)c2)o1,7.47629175,0.663014019,Active,0.791666667,TRUE
Cn1[nH]c2ccc(-c3cncc(OCC(N)Cc4ccc(F)c(F)c4)c3)cc2c1=O,Cn1[nH]c2ccc(-c3cncc(OCC(N)Cc4ccc(F)c(F)c4)c3)cc2c1=O,7.240873314,0.663055086,Active,0.614285714,TRUE
O=C(Nc1nc2ccc(-c3cnc(Cl)c(NS(=O)(=O)c4cccc(F)c4)c3)cc2s1)c1cncnc1,O=C(Nc1nc2ccc(-c3cnc(Cl)c(NS(=O)(=O)c4cccc(F)c4)c3)cc2s1)c1cncnc1,7.69481779,0.663062596,Active,0.782608696,TRUE
NCC1(C(=O)Nc2ccc(F)c(F)c2F)CCN(c2ncnc3[nH]ccc23)CC1,NCC1(C(=O)Nc2ccc(F)c(F)c2F)CCN(c2ncnc3[nH]ccc23)CC1,7.138022863,0.663368845,Active,0.602941176,TRUE
Cn1ncc(-c2ccc(C(=O)NC3CNCCC3c3cccc(F)c3)nc2)c1C1CCC1,Cn1ncc(-c2ccc(C(=O)NC3CNCCC3c3cccc(F)c3)nc2)c1C1CCC1,7.489006602,0.663648689,Active,0.732394366,TRUE
NC(=O)c1ccc(-c2[nH]nc3cnc(-c4cncc(OCC(N)Cc5ccccc5)c4)cc23)cc1,NC(=O)c1ccc(-c2[nH]nc3cnc(-c4cncc(OCC(N)Cc5ccccc5)c4)cc23)cc1,7.313173931,0.663789952,Active,0.608695652,TRUE
NC(=O)c1c[nH]n2c(-c3ccccc3)c(-c3ccc(C4(N)CCC4)cc3)nc12,NC(=O)c1c[nH]n2c(-c3ccccc3)c(-c3ccc(C4(N)CCC4)cc3)nc12,7.18403306,0.663967454,Active,0.672413793,TRUE
CNCCn1cc(-c2ccc(F)nc2)nc1C1CCN(c2ncnc(N)c2C#N)CC1,CNCCn1cc(-c2ccc(F)nc2)nc1C1CCN(c2ncnc(N)c2C#N)CC1,7.687526205,0.664008224,Active,0.780821918,TRUE
Cc1nc(Cl)cn2c(-c3ccccc3)c(-c3ccc(C4(N)CCC4)cc3)nc12,Cc1nc(Cl)cn2c(-c3ccccc3)c(-c3ccc(C4(N)CCC4)cc3)nc12,7.001875008,0.664221787,Active,0.803921569,TRUE
Cn1nccc1-c1ccc(C(=O)NC2CNCC2c2ccc(F)c(F)c2)cc1Cl,Cn1nccc1-c1ccc(C(=O)NC2CNCC2c2ccc(F)c(F)c2)cc1Cl,7.113153494,0.664389992,Active,0.727272727,TRUE
Cc1c(N)ncnc1N1CCC(c2nc(-c3ccc(F)c(C(F)(F)F)c3)cn2CC(N)=O)CC1,Cc1c(N)ncnc1N1CCC(c2nc(-c3ccc(F)c(C(F)(F)F)c3)cn2CC(N)=O)CC1,7.558847914,0.664514089,Active,0.756756757,TRUE
CSc1ccc(-c2cnc3cc(-c4ccccc4)c(-c4ccc(C5(N)CCC5)cc4)nn23)cn1,CSc1ccc(-c2cnc3cc(-c4ccccc4)c(-c4ccc(C5(N)CCC5)cc4)nn23)cn1,7.592390476,0.664545679,Active,0.766666667,TRUE
Cc1ccccc1-n1c(CC(=O)Nc2ccc(F)c(Br)c2)nc(N2CCCC2)cc1=O,Cc1ccccc1-n1c(CC(=O)Nc2ccc(F)c(Br)c2)nc(N2CCCC2)cc1=O,7.08736941,0.664706254,Active,0.614285714,TRUE
NC(COc1cncc(-c2ccc3[nH]c(O)cc3c2)c1)Cc1cccc(F)c1F,NC(COc1cncc(-c2ccc3[nH]c(O)cc3c2)c1)Cc1cccc(F)c1F,7.015478065,0.664792264,Active,0.666666667,TRUE
Cn1ncc(-c2oc(C(=O)NC3CNCCC3c3cccc(F)c3)cc2Cl)c1Cl,Cn1ncc(-c2oc(C(=O)NC3CNCCC3c3cccc(F)c3)cc2Cl)c1Cl,7.40923949,0.665094638,Active,0.635135135,TRUE
CCn1cc(-c2ccnc(C(F)(F)F)c2)nc1C1CCN(c2ncnc(N)c2C(N)=O)CC1,CCn1cc(-c2ccnc(C(F)(F)F)c2)nc1C1CCN(c2ncnc(N)c2C(N)=O)CC1,7.160856173,0.665114486,Active,0.819444444,TRUE
O=C(NC1CNCCC1c1ccccc1)c1ccc2c(c1)-c1ccnn1CCO2,O=C(NC1CNCCC1c1ccccc1)c1ccc2c(c1)-c1ccnn1CCO2,8.210824512,0.665312374,Active,0.720588235,TRUE
O=C(N1CCN(c2ncnc3[nH]ccc23)CC1)C1(c2c(F)cccc2F)CC1,O=C(N1CCN(c2ncnc3[nH]ccc23)CC1)C1(c2c(F)cccc2F)CC1,7.063972314,0.665388429,Active,0.612903226,TRUE
NC(COc1cncc(-c2ccc3c(c2)C(F)(F)C(=O)N3)c1)Cc1cccc(F)c1,NC(COc1cncc(-c2ccc3c(c2)C(F)(F)C(=O)N3)c1)Cc1cccc(F)c1,7.533625195,0.665728176,Active,0.661971831,TRUE
COc1nc(-c2ccc(C(=O)NC3CNCCC3c3cccc(F)c3)s2)nn1C,COc1nc(-c2ccc(C(=O)NC3CNCCC3c3cccc(F)c3)s2)nn1C,7.110495418,0.665751123,Active,0.694444444,TRUE
Cn1ncc(Br)c1-c1ccc(C(=O)NC2CNCC2c2ccc(Br)c(F)c2)cc1,Cn1ncc(Br)c1-c1ccc(C(=O)NC2CNCC2c2ccc(Br)c(F)c2)cc1,7.03797537,0.665751958,Active,0.765625,TRUE
CC(N)c1c(N)ncnc1N1CCC(c2nc(-c3ccc(F)c(F)c3)cn2CCN2CCC2)CC1,CC(N)c1c(N)ncnc1N1CCC(c2nc(-c3ccc(F)c(F)c3)cn2CCN2CCC2)CC1,7.268350459,0.665793681,Active,0.774647887,TRUE
CC1(C)C(=O)Nc2cc(-c3cncc(OCC(N)Cc4c(F)cccc4F)c3)ccc21,CC1(C)C(=O)Nc2cc(-c3cncc(OCC(N)Cc4c(F)cccc4F)c3)ccc21,7.100585728,0.665830636,Active,0.602941176,TRUE
Nc1cc(N2CCC(c3nc(-c4cc(O)c(F)c(F)c4)cn3CCN3CCCC3)CC2)ncn1,Nc1cc(N2CCC(c3nc(-c4cc(O)c(F)c(F)c4)cn3CCN3CCCC3)CC2)ncn1,7.453391173,0.665892148,Active,0.772727273,TRUE
COc1cc(-c2cn(CCN)c(C3CCN(c4ncnc(N)c4C(N)=O)CC3)n2)ccc1F,COc1cc(-c2cn(CCN)c(C3CCN(c4ncnc(N)c4C(N)=O)CC3)n2)ccc1F,7.49262451,0.666016483,Active,0.863013699,TRUE
O=C(c1nc2ccc(-c3cnc(Cl)c(NS(=O)(=O)c4ccccc4)c3)cc2s1)N1CCOCC1,O=C(c1nc2ccc(-c3cnc(Cl)c(NS(=O)(=O)c4ccccc4)c3)cc2s1)N1CCOCC1,7.110683413,0.666124368,Active,0.633802817,TRUE
Cn1ncc(Cl)c1-c1cc(F)c(C(=O)NC2CNCCC2c2ncc(F)cn2)cc1F,Cn1ncc(Cl)c1-c1cc(F)c(C(=O)NC2CNCCC2c2ncc(F)cn2)cc1F,7.017866234,0.666169608,Active,0.75,TRUE
Cn1ncc(Cl)c1-c1ccc(C(=O)NC2CNCCC2c2ccc(F)cc2F)o1,Cn1ncc(Cl)c1-c1ccc(C(=O)NC2CNCCC2c2ccc(F)cc2F)o1,7.428113996,0.666300678,Active,0.710144928,TRUE
Cc1ncc(-c2cn(CCN3CCC3)c(C3CCN(c4ncnc(N)c4C(F)(F)F)CC3)n2)cc1F,Cc1ncc(-c2cn(CCN3CCC3)c(C3CCN(c4ncnc(N)c4C(F)(F)F)CC3)n2)cc1F,7.249123936,0.666360402,Active,0.64556962,TRUE
Nc1ncnc(N2CCC(c3nc(-c4ccncc4)cn3CCN3CCCC3)CC2)c1Cl,Nc1ncnc(N2CCC(c3nc(-c4ccncc4)cn3CCN3CCCC3)CC2)c1Cl,7.426908982,0.666402066,Active,0.822580645,TRUE
O=C(Cc1nc(N2CCOCC2)cc(=O)n1-c1ccccc1OC(F)F)N1CCc2cc(F)ccc21,O=C(Cc1nc(N2CCOCC2)cc(=O)n1-c1ccccc1OC(F)F)N1CCc2cc(F)ccc21,7.39919313,0.66659739,Active,0.638888889,TRUE
CCn1c(-c2nonc2N)nc2c(C#CC(C)(C)O)ncc(OCCCCF)c21,CCn1c(-c2nonc2N)nc2c(C#CC(C)(C)O)ncc(OCCCCF)c21,7.157216114,0.666603887,Active,0.888888889,TRUE
Cc1ncccc1C(=O)NC(Cc1ccc(Cl)cc1)C(=O)N1CCN(c2ncnc3c2C(C)SC3)CC1,Cc1ncccc1C(=O)NC(Cc1ccc(Cl)cc1)C(=O)N1CCN(c2ncnc3c2C(C)SC3)CC1,7.156199721,0.666783535,Active,0.662162162,TRUE
Cn1nc(-c2ccsc2)cc1-c1ccc(C(=O)NC2CNCCC2c2cccc(F)c2)nc1,Cn1nc(-c2ccsc2)cc1-c1ccc(C(=O)NC2CNCCC2c2cccc(F)c2)nc1,7.088922621,0.666785145,Active,0.693333333,TRUE
Cc1[nH]nc2cnc(-c3cncc(OCC(N)Cc4c[nH]c5ccccc45)c3)nc12,Cc1[nH]nc2cnc(-c3cncc(OCC(N)Cc4c[nH]c5ccccc45)c3)nc12,7.880197568,0.66702863,Active,0.657142857,TRUE
CCOCCn1cc(-c2ccc(F)c(F)c2)nc1C1CCN(c2ncnc(N)c2C#N)CC1,CCOCCn1cc(-c2ccc(F)c(F)c2)nc1C1CCN(c2ncnc(N)c2C#N)CC1,7.238752382,0.667074347,Active,0.767123288,TRUE
Cn1ncc(Cl)c1-c1cc(C(=O)NC(Cc2ccccc2)C(N)=O)sc1Cl,Cn1ncc(Cl)c1-c1cc(C(=O)NC(Cc2ccccc2)C(N)=O)sc1Cl,7.495000442,0.667190039,Active,0.632352941,TRUE
CC(NC(=O)C1(N)CCN(c2nnnc3[nH]cnc23)CC1)c1ccc(Br)cc1,CC(NC(=O)C1(N)CCN(c2nnnc3[nH]cnc23)CC1)c1ccc(Br)cc1,7.225200557,0.667235994,Active,0.636363636,TRUE
Nc1cc(N2CCC(c3nc(-c4ccc(F)c(C(F)(F)F)c4)cn3CCCC(=O)NC3CC3)CC2)ncn1,Nc1cc(N2CCC(c3nc(-c4ccc(F)c(C(F)(F)F)c4)cn3CCCC(=O)NC3CC3)CC2)ncn1,7.42640463,0.66724112,Active,0.705128205,TRUE
Cc1cc(-c2ccc(C(=O)NC3CNCC3c3ccc(F)c(F)c3)c(F)c2)nn1C,Cc1cc(-c2ccc(C(=O)NC3CNCC3c3ccc(F)c(F)c3)c(F)c2)nn1C,7.090644692,0.667250717,Active,0.608695652,TRUE
CC(C)NCC(C(=O)N1CCN(c2ncnc3ccc(F)cc23)CC1)c1ccc(Cl)cc1,CC(C)NCC(C(=O)N1CCN(c2ncnc3ccc(F)cc23)CC1)c1ccc(Cl)cc1,7.136089759,0.667267883,Active,0.625,TRUE
NC(=O)c1cn2c(-c3ccccc3)c(-c3ccc(C4(N)CCC4)cc3)nc2c(Cl)n1,NC(=O)c1cn2c(-c3ccccc3)c(-c3ccc(C4(N)CCC4)cc3)nc2c(Cl)n1,7.269929421,0.667485142,Active,0.75,TRUE
CCCc1c(N)ncnc1N1CCC(c2nc(-c3ccc(F)c(C(F)(F)F)c3)cn2CC)CC1,CCCc1c(N)ncnc1N1CCC(c2nc(-c3ccc(F)c(C(F)(F)F)c3)cn2CC)CC1,7.32240717,0.667568648,Active,0.785714286,TRUE
Cn1ncc(-c2cnccc2C(=O)NC2CNCCC2c2cccc(F)c2)c1-c1ccncc1,Cn1ncc(-c2cnccc2C(=O)NC2CNCCC2c2cccc(F)c2)c1-c1ccncc1,7.212066091,0.667581284,Active,0.710526316,TRUE
Cn1ncc(Br)c1-c1oc(C(=O)NC2CNCCC2c2ccc(F)cc2)cc1F,Cn1ncc(Br)c1-c1oc(C(=O)NC2CNCCC2c2ccc(F)cc2)cc1F,7.180338658,0.667949343,Active,0.75,TRUE
Nc1cc(N2CCC(c3nc(-c4ccc(C(F)(F)F)c(F)c4)cn3CCNCC3CC3)CC2)ncn1,Nc1cc(N2CCC(c3nc(-c4ccc(C(F)(F)F)c(F)c4)cn3CCNCC3CC3)CC2)ncn1,7.344979255,0.668024206,Active,0.662337662,TRUE
Cn1c(CC(=O)NC2Cc3ccc(F)c(Br)c3C2)nc(N2CCOCC2)cc1=O,Cn1c(CC(=O)NC2Cc3ccc(F)c(Br)c3C2)nc(N2CCOCC2)cc1=O,7.249525469,0.668240333,Active,0.628571429,TRUE
NCC1(C(=O)Nc2ccc(F)c(F)c2)CCN(c2ncnc3[nH]ccc23)CC1,NCC1(C(=O)Nc2ccc(F)c(F)c2)CCN(c2ncnc3[nH]ccc23)CC1,7.05378643,0.668247128,Active,0.602941176,TRUE
C=Cc1ncccc1CC(N)COc1cncc(-c2ccc3[nH]nc(C)c3c2)c1,C=Cc1ncccc1CC(N)COc1cncc(-c2ccc3[nH]nc(C)c3c2)c1,7.526189428,0.668264472,Active,0.723076923,TRUE
Cc1[nH]nc2cnc(-c3cncc(OCC(N)Cc4cccc(OCCN)c4)c3)nc12,Cc1[nH]nc2cnc(-c3cncc(OCC(N)Cc4cccc(OCCN)c4)c3)nc12,7.000541338,0.668352449,Active,0.647887324,TRUE
O=C(Nc1csc(-c2nncn2C2CCNCC2)n1)c1cc(-n2cnc(C3CC3)c2)c(F)cc1F,O=C(Nc1csc(-c2nncn2C2CCNCC2)n1)c1cc(-n2cnc(C3CC3)c2)c(F)cc1F,7.694029487,0.668429101,Active,0.611764706,TRUE
O=C(Nc1nc2ccc(-c3cnc(Cl)c(NS(=O)(=O)c4ccccc4)c3)cc2s1)c1cnccn1,O=C(Nc1nc2ccc(-c3cnc(Cl)c(NS(=O)(=O)c4ccccc4)c3)cc2s1)c1cnccn1,7.604827404,0.668504977,Active,0.757575758,TRUE
Cc1cc(-c2cn(CC3CC3)c(C3CCN(c4cc(N)ncn4)CC3)n2)ccc1F,Cc1cc(-c2cn(CC3CC3)c(C3CCN(c4cc(N)ncn4)CC3)n2)ccc1F,7.216559607,0.668505216,Active,0.652173913,TRUE
CCNC(=O)Nc1cc(-c2cn(CCN3CCCC3)c(C3CCN(c4ncnc(N)c4C(N)=O)CC3)n2)ccc1F,CCNC(=O)Nc1cc(-c2cn(CCN3CCCC3)c(C3CCN(c4ncnc(N)c4C(N)=O)CC3)n2)ccc1F,7.003811226,0.668626392,Active,0.782051282,TRUE
Cn1ccnc1-c1nc(NC(=O)c2cc(-n3cnc(C4CC4)c3)c(N3CCC(F)(F)C3)cn2)cs1,Cn1ccnc1-c1nc(NC(=O)c2cc(-n3cnc(C4CC4)c3)c(N3CCC(F)(F)C3)cn2)cs1,7.756288511,0.668639445,Active,0.682352941,TRUE
Cc1cccc(NC(=O)c2ccc3nc(-c4ccc(C5(N)CCC5)cc4)c(-c4ccccc4)n3n2)c1,Cc1cccc(NC(=O)c2ccc3nc(-c4ccc(C5(N)CCC5)cc4)c(-c4ccccc4)n3n2)c1,7.258264417,0.668766999,Active,0.738461538,TRUE
Cn1ncc(C(=O)NC2CNCCC2c2ccc(F)c(F)c2)c1-c1cc(F)c(F)cc1F,Cn1ncc(C(=O)NC2CNCCC2c2ccc(F)c(F)c2)c1-c1cc(F)c(F)cc1F,7.287140177,0.668793881,Active,0.796875,TRUE
NC1(C(=O)NC(CC(F)(F)F)C(F)(F)F)CCN(c2ncnc3[nH]ccc23)CC1,NC1(C(=O)NC(CC(F)(F)F)C(F)(F)F)CCN(c2ncnc3[nH]ccc23)CC1,7.145512167,0.669055784,Active,0.651515152,TRUE
Cc1ccc(C(=O)NC2CNCCC2c2cccc(F)c2)cc1-c1cnn(C)c1,Cc1ccc(C(=O)NC2CNCCC2c2cccc(F)c2)cc1-c1cnn(C)c1,7.049925153,0.669055903,Active,0.630136986,TRUE
Cn1ncc(Cl)c1-c1cnc2sc(C(=O)NC3CNCCC3c3ccc(F)c(F)c3)cc2n1,Cn1ncc(Cl)c1-c1cnc2sc(C(=O)NC3CNCCC3c3ccc(F)c(F)c3)cc2n1,7.386070768,0.669080281,Active,0.723684211,TRUE
NCC(Cc1ccc(Cl)c(Cl)c1)C(=O)N1CCN(c2ncnc3cc(F)ccc23)CC1,NCC(Cc1ccc(Cl)c(Cl)c1)C(=O)N1CCN(c2ncnc3cc(F)ccc23)CC1,7.080945863,0.669496024,Active,0.666666667,TRUE
NC(=O)c1c(N)ncnc1N1CCC(c2nc(-c3ccc(F)c(C(F)(F)F)c3)cn2CC2CCNCC2)CC1,NC(=O)c1c(N)ncnc1N1CCC(c2nc(-c3ccc(F)c(C(F)(F)F)c3)cn2CC2CCNCC2)CC1,7.132244195,0.669525588,Active,0.88,TRUE
Cc1c[nH]c2ncnc(N3CCN(C(=O)Cc4cc(F)cc(F)c4)CC3)c12,Cc1c[nH]c2ncnc(N3CCN(C(=O)Cc4cc(F)cc(F)c4)CC3)c12,7.119241586,0.669589782,Active,0.619047619,TRUE
Cn1ncc(Br)c1-c1ccc(C(=O)NC2CNCCC2c2nc(Br)cs2)o1,Cn1ncc(Br)c1-c1ccc(C(=O)NC2CNCCC2c2nc(Br)cs2)o1,7.298157758,0.669799292,Active,0.7,TRUE
NC(COc1cncc(-c2ccc3c(c2)C(F)(F)C(=O)N3)c1)Cc1ccc(C(F)(F)F)cc1F,NC(COc1cncc(-c2ccc3c(c2)C(F)(F)C(=O)N3)c1)Cc1ccc(C(F)(F)F)cc1F,7.333526158,0.669892693,Active,0.657534247,TRUE
NCC1(C(=O)NCc2ccc(F)cc2)CCN(c2ncnc3[nH]ccc23)CC1,NCC1(C(=O)NCc2ccc(F)cc2)CCN(c2ncnc3[nH]ccc23)CC1,7.476696513,0.67001065,Active,0.64516129,TRUE
CNc1ncnc(N2CCC(c3nc(-c4ccc(F)c(C(F)(F)F)c4)cn3CCN(C)C)CC2)c1Cl,CNc1ncnc(N2CCC(c3nc(-c4ccc(F)c(C(F)(F)F)c4)cn3CCN(C)C)CC2)c1Cl,7.061595247,0.670183384,Active,0.717948718,TRUE
COc1cnc(N2CCC(c3nc(-c4ccc(F)c(C)c4)cn3CC3CNC3)CC2)nc1,COc1cnc(N2CCC(c3nc(-c4ccc(F)c(C)c4)cn3CC3CNC3)CC2)nc1,7.341732475,0.670228446,Active,0.702702703,TRUE
NC1(c2ccc(-c3nc4c(Br)cc(C(=O)NCCO)nn4c3-c3ccccc3)cc2)CCC1,NC1(c2ccc(-c3nc4c(Br)cc(C(=O)NCCO)nn4c3-c3ccccc3)cc2)CCC1,7.459599456,0.670301461,Active,0.736111111,TRUE
Cn1nccc1-c1csc(C(=O)NC2CNCCC2c2ccc(F)c(F)c2)c1,Cn1nccc1-c1csc(C(=O)NC2CNCCC2c2ccc(F)c(F)c2)c1,7.377475417,0.67032268,Active,0.8125,TRUE
Nc1ncnc(N2CCC(c3nc(-c4ccc(C(F)(F)F)cc4)cn3CCN3CCC3)CC2)c1Cl,Nc1ncnc(N2CCC(c3nc(-c4ccc(C(F)(F)F)cc4)cn3CCN3CCC3)CC2)c1Cl,7.393712681,0.670637929,Active,0.8,TRUE
Cn1ncc(Cl)c1-c1cc(C(=O)NC(CN)Cc2cccc(F)c2)ccc1F,Cn1ncc(Cl)c1-c1cc(C(=O)NC(CN)Cc2cccc(F)c2)ccc1F,7.241254053,0.670719171,Active,0.731343284,TRUE
CNC(=O)C(Cc1ccc(F)cc1)NC(=O)C1(N)CCN(c2ncnc3[nH]ccc23)CC1,CNC(=O)C(Cc1ccc(F)cc1)NC(=O)C1(N)CCN(c2ncnc3[nH]ccc23)CC1,7.396950649,0.670828068,Active,0.696969697,TRUE
O=C(NC(Cc1ccc(Cl)cc1)C(=O)N1CCN(c2ncnc3ccc(F)cc23)CC1)c1ccc(Cl)s1,O=C(NC(Cc1ccc(Cl)cc1)C(=O)N1CCN(c2ncnc3ccc(F)cc23)CC1)c1ccc(Cl)s1,7.340316519,0.670859301,Active,0.602739726,TRUE
Cn1ccnc1-c1ccc(C(=O)NC2CNCCC2c2ccc(F)c(F)c2)cc1F,Cn1ccnc1-c1ccc(C(=O)NC2CNCCC2c2ccc(F)c(F)c2)cc1F,7.267126235,0.671065533,Active,0.727272727,TRUE
Cn1nc(-c2ccc(C(=O)NC3CNCCC3c3cccc(F)c3)cc2)c2c1CCNC2,Cn1nc(-c2ccc(C(=O)NC3CNCCC3c3cccc(F)c3)cc2)c2c1CCNC2,7.253284019,0.671224737,Active,0.635135135,TRUE
Nc1ncnc(N2CCC(c3nc(-c4cccnc4)cn3CCN3CCC3)CC2)c1Br,Nc1ncnc(N2CCC(c3nc(-c4cccnc4)cn3CCN3CCC3)CC2)c1Br,7.737689315,0.671263063,Active,0.728571429,TRUE
CC1SCc2ncnc(N3CCN(C(=O)C(Cc4ccc(Cl)cc4)NC(=O)c4ccc(F)cc4)CC3)c21,CC1SCc2ncnc(N3CCN(C(=O)C(Cc4ccc(Cl)cc4)NC(=O)c4ccc(F)cc4)CC3)c21,7.206846617,0.671270335,Active,0.7,TRUE
Cc1nc(C(=O)NC2CNCCCC2c2ccccc2)oc1-c1c(Cl)cnn1C,Cc1nc(C(=O)NC2CNCCCC2c2ccccc2)oc1-c1c(Cl)cnn1C,7.172263727,0.671368265,Active,0.608108108,TRUE
CN(C)CCn1cc(-c2ccc(F)c(OCCF)c2)nc1C1CCN(c2ncnc(N)c2C(N)=O)CC1,CN(C)CCn1cc(-c2ccc(F)c(OCCF)c2)nc1C1CCN(c2ncnc(N)c2C(N)=O)CC1,7.298078433,0.671368861,Active,0.794871795,TRUE
CNCC(Nc1ncnc2c(C(N)=O)ccnc12)c1ccc(F)c(Br)c1F,CNCC(Nc1ncnc2c(C(N)=O)ccnc12)c1ccc(F)c(Br)c1F,7.093997025,0.671425784,Active,0.728813559,TRUE
O=C(N1CCN(c2ncnc3[nH]ccc23)CC1)C1(c2ccc(F)cc2)CC1,O=C(N1CCN(c2ncnc3[nH]ccc23)CC1)C1(c2ccc(F)cc2)CC1,7.261767306,0.671457911,Active,0.724137931,TRUE
Cc1cc(F)nc(-c2ccc(C(=O)NC3CNCCC3c3cccc(F)c3)s2)c1,Cc1cc(F)nc(-c2ccc(C(=O)NC3CNCCC3c3cccc(F)c3)s2)c1,7.116106656,0.671460056,Active,0.710144928,TRUE
Cn1nnc(-c2ccc(C(=O)NC3CNCCC3c3ccc(F)c(F)c3)c(F)c2)n1,Cn1nnc(-c2ccc(C(=O)NC3CNCCC3c3ccc(F)c(F)c3)c(F)c2)n1,7.162516903,0.671542788,Active,0.701492537,TRUE
Cn1nc(-c2ccc(C(=O)NC3CNCCC3c3cccc(F)c3)c(Cl)c2)cc1C(F)(F)F,Cn1nc(-c2ccc(C(=O)NC3CNCCC3c3cccc(F)c3)c(Cl)c2)cc1C(F)(F)F,7.176860937,0.67165544,Active,0.61038961,TRUE
Cc1sc(C(=O)NC(CN)Cc2c(F)cccc2F)cc1-c1c(Cl)cnn1C,Cc1sc(C(=O)NC(CN)Cc2c(F)cccc2F)cc1-c1c(Cl)cnn1C,7.57632264,0.671728635,Active,0.691176471,TRUE
CCOc1cccc(F)c1CC(N)COc1cncc(-c2cnc3[nH]nc(C)c3c2)c1,CCOc1cccc(F)c1CC(N)COc1cncc(-c2cnc3[nH]nc(C)c3c2)c1,7.418365829,0.671778882,Active,0.686567164,TRUE
CCOc1c(N)ncnc1N1CCC(c2nc(-c3ccc(F)nc3)cn2CCN2CCC2)CC1,CCOc1c(N)ncnc1N1CCC(c2nc(-c3ccc(F)nc3)cn2CCN2CCC2)CC1,7.419363505,0.671918654,Active,0.780821918,TRUE
Cn1cc(-c2ccc(C(=O)NC3CNCCC3c3cccc(F)c3)s2)cn1,Cn1cc(-c2ccc(C(=O)NC3CNCCC3c3cccc(F)c3)s2)cn1,7.310662154,0.671923006,Active,0.739130435,TRUE
Cn1ccc(-c2cc(C(=O)NC3CNCCC3c3ccc(F)c(F)c3)c(Cl)cc2Cl)n1,Cn1ccc(-c2cc(C(=O)NC3CNCCC3c3ccc(F)c(F)c3)c(Cl)cc2Cl)n1,7.346451051,0.671923542,Active,0.616438356,TRUE
NC1(C(=O)NC(=O)c2cccc(C(F)(F)F)c2)CCN(c2ncnc3[nH]ccc23)CC1,NC1(C(=O)NC(=O)c2cccc(C(F)(F)F)c2)CCN(c2ncnc3[nH]ccc23)CC1,7.066775949,0.67206099,Active,0.614285714,TRUE
Cn1nc(-c2ccc(C(=O)NC3CNCCC3c3cccc(F)c3)cc2)cc1F,Cn1nc(-c2ccc(C(=O)NC3CNCCC3c3cccc(F)c3)cc2)cc1F,7.292684658,0.672207618,Active,0.691176471,TRUE
NC1(C(=O)NCc2cc(F)ccc2C(F)(F)F)CCN(c2ncnc3[nH]ccc23)CC1,NC1(C(=O)NCc2cc(F)ccc2C(F)(F)F)CCN(c2ncnc3[nH]ccc23)CC1,7.361805139,0.672245944,Active,0.626865672,TRUE
CN(C)CCn1cc(-c2ccc(F)c(F)c2)nc1C1CCN(c2ncnc(N)c2F)CC1,CN(C)CCn1cc(-c2ccc(F)c(F)c2)nc1C1CCN(c2ncnc(N)c2F)CC1,7.339772472,0.672323668,Active,0.732394366,TRUE
NC(=O)Cn1cc(-c2ccc(F)c(F)c2)nc1C1CCN(c2ncnc(N)c2Br)CC1,NC(=O)Cn1cc(-c2ccc(F)c(F)c2)nc1C1CCN(c2ncnc(N)c2Br)CC1,7.605953172,0.672412419,Active,0.739130435,TRUE
CC(C)n1ccc(C2CCNCC2NC(=O)c2ccc(-c3c(Cl)cnn3C)o2)c1,CC(C)n1ccc(C2CCNCC2NC(=O)c2ccc(-c3c(Cl)cnn3C)o2)c1,7.445886866,0.672493839,Active,0.75,TRUE
Cn1cc(-c2cn(CCN3CCC3)c(C3CCN(c4ncnc(N)c4Cl)CC3)n2)cc1Cl,Cn1cc(-c2cn(CCN3CCC3)c(C3CCN(c4ncnc(N)c4Cl)CC3)n2)cc1Cl,7.343919825,0.672631168,Active,0.718309859,TRUE
Cc1cccc(C2CCNCC2NC(=O)c2ccc(-c3c(Cl)cnn3C)o2)c1,Cc1cccc(C2CCNCC2NC(=O)c2ccc(-c3c(Cl)cnn3C)o2)c1,7.37295391,0.67263391,Active,0.772727273,TRUE
O=C(Cc1nc(N2CCOCC2)cc(=O)n1C1CCCCC1)Nc1ccc(F)c(Br)c1,O=C(Cc1nc(N2CCOCC2)cc(=O)n1C1CCCCC1)Nc1ccc(F)c(Br)c1,7.025843192,0.672674799,Active,0.727272727,TRUE
Cc1nc(N)nc2c1cc(-c1cnc(N)nc1)c(=O)n2C1CCC(OCO)CC1,Cc1nc(N)nc2c1cc(-c1cnc(N)nc1)c(=O)n2C1CCC(OCO)CC1,7.375177131,0.672804081,Active,0.86440678,TRUE
NC(=O)c1ccc(N2CCC(c3nc(-c4ccc(F)c(C(F)(F)F)c4)cn3CCN3CCCC3)CC2)nc1,NC(=O)c1ccc(N2CCC(c3nc(-c4ccc(F)c(C(F)(F)F)c4)cn3CCN3CCCC3)CC2)nc1,7.235101462,0.672931397,Active,0.7,TRUE
CN(C)CCn1cc(-c2ccc(F)c(C(F)(F)F)c2)nc1C1CCN(c2ccncn2)CC1,CN(C)CCn1cc(-c2ccc(F)c(C(F)(F)F)c2)nc1C1CCN(c2ccncn2)CC1,7.174846763,0.673055077,Active,0.684210526,TRUE
N#CCn1cc(-c2ccc(F)c(O)c2)nc1C1CCN(c2ncnc(N)c2Br)CC1,N#CCn1cc(-c2ccc(F)c(O)c2)nc1C1CCN(c2ncnc(N)c2Br)CC1,7.546411008,0.673159206,Active,0.671232877,TRUE
NC1(c2ccc(-c3nc4c(Br)cc(C(=O)NCCN5CCCC5)cn4c3-c3ccccc3)cc2)CCC1,NC1(c2ccc(-c3nc4c(Br)cc(C(=O)NCCN5CCCC5)cn4c3-c3ccccc3)cc2)CCC1,7.062679274,0.673406327,Active,0.705882353,TRUE
CN1CCN(CCn2cc(-c3ccc(F)c(C(F)(F)F)c3)nc2C2CCN(c3ncnc(N)c3Cl)CC2)CC1,CN1CCN(CCn2cc(-c3ccc(F)c(C(F)(F)F)c3)nc2C2CCN(c3ncnc(N)c3Cl)CC2)CC1,7.114276968,0.673551702,Active,0.885714286,TRUE
Cc1nnc(-c2cccc(CC(N)COc3cncc(-c4ccc5[nH]nc(C)c5c4)c3)c2)o1,Cc1nnc(-c2cccc(CC(N)COc3cncc(-c4ccc5[nH]nc(C)c5c4)c3)c2)o1,7.530125227,0.673576021,Active,0.784615385,TRUE
Cn1nccc1-c1cc(C(=O)NC2CNCCC2c2cc(F)cc(Br)c2)ccc1F,Cn1nccc1-c1cc(C(=O)NC2CNCCC2c2cc(F)cc(Br)c2)ccc1F,7.460394477,0.67364856,Active,0.772727273,TRUE
Nc1ncnc(N2CCC(c3nc(-c4cc(F)c(F)cc4F)cn3CCN3CCC3)CC2)c1Cl,Nc1ncnc(N2CCC(c3nc(-c4cc(F)c(F)cc4F)cn3CCN3CCC3)CC2)c1Cl,7.843106317,0.6737028,Active,0.76119403,TRUE
CCc1nn(C)c(-c2ccc(C(=O)NC3CNCCC3c3cccc(F)c3)nc2)c1OC,CCc1nn(C)c(-c2ccc(C(=O)NC3CNCCC3c3cccc(F)c3)nc2)c1OC,7.497157222,0.673776531,Active,0.684210526,TRUE
CNC(=O)NCn1cc(-c2ccc(F)c(Cl)c2)nc1C1CCN(c2ncnc(N)c2C#N)CC1,CNC(=O)NCn1cc(-c2ccc(F)c(Cl)c2)nc1C1CCN(c2ncnc(N)c2C#N)CC1,7.680295449,0.673780465,Active,0.703703704,TRUE
NC(=O)c1cccc(-c2cn(CCN3CCC3)c(C3CCN(c4ncnc(N)c4Cl)CC3)n2)c1,NC(=O)c1cccc(-c2cn(CCN3CCC3)c(C3CCN(c4ncnc(N)c4Cl)CC3)n2)c1,7.500669427,0.673814499,Active,0.76056338,TRUE
Cn1ncc(Cl)c1-c1ccc(C(=O)NC2CNCCC2c2ccnc(Cl)c2)o1,Cn1ncc(Cl)c1-c1ccc(C(=O)NC2CNCCC2c2ccnc(Cl)c2)o1,7.486114382,0.674071872,Active,0.784615385,TRUE
CC(=O)N(C)CCn1cc(-c2ccc(F)c(C(F)(F)F)c2)nc1C1CCN(c2ncnc(N)c2C(N)=O)CC1,CC(=O)N(C)CCn1cc(-c2ccc(F)c(C(F)(F)F)c2)nc1C1CCN(c2ncnc(N)c2C(N)=O)CC1,7.06492365,0.67415055,Active,0.881578947,TRUE
N#Cc1cccc(C(CN2CCC2)Nc2ncnc3c(C(N)=O)cccc23)c1,N#Cc1cccc(C(CN2CCC2)Nc2ncnc3c(C(N)=O)cccc23)c1,7.393602947,0.674256468,Active,0.774193548,TRUE
NC1(C(=O)NC(=O)c2cc(F)cc(C(F)(F)F)c2)CCN(c2ncnc3[nH]ccc23)CC1,NC1(C(=O)NC(=O)c2cc(F)cc(C(F)(F)F)c2)CCN(c2ncnc3[nH]ccc23)CC1,7.08492345,0.674326026,Active,0.605633803,TRUE
CC(C)NCC(C(=O)N1CCN(c2ncnc3c2C(C)SCC3)CC1)c1ccc(F)cc1,CC(C)NCC(C(=O)N1CCN(c2ncnc3c2C(C)SCC3)CC1)c1ccc(F)cc1,7.145771164,0.674408162,Active,0.647887324,TRUE
O=C(Cc1nc(N2CCOCC2)cc(=O)n1-c1ccc(F)c(Cl)c1)Nc1ccc(F)c(C2CC2)c1,O=C(Cc1nc(N2CCOCC2)cc(=O)n1-c1ccc(F)c(Cl)c1)Nc1ccc(F)c(C2CC2)c1,7.18778377,0.674414897,Active,0.728571429,TRUE
Cn1cc(-c2ccc(C(=O)NC3CNCCC3c3cc(F)cc(F)c3)c(F)c2)cn1,Cn1cc(-c2ccc(C(=O)NC3CNCCC3c3cc(F)cc(F)c3)c(F)c2)cn1,7.656752806,0.674567306,Active,0.758064516,TRUE
Nc1ncnc(N2CCC(c3nc(-c4cccc(S(=O)(=O)O)c4)cn3CCN3CCCC3)CC2)c1Cl,Nc1ncnc(N2CCC(c3nc(-c4cccc(S(=O)(=O)O)c4)cn3CCN3CCCC3)CC2)c1Cl,7.385425409,0.674652243,Active,0.774647887,TRUE
Cn1c(CC(=O)N2CCc3c(-c4cccnc4F)cccc32)nc(N2CCOCC2)cc1=O,Cn1c(CC(=O)N2CCc3c(-c4cccnc4F)cccc32)nc(N2CCOCC2)cc1=O,7.178560678,0.674678409,Active,0.76119403,TRUE
Cn1nc(-c2ccccc2F)c(Br)c1-c1ccc(C(=O)NC2CNCCC2c2cccc(F)c2)nc1,Cn1nc(-c2ccccc2F)c(Br)c1-c1ccc(C(=O)NC2CNCCC2c2cccc(F)c2)nc1,7.400998221,0.674761796,Active,0.72,TRUE
Cn1[nH]c2ccc(-c3cncc(OCC(N)Cc4ccc(Cl)cc4)c3)cc2c1=O,Cn1[nH]c2ccc(-c3cncc(OCC(N)Cc4ccc(Cl)cc4)c3)cc2c1=O,7.138573421,0.674933219,Active,0.6875,TRUE
CCc1c(N)ncnc1N1CCC(c2nc(-c3ccc(-c4cnn(C)c4Cl)cc3)cn2CCN2CCC2)CC1,CCc1c(N)ncnc1N1CCC(c2nc(-c3ccc(-c4cnn(C)c4Cl)cc3)cn2CCN2CCC2)CC1,7.051514415,0.674938166,Active,0.774647887,TRUE
NC1(c2ccc(-c3nn4c(-c5ccncc5)cnc4cc3-c3ccccc3)cc2)CCC1,NC1(c2ccc(-c3nn4c(-c5ccncc5)cnc4cc3-c3ccccc3)cc2)CCC1,7.568816855,0.675192142,Active,0.818181818,TRUE
NC(=O)c1c(N)ncnc1N1CCC(c2nc(-c3cnn(C(F)F)c3)cn2CCN2CCC2)C(F)C1,NC(=O)c1c(N)ncnc1N1CCC(c2nc(-c3cnn(C(F)F)c3)cn2CCN2CCC2)C(F)C1,7.098735868,0.675256455,Active,0.702380952,TRUE
O=C(Nc1nc2ccc(-c3cnc(Cl)c(NS(=O)(=O)Cc4ccccc4)c3)cc2s1)C1CC1,O=C(Nc1nc2ccc(-c3cnc(Cl)c(NS(=O)(=O)Cc4ccccc4)c3)cc2s1)C1CC1,7.455685978,0.675357366,Active,0.61971831,TRUE
CCOc1c(N)ncnc1N1CCC(c2nc(-c3cccc(C(N)=O)c3)cn2CCN2CCC2)CC1,CCOc1c(N)ncnc1N1CCC(c2nc(-c3cccc(C(N)=O)c3)cn2CCN2CCC2)CC1,7.248953648,0.675454819,Active,0.717948718,TRUE
Cn1ncc(Br)c1-c1cc(F)c(C(=O)NC2CNCCC2c2ccc(F)cc2)cc1F,Cn1ncc(Br)c1-c1cc(F)c(C(=O)NC2CNCCC2c2ccc(F)cc2)cc1F,7.095831096,0.675534034,Active,0.859375,TRUE
Cn1nc(-c2ccc(C(=O)NC3CNCCC3c3cccc(F)c3)c(Cl)c2)cc1F,Cn1nc(-c2ccc(C(=O)NC3CNCCC3c3cccc(F)c3)c(Cl)c2)cc1F,7.295230973,0.675662959,Active,0.647887324,TRUE
NC(=O)CC(NC(=O)C1(N)CCN(c2ncnc3[nH]ccc23)CC1)c1ccccc1,NC(=O)CC(NC(=O)C1(N)CCN(c2ncnc3[nH]ccc23)CC1)c1ccccc1,7.131645031,0.675713205,Active,0.833333333,TRUE
CC(NC(=O)C1(N)CCN(c2ncnc3[nH]ccc23)CC1)c1nc(C(F)(F)F)nn1C,CC(NC(=O)C1(N)CCN(c2ncnc3[nH]ccc23)CC1)c1nc(C(F)(F)F)nn1C,7.246627746,0.675769711,Active,0.695652174,TRUE
Cn1ncc2cc(-c3cncc(OCC(N)Cc4c[nH]c5ccccc45)c3)ccc21,Cn1ncc2cc(-c3cncc(OCC(N)Cc4c[nH]c5ccccc45)c3)ccc21,7.72599529,0.675848091,Active,0.712121212,TRUE
Cn1c(CC(=O)NCc2cc(Br)c(Br)s2)nc(N2CCOCC2)cc1=O,Cn1c(CC(=O)NCc2cc(Br)c(Br)s2)nc(N2CCOCC2)cc1=O,7.192660292,0.675859952,Active,0.630769231,TRUE
Cc1c[nH]c2ncnc(N3CCN(C(=O)C4(c5ccccc5)CC4)CC3)c12,Cc1c[nH]c2ncnc(N3CCN(C(=O)C4(c5ccccc5)CC4)CC3)c12,7.090427836,0.675953412,Active,0.7,TRUE
Cn1ncc(Br)c1-c1ccc(C(=O)NC2CNCCC2c2cncc(Cl)c2)o1,Cn1ncc(Br)c1-c1ccc(C(=O)NC2CNCCC2c2cncc(Cl)c2)o1,7.579984378,0.676026368,Active,0.818181818,TRUE
O=C(NC1CNCCC1c1ccc(F)c(F)c1)c1cc(Cl)c(-c2ccno2)cc1F,O=C(NC1CNCCC1c1ccc(F)c(F)c1)c1cc(Cl)c(-c2ccno2)cc1F,7.015644769,0.676132286,Active,0.628571429,TRUE
Cn1cnc(-c2ccc(C(=O)NC3CNCCC3c3cccc(F)c3)s2)c1,Cn1cnc(-c2ccc(C(=O)NC3CNCCC3c3cccc(F)c3)s2)c1,7.293445513,0.67613616,Active,0.720588235,TRUE
Cn1nccc1-c1cccc(C(=O)NC2CNCCC2c2ccc(F)c(F)c2)n1,Cn1nccc1-c1cccc(C(=O)NC2CNCCC2c2ccc(F)c(F)c2)n1,7.186102954,0.676155949,Active,0.720588235,TRUE
NC1(C(=O)NC(=O)Cc2ccc(Cl)cc2)CCN(c2ncnc3[nH]ccc23)CC1,NC1(C(=O)NC(=O)Cc2ccc(Cl)cc2)CCN(c2ncnc3[nH]ccc23)CC1,7.363901107,0.67624476,Active,0.75862069,TRUE
CC(C)NCCn1cc(-c2cnc(C#N)c(F)c2)nc1C1CCN(c2ncnc(N)c2F)CC1,CC(C)NCCn1cc(-c2cnc(C#N)c(F)c2)nc1C1CCN(c2ncnc(N)c2F)CC1,7.459709617,0.676246011,Active,0.670731707,TRUE
CN(C)C(=O)c1cccc(-c2cn(CCN3CCC3)c(C3CCN(c4ncnc(N)c4Br)CC3)n2)c1,CN(C)C(=O)c1cccc(-c2cn(CCN3CCC3)c(C3CCN(c4ncnc(N)c4Br)CC3)n2)c1,7.660896464,0.676282191,Active,0.72,TRUE
Cc1cn(-c2cc(C(=O)Nc3csc(-c4nncn4C4CC4)n3)ncc2Cl)cn1,Cc1cn(-c2cc(C(=O)Nc3csc(-c4nncn4C4CC4)n3)ncc2Cl)cn1,7.222173721,0.676362062,Active,0.666666667,TRUE
Cc1nc2ccc(-c3cncc(OCC(N)Cc4cccc(F)c4F)c3)cc2c(=O)n1N,Cc1nc2ccc(-c3cncc(OCC(N)Cc4cccc(F)c4F)c3)cc2c(=O)n1N,7.026916846,0.676443899,Active,0.642857143,TRUE
COc1cc(F)ccc1-c1c(C(=O)NC2CNCCC2c2ccc(F)c(F)c2)cnn1C,COc1cc(F)ccc1-c1c(C(=O)NC2CNCCC2c2ccc(F)c(F)c2)cnn1C,7.671451354,0.676454747,Active,0.64,TRUE
Cn1nc(-c2ccc(C(=O)NC3CNCCC3c3cccc(F)c3)cc2)nc1C1(C)CC1,Cn1nc(-c2ccc(C(=O)NC3CNCCC3c3cccc(F)c3)cc2)nc1C1(C)CC1,7.111097044,0.676542604,Active,0.635135135,TRUE
Cn1c(O)cc2c(N3CCN(C(=O)C(N)Cc4ccc(F)c(F)c4)CC3)ncnc21,Cn1c(O)cc2c(N3CCN(C(=O)C(N)Cc4ccc(F)c(F)c4)CC3)ncnc21,7.489521093,0.676577473,Active,0.6875,TRUE
Nc1ncnc(N2CCN(C(=O)C(c3ccc(Cl)cc3)C3CCCC3)CC2)c1Br,Nc1ncnc(N2CCN(C(=O)C(c3ccc(Cl)cc3)C3CCCC3)CC2)c1Br,7.29429542,0.676587844,Active,0.633333333,TRUE
CC(C)Cc1n(C)nc(-c2ccc(C(=O)NC3CNCCC3c3cccc(F)c3)cc2)[n+]1C,CC(C)Cc1n(C)nc(-c2ccc(C(=O)NC3CNCCC3c3cccc(F)c3)cc2)[n+]1C,7.01086278,0.676753724,Active,0.602564103,TRUE
CCc1c(N)ncnc1N1CCC(c2nc(-c3cc(F)c(C)c(F)c3)cn2CCN2CCC2)C(F)C1,CCc1c(N)ncnc1N1CCC(c2nc(-c3cc(F)c(C)c(F)c3)cn2CCN2CCC2)C(F)C1,7.556968266,0.676766479,Active,0.769230769,TRUE
Cc1cnc(C2CCNCC2NC(=O)c2cc(F)c(-c3c(Br)cnn3C)cc2F)s1,Cc1cnc(C2CCNCC2NC(=O)c2cc(F)c(-c3c(Br)cnn3C)cc2F)s1,7.176464965,0.676800275,Active,0.708333333,TRUE
NC(=O)c1c(N)ncnc1N1CCC(c2nc(-c3ccnc(C(F)(F)F)c3)cn2CCNCC(F)(F)F)CC1,NC(=O)c1c(N)ncnc1N1CCC(c2nc(-c3ccnc(C(F)(F)F)c3)cn2CCNCC(F)(F)F)CC1,7.295173259,0.676814699,Active,0.782051282,TRUE
Cn1nnnc1-c1ccc(C(=O)NC2CNCCC2c2ccc(F)c(F)c2)cc1Cl,Cn1nnnc1-c1ccc(C(=O)NC2CNCCC2c2ccc(F)c(F)c2)cc1Cl,7.251079056,0.676842475,Active,0.638888889,TRUE
Cn1nccc1-c1ccc(C(=O)NC2CNCC2c2cc(F)c(F)c(F)c2)cc1,Cn1nccc1-c1ccc(C(=O)NC2CNCC2c2cc(F)c(F)c(F)c2)cc1,7.013223242,0.676886284,Active,0.709677419,TRUE
COc1ccc(-c2cn(CCN3CCC3)c(C3CCN(c4ncnc(N)c4C#N)CC3F)n2)cc1OC,COc1ccc(-c2cn(CCN3CCC3)c(C3CCN(c4ncnc(N)c4C#N)CC3F)n2)cc1OC,7.487713822,0.676908338,Active,0.7875,TRUE
N=C(N)NC(=O)C1(N)CCN(c2ncnc3[nH]cc(Cl)c23)CC1,N=C(N)NC(=O)C1(N)CCN(c2ncnc3[nH]cc(Cl)c23)CC1,7.475230294,0.676961505,Active,0.629032258,TRUE
NC(=O)c1cccc2c(NC(CN3CC(F)C3)c3ccc(F)cc3)ncnc12,NC(=O)c1cccc2c(NC(CN3CC(F)C3)c3ccc(F)cc3)ncnc12,7.472487331,0.677036786,Active,0.796610169,TRUE
Cn1nc(-c2ccc(C(=O)NC3CNCCC3c3cccc(F)c3)cc2Cl)cc1F,Cn1nc(-c2ccc(C(=O)NC3CNCCC3c3cccc(F)c3)cc2Cl)cc1F,7.286530766,0.677148068,Active,0.643835616,TRUE
CNCCn1cc(-c2ccccc2)nc1C1CCN(c2ncnc(N)c2Cl)CC1,CNCCn1cc(-c2ccccc2)nc1C1CCN(c2ncnc(N)c2Cl)CC1,7.257472327,0.677199566,Active,0.728571429,TRUE
NC1(C(=O)NC(Cc2ccc(F)cc2)C(=O)Nc2cccc(F)c2)CCN(c2ncnc3[nH]ccc23)CC1,NC1(C(=O)NC(Cc2ccc(F)cc2)C(=O)Nc2cccc(F)c2)CCN(c2ncnc3[nH]ccc23)CC1,7.453030512,0.677205229,Active,0.608108108,TRUE
Cn1ncc(Cl)c1-c1cc(C(=O)NC(CN)Cc2cccc(F)c2)[nH]c1Cl,Cn1ncc(Cl)c1-c1cc(C(=O)NC(CN)Cc2cccc(F)c2)[nH]c1Cl,7.610382185,0.677325213,Active,0.720588235,TRUE
CC1Cc2ccc(F)cc2N1C(=O)Cc1nc(N2CCCC2)cc(=O)n1C,CC1Cc2ccc(F)cc2N1C(=O)Cc1nc(N2CCCC2)cc(=O)n1C,7.311510245,0.677415752,Active,0.734375,TRUE
Cn1nccc1-c1ccc(C(=O)NC2CNCCC2c2cccc(Cl)c2)cc1F,Cn1nccc1-c1ccc(C(=O)NC2CNCCC2c2cccc(Cl)c2)cc1F,7.585672382,0.677453005,Active,0.815384615,TRUE
Cn1nccc1-c1ccc(C(=O)NC2CNCC2c2ccc(Br)c(F)c2)cc1,Cn1nccc1-c1ccc(C(=O)NC2CNCC2c2ccc(Br)c(F)c2)cc1,7.008265869,0.677467132,Active,0.71875,TRUE
Cc1cc(-c2cn(CC(F)(F)F)c(C3CCN(c4ncnc(N)c4F)CC3)n2)ccc1F,Cc1cc(-c2cn(CC(F)(F)F)c(C3CCN(c4ncnc(N)c4F)CC3)n2)ccc1F,7.21738279,0.677552307,Active,0.662162162,TRUE
CNC(=O)CC(N)CC(Cc1ccc(F)cc1)C(=O)N1CCN(c2ncnc3c2C(C)SC3)CC1,CNC(=O)CC(N)CC(Cc1ccc(F)cc1)C(=O)N1CCN(c2ncnc3c2C(C)SC3)CC1,7.090612484,0.677572989,Active,0.718309859,TRUE
CSc1ccc(-c2cn(CCN3CCC3)c(C3CCN(c4cc(N)ncn4)CC3)n2)cc1C,CSc1ccc(-c2cn(CCN3CCC3)c(C3CCN(c4cc(N)ncn4)CC3)n2)cc1C,7.446023959,0.677639925,Active,0.7,TRUE
NC(=O)c1ccc(-c2ccc3nc(-c4ccc(C5(N)CCC5)cc4)c(-c4ccccc4)n3n2)cc1,NC(=O)c1ccc(-c2ccc3nc(-c4ccc(C5(N)CCC5)cc4)c(-c4ccccc4)n3n2)cc1,7.189957714,0.677664602,Active,0.754385965,TRUE
NC(Cc1ccc(Br)cc1)C(=O)N1CCN(c2ncnc3cccc(F)c23)CC1,NC(Cc1ccc(Br)cc1)C(=O)N1CCN(c2ncnc3cccc(F)c23)CC1,7.210650217,0.677837276,Active,0.728813559,TRUE
COc1ccc(CC(N)COc2cncc(-c3ccc4[nH]nc(C)c4c3)c2)cn1,COc1ccc(CC(N)COc2cncc(-c3ccc4[nH]nc(C)c4c3)c2)cn1,7.057012226,0.677953029,Active,0.754098361,TRUE
Cn1ncc(Br)c1-c1ccc(C(=O)NC2CNCCC2c2ccn(C)c(=O)c2)s1,Cn1ncc(Br)c1-c1ccc(C(=O)NC2CNCCC2c2ccn(C)c(=O)c2)s1,7.744063541,0.678287172,Active,0.746478873,TRUE
NC(=O)c1c(N)ncnc1N1CCC(c2nc(-c3ccc(F)c(Br)c3)cn2CCN2CCC2)CC1,NC(=O)c1c(N)ncnc1N1CCC(c2nc(-c3ccc(F)c(Br)c3)cn2CCN2CCC2)CC1,7.473604784,0.678572083,Active,0.871428571,TRUE
Cn1ncc(Br)c1-c1ccc(C(=O)NC2CNCC2c2ccc(Cl)c(Cl)c2)o1,Cn1ncc(Br)c1-c1ccc(C(=O)NC2CNCC2c2ccc(Cl)c(Cl)c2)o1,7.041909809,0.67859062,Active,0.705882353,TRUE
Cc1[nH]nc2ccc(-c3nnc(NCC(N)Cc4cccc(F)c4F)s3)cc12,Cc1[nH]nc2ccc(-c3nnc(NCC(N)Cc4cccc(F)c4F)s3)cc12,7.36932281,0.678702617,Active,0.651515152,TRUE
Cc1[nH]nc2ccc(-c3cncc(OCC(N)Cc4cccc(N)c4)c3)cc12,Cc1[nH]nc2ccc(-c3cncc(OCC(N)Cc4cccc(N)c4)c3)cc12,7.489125773,0.678803647,Active,0.636363636,TRUE
CNCC(Nc1ncnc2c(C(N)=O)ccnc12)c1cccc(Cl)c1,CNCC(Nc1ncnc2c(C(N)=O)ccnc12)c1cccc(Cl)c1,7.061203748,0.678903604,Active,0.781818182,TRUE
Cn1ncc(Br)c1-c1ccc(C(=O)NC2CNCCC2c2cccc(F)c2)o1,Cn1ncc(Br)c1-c1ccc(C(=O)NC2CNCCC2c2cccc(F)c2)o1,7.293669469,0.678956175,Active,0.739130435,TRUE
Cn1ccc2cc(-c3cncc(OCC(N)Cc4ccc(Cl)c(F)c4)c3)ccc2c1=O,Cn1ccc2cc(-c3cncc(OCC(N)Cc4ccc(Cl)c(F)c4)c3)ccc2c1=O,7.239567262,0.679218435,Active,0.616438356,TRUE
CCn1cc(-c2ccc(F)c(CCO)c2)nc1C1CCN(c2ncnc(N)c2C(N)=O)CC1,CCn1cc(-c2ccc(F)c(CCO)c2)nc1C1CCN(c2ncnc(N)c2C(N)=O)CC1,7.175927207,0.679223323,Active,0.733333333,TRUE
NC(Cc1cc(F)c(F)cc1F)C(=O)N1CCN(c2ncnc3ccc(-c4cn[nH]c4)cc23)CC1,NC(Cc1cc(F)c(F)cc1F)C(=O)N1CCN(c2ncnc3ccc(-c4cn[nH]c4)cc23)CC1,7.038519176,0.679390693,Active,0.732394366,TRUE
NC1(c2ccc(-c3nc4ccc(C(=O)CC5CCCC5)nn4c3-c3ccccc3)cc2)CCC1,NC1(c2ccc(-c3nc4ccc(C(=O)CC5CCCC5)nn4c3-c3ccccc3)cc2)CCC1,7.290554153,0.6794801,Active,0.75862069,TRUE
Cn1nc(-c2ccc(C(=O)NC3CNCCC3c3ccc(F)c(F)c3)cc2F)c(-c2ccc(Cl)cc2Cl)n1,Cn1nc(-c2ccc(C(=O)NC3CNCCC3c3ccc(F)c(F)c3)cc2F)c(-c2ccc(Cl)cc2Cl)n1,7.237938128,0.679539943,Active,0.652777778,TRUE
O=C(Cc1nc(N2CCOCC2)cc(=O)n1C1CCCCC1)N1CCc2c(F)cccc21,O=C(Cc1nc(N2CCOCC2)cc(=O)n1C1CCCCC1)N1CCc2c(F)cccc21,7.186884536,0.679671371,Active,0.75,TRUE
NC(COc1cncc(-c2ccc3[nH]nc(C4CC4)c3c2)c1)Cc1ccccc1,NC(COc1cncc(-c2ccc3[nH]nc(C4CC4)c3c2)c1)Cc1ccccc1,7.491487787,0.679793441,Active,0.757575758,TRUE
Cn1nccc1-c1ccc(C(=O)NC2CNCCC2c2ccc(F)cc2Cl)cc1F,Cn1nccc1-c1ccc(C(=O)NC2CNCCC2c2ccc(F)cc2Cl)cc1F,7.562714987,0.679802978,Active,0.746268657,TRUE
Cc1cc(-c2cn(CCF)c(C3CCN(c4ncnc(N)c4C(N)=O)CC3)n2)ccc1F,Cc1cc(-c2cn(CCF)c(C3CCN(c4ncnc(N)c4C(N)=O)CC3)n2)ccc1F,7.139090377,0.679824078,Active,0.882352941,TRUE
CN(CCn1cc(-c2ccc(F)c(C(F)(F)F)c2)nc1C1CCN(c2cc(N)ncn2)CC1)C1CNC1,CN(CCn1cc(-c2ccc(F)c(C(F)(F)F)c2)nc1C1CCN(c2cc(N)ncn2)CC1)C1CNC1,7.05957073,0.680073404,Active,0.723684211,TRUE
Cn1cc(-c2cn(CCN3CCCC3)c(C3CCN(c4ncnc(N)c4Cl)CC3)n2)ccc1=N,Cn1cc(-c2cn(CCN3CCCC3)c(C3CCN(c4ncnc(N)c4Cl)CC3)n2)ccc1=N,7.370367699,0.680131459,Active,0.76119403,TRUE
NC(=O)C1(N)CCN(c2ncnc3[nH]cc(Cl)c23)CC1,NC(=O)C1(N)CCN(c2ncnc3[nH]cc(Cl)c23)CC1,7.262074885,0.680189157,Active,0.637931034,TRUE
CCn1cc(-c2ccc(F)c(Cl)c2)nc1C1CCN(c2ncnc(N)c2NC(N)=O)CC1,CCn1cc(-c2ccc(F)c(Cl)c2)nc1C1CCN(c2ncnc(N)c2NC(N)=O)CC1,7.464639933,0.680209959,Active,0.6625,TRUE
Cc1cnn(C)c1-c1cnc(C(=O)NC2CNCCC2c2cccc(F)c2)cc1F,Cc1cnn(C)c1-c1cnc(C(=O)NC2CNCCC2c2cccc(F)c2)cc1F,7.293215748,0.680210018,Active,0.694444444,TRUE
Nc1ncnc(N2CCC(c3nc(-c4ccc(F)c(C(F)(F)F)c4)cn3CC(=O)N3CCC3)CC2)c1C(F)(F)F,Nc1ncnc(N2CCC(c3nc(-c4ccc(F)c(C(F)(F)F)c4)cn3CC(=O)N3CCC3)CC2)c1C(F)(F)F,7.216138803,0.680230701,Active,0.670731707,TRUE
Cn1ncc(Br)c1-c1cc(F)c(C(=O)NC2CNCCC2c2ccc(Cl)cc2)cc1F,Cn1ncc(Br)c1-c1cc(F)c(C(=O)NC2CNCCC2c2ccc(Cl)cc2)cc1F,7.180263579,0.680282736,Active,0.861538462,TRUE
COc1ccc(-c2cn(CCN3CCC3)c(C3CCN(c4ncnc(N)c4F)CC3)n2)cc1F,COc1ccc(-c2cn(CCN3CCC3)c(C3CCN(c4ncnc(N)c4F)CC3)n2)cc1F,7.056604856,0.680348897,Active,0.821917808,TRUE
NC(=O)Cn1cc(-c2ccc(C(F)(F)F)c(F)c2)nc1C1CCN(c2ncnc(N)c2Br)CC1,NC(=O)Cn1cc(-c2ccc(C(F)(F)F)c(F)c2)nc1C1CCN(c2ncnc(N)c2Br)CC1,7.591205466,0.680386448,Active,0.666666667,TRUE
NC(Cc1ccc(F)cc1)C(=O)N1CCN(c2ncnc3cccc(Cl)c23)CC1,NC(Cc1ccc(F)cc1)C(=O)N1CCN(c2ncnc3cccc(Cl)c23)CC1,7.208583997,0.68040725,Active,0.728813559,TRUE
NC1(C(=O)NCc2cccs2)CCN(c2ncnc3[nH]ccc23)CC1,NC1(C(=O)NCc2cccs2)CCN(c2ncnc3[nH]ccc23)CC1,7.163130434,0.680455887,Active,0.68852459,TRUE
Cn1ncc(Cl)c1-c1ccc(C(=O)NC2CCNCC2c2ccc(Br)cc2)o1,Cn1ncc(Cl)c1-c1ccc(C(=O)NC2CCNCC2c2ccc(Br)cc2)o1,7.306935764,0.680528784,Active,0.769230769,TRUE
Cn1c(CC(=O)N2CCc3c(Cl)cccc32)nc(N2CCCC2)c1O,Cn1c(CC(=O)N2CCc3c(Cl)cccc32)nc(N2CCCC2)c1O,7.174386137,0.680578136,Active,0.606060606,TRUE
COc1ccc(-c2cc3c(C)nc(N)nc3n(C3CCC(O)CC3)c2=O)cn1,COc1ccc(-c2cc3c(C)nc(N)nc3n(C3CCC(O)CC3)c2=O)cn1,7.572460422,0.68062129,Active,0.793650794,TRUE
Cn1c(C(F)(F)F)nn(-c2ccc(C(=O)NC3CNCCC3c3ccc(F)c(F)c3)c(Cl)c2)c1=O,Cn1c(C(F)(F)F)nn(-c2ccc(C(=O)NC3CNCCC3c3ccc(F)c(F)c3)c(Cl)c2)c1=O,7.259036516,0.680635059,Active,0.618421053,TRUE
Cn1ncc(Br)c1-c1ccc(C(=O)NC(CN)Cc2ccc(F)c(F)c2)o1,Cn1ncc(Br)c1-c1ccc(C(=O)NC(CN)Cc2ccc(F)c(F)c2)o1,7.051340748,0.680651152,Active,0.647058824,TRUE
CCc1c(N)ncnc1N1CCC(c2nc(-c3ccc(N)c(F)c3)cn2CC2CNC2)CC1,CCc1c(N)ncnc1N1CCC(c2nc(-c3ccc(N)c(F)c3)cn2CC2CNC2)CC1,7.293686454,0.680656815,Active,0.842857143,TRUE
Nc1ncnc(N2CCC(c3nc(CCC(F)(F)F)cn3CCN3CCCC3)CC2)c1Br,Nc1ncnc(N2CCC(c3nc(CCC(F)(F)F)cn3CCN3CCCC3)CC2)c1Br,7.263215997,0.680722857,Active,0.661764706,TRUE
Cc1cccc(-c2cn(CCN3CCC3)c(C3CCN(c4ncnc(N)c4[N+](=O)[O-])CC3)n2)c1,Cc1cccc(-c2cn(CCN3CCC3)c(C3CCN(c4ncnc(N)c4[N+](=O)[O-])CC3)n2)c1,7.412339397,0.680919671,Active,0.721518987,TRUE
Cn1cnc(-c2cc(C(=O)NC3CNCCC3c3ccc(F)c(F)c3)ccc2F)c1,Cn1cnc(-c2cc(C(=O)NC3CNCCC3c3ccc(F)c(F)c3)ccc2F)c1,7.43508492,0.680988991,Active,0.637681159,TRUE
Cn1c(CC(=O)N2CCc3c(F)cccc32)nc(N2CCCCC2)cc1=O,Cn1c(CC(=O)N2CCc3c(F)cccc32)nc(N2CCCCC2)cc1=O,7.121837514,0.680994415,Active,0.830508475,TRUE
CNC(=O)NCCn1cc(-c2ccc(F)c(C(F)(F)F)c2)nc1C1CCN(c2cc(N)ncn2)CC1,CNC(=O)NCCn1cc(-c2ccc(F)c(C(F)(F)F)c2)nc1C1CCN(c2cc(N)ncn2)CC1,7.744984269,0.681125247,Active,0.714285714,TRUE
CCC1CNCCC1NC(=O)c1ccc(-c2c(Cl)cnn2C)s1,CCC1CNCCC1NC(=O)c1ccc(-c2c(Cl)cnn2C)s1,7.535350746,0.681146348,Active,0.734375,TRUE
Cn1nc(-c2ccc(C(=O)NC3CNCCC3c3cccc(F)c3)c(F)c2)cc1Cl,Cn1nc(-c2ccc(C(=O)NC3CNCCC3c3cccc(F)c3)c(F)c2)cc1Cl,7.311635178,0.68117013,Active,0.611111111,TRUE
Nc1ncnc(N2CCC(c3nc(-c4ccc(F)c(F)c4)cn3CCN3CCC3)CC2)c1C(=O)NC1CC1,Nc1ncnc(N2CCC(c3nc(-c4ccc(F)c(F)c4)cn3CCN3CCC3)CC2)c1C(=O)NC1CC1,7.141274359,0.681264722,Active,0.821917808,TRUE
Cc1cccc(-c2cn(CCN3CCC3)c(C3CCN(c4ncnc(N)c4OC(C)C)CC3)n2)n1,Cc1cccc(-c2cn(CCN3CCC3)c(C3CCN(c4ncnc(N)c4OC(C)C)CC3)n2)n1,7.101577183,0.681376064,Active,0.714285714,TRUE
CCOCCn1cc(-c2ccc(F)cc2)nc1C1CCN(c2ncnc(N)c2Cl)CC1,CCOCCn1cc(-c2ccc(F)cc2)nc1C1CCN(c2ncnc(N)c2Cl)CC1,7.281384328,0.681518936,Active,0.746268657,TRUE
NC(=O)c1c(N)ncnc1N1CCC(c2nc(-c3ccnc(C(F)(F)F)c3)nn2CCN2CCCC2)CC1,NC(=O)c1c(N)ncnc1N1CCC(c2nc(-c3ccnc(C(F)(F)F)c3)nn2CCN2CCCC2)CC1,7.059087449,0.681668782,Active,0.721518987,TRUE
Cn1ncc(Cl)c1-c1cccc(C(=O)NC2CNCCC2c2cccc(F)c2)c1F,Cn1ncc(Cl)c1-c1cccc(C(=O)NC2CNCCC2c2cccc(F)c2)c1F,7.366996512,0.681680048,Active,0.746478873,TRUE
NC1(c2ccc(-c3nc4ccc(C(=O)NCCC5=CCCCC5)nn4c3-c3ccccc3)cc2)CCC1,NC1(c2ccc(-c3nc4ccc(C(=O)NCCC5=CCCCC5)nn4c3-c3ccccc3)cc2)CCC1,7.380955771,0.681754732,Active,0.764705882,TRUE
O=C(Cc1nc(N2CCOCC2)cc(=O)n1-c1ccccc1Br)Nc1ccc(F)c(Cl)c1,O=C(Cc1nc(N2CCOCC2)cc(=O)n1-c1ccccc1Br)Nc1ccc(F)c(Cl)c1,7.095954946,0.681757891,Active,0.705882353,TRUE
Nc1ncnc(N2CCC(c3nc(-c4ccc(F)c(F)c4)cn3CCN3CCC3)CC2)c1C(=O)c1ccccc1,Nc1ncnc(N2CCC(c3nc(-c4ccc(F)c(F)c4)cn3CCN3CCC3)CC2)c1C(=O)c1ccccc1,7.437671122,0.681812251,Active,0.833333333,TRUE
CC(C)NCC(C(=O)N1CCN(c2ncnc3c2C(C)SC3)CC1)c1ccccc1,CC(C)NCC(C(=O)N1CCN(c2ncnc3c2C(C)SC3)CC1)c1ccccc1,7.361771864,0.681813622,Active,0.68115942,TRUE
NC(=O)c1cccnc1N1CCC(c2nc(-c3cccc(Cl)c3)cn2CCN2CCC2)CC1,NC(=O)c1cccnc1N1CCC(c2nc(-c3cccc(Cl)c3)cn2CCN2CCC2)CC1,7.406075311,0.681837225,Active,0.706666667,TRUE
CC1SCc2ncnc(N3CCC(C)(N4CCN(C(=O)C(N)Cc5cc(F)ccc5F)CC4)CC3)c21,CC1SCc2ncnc(N3CCC(C)(N4CCN(C(=O)C(N)Cc5cc(F)ccc5F)CC4)CC3)c21,7.165983515,0.681841993,Active,0.671232877,TRUE
COc1ccccc1C1CCNCC1NC(=O)c1ccc(-c2c(Cl)cnn2C)o1,COc1ccccc1C1CCNCC1NC(=O)c1ccc(-c2c(Cl)cnn2C)o1,7.251644923,0.681850398,Active,0.720588235,TRUE
Cn1ncc(Cl)c1-c1ccc(C(=O)NC2CNCCC2c2ccc(F)c(F)c2)c(F)c1,Cn1ncc(Cl)c1-c1ccc(C(=O)NC2CNCCC2c2ccc(F)c(F)c2)c(F)c1,7.175782304,0.681913102,Active,0.815384615,TRUE
Cc1cc(Cl)cn2c(-c3ccccc3)c(-c3ccc(C4(N)CC(C)(O)C4)cc3)nc12,Cc1cc(Cl)cn2c(-c3ccccc3)c(-c3ccc(C4(N)CC(C)(O)C4)cc3)nc12,7.328630403,0.682074749,Active,0.767857143,TRUE
Cn1cc(-c2ccc(-c3cn(CCN4CCC4)c(C4CCN(c5ncnc(N)c5Br)CC4)n3)cc2)cn1,Cn1cc(-c2ccc(-c3cn(CCN4CCC4)c(C4CCN(c5ncnc(N)c5Br)CC4)n3)cc2)cn1,7.467730386,0.682173514,Active,0.76119403,TRUE
CCCOc1cccc2ncnc(N3CCN(C(=O)C(N)Cc4ccc(F)c(F)c4)CC3)c12,CCCOc1cccc2ncnc(N3CCN(C(=O)C(N)Cc4ccc(F)c(F)c4)CC3)c12,7.129628935,0.68218919,Active,0.676470588,TRUE
Cc1[nH]nc2ccc(-c3cc(OCC(N)Cc4ccccc4)cnc3-c3cnccn3)cc12,Cc1[nH]nc2ccc(-c3cc(OCC(N)Cc4ccccc4)cnc3-c3cnccn3)cc12,7.501917829,0.682218218,Active,0.628571429,TRUE
Cc1c(-c2cc(C(=O)NC3CNCCC3c3cccc(F)c3)no2)cnn1C,Cc1c(-c2cc(C(=O)NC3CNCCC3c3cccc(F)c3)no2)cnn1C,7.140809363,0.682236874,Active,0.621621622,TRUE
Nc1ncnc(N2CCC(c3nc(-c4ccc(F)[n+]([O-])c4)cn3CCN3CCC3)CC2)c1Cl,Nc1ncnc(N2CCC(c3nc(-c4ccc(F)[n+]([O-])c4)cn3CCN3CCC3)CC2)c1Cl,7.652022731,0.682246709,Active,0.764705882,TRUE
CC(NC(=O)C1(N)CCN(c2ncnc3[nH]ccc23)CC1)c1ccc(-n2cccn2)cc1F,CC(NC(=O)C1(N)CCN(c2ncnc3[nH]ccc23)CC1)c1ccc(-n2cccn2)cc1F,7.38125122,0.68237617,Active,0.643835616,TRUE
NC(Cc1ccc(F)cc1)C(=O)N1CCN(c2ncnc3cccc(Br)c23)CC1,NC(Cc1ccc(F)cc1)C(=O)N1CCN(c2ncnc3cccc(Br)c23)CC1,7.290291488,0.682402158,Active,0.728813559,TRUE
COc1cc(N2CCC(c3nc(-c4ccc(F)c(F)c4)cn3CCN3CCCC3)CC2)ncn1,COc1cc(N2CCC(c3nc(-c4ccc(F)c(F)c4)cn3CCN3CCCC3)CC2)ncn1,7.079284927,0.682513201,Active,0.772727273,TRUE
O=C(NC1CNCCC1c1ccc(F)cn1)c1ccc2c(c1)OCCn1nccc1-2,O=C(NC1CNCCC1c1ccc(F)cn1)c1ccc2c(c1)OCCn1nccc1-2,8.32958391,0.682548666,Active,0.768115942,TRUE
Cc1c(Cl)cc(C(=O)NC2CNCCC2c2ccc(F)c(F)c2)nc1-c1c(Cl)cnn1C,Cc1c(Cl)cc(C(=O)NC2CNCCC2c2ccc(F)c(F)c2)nc1-c1c(Cl)cnn1C,7.300774115,0.682570899,Active,0.704225352,TRUE
Cn1nc(-c2cc(C(=O)NC3CNCCC3c3ccc(F)c(F)c3)ccc2F)c2cccnc21,Cn1nc(-c2cc(C(=O)NC3CNCCC3c3ccc(F)c(F)c3)ccc2F)c2cccnc21,7.529390382,0.68265512,Active,0.613333333,TRUE
COc1c(-c2ccc(C(=O)NC3CNCCC3c3cccc(F)c3)s2)cnn1C,COc1c(-c2ccc(C(=O)NC3CNCCC3c3cccc(F)c3)s2)cnn1C,7.337846574,0.682667398,Active,0.753424658,TRUE
Cn1c(CC(=O)N2CCc3c(F)cccc32)nc(N2CCOCC2)c1Oc1ccc(F)cc1F,Cn1c(CC(=O)N2CCc3c(F)cccc32)nc(N2CCOCC2)c1Oc1ccc(F)cc1F,7.02519834,0.68268373,Active,0.685714286,TRUE
NC(COc1cncc(-c2ccc3c(c2)C(=O)C(=O)N3)c1)Cc1c(F)cc(F)cc1F,NC(COc1cncc(-c2ccc3c(c2)C(=O)C(=O)N3)c1)Cc1c(F)cc(F)cc1F,7.125023309,0.68270781,Active,0.630769231,TRUE
Cn1ccnc1-c1nc(NC(=O)c2cc(-n3cnc(C4CC4)c3)c(N3CC(F)(F)C3)cn2)cs1,Cn1ccnc1-c1nc(NC(=O)c2cc(-n3cnc(C4CC4)c3)c(N3CC(F)(F)C3)cn2)cs1,7.626388662,0.682824337,Active,0.7375,TRUE
Nc1ncnc(N2CCC(c3nc(-c4ccc(O)cc4)cn3CCN3CCC3)CC2)c1Br,Nc1ncnc(N2CCC(c3nc(-c4ccc(O)cc4)cn3CCN3CCC3)CC2)c1Br,7.544773284,0.682975852,Active,0.80952381,TRUE
Cn1ncc(Br)c1-c1nnc(C(=O)NC2CNCCC2c2cccc(Cl)c2)o1,Cn1ncc(Br)c1-c1nnc(C(=O)NC2CNCCC2c2cccc(Cl)c2)o1,7.515084502,0.682984018,Active,0.613333333,TRUE
Cn1nc(-c2ccc(C(=O)NC3CNCCC3c3cccc(F)c3)s2)cc1S(C)(=O)=O,Cn1nc(-c2ccc(C(=O)NC3CNCCC3c3cccc(F)c3)s2)cc1S(C)(=O)=O,7.316785293,0.683025384,Active,0.714285714,TRUE
NC1(c2ccc(-c3nn4c(-c5cccnc5)cnc4cc3-c3ccccc3)cc2)CCC1,NC1(c2ccc(-c3nn4c(-c5cccnc5)cnc4cc3-c3ccccc3)cc2)CCC1,7.607775302,0.68303355,Active,0.789473684,TRUE
NC(COc1cncc(-c2ccc3cnccc3c2)c1)Cc1ccc(Br)c(F)c1,NC(COc1cncc(-c2ccc3cnccc3c2)c1)Cc1ccc(Br)c(F)c1,7.35378978,0.683097506,Active,0.651515152,TRUE
Cc1[nH]nc2ccc(-c3cncc(OCC(N)Cc4cccc(-c5nn[nH]n5)c4)c3)cc12,Cc1[nH]nc2ccc(-c3cncc(OCC(N)Cc4cccc(-c5nn[nH]n5)c4)c3)cc12,7.266147586,0.683130229,Active,0.61971831,TRUE
Cn1nc(-c2ccc(C(=O)NC3CNCCC3c3cccc(F)c3)cc2)cc1C(F)(F)F,Cn1nc(-c2ccc(C(=O)NC3CNCCC3c3cccc(F)c3)cc2)cc1C(F)(F)F,7.166499961,0.683353388,Active,0.676056338,TRUE
Cc1nc(-c2cc(C(=O)NC3CNCCC3c3ccccc3)oc2Cl)cn1C,Cc1nc(-c2cc(C(=O)NC3CNCCC3c3ccccc3)oc2Cl)cn1C,7.34259426,0.683385038,Active,0.671428571,TRUE
O=C(NCc1ccc(Cl)cc1)C1(F)CCN(c2ncnc3[nH]ccc23)C1,O=C(NCc1ccc(Cl)cc1)C1(F)CCN(c2ncnc3[nH]ccc23)C1,7.25209286,0.683430874,Active,0.745762712,TRUE
Cc1c(-c2ccc(C(=O)NC3CNCCC3c3ccc(F)c(F)c3)c(F)c2)cnn1C,Cc1c(-c2ccc(C(=O)NC3CNCCC3c3ccc(F)c(F)c3)c(F)c2)cnn1C,7.361015363,0.683603072,Active,0.742424242,TRUE
CC1SCc2ncnc(N3CCN(C(=O)C(Cc4ccc(Cl)cc4)NC(=O)C4CCC4)CC3)c21,CC1SCc2ncnc(N3CCN(C(=O)C(Cc4ccc(Cl)cc4)NC(=O)C4CCC4)CC3)c21,7.317018025,0.683679307,Active,0.7,TRUE
Cn1ncc(Cl)c1-c1nnc(C(=O)NC2CNCCC2c2ccc(F)c(F)c2)o1,Cn1ncc(Cl)c1-c1nnc(C(=O)NC2CNCCC2c2ccc(F)c(F)c2)o1,7.336074928,0.683698738,Active,0.722222222,TRUE
O=C(Cc1nc(N2CCOCC2)c(F)c(OCC2CC2)c1F)N1CCc2c(F)cccc21,O=C(Cc1nc(N2CCOCC2)c(F)c(OCC2CC2)c1F)N1CCc2c(F)cccc21,7.080003214,0.683802629,Active,0.605633803,TRUE
Cc1c(F)c(CC(=O)N2CCc3c(F)cccc32)nc(N2CCOCC2)c1Cl,Cc1c(F)c(CC(=O)N2CCc3c(F)cccc32)nc(N2CCOCC2)c1Cl,7.187922376,0.683864677,Active,0.632352941,TRUE
Cn1nc(-c2ccc(C(=O)NC3CNCCC3c3cccc(F)c3)c(F)c2)cc1F,Cn1nc(-c2ccc(C(=O)NC3CNCCC3c3cccc(F)c3)c(F)c2)cc1F,7.369244034,0.683948898,Active,0.628571429,TRUE
NC(=O)CNCCn1cc(-c2ccc(F)c(C(F)(F)F)c2)nc1C1CCN(c2ncnc(N)c2F)CC1,NC(=O)CNCCn1cc(-c2ccc(F)c(C(F)(F)F)c2)nc1C1CCN(c2ncnc(N)c2F)CC1,7.686375082,0.683985138,Active,0.75308642,TRUE
CC(C)Oc1nc(CC(=O)N2c3ccccc3CC2C)nc(N2CCOCC2)c1F,CC(C)Oc1nc(CC(=O)N2c3ccccc3CC2C)nc(N2CCOCC2)c1F,7.027483979,0.683994198,Active,0.633802817,TRUE
Cn1ncc(Br)c1-c1cc(C(=O)NC(CN)Cc2ccc(F)c(F)c2)[nH]c1Cl,Cn1ncc(Br)c1-c1cc(C(=O)NC(CN)Cc2ccc(F)c(F)c2)[nH]c1Cl,7.265692852,0.684051955,Active,0.611111111,TRUE
CCN(CC)CCn1cc(-c2ccc(F)c(OC)c2)nc1C1CCN(c2ncnc(N)c2C(N)=O)CC1,CCN(CC)CCn1cc(-c2ccc(F)c(OC)c2)nc1C1CCN(c2ncnc(N)c2C(N)=O)CC1,7.43540809,0.684136117,Active,0.831168831,TRUE
CNC(=O)c1cc(Br)c(-c2ccnc3[nH]ccc23)s1,CNC(=O)c1cc(Br)c(-c2ccnc3[nH]ccc23)s1,7.251791257,0.684159839,Active,0.666666667,TRUE
NC1(C(=O)NCc2cc(F)c(F)cc2F)CCN(c2ncnc3[nH]ccc23)CC1,NC1(C(=O)NCc2cc(F)c(F)cc2F)CCN(c2ncnc3[nH]ccc23)CC1,7.34766505,0.684215152,Active,0.68852459,TRUE
CCN(C)CCN(C)CCn1cc(-c2ccc(F)c(C(F)(F)F)c2)nc1C1CCN(c2ncnc(N)c2Cl)CC1,CCN(C)CCN(C)CCn1cc(-c2ccc(F)c(C(F)(F)F)c2)nc1C1CCN(c2ncnc(N)c2Cl)CC1,7.342398572,0.684225464,Active,0.75308642,TRUE
Cc1oc(C(=O)NC2CNCCC2c2ccc(Cl)cc2)cc1-c1ccnn1C,Cc1oc(C(=O)NC2CNCCC2c2ccc(Cl)cc2)cc1-c1ccnn1C,7.212792046,0.684311831,Active,0.742424242,TRUE
CC1CCc2ncnc(N3CCN(C(=O)C(CC(=O)NC(=O)C4CC4)c4ccc(Cl)cc4)CC3)c21,CC1CCc2ncnc(N3CCN(C(=O)C(CC(=O)NC(=O)C4CC4)c4ccc(Cl)cc4)CC3)c21,7.078879561,0.684383178,Active,0.720588235,TRUE
NC1(C(=O)NCC=Cc2ccc(C(F)(F)F)cc2)CCN(c2ncnc3[nH]ccc23)CC1,NC1(C(=O)NCC=Cc2ccc(C(F)(F)F)cc2)CCN(c2ncnc3[nH]ccc23)CC1,7.225051867,0.684487009,Active,0.652173913,TRUE
NC(=O)c1c(N)ncnc1N1CCC(c2nc(-c3cncc(Cl)c3)cn2CCNCC2CC2)CC1,NC(=O)c1c(N)ncnc1N1CCC(c2nc(-c3cncc(Cl)c3)cn2CCNCC2CC2)CC1,7.050576828,0.684726262,Active,0.725,TRUE
Cn1ncc(Cl)c1-c1ccc(C(=O)NC2CNCCC2c2ccnc(C(F)(F)F)c2)s1,Cn1ncc(Cl)c1-c1ccc(C(=O)NC2CNCCC2c2ccnc(C(F)(F)F)c2)s1,7.992790829,0.684793913,Active,0.739726027,TRUE
Cn1nccc1-c1cc(F)c(C(=O)NC2CNCCC2c2cc(F)cc(F)c2)c(Cl)c1,Cn1nccc1-c1cc(F)c(C(=O)NC2CNCCC2c2cc(F)cc(F)c2)c(Cl)c1,7.352456486,0.684798026,Active,0.830769231,TRUE
NC1(c2ccc(-c3nc4ccc(C(=O)NCCN5CCOCC5)nn4c3-c3ccccc3)cc2)CCC1,NC1(c2ccc(-c3nc4ccc(C(=O)NCCN5CCOCC5)nn4c3-c3ccccc3)cc2)CCC1,7.252601742,0.684803987,Active,0.776119403,TRUE
Cc1c(F)cc(-c2cn(CCN3CCCC3)c(C3CCN(c4cc(N)ncn4)CC3)n2)cc1F,Cc1c(F)cc(-c2cn(CCN3CCCC3)c(C3CCN(c4cc(N)ncn4)CC3)n2)cc1F,7.018051084,0.684845173,Active,0.80952381,TRUE
Cn1c(CC(=O)N2CCc3c(-c4ccc(F)nc4)cccc32)nc(N2CCOCC2)cc1=O,Cn1c(CC(=O)N2CCc3c(-c4ccc(F)nc4)cccc32)nc(N2CCOCC2)cc1=O,7.149700638,0.684886658,Active,0.75,TRUE
Cn1ncc(Cl)c1-c1cc(Cl)nc(C(=O)NC2CNCCC2c2ccc(F)c(F)c2)c1,Cn1ncc(Cl)c1-c1cc(Cl)nc(C(=O)NC2CNCCC2c2ccc(F)c(F)c2)c1,7.220787475,0.685057485,Active,0.791044776,TRUE
Cn1ncc(Br)c1-c1nnc(C(=O)NC2CNCCC2c2ccc(F)c(F)c2)o1,Cn1ncc(Br)c1-c1nnc(C(=O)NC2CNCCC2c2ccc(F)c(F)c2)o1,7.260226706,0.685129011,Active,0.714285714,TRUE
NC(Cc1ccc(Cl)c(F)c1)C(=O)N1CCN(c2ncnc3ccc(Cl)cc23)CC1,NC(Cc1ccc(Cl)c(F)c1)C(=O)N1CCN(c2ncnc3ccc(Cl)cc23)CC1,7.338439426,0.685238564,Active,0.714285714,TRUE
NCCn1cc(-c2ccnc(C(F)(F)F)c2)nc1C1CCN(c2ncnc(N)c2CC(F)(F)F)CC1,NCCn1cc(-c2ccnc(C(F)(F)F)c2)nc1C1CCN(c2ncnc(N)c2CC(F)(F)F)CC1,7.344405826,0.685275578,Active,0.72,TRUE
Cn1c(CC(=O)N2CCc3c(Br)cccc32)nc(N2CCOCC2)c(OCC(F)(F)F)c1=O,Cn1c(CC(=O)N2CCc3c(Br)cccc32)nc(N2CCOCC2)c(OCC(F)(F)F)c1=O,7.365460592,0.685353124,Active,0.647887324,TRUE
NCC(C(=O)N1CCN(c2ncnc3ccc(Cl)cc23)CC1)c1ccc(Cl)cc1,NCC(C(=O)N1CCN(c2ncnc3ccc(Cl)cc23)CC1)c1ccc(Cl)cc1,7.181860037,0.685380244,Active,0.701754386,TRUE
Cc1[nH]nc2cnc(-c3cncc(OCC(N)Cc4cccc(F)c4)c3)nc12,Cc1[nH]nc2cnc(-c3cncc(OCC(N)Cc4cccc(F)c4)c3)nc12,7.114512937,0.685453498,Active,0.623188406,TRUE
COc1ccc(-n2c(CC(=O)N3c4cc(F)ccc4CC3C)nc(N3CCOCC3)cc2=O)cn1,COc1ccc(-n2c(CC(=O)N3c4cc(F)ccc4CC3C)nc(N3CCOCC3)cc2=O)cn1,7.218000254,0.685511851,Active,0.607594937,TRUE
Cc1ccc(C(=O)c2c(N3CCOCC3)nc(CC(=O)N3CCc4c(F)cccc43)n2C)cc1,Cc1ccc(C(=O)c2c(N3CCOCC3)nc(CC(=O)N3CCc4c(F)cccc43)n2C)cc1,7.043500093,0.68553915,Active,0.727272727,TRUE
Cn1cc(-c2[nH]nc3cnc(-c4cncc(OCC(N)Cc5ccccc5)c4)cc23)cn1,Cn1cc(-c2[nH]nc3cnc(-c4cncc(OCC(N)Cc5ccccc5)c4)cc23)cn1,7.613247832,0.685668194,Active,0.632352941,TRUE
CC(NC(=O)C1(N)CCN(c2ncnc3[nH]ccc23)CC1)c1cnn(C)c1C(F)F,CC(NC(=O)C1(N)CCN(c2ncnc3[nH]ccc23)CC1)c1cnn(C)c1C(F)F,7.110085525,0.685696268,Active,0.661764706,TRUE
Cc1c(C#N)cnn2c(-c3ccccc3)c(-c3ccc(C4(N)CCC4)cc3)nc12,Cc1c(C#N)cnn2c(-c3ccccc3)c(-c3ccc(C4(N)CCC4)cc3)nc12,7.194215606,0.685779893,Active,0.633333333,TRUE
Cc1ccccc1-n1c(CC(=O)Nc2ccc(F)c(Br)c2)nc(N2CCOCC2)cc1=O,Cc1ccccc1-n1c(CC(=O)Nc2ccc(F)c(Br)c2)nc(N2CCOCC2)cc1=O,7.121459711,0.685788536,Active,0.731343284,TRUE
Cn1c(CC(=O)N2CCc3c(-c4ccc5nc(F)ccc5c4)cccc32)nc(N2CCOCC2)cc1=O,Cn1c(CC(=O)N2CCc3c(-c4ccc5nc(F)ccc5c4)cccc32)nc(N2CCOCC2)cc1=O,7.219615991,0.685792768,Active,0.708333333,TRUE
Cn1nccc1-c1ccc(C(=O)NC2CNCCCC2c2cccc(F)c2)c(Cl)c1,Cn1nccc1-c1ccc(C(=O)NC2CNCCCC2c2cccc(F)c2)c(Cl)c1,7.386089195,0.685805047,Active,0.776119403,TRUE
Cc1ncc(-c2c(C(=O)NC3CNCCC3c3ccc(Cl)c(F)c3)cnn2C)o1,Cc1ncc(-c2c(C(=O)NC3CNCCC3c3ccc(Cl)c(F)c3)cnn2C)o1,7.288554802,0.685832703,Active,0.618421053,TRUE
Nc1ncnc(N2CCC(c3nc(-c4ccc(C(=O)O)c(F)c4)cn3CCN3CCC3)CC2)c1Cl,Nc1ncnc(N2CCC(c3nc(-c4ccc(C(=O)O)c(F)c4)cn3CCN3CCC3)CC2)c1Cl,7.349411902,0.68584975,Active,0.788732394,TRUE
Cc1cnn(C)c1-c1cc(C(=O)NC2CNCCC2c2ccc(F)c(F)c2)no1,Cc1cnn(C)c1-c1cc(C(=O)NC2CNCCC2c2ccc(F)c(F)c2)no1,7.244594277,0.685852253,Active,0.616438356,TRUE
Nc1ncnc(N2CCC(c3nc(-c4cccc(Cl)n4)cn3CCN3CCCC3)CC2)c1Cl,Nc1ncnc(N2CCC(c3nc(-c4cccc(Cl)n4)cn3CCN3CCCC3)CC2)c1Cl,7.079141031,0.68599751,Active,0.787878788,TRUE
O=C(Cc1nc(N2CCOCC2)cc(=O)n1-c1ccc(F)c(F)c1)N1CCc2c(F)cccc21,O=C(Cc1nc(N2CCOCC2)cc(=O)n1-c1ccc(F)c(F)c1)N1CCc2c(F)cccc21,7.025508185,0.686019981,Active,0.742424242,TRUE
Cc1cc(-c2cn(CC(N)=O)c(C3CCN(c4ncnc(N)c4F)CC3)n2)ccc1F,Cc1cc(-c2cn(CC(N)=O)c(C3CCN(c4ncnc(N)c4F)CC3)n2)ccc1F,7.39019266,0.686042333,Active,0.712328767,TRUE
Cc1n[nH]c(C)c1-c1ccc2c(c1)CCN2C(=O)Cc1nc(N2CCOCC2)cc(=O)n1C,Cc1n[nH]c(C)c1-c1ccc2c(c1)CCN2C(=O)Cc1nc(N2CCOCC2)cc(=O)n1C,7.196913914,0.686484361,Active,0.666666667,TRUE
Cn1ncc(Br)c1-c1onc(C(=O)NC2CNCCC2c2cccc(F)c2)c1Cl,Cn1ncc(Br)c1-c1onc(C(=O)NC2CNCCC2c2cccc(F)c2)c1Cl,7.593666947,0.686659002,Active,0.693333333,TRUE
NC(=O)c1c(N)ncnc1N1CCC(c2nc(-c3ccnc(C(F)(F)F)c3)cn2CCNCCF)CC1,NC(=O)c1c(N)ncnc1N1CCC(c2nc(-c3ccnc(C(F)(F)F)c3)cn2CCNCCF)CC1,7.373019874,0.686686063,Active,0.782051282,TRUE
NC(Cc1ccc(Cl)cc1)C(=O)N1CCN(c2ncnc3cccc(Cl)c23)CC1,NC(Cc1ccc(Cl)cc1)C(=O)N1CCN(c2ncnc3cccc(Cl)c23)CC1,7.218238544,0.686882818,Active,0.824561404,TRUE
NC(Cc1cccc(Cl)c1)C(=O)N1CCN(c2ncnc3cccc(Br)c23)CC1,NC(Cc1cccc(Cl)c1)C(=O)N1CCN(c2ncnc3cccc(Br)c23)CC1,7.296953907,0.687107348,Active,0.754098361,TRUE
Cn1ncc(Br)c1-c1ccc(C(=O)NC2CNCCC2c2ccc(F)cc2F)o1,Cn1ncc(Br)c1-c1ccc(C(=O)NC2CNCCC2c2ccc(F)cc2F)o1,7.206723971,0.687144303,Active,0.690140845,TRUE
Cc1cc(-c2cn(CCCN3CCN(C)CC3)c(C3CCN(c4ncnc(N)c4Cl)CC3)n2)ccc1F,Cc1cc(-c2cn(CCCN3CCN(C)CC3)c(C3CCN(c4ncnc(N)c4Cl)CC3)n2)ccc1F,7.284933208,0.687215292,Active,0.702702703,TRUE
Cn1cc(C(NC(=O)C2(N)CCN(c3ncnc4[nH]ccc34)CC2)c2ccc(F)cc2)cn1,Cn1cc(C(NC(=O)C2(N)CCN(c3ncnc4[nH]ccc34)CC2)c2ccc(F)cc2)cn1,7.177243462,0.687314355,Active,0.727272727,TRUE
Cc1cc(C(=O)NC2CNCC2c2ccc(F)c(F)c2)ccc1-c1ccnn1C,Cc1cc(C(=O)NC2CNCC2c2ccc(F)c(F)c2)ccc1-c1ccnn1C,7.18832993,0.687360609,Active,0.738461538,TRUE
Nc1ncnc(N2CCC(c3nc(-c4cc(F)c(C(F)(F)F)c(F)c4)cn3CCN3CCCC3)CC2)c1C(F)(F)F,Nc1ncnc(N2CCC(c3nc(-c4cc(F)c(C(F)(F)F)c(F)c4)cn3CCN3CCCC3)CC2)c1C(F)(F)F,7.185036435,0.687401915,Active,0.694444444,TRUE
CN(C)CC(Nc1ncnc2c(C(N)=O)cccc12)c1ccc(F)c(F)c1,CN(C)CC(Nc1ncnc2c(C(N)=O)cccc12)c1ccc(F)c(F)c1,7.598260612,0.68748858,Active,0.714285714,TRUE
CNCCn1cc(-c2ccc(C(F)F)c(F)c2)nc1C1CCN(c2ncnc(N)c2C)CC1,CNCCn1cc(-c2ccc(C(F)F)c(F)c2)nc1C1CCN(c2ncnc(N)c2C)CC1,7.515326137,0.68752327,Active,0.658227848,TRUE
NC(COc1cncc(-c2ccc3c(c2)C(F)(F)C(=O)N3)c1)Cc1cccc(F)c1F,NC(COc1cncc(-c2ccc3c(c2)C(F)(F)C(=O)N3)c1)Cc1cccc(F)c1F,7.539110622,0.687559092,Active,0.710144928,TRUE
Cn1nccc1-c1cc(C2CCNCC2NC(=O)c2cc(F)cc(F)c2)ccc1F,Cn1nccc1-c1cc(C2CCNCC2NC(=O)c2cc(F)cc(F)c2)ccc1F,7.531625004,0.687601173,Active,0.75,TRUE
Cn1ncc(Cl)c1-c1cc(C(=O)NC2(c3ccc(C(F)(F)F)c(F)c3)CCNCC2)oc1Cl,Cn1ncc(Cl)c1-c1cc(C(=O)NC2(c3ccc(C(F)(F)F)c(F)c3)CCNCC2)oc1Cl,7.086758961,0.687772357,Active,0.791044776,TRUE
CNC(=O)Cn1cc(-c2ccc(C(F)(F)F)nc2)nc1C1CCN(c2ncnc(N)c2Br)CC1,CNC(=O)Cn1cc(-c2ccc(C(F)(F)F)nc2)nc1C1CCN(c2ncnc(N)c2Br)CC1,7.789399463,0.687787259,Active,0.617283951,TRUE
Cc1c[nH]c2ncnc(N3CCN(C(=O)NCc4ccc(F)cc4)CC3)c12,Cc1c[nH]c2ncnc(N3CCN(C(=O)NCc4ccc(F)cc4)CC3)c12,7.059823055,0.687840843,Active,0.704918033,TRUE
Cc1ncc(-c2ccnn2C)cc1C(=O)NC1CNCCC1c1ccc(F)c(F)c1,Cc1ncc(-c2ccnn2C)cc1C(=O)NC1CNCCC1c1ccc(F)c(F)c1,7.299931355,0.687942946,Active,0.772727273,TRUE
Cc1c(-c2ccc(C(=O)NC3CNCCC3c3ccc(F)c(F)c3)c(N)c2)cnn1C,Cc1c(-c2ccc(C(=O)NC3CNCCC3c3ccc(F)c(F)c3)c(N)c2)cnn1C,7.201728895,0.688096964,Active,0.638888889,TRUE
Cc1cccc(-c2cccc3c2CCN3C(=O)Cc2nc(N3CCOCC3)cc(=O)n2C)n1,Cc1cccc(-c2cccc3c2CCN3C(=O)Cc2nc(N3CCOCC3)cc(=O)n2C)n1,7.085494215,0.688387895,Active,0.769230769,TRUE
CC(C)c1c(N)ncnc1N1CCC(c2nc(-c3ccc(C(F)(F)C(F)F)c(F)c3)cn2CCN(C)C)CC1,CC(C)c1c(N)ncnc1N1CCC(c2nc(-c3ccc(C(F)(F)C(F)F)c(F)c3)cn2CCN(C)C)CC1,7.248156064,0.688590372,Active,0.651162791,TRUE
Cn1c(CC(=O)N2CCc3c(OC(F)(F)F)cccc32)nc(N2CCOCC2)cc1=O,Cn1c(CC(=O)N2CCc3c(OC(F)(F)F)cccc32)nc(N2CCOCC2)cc1=O,7.063363594,0.688643062,Active,0.815384615,TRUE
O=C(Cc1nc(N2CCOCC2)cc(=O)n1C1CC1)N1CCc2c(F)cccc21,O=C(Cc1nc(N2CCOCC2)cc(=O)n1C1CC1)N1CCc2c(F)cccc21,7.211510671,0.688746417,Active,0.8125,TRUE
O=C(NC1CNCCC1c1ccc(F)nc1)c1ccc2c(c1)-c1ccnn1CCO2,O=C(NC1CNCCC1c1ccc(F)nc1)c1ccc2c(c1)-c1ccnn1CCO2,8.256084121,0.688835764,Active,0.712328767,TRUE
Cc1c(N)ncnc1N1CCC(c2nc(-c3ccc(F)c(C(F)(F)F)c3)cn2CC(=O)NCCO)CC1,Cc1c(N)ncnc1N1CCC(c2nc(-c3ccc(F)c(C(F)(F)F)c3)cn2CC(=O)NCCO)CC1,7.637949483,0.688845122,Active,0.691358025,TRUE
Cn1ncc(Cl)c1-c1ccc(C(=O)NC2CNCCC2c2cccc(OC(F)F)c2)o1,Cn1ncc(Cl)c1-c1ccc(C(=O)NC2CNCCC2c2cccc(OC(F)F)c2)o1,7.362544411,0.688998842,Active,0.728571429,TRUE
NC(COc1cncc(-c2ccc3[nH]nnc3c2)c1)Cc1cccc(Cl)c1,NC(COc1cncc(-c2ccc3[nH]nnc3c2)c1)Cc1cccc(Cl)c1,7.046282367,0.68904742,Active,0.703125,TRUE
CCNC(=O)c1c[nH]c2ncnc(N3CCN(C(=O)C(N)Cc4ccc(F)cc4)CC3)c12,CCNC(=O)c1c[nH]c2ncnc(N3CCN(C(=O)C(N)Cc4ccc(F)cc4)CC3)c12,7.575670607,0.689059281,Active,0.75,TRUE
Cn1cc(-c2ccc(C(=O)NC3CNCCC3c3cc(F)cc(F)c3)cc2F)cn1,Cn1cc(-c2ccc(C(=O)NC3CNCCC3c3cc(F)cc(F)c3)cc2F)cn1,7.702177288,0.689144456,Active,0.723076923,TRUE
CN1CCc2c(c(-c3ccc(C(=O)NC4CNCCC4c4cccc(F)c4)cc3)nn2C)C1,CN1CCc2c(c(-c3ccc(C(=O)NC4CNCCC4c4cccc(F)c4)cc3)nn2C)C1,7.201364307,0.689257526,Active,0.618421053,TRUE
CCn1cc(-c2ccc(F)c(F)c2)nc1C1CCN(c2ncnc(N)c2C2C=CC2)CC1,CCn1cc(-c2ccc(F)c(F)c2)nc1C1CCN(c2ncnc(N)c2C2C=CC2)CC1,7.074156099,0.689298058,Active,0.648648649,TRUE
Cn1nccc1-c1cccc(C(=O)NC2CNCCC2c2ccc(F)cc2)c1N,Cn1nccc1-c1cccc(C(=O)NC2CNCCC2c2ccc(F)cc2)c1N,7.078338943,0.689488494,Active,0.727272727,TRUE
Cn1nccc1-c1cccc(C(=O)NC2CNCCC2c2ccc(F)cc2)c1F,Cn1nccc1-c1cccc(C(=O)NC2CNCCC2c2ccc(F)cc2)c1F,7.462660014,0.68980428,Active,0.75,TRUE
NCC(=O)NCCn1cc(-c2ccc(F)c(C(F)(F)F)c2)nc1C1CCN(c2ncnc(N)c2F)CC1,NCC(=O)NCCn1cc(-c2ccc(F)c(C(F)(F)F)c2)nc1C1CCN(c2ncnc(N)c2F)CC1,7.692309387,0.689948881,Active,0.730769231,TRUE
Cc1[nH]nc2ncc(-c3cncc(OCC(N)Cc4c(F)cc(F)cc4F)c3)cc12,Cc1[nH]nc2ncc(-c3cncc(OCC(N)Cc4c(F)cc(F)cc4F)c3)cc12,7.14735824,0.689985538,Active,0.693548387,TRUE
O=C(Cc1nc(N2CCOCC2)cc(=O)n1-c1ccc(F)c(Cl)c1)Nc1ccc(Br)c(F)c1,O=C(Cc1nc(N2CCOCC2)cc(=O)n1-c1ccc(F)c(Cl)c1)Nc1ccc(Br)c(F)c1,7.061475759,0.689990485,Active,0.68115942,TRUE
C=C(C)CN1CCN(CC(Nc2ncnc3c(C(N)=O)cccc23)c2cccc(Cl)c2)CC1,C=C(C)CN1CCN(CC(Nc2ncnc3c(C(N)=O)cccc23)c2cccc(Cl)c2)CC1,7.042217915,0.69002589,Active,0.796875,TRUE
Cn1ncc(Cl)c1-c1cc(C(=O)NC2CC2c2ccc(F)cc2)oc1Cl,Cn1ncc(Cl)c1-c1cc(C(=O)NC2CC2c2ccc(F)cc2)oc1Cl,7.386470438,0.690078163,Active,0.686567164,TRUE
Cc1nc(C(=O)NC2CNCCC2c2cccc(F)c2)cc(-c2ccnn2C)n1,Cc1nc(C(=O)NC2CNCCC2c2cccc(F)c2)cc(-c2ccnn2C)n1,7.2741697,0.6901389,Active,0.714285714,TRUE
Nc1ncnc(N2CCC(c3nc(-c4ccc(F)cc4)cn3CCC(=O)NC3CCCCCC3)CC2)c1-c1cn[nH]c1,Nc1ncnc(N2CCC(c3nc(-c4ccc(F)cc4)cn3CCC(=O)NC3CCCCCC3)CC2)c1-c1cn[nH]c1,7.360886349,0.690179372,Active,0.617977528,TRUE
CNC(=O)c1cc(F)c2nc(-c3ccc(C4(N)CCC4)cc3)c(-c3ccccc3)n2n1,CNC(=O)c1cc(F)c2nc(-c3ccc(C4(N)CCC4)cc3)c(-c3ccccc3)n2n1,7.391651818,0.690193379,Active,0.793650794,TRUE
Cc1ccn2cc(-c3ccc(C(=O)NC4CNCCC4c4cccc(F)c4)nc3)nc2c1C,Cc1ccn2cc(-c3ccc(C(=O)NC4CNCCC4c4cccc(F)c4)nc3)nc2c1C,7.195613239,0.690224552,Active,0.631578947,TRUE
NC1(C(=O)NCc2cc(Cl)ccc2Cl)CCN(c2ncnc3[nH]ncc23)CC1,NC1(C(=O)NCc2cc(Cl)ccc2Cl)CCN(c2ncnc3[nH]ncc23)CC1,7.160559895,0.690344238,Active,0.605633803,TRUE
Cc1nc(-c2cnn(C)c2)ccc1C(=O)NC1CNCCC1c1ccc(F)c(F)c1,Cc1nc(-c2cnn(C)c2)ccc1C(=O)NC1CNCCC1c1ccc(F)c(F)c1,7.138218649,0.690386558,Active,0.633802817,TRUE
CCc1c(N)ncnc1N1CCC(c2nc(-c3ccnc(C(F)(F)F)c3)cn2CC)CC1,CCc1c(N)ncnc1N1CCC(c2nc(-c3ccnc(C(F)(F)F)c3)cn2CC)CC1,7.599623475,0.690489078,Active,0.838235294,TRUE
COc1ccccc1C1CCNCC1NC(=O)c1ccc(-c2c(Br)cnn2C)o1,COc1ccccc1C1CCNCC1NC(=O)c1ccc(-c2c(Br)cnn2C)o1,7.177918112,0.69055959,Active,0.7,TRUE
Cc1oc(C(=O)NC2CNCCC2c2ccc(F)c(F)c2)cc1-c1cc(C(F)(F)F)n(C)n1,Cc1oc(C(=O)NC2CNCCC2c2ccc(F)c(F)c2)cc1-c1cc(C(F)(F)F)n(C)n1,7.200559601,0.690568054,Active,0.615384615,TRUE
CCn1cc(-c2ccnc(C(C)C)c2)nc1C1CCN(c2ncnc(N)c2C#N)CC1,CCn1cc(-c2ccnc(C(C)C)c2)nc1C1CCN(c2ncnc(N)c2C#N)CC1,7.766198833,0.690574729,Active,0.816901408,TRUE
CC(NC(=O)C1(N)CCN(c2ncnc3[nH]ncc23)CC1)c1ccc(F)cc1,CC(NC(=O)C1(N)CCN(c2ncnc3[nH]ncc23)CC1)c1ccc(F)cc1,7.242620459,0.690593803,Active,0.754098361,TRUE
O=C(Cc1nc(=O)c(F)c(N2CCOCC2)[nH]1)N1CCc2c(Br)cccc21,O=C(Cc1nc(=O)c(F)c(N2CCOCC2)[nH]1)N1CCc2c(Br)cccc21,7.526170176,0.690615022,Active,0.682539683,TRUE
Cn1ncc(C(=O)NC2CNCCC2c2cc(F)cc(F)c2)c1-c1ccccc1,Cn1ncc(C(=O)NC2CNCCC2c2cc(F)cc(F)c2)c1-c1ccccc1,7.165898444,0.690684998,Active,0.626865672,TRUE
CNC(=O)c1cccc(-c2cn(CCN3CCC3)c(C3CCN(c4ncnc(N)c4Br)CC3)n2)c1,CNC(=O)c1cccc(-c2cn(CCN3CCC3)c(C3CCN(c4ncnc(N)c4Br)CC3)n2)c1,7.688742645,0.690816724,Active,0.72,TRUE
NC(=O)c1c(N)ncnc1N1CCC(c2nc(-c3ccc(F)c(C(F)F)c3)cn2CCN2CCC2)CC1,NC(=O)c1c(N)ncnc1N1CCC(c2nc(-c3ccc(F)c(C(F)F)c3)cn2CCN2CCC2)CC1,7.586415015,0.690834904,Active,0.85915493,TRUE
Nc1ncnc(N2CCC(c3nc(-c4ccc(OC(F)F)cc4)cn3CCN3CCC3)CC2)c1Cl,Nc1ncnc(N2CCC(c3nc(-c4ccc(OC(F)F)cc4)cn3CCN3CCC3)CC2)c1Cl,7.192305547,0.690892661,Active,0.791666667,TRUE
NC(Cc1cc(F)ccc1F)C(=O)N1CCN(c2ncnc3ccc(Br)cc23)CC1,NC(Cc1cc(F)ccc1F)C(=O)N1CCN(c2ncnc3ccc(Br)cc23)CC1,7.09025059,0.691005731,Active,0.602941176,TRUE
Cc1[nH]nc2cnc(-c3cncc(OCC(N)Cc4cccc(-c5cncnc5)c4)c3)cc12,Cc1[nH]nc2cnc(-c3cncc(OCC(N)Cc4cccc(-c5cncnc5)c4)c3)cc12,7.392434006,0.691008711,Active,0.614285714,TRUE
Cn1nccc1-c1ccc2nc(C(=O)NC3CNCCC3c3ccc(F)c(F)c3)cn2c1,Cn1nccc1-c1ccc2nc(C(=O)NC3CNCCC3c3ccc(F)c(F)c3)cn2c1,7.247278875,0.691026592,Active,0.724637681,TRUE
Cc1cc(-c2nn3c(-c4ccncc4)cnc3cc2-c2ccccc2)ccc1C1(N)CC1,Cc1cc(-c2nn3c(-c4ccncc4)cnc3cc2-c2ccccc2)ccc1C1(N)CC1,7.513354151,0.691044533,Active,0.609375,TRUE
Cn1ncc(-c2cc(C(=O)NC3CNCCC3c3ccccc3)oc2Cl)c1Br,Cn1ncc(-c2cc(C(=O)NC3CNCCC3c3ccccc3)oc2Cl)c1Br,7.338153677,0.691080654,Active,0.772727273,TRUE
NC1(C(=O)N2CCC2C(=O)NCc2ccc(F)cc2)CCN(c2ncnc3[nH]ccc23)CC1,NC1(C(=O)N2CCC2C(=O)NCc2ccc(F)cc2)CCN(c2ncnc3[nH]ccc23)CC1,7.058560582,0.691192174,Active,0.608695652,TRUE
Cc1c(-c2nn(C)c3cc(C(=O)NC4CNCCC4c4cccc(F)c4)ccc23)cnn1C,Cc1c(-c2nn(C)c3cc(C(=O)NC4CNCCC4c4cccc(F)c4)ccc23)cnn1C,7.089350722,0.69121083,Active,0.602564103,TRUE
NC(=O)c1nc(-c2cncc(OCC(N)Cc3c[nH]c4ccccc34)c2)c(Cl)cc1Cl,NC(=O)c1nc(-c2cncc(OCC(N)Cc3c[nH]c4ccccc34)c2)c(Cl)cc1Cl,7.142588487,0.691263223,Active,0.691176471,TRUE
CC1CCc2ncnc(N3CCN(C(=O)C(N)Cc4ccc(F)c(F)c4)CC3)c21,CC1CCc2ncnc(N3CCN(C(=O)C(N)Cc4ccc(F)c(F)c4)CC3)c21,7.046712551,0.691305721,Active,0.742424242,TRUE
COc1ccc(-c2cc3c(C)nc(N)nc3n(C3CCC(OCCO)CC3)c2=O)cc1,COc1ccc(-c2cc3c(C)nc(N)nc3n(C3CCC(OCCO)CC3)c2=O)cc1,7.390838654,0.691390061,Active,0.815384615,TRUE
Cn1ncc(Br)c1-c1oc(C(=O)NC2CNCCC2c2ccccc2)cc1Cl,Cn1ncc(Br)c1-c1oc(C(=O)NC2CNCCC2c2ccccc2)cc1Cl,7.373240575,0.691442931,Active,0.776119403,TRUE
COc1ccc(-c2cn(CCN3CCC3)c(C3CCN(c4ncnc(N)c4Br)CC3)n2)cc1OC,COc1ccc(-c2cn(CCN3CCC3)c(C3CCN(c4ncnc(N)c4Br)CC3)n2)cc1OC,7.600822032,0.691629791,Active,0.75,TRUE
Cc1ccsc1C1CCNCC1NC(=O)c1ccc(-c2ccnn2C)cc1F,Cc1ccsc1C1CCNCC1NC(=O)c1ccc(-c2ccnn2C)cc1F,7.240114591,0.691745126,Active,0.71641791,TRUE
Cc1c[nH]c2ncnc(N3CCC(N)(Cc4ccc(Cl)cc4)CC3)c12,Cc1c[nH]c2ncnc(N3CCC(N)(Cc4ccc(Cl)cc4)CC3)c12,7.26179139,0.691851878,Active,0.634920635,TRUE
NC(=O)c1cccc2c(NC(CN3CC(F)C3)c3cccc(Cl)c3)ncnc12,NC(=O)c1cccc2c(NC(CN3CC(F)C3)c3cccc(Cl)c3)ncnc12,7.582354252,0.691942477,Active,0.790322581,TRUE
NC(=O)c1cccnc1N1CCC(c2nc(-c3ccnc(C(F)(F)F)c3)cn2CCN2CCC2)CC1,NC(=O)c1cccnc1N1CCC(c2nc(-c3ccnc(C(F)(F)F)c3)cn2CCN2CCC2)CC1,7.35014688,0.691949093,Active,0.74025974,TRUE
Cc1c(-c2ccc(C(=O)NC3CNCCC3c3cccc(F)c3)cc2)cnn1C,Cc1c(-c2ccc(C(=O)NC3CNCCC3c3cccc(F)c3)cc2)cnn1C,7.156612057,0.692012632,Active,0.746268657,TRUE
CCn1cc(-c2ccc(F)c(Cl)c2)nc1C1CCN(c2ncnc(N)c2C(N)=O)CC1,CCn1cc(-c2ccc(F)c(Cl)c2)nc1C1CCN(c2ncnc(N)c2C(N)=O)CC1,7.368234764,0.692056561,Active,0.805555556,TRUE
Cc1nc(=O)c2cc(-c3cncc(OCC(N)Cc4c(F)cccc4Cl)c3)ccc2[nH]1,Cc1nc(=O)c2cc(-c3cncc(OCC(N)Cc4c(F)cccc4Cl)c3)ccc2[nH]1,7.138083313,0.692202175,Active,0.633802817,TRUE
Cc1nc(=O)c2cc(-c3cncc(OCC(N)Cc4ccc(Cl)c(F)c4)c3)ccc2[nH]1,Cc1nc(=O)c2cc(-c3cncc(OCC(N)Cc4ccc(Cl)c(F)c4)c3)ccc2[nH]1,7.301777305,0.69221499,Active,0.724637681,TRUE
Cn1ncc(-c2nnc(Cl)cc2Cl)c1-c1ccc(C(=O)NC2CNCCC2c2ccc(F)cc2F)cc1,Cn1ncc(-c2nnc(Cl)cc2Cl)c1-c1ccc(C(=O)NC2CNCCC2c2ccc(F)cc2F)cc1,7.347478842,0.692323172,Active,0.620253165,TRUE
Cn1c(Br)c(Br)c2cc(-c3cncc(OCC(N)Cc4ccc(F)c(Cl)c4)c3)ccc21,Cn1c(Br)c(Br)c2cc(-c3cncc(OCC(N)Cc4ccc(F)c(Cl)c4)c3)ccc21,7.4266047,0.692364299,Active,0.647887324,TRUE
N#Cc1cccc(-c2cc(C(=O)NC3CNCCC3c3ccc(F)c(F)c3)oc2Cl)c1,N#Cc1cccc(-c2cc(C(=O)NC3CNCCC3c3ccc(F)c(F)c3)oc2Cl)c1,7.206749873,0.692431176,Active,0.618421053,TRUE
NCC(Nc1ncnc2c(C(N)=O)cccc12)c1cccc(F)c1,NCC(Nc1ncnc2c(C(N)=O)cccc12)c1cccc(F)c1,7.545447041,0.692508006,Active,0.814814815,TRUE
NC1(c2ccc(-c3nc4ccc(C(=O)NCc5ccccn5)nn4c3-c3ccccc3)cc2)CCC1,NC1(c2ccc(-c3nc4ccc(C(=O)NCc5ccccn5)nn4c3-c3ccccc3)cc2)CCC1,7.415804969,0.692537868,Active,0.757575758,TRUE
Cn1nccc1-c1cc(C(=O)NC2CNCCC2c2cncc(F)c2)ccc1F,Cn1nccc1-c1cc(C(=O)NC2CNCCC2c2cncc(F)c2)ccc1F,7.572002669,0.692672515,Active,0.742424242,TRUE
Cc1cc(-c2ccnn2C)ccc1C(=O)NC1CNCC1c1ccc(F)c(F)c1,Cc1cc(-c2ccnn2C)ccc1C(=O)NC1CNCC1c1ccc(F)c(F)c1,7.132464058,0.692912245,Active,0.75,TRUE
NC1(C(=O)NCC23CC4CC(CC(C4)C2)C3)CCN(c2ncnc3[nH]ccc23)CC1,NC1(C(=O)NCC23CC4CC(CC(C4)C2)C3)CCN(c2ncnc3[nH]ccc23)CC1,7.026156988,0.692972088,Active,0.64516129,TRUE
CNCCNC(=O)Cn1cc(-c2ccc(F)c(C(F)(F)F)c2)nc1C1CCN(c2ncnc(N)c2F)CC1,CNCCNC(=O)Cn1cc(-c2ccc(F)c(C(F)(F)F)c2)nc1C1CCN(c2ncnc(N)c2F)CC1,7.601984072,0.693148458,Active,0.719512195,TRUE
Cc1cc(-c2cn(CCNCC(F)F)c(C3CCN(c4cc(N)ncn4)CC3)n2)ccc1F,Cc1cc(-c2cn(CCNCC(F)F)c(C3CCN(c4cc(N)ncn4)CC3)n2)ccc1F,7.674674573,0.693184876,Active,0.638554217,TRUE
NC(COc1cncc(-c2cc3c[nH]nc3cn2)c1)Cc1ccccc1F,NC(COc1cncc(-c2cc3c[nH]nc3cn2)c1)Cc1ccccc1F,7.406801528,0.693193638,Active,0.611940299,TRUE
Nc1cc(N2CCC(c3nc(-c4ccc(Br)o4)cn3CCN3CCCC3)CC2)ncn1,Nc1cc(N2CCC(c3nc(-c4ccc(Br)o4)cn3CCN3CCCC3)CC2)ncn1,7.214683597,0.693220401,Active,0.666666667,TRUE
Cc1ncc(-c2ccc(C(=O)NC3CNCCC3c3cccc(F)c3)s2)o1,Cc1ncc(-c2ccc(C(=O)NC3CNCCC3c3cccc(F)c3)s2)o1,7.186743421,0.6934376,Active,0.704225352,TRUE
NC1(C(=O)NC(Cc2ccc(F)cc2)C(=O)Nc2ccc(F)cc2)CCN(c2ncnc3[nH]ccc23)CC1,NC1(C(=O)NC(Cc2ccc(F)cc2)C(=O)Nc2ccc(F)cc2)CCN(c2ncnc3[nH]ccc23)CC1,7.365376489,0.693573141,Active,0.661764706,TRUE
CC(C)N(C)CCn1cc(C2CCCCC2)nc1C1CCN(c2ncnc(N)c2C#N)CC1,CC(C)N(C)CCn1cc(C2CCCCC2)nc1C1CCN(c2ncnc(N)c2C#N)CC1,7.25925962,0.693578267,Active,0.742424242,TRUE
NC(=O)Cn1cc(-c2ccc(F)c(F)c2)nc1C1CCN(c2ncnc(N)c2Cl)CC1,NC(=O)Cn1cc(-c2ccc(F)c(F)c2)nc1C1CCN(c2ncnc(N)c2Cl)CC1,7.582850675,0.693605387,Active,0.739130435,TRUE
CC1SCc2ncnc(N3CCC(N)(C(=O)NC(C(N)=O)c4ccc(Cl)cc4)CC3)c21,CC1SCc2ncnc(N3CCC(N)(C(=O)NC(C(N)=O)c4ccc(Cl)cc4)CC3)c21,7.167389773,0.693727875,Active,0.637681159,TRUE
CN(C)CCn1cc(-c2ccc(F)c(C(F)(F)F)c2)nc1C1CCN(c2cc(N)ncn2)CC1,CN(C)CCn1cc(-c2ccc(F)c(C(F)(F)F)c2)nc1C1CCN(c2cc(N)ncn2)CC1,7.423440871,0.693750107,Active,0.785714286,TRUE
Cn1cc(-c2ccc(C(=O)NC3CNCCC3c3ccc(F)c(F)c3)c(F)c2)cn1,Cn1cc(-c2ccc(C(=O)NC3CNCCC3c3ccc(F)c(F)c3)c(F)c2)cn1,7.58680216,0.693792546,Active,0.761904762,TRUE
NC1(CNC(=O)c2cccc(F)c2)CCN(c2ncnc3[nH]c(C4CCCCC4)nc23)C1,NC1(CNC(=O)c2cccc(F)c2)CCN(c2ncnc3[nH]c(C4CCCCC4)nc23)C1,7.264092034,0.693813586,Active,0.623376623,TRUE
CCOc1c(N2CCOCC2)nc(CC(=O)N2CCc3c(F)cccc32)n(C)c1=O,CCOc1c(N2CCOCC2)nc(CC(=O)N2CCc3c(F)cccc32)n(C)c1=O,7.059112602,0.694189095,Active,0.784615385,TRUE
NC1(c2ccc(-c3nc4ccc(C(=O)NCCc5ccc(F)cc5)nn4c3-c3ccccc3)cc2)CCC1,NC1(c2ccc(-c3nc4ccc(C(=O)NCCc5ccc(F)cc5)nn4c3-c3ccccc3)cc2)CCC1,7.206559515,0.694392228,Active,0.787878788,TRUE
Nc1ncnc(N2CCC(c3nc(-c4ccc(F)cn4)cn3CCN3CCC3)CC2)c1C1CCC1,Nc1ncnc(N2CCC(c3nc(-c4ccc(F)cn4)cn3CCN3CCC3)CC2)c1C1CCC1,7.405634011,0.694424415,Active,0.787878788,TRUE
CC1Cc2ccccc2N1C(=O)Cc1nc(N2CCOCC2)cn1C,CC1Cc2ccccc2N1C(=O)Cc1nc(N2CCOCC2)cn1C,7.105535656,0.694499815,Active,0.75,TRUE
NC(=O)Nc1c(N)ncnc1N1CCC(c2nc(-c3ccc(F)c(Cl)c3)cn2CCN2CCC2)CC1,NC(=O)Nc1c(N)ncnc1N1CCC(c2nc(-c3ccc(F)c(Cl)c3)cn2CCN2CCC2)CC1,7.870279749,0.694529736,Active,0.826666667,TRUE
CC1Cc2ccccc2N1C(=O)Cc1nc(N2CCOCC2)cc(=O)n1C1CC1,CC1Cc2ccccc2N1C(=O)Cc1nc(N2CCOCC2)cc(=O)n1C1CC1,7.342457909,0.694557691,Active,0.790322581,TRUE
O=C(Cc1nc(N2CCOCC2)cc(=O)n1-c1cccc(F)c1)N1CCc2ccc(F)cc21,O=C(Cc1nc(N2CCOCC2)cc(=O)n1-c1cccc(F)c1)N1CCc2ccc(F)cc21,7.136880924,0.694692159,Active,0.738461538,TRUE
COc1oc(C2CCNCC2NC(=O)c2ccc(-c3c(Cl)cnn3C)o2)cc1C,COc1oc(C2CCNCC2NC(=O)c2ccc(-c3c(Cl)cnn3C)o2)cc1C,7.500084355,0.694921696,Active,0.7,TRUE
Cc1c[nH]c2ncnc(N3CCN(C(=O)C4(c5ccc(F)cc5)CC4)CC3)c12,Cc1c[nH]c2ncnc(N3CCN(C(=O)C4(c5ccc(F)cc5)CC4)CC3)c12,7.410225669,0.694943094,Active,0.625,TRUE
NC1(CNC(=O)c2ccccc2F)CCN(c2ncnc3[nH]ccc23)C1,NC1(CNC(=O)c2ccccc2F)CCN(c2ncnc3[nH]ccc23)C1,7.174211249,0.694955671,Active,0.712121212,TRUE
Cc1c[nH]c2ncnc(N3CCC(N)(CNC(=O)c4cscn4)C3)c12,Cc1c[nH]c2ncnc(N3CCC(N)(CNC(=O)c4cscn4)C3)c12,7.203641085,0.695103312,Active,0.721311475,TRUE
Cn1cc(-c2nc3ccc(-c4ccccc4)nc3n2-c2ccc(C3(N)CCC3)cc2)cn1,Cn1cc(-c2nc3ccc(-c4ccccc4)nc3n2-c2ccc(C3(N)CCC3)cc2)cn1,7.757092946,0.695155823,Active,0.79245283,TRUE
CNC(=O)C1(N)CCN(c2ncnc3[nH]cc(Cl)c23)CC1,CNC(=O)C1(N)CCN(c2ncnc3[nH]cc(Cl)c23)CC1,7.370646913,0.695273662,Active,0.689655172,TRUE
Cc1n[nH]c2ccc(-c3cncc(OCC(N)Cc4c(F)cc(F)cc4F)c3)cc2c1=O,Cc1n[nH]c2ccc(-c3cncc(OCC(N)Cc4c(F)cc(F)cc4F)c3)cc2c1=O,7.115904287,0.695315742,Active,0.881355932,TRUE
Cn1ncc(Cl)c1-c1nc(C(=O)NC2CNCCC2c2cccc(F)c2)oc1Cl,Cn1ncc(Cl)c1-c1nc(C(=O)NC2CNCCC2c2cccc(F)c2)oc1Cl,7.496078115,0.695345962,Active,0.708333333,TRUE
NC1(C(=O)NCc2c(F)cccc2F)CCN(c2ncnc3[nH]ccc23)CC1,NC1(C(=O)NCc2c(F)cccc2F)CCN(c2ncnc3[nH]ccc23)CC1,7.330714707,0.695479536,Active,0.7,TRUE
O=C(NC1CNCCC1c1ccsc1)c1ccc2c(c1)OCCn1nccc1-2,O=C(NC1CNCCC1c1ccsc1)c1ccc2c(c1)OCCn1nccc1-2,8.320195177,0.695504689,Active,0.764705882,TRUE
N#CCc1c(N)ncnc1N1CCC(c2nc(-c3ccnc(C(F)(F)F)c3)cn2CCNCCO)CC1,N#CCc1c(N)ncnc1N1CCC(c2nc(-c3ccnc(C(F)(F)F)c3)cn2CCNCCO)CC1,7.870572803,0.695606732,Active,0.695121951,TRUE
NC1(C(=O)NCCc2c(F)cccc2F)CCN(c2ncnc3[nH]ccc23)CC1,NC1(C(=O)NCCc2c(F)cccc2F)CCN(c2ncnc3[nH]ccc23)CC1,7.467246097,0.695675337,Active,0.625,TRUE
Nc1[nH]nc2ccc(-c3cncc(OCC(N)Cc4cccc(F)c4F)c3)nc12,Nc1[nH]nc2ccc(-c3cncc(OCC(N)Cc4cccc(F)c4F)c3)nc12,7.287716249,0.69573077,Active,0.632352941,TRUE
COCCn1cc(-c2ccc(F)c(C(F)(F)F)c2)nc1C1CCN(c2ncnc(N)c2Cl)CC1,COCCn1cc(-c2ccc(F)c(C(F)(F)F)c2)nc1C1CCN(c2ncnc(N)c2Cl)CC1,7.311430842,0.695783222,Active,0.794520548,TRUE
CNC(=O)CCn1cc(-c2ccc(F)c(C)c2)nc1C1CCN(c2ncncc2C)CC1,CNC(=O)CCn1cc(-c2ccc(F)c(C)c2)nc1C1CCN(c2ncncc2C)CC1,7.261638493,0.69605031,Active,0.617283951,TRUE
O=C(Cc1nc(N2CCOCC2)cc(=O)n1-c1ccccc1)N1c2ccccc2CC1c1cccnc1,O=C(Cc1nc(N2CCOCC2)cc(=O)n1-c1ccccc1)N1c2ccccc2CC1c1cccnc1,7.082010359,0.696092451,Active,0.625,TRUE
NC1(c2ccc(-c3nc4c(Br)nc(Br)cn4c3-c3ccccc3)cc2)CCC1,NC1(c2ccc(-c3nc4c(Br)nc(Br)cn4c3-c3ccccc3)cc2)CCC1,7.243221588,0.696094298,Active,0.759259259,TRUE
Cn1ncc(Cl)c1-c1ccc(C(=O)NC2CNCCC2c2cccc(F)c2)c(F)c1,Cn1ncc(Cl)c1-c1ccc(C(=O)NC2CNCCC2c2cccc(F)c2)c(F)c1,7.251824159,0.696138525,Active,0.805970149,TRUE
Cc1c(F)cc(-c2cn(CCN3CCC3)c(C3CCN(c4ncnc(N)c4C)CC3)n2)cc1F,Cc1c(F)cc(-c2cn(CCN3CCC3)c(C3CCN(c4ncnc(N)c4C)CC3)n2)cc1F,7.287500779,0.696138942,Active,0.742857143,TRUE
CC1CC(c2nc(-c3cc(F)c(F)c(F)c3)cn2CCN(C)C)CCN1c1ncnc(N)c1C#N,CC1CC(c2nc(-c3cc(F)c(F)c(F)c3)cn2CCN(C)C)CCN1c1ncnc(N)c1C#N,7.519189594,0.696173871,Active,0.641975309,TRUE
Cn1ncc(-c2ccc(C(=O)NC3CNCCC3c3ccc(F)c(F)c3)cc2)c1Cl,Cn1ncc(-c2ccc(C(=O)NC3CNCCC3c3ccc(F)c(F)c3)cc2)c1Cl,7.266445542,0.696333671,Active,0.784615385,TRUE
Cn1ncc(Cl)c1-c1cc(F)c(C(=O)NC2CNCCC2c2cccc(Cl)c2)cc1F,Cn1ncc(Cl)c1-c1cc(F)c(C(=O)NC2CNCCC2c2cccc(Cl)c2)cc1F,7.175109108,0.696363115,Active,0.848484848,TRUE
Cn1nccc1-c1cccc(C(=O)NC2CNCCC2c2ccc(F)cc2)c1CO,Cn1nccc1-c1cccc(C(=O)NC2CNCCC2c2ccc(F)cc2)c1CO,7.131199834,0.696395719,Active,0.705882353,TRUE
Cn1cc(-c2cn(CCN3CCC3)c(C3CCN(c4ncnc(N)c4Cl)CC3)n2)cc1Br,Cn1cc(-c2cn(CCN3CCC3)c(C3CCN(c4ncnc(N)c4Cl)CC3)n2)cc1Br,7.412768327,0.696409965,Active,0.708333333,TRUE
Cn1c(CC(=O)N2CCc3c(F)cccc32)nc(N2CCOCC2)c1OCc1cccc(F)c1,Cn1c(CC(=O)N2CCc3c(F)cccc32)nc(N2CCOCC2)c1OCc1cccc(F)c1,7.135333866,0.696462893,Active,0.666666667,TRUE
Cn1ncc(Cl)c1-c1cnc(C(=O)NC2CNCCC2c2cccc(F)c2)s1,Cn1ncc(Cl)c1-c1cnc(C(=O)NC2CNCCC2c2cccc(F)c2)s1,7.867131914,0.696694279,Active,0.797101449,TRUE
COc1ccc(-n2c(CC(=O)N3CCc4cc(F)ccc43)nc(N3CCOCC3)cc2=O)cc1,COc1ccc(-n2c(CC(=O)N3CCc4cc(F)ccc43)nc(N3CCOCC3)cc2=O)cc1,7.421698654,0.696766758,Active,0.657142857,TRUE
CC1SCc2ncnc(N3CCN(C(=O)C(Cc4ccc(Cl)cc4)CN4CCC(F)(F)CC4)CC3)c21,CC1SCc2ncnc(N3CCN(C(=O)C(Cc4ccc(Cl)cc4)CN4CCC(F)(F)CC4)CC3)c21,7.217919991,0.696773016,Active,0.838235294,TRUE
NCCn1cc(-c2ccc(F)c(Cl)c2)nc1C1CCN(c2cc(N)ncn2)CC1,NCCn1cc(-c2ccc(F)c(Cl)c2)nc1C1CCN(c2cc(N)ncn2)CC1,7.661902174,0.696803653,Active,0.723076923,TRUE
CCn1c(-c2nonc2N)nc2c(C#CC(C)(C)C)ncc(C)c21,CCn1c(-c2nonc2N)nc2c(C#CC(C)(C)C)ncc(C)c21,7.419602105,0.696821713,Active,0.640625,TRUE
Cn1c(CC(=O)N2CCc3c(F)cccc32)nc(N2CCOCC2)c1Cc1ccccc1F,Cn1c(CC(=O)N2CCc3c(F)cccc32)nc(N2CCOCC2)c1Cc1ccccc1F,7.066381074,0.696891987,Active,0.727272727,TRUE
COc1ccc(-c2cn(CCN3CCC3)c(C3CCN(c4ncncc4F)CC3)n2)cc1F,COc1ccc(-c2cn(CCN3CCC3)c(C3CCN(c4ncncc4F)CC3)n2)cc1F,7.023169826,0.697059894,Active,0.723684211,TRUE
Cn1nc(-c2ccc(C(=O)NC3CNCCC3c3ccc(F)c(F)c3)c(F)c2)ccc1=O,Cn1nc(-c2ccc(C(=O)NC3CNCCC3c3ccc(F)c(F)c3)c(F)c2)ccc1=O,7.281590238,0.697108829,Active,0.71641791,TRUE
NC1(c2ccc(-c3nc4c(Br)cccn4c3Br)cc2)CCC1,NC1(c2ccc(-c3nc4c(Br)cccn4c3Br)cc2)CCC1,7.331235764,0.697114015,Active,0.760869565,TRUE
NC1(C(=O)NCc2cc(F)cc(F)c2)CCN(c2ncnc3[nH]ccc23)C1,NC1(C(=O)NCc2cc(F)cc(F)c2)CCN(c2ncnc3[nH]ccc23)C1,7.264645004,0.697126532,Active,0.677419355,TRUE
Cn1ncc(Br)c1-c1cc(C(=O)NC2CNCCC2c2cc(F)c(F)c(F)c2)no1,Cn1ncc(Br)c1-c1cc(C(=O)NC2CNCCC2c2cc(F)c(F)c(F)c2)no1,7.296011185,0.697140658,Active,0.602739726,TRUE
Cc1[nH]nc2c(C)cc(-c3cncc(OCC(N)Cc4ccccc4)c3)cc12,Cc1[nH]nc2c(C)cc(-c3cncc(OCC(N)Cc4ccccc4)c3)cc12,7.311650049,0.697144592,Active,0.672131148,TRUE
NC1(C(=O)NC(=O)c2ccc(F)cc2F)CCN(c2ncnc3[nH]ccc23)CC1,NC1(C(=O)NC(=O)c2ccc(F)cc2F)CCN(c2ncnc3[nH]ccc23)CC1,7.181363803,0.69717207,Active,0.621212121,TRUE
CNCC(Nc1ncnc2c(C(N)=O)cc(Br)cc12)c1ccc(F)c(F)c1,CNCC(Nc1ncnc2c(C(N)=O)cc(Br)cc12)c1ccc(F)c(F)c1,7.464775355,0.697321618,Active,0.630769231,TRUE
Nc1cc(N2CCC(c3nc(-c4ccc(F)c(C(F)(F)F)c4)cn3CC(=O)NCC(F)(F)F)CC2)ncn1,Nc1cc(N2CCC(c3nc(-c4ccc(F)c(C(F)(F)F)c4)cn3CC(=O)NCC(F)(F)F)CC2)ncn1,7.2440151,0.697362685,Active,0.688311688,TRUE
Cn1nc(C(F)(F)F)c2cc(-c3cncc(OCC(N)Cc4c[nH]c5ccccc45)c3)cnc21,Cn1nc(C(F)(F)F)c2cc(-c3cncc(OCC(N)Cc4c[nH]c5ccccc45)c3)cnc21,7.829659752,0.69737401,Active,0.694444444,TRUE
CN(CCn1cc(-c2ccc(F)c(C(F)(F)F)c2)nc1C1CCN(c2ncnc(N)c2Cl)CC1)S(=O)(=O)C1CC1,CN(CCn1cc(-c2ccc(F)c(C(F)(F)F)c2)nc1C1CCN(c2ncnc(N)c2Cl)CC1)S(=O)(=O)C1CC1,7.666343971,0.697407508,Active,0.716049383,TRUE
CC(=O)NCCn1cc(-c2ccc(F)c(C(F)(F)F)c2)nc1C1CCN(c2cc(N)ncn2)CC1,CC(=O)NCCn1cc(-c2ccc(F)c(C(F)(F)F)c2)nc1C1CCN(c2cc(N)ncn2)CC1,7.690833759,0.697420263,Active,0.733333333,TRUE
Cn1cc(-c2ccc(C(=O)NC3CNCCC3c3ccc(F)c(F)c3)cc2F)cn1,Cn1cc(-c2ccc(C(=O)NC3CNCCC3c3ccc(F)c(F)c3)cc2F)cn1,7.718328462,0.697420859,Active,0.727272727,TRUE
Cc1cc(-c2cn(CCN3CCC3)c(C3CCN(c4ncnc(N)c4Cl)CC3)n2)ccc1S(C)(=O)=O,Cc1cc(-c2cn(CCN3CCC3)c(C3CCN(c4ncnc(N)c4Cl)CC3)n2)ccc1S(C)(=O)=O,7.623804269,0.697452509,Active,0.693333333,TRUE
CC(C)c1c(N)ncnc1N1CCC(c2nc(-c3ccccc3)cn2CCN2CCC2)C(F)C1,CC(C)c1c(N)ncnc1N1CCC(c2nc(-c3ccccc3)cn2CCN2CCC2)C(F)C1,7.359468073,0.69748404,Active,0.786666667,TRUE
Nc1ncnc(N2CCC(c3nc(-c4cc[nH]c(=O)c4)cn3CCN3CCCC3)CC2)c1Cl,Nc1ncnc(N2CCC(c3nc(-c4cc[nH]c(=O)c4)cn3CCN3CCCC3)CC2)c1Cl,7.236134029,0.697502935,Active,0.763888889,TRUE
O=C(NC1CNCCC1c1ccccc1)c1ccc2c(c1)OCCn1nccc1-2,O=C(NC1CNCCC1c1ccccc1)c1ccc2c(c1)OCCn1nccc1-2,8.289174591,0.697570109,Active,0.8125,TRUE
Cn1nc(-c2ccc(C(=O)NC3CNCCC3c3cccc(F)c3)cc2)nc1C1CC1,Cn1nc(-c2ccc(C(=O)NC3CNCCC3c3cccc(F)c3)cc2)nc1C1CC1,7.031767845,0.697590554,Active,0.661971831,TRUE
Cc1cc(-c2cn(CCCn3ccnc3C)c(C3CCN(c4ncnc(N)c4C)CC3)n2)ccc1F,Cc1cc(-c2cn(CCCn3ccnc3C)c(C3CCN(c4ncnc(N)c4C)CC3)n2)ccc1F,7.43694502,0.697650456,Active,0.641025641,TRUE
N#Cc1c(N)ncnc1N1CCC(c2nc(-c3ccnc(C(F)(F)F)c3)cn2CCC(N)=O)CC1,N#Cc1c(N)ncnc1N1CCC(c2nc(-c3ccnc(C(F)(F)F)c3)cn2CCC(N)=O)CC1,7.784692914,0.697839224,Active,0.789473684,TRUE
Cc1ncc(-c2cn(CCN3CCC3)c(C3CCN(c4ncnc(N)c4C)CC3)n2)cc1F,Cc1ncc(-c2cn(CCN3CCC3)c(C3CCN(c4ncnc(N)c4C)CC3)n2)cc1F,7.238097054,0.697876894,Active,0.702702703,TRUE
Cc1cc2c(cn1)nn1cc(-c3ccccc3)c(-c3ccc(C4(N)CCC4)cc3)nc21,Cc1cc2c(cn1)nn1cc(-c3ccccc3)c(-c3ccc(C4(N)CCC4)cc3)nc21,7.151901916,0.698060715,Active,0.741935484,TRUE
NC(=O)c1cccc2c(NC(CN3CCC3C(N)=O)c3ccc(F)c(Cl)c3)ncnc12,NC(=O)c1cccc2c(NC(CN3CCC3C(N)=O)c3ccc(F)c(Cl)c3)ncnc12,7.532329238,0.698110127,Active,0.676056338,TRUE
Cn1ncc(-c2ccc(C(=O)NC3CNCCC3c3ccc(F)c(F)c3)c(F)c2)c1C#N,Cn1ncc(-c2ccc(C(=O)NC3CNCCC3c3ccc(F)c(F)c3)c(F)c2)c1C#N,7.414807225,0.698180699,Active,0.7,TRUE
Nc1ncnc(N2CCC(c3nc(-c4cc(F)c(F)c(F)c4)cn3CCN3CCC3)CC2)c1OCC(F)(F)F,Nc1ncnc(N2CCC(c3nc(-c4cc(F)c(F)c(F)c4)cn3CCN3CCC3)CC2)c1OCC(F)(F)F,7.430998686,0.698202515,Active,0.77027027,TRUE
COc1c(N)ncnc1N1CCC(c2nc(-c3ccc(F)c(F)c3)cn2CCCN(C)C)CC1,COc1c(N)ncnc1N1CCC(c2nc(-c3ccc(F)c(F)c3)cn2CCCN(C)C)CC1,7.590128425,0.698207343,Active,0.701298701,TRUE
CNC(=O)Cn1cc(-c2ccc(F)c(C(F)(F)F)c2)nc1C1CCN(c2ncnc(N)c2C#N)CC1,CNC(=O)Cn1cc(-c2ccc(F)c(C(F)(F)F)c2)nc1C1CCN(c2ncnc(N)c2C#N)CC1,7.896951322,0.698223555,Active,0.784810127,TRUE
Cc1cnn(C)c1-c1ncc(C(=O)NC2CNCCC2c2ccc(Cl)cc2)o1,Cc1cnn(C)c1-c1ncc(C(=O)NC2CNCCC2c2ccc(Cl)cc2)o1,7.17754125,0.698606157,Active,0.701492537,TRUE
CC(NC(=O)c1cc(-c2c(Cl)cnn2C)c(Cl)o1)c1ccc(F)c(F)c1,CC(NC(=O)c1cc(-c2c(Cl)cnn2C)c(Cl)o1)c1ccc(F)c(F)c1,7.318310198,0.698694193,Active,0.676923077,TRUE
CCOc1cc(-c2cn(CCN(C)C)c(C3CCN(c4ncnc(N)c4C(N)=O)CC3)n2)ccc1F,CCOc1cc(-c2cn(CCN(C)C)c(C3CCN(c4ncnc(N)c4C(N)=O)CC3)n2)ccc1F,7.348053721,0.698715413,Active,0.815789474,TRUE
CC(NC(=O)C1(C(=O)N(C)C)CCN(c2ncnc3[nH]ccc23)CC1)c1ccc(F)c(F)c1,CC(NC(=O)C1(C(=O)N(C)C)CCN(c2ncnc3[nH]ccc23)CC1)c1ccc(F)c(F)c1,7.316858444,0.698724771,Active,0.628571429,TRUE
O=C(NC1CCCCC1)NC1CCN(c2ncnc3[nH]cc(Cl)c23)C1,O=C(NC1CCCCC1)NC1CCN(c2ncnc3[nH]cc(Cl)c23)C1,7.138919848,0.698736036,Active,0.634615385,TRUE
Cn1ncc(-c2ccc(C(=O)NC3CNCCC3c3cccc(F)c3)cc2)c1Cl,Cn1ncc(-c2ccc(C(=O)NC3CNCCC3c3cccc(F)c3)cc2)c1Cl,7.17452829,0.698859179,Active,0.787878788,TRUE
NC(=O)c1ccc2nc(-c3ccc(C4(N)CCC4)cc3F)c(-c3ccccc3)n2n1,NC(=O)c1ccc2nc(-c3ccc(C4(N)CCC4)cc3F)c(-c3ccccc3)n2n1,7.363365096,0.698880517,Active,0.745762712,TRUE
Cn1nccc1-c1cc(C(=O)NC2CNCCC2c2cc(F)cc(Cl)c2)c(Cl)cc1F,Cn1nccc1-c1cc(C(=O)NC2CNCCC2c2cc(F)cc(Cl)c2)c(Cl)cc1F,7.493761714,0.698882186,Active,0.724637681,TRUE
N#Cc1ccccc1-c1cn(CCN2CCC2)c(C2CCN(c3ncnc(N)c3C(F)(F)F)CC2)n1,N#Cc1ccccc1-c1cn(CCN2CCC2)c(C2CCN(c3ncnc(N)c3C(F)(F)F)CC2)n1,7.38499965,0.698927069,Active,0.693333333,TRUE
Cn1nc(-c2cc(F)c(C(=O)NC3CNCCC3c3ccc(F)cc3)cc2F)c2c1CCC2,Cn1nc(-c2cc(F)c(C(=O)NC3CNCCC3c3ccc(F)cc3)cc2F)c2c1CCC2,7.299937664,0.699105287,Active,0.671428571,TRUE
NC(Cc1c(F)cc(F)cc1F)C(=O)N1CCN(c2ncnc3[nH]ccc23)CC1,NC(Cc1c(F)cc(F)cc1F)C(=O)N1CCN(c2ncnc3[nH]ccc23)CC1,7.663006435,0.699111247,Active,0.683333333,TRUE
Cc1cc(-c2ccnn2C)cc(C(=O)NC2CNCCC2c2ccc(F)c(F)c2)n1,Cc1cc(-c2ccnn2C)cc(C(=O)NC2CNCCC2c2ccc(F)c(F)c2)n1,7.295773569,0.699261928,Active,0.769230769,TRUE
CC(NC(=O)C1(N)CCN(c2ncnc3[nH]ccc23)CC1)c1ccc(-c2ccccc2S(N)(=O)=O)cc1,CC(NC(=O)C1(N)CCN(c2ncnc3[nH]ccc23)CC1)c1ccc(-c2ccccc2S(N)(=O)=O)cc1,7.263084971,0.699351394,Active,0.742424242,TRUE
CCCOn1c(CC(=O)N2CCc3ccccc32)nc(N2CCOCC2)cc1=O,CCCOn1c(CC(=O)N2CCc3ccccc32)nc(N2CCOCC2)cc1=O,7.26316982,0.699424112,Active,0.73015873,TRUE
NC(COc1cncc(-c2ccc3[nH]nc(-c4ccc(F)cc4)c3c2)c1)Cc1ccccc1,NC(COc1cncc(-c2ccc3[nH]nc(-c4ccc(F)cc4)c3c2)c1)Cc1ccccc1,7.144208988,0.699554169,Active,0.762711864,TRUE
CNCCn1cc(-c2ccnc(F)c2)nc1C1CCN(c2ncnc(N)c2Cl)CC1,CNCCn1cc(-c2ccnc(F)c2)nc1C1CCN(c2ncnc(N)c2Cl)CC1,7.619300377,0.699582064,Active,0.814285714,TRUE
O=C(Cc1nc(N2CCOCC2)cc(=O)n1C1CC1)N1CCc2ccc(F)cc21,O=C(Cc1nc(N2CCOCC2)cc(=O)n1C1CC1)N1CCc2ccc(F)cc21,7.175281816,0.699763381,Active,0.761904762,TRUE
O=C(Cc1nc(N2CCOCC2)cc(=O)n1-c1ccccc1F)N1CCc2ccccc21,O=C(Cc1nc(N2CCOCC2)cc(=O)n1-c1ccccc1F)N1CCc2ccccc21,7.106564785,0.699773991,Active,0.813559322,TRUE
CNS(=O)(=O)c1cc(Cl)ccc1-c1ccc(C(=O)NC2CNCCC2c2cccc(F)c2)s1,CNS(=O)(=O)c1cc(Cl)ccc1-c1ccc(C(=O)NC2CNCCC2c2cccc(F)c2)s1,7.408238806,0.699864173,Active,0.607594937,TRUE
NC(=O)c1ccc(-c2cn(CCN3CCC3)c(C3CCN(c4ncnc(N)c4F)CC3)n2)cc1Cl,NC(=O)c1ccc(-c2cn(CCN3CCC3)c(C3CCN(c4ncnc(N)c4F)CC3)n2)cc1Cl,7.56977439,0.700050437,Active,0.763157895,TRUE
O=C(Cc1nc(N2CCOCC2)cc(=O)n1-c1ccc(F)cc1)N1CCc2cc(F)c(F)cc21,O=C(Cc1nc(N2CCOCC2)cc(=O)n1-c1ccc(F)cc1)N1CCc2cc(F)c(F)cc21,7.125189449,0.700127327,Active,0.73015873,TRUE
CC1CCc2ncnc(N3CCC(N)(C(=O)NC(C)c4ccc(F)cc4)CC3)c21,CC1CCc2ncnc(N3CCC(N)(C(=O)NC(C)c4ccc(F)cc4)CC3)c21,7.109865866,0.700165176,Active,0.641791045,TRUE
Cc1cc(-c2cn(CCCC(N)=O)c(C3CCN(c4ncnc(N)c4F)CC3)n2)ccc1F,Cc1cc(-c2cn(CCCC(N)=O)c(C3CCN(c4ncnc(N)c4F)CC3)n2)ccc1F,7.306213067,0.700408363,Active,0.72972973,TRUE
Cc1c[nH]c2ncnc(N3CCC(CNC(=O)c4cccc(F)c4)C3)c12,Cc1c[nH]c2ncnc(N3CCC(CNC(=O)c4cccc(F)c4)C3)c12,7.116817451,0.700419092,Active,0.652777778,TRUE
Cn1ncc(Cl)c1-c1csc(C(=O)NC2CNCCC2c2cncc(F)c2)c1,Cn1ncc(Cl)c1-c1csc(C(=O)NC2CNCCC2c2cncc(F)c2)c1,8.048805245,0.70066216,Active,0.823529412,TRUE
CN(C)CCn1cc(-c2ccc(F)c(C(F)(F)F)c2)nc1C1CCN(c2ncccc2C(N)=O)CC1,CN(C)CCn1cc(-c2ccc(F)c(C(F)(F)F)c2)nc1C1CCN(c2ncccc2C(N)=O)CC1,7.197416197,0.700688267,Active,0.7375,TRUE
Cc1cc(-c2c(C(=O)NC3CNCCC3c3ccc(F)c(F)c3)cnn2C)nc(C)n1,Cc1cc(-c2c(C(=O)NC3CNCCC3c3ccc(F)c(F)c3)cnn2C)nc(C)n1,7.292541351,0.700729752,Active,0.635135135,TRUE
Cc1[nH]nc2ccc(-c3cncc(OCC(N)Cc4cnc5ccccc5c4)c3)cc12,Cc1[nH]nc2ccc(-c3cncc(OCC(N)Cc4cnc5ccccc5c4)c3)cc12,7.689252828,0.700843656,Active,0.606060606,TRUE
Cn1c(CC(=O)N2CCc3c(Cl)cccc32)nc(N2CCOCC2)c1O,Cn1c(CC(=O)N2CCc3c(Cl)cccc32)nc(N2CCOCC2)c1O,7.311154765,0.700945699,Active,0.73015873,TRUE
NC1(C(=O)NC(Cc2ccc(F)cc2)C(=O)NC2CCCCC2)CCN(c2ncnc3[nH]ccc23)CC1,NC1(C(=O)NC(Cc2ccc(F)cc2)C(=O)NC2CCCCC2)CCN(c2ncnc3[nH]ccc23)CC1,7.463539248,0.700967574,Active,0.616438356,TRUE
O=C(Cc1nc(N2CCOCC2)cc(=O)n1-c1ccccc1Cl)Nc1ccc(F)c(Br)c1,O=C(Cc1nc(N2CCOCC2)cc(=O)n1-c1ccccc1Cl)Nc1ccc(F)c(Br)c1,7.058658605,0.701015675,Active,0.705882353,TRUE
NC(=O)c1c(N)ncnc1N1CCC(c2nc(-c3ccc(F)c(Cl)c3)cn2CCN2CCC2=O)CC1,NC(=O)c1c(N)ncnc1N1CCC(c2nc(-c3ccc(F)c(Cl)c3)cn2CCN2CCC2=O)CC1,7.587457346,0.701064432,Active,0.802631579,TRUE
Nc1cc(N2CCC(c3nc(-c4ccc(F)c(C(F)(F)F)c4)cn3CC(=O)N3CCCC3)CC2)ncn1,Nc1cc(N2CCC(c3nc(-c4ccc(F)c(C(F)(F)F)c4)cn3CC(=O)N3CCCC3)CC2)ncn1,7.333598074,0.701097751,Active,0.753424658,TRUE
CCc1c(N)ncnc1N1CCC(c2nc(-c3ccc(F)nc3)cn2CCNC(C)(C)C)CC1,CCc1c(N)ncnc1N1CCC(c2nc(-c3ccc(F)nc3)cn2CCNC(C)(C)C)CC1,7.547823147,0.701167309,Active,0.631578947,TRUE
Cn1ncc(Br)c1-c1cc(F)c(C(=O)NC2CNCCC2c2ccccc2)cc1F,Cn1ncc(Br)c1-c1cc(F)c(C(=O)NC2CNCCC2c2ccccc2)cc1F,7.084808512,0.701252246,Active,0.830769231,TRUE
Cc1nc(C(N)=O)cc(N2CCC(c3nc(-c4ccc(F)c(F)c4)cn3CCN3CCCC3)CC2)n1,Cc1nc(C(N)=O)cc(N2CCC(c3nc(-c4ccc(F)c(F)c4)cn3CCN3CCCC3)CC2)n1,7.377908316,0.701414311,Active,0.649350649,TRUE
CNCCn1cc(-c2ccc(F)c(F)c2)nc1C1CCN(c2ncnc(N)c2C(F)(F)F)CC1,CNCCn1cc(-c2ccc(F)c(F)c2)nc1C1CCN(c2ncnc(N)c2C(F)(F)F)CC1,7.589377416,0.701430941,Active,0.714285714,TRUE
Cn1ncc(Cl)c1-c1cc(F)c(C(=O)NC2CNCCC2c2ccc(Cl)s2)cc1F,Cn1ncc(Cl)c1-c1cc(F)c(C(=O)NC2CNCCC2c2ccc(Cl)s2)cc1F,7.311095309,0.701470578,Active,0.742857143,TRUE
NC1(C(=O)NCc2ccc(F)c(F)c2F)CCN(c2ncnc3[nH]ccc23)CC1,NC1(C(=O)NCc2ccc(F)c(F)c2F)CCN(c2ncnc3[nH]ccc23)CC1,7.392918623,0.70147779,Active,0.704918033,TRUE
N#Cc1c(N)ncnc1N1CCC(c2nc(-c3ccc(C(F)(F)F)c(F)c3)cn2CC2CCC2)CC1,N#Cc1c(N)ncnc1N1CCC(c2nc(-c3ccc(C(F)(F)F)c(F)c3)cn2CC2CCC2)CC1,7.097117352,0.701574349,Active,0.766233766,TRUE
CC(NC(=O)C1(F)CCN(c2ncnc3[nH]ccc23)CC1)c1ccc(F)c(Cl)c1,CC(NC(=O)C1(F)CCN(c2ncnc3[nH]ccc23)CC1)c1ccc(F)c(Cl)c1,7.459121603,0.701612318,Active,0.671641791,TRUE
Nc1ncnc(N2CCC(c3nc(-c4cnc(F)c(F)c4)cn3CCN3CCC3)CC2)c1Cl,Nc1ncnc(N2CCC(c3nc(-c4cnc(F)c(F)c4)cn3CCN3CCC3)CC2)c1Cl,7.874970842,0.701691175,Active,0.779411765,TRUE
Cn1nccc1-c1cc(C(=O)NC2CNCCC2c2cc(F)cc(Cl)c2)ccc1F,Cn1nccc1-c1cc(C(=O)NC2CNCCC2c2cc(F)cc(Cl)c2)ccc1F,7.602861129,0.701706135,Active,0.784615385,TRUE
NC(=O)c1c(N)ncnc1N1CCC(c2nc(-c3ccc(OC(F)F)c(Cl)c3)cn2CC(F)F)CC1,NC(=O)c1c(N)ncnc1N1CCC(c2nc(-c3ccc(OC(F)F)c(Cl)c3)cn2CC(F)F)CC1,7.007545802,0.701812053,Active,0.698795181,TRUE
O=C(Cc1nc(N2CCOCC2)cc(=O)n1C1CCCCC1)N1CCc2c(-c3cccnc3)cccc21,O=C(Cc1nc(N2CCOCC2)cc(=O)n1C1CCCCC1)N1CCc2c(-c3cccnc3)cccc21,7.267893153,0.701822245,Active,0.68,TRUE
Cc1c(-c2ccc(C(=O)NC3CNCCC3c3ccc(F)c(F)c3)cn2)cnn1C,Cc1c(-c2ccc(C(=O)NC3CNCCC3c3ccc(F)c(F)c3)cn2)cnn1C,7.301828154,0.701909745,Active,0.76119403,TRUE
Cn1nccc1-c1ccc(C(=O)NC2CNCC2c2cc(F)c(Cl)c(F)c2)c(F)c1,Cn1nccc1-c1ccc(C(=O)NC2CNCC2c2cc(F)c(Cl)c(F)c2)c(F)c1,7.196328082,0.702027643,Active,0.71875,TRUE
NC(COc1cncc(-c2ccc3[nH]nc(-c4cncnc4)c3c2)c1)Cc1ccccc1F,NC(COc1cncc(-c2ccc3[nH]nc(-c4cncnc4)c3c2)c1)Cc1ccccc1F,7.240021245,0.702203298,Active,0.707692308,TRUE
O=C(NC1CNCCC1c1ccc(F)nc1)c1ccc2c(c1)OCCn1nccc1-2,O=C(NC1CNCCC1c1ccc(F)nc1)c1ccc2c(c1)OCCn1nccc1-2,8.264729791,0.702204072,Active,0.797101449,TRUE
CCOc1cc(-c2cn(CCN3CCC3)c(C3CCN(c4ncnc(N)c4C(N)=O)CC3)n2)ccc1F,CCOc1cc(-c2cn(CCN3CCC3)c(C3CCN(c4ncnc(N)c4C(N)=O)CC3)n2)ccc1F,7.564559477,0.70227232,Active,0.88,TRUE
CNC(=O)CCn1cc(-c2ccc(F)c(C(F)(F)F)c2)nc1C1CCN(c2ncnc(N)c2Cl)CC1,CNC(=O)CCn1cc(-c2ccc(F)c(C(F)(F)F)c2)nc1C1CCN(c2ncnc(N)c2Cl)CC1,7.684804442,0.702282453,Active,0.743589744,TRUE
Cn1cc(-c2cccc(-c3cn(CCN4CCC4)c(C4CCN(c5ncnc(N)c5Cl)CC4)n3)c2)cn1,Cn1cc(-c2cccc(-c3cn(CCN4CCC4)c(C4CCN(c5ncnc(N)c5Cl)CC4)n3)c2)cn1,7.298290226,0.702440286,Active,0.75,TRUE
Cn1cc(-c2nc3ccc(-c4cccnc4)nc3n2-c2ccc(C3(N)CCC3)cc2)cn1,Cn1cc(-c2nc3ccc(-c4cccnc4)nc3n2-c2ccc(C3(N)CCC3)cc2)cn1,7.563892828,0.702661002,Active,0.766666667,TRUE
Cn1ncc(Cl)c1-c1cc(C(=O)NC2CNCCC2c2ccncc2)oc1Cl,Cn1ncc(Cl)c1-c1cc(C(=O)NC2CNCCC2c2ccncc2)oc1Cl,7.765248497,0.702663505,Active,0.857142857,TRUE
Cc1cc(-c2cn(CCN3CCC3)c(C3CCN(c4cc(N(C)C)ncn4)CC3)n2)ccc1F,Cc1cc(-c2cn(CCN3CCC3)c(C3CCN(c4cc(N(C)C)ncn4)CC3)n2)ccc1F,7.129378864,0.702991211,Active,0.666666667,TRUE
Cn1nccc1-c1ccccc1C(=O)NC1CNCCC1c1cccc(F)c1,Cn1nccc1-c1ccccc1C(=O)NC1CNCCC1c1cccc(F)c1,7.157942316,0.703492129,Active,0.705882353,TRUE
CC1CCc2ncnc(N3CCN(C(=O)C(CNC(=O)C4CCC(F)(F)CC4)c4ccc(F)cc4)CC3)c21,CC1CCc2ncnc(N3CCN(C(=O)C(CNC(=O)C4CCC(F)(F)CC4)c4ccc(F)cc4)CC3)c21,7.033295019,0.703527176,Active,0.626666667,TRUE
Cn1nc(-c2ccc(C(=O)NC3CNCCC3c3cc(F)cc(F)c3)cc2F)c2cccnc21,Cn1nc(-c2ccc(C(=O)NC3CNCCC3c3cc(F)cc(F)c3)cc2F)c2cccnc21,7.53252198,0.703606331,Active,0.666666667,TRUE
CNCCn1cc(-c2ccc(F)c(C(F)(F)F)c2)nc1C1CCN(c2cc(N)ncn2)CC1,CNCCn1cc(-c2ccc(F)c(C(F)(F)F)c2)nc1C1CCN(c2cc(N)ncn2)CC1,7.80297571,0.703760529,Active,0.785714286,TRUE
NC(Cc1ccc(F)c(F)c1)C(=O)N1CCN(c2ncnc3cccc(Cl)c23)CC1,NC(Cc1ccc(F)c(F)c1)C(=O)N1CCN(c2ncnc3cccc(Cl)c23)CC1,7.160495938,0.704019868,Active,0.741935484,TRUE
CC1Cc2ccc(F)cc2N1C(=O)Cc1nc(N2CCOCC2)cc(=O)n1C,CC1Cc2ccc(F)cc2N1C(=O)Cc1nc(N2CCOCC2)cc(=O)n1C,7.251347133,0.704054141,Active,0.868852459,TRUE
Cn1cc(Cl)c(-c2ccc(C(=O)NC3CNCCC3c3cccc(F)c3)cc2Cl)n1,Cn1cc(Cl)c(-c2ccc(C(=O)NC3CNCCC3c3cccc(F)c3)cc2Cl)n1,7.38087659,0.704237306,Active,0.630136986,TRUE
Cc1csc(N2CCC(c3nc(-c4ccc(F)c(OC(F)F)c4)cn3CCN3CCC3)CC2)n1,Cc1csc(N2CCC(c3nc(-c4ccc(F)c(OC(F)F)c4)cn3CCN3CCC3)CC2)n1,7.613689482,0.704259837,Active,0.611764706,TRUE
Cc1nc(C(=O)NC2CNCCC2c2cccc(F)c2)oc1-c1c(Br)cnn1C,Cc1nc(C(=O)NC2CNCCC2c2cccc(F)c2)oc1-c1c(Br)cnn1C,7.268477273,0.704291904,Active,0.702702703,TRUE
Nc1ncnc(N2CCC(c3nc(-c4ccc(F)c(Cl)c4)cn3CCN3CCC3)CC2)c1C(=O)N1CC(F)C1,Nc1ncnc(N2CCC(c3nc(-c4ccc(F)c(Cl)c4)cn3CCN3CCC3)CC2)c1C(=O)N1CC(F)C1,7.399213963,0.704498315,Active,0.828947368,TRUE
Cn1c(CC(=O)N2CCc3c(-c4ccccc4F)cccc32)nc(N2CCOCC2)cc1=O,Cn1c(CC(=O)N2CCc3c(-c4ccccc4F)cccc32)nc(N2CCOCC2)cc1=O,7.214899229,0.704626286,Active,0.85483871,TRUE
Cn1ncc(Cl)c1-c1cc(F)c(C(=O)NC2CNCCC2c2ccc(F)cc2)cc1F,Cn1ncc(Cl)c1-c1cc(F)c(C(=O)NC2CNCCC2c2ccc(F)cc2)cc1F,7.219241707,0.704635406,Active,0.859375,TRUE
CN(C)CCn1cc(-c2ccc(F)c(OC(F)(F)F)c2)nc1C1CCN(c2ncnc(N)c2C(N)=O)CC1,CN(C)CCn1cc(-c2ccc(F)c(OC(F)(F)F)c2)nc1C1CCN(c2ncnc(N)c2C(N)=O)CC1,7.313186804,0.704737091,Active,0.810126582,TRUE
O=C(NC1CNCCC1c1ccnnc1)c1cc2c(s1)CCCn1nccc1-2,O=C(NC1CNCCC1c1ccnnc1)c1cc2c(s1)CCCn1nccc1-2,8.518232127,0.70476737,Active,0.746478873,TRUE
Cc1[nH]nc2cnc(-c3cncc(OCC(N)Cc4cccc(-c5cccnc5)c4)c3)cc12,Cc1[nH]nc2cnc(-c3cncc(OCC(N)Cc4cccc(-c5cccnc5)c4)c3)cc12,7.508146652,0.704916501,Active,0.605633803,TRUE
Cc1ncc(CC(N)COc2cncc(-c3ccc4[nH]nc(C)c4c3)c2)cc1N(C)C,Cc1ncc(CC(N)COc2cncc(-c3ccc4[nH]nc(C)c4c3)c2)cc1N(C)C,7.396518653,0.704997146,Active,0.737704918,TRUE
CS(=O)(=O)c1ccc(-c2cn(CCN3CCC3)c(C3CCN(c4ncnc(N)c4Br)CC3)n2)cc1F,CS(=O)(=O)c1ccc(-c2cn(CCN3CCC3)c(C3CCN(c4ncnc(N)c4Br)CC3)n2)cc1F,7.626892426,0.705210173,Active,0.788732394,TRUE
Cc1nc(NC(CN2CCC2)c2ccc(F)cc2)c2cccc(C(N)=O)c2n1,Cc1nc(NC(CN2CCC2)c2ccc(F)cc2)c2cccc(C(N)=O)c2n1,7.411505764,0.705239499,Active,0.754098361,TRUE
Cn1ncc(Cl)c1-c1cc(C(=O)NC(CO)Cc2ccc(F)c(F)c2)sc1Cl,Cn1ncc(Cl)c1-c1cc(C(=O)NC(CO)Cc2ccc(F)c(F)c2)sc1Cl,7.577559648,0.705309594,Active,0.701492537,TRUE
Cc1nc(NC(CN2CCC2)c2cccc(F)c2)c2cccc(C(N)=O)c2n1,Cc1nc(NC(CN2CCC2)c2cccc(F)c2)c2cccc(C(N)=O)c2n1,7.376049963,0.705456817,Active,0.761904762,TRUE
Cc1c[nH]c2ncnc(N3CCN(C(C)C(=O)NCc4ccc(F)cc4)CC3)c12,Cc1c[nH]c2ncnc(N3CCN(C(C)C(=O)NCc4ccc(F)cc4)CC3)c12,7.049389277,0.705524051,Active,0.636363636,TRUE
Nc1ncnc(N2CCC(c3nc(-c4ccc(F)c(C(F)(F)F)c4)cn3CCN3CCCC3)CC2)c1C1CC1,Nc1ncnc(N2CCC(c3nc(-c4ccc(F)c(C(F)(F)F)c4)cn3CCN3CCCC3)CC2)c1C1CC1,7.892675229,0.705544674,Active,0.855072464,TRUE
CN(C)CCn1cc(-c2ccc(C(F)(F)F)nc2)nc1C1CCN(c2ncnc(N)c2C#N)CC1,CN(C)CCn1cc(-c2ccc(C(F)(F)F)nc2)nc1C1CCN(c2ncnc(N)c2C#N)CC1,7.650963831,0.705577576,Active,0.766233766,TRUE
CC1Cc2c(CF)cccc2N1C(=O)Cc1nc(N2CCOCC2)cc(=O)n1C,CC1Cc2c(CF)cccc2N1C(=O)Cc1nc(N2CCOCC2)cc(=O)n1C,7.278499662,0.705639267,Active,0.815384615,TRUE
Cc1ccc(-n2c(CC(=O)N3CCc4c(-c5ccccn5)cccc43)nc(N3CCOCC3)cc2=O)cc1,Cc1ccc(-n2c(CC(=O)N3CCc4c(-c5ccccn5)cccc43)nc(N3CCOCC3)cc2=O)cc1,7.221097538,0.70565387,Active,0.613333333,TRUE
CNC(=O)c1cc(C(=O)NC2CNCCC2c2ccc(F)c(F)c2)cc(-c2ccnn2C)c1,CNC(=O)c1cc(C(=O)NC2CNCCC2c2ccc(F)c(F)c2)cc(-c2ccnn2C)c1,7.368387153,0.70605942,Active,0.80952381,TRUE
Cn1ncc(Cl)c1-c1oc(C(=O)NC2CNCCC2c2ccc(F)cc2)cc1Br,Cn1ncc(Cl)c1-c1oc(C(=O)NC2CNCCC2c2ccc(F)cc2)cc1Br,7.406465274,0.706075633,Active,0.876923077,TRUE
Nc1cc(N2CCC(c3nc(-c4ccc(Cl)c(Cl)c4)cn3CCN3CCC3)CC2)ncn1,Nc1cc(N2CCC(c3nc(-c4ccc(Cl)c(Cl)c4)cn3CCN3CCC3)CC2)ncn1,7.39178304,0.706117594,Active,0.753846154,TRUE
O=C(c1cccc(Br)c1)N1CCN(c2ncnc3[nH]cc(Cl)c23)CC1,O=C(c1cccc(Br)c1)N1CCN(c2ncnc3[nH]cc(Cl)c23)CC1,7.224010277,0.706123555,Active,0.651515152,TRUE
NC(COc1cncc(-c2ccc3[nH]c(O)cc3c2)c1)Cc1ccc(Cl)c(F)c1,NC(COc1cncc(-c2ccc3[nH]c(O)cc3c2)c1)Cc1ccc(Cl)c(F)c1,7.365074668,0.70614537,Active,0.676470588,TRUE
NC1(C(=O)NCc2cc(F)ccc2F)CCN(c2ncnc3[nH]ccc23)C1,NC1(C(=O)NCc2cc(F)ccc2F)CCN(c2ncnc3[nH]ccc23)C1,7.244644254,0.706217134,Active,0.621212121,TRUE
CC1Cc2ccc(F)cc2N1C(=O)Cc1cc(OCC2CC2)c(F)c(N2CCOCC2)n1,CC1Cc2ccc(F)cc2N1C(=O)Cc1cc(OCC2CC2)c(F)c(N2CCOCC2)n1,7.18744247,0.706218982,Active,0.635135135,TRUE
Cc1nc(N)nc2c1nc(-c1ccc(N(C)C)nc1)c(=O)n2C1CC1,Cc1nc(N)nc2c1nc(-c1ccc(N(C)C)nc1)c(=O)n2C1CC1,7.307844892,0.706296527,Active,0.706896552,TRUE
Cc1[nH]nc2ncc(-c3cncc(OCC(N)Cc4c(F)cccc4F)c3)cc12,Cc1[nH]nc2ncc(-c3cncc(OCC(N)Cc4c(F)cccc4F)c3)cc12,7.219817215,0.706373894,Active,0.709677419,TRUE
O=C(Cc1nc(N2CCOCC2)cc(=O)n1C1CC1)Nc1ccc(F)c(Br)c1,O=C(Cc1nc(N2CCOCC2)cc(=O)n1C1CC1)Nc1ccc(F)c(Br)c1,7.079137045,0.706378007,Active,0.761904762,TRUE
Cn1nccc1-c1c(F)cccc1C(=O)NC1CNCCC1c1ccc(F)cc1,Cn1nccc1-c1c(F)cccc1C(=O)NC1CNCCC1c1ccc(F)cc1,7.391610497,0.7064695,Active,0.723076923,TRUE
NC1(C(=O)NCc2cnc(OCC(F)(F)F)c(F)c2)CCN(c2ncnc3[nH]ccc23)CC1,NC1(C(=O)NCc2cnc(OCC(F)(F)F)c(F)c2)CCN(c2ncnc3[nH]ccc23)CC1,7.283357216,0.706552708,Active,0.628571429,TRUE
NC1(C(=O)NCc2cc(Br)ccc2F)CCN(c2ncnc3[nH]ccc23)CC1,NC1(C(=O)NCc2cc(Br)ccc2F)CCN(c2ncnc3[nH]ccc23)CC1,7.513158523,0.706563973,Active,0.671875,TRUE
CCN(CC)CCn1cc(-c2ccc(F)c(F)c2)nc1C1CCN(c2ncccc2C(N)=O)CC1,CCN(CC)CCn1cc(-c2ccc(F)c(F)c2)nc1C1CCN(c2ncccc2C(N)=O)CC1,7.131002126,0.706590259,Active,0.646341463,TRUE
Cc1oc(-c2ccnn2C)cc1C(=O)NC1CNCCC1c1ccc(F)c(F)c1,Cc1oc(-c2ccnn2C)cc1C(=O)NC1CNCCC1c1ccc(F)c(F)c1,7.290904579,0.706607425,Active,0.742424242,TRUE
Cn1[nH]c2ccc(-c3cncc(OCC(N)Cc4cc(F)ccc4F)c3)cc2c1=O,Cn1[nH]c2ccc(-c3cncc(OCC(N)Cc4cc(F)ccc4F)c3)cc2c1=O,7.227494704,0.706883812,Active,0.605633803,TRUE
CNCCn1cc(-c2cccc(F)c2)nc1C1CCN(c2ncnc(N)c2C#N)CC1,CNCCn1cc(-c2cccc(F)c2)nc1C1CCN(c2ncnc(N)c2C#N)CC1,7.617407379,0.706963265,Active,0.794520548,TRUE
N#CCc1ccc(-c2cn(CCN3CCC3)c(C3CCN(c4cc(N)ncn4)CC3)n2)cc1F,N#CCc1ccc(-c2cn(CCN3CCC3)c(C3CCN(c4cc(N)ncn4)CC3)n2)cc1F,7.125843972,0.707033241,Active,0.768115942,TRUE
Cc1csc2c(N3CCN(C(=O)C(N)Cc4ccc(F)c(F)c4)CC3)ncnc12,Cc1csc2c(N3CCN(C(=O)C(N)Cc4ccc(F)c(F)c4)CC3)ncnc12,7.124611542,0.707093978,Active,0.636363636,TRUE
NC(=O)c1cc(N2CCC(c3nc(-c4ccc(F)c(F)c4)cn3CCN3CCCC3)CC2)ncc1F,NC(=O)c1cc(N2CCC(c3nc(-c4ccc(F)c(F)c4)cn3CCN3CCCC3)CC2)ncc1F,7.24761193,0.707172537,Active,0.7,TRUE
COc1cc(-c2cc3c(C)nc(N)nc3n(C3CCC(OCO)CC3)c2=O)ccc1C#N,COc1cc(-c2cc3c(C)nc(N)nc3n(C3CCC(OCO)CC3)c2=O)ccc1C#N,7.348686822,0.707218671,Active,0.708333333,TRUE
Cn1ncc(Cl)c1-c1oc(C(=O)NC2CNCCC2c2cccc(C(N)=O)c2)cc1Br,Cn1ncc(Cl)c1-c1oc(C(=O)NC2CNCCC2c2cccc(C(N)=O)c2)cc1Br,7.475369144,0.707227135,Active,0.763888889,TRUE
Nc1ncnc(N2CCC(c3nc(-c4ccc(F)c(C(F)(F)F)c4)cn3CCS)CC2)c1Cl,Nc1ncnc(N2CCC(c3nc(-c4ccc(F)c(C(F)(F)F)c4)cn3CCS)CC2)c1Cl,7.393497976,0.7072896,Active,0.84057971,TRUE
Cn1cc(-c2ccc(C(=O)NC3CNCCC3c3ccc(F)c(F)c3)cc2)cn1,Cn1cc(-c2ccc(C(=O)NC3CNCCC3c3ccc(F)c(F)c3)cc2)cn1,7.27074293,0.707402849,Active,0.73015873,TRUE
Cn1ncc(-c2cc(C(=O)NC3CNCCC3c3ccccc3)oc2Cl)c1Cl,Cn1ncc(-c2cc(C(=O)NC3CNCCC3c3ccccc3)oc2Cl)c1Cl,7.354572143,0.707429671,Active,0.796875,TRUE
Cc1[nH]nc2ncc(-c3cncc(OCC(N)Cc4cccc(C(F)(F)F)c4)c3)cc12,Cc1[nH]nc2ncc(-c3cncc(OCC(N)Cc4cccc(C(F)(F)F)c4)c3)cc12,8.010079298,0.707460487,Active,0.731343284,TRUE
Cc1[nH]nc2ncc(-c3cc(OCC(N)Cc4c[nH]c5ccccc45)cnc3-c3cccnc3)cc12,Cc1[nH]nc2ncc(-c3cc(OCC(N)Cc4c[nH]c5ccccc45)cnc3-c3cccnc3)cc12,8.225981812,0.707464242,Active,0.634146341,TRUE
COc1cc(-c2cc3c(C)nc(N)nc3n(C3CCC(OCCO)CC3)c2=O)cc(OC)c1OC,COc1cc(-c2cc3c(C)nc(N)nc3n(C3CCC(OCCO)CC3)c2=O)cc(OC)c1OC,7.165994906,0.707541847,Active,0.739130435,TRUE
NC1(C(=O)NCCc2cccs2)CCN(c2ncnc3[nH]ccc23)CC1,NC1(C(=O)NCCc2cccs2)CCN(c2ncnc3[nH]ccc23)CC1,7.165446192,0.707681203,Active,0.615384615,TRUE
CCn1cc(-c2ccnc(C(F)(F)F)c2)nc1C1CCN(c2nc(Cl)cc(Cl)c2C#N)CC1,CCn1cc(-c2ccnc(C(F)(F)F)c2)nc1C1CCN(c2nc(Cl)cc(Cl)c2C#N)CC1,7.275102312,0.707751119,Active,0.604938272,TRUE
Nc1cc(N2CCC(c3nc(-c4ccc(F)c(C(F)(F)F)c4)cn3CC(=O)NC3CC3)CC2)ncn1,Nc1cc(N2CCC(c3nc(-c4ccc(F)c(C(F)(F)F)c4)cn3CC(=O)NC3CC3)CC2)ncn1,7.534441142,0.707798922,Active,0.697368421,TRUE
Cn1ncc(Cl)c1-c1ccc(C(=O)NC2CNCCC2c2cccc(Cl)c2)cc1F,Cn1ncc(Cl)c1-c1ccc(C(=O)NC2CNCCC2c2cccc(Cl)c2)cc1F,7.364537689,0.707830274,Active,0.704225352,TRUE
c1ccc(-c2nccnc2-c2ccc(CN3CC(c4n[nH]c(-c5ccccn5)n4)C3)cc2)cc1,c1ccc(-c2nccnc2-c2ccc(CN3CC(c4n[nH]c(-c5ccccn5)n4)C3)cc2)cc1,7.040803375,0.707841778,Active,0.71875,TRUE
NC(=O)c1c(N)ncnc1N1CCC(c2nc(-c3ccc(Cl)c(F)c3)cn2CCN2CCCC2)CC1,NC(=O)c1c(N)ncnc1N1CCC(c2nc(-c3ccc(Cl)c(F)c3)cn2CCN2CCCC2)CC1,7.082904331,0.707881176,Active,0.887323944,TRUE
Cn1ncc(Cl)c1-c1ccc(C(=O)NC2CNCC2c2ccc(F)c(F)c2)cc1,Cn1ncc(Cl)c1-c1ccc(C(=O)NC2CNCC2c2ccc(F)c(F)c2)cc1,7.057527629,0.708031797,Active,0.852459016,TRUE
Cc1nc(C(=O)NC2CNCCC2c2ccc(F)c(F)c2)oc1-c1c(Br)cnn1C,Cc1nc(C(=O)NC2CNCCC2c2ccc(F)c(F)c2)oc1-c1c(Br)cnn1C,7.284763852,0.708059096,Active,0.694444444,TRUE
Cn1nc(-c2ccc(C(=O)NC3CNCCC3c3ccc(F)c(F)c3)c(F)c2)cc1Cl,Cn1nc(-c2ccc(C(=O)NC3CNCCC3c3ccc(F)c(F)c3)c(F)c2)cc1Cl,7.315220421,0.708093607,Active,0.71641791,TRUE
Cn1ncc(Cl)c1-c1ccc(C(=O)NC2CNCCC2c2cccc(Br)c2)o1,Cn1ncc(Cl)c1-c1ccc(C(=O)NC2CNCCC2c2cccc(Br)c2)o1,7.520192833,0.708122277,Active,0.76119403,TRUE
Cn1[nH]c2ccc(-c3cncc(OCC(N)Cc4ccc(Cl)c(F)c4)c3)cc2c1=O,Cn1[nH]c2ccc(-c3cncc(OCC(N)Cc4ccc(Cl)c(F)c4)c3)cc2c1=O,7.471553467,0.708295846,Active,0.710144928,TRUE
NC1(C(=O)NCc2ccc(F)c(F)c2)CCN(c2ncnc3[nH]ccc23)C1,NC1(C(=O)NCc2ccc(F)c(F)c2)CCN(c2ncnc3[nH]ccc23)C1,7.295818049,0.708348358,Active,0.693548387,TRUE
Cn1ncc(Br)c1-c1ccc(C(=O)NC2CNCCC2c2ccc(F)c(F)c2)o1,Cn1ncc(Br)c1-c1ccc(C(=O)NC2CNCCC2c2ccc(F)c(F)c2)o1,7.229694014,0.708368683,Active,0.803030303,TRUE
N#Cc1cc(C2CCNCC2NC(=O)c2ccc3c(c2)OCCn2nccc2-3)ccc1F,N#Cc1cc(C2CCNCC2NC(=O)c2ccc3c(c2)OCCn2nccc2-3)ccc1F,8.549963693,0.70840373,Active,0.828571429,TRUE
Cn1ncc(Cl)c1-c1cc(C(=O)NC2CC2c2ccccc2)oc1Cl,Cn1ncc(Cl)c1-c1cc(C(=O)NC2CC2c2ccccc2)oc1Cl,7.276603757,0.708455169,Active,0.774193548,TRUE
Cn1ncnc1-c1nc(NC(=O)c2cc(-n3cnc(C4CC4)c3)c(N3CC4CC4C3)cn2)cs1,Cn1ncnc1-c1nc(NC(=O)c2cc(-n3cnc(C4CC4)c3)c(N3CC4CC4C3)cn2)cs1,7.79876426,0.708507323,Active,0.694117647,TRUE
Cn1ncc(Cl)c1-c1ccc(C(=O)NC2CNCC2c2ccc(Cl)c(F)c2)cc1,Cn1ncc(Cl)c1-c1ccc(C(=O)NC2CNCC2c2ccc(Cl)c(F)c2)cc1,7.224855254,0.708575392,Active,0.765625,TRUE
NC(COc1cncc(-c2ccc3c(c2)C(=O)C(=O)N3)c1)Cc1cccc(F)c1F,NC(COc1cncc(-c2ccc3c(c2)C(=O)C(=O)N3)c1)Cc1cccc(F)c1F,7.312119157,0.708681488,Active,0.641791045,TRUE
NC(=O)c1cc(-c2cn(CCN3CCC3)c(C3CCN(c4cc(N)ncn4)CC3)n2)ccc1F,NC(=O)c1cc(-c2cn(CCN3CCC3)c(C3CCN(c4cc(N)ncn4)CC3)n2)ccc1F,7.28405014,0.708709264,Active,0.779411765,TRUE
Nc1cc(N2CCC(c3nc(-c4ccc(Cl)c(C=O)c4)cn3CCN3CCC3)CC2)ncn1,Nc1cc(N2CCC(c3nc(-c4ccc(Cl)c(C=O)c4)cn3CCN3CCC3)CC2)ncn1,7.622752034,0.708815777,Active,0.690140845,TRUE
O=Cc1cnc(N2CCC(c3nc(-c4ccc(F)c(Cl)c4)cn3CCN3CCCC3)CC2)nc1,O=Cc1cnc(N2CCC(c3nc(-c4ccc(F)c(Cl)c4)cn3CCN3CCCC3)CC2)nc1,7.404144157,0.708824956,Active,0.64,TRUE
CNCCn1cc(-c2ccnc(C(F)(F)F)c2)nc1C1CCN(c2cc(Cl)ncn2)CC1,CNCCn1cc(-c2ccnc(C(F)(F)F)c2)nc1C1CCN(c2cc(Cl)ncn2)CC1,7.637893652,0.708830976,Active,0.739726027,TRUE
Nc1cc(N2CCC(c3nc(-c4ccc(F)c(C(F)(F)F)c4)cn3CCNC3CCCC3)CC2)ncn1,Nc1cc(N2CCC(c3nc(-c4ccc(F)c(C(F)(F)F)c4)cn3CCNC3CCCC3)CC2)ncn1,7.706781584,0.708889508,Active,0.777777778,TRUE
Cc1[nH]nc2nc(-c3cncc(OCC(N)Cc4c[nH]c5ccccc45)c3)ccc12,Cc1[nH]nc2nc(-c3cncc(OCC(N)Cc4c[nH]c5ccccc45)c3)ccc12,8.208537738,0.708916152,Active,0.695652174,TRUE
CC(=O)C(Cc1ccc(F)cc1)NC(=O)C1(N)CCN(c2ncnc3[nH]ccc23)CC1,CC(=O)C(Cc1ccc(F)cc1)NC(=O)C1(N)CCN(c2ncnc3[nH]ccc23)CC1,7.455757798,0.708948696,Active,0.71875,TRUE
NC(COc1cncc(-c2ccc3[nH]ncc3c2)c1)Cc1ccccc1F,NC(COc1cncc(-c2ccc3[nH]ncc3c2)c1)Cc1ccccc1F,7.111954777,0.709057236,Active,0.725806452,TRUE
CCn1cc(-c2ccnc(C(F)(F)F)c2)nc1C1CCN(c2ncnc(N)c2C2CCOCC2)CC1,CCn1cc(-c2ccnc(C(F)(F)F)c2)nc1C1CCN(c2ncnc(N)c2C2CCOCC2)CC1,7.399698979,0.709097767,Active,0.64556962,TRUE
CCOc1ccc(CC(N)COc2cncc(-c3ccc4[nH]nc(C)c4c3)c2)cc1,CCOc1ccc(CC(N)COc2cncc(-c3ccc4[nH]nc(C)c4c3)c2)cc1,7.111516692,0.709127271,Active,0.810344828,TRUE
Nc1cc(N2CCC(c3nc(-c4cccc(Cl)c4)cn3CCN3CCCC3)CC2)ncn1,Nc1cc(N2CCC(c3nc(-c4cccc(Cl)c4)cn3CCN3CCCC3)CC2)ncn1,7.370102227,0.709217453,Active,0.8125,TRUE
COc1nc(CC(=O)N2c3cccc(F)c3CC2C)nc(N2CCOCC2)c1F,COc1nc(CC(=O)N2c3cccc(F)c3CC2C)nc(N2CCOCC2)c1F,7.185349773,0.70926609,Active,0.671428571,TRUE
NC1(C(=O)NCCCO)CCN(c2ncnc3[nH]cc(Cl)c23)CC1,NC1(C(=O)NCCCO)CCN(c2ncnc3[nH]cc(Cl)c23)CC1,7.363596862,0.70961591,Active,0.636363636,TRUE
CN(C)CCn1cc(-c2ccc(F)c(C(C)(F)F)c2)nc1C1CCN(c2ncnc(N)c2F)CC1,CN(C)CCn1cc(-c2ccc(F)c(C(C)(F)F)c2)nc1C1CCN(c2ncnc(N)c2F)CC1,7.576085168,0.709717715,Active,0.77027027,TRUE
Cn1ncc(Br)c1-c1cnc(C(=O)NC2CNCCC2c2cccc(F)c2)s1,Cn1ncc(Br)c1-c1cnc(C(=O)NC2CNCCC2c2cccc(F)c2)s1,7.621893313,0.709780836,Active,0.797101449,TRUE
COc1ccc(-n2c(CC(=O)N3CCc4c3ccc(F)c4F)nc(N3CCOCC3)cc2=O)cc1,COc1ccc(-n2c(CC(=O)N3CCc4c3ccc(F)c4F)nc(N3CCOCC3)cc2=O)cc1,7.352916092,0.709803784,Active,0.724637681,TRUE
CN(C)CCn1cc(-c2ccc(F)c(C(F)(F)F)c2)nc1C1CCN(c2ncccc2C#N)CC1,CN(C)CCn1cc(-c2ccc(F)c(C(F)(F)F)c2)nc1C1CCN(c2ncccc2C#N)CC1,7.216042388,0.70986613,Active,0.721518987,TRUE
O=C(Cc1nc(N2CCOCC2)cc(=O)n1-c1ccc(Cl)cc1)N1CCc2cc(F)ccc21,O=C(Cc1nc(N2CCOCC2)cc(=O)n1-c1ccc(Cl)cc1)N1CCc2cc(F)ccc21,7.449938782,0.70996865,Active,0.686567164,TRUE
Cn1nccc1-c1ccc(C(=O)NC2CNCCC2c2cnc(Cl)c(F)c2)cc1F,Cn1nccc1-c1ccc(C(=O)NC2CNCCC2c2cnc(Cl)c(F)c2)cc1F,7.696330043,0.710005963,Active,0.776119403,TRUE
Cc1[nH]nc2ccc(-c3cncc(OCC(N)Cc4ccc(Br)cn4)c3)cc12,Cc1[nH]nc2ccc(-c3cncc(OCC(N)Cc4ccc(Br)cn4)c3)cc12,7.066537669,0.710057998,Active,0.606060606,TRUE
Cc1cc(-c2cnn(C)c2)ccc1C(=O)NC1CNCCC1c1cccc(F)c1,Cc1cc(-c2cnn(C)c2)ccc1C(=O)NC1CNCCC1c1cccc(F)c1,7.115078196,0.710067952,Active,0.616438356,TRUE
Cc1c(Cl)c(-c2ccc(C(=O)NC3CNCCC3c3cccc(F)c3)cc2Cl)nn1C,Cc1c(Cl)c(-c2ccc(C(=O)NC3CNCCC3c3cccc(F)c3)cc2Cl)nn1C,7.33333584,0.710152709,Active,0.626666667,TRUE
COc1ccccc1C(=O)NCC1(N)CCN(c2ncnc3[nH]cc(C)c23)C1,COc1ccccc1C(=O)NCC1(N)CCN(c2ncnc3[nH]cc(C)c23)C1,7.115416005,0.71020695,Active,0.787878788,TRUE
CCOc1c(F)c(N2CCOCC2)nc(CC(=O)N2CCc3c(F)cccc32)c1Br,CCOc1c(F)c(N2CCOCC2)nc(CC(=O)N2CCc3c(F)cccc32)c1Br,7.225144572,0.710311735,Active,0.611111111,TRUE
CNCC(Nc1ncnc2c(C(N)=O)cccc12)c1ccc(F)cc1,CNCC(Nc1ncnc2c(C(N)=O)cccc12)c1ccc(F)cc1,7.500403057,0.710424745,Active,0.814814815,TRUE
NC1(C(=O)NCc2cc(F)cc(F)c2F)CCN(c2ncnc3[nH]ccc23)CC1,NC1(C(=O)NCc2cc(F)cc(F)c2F)CCN(c2ncnc3[nH]ccc23)CC1,7.326452471,0.710457051,Active,0.65625,TRUE
N#CCC(NC(=O)C1(N)CCN(c2ncnc3[nH]ccc23)CC1)c1ccc(F)cc1,N#CCC(NC(=O)C1(N)CCN(c2ncnc3[nH]ccc23)CC1)c1ccc(F)cc1,7.573063228,0.710601175,Active,0.84375,TRUE
Cn1nc2cc(-c3ccc(C(=O)NC4CNCCC4c4cccc(F)c4)s3)ccn2c1=O,Cn1nc2cc(-c3ccc(C(=O)NC4CNCCC4c4cccc(F)c4)s3)ccn2c1=O,7.441577118,0.710859144,Active,0.666666667,TRUE
Cn1ncc(-c2c(Cl)ccc(O)c2F)c1C(=O)NC1CNCCC1c1ccc(F)c(F)c1,Cn1ncc(-c2c(Cl)ccc(O)c2F)c1C(=O)NC1CNCCC1c1ccc(F)c(F)c1,7.396053925,0.710880125,Active,0.618421053,TRUE
CC(C)NCC(C(=O)N1CCN(c2ncnc3ccc(Br)cc23)CC1)c1ccc(Cl)cc1,CC(C)NCC(C(=O)N1CCN(c2ncnc3ccc(Br)cc23)CC1)c1ccc(Cl)cc1,7.063489976,0.710904145,Active,0.628571429,TRUE
COc1ccc(Cl)c(-c2cn(CCNCC(F)F)c(C3CCN(c4ncnc(N)c4C(N)=O)CC3)n2)c1,COc1ccc(Cl)c(-c2cn(CCNCC(F)F)c(C3CCN(c4ncnc(N)c4C(N)=O)CC3)n2)c1,7.092401704,0.710928822,Active,0.608695652,TRUE
COc1cc([S+](C)[O-])nn2c(-c3ccccc3)c(-c3ccc(C4(N)CCC4)cc3)nc12,COc1cc([S+](C)[O-])nn2c(-c3ccccc3)c(-c3ccc(C4(N)CCC4)cc3)nc12,7.291728713,0.710994267,Active,0.75,TRUE
CN(C)CCn1cc(-c2cnn(C)c2)nc1C1CCN(c2ncnc(N)c2Cl)CC1F,CN(C)CCn1cc(-c2cnn(C)c2)nc1C1CCN(c2ncnc(N)c2Cl)CC1F,7.514339326,0.711167657,Active,0.746666667,TRUE
Cn1ncc(C(=O)NC2CNCCC2c2ccc(F)c(F)c2)c1-c1ccc(F)cc1F,Cn1ncc(C(=O)NC2CNCCC2c2ccc(F)c(F)c2)c1-c1ccc(F)cc1F,7.516227099,0.711178386,Active,0.710144928,TRUE
O=C(Cc1nc(N2CCOCC2)cc(=O)n1-c1ccc(F)c(F)c1)N1CCc2c(OC(F)F)cccc21,O=C(Cc1nc(N2CCOCC2)cc(=O)n1-c1ccc(F)c(F)c1)N1CCc2c(OC(F)F)cccc21,7.30304561,0.711218023,Active,0.743243243,TRUE
Cn1ncc(Cl)c1-c1ccc(C(=O)NC2CNCCC2c2ccc(F)c(C(F)(F)F)c2)o1,Cn1ncc(Cl)c1-c1ccc(C(=O)NC2CNCCC2c2ccc(F)c(C(F)(F)F)c2)o1,7.42809237,0.711248362,Active,0.779411765,TRUE
CCN1CCN(c2nc3ccc(-c4cnc(Cl)c(NS(=O)(=O)c5cccc(F)c5)c4)cc3s2)CC1,CCN1CCN(c2nc3ccc(-c4cnc(Cl)c(NS(=O)(=O)c5cccc(F)c5)c4)cc3s2)CC1,7.462854984,0.711304033,Active,0.631578947,TRUE
Cc1nn(C)c(C)c1-c1cc(C(=O)NC2CNCCC2c2ccccc2)oc1Cl,Cc1nn(C)c(C)c1-c1cc(C(=O)NC2CNCCC2c2ccccc2)oc1Cl,7.2726457,0.711426342,Active,0.695652174,TRUE
CC1(C)C(=O)Nc2ccc(-c3cncc(OCC(N)Cc4c(F)cc(F)cc4F)c3)cc21,CC1(C)C(=O)Nc2ccc(-c3cncc(OCC(N)Cc4c(F)cc(F)cc4F)c3)cc21,7.222626935,0.711497927,Active,0.626865672,TRUE
Cc1cc(C2(C)CC2(F)F)nn2c(-c3ccccc3)c(-c3ccc(C4(N)CCC4)cc3)nc12,Cc1cc(C2(C)CC2(F)F)nn2c(-c3ccccc3)c(-c3ccc(C4(N)CCC4)cc3)nc12,7.081157384,0.711531126,Active,0.603174603,TRUE
O=C(NC1CNCCC1c1cccc(F)c1)c1ccc(-c2cscn2)s1,O=C(NC1CNCCC1c1cccc(F)c1)c1ccc(-c2cscn2)s1,7.331173561,0.711579883,Active,0.666666667,TRUE
CC(NC(=O)C1(N)CCN(c2ncnc3[nH]ccc23)CC1)c1ccc(-n2cncn2)cc1F,CC(NC(=O)C1(N)CCN(c2ncnc3[nH]ccc23)CC1)c1ccc(-n2cncn2)cc1F,7.408988985,0.711627984,Active,0.630136986,TRUE
NC(=O)c1cccc(-c2cnc3cc(-c4ccccc4)c(-c4ccc(F)cc4)nn23)c1,NC(=O)c1cccc(-c2cnc3cc(-c4ccccc4)c(-c4ccc(F)cc4)nn23)c1,7.216367367,0.711758518,Active,0.716666667,TRUE
Cn1cc(-c2cn(CCN3CCCC3)c(C3CCN(c4ncnc(N)c4Br)CC3)n2)cn1,Cn1cc(-c2cn(CCN3CCCC3)c(C3CCN(c4ncnc(N)c4Br)CC3)n2)cn1,7.649509947,0.711773777,Active,0.753846154,TRUE
Cn1ncc(Br)c1-c1cc(C(=O)NC2CNCCC2c2cccnc2)oc1Cl,Cn1ncc(Br)c1-c1cc(C(=O)NC2CNCCC2c2cccnc2)oc1Cl,7.722830774,0.712073648,Active,0.718309859,TRUE
CNC(=O)c1cccc2c(NC(CN3CCC3)c3cccc(F)c3)ncnc12,CNC(=O)c1cccc2c(NC(CN3CCC3)c3cccc(F)c3)ncnc12,7.241961322,0.712279582,Active,0.803278689,TRUE
NC(=O)CCn1cc(-c2ccc(F)c(C(F)(F)F)c2)nc1C1CCN(c2ncnc(N)c2Br)CC1,NC(=O)CCn1cc(-c2ccc(F)c(C(F)(F)F)c2)nc1C1CCN(c2ncnc(N)c2Br)CC1,7.684915114,0.712308013,Active,0.783783784,TRUE
Cc1cnn(C)c1-c1cc(Cl)cc(C(=O)NC(CN)Cc2cccc(F)c2)c1,Cc1cnn(C)c1-c1cc(Cl)cc(C(=O)NC(CN)Cc2cccc(F)c2)c1,7.119956966,0.712393129,Active,0.602739726,TRUE
CN(C)CCn1cc(-c2cc(F)c(C(F)(F)F)cn2)nc1C1CCN(c2ncnc(N)c2C#N)CC1,CN(C)CCn1cc(-c2cc(F)c(C(F)(F)F)cn2)nc1C1CCN(c2ncnc(N)c2C#N)CC1,7.373087634,0.712455356,Active,0.789473684,TRUE
NC(=O)NCCn1cc(-c2ccc(F)c(C(F)(F)F)c2)nc1C1CCN(c2ncnc(N)c2F)CC1,NC(=O)NCCn1cc(-c2ccc(F)c(C(F)(F)F)c2)nc1C1CCN(c2ncnc(N)c2F)CC1,7.885827545,0.712456906,Active,0.769230769,TRUE
Nc1cc(N2CCC(c3nc(-c4cnc(F)c(Cl)c4)cn3CCN3CCC3)CC2)ncn1,Nc1cc(N2CCC(c3nc(-c4cnc(F)c(Cl)c4)cn3CCN3CCC3)CC2)ncn1,7.791496543,0.712542379,Active,0.710144928,TRUE
Cc1[nH]nc2ncc(-c3cccc(OCC(N)Cc4cccc(Cl)c4)c3)cc12,Cc1[nH]nc2ncc(-c3cccc(OCC(N)Cc4cccc(Cl)c4)c3)cc12,7.44829441,0.712559247,Active,0.636363636,TRUE
CCNCCn1cc(-c2ccnc(C(F)(F)F)c2)nc1C1CCN(c2ncnc(N)c2C(=O)NC)CC1,CCNCCn1cc(-c2ccnc(C(F)(F)F)c2)nc1C1CCN(c2ncnc(N)c2C(=O)NC)CC1,7.401473126,0.712589288,Active,0.695121951,TRUE
CNCC(Nc1ncnc2c(C(N)=O)cccc12)c1ccccc1F,CNCC(Nc1ncnc2c(C(N)=O)cccc12)c1ccccc1F,7.550588231,0.712628031,Active,0.706896552,TRUE
Cn1ncc(Br)c1-c1cc(F)c(C(=O)NC2CNCC2c2cccc(F)c2)cc1F,Cn1ncc(Br)c1-c1cc(F)c(C(=O)NC2CNCC2c2cccc(F)c2)cc1F,7.129003182,0.712685251,Active,0.7,TRUE
NC(COc1cncc(-c2ccc3[nH]c(O)cc3c2)c1)Cc1ccc(F)c(C(F)(F)F)c1,NC(COc1cncc(-c2ccc3[nH]c(O)cc3c2)c1)Cc1ccc(F)c(C(F)(F)F)c1,7.287892097,0.712749863,Active,0.685714286,TRUE
COc1ncc(-c2cc3c(C)nc(N)nc3n(C3CCN(S(N)(=O)=O)CC3)c2=O)cc1F,COc1ncc(-c2cc3c(C)nc(N)nc3n(C3CCN(S(N)(=O)=O)CC3)c2=O)cc1F,7.392384531,0.712776446,Active,0.718309859,TRUE
Cc1cc(-c2cn(CCN3CCC3)c(C3CCN(c4ncnc(N)c4C#N)CC3)n2)ccn1,Cc1cc(-c2cn(CCN3CCC3)c(C3CCN(c4ncnc(N)c4C#N)CC3)n2)ccn1,7.679928127,0.712794566,Active,0.84057971,TRUE
Cn1ncc(-c2ccc(C(=O)NC3CNCCC3c3ccc(F)c(F)c3)cc2F)c1C(F)(F)F,Cn1ncc(-c2ccc(C(=O)NC3CNCCC3c3ccc(F)c(F)c3)cc2F)c1C(F)(F)F,7.246169303,0.712910676,Active,0.710144928,TRUE
N#Cc1c(N)ncnc1N1CCC(c2nc(-c3ccc(F)c(F)c3)cn2CC(=O)NC2CC2)CC1,N#Cc1c(N)ncnc1N1CCC(c2nc(-c3ccc(F)c(F)c3)cn2CC(=O)NC2CC2)CC1,7.712972596,0.713041806,Active,0.701298701,TRUE
Cc1nc(N)nc2c1cc(-c1ccc(OC(C)C)cc1)c(=O)n2C1CCC(OCO)CC1,Cc1nc(N)nc2c1cc(-c1ccc(OC(C)C)cc1)c(=O)n2C1CCC(OCO)CC1,7.365581198,0.713070834,Active,0.720588235,TRUE
Cc1[nH]nc2cnc(-c3cncc(OCC(N)Cc4c(F)cccc4F)c3)nc12,Cc1[nH]nc2cnc(-c3cncc(OCC(N)Cc4c(F)cccc4F)c3)nc12,7.048529077,0.713114345,Active,0.621212121,TRUE
CC(C)Oc1c(F)c(CC(=O)N2c3ccccc3CC2C)nc(N2CCOCC2)c1F,CC(C)Oc1c(F)c(CC(=O)N2c3ccccc3CC2C)nc(N2CCOCC2)c1F,7.0817523,0.713166559,Active,0.633802817,TRUE
CC(=O)NCCn1cc(-c2ccc(F)c(C)c2)nc1C1CCN(c2cc(N)ncn2)CC1,CC(=O)NCCn1cc(-c2ccc(F)c(C)c2)nc1C1CCN(c2cc(N)ncn2)CC1,7.733954027,0.713260555,Active,0.65,TRUE
N#Cc1c(N)ncnc1N1CCC(c2nc(-c3cc(Cl)ccn3)cn2CCN2CCCCC2)CC1,N#Cc1c(N)ncnc1N1CCC(c2nc(-c3cc(Cl)ccn3)cn2CCN2CCCCC2)CC1,7.147049786,0.713261032,Active,0.788732394,TRUE
NC(=O)c1cc(-c2cccnc2)c2nc(-c3ccc(C4(N)CCC4)cc3)c(-c3ccccc3)n2n1,NC(=O)c1cc(-c2cccnc2)c2nc(-c3ccc(C4(N)CCC4)cc3)c(-c3ccccc3)n2n1,7.632407646,0.713265979,Active,0.741935484,TRUE
Nc1ncnc(N2CCC(c3nc(-c4ccsc4)cn3CCN3CCC3)CC2)c1Cl,Nc1ncnc(N2CCC(c3nc(-c4ccsc4)cn3CCN3CCC3)CC2)c1Cl,7.417857774,0.713303232,Active,0.779411765,TRUE
COc1[nH]nc2ccc(-c3cncc(OCC(N)Cc4cccc(OCC(F)(F)F)c4)c3)cc12,COc1[nH]nc2ccc(-c3cncc(OCC(N)Cc4cccc(OCC(F)(F)F)c4)c3)cc12,7.045704146,0.71336391,Active,0.621621622,TRUE
Cc1ccc(-c2cn(CCN3CCCC3)c(C3CCN(c4ncnc(N)c4Cl)CC3)n2)cc1,Cc1ccc(-c2cn(CCN3CCCC3)c(C3CCN(c4ncnc(N)c4Cl)CC3)n2)cc1,7.390956179,0.713458562,Active,0.838709677,TRUE
Cc1c(Br)ccc2nc(-c3ccc(C4(N)CCC4)cc3)c(-c3ccccc3)n12,Cc1c(Br)ccc2nc(-c3ccc(C4(N)CCC4)cc3)c(-c3ccccc3)n12,7.050229726,0.713621104,Active,0.711538462,TRUE
Cn1ncc(C(=O)NC2CNCCC2c2ccc(F)c(F)c2)c1-c1ccc(Cl)cc1Cl,Cn1ncc(C(=O)NC2CNCCC2c2ccc(F)c(F)c2)c1-c1ccc(Cl)cc1Cl,7.291154389,0.713690543,Active,0.739130435,TRUE
O=C(NC(Cc1ccc(Cl)cc1)C(=O)N1CCN(c2ncnc3[nH]cc(Br)c23)CC1)c1ccc(F)c(F)c1,O=C(NC(Cc1ccc(Cl)cc1)C(=O)N1CCN(c2ncnc3[nH]cc(Br)c23)CC1)c1ccc(F)c(F)c1,7.748106762,0.71369102,Active,0.605633803,TRUE
COCCC(NC(=O)C1(N)CCN(c2ncnc3c2C2CCC3C2)C1)c1ccc(Cl)cc1,COCCC(NC(=O)C1(N)CCN(c2ncnc3c2C2CCC3C2)C1)c1ccc(Cl)cc1,7.233124735,0.71372124,Active,0.628205128,TRUE
N#Cc1nccnc1N1CCC(c2nc(-c3ccc(F)c(F)c3)cn2CCN2CCCC2)CC1,N#Cc1nccnc1N1CCC(c2nc(-c3ccc(F)c(F)c3)cn2CCN2CCCC2)CC1,7.180047183,0.713880742,Active,0.718309859,TRUE
O=C(Cc1nc(N2CCOCC2)cc(=O)n1-c1ccc(F)cc1)N1CCc2ccccc21,O=C(Cc1nc(N2CCOCC2)cc(=O)n1-c1ccc(F)cc1)N1CCc2ccccc21,7.213423429,0.713930929,Active,0.86440678,TRUE
CCn1cc(-c2ccc(F)c(C)c2)nc1C1CCN(c2ncnc(N)c2C(N)=O)CC1,CCn1cc(-c2ccc(F)c(C)c2)nc1C1CCN(c2ncnc(N)c2C(N)=O)CC1,7.141596447,0.713970983,Active,0.852941176,TRUE
NC1(C(=O)NCc2cccs2)CCN(c2ncnc3[nH]ccc23)C1,NC1(C(=O)NCc2cccs2)CCN(c2ncnc3[nH]ccc23)C1,7.134730334,0.714055681,Active,0.615384615,TRUE
COc1c(N)ncnc1N1CCC(c2nc(-c3cccc(F)c3)cn2CCN2CCC2)CC1,COc1c(N)ncnc1N1CCC(c2nc(-c3cccc(F)c3)cn2CCN2CCC2)CC1,7.267759109,0.714062297,Active,0.788732394,TRUE
Cn1ncc(Cl)c1-c1cc(C(=O)NC2CNCCC2c2ccccc2)oc1O,Cn1ncc(Cl)c1-c1cc(C(=O)NC2CNCCC2c2ccccc2)oc1O,7.498678536,0.714165652,Active,0.857142857,TRUE
NC(Cc1ccc(Cl)cc1)C(=O)N1CCN(c2ncnc3cccc(Br)c23)CC1,NC(Cc1ccc(Cl)cc1)C(=O)N1CCN(c2ncnc3cccc(Br)c23)CC1,7.307072744,0.714285457,Active,0.796610169,TRUE
Cc1nc(N)nc2c1nc(-c1cnn(C)c1)c(=O)n2C1CCC(OCCO)CC1,Cc1nc(N)nc2c1nc(-c1cnn(C)c1)c(=O)n2C1CCC(OCCO)CC1,7.473064653,0.714335227,Active,0.742424242,TRUE
NC1(C(=O)NCc2c(F)cc(F)cc2F)CCN(c2ncnc3[nH]ccc23)CC1,NC1(C(=O)NCc2c(F)cc(F)cc2F)CCN(c2ncnc3[nH]ccc23)CC1,7.285648975,0.714342618,Active,0.68852459,TRUE
Cn1nc(N)c2cc(-c3cncc(OCC(N)Cc4ccc(Cl)c(F)c4)c3)cnc21,Cn1nc(N)c2cc(-c3cncc(OCC(N)Cc4ccc(Cl)c(F)c4)c3)cnc21,7.52645451,0.714455986,Active,0.61971831,TRUE
NC1(C(=O)NC(C(=O)NCc2c(F)cccc2F)c2ccccc2)CCN(c2ncnc3[nH]ccc23)CC1,NC1(C(=O)NC(C(=O)NCc2c(F)cccc2F)c2ccccc2)CCN(c2ncnc3[nH]ccc23)CC1,7.356451166,0.714486921,Active,0.735294118,TRUE
Nc1cc(N2CCC(c3nc(-c4cnc(C(F)(F)F)c(OC(F)F)c4)cn3CCN3CCC3)CC2)ncn1,Nc1cc(N2CCC(c3nc(-c4cnc(C(F)(F)F)c(OC(F)F)c4)cn3CCN3CCC3)CC2)ncn1,7.082313959,0.71453079,Active,0.666666667,TRUE
CC1SCc2ncnc(N3CCN(C(=O)C(N)Cc4cn(C(N)=O)c5ccc(Cl)cc45)CC3)c21,CC1SCc2ncnc(N3CCN(C(=O)C(N)Cc4cn(C(N)=O)c5ccc(Cl)cc45)CC3)c21,7.349429782,0.714670861,Active,0.684931507,TRUE
NC(COc1cncc(-c2ccc3c(c2)CCC(=O)N3)c1)Cc1ccccc1F,NC(COc1cncc(-c2ccc3c(c2)CCC(=O)N3)c1)Cc1ccccc1F,7.008914831,0.714755321,Active,0.625,TRUE
CNCCn1cc(-c2cn(C)nc2Cl)nc1C1CCN(c2ncnc(N)c2C#N)CC1,CNCCn1cc(-c2cn(C)nc2Cl)nc1C1CCN(c2ncnc(N)c2C#N)CC1,7.655733873,0.714808249,Active,0.653846154,TRUE
Cn1ncc(Cl)c1N1CCC(c2nc(-c3ccc(Cl)c(F)c3)cn2CCN2CCCC2)CC1,Cn1ncc(Cl)c1N1CCC(c2nc(-c3ccc(Cl)c(F)c3)cn2CCN2CCCC2)CC1,7.343033772,0.714814866,Active,0.662162162,TRUE
COc1ncccc1CC(N)COc1cncc(-c2ccc3[nH]nc(C)c3c2)c1,COc1ncccc1CC(N)COc1cncc(-c2ccc3[nH]nc(C)c3c2)c1,7.224589304,0.71490016,Active,0.734375,TRUE
Cn1c(CC(=O)N2CC(C)(C)c3c(Cl)cccc32)nc(N2CCCC2)cc1=O,Cn1c(CC(=O)N2CC(C)(C)c3c(Cl)cccc32)nc(N2CCCC2)cc1=O,7.270889699,0.714944148,Active,0.85,TRUE
CC1Cc2cc(Cl)ccc2N1C(=O)Cc1nc(N2CCOCC2)cc(=O)n1C,CC1Cc2cc(Cl)ccc2N1C(=O)Cc1nc(N2CCOCC2)cc(=O)n1C,7.135951839,0.715034032,Active,0.80952381,TRUE
O=C(Cc1nc(N2CCOCC2)cc(=O)n1-c1ccc(Cl)cc1)N1CCc2c(-c3ccncc3)cccc21,O=C(Cc1nc(N2CCOCC2)cc(=O)n1-c1ccc(Cl)cc1)N1CCc2c(-c3ccncc3)cccc21,7.305502437,0.715084577,Active,0.608108108,TRUE
O=C(NC1CNCCC1c1ccc(F)c(Cl)c1)c1ccc2c(c1)OCCn1nccc1-2,O=C(NC1CNCCC1c1ccc(F)c(Cl)c1)c1ccc2c(c1)OCCn1nccc1-2,8.589440551,0.715319657,Active,0.865671642,TRUE
Nc1ncnc(N2CCC(c3nc(-c4ccc(F)c(F)c4)cn3CCN3CCCC3)CC2)c1C(F)(F)F,Nc1ncnc(N2CCC(c3nc(-c4ccc(F)c(F)c4)cn3CCN3CCCC3)CC2)c1C(F)(F)F,7.542264652,0.715378845,Active,0.794117647,TRUE
Cn1ncc(Cl)c1-c1ccc(C(=O)NC2CNCCC2c2cccc(C(F)F)c2)o1,Cn1ncc(Cl)c1-c1ccc(C(=O)NC2CNCCC2c2cccc(C(F)F)c2)o1,7.489032506,0.7153916,Active,0.728571429,TRUE
N#Cc1cccc(-c2cn(CC3CNC3)c(C3CCN(c4ncnc(N)c4C(F)(F)F)CC3)n2)c1,N#Cc1cccc(-c2cn(CC3CNC3)c(C3CCN(c4ncnc(N)c4C(F)(F)F)CC3)n2)c1,7.195061453,0.715453947,Active,0.670731707,TRUE
c1ccc(-c2cn3ccnc3nc2-c2ccc(CN3CCC(c4n[nH]c(-c5ccccn5)n4)CC3)cc2)cc1,c1ccc(-c2cn3ccnc3nc2-c2ccc(CN3CCC(c4n[nH]c(-c5ccccn5)n4)CC3)cc2)cc1,7.237212349,0.7155092,Active,0.774647887,TRUE
Cn1ncc(Cl)c1-c1ccc(C(=O)NC2CNCCC2c2ccc(Br)cc2)o1,Cn1ncc(Cl)c1-c1ccc(C(=O)NC2CNCCC2c2ccc(Br)cc2)o1,7.432938743,0.715518618,Active,0.868852459,TRUE
Cn1nc(-c2ccc(C(=O)NC3CNCCC3c3cccc(F)c3)s2)cc1C#N,Cn1nc(-c2ccc(C(=O)NC3CNCCC3c3cccc(F)c3)s2)cc1C#N,7.5285913,0.715565586,Active,0.694444444,TRUE
NC(Cc1cc(Br)c(O)c(Br)c1)C(=O)N1CCN(c2ncnc3cccc(Br)c23)CC1,NC(Cc1cc(Br)c(O)c(Br)c1)C(=O)N1CCN(c2ncnc3cccc(Br)c23)CC1,7.180181402,0.715789342,Active,0.615384615,TRUE
CC1CC(=O)Nc2ncnc(N3CCN(C(=O)C(N)Cc4ccc(F)c(Cl)c4)CC3)c21,CC1CC(=O)Nc2ncnc(N3CCN(C(=O)C(N)Cc4ccc(F)c(Cl)c4)CC3)c21,7.464034777,0.715839052,Active,0.602564103,TRUE
Cc1cccc(-c2c(C(=O)NC3CNCCC3c3ccc(F)c(F)c3)cnn2C)n1,Cc1cccc(-c2c(C(=O)NC3CNCCC3c3ccc(F)c(F)c3)cnn2C)n1,7.260340427,0.715852284,Active,0.635135135,TRUE
NC(=O)c1cc(Cl)ccc1N1CCC(c2nc(-c3ccc(F)c(F)c3)cn2CCN2CCC2)CC1,NC(=O)c1cc(Cl)ccc1N1CCC(c2nc(-c3ccc(F)c(F)c3)cn2CCN2CCC2)CC1,7.393391075,0.71588161,Active,0.657894737,TRUE
Cc1cc(-c2cn(CCC(N)=O)c(C3CCN(c4ncnc(N)c4F)CC3)n2)ccc1F,Cc1cc(-c2cn(CCC(N)=O)c(C3CCN(c4ncnc(N)c4F)CC3)n2)ccc1F,7.259381885,0.715890849,Active,0.739726027,TRUE
CNCC(Nc1ncnc2c(C(N)=O)cccc12)c1cccc(Cl)c1,CNCC(Nc1ncnc2c(C(N)=O)cccc12)c1cccc(Cl)c1,7.386089973,0.716085637,Active,0.785714286,TRUE
Cn1cc(-c2cc(C(=O)NC3CNCCC3c3ccccc3)oc2Cl)nc1C1CC1,Cn1cc(-c2cc(C(=O)NC3CNCCC3c3ccccc3)oc2Cl)nc1C1CC1,7.414068939,0.716099048,Active,0.661971831,TRUE
CN(C)CC(Nc1ncnc2c(C(N)=O)cccc12)c1cccc(F)c1,CN(C)CC(Nc1ncnc2c(C(N)=O)cccc12)c1cccc(F)c1,7.625017533,0.71610924,Active,0.789473684,TRUE
CC(=O)N1CCCC1Cn1cc(-c2ccc(F)c(Cl)c2)nc1C1CCN(c2ncnc(N)c2C(N)=O)CC1,CC(=O)N1CCCC1Cn1cc(-c2ccc(F)c(Cl)c2)nc1C1CCN(c2ncnc(N)c2C(N)=O)CC1,7.593145716,0.716127896,Active,0.728395062,TRUE
CN(C)c1ncnc(N2CCC(c3nc(-c4ccc(F)c(C(F)(F)F)c4)cn3CCNC(=O)C(C)(C)C)CC2)c1F,CN(C)c1ncnc(N2CCC(c3nc(-c4ccc(F)c(C(F)(F)F)c4)cn3CCNC(=O)C(C)(C)C)CC2)c1F,7.345191066,0.716370249,Active,0.647727273,TRUE
CNC(=O)c1cccnc1N1CCC(c2nc(-c3ccnc(C(F)(F)F)c3)cn2CCN2CCCC2)CC1,CNC(=O)c1cccnc1N1CCC(c2nc(-c3ccnc(C(F)(F)F)c3)cn2CCN2CCCC2)CC1,7.187895903,0.716471934,Active,0.638554217,TRUE
Cc1[nH]nc2ncc(-c3cncc(OCC(N)Cc4ccc(Br)cc4)c3)cc12,Cc1[nH]nc2ncc(-c3cncc(OCC(N)Cc4ccc(Br)cc4)c3)cc12,7.673566852,0.716507578,Active,0.704918033,TRUE
Cn1nccc1-c1ccc(C(=O)NC2CNCC2c2cncc(F)c2)s1,Cn1nccc1-c1ccc(C(=O)NC2CNCC2c2cncc(F)c2)s1,7.332932532,0.716797554,Active,0.705882353,TRUE
N#CCc1ccc(-c2cn(CCN3CCC3)c(C3CCN(c4ncnc(N)c4F)CC3)n2)cc1F,N#CCc1ccc(-c2cn(CCN3CCC3)c(C3CCN(c4ncnc(N)c4F)CC3)n2)cc1F,7.357087004,0.716901505,Active,0.72,TRUE
CC(C)Oc1c(N)ncnc1N1CCC(c2nc(-c3cnc(F)cc3F)cn2CCN2CCC2)CC1,CC(C)Oc1c(N)ncnc1N1CCC(c2nc(-c3cnc(F)cc3F)cn2CCN2CCC2)CC1,7.595575849,0.716972911,Active,0.74025974,TRUE
Cn1nccc1-c1ccc(C(=O)NC2CNCC2c2cc(F)c(F)c(F)c2)cc1F,Cn1nccc1-c1ccc(C(=O)NC2CNCC2c2cc(F)c(F)c(F)c2)cc1F,7.406647828,0.717021728,Active,0.73015873,TRUE
Cn1nccc1-c1cc(F)c(C(=O)NC2CNCCC2c2ccccc2)cc1F,Cn1nccc1-c1cc(F)c(C(=O)NC2CNCCC2c2ccccc2)cc1F,7.466581473,0.717027152,Active,0.866666667,TRUE
CNCCn1cc(-c2ccc(F)c(F)c2)nc1C1CCN(c2ncnc(N)c2F)CC1,CNCCn1cc(-c2ccc(F)c(F)c2)nc1C1CCN(c2ncnc(N)c2F)CC1,7.516231798,0.717105174,Active,0.712328767,TRUE
NC(=O)c1cccc(-c2cnc3cc(-c4ccccc4)c(-c4ccccc4)nn23)c1,NC(=O)c1cccc(-c2cnc3cc(-c4ccccc4)c(-c4ccccc4)nn23)c1,7.167219548,0.717166984,Active,0.763636364,TRUE
CNC(=O)CCn1cc(-c2ccc(F)c(C)c2)nc1C1CCN(c2ncnc(N)c2F)CC1,CNC(=O)CCn1cc(-c2ccc(F)c(C)c2)nc1C1CCN(c2ncnc(N)c2F)CC1,7.476614231,0.717174017,Active,0.705128205,TRUE
CC(C)N(C)CCn1cc(-c2ccc(F)c(O)c2)nc1C1CCN(c2ncnc(N)c2C(N)=O)CC1,CC(C)N(C)CCn1cc(-c2ccc(F)c(O)c2)nc1C1CCN(c2ncnc(N)c2C(N)=O)CC1,7.297299039,0.717192972,Active,0.868421053,TRUE
COc1ncc(-c2cc3c(C)nc(N)nc3n(C3CCC(O)CC3)c2=O)cn1,COc1ncc(-c2cc3c(C)nc(N)nc3n(C3CCC(O)CC3)c2=O)cn1,7.328559459,0.717212939,Active,0.786885246,TRUE
O=C(Nc1csc(-c2nncn2C2CCNCC2)n1)c1ccc(Cl)c(-n2cnc(C3CC3)c2)c1,O=C(Nc1csc(-c2nncn2C2CCNCC2)n1)c1ccc(Cl)c(-n2cnc(C3CC3)c2)c1,7.695639135,0.71728214,Active,0.611764706,TRUE
COc1ccc(-c2cn(CCN3CCC3)c(C3CCN(c4ncnc(N)c4Br)CC3)n2)cc1,COc1ccc(-c2cn(CCN3CCC3)c(C3CCN(c4ncnc(N)c4Br)CC3)n2)cc1,7.602624393,0.717293525,Active,0.772727273,TRUE
Cn1nccc1-c1cccc(C(=O)NC2CNCCCC2c2ccc(F)c(F)c2)c1,Cn1nccc1-c1cccc(C(=O)NC2CNCCCC2c2ccc(F)c(F)c2)c1,7.525575902,0.717304254,Active,0.753846154,TRUE
CCc1c(N)ncnc1N1CCC(c2nc(-c3cc(O)c(O)c(Cl)c3)cn2CCN2CCC2)CC1,CCc1c(N)ncnc1N1CCC(c2nc(-c3cc(O)c(O)c(Cl)c3)cn2CCN2CCC2)CC1,7.585944045,0.717362309,Active,0.780821918,TRUE
Cc1ccc(-c2cn(CCN3CCC3)c(C3CCN(c4ncnc(N)c4C(F)(F)F)CC3)n2)cc1F,Cc1ccc(-c2cn(CCN3CCC3)c(C3CCN(c4ncnc(N)c4C(F)(F)F)CC3)n2)cc1F,7.232241038,0.717506731,Active,0.77027027,TRUE
Cn1nc(-c2ccc(C(=O)NC3CNCCC3c3cccc(F)c3)nc2)c2ccccc21,Cn1nc(-c2ccc(C(=O)NC3CNCCC3c3cccc(F)c3)nc2)c2ccccc21,7.102833484,0.717519307,Active,0.694444444,TRUE
O=C(Cc1nc(N2CCOCC2)cc(=O)n1-c1ccc(F)cc1)N1CCc2c(F)cccc21,O=C(Cc1nc(N2CCOCC2)cc(=O)n1-c1ccc(F)cc1)N1CCc2c(F)cccc21,7.1291096,0.717521572,Active,0.753846154,TRUE
Cc1oc(-c2c(Cl)cnn2C)cc1C(=O)NC1CNCCC1c1ccc(Cl)cc1,Cc1oc(-c2c(Cl)cnn2C)cc1C(=O)NC1CNCCC1c1ccc(Cl)cc1,7.498468796,0.717842603,Active,0.742424242,TRUE
Cn1ncc(-c2ccc(-c3ccc(C(=O)NC4CNCCC4c4cccc(F)c4)nc3)nc2)c1Cl,Cn1ncc(-c2ccc(-c3ccc(C(=O)NC4CNCCC4c4cccc(F)c4)nc3)nc2)c1Cl,7.313033472,0.71786412,Active,0.757142857,TRUE
Cc1c(N)ncnc1N1CCC(c2nc(-c3ccc(F)c(C(F)(F)F)c3)cn2CCC(=O)NC2CCCCC2)CC1,Cc1c(N)ncnc1N1CCC(c2nc(-c3ccc(F)c(C(F)(F)F)c3)cn2CCC(=O)NC2CCCCC2)CC1,7.472937292,0.717938745,Active,0.728395062,TRUE
CC1SCc2ncnc(N3CCN(C(=O)C(CNC(=O)c4ccc(Cl)cc4)Cc4ccc(F)c(F)c4)CC3)c21,CC1SCc2ncnc(N3CCN(C(=O)C(CNC(=O)c4ccc(Cl)cc4)Cc4ccc(F)c(F)c4)CC3)c21,7.216968184,0.717997515,Active,0.773333333,TRUE
CS(=O)(=O)c1ccc(-c2cn(CCN3CCCC3)c(C3CCN(c4ncnc(N)c4Br)CC3)n2)cc1,CS(=O)(=O)c1ccc(-c2cn(CCN3CCCC3)c(C3CCN(c4ncnc(N)c4Br)CC3)n2)cc1,7.449496662,0.718049252,Active,0.776119403,TRUE
CC1(O)CC(N)(c2ccc(-c3nc4ccc(Br)cn4c3-c3ccccc3)cc2)C1,CC1(O)CC(N)(c2ccc(-c3nc4ccc(Br)cn4c3-c3ccccc3)cc2)C1,7.242577182,0.718094552,Active,0.735849057,TRUE
CNCC(Nc1ncnc2c(C(N)=O)cccc12)c1ccc(F)c(F)c1,CNCC(Nc1ncnc2c(C(N)=O)cccc12)c1ccc(F)c(F)c1,7.65123333,0.718147063,Active,0.803571429,TRUE
COc1ccc(-c2cn(CCN3CCC3)c(C3(O)CCN(c4ncnc(N)c4Cl)CC3)n2)c(Cl)c1,COc1ccc(-c2cn(CCN3CCC3)c(C3(O)CCN(c4ncnc(N)c4Cl)CC3)n2)c(Cl)c1,7.142999919,0.718149507,Active,0.658227848,TRUE
Cc1cccc(-c2cccc3c2CCN3C(=O)Cc2nc(N3CCOCC3)cc(=O)n2-c2ccccc2)n1,Cc1cccc(-c2cccc3c2CCN3C(=O)Cc2nc(N3CCOCC3)cc(=O)n2-c2ccccc2)n1,7.212616256,0.718206608,Active,0.685714286,TRUE
CC1Cc2c(O)cccc2N1C(=O)Cc1nc(=O)c(F)c(N2CCOCC2)[nH]1,CC1Cc2c(O)cccc2N1C(=O)Cc1nc(=O)c(F)c(N2CCOCC2)[nH]1,7.026130837,0.718297446,Active,0.705882353,TRUE
NC(=O)CCn1cc(-c2ccc(C(F)(F)F)c(F)c2)nc1C1CCN(c2ncnc(N)c2Cl)CC1,NC(=O)CCn1cc(-c2ccc(C(F)(F)F)c(F)c2)nc1C1CCN(c2ncnc(N)c2Cl)CC1,7.387839074,0.718453431,Active,0.692307692,TRUE
Cc1cc(-c2cn(CCNC(C)C)c(C3CCN(C4COC4)CC3)n2)ccc1F,Cc1cc(-c2cn(CCNC(C)C)c(C3CCN(C4COC4)CC3)n2)ccc1F,7.147185834,0.71850934,Active,0.607594937,TRUE
CNC(=O)c1c(N)ncnc1N1CCC(c2nc(-c3ccc(F)c(Cl)c3)cn2CCN(C)C)CC1,CNC(=O)c1c(N)ncnc1N1CCC(c2nc(-c3ccc(F)c(Cl)c3)cn2CCN(C)C)CC1,7.331804767,0.718532884,Active,0.725,TRUE
Nc1ncnc(N2CCC(c3nc(-c4ccc(F)c(C(F)(F)F)c4)cn3CC(=O)N3CCC(N4CCCCC4)CC3)CC2)c1F,Nc1ncnc(N2CCC(c3nc(-c4ccc(F)c(C(F)(F)F)c4)cn3CC(=O)N3CCC(N4CCCCC4)CC3)CC2)c1F,7.277839205,0.718544269,Active,0.7,TRUE
O=C(Cc1nc(N2CCOCC2)cc(=O)n1-c1cc2ccccc2s1)Nc1ccc(F)c(Br)c1,O=C(Cc1nc(N2CCOCC2)cc(=O)n1-c1cc2ccccc2s1)Nc1ccc(F)c(Br)c1,7.030554941,0.718611026,Active,0.676056338,TRUE
Cn1ncc(-c2nc(C(=O)NC(CN)Cc3cccc(F)c3)c(Cl)cc2Cl)c1Cl,Cn1ncc(-c2nc(C(=O)NC(CN)Cc3cccc(F)c3)c(Cl)cc2Cl)c1Cl,7.427239617,0.71874764,Active,0.602739726,TRUE
Cn1nc(-c2ccc(C(=O)NC3CNCCC3c3cccc(F)c3)s2)ccc1=O,Cn1nc(-c2ccc(C(=O)NC3CNCCC3c3cccc(F)c3)s2)ccc1=O,7.299250089,0.718782747,Active,0.724637681,TRUE
CNC(=O)c1cccnc1N1CCC(c2nc(-c3ccc(F)c(C(F)(F)F)c3)cn2CCNC(C)C)CC1,CNC(=O)c1cccnc1N1CCC(c2nc(-c3ccc(F)c(C(F)(F)F)c3)cn2CCNC(C)C)CC1,7.563623727,0.7189134,Active,0.67816092,TRUE
Cc1nc2ccc(-c3cncc(OCC(N)Cc4ccc(Cl)c(F)c4)c3)cc2cc1C(N)=O,Cc1nc2ccc(-c3cncc(OCC(N)Cc4ccc(Cl)c(F)c4)c3)cc2cc1C(N)=O,7.173173,0.719242835,Active,0.621621622,TRUE
Cc1cc(N2CCC(c3nc(-c4ccc(F)c(F)c4)cn3CCN3CCC3)CC2)ncn1,Cc1cc(N2CCC(c3nc(-c4ccc(F)c(F)c4)cn3CCN3CCC3)CC2)ncn1,7.071565184,0.719358885,Active,0.78125,TRUE
NC(=O)c1cc2nc(-c3ccc(C4(N)CCC4)cc3)c(-c3ccccc3)n2cc1Br,NC(=O)c1cc2nc(-c3ccc(C4(N)CCC4)cc3)c(-c3ccccc3)n2cc1Br,7.136241965,0.719465458,Active,0.694915254,TRUE
Cc1ccc(F)cc1C(=O)NC(=O)C1(N)CCN(c2ncnc3[nH]ccc23)CC1,Cc1ccc(F)cc1C(=O)NC(=O)C1(N)CCN(c2ncnc3[nH]ccc23)CC1,7.204636668,0.719488585,Active,0.626865672,TRUE
Nc1ncnc(N2CCC(c3nc(-c4cc(F)cc(C(F)(F)F)c4)cn3CCN3CCC3)CC2)c1C(F)(F)F,Nc1ncnc(N2CCC(c3nc(-c4cc(F)cc(C(F)(F)F)c4)cn3CCN3CCC3)CC2)c1C(F)(F)F,7.142860996,0.719525182,Active,0.653846154,TRUE
Cc1oc(-c2ccnn2C)cc1C(=O)NC1CNCCC1c1cc(F)cc(F)c1,Cc1oc(-c2ccnn2C)cc1C(=O)NC1CNCCC1c1cc(F)cc(F)c1,7.24522219,0.719550097,Active,0.723076923,TRUE
CNC(=O)CCCn1cc(-c2ccc(F)c(C(F)(F)F)c2)nc1C1CCN(c2ncnc(N)c2Br)CC1,CNC(=O)CCCn1cc(-c2ccc(F)c(C(F)(F)F)c2)nc1C1CCN(c2ncnc(N)c2Br)CC1,7.881216326,0.719582045,Active,0.7375,TRUE
CCCNC(=O)C(CCc1ccccc1)NC(=O)C1(N)CCN(c2ncnc3[nH]ccc23)CC1,CCCNC(=O)C(CCc1ccccc1)NC(=O)C1(N)CCN(c2ncnc3[nH]ccc23)CC1,7.166341633,0.719676638,Active,0.61971831,TRUE
N#Cc1c(Cl)ncnc1N1CCC(c2nc(C3CC3)cn2CCN2CCCC2)CC1,N#Cc1c(Cl)ncnc1N1CCC(c2nc(C3CC3)cn2CCN2CCCC2)CC1,7.212240451,0.719692373,Active,0.714285714,TRUE
O=C(NC1CCCNCC1c1ccc(F)cc1)c1ccc2c(c1)OCCn1nccc1-2,O=C(NC1CCCNCC1c1ccc(F)cc1)c1ccc2c(c1)OCCn1nccc1-2,8.169149955,0.719745004,Active,0.728571429,TRUE
CSc1cc(C)c2nc(-c3ccc(C4(N)CCC4)cc3)c(-c3ccccc3)n2n1,CSc1cc(C)c2nc(-c3ccc(C4(N)CCC4)cc3)c(-c3ccccc3)n2n1,7.496514582,0.719748819,Active,0.706896552,TRUE
Cc1cc(-c2cn(CC3CCC3)c(C3CCN(c4ncnc(N)c4C(N)=O)CC3)n2)ccc1F,Cc1cc(-c2cn(CC3CCC3)c(C3CCN(c4ncnc(N)c4C(N)=O)CC3)n2)ccc1F,7.349005682,0.719890499,Active,0.805555556,TRUE
Cn1ncc(Cl)c1-c1ccc(C(=O)NC2CNCCC2c2ccc(F)c(F)c2)o1,Cn1ncc(Cl)c1-c1ccc(C(=O)NC2CNCCC2c2ccc(F)c(F)c2)o1,7.538207875,0.719917202,Active,0.828125,TRUE
CS(=O)(=O)c1cccc(-c2cn(CCN3CCCC3)c(C3CCN(c4ncnc(N)c4Cl)CC3)n2)c1,CS(=O)(=O)c1cccc(-c2cn(CCN3CCCC3)c(C3CCN(c4ncnc(N)c4Cl)CC3)n2)c1,7.477761719,0.719960296,Active,0.776315789,TRUE
Cn1nc(-c2cc(F)c(F)c(F)c2)c(Cl)c1C(=O)NC1CNCCC1c1ccc(F)c(F)c1,Cn1nc(-c2cc(F)c(F)c(F)c2)c(Cl)c1C(=O)NC1CNCCC1c1ccc(F)c(F)c1,7.184676812,0.720016146,Active,0.61971831,TRUE
Cn1ncc(Cl)c1-c1cc(F)c(C(=O)NC2CNCCC2c2cc(Cl)c(Cl)s2)cc1F,Cn1ncc(Cl)c1-c1cc(F)c(C(=O)NC2CNCCC2c2cc(Cl)c(Cl)s2)cc1F,7.362765172,0.720057273,Active,0.728571429,TRUE
CCn1cc(-c2ccc(F)c(C(F)(F)F)c2)nc1C1CCN(c2ncnc(N)c2C(=O)NC)CC1,CCn1cc(-c2ccc(F)c(C(F)(F)F)c2)nc1C1CCN(c2ncnc(N)c2C(=O)NC)CC1,7.374249293,0.720123017,Active,0.756410256,TRUE
Cn1ncc(Cl)c1-c1cc(C(=O)NC(CN)Cc2cccc(F)c2)cc(N2CCOCC2)n1,Cn1ncc(Cl)c1-c1cc(C(=O)NC(CN)Cc2cccc(F)c2)cc(N2CCOCC2)n1,7.501293934,0.7201828,Active,0.607594937,TRUE
COc1c(F)c(CC(=O)N2CCc3c(F)cccc32)nc(N2CCOCC2)c1Cl,COc1c(F)c(CC(=O)N2CCc3c(F)cccc32)nc(N2CCOCC2)c1Cl,7.325789681,0.720260823,Active,0.605633803,TRUE
NC1(c2ccc(-c3nc4cc(F)c(Br)cn4c3-c3ccccc3)cc2)CCC1,NC1(c2ccc(-c3nc4cc(F)c(Br)cn4c3-c3ccccc3)cc2)CCC1,7.517204185,0.720382714,Active,0.703703704,TRUE
Cn1ncc(C(=O)NC2CNCCC2c2cc(F)cc(F)c2)c1-c1ccc(F)c(F)c1,Cn1ncc(C(=O)NC2CNCCC2c2cc(F)cc(F)c2)c1-c1ccc(F)c(F)c1,7.282039281,0.720394039,Active,0.681818182,TRUE
COCc1c(-c2csc(C(=O)NC3CNCCC3c3cccc(F)c3)c2)cnn1C,COCc1c(-c2csc(C(=O)NC3CNCCC3c3cccc(F)c3)c2)cnn1C,7.309614859,0.720512116,Active,0.701298701,TRUE
CC(C)NCCn1cc(-c2cncc(C#N)c2)nc1C1CCN(c2ncnc(N)c2Br)CC1,CC(C)NCCn1cc(-c2cncc(C#N)c2)nc1C1CCN(c2ncnc(N)c2Br)CC1,7.942502464,0.720599854,Active,0.611764706,TRUE
O=C(NC(c1ccc(Cl)c(F)c1)C1CCCN1)c1ccc2cnccc2c1,O=C(NC(c1ccc(Cl)c(F)c1)C1CCCN1)c1ccc2cnccc2c1,7.143896594,0.720628881,Active,0.75,TRUE
O=C(NC1(c2ccc(F)cc2)CCN(c2ncnc3[nH]ccc23)CC1)C1(c2ccc(F)cc2)CCNCC1,O=C(NC1(c2ccc(F)cc2)CCN(c2ncnc3[nH]ccc23)CC1)C1(c2ccc(F)cc2)CCNCC1,7.397045291,0.720658803,Active,0.621212121,TRUE
Cn1ncc(Cl)c1-c1nc(NCC(=O)NC2CNCCC2c2ccc(F)c(F)c2)ncc1Cl,Cn1ncc(Cl)c1-c1nc(NCC(=O)NC2CNCCC2c2ccc(F)c(F)c2)ncc1Cl,7.380079291,0.72085824,Active,0.636363636,TRUE
Cc1c(-c2cnc3cc(C(=O)NC4CNCCC4c4ccc(F)c(F)c4)oc3n2)cnn1C,Cc1c(-c2cnc3cc(C(=O)NC4CNCCC4c4ccc(F)c(F)c4)oc3n2)cnn1C,7.206421787,0.720896864,Active,0.604938272,TRUE
O=C(Nc1csc(-c2nncn2C2CC2)n1)c1cc(C(F)(F)F)c(N2CCN(C3CCC3)CC2)cn1,O=C(Nc1csc(-c2nncn2C2CC2)n1)c1cc(C(F)(F)F)c(N2CCN(C3CCC3)CC2)cn1,7.329992704,0.720968151,Active,0.632183908,TRUE
CNCC(Nc1ncnc2c(C(N)=O)cccc12)c1ccc(F)cc1F,CNCC(Nc1ncnc2c(C(N)=O)cccc12)c1ccc(F)cc1F,7.529276145,0.721053565,Active,0.75862069,TRUE
Cn1ncc(Br)c1-c1ccc(C(=O)NC2CNCCC2c2ccc(Cl)c(F)c2)cc1F,Cn1ncc(Br)c1-c1ccc(C(=O)NC2CNCCC2c2ccc(Cl)c(F)c2)cc1F,7.582823981,0.721070135,Active,0.704225352,TRUE
NC(Cc1ccc(Cl)c(F)c1)C(=O)N1CCN(c2ncnc3cccc(Cl)c23)CC1,NC(Cc1ccc(Cl)c(F)c1)C(=O)N1CCN(c2ncnc3cccc(Cl)c23)CC1,7.490195198,0.721088195,Active,0.661538462,TRUE
Nc1cccc(-c2c(-c3ccc(C4(N)CCC4)cc3)nc3ccc(Br)cn23)c1,Nc1cccc(-c2c(-c3ccc(C4(N)CCC4)cc3)nc3ccc(Br)cn23)c1,7.291831848,0.72116133,Active,0.788461538,TRUE
Nc1ncnc(N2CCC(c3nc(-c4cncc(Cl)c4)cn3CCN3CCC3)CC2)c1C(=O)c1ccccc1,Nc1ncnc(N2CCC(c3nc(-c4cncc(Cl)c4)cn3CCN3CCC3)CC2)c1C(=O)c1ccccc1,7.186765975,0.721187675,Active,0.705128205,TRUE
CCC(NC(=O)C1(N)CCN(c2ncnc3[nH]ccc23)CC1)c1ccc(F)cc1,CCC(NC(=O)C1(N)CCN(c2ncnc3[nH]ccc23)CC1)c1ccc(F)cc1,7.672709578,0.721195483,Active,0.836065574,TRUE
O=C(Cc1nc(N2CCOCC2)cc(=O)n1C1CC1)N1CCc2cc(F)c(F)cc21,O=C(Cc1nc(N2CCOCC2)cc(=O)n1C1CC1)N1CCc2cc(F)c(F)cc21,7.202239169,0.721195662,Active,0.754098361,TRUE
Cn1c(CC(=O)N2CCc3c(-c4ccc(CO)cc4)cccc32)nc(N2CCOCC2)cc1=O,Cn1c(CC(=O)N2CCc3c(-c4ccc(CO)cc4)cccc32)nc(N2CCOCC2)cc1=O,7.182405853,0.72133913,Active,0.742424242,TRUE
Cc1[nH]nc2cnc(-c3cncc(OCC(N)Cc4cccc(C(F)(F)F)c4)c3)nc12,Cc1[nH]nc2cnc(-c3cncc(OCC(N)Cc4cccc(C(F)(F)F)c4)c3)nc12,7.474814749,0.721384966,Active,0.638888889,TRUE
Cc1nc(C(=O)NC2CNCCC2c2cccc(F)c2)cc2nc(-c3c(Cl)cnn3C)nn12,Cc1nc(C(=O)NC2CNCCC2c2cccc(F)c2)cc2nc(-c3c(Cl)cnn3C)nn12,7.423406193,0.721581423,Active,0.688311688,TRUE
O=C(NC1CNCCC1c1ccc(C(F)(F)F)nc1)c1cc2c(s1)CCCn1nccc1-2,O=C(NC1CNCCC1c1ccc(C(F)(F)F)nc1)c1cc2c(s1)CCCn1nccc1-2,8.690592983,0.721920812,Active,0.710526316,TRUE
NC(=O)Cn1cc(-c2ccc(F)c(C(F)(F)F)c2)nc1C1CCN(c2ncnc(N)c2Cl)CC1,NC(=O)Cn1cc(-c2ccc(F)c(C(F)(F)F)c2)nc1C1CCN(c2ncnc(N)c2Cl)CC1,7.793253874,0.722177708,Active,0.756756757,TRUE
O=C(Cc1nc(N2CCOCC2)cc(=O)n1-c1ccc(F)cc1F)N1CCc2ccccc21,O=C(Cc1nc(N2CCOCC2)cc(=O)n1-c1ccc(F)cc1F)N1CCc2ccccc21,7.071452395,0.722396278,Active,0.75,TRUE
Cc1nc(C(=O)NC2CNCCC2c2cccc(F)c2)c(C)c(-c2c(Br)cnn2C)n1,Cc1nc(C(=O)NC2CNCCC2c2cccc(F)c2)c(C)c(-c2c(Br)cnn2C)n1,7.515139837,0.722606862,Active,0.68,TRUE
CNC(=O)c1c(N)ncnc1N1CCC(c2nc(-c3ccc(F)c(Cl)c3)cn2CCN)CC1,CNC(=O)c1c(N)ncnc1N1CCC(c2nc(-c3ccc(F)c(Cl)c3)cn2CCN)CC1,7.559581966,0.7226071,Active,0.727272727,TRUE
N#Cc1c(N)ncnc1N1CCC(c2nc(C3CCN(C4CCOC4)CC3)cn2CCN2CCC2)CC1,N#Cc1c(N)ncnc1N1CCC(c2nc(C3CCN(C4CCOC4)CC3)cn2CCN2CCC2)CC1,7.188789709,0.7226493,Active,0.764705882,TRUE
Cn1c(CC(=O)N2CCc3c(F)cccc32)nc(N2CCOCC2)c1Cc1ccccc1,Cn1c(CC(=O)N2CCc3c(F)cccc32)nc(N2CCOCC2)c1Cc1ccccc1,7.116195742,0.722733343,Active,0.727272727,TRUE
CC1Cc2ccc(F)cc2N1C(=O)Cc1nc(N2CCOCC2)cc(=O)n1-c1ccccc1F,CC1Cc2ccc(F)cc2N1C(=O)Cc1nc(N2CCOCC2)cc(=O)n1-c1ccccc1F,7.284117646,0.722817087,Active,0.68115942,TRUE
CNC(=O)c1nc(C)c2nc(-c3ccc(C4(N)CCC4)cc3)c(-c3ccccc3)n2n1,CNC(=O)c1nc(C)c2nc(-c3ccc(C4(N)CCC4)cc3)c(-c3ccccc3)n2n1,7.010437623,0.722867036,Active,0.681818182,TRUE
Cn1nc(-c2cccc3c2CCN3C(=O)Cc2nc(N3CCOCC3)cc(=O)n2C)cc1Cl,Cn1nc(-c2cccc3c2CCN3C(=O)Cc2nc(N3CCOCC3)cc(=O)n2C)cc1Cl,7.269463068,0.722868943,Active,0.75,TRUE
COc1ccc(C(=O)NC2CNCCC2c2ccc(F)c(F)c2)nc1-c1c(Cl)cnn1C,COc1ccc(C(=O)NC2CNCCC2c2ccc(F)c(F)c2)nc1-c1c(Cl)cnn1C,7.498398512,0.722878897,Active,0.675675676,TRUE
CCc1c(N)ncnc1N1CCC(c2nc(-c3ccccc3F)cn2CCN2CCC2)CC1,CCc1c(N)ncnc1N1CCC(c2nc(-c3ccccc3F)cn2CCN2CCC2)CC1,7.091194831,0.723014557,Active,0.757142857,TRUE
Nc1ncnc(N2CCC(c3nc(-c4ccc(F)c(O)c4)cn3CCN3CCC3)CC2)c1F,Nc1ncnc(N2CCC(c3nc(-c4ccc(F)c(O)c4)cn3CCN3CCC3)CC2)c1F,7.680624444,0.72304436,Active,0.771428571,TRUE
Cn1cc(C2CCNCC2NC(=O)c2ccc(-c3ccnn3C)s2)cn1,Cn1cc(C2CCNCC2NC(=O)c2ccc(-c3ccnn3C)s2)cn1,7.341082371,0.723107839,Active,0.774193548,TRUE
N#Cc1cccc(-c2cn(CCN3CCC3)c(C3CCN(c4ncnc(N)c4F)CC3)n2)c1,N#Cc1cccc(-c2cn(CCN3CCC3)c(C3CCN(c4ncnc(N)c4F)CC3)n2)c1,7.507947461,0.723145092,Active,0.72972973,TRUE
Cc1nc(N)nc(-c2c(-c3ccc(C4(N)CCC4)cc3)nc3c(Br)cccn23)n1,Cc1nc(N)nc(-c2c(-c3ccc(C4(N)CCC4)cc3)nc3c(Br)cccn23)n1,7.497918758,0.723239863,Active,0.672727273,TRUE
Cn1c(CC(=O)N2CCc3c(-c4ccccc4)cccc32)nc(N2CCOCC2)cc1=O,Cn1c(CC(=O)N2CCc3c(-c4ccccc4)cccc32)nc(N2CCOCC2)cc1=O,7.215626847,0.723250532,Active,0.777777778,TRUE
CNC(=O)NCCn1cc(-c2ccc(F)c(C(F)(F)F)c2)nc1C1CCN(c2ncnc3[nH]nc(C)c23)CC1,CNC(=O)NCCn1cc(-c2ccc(F)c(C(F)(F)F)c2)nc1C1CCN(c2ncnc3[nH]nc(C)c23)CC1,8.117806898,0.723458493,Active,0.659090909,TRUE
Nc1ncnc(N2CCC(c3nc(-c4cc(F)c(F)cc4F)cn3CCN3CCC3)CC2)c1Br,Nc1ncnc(N2CCC(c3nc(-c4cc(F)c(F)cc4F)cn3CCN3CCC3)CC2)c1Br,7.957581627,0.723478758,Active,0.76119403,TRUE
O=C(Cc1nc(N2CCOCC2)cc(=O)n1-c1cccc(F)c1)N1CCc2c(F)cccc21,O=C(Cc1nc(N2CCOCC2)cc(=O)n1-c1cccc(F)c1)N1CCc2c(F)cccc21,7.156181572,0.723526144,Active,0.742424242,TRUE
CC(=O)NCC(NC(=O)C1(N)CCN(c2ncnc3c2C(C)CC3)CC1)c1ccc(Cl)cc1,CC(=O)NCC(NC(=O)C1(N)CCN(c2ncnc3c2C(C)CC3)CC1)c1ccc(Cl)cc1,7.059318369,0.723547125,Active,0.675675676,TRUE
Cc1nc(N)nc2c1cc(-c1cnc(Cl)c(F)c1)c(=O)n2C1CCC(OCC(=O)NCCF)CC1,Cc1nc(N)nc2c1cc(-c1cnc(Cl)c(F)c1)c(=O)n2C1CCC(OCC(=O)NCCF)CC1,7.610566962,0.723561728,Active,0.675,TRUE
NC(=O)c1ccnc2c(NC(CN3CCC3)c3cc(F)cc(Br)c3)ncnc12,NC(=O)c1ccnc2c(NC(CN3CCC3)c3cc(F)cc(Br)c3)ncnc12,7.059719787,0.723631167,Active,0.777777778,TRUE
Cn1nccc1-c1cc(C(=O)NC2CNCCC2c2ccccc2)oc1Cl,Cn1nccc1-c1cc(C(=O)NC2CNCCC2c2ccccc2)oc1Cl,7.352738587,0.723632002,Active,0.753846154,TRUE
Cc1c[nH]c2ncnc(N3CCC(N)(CNC(=O)c4ccccc4Cl)CC3)c12,Cc1c[nH]c2ncnc(N3CCC(N)(CNC(=O)c4ccccc4Cl)CC3)c12,7.272373444,0.723670089,Active,0.727272727,TRUE
COc1cc(N2CCC(c3nc(-c4ccc(Cl)c(C#N)c4)cn3CCN3CCC3)CC2)ncn1,COc1cc(N2CCC(c3nc(-c4ccc(Cl)c(C#N)c4)cn3CCN3CCC3)CC2)ncn1,7.460637215,0.723798835,Active,0.607142857,TRUE
Nc1cc(N2CCC(c3nc(-c4ccc(F)c(CO)c4)cn3CCN3CCC3)CC2)ncn1,Nc1cc(N2CCC(c3nc(-c4ccc(F)c(CO)c4)cn3CCN3CCC3)CC2)ncn1,7.418355,0.72384795,Active,0.815384615,TRUE
Cn1nccc1-c1cc(F)c(C(=O)NC2CNCCC2c2cccc(F)c2)c(Cl)c1,Cn1nccc1-c1cc(F)c(C(=O)NC2CNCCC2c2cccc(F)c2)c(Cl)c1,7.414755474,0.723887527,Active,0.820895522,TRUE
COc1ccc(-n2c(CC(=O)N3c4cccc(F)c4CC3C)nc(N3CCOCC3)cc2=O)cc1,COc1ccc(-n2c(CC(=O)N3c4cccc(F)c4CC3C)nc(N3CCOCC3)cc2=O)cc1,7.303955114,0.723894024,Active,0.736111111,TRUE
Cc1cccc2c(N3CCN(C(=O)C(N)Cc4ccc(F)c(F)c4)CC3)ncnc12,Cc1cccc2c(N3CCN(C(=O)C(N)Cc4ccc(F)c(F)c4)CC3)ncnc12,7.002372592,0.723919356,Active,0.741935484,TRUE
Cc1nc(N)nc2c1cc(-c1cc(F)cc(F)c1Cl)c(=O)n2C1CCC(OCC(N)=O)CC1,Cc1nc(N)nc2c1cc(-c1cc(F)cc(F)c1Cl)c(=O)n2C1CCC(OCC(N)=O)CC1,7.408516351,0.723964059,Active,0.666666667,TRUE
O=C(Cc1nc(N2CCOCC2)cc(=O)n1-c1ccc(F)cc1)N1CCCc2c(Cl)cccc21,O=C(Cc1nc(N2CCOCC2)cc(=O)n1-c1ccc(F)cc1)N1CCCc2c(Cl)cccc21,7.164992446,0.723971093,Active,0.661971831,TRUE
Nc1ncnc(N2CCC(c3nc(-c4ccnc(Cl)c4)cn3CCN3CCC3)CC2)c1C(=O)c1ccc(F)c(F)c1,Nc1ncnc(N2CCC(c3nc(-c4ccnc(Cl)c4)cn3CCN3CCC3)CC2)c1C(=O)c1ccc(F)c(F)c1,7.53242783,0.72397759,Active,0.734177215,TRUE
NC(=O)c1cccnc1N1CCC(c2nc(-c3ccc(F)c(Cl)c3)cn2CCN2CCC2)CC1,NC(=O)c1cccnc1N1CCC(c2nc(-c3ccc(F)c(Cl)c3)cn2CCN2CCC2)CC1,7.681408166,0.723982954,Active,0.727272727,TRUE
O=C(NC(Cc1ccc(Cl)cc1)C(=O)N1CCN(c2ncnc3[nH]ccc23)CC1)c1ccc(F)cc1,O=C(NC(Cc1ccc(Cl)cc1)C(=O)N1CCN(c2ncnc3[nH]ccc23)CC1)c1ccc(F)cc1,7.54801107,0.724095786,Active,0.703125,TRUE
NC1(C(=O)NCc2cc(F)c(F)cc2F)CCN(c2ncnc3[nH]ccc23)C1,NC1(C(=O)NCc2cc(F)c(F)cc2F)CCN(c2ncnc3[nH]ccc23)C1,7.286632162,0.724124157,Active,0.615384615,TRUE
N#Cc1ccc(-c2cn(CCN3CCC3)c(C3CCN(c4ncnc(N)c4F)CC3)n2)cc1F,N#Cc1ccc(-c2cn(CCN3CCC3)c(C3CCN(c4ncnc(N)c4F)CC3)n2)cc1F,7.24511451,0.724269056,Active,0.763888889,TRUE
N#Cc1ccc(-c2cn(CCN3CCC3)c(C3CCN(c4cc(N)ncn4)CC3F)n2)cc1F,N#Cc1ccc(-c2cn(CCN3CCC3)c(C3CCN(c4cc(N)ncn4)CC3F)n2)cc1F,7.472864926,0.724314952,Active,0.635294118,TRUE
CN(C)C(=O)Cn1cc(-c2ccc(F)c(C(F)(F)F)c2)nc1C1CCN(c2ncnc(N)c2F)CC1,CN(C)C(=O)Cn1cc(-c2ccc(F)c(C(F)(F)F)c2)nc1C1CCN(c2ncnc(N)c2F)CC1,7.47610663,0.724517488,Active,0.710526316,TRUE
Nc1ncnc(N2CCC(c3nc(-c4cncc(Cl)c4)cn3CC3CNC3)CC2)c1F,Nc1ncnc(N2CCC(c3nc(-c4cncc(Cl)c4)cn3CC3CNC3)CC2)c1F,7.508700957,0.724586809,Active,0.641025641,TRUE
COc1ccc(OC)c(CC(N)COc2cncc(-c3ccc4[nH]nc(C)c4c3)c2)c1,COc1ccc(OC)c(CC(N)COc2cncc(-c3ccc4[nH]nc(C)c4c3)c2)c1,7.156033975,0.724854016,Active,0.852459016,TRUE
NC(=O)c1cccc2c(NC(CN3CC(F)C3)c3ccc(C(F)(F)F)cc3)ncnc12,NC(=O)c1cccc2c(NC(CN3CC(F)C3)c3ccc(C(F)(F)F)cc3)ncnc12,7.518572977,0.724926436,Active,0.806451613,TRUE
Cc1[nH]nc2ccc(-c3cc(OCC(N)Cc4ccccc4)cnc3-c3ccncc3)cc12,Cc1[nH]nc2ccc(-c3cc(OCC(N)Cc4ccccc4)cnc3-c3ccncc3)cc12,7.245531279,0.724928343,Active,0.734375,TRUE
NC(=O)c1c(N)ncnc1N1CCC(c2nc(-c3cccc(C(F)(F)F)c3)cn2CCNCC(F)(F)F)CC1,NC(=O)c1c(N)ncnc1N1CCC(c2nc(-c3cccc(C(F)(F)F)c3)cn2CCNCC(F)(F)F)CC1,7.151749188,0.725016499,Active,0.782051282,TRUE
Cc1nc(C(=O)NC2CNCCC2c2cccc(F)c2)cc2[nH]c(-c3c(Br)cnn3C)nc12,Cc1nc(C(=O)NC2CNCCC2c2cccc(F)c2)cc2[nH]c(-c3c(Br)cnn3C)nc12,7.325859607,0.725040817,Active,0.688311688,TRUE
CCN(C)C(=O)c1c(N)ncnc1N1CCC(c2nc(-c3cccc(Cl)c3)cn2CCN2CCC2)CC1,CCN(C)C(=O)c1c(N)ncnc1N1CCC(c2nc(-c3cccc(Cl)c3)cn2CCN2CCC2)CC1,7.009939819,0.725062752,Active,0.779220779,TRUE
CNc1c(N)ncnc1N1CCC(c2nc(-c3ccc(F)c(OC)c3)cn2CCN2CCC2)CC1,CNc1c(N)ncnc1N1CCC(c2nc(-c3ccc(F)c(OC)c3)cn2CCN2CCC2)CC1,7.579936902,0.725066209,Active,0.8,TRUE
Cc1ccc(-c2cn(CCN3CCC3)c(C3CCN(c4cc(N)ncn4)CC3)n2)cc1Cl,Cc1ccc(-c2cn(CCN3CCC3)c(C3CCN(c4cc(N)ncn4)CC3)n2)cc1Cl,7.491271288,0.725067639,Active,0.757575758,TRUE
CNCCn1cc(-c2ccnc(C(N)=O)c2)nc1C1CCN(c2ncnc(N)c2Cl)CC1,CNCCn1cc(-c2ccnc(C(N)=O)c2)nc1C1CCN(c2ncnc(N)c2Cl)CC1,7.636871449,0.725146854,Active,0.767123288,TRUE
Cc1cc(OCc2ccc3nc(-c4ccc(C5(N)CCC5)cc4)c(-c4ccccc4)n3n2)nn1C,Cc1cc(OCc2ccc3nc(-c4ccc(C5(N)CCC5)cc4)c(-c4ccccc4)n3n2)nn1C,7.049499902,0.725165033,Active,0.682539683,TRUE
Cc1c(N)ncnc1N1CCC(c2nc(-c3ccc(F)c(F)c3)cn2CCN(C)C)CC1,Cc1c(N)ncnc1N1CCC(c2nc(-c3ccc(F)c(F)c3)cn2CCN(C)C)CC1,7.526553387,0.725283766,Active,0.746478873,TRUE
Nc1ncnc(N2CCC(c3nc(-c4ccc(F)c(C(F)(F)F)c4)cn3CCN(CCO)CC(F)F)CC2)c1Cl,Nc1ncnc(N2CCC(c3nc(-c4ccc(F)c(C(F)(F)F)c4)cn3CCN(CCO)CC(F)F)CC2)c1Cl,7.504857371,0.725358033,Active,0.707317073,TRUE
NC(Cc1ccc(Br)cc1)C(=O)N1CCN(c2ncnc3cccc(Cl)c23)CC1,NC(Cc1ccc(Br)cc1)C(=O)N1CCN(c2ncnc3cccc(Cl)c23)CC1,7.20727,0.72539767,Active,0.728813559,TRUE
NC1(C(=O)NCc2nc(N3CCCC3)c(F)cc2F)CCN(c2ncnc3[nH]ccc23)CC1,NC1(C(=O)NCc2nc(N3CCCC3)c(F)cc2F)CCN(c2ncnc3[nH]ccc23)CC1,7.202004339,0.725443447,Active,0.636363636,TRUE
Cn1ncc(Cl)c1-c1cc(C(=O)NC2CNCCC2c2ccccc2)n(C)c1C1CC1,Cn1ncc(Cl)c1-c1cc(C(=O)NC2CNCCC2c2ccccc2)n(C)c1C1CC1,7.243901692,0.725459957,Active,0.727272727,TRUE
Cn1ncc(Cl)c1-c1ccc(C(=O)NC2CNCCC2c2cccc(F)c2)c(F)c1F,Cn1ncc(Cl)c1-c1ccc(C(=O)NC2CNCCC2c2cccc(F)c2)c(F)c1F,7.31979195,0.725470805,Active,0.736111111,TRUE
Nc1ncnc(N2CCC(c3nc(-c4ccccc4F)cn3CCN3CCCC3)CC2)c1F,Nc1ncnc(N2CCC(c3nc(-c4ccccc4F)cn3CCN3CCCC3)CC2)c1F,7.231413666,0.725513124,Active,0.776119403,TRUE
Cc1c(N)ncnc1N1CCC(c2nc(-c3ccc(F)c(F)c3)cn2CCNC(C)C)C(F)(F)C1,Cc1c(N)ncnc1N1CCC(c2nc(-c3ccc(F)c(F)c3)cn2CCNC(C)C)C(F)(F)C1,7.719546195,0.725524628,Active,0.647058824,TRUE
CC(C)n1cc(C2CCNCC2NC(=O)c2ccc(-c3c(Br)cnn3C)o2)cn1,CC(C)n1cc(C2CCNCC2NC(=O)c2ccc(-c3c(Br)cnn3C)o2)cn1,7.172068664,0.725547099,Active,0.75,TRUE
Cn1cc(Cl)c(-c2ccc(C(=O)NC3CNCCC3c3ccc(F)c(F)c3)c(Cl)c2)n1,Cn1cc(Cl)c(-c2ccc(C(=O)NC3CNCCC3c3ccc(F)c(F)c3)c(Cl)c2)n1,7.284455474,0.725824797,Active,0.735294118,TRUE
O=C(Cc1nc(N2CCOCC2)cc(=O)n1-c1ccccc1)N1CCc2ccc(C(F)F)cc21,O=C(Cc1nc(N2CCOCC2)cc(=O)n1-c1ccccc1)N1CCc2ccc(C(F)F)cc21,7.114916676,0.726046705,Active,0.793650794,TRUE
Cn1c(CC(=O)N2CCc3cc(F)ccc32)nc(N2CCOCC2)cc1=O,Cn1c(CC(=O)N2CCc3cc(F)ccc32)nc(N2CCOCC2)cc1=O,7.527019997,0.726209307,Active,0.862068966,TRUE
Cc1ccc2ncnc(N3CCC(N)(C(=O)NC(CO)c4ccc(Cl)cc4)CC3)c2n1,Cc1ccc2ncnc(N3CCC(N)(C(=O)NC(CO)c4ccc(Cl)cc4)CC3)c2n1,7.130154384,0.726228499,Active,0.661764706,TRUE
O=C(NC1CC1c1ccc(F)c(F)c1)c1ccc2c(c1)OCCn1nccc1-2,O=C(NC1CC1c1ccc(F)c(F)c1)c1ccc2c(c1)OCCn1nccc1-2,7.752594986,0.726321781,Active,0.784615385,TRUE
Cc1nnc(C2CCNCC2NC(=O)c2ccc3c(c2)OCCn2ncc(Cl)c2-3)o1,Cc1nnc(C2CCNCC2NC(=O)c2ccc3c(c2)OCCn2ncc(Cl)c2-3)o1,8.192431956,0.726336563,Active,0.72,TRUE
Cc1cc(-c2cn(CC3CC3)c(C3CCN(c4ncnc(N)c4C(N)=O)CC3)n2)ccc1F,Cc1cc(-c2cn(CC3CC3)c(C3CCN(c4ncnc(N)c4C(N)=O)CC3)n2)ccc1F,7.270246333,0.72643199,Active,0.828571429,TRUE
O=C(Cc1nc(N2CCOCC2)cc(=O)n1-c1ccccc1)N1CCc2c(-c3ccc(F)cc3)cccc21,O=C(Cc1nc(N2CCOCC2)cc(=O)n1-c1ccccc1)N1CCc2c(-c3ccc(F)cc3)cccc21,7.203001754,0.72652694,Active,0.695652174,TRUE
NC1(C(=O)Nc2ccc(Cl)cc2)CCN(c2ncnc3[nH]ccc23)CC1,NC1(C(=O)Nc2ccc(Cl)cc2)CCN(c2ncnc3[nH]ccc23)CC1,7.32716332,0.726536536,Active,0.75,TRUE
CC1Cc2ccc(Cl)cc2N1C(=O)Cc1nc(N2CCOCC2)cc(=O)n1C,CC1Cc2ccc(Cl)cc2N1C(=O)Cc1nc(N2CCOCC2)cc(=O)n1C,7.204449025,0.726629996,Active,0.790322581,TRUE
Cc1ccc(CC(N)C(=O)N2CCN(c3ncnc4cccc(Br)c34)CC2)cc1,Cc1ccc(CC(N)C(=O)N2CCN(c3ncnc4cccc(Br)c34)CC2)cc1,7.266869201,0.726636195,Active,0.728813559,TRUE
CNC(=O)CCn1cc(-c2cccc(F)c2)nc1C1CCN(c2ncnc(N)c2Cl)CC1,CNC(=O)CCn1cc(-c2cccc(F)c2)nc1C1CCN(c2ncnc(N)c2Cl)CC1,7.330253817,0.726671898,Active,0.72972973,TRUE
CC(=O)c1ccc(-c2cn(CCN3CCCC3)c(C3CCN(c4ncnc(N)c4F)CC3)n2)cc1,CC(=O)c1ccc(-c2cn(CCN3CCCC3)c(C3CCN(c4ncnc(N)c4F)CC3)n2)cc1,7.312729429,0.726698899,Active,0.708333333,TRUE
O=C(Cc1nc(N2CCOCC2)cc(=O)n1-c1nccs1)N1CCc2cc(F)ccc21,O=C(Cc1nc(N2CCOCC2)cc(=O)n1-c1nccs1)N1CCc2cc(F)ccc21,7.422856317,0.726712132,Active,0.611111111,TRUE
Cc1ccc(F)cc1CNC(=O)C1(N)CCN(c2ncnc3[nH]ccc23)CC1,Cc1ccc(F)cc1CNC(=O)C1(N)CCN(c2ncnc3[nH]ccc23)CC1,7.437763423,0.72673943,Active,0.646153846,TRUE
CC(C)(C)NC(=O)CCn1cc(-c2ccc(F)c(C(F)(F)F)c2)nc1C1CCN(c2cc(N)ncn2)CC1,CC(C)(C)NC(=O)CCn1cc(-c2ccc(F)c(C(F)(F)F)c2)nc1C1CCN(c2cc(N)ncn2)CC1,7.430476231,0.72676661,Active,0.714285714,TRUE
Nc1ncnc(N2CCC(c3nc(-c4ccc(F)c(F)c4)cn3CCN3CCCC3)CC2)n1,Nc1ncnc(N2CCC(c3nc(-c4ccc(F)c(F)c4)cn3CCN3CCCC3)CC2)n1,7.149975358,0.726768696,Active,0.753846154,TRUE
Nc1ncnc(N2CCC(c3nc(-c4ccc(F)c(C(F)(F)F)c4)cn3CC(=O)N3CCOCC3)CC2)c1Cl,Nc1ncnc(N2CCC(c3nc(-c4ccc(F)c(C(F)(F)F)c4)cn3CC(=O)N3CCOCC3)CC2)c1Cl,7.322145619,0.726830924,Active,0.7125,TRUE
Cn1ncc(Cl)c1-c1cc(C(=O)NC(CO)Cc2cc(F)cc(F)c2)sc1Cl,Cn1ncc(Cl)c1-c1cc(C(=O)NC(CO)Cc2cc(F)cc(F)c2)sc1Cl,7.585908548,0.726890528,Active,0.734375,TRUE
Cc1cc(-c2cn(CCN3CCN(C)CC3)c(C3CCN(c4ncnc(N)c4Cl)CC3)n2)ccc1F,Cc1cc(-c2cn(CCN3CCN(C)CC3)c(C3CCN(c4ncnc(N)c4Cl)CC3)n2)ccc1F,7.438712773,0.726988339,Active,0.771428571,TRUE
NC(=O)COc1cc(-c2cn(CCN3CCCC3)c(C3CCN(c4cc(N)ncn4)CC3)n2)ccc1F,NC(=O)COc1cc(-c2cn(CCN3CCCC3)c(C3CCN(c4cc(N)ncn4)CC3)n2)ccc1F,7.556132148,0.727018738,Active,0.76056338,TRUE
Cn1ncc(-c2cc(F)c(C(=O)NC3CNCCC3c3ccc(F)cc3)cc2F)c1Cl,Cn1ncc(-c2cc(F)c(C(=O)NC3CNCCC3c3ccc(F)cc3)cc2F)c1Cl,7.152362118,0.727101827,Active,0.727272727,TRUE
Cn1ncc(-c2ccc(C(=O)NC3CNCCC3c3cccc(F)c3)cc2)c1Br,Cn1ncc(-c2ccc(C(=O)NC3CNCCC3c3cccc(F)c3)cc2)c1Br,7.014598502,0.727127457,Active,0.735294118,TRUE
Cc1c(N2CCOCC2)nc(CC(=O)N2c3ccccc3CC2C)n1C,Cc1c(N2CCOCC2)nc(CC(=O)N2c3ccccc3CC2C)n1C,7.228828523,0.727136099,Active,0.770491803,TRUE
COCc1cc(-c2ccc(C(=O)NC3CNCCC3c3cccc(F)c3)cc2)nn1C,COCc1cc(-c2ccc(C(=O)NC3CNCCC3c3cccc(F)c3)cc2)nn1C,7.180051455,0.727138722,Active,0.626666667,TRUE
NC(=O)c1cc2n(n1)CCOc1cc(C(=O)NC3CNCCC3c3ccc(F)cc3)ccc1-2,NC(=O)c1cc2n(n1)CCOc1cc(C(=O)NC3CNCCC3c3ccc(F)cc3)ccc1-2,8.32743075,0.727171803,Active,0.662162162,TRUE
NC(=O)c1ccnc2c(NC(CN3CCC3)c3ccc(Cl)c(C(F)(F)F)c3)ncnc12,NC(=O)c1ccnc2c(NC(CN3CCC3)c3ccc(Cl)c(C(F)(F)F)c3)ncnc12,7.126817121,0.727210605,Active,0.820895522,TRUE
NC(=O)Cn1cc(-c2ccc(C(F)(F)F)c(F)c2)nc1C1CCN(c2ncnc(N)c2Cl)CC1,NC(=O)Cn1cc(-c2ccc(C(F)(F)F)c(F)c2)nc1C1CCN(c2ncnc(N)c2Cl)CC1,7.545037941,0.727304304,Active,0.666666667,TRUE
Cc1[nH]nc2ncc(-c3cncc(OCC(N)Cc4cccc(Br)c4)c3)cc12,Cc1[nH]nc2ncc(-c3cncc(OCC(N)Cc4cccc(Br)c4)c3)cc12,7.795972242,0.727331722,Active,0.71875,TRUE
O=C(Cc1nc(N2CCOCC2)cc(=O)n1-c1ccc(F)cc1)N1c2ccccc2CC1c1ccccc1,O=C(Cc1nc(N2CCOCC2)cc(=O)n1-c1ccc(F)cc1)N1c2ccccc2CC1c1ccccc1,7.12408763,0.72735616,Active,0.657534247,TRUE
Cc1cc(Br)cc2c(N3CCN(C(=O)C(N)Cc4ccc(F)cc4)CC3)ncnc12,Cc1cc(Br)cc2c(N3CCN(C(=O)C(N)Cc4ccc(F)cc4)CC3)ncnc12,7.167977563,0.727375352,Active,0.640625,TRUE
Cn1ncc(Br)c1-c1sc(C(=O)NC2CNCCC2c2ccc(F)c(F)c2)nc1Cl,Cn1ncc(Br)c1-c1sc(C(=O)NC2CNCCC2c2ccc(F)c(F)c2)nc1Cl,7.656157428,0.727432513,Active,0.708333333,TRUE
Cc1nnn(C)c1-c1ccc(C(=O)NC2CNCCC2c2cccc(F)c2)cc1,Cc1nnn(C)c1-c1ccc(C(=O)NC2CNCCC2c2cccc(F)c2)cc1,7.041876295,0.727503443,Active,0.720588235,TRUE
Cn1ncc(C(F)(F)F)c1-c1cc(C(=O)NC2CNCCC2c2cccc(F)c2)no1,Cn1ncc(C(F)(F)F)c1-c1cc(C(=O)NC2CNCCC2c2cccc(F)c2)no1,7.329968225,0.727516079,Active,0.653333333,TRUE
CCNC(=O)Cn1cc(-c2ccc(F)c(Cl)c2)nc1C1CCN(c2ncnc(N)c2C(N)=O)CC1,CCNC(=O)Cn1cc(-c2ccc(F)c(Cl)c2)nc1C1CCN(c2ncnc(N)c2C(N)=O)CC1,7.657850627,0.72782352,Active,0.734177215,TRUE
Nc1ncnc(N2CCC(c3nc(-c4ccc(F)cc4)cn3CCN3CCCC3)CC2)c1C(=O)C1CC1,Nc1ncnc(N2CCC(c3nc(-c4ccc(F)cc4)cn3CCN3CCCC3)CC2)c1C(=O)C1CC1,7.56589566,0.72786572,Active,0.850746269,TRUE
Cn1nc(-c2ccc(C(=O)NC3CNCCC3c3cccc(F)c3)cc2)c2c1CCSC2,Cn1nc(-c2ccc(C(=O)NC3CNCCC3c3cccc(F)c3)cc2)c2c1CCSC2,7.349190364,0.727935517,Active,0.61038961,TRUE
Cc1[nH]nc2ccc(-c3cncc(OCC(N)Cc4cccc(-c5ncon5)c4)c3)cc12,Cc1[nH]nc2ccc(-c3cncc(OCC(N)Cc4cccc(-c5ncon5)c4)c3)cc12,7.375735712,0.728087747,Active,0.611111111,TRUE
COCCNC(=O)Cn1cc(-c2ccc(F)c(Cl)c2)nc1C1CCN(c2ncnc(N)c2C(N)=O)CC1,COCCNC(=O)Cn1cc(-c2ccc(F)c(Cl)c2)nc1C1CCN(c2ncnc(N)c2C(N)=O)CC1,7.454581433,0.728224242,Active,0.69047619,TRUE
COc1[nH]nc2ccc(-c3cncc(OCC(N)Cc4ccccc4F)c3)cc12,COc1[nH]nc2ccc(-c3cncc(OCC(N)Cc4ccccc4F)c3)cc12,7.119647025,0.728229606,Active,0.632352941,TRUE
CN(C)CCn1cc(-c2ccc(C#N)cc2F)nc1C1CCN(c2ncnc(N)c2F)CC1,CN(C)CCn1cc(-c2ccc(C#N)cc2F)nc1C1CCN(c2ncnc(N)c2F)CC1,7.468853275,0.728240454,Active,0.6375,TRUE
Cn1nc(-c2ccc(C(=O)NC3CNCCC3c3cccc(F)c3)nc2)c2cccnc21,Cn1nc(-c2ccc(C(=O)NC3CNCCC3c3cccc(F)c3)nc2)c2cccnc21,7.131452344,0.728249753,Active,0.698630137,TRUE
COc1c(N)ncnc1N1CCC(c2nc(-c3ccc(F)c(F)c3)cn2CCN2CCC2)CC1,COc1c(N)ncnc1N1CCC(c2nc(-c3ccc(F)c(F)c3)cn2CCN2CCC2)CC1,7.635166991,0.728279972,Active,0.845070423,TRUE
NC1(C(=O)NC(=O)c2cc(F)ccc2F)CCN(c2ncnc3[nH]ccc23)CC1,NC1(C(=O)NC(=O)c2cc(F)ccc2F)CCN(c2ncnc3[nH]ccc23)CC1,7.142703632,0.728319728,Active,0.621212121,TRUE
Cn1ncc(Br)c1-c1csc(C(=O)NC2CNCCC2c2cccc(F)c2)n1,Cn1ncc(Br)c1-c1csc(C(=O)NC2CNCCC2c2cccc(F)c2)n1,7.42463116,0.72833463,Active,0.726027397,TRUE
CCc1c(N)ncnc1N1CCC(c2nc(-c3cnc(C)c(F)c3)cn2CCN2CCC2)CC1,CCc1c(N)ncnc1N1CCC(c2nc(-c3cnc(C)c(F)c3)cn2CCN2CCC2)CC1,7.347210674,0.728394592,Active,0.8,TRUE
NC(=O)c1cccc2c(NC(CN3CCCC(F)C3)c3ccc(F)cc3)ncnc12,NC(=O)c1cccc2c(NC(CN3CCCC(F)C3)c3ccc(F)cc3)ncnc12,7.492709363,0.728477502,Active,0.806451613,TRUE
Cc1cc(-c2cn(CCN3CCC3)c(C3CCN(c4ncccc4F)CC3)n2)ccc1F,Cc1cc(-c2cn(CCN3CCC3)c(C3CCN(c4ncccc4F)CC3)n2)ccc1F,7.217117825,0.728483939,Active,0.704225352,TRUE
O=C(Cc1nc(=O)cc(N2CCCC2)[nH]1)N1CCc2ccc(F)cc21,O=C(Cc1nc(=O)cc(N2CCCC2)[nH]1)N1CCc2ccc(F)cc21,7.261257813,0.728519881,Active,0.609375,TRUE
O=C(Cc1nc(N2CCOCC2)cc(=O)n1-c1ccccc1)N1c2ccccc2CC1c1ccc(F)nc1,O=C(Cc1nc(N2CCOCC2)cc(=O)n1-c1ccccc1)N1c2ccccc2CC1c1ccc(F)nc1,7.014901354,0.728629613,Active,0.608108108,TRUE
Nc1cc(N2CCC(c3nc(-c4cc(F)cc(C(F)(F)F)c4)cn3CCN3CCC3)CC2)ncn1,Nc1cc(N2CCC(c3nc(-c4cc(F)cc(C(F)(F)F)c4)cn3CCN3CCC3)CC2)ncn1,7.067567387,0.728673363,Active,0.776119403,TRUE
Cn1c(CC(=O)N2CCc3c(F)cccc32)nc(N2CCOCC2)c1O,Cn1c(CC(=O)N2CCc3c(F)cccc32)nc(N2CCOCC2)c1O,7.021568759,0.728807056,Active,0.8,TRUE
Cn1ncc(Br)c1-c1cnc(C(=O)NC2CNCCC2c2ccc(F)c(F)c2)s1,Cn1ncc(Br)c1-c1cnc(C(=O)NC2CNCCC2c2ccc(F)c(F)c2)s1,7.526448211,0.729263628,Active,0.724637681,TRUE
NC1(C(=O)NCCC23CC4CC(CC(C4)C2)C3)CCN(c2ncnc3[nH]ccc23)CC1,NC1(C(=O)NCCC23CC4CC(CC(C4)C2)C3)CCN(c2ncnc3[nH]ccc23)CC1,7.044287186,0.729292595,Active,0.625,TRUE
Cn1c(CC(=O)N2c3ccccc3CC2c2ccccc2)nc(N2CCOCC2)cc1=O,Cn1c(CC(=O)N2c3ccccc3CC2c2ccccc2)nc(N2CCOCC2)cc1=O,7.087434539,0.729342127,Active,0.803278689,TRUE
NC(=O)c1ccc(N2CCC(c3nc(-c4ccc(F)c(F)c4)cn3CCNCC3CC3)CC2)nc1,NC(=O)c1ccc(N2CCC(c3nc(-c4ccc(F)c(F)c4)cn3CCNCC3CC3)CC2)nc1,7.239946617,0.729370439,Active,0.607142857,TRUE
NC1(C(=O)NCc2ccc(F)cc2)CCN(c2ncnc3[nH]ccc23)C1,NC1(C(=O)NCc2ccc(F)cc2)CCN(c2ncnc3[nH]ccc23)C1,7.213323828,0.729424918,Active,0.728813559,TRUE
CNC(=O)NCCn1cc(-c2ccc(F)c(C)c2)nc1C1CCN(c2cc(N)ncn2)CC1,CNC(=O)NCCn1cc(-c2ccc(F)c(C)c2)nc1C1CCN(c2cc(N)ncn2)CC1,7.74453488,0.729604268,Active,0.654320988,TRUE
Cc1cc(-c2cn(CC(N)=O)c(C3CCN(c4ncnc(N)c4Cl)CC3)n2)ccc1F,Cc1cc(-c2cn(CC(N)=O)c(C3CCN(c4ncnc(N)c4Cl)CC3)n2)ccc1F,7.644757214,0.72967335,Active,0.693333333,TRUE
NC(=O)c1cccc(-c2cn(CCN3CCC3)c(C3CCN(c4ncnc(N)c4Br)CC3)n2)c1,NC(=O)c1cccc(-c2cn(CCN3CCC3)c(C3CCN(c4ncnc(N)c4Br)CC3)n2)c1,7.886649267,0.729677165,Active,0.76056338,TRUE
Cn1ncc(-c2ccc(C(=O)NC3CNCC3c3cccc(F)c3)s2)c1-c1ccc(F)cc1,Cn1ncc(-c2ccc(C(=O)NC3CNCC3c3cccc(F)c3)s2)c1-c1ccc(F)cc1,7.051096896,0.72981205,Active,0.702702703,TRUE
N#Cc1c[nH]c2ncnc(N3CC4(CCOC4)c4ccccc43)c12,N#Cc1c[nH]c2ncnc(N3CC4(CCOC4)c4ccccc43)c12,7.225055239,0.729829097,Active,0.745762712,TRUE
CC1Cc2ccccc2N1C(=O)Cc1nc(N2CCOCC2)cc(=O)n1-c1ccccc1F,CC1Cc2ccccc2N1C(=O)Cc1nc(N2CCOCC2)cc(=O)n1-c1ccccc1F,7.217315827,0.72990396,Active,0.777777778,TRUE
Cc1c(-c2cccc(C(=O)NC3CNCCC3c3cccc(F)c3)n2)cnn1C,Cc1c(-c2cccc(C(=O)NC3CNCCC3c3cccc(F)c3)n2)cnn1C,7.188629717,0.729913378,Active,0.621621622,TRUE
Cc1c(-c2nc(C(=O)NC3CNCCC3c3ccc(F)c(F)c3)c(Cl)cc2Cl)cnn1C,Cc1c(-c2nc(C(=O)NC3CNCCC3c3ccc(F)c(F)c3)c(Cl)cc2Cl)cnn1C,7.511325841,0.729915702,Active,0.618421053,TRUE
CC(=O)c1c(N)ncnc1N1CCC(c2nc(-c3ccc(F)c(F)c3)cn2CCN(C)C)CC1,CC(=O)c1c(N)ncnc1N1CCC(c2nc(-c3ccc(F)c(F)c3)cn2CCN(C)C)CC1,7.481474409,0.730004215,Active,0.783783784,TRUE
Cn1nccc1-c1cc(F)c(C(=O)NC2CNCCC2c2nc(C3CC3)no2)cc1F,Cn1nccc1-c1cc(F)c(C(=O)NC2CNCCC2c2nc(C3CC3)no2)cc1F,7.401919284,0.73001554,Active,0.7,TRUE
NC(=O)c1cccnc1N1CCC(c2nc(-c3ccc(F)c(F)c3)cn2CCN2CCCC2)CC1,NC(=O)c1cccnc1N1CCC(c2nc(-c3ccc(F)c(F)c3)cn2CCN2CCCC2)CC1,7.268198157,0.730051482,Active,0.716216216,TRUE
NC(C(=O)Nc1ccc(-c2ccnc3[nH]ccc23)s1)c1ccccc1,NC(C(=O)Nc1ccc(-c2ccnc3[nH]ccc23)s1)c1ccccc1,7.32985651,0.730065787,Active,0.767857143,TRUE
NC1(C(NC(=O)C2CCC2)c2ccc(F)cc2)CCN(c2ncnc3[nH]ccc23)CC1,NC1(C(NC(=O)C2CCC2)c2ccc(F)cc2)CCN(c2ncnc3[nH]ccc23)CC1,7.611298524,0.730080986,Active,0.608695652,TRUE
NC(=O)Cn1cc(-c2ccc(F)c(C(F)(F)F)c2)nc1C1CCN(c2ncnc(N)c2Br)CC1,NC(=O)Cn1cc(-c2ccc(F)c(C(F)(F)F)c2)nc1C1CCN(c2ncnc(N)c2Br)CC1,7.950715108,0.730100417,Active,0.756756757,TRUE
Cc1[nH]nc2ncc(-c3cncc(OCC(N)Cc4ccc(Cl)cc4)c3)cc12,Cc1[nH]nc2ncc(-c3cncc(OCC(N)Cc4ccc(Cl)cc4)c3)cc12,7.596846177,0.730215275,Active,0.704918033,TRUE
Cn1ncc(Cl)c1-c1ncc(C(=O)NC2CNCCC2c2cncc(F)c2)s1,Cn1ncc(Cl)c1-c1ncc(C(=O)NC2CNCCC2c2cncc(F)c2)s1,7.865758752,0.730268323,Active,0.64,TRUE
Cn1ncc(Cl)c1-c1nnc(C(=O)NC2CCNCC2c2ccc(F)c(F)c2)o1,Cn1ncc(Cl)c1-c1nnc(C(=O)NC2CCNCC2c2ccc(F)c(F)c2)o1,7.244677682,0.730277324,Active,0.644736842,TRUE
Cc1cnncc1N1CCC(c2nc(-c3cccc(Cl)c3)cn2CCN2CCC2)CC1,Cc1cnncc1N1CCC(c2nc(-c3cccc(Cl)c3)cn2CCN2CCC2)CC1,7.159322345,0.730374122,Active,0.621621622,TRUE
Nc1ncnc(N2CCC(c3nc(-c4ccc(F)c(C(F)(F)F)c4)cn3CCN3CCC3)CC2)c1C(F)(F)F,Nc1ncnc(N2CCC(c3nc(-c4ccc(F)c(C(F)(F)F)c4)cn3CCN3CCC3)CC2)c1C(F)(F)F,7.241322833,0.730413878,Active,0.867647059,TRUE
Cc1nc(N)nc2c1cc(-c1cnc(Cl)c(F)c1)c(=O)n2C1CCC(OCC(N)=O)CC1,Cc1nc(N)nc2c1cc(-c1cnc(Cl)c(F)c1)c(=O)n2C1CCC(OCC(N)=O)CC1,7.643759583,0.730420017,Active,0.826086957,TRUE
CCN(CC)c1cc(-c2cn(CCN3CCC3)c(C3CCN(c4ncnc(N)c4Cl)CC3)n2)ccn1,CCN(CC)c1cc(-c2cn(CCN3CCC3)c(C3CCN(c4ncnc(N)c4Cl)CC3)n2)ccn1,7.4336264,0.730501378,Active,0.756756757,TRUE
COc1ccc(-c2cc3c(C)nc(N)nc3n(C3CCC(CO)CC3)c2=O)cn1,COc1ccc(-c2cc3c(C)nc(N)nc3n(C3CCC(CO)CC3)c2=O)cn1,7.557712293,0.730788612,Active,0.8125,TRUE
COc1ccc(F)cc1-c1cn(CCNCCO)c(C2CCN(c3ncnc(N)c3C#N)CC2)n1,COc1ccc(F)cc1-c1cn(CCNCCO)c(C2CCN(c3ncnc(N)c3C#N)CC2)n1,7.655332137,0.730793321,Active,0.613636364,TRUE
CC1Cc2cc(F)c(F)cc2N1C(=O)Cc1nc(N2CCOCC2)cc(=O)n1-c1ccc(F)cc1,CC1Cc2cc(F)c(F)cc2N1C(=O)Cc1nc(N2CCOCC2)cc(=O)n1-c1ccc(F)cc1,7.231978352,0.730840588,Active,0.757575758,TRUE
Nc1ncnc(N2CCC(c3nc(-c4ccc(Cl)nc4)cn3CCN3CCCC3)CC2)c1C(F)(F)F,Nc1ncnc(N2CCC(c3nc(-c4ccc(Cl)nc4)cn3CCN3CCCC3)CC2)c1C(F)(F)F,7.408680709,0.730874801,Active,0.666666667,TRUE
Cc1[nH]nc2ncc(-c3cncc(OCC(N)Cc4c[nH]c5ccccc45)c3)cc12,Cc1[nH]nc2ncc(-c3cncc(OCC(N)Cc4c[nH]c5ccccc45)c3)cc12,8.297175026,0.730898643,Active,0.738461538,TRUE
CC(C)c1cc(-c2cn(CC(F)(F)F)c(C3CCN(c4ncnc(N)c4C(N)=O)CC3)n2)ccn1,CC(C)c1cc(-c2cn(CC(F)(F)F)c(C3CCN(c4ncnc(N)c4C(N)=O)CC3)n2)ccn1,7.306016697,0.730975652,Active,0.776315789,TRUE
Cc1nn(C)c2ncc(-c3cncc(OCC(N)Cc4ccc(Cl)cc4)c3)cc12,Cc1nn(C)c2ncc(-c3cncc(OCC(N)Cc4ccc(Cl)cc4)c3)cc12,7.266840805,0.731063628,Active,0.640625,TRUE
CNCCn1cc(-c2ccc(C(F)(F)F)c(F)c2)nc1C1CCN(c2ncnc(N)c2F)CC1,CNCCn1cc(-c2ccc(C(F)(F)F)c(F)c2)nc1C1CCN(c2ncnc(N)c2F)CC1,7.619071446,0.731114769,Active,0.727272727,TRUE
CC1(C)C(=O)Nc2ncnc(N3CCC(c4nc(-c5cncc(F)c5)ccc4F)CC3)c21,CC1(C)C(=O)Nc2ncnc(N3CCC(c4nc(-c5cncc(F)c5)ccc4F)CC3)c21,7.761548335,0.731413567,Active,0.746666667,TRUE
N#Cc1cnc(Cl)nc1N1CCC(c2nc(C3CCCCC3)cn2CCN2CCCC2)CC1,N#Cc1cnc(Cl)nc1N1CCC(c2nc(C3CCCCC3)cn2CCN2CCCC2)CC1,7.375585894,0.731489682,Active,0.617647059,TRUE
Cn1nccc1-c1ccc(-c2cn(CCN3CCC3)c(C3CCN(c4cc(N)ncn4)CC3)n2)cc1F,Cn1nccc1-c1ccc(-c2cn(CCN3CCC3)c(C3CCN(c4cc(N)ncn4)CC3)n2)cc1F,7.20219722,0.731495404,Active,0.736111111,TRUE
Cc1c[nH]c2ncnc(N3CCC(CNC(=O)c4ccc(F)cc4F)C3)c12,Cc1c[nH]c2ncnc(N3CCC(CNC(=O)c4ccc(F)cc4F)C3)c12,7.242895297,0.731571043,Active,0.652777778,TRUE
Cc1nc(NC(CN2CCC2)c2ccc(F)c(F)c2)c2cccc(C(N)=O)c2n1,Cc1nc(NC(CN2CCC2)c2ccc(F)c(F)c2)c2cccc(C(N)=O)c2n1,7.643784316,0.731591308,Active,0.765625,TRUE
O=C(NC1CNCCC1c1ccc(F)cn1)c1cc2c(s1)CCCCn1nccc1-2,O=C(NC1CNCCC1c1ccc(F)cn1)c1cc2c(s1)CCCCn1nccc1-2,8.406298903,0.731692338,Active,0.706666667,TRUE
COc1cc(CC(=O)N2c3ccc(F)c(F)c3CC2C)nc(N2CCOCC2)c1OC,COc1cc(CC(=O)N2c3ccc(F)c(F)c3CC2C)nc(N2CCOCC2)c1OC,7.299590162,0.73173877,Active,0.625,TRUE
Cn1nccc1-c1cc(F)c(C(=O)NC2CNCCC2c2cncc(F)c2)cc1F,Cn1nccc1-c1cc(F)c(C(=O)NC2CNCCC2c2cncc(F)c2)cc1F,7.624412284,0.731741571,Active,0.825396825,TRUE
NC1(C(=O)NC(Cc2ccc(F)cc2)c2ccc(F)cc2)CCN(c2ncnc3[nH]ccc23)CC1,NC1(C(=O)NC(Cc2ccc(F)cc2)c2ccc(F)cc2)CCN(c2ncnc3[nH]ccc23)CC1,7.414227229,0.7317433,Active,0.758064516,TRUE
Cn1ccc(C2CCNCC2NC(=O)c2ccc(-c3ccnn3C)s2)c1,Cn1ccc(C2CCNCC2NC(=O)c2ccc(-c3ccnn3C)s2)c1,7.425987551,0.731774056,Active,0.761904762,TRUE
CNC(=O)NCCn1cc(-c2ccnc(C(F)(F)F)c2)nc1C1CCN(c2ncnc(N)c2F)CC1,CNC(=O)NCCn1cc(-c2ccnc(C(F)(F)F)c2)nc1C1CCN(c2ncnc(N)c2F)CC1,7.822661318,0.731781507,Active,0.7,TRUE
Cc1ncccc1-c1c(C(=O)NC2CNCCC2c2cccc(F)c2)cnn1C,Cc1ncccc1-c1c(C(=O)NC2CNCCC2c2cccc(F)c2)cnn1C,7.199485516,0.731811547,Active,0.653333333,TRUE
Nc1ncnc(N2CCC(c3nc(-c4ccc(F)c(C(F)(F)F)c4)cn3CCC(=O)N3CCCC3)CC2)c1F,Nc1ncnc(N2CCC(c3nc(-c4ccc(F)c(C(F)(F)F)c4)cn3CCC(=O)N3CCCC3)CC2)c1F,7.260425684,0.731914306,Active,0.783783784,TRUE
COc1c(C)cnn2c(-c3ccccc3)c(-c3ccc(C4(N)CCC4)cc3)nc12,COc1c(C)cnn2c(-c3ccccc3)c(-c3ccc(C4(N)CCC4)cc3)nc12,7.213873968,0.732039237,Active,0.689655172,TRUE
Cc1cc(F)c(-c2cn(CCN3CCC3)c(C3CCN(c4cc(N)ncn4)CC3)n2)cc1F,Cc1cc(F)c(-c2cn(CCN3CCC3)c(C3CCN(c4cc(N)ncn4)CC3)n2)cc1F,7.148200915,0.73208698,Active,0.68115942,TRUE
CCc1nc(C(=O)NC2CNCCC2c2cccc(F)c2)ccc1-c1ccnn1C,CCc1nc(C(=O)NC2CNCCC2c2cccc(F)c2)ccc1-c1ccnn1C,7.177385832,0.732103848,Active,0.708333333,TRUE
NC(=O)c1cccc2c(NC(CN3CCCC3)c3cc(F)c(F)c(Cl)c3)ncnc12,NC(=O)c1cccc2c(NC(CN3CCCC3)c3cc(F)c(F)c(Cl)c3)ncnc12,7.51844952,0.732142293,Active,0.8,TRUE
COc1c(CC(=O)N2c3cc(F)ccc3CC2C)nc(N2CCOCC2)c(F)c1OCC1CC1,COc1c(CC(=O)N2c3cc(F)ccc3CC2C)nc(N2CCOCC2)c(F)c1OCC1CC1,7.190908704,0.732164526,Active,0.602564103,TRUE
CC(C)NCCn1cc(-c2ccc(F)c(F)c2)nc1C1CCN(c2ncccc2C(N)=O)CC1,CC(C)NCCn1cc(-c2ccc(F)c(F)c2)nc1C1CCN(c2ncccc2C(N)=O)CC1,7.208230077,0.732238257,Active,0.65060241,TRUE
CNC(=O)CCn1cc(-c2ccc(C(F)(F)F)c(F)c2)nc1C1CCN(c2ncnc(N)c2Cl)CC1,CNC(=O)CCn1cc(-c2ccc(C(F)(F)F)c(F)c2)nc1C1CCN(c2ncnc(N)c2Cl)CC1,7.499272319,0.732257092,Active,0.658536585,TRUE
Cc1cnc(-c2cn(CCN3CCC3)c(C3CCN(c4ncnc(N)c4Cl)CC3)n2)cc1F,Cc1cnc(-c2cn(CCN3CCC3)c(C3CCN(c4ncnc(N)c4Cl)CC3)n2)cc1F,7.38797318,0.732270384,Active,0.704225352,TRUE
NC1(c2ccc(-n3c(-c4ccncc4)nc4ccc(-c5cncs5)nc43)cc2)CCC1,NC1(c2ccc(-n3c(-c4ccncc4)nc4ccc(-c5cncs5)nc43)cc2)CCC1,7.648590478,0.732294703,Active,0.627118644,TRUE
Cn1ncc(Br)c1-c1oc(C(=O)NC2CNCCC2c2ccc(F)cc2F)cc1Cl,Cn1ncc(Br)c1-c1oc(C(=O)NC2CNCCC2c2ccc(F)cc2F)cc1Cl,7.42302678,0.732380772,Active,0.653333333,TRUE
CCn1cc(-c2cncc(Cl)c2)nc1C1CCN(c2ncnc(N)c2C2CCC2)CC1,CCn1cc(-c2cncc(Cl)c2)nc1C1CCN(c2ncnc(N)c2C2CCC2)CC1,7.392277207,0.732493126,Active,0.671232877,TRUE
O=C(Nc1csc(-c2cn(CCO)nn2)n1)c1cc(-n2cnc(C3CC3)c2)c(N2CCC(F)(F)C2)cn1,O=C(Nc1csc(-c2cn(CCO)nn2)n1)c1cc(-n2cnc(C3CC3)c2)c(N2CCC(F)(F)C2)cn1,7.694685905,0.732516074,Active,0.640449438,TRUE
NC(=O)c1c(F)cc(N)nc1N1CCC(c2nc(-c3ccc(F)c(Cl)c3)cn2CCN2CCCC2)CC1,NC(=O)c1c(F)cc(N)nc1N1CCC(c2nc(-c3ccc(F)c(Cl)c3)cn2CCN2CCCC2)CC1,7.508881472,0.732799196,Active,0.783783784,TRUE
COc1nn(C)c(C)c1-c1cc(C(=O)NC2CNCCC2c2ccccc2)oc1Cl,COc1nn(C)c(C)c1-c1cc(C(=O)NC2CNCCC2c2ccccc2)oc1Cl,7.288380665,0.732903385,Active,0.657534247,TRUE
CC1(O)CC(N)(c2ccc(-c3nc4n(c3-c3ccccc3)COc3ccccc3O4)cc2)C1,CC1(O)CC(N)(c2ccc(-c3nc4n(c3-c3ccccc3)COc3ccccc3O4)cc2)C1,7.507182389,0.732927167,Active,0.728813559,TRUE
Cn1nccc1-c1ccc(C(=O)NC2CNCCC2c2cncc(F)c2)cc1F,Cn1nccc1-c1ccc(C(=O)NC2CNCCC2c2cncc(F)c2)cc1F,7.546263577,0.732947433,Active,0.85483871,TRUE
Cn1c(CC(=O)N2CCc3c(Br)cccc32)nc(N2CCCC2)cc1=O,Cn1c(CC(=O)N2CCc3c(Br)cccc32)nc(N2CCCC2)cc1=O,7.417475135,0.732986295,Active,0.842105263,TRUE
NC(=O)c1ccc(N2CCC(c3nc(-c4ccc(F)c(Cl)c4)cn3CCN3CCC3)CC2)nn1,NC(=O)c1ccc(N2CCC(c3nc(-c4ccc(F)c(Cl)c4)cn3CCN3CCC3)CC2)nn1,7.75767876,0.733025396,Active,0.679487179,TRUE
COc1ccc(CC(N)COc2cncc(-c3ccc4[nH]nc(C)c4c3)c2)cc1,COc1ccc(CC(N)COc2cncc(-c3ccc4[nH]nc(C)c4c3)c2)cc1,7.202822899,0.733152175,Active,0.824561404,TRUE
CNCCn1cc(-c2ccnc(C)c2)nc1C1CCN(c2ncnc(N)c2Cl)CC1,CNCCn1cc(-c2ccnc(C)c2)nc1C1CCN(c2ncnc(N)c2Cl)CC1,7.939378342,0.73319509,Active,0.8,TRUE
Cc1[nH]nc2cnc(-c3cncc(OCC(N)Cc4ccc(Cl)c(F)c4)c3)nc12,Cc1[nH]nc2cnc(-c3cncc(OCC(N)Cc4ccc(Cl)c(F)c4)c3)nc12,7.420243681,0.733260179,Active,0.633802817,TRUE
Cc1ccnc2ccc(-c3cncc(OCC(N)Cc4ccc(Br)cc4F)c3)cc12,Cc1ccnc2ccc(-c3cncc(OCC(N)Cc4ccc(Br)cc4F)c3)cc12,7.134233611,0.733331943,Active,0.701492537,TRUE
Cn1cc(-c2cc(F)c(C(=O)NC3CNCCC3c3ccc(F)cc3)cc2F)cn1,Cn1cc(-c2cc(F)c(C(=O)NC3CNCCC3c3ccc(F)cc3)cc2F)cn1,7.395677712,0.733450735,Active,0.723076923,TRUE
Cc1ncc(-c2cc(F)c(C(=O)NC3CNCCC3c3cccc(F)c3)cc2F)n1C,Cc1ncc(-c2cc(F)c(C(=O)NC3CNCCC3c3cccc(F)c3)cc2F)n1C,7.274652067,0.73349967,Active,0.611111111,TRUE
N#CC(CC(N)=O)NC(=O)c1cc(Br)c(-c2ccnc3[nH]ccc23)s1,N#CC(CC(N)=O)NC(=O)c1cc(Br)c(-c2ccnc3[nH]ccc23)s1,7.568819102,0.73355689,Active,0.626865672,TRUE
Cc1[nH]nc2cnc(-c3cncc(OCC(N)Cc4ccc(F)cc4F)c3)nc12,Cc1[nH]nc2cnc(-c3cncc(OCC(N)Cc4ccc(F)cc4F)c3)nc12,7.111029224,0.73368808,Active,0.623188406,TRUE
COc1c(N)ncnc1N1CCC(c2nc(-c3ccc(C#N)c(F)c3)cn2CCN2CCC2)CC1,COc1c(N)ncnc1N1CCC(c2nc(-c3ccc(C#N)c(F)c3)cn2CCN2CCC2)CC1,7.374091354,0.733690822,Active,0.756410256,TRUE
CCOc1c(F)c(CC(=O)N2c3ccc(F)c(F)c3CC2C)nc(N2CCOCC2)c1F,CCOc1c(F)c(CC(=O)N2c3ccc(F)c(F)c3CC2C)nc(N2CCOCC2)c1F,7.199763878,0.733758414,Active,0.647887324,TRUE
COc1c(F)c(CC(=O)N2c3ccc(F)cc3CC2C)nc(N2CCOCC2)c1F,COc1c(F)c(CC(=O)N2c3ccc(F)cc3CC2C)nc(N2CCOCC2)c1F,7.210551597,0.733782971,Active,0.671428571,TRUE
Cn1ncc(-c2cc(OCC(N)Cc3c[nH]c4ccccc34)cnc2-c2ccoc2)n1,Cn1ncc(-c2cc(OCC(N)Cc3c[nH]c4ccccc34)cnc2-c2ccoc2)n1,7.7431503,0.733799481,Active,0.705128205,TRUE
CC1CCc2ncnc(N3CCN(C(=O)C(CNC(=O)C4CCC4)c4ccc(F)cc4)CC3)c21,CC1CCc2ncnc(N3CCN(C(=O)C(CNC(=O)C4CCC4)c4ccc(F)cc4)CC3)c21,7.231388672,0.733859026,Active,0.661971831,TRUE
Cn1c(CC(=O)N2CCc3c(-c4cccc(F)c4)cccc32)nc(N2CCOCC2)cc1=O,Cn1c(CC(=O)N2CCc3c(-c4cccc(F)c4)cccc32)nc(N2CCOCC2)cc1=O,7.246861792,0.733867133,Active,0.784615385,TRUE
Nc1nccc(N2CCC(c3nc(-c4ccc(F)c(C(F)(F)F)c4)cn3CCN3CCC3)CC2)n1,Nc1nccc(N2CCC(c3nc(-c4ccc(F)c(C(F)(F)F)c4)cn3CCN3CCC3)CC2)n1,7.200351409,0.733928347,Active,0.771428571,TRUE
CC1(O)CC(N)(c2ccc(-c3nc4ccc(C(N)=O)nn4c3-c3ccccc3)cc2)C1,CC1(O)CC(N)(c2ccc(-c3nc4ccc(C(N)=O)nn4c3-c3ccccc3)cc2)C1,7.304639614,0.734024966,Active,0.767857143,TRUE
CN(C)CCn1cc(-c2cnc(F)c(F)c2)nc1C1CCN(c2ncnc(N)c2Cl)CC1F,CN(C)CCn1cc(-c2cnc(F)c(F)c2)nc1C1CCN(c2ncnc(N)c2Cl)CC1F,7.749742606,0.734061503,Active,0.776315789,TRUE
NC(=O)c1c(N)ncnc1N1CCC(c2nc(-c3ccc(F)c(OC(F)(F)F)c3)cn2CCN2CCCC2)CC1,NC(=O)c1c(N)ncnc1N1CCC(c2nc(-c3ccc(F)c(OC(F)(F)F)c3)cn2CCN2CCCC2)CC1,7.414833828,0.734094465,Active,0.820512821,TRUE
Cn1ncc(Cl)c1-c1cc(F)c(C(=O)NC2CNCCC2c2ccccc2)cc1F,Cn1ncc(Cl)c1-c1cc(F)c(C(=O)NC2CNCCC2c2ccccc2)cc1F,7.259386991,0.734138691,Active,0.830769231,TRUE
CC1Cc2c(F)ccc(F)c2N1C(=O)Cc1nc(N2CCOCC2)cc(=O)n1C,CC1Cc2c(F)ccc(F)c2N1C(=O)Cc1nc(N2CCOCC2)cc(=O)n1C,7.224618301,0.734294736,Active,0.78125,TRUE
NC(COc1cncc(-c2cnc3c[nH]nc3c2)c1)Cc1cccc(Cl)c1,NC(COc1cncc(-c2cnc3c[nH]nc3c2)c1)Cc1cccc(Cl)c1,7.297880726,0.734432423,Active,0.65625,TRUE
CN(C)CCn1cc(-c2cc(F)c(F)c(F)c2)nc1C1CCN(c2ncnc(N)c2Cl)CC1,CN(C)CCn1cc(-c2cc(F)c(F)c(F)c2)nc1C1CCN(c2ncnc(N)c2Cl)CC1,7.785697219,0.734650278,Active,0.652777778,TRUE
Cn1ncc(Br)c1-c1oc(C(=O)NC2CNCCC2c2ccc(F)cc2F)cc1Br,Cn1ncc(Br)c1-c1oc(C(=O)NC2CNCCC2c2ccc(F)cc2F)cc1Br,7.212856409,0.734671915,Active,0.704225352,TRUE
CNCCn1cc(-c2ccnc(C(F)(F)F)c2)nc1C1CCN(c2cc(N)ncn2)CC1,CNCCn1cc(-c2ccnc(C(F)(F)F)c2)nc1C1CCN(c2cc(N)ncn2)CC1,7.99213451,0.734785163,Active,0.739726027,TRUE
CC1SCc2ncnc(N3CCN(C(=O)C(CNC(=O)NCc4cccc(Cl)c4F)Cc4ccc(F)cc4)CC3)c21,CC1SCc2ncnc(N3CCN(C(=O)C(CNC(=O)NCc4cccc(Cl)c4F)Cc4ccc(F)cc4)CC3)c21,7.327741651,0.734835529,Active,0.625,TRUE
Cn1c(CC(=O)N2CC(C)(C)c3cccc(F)c32)nc(N2CCOCC2)cc1=O,Cn1c(CC(=O)N2CC(C)(C)c3cccc(F)c32)nc(N2CCOCC2)cc1=O,7.220892038,0.73500284,Active,0.769230769,TRUE
NC1(C(=O)NC=O)CCN(c2ncnc3[nH]cc(Cl)c23)CC1,NC1(C(=O)NC=O)CCN(c2ncnc3[nH]cc(Cl)c23)CC1,7.329646718,0.735059762,Active,0.639344262,TRUE
Cn1nccc1-c1ccc(C(=O)NC2CNCC2c2ccc(F)c(F)c2)cc1F,Cn1nccc1-c1ccc(C(=O)NC2CNCC2c2ccc(F)c(F)c2)cc1F,7.562990125,0.735067809,Active,0.85,TRUE
Cn1nccc1-c1ccc(C(=O)NC2CNCCC2F)s1,Cn1nccc1-c1ccc(C(=O)NC2CNCCC2F)s1,7.412883699,0.735267842,Active,0.704918033,TRUE
Nc1ncnc(N2CCN(C(=O)C(N)Cc3ccc(Cl)c(F)c3)CC2)c1Cl,Nc1ncnc(N2CCN(C(=O)C(N)Cc3ccc(Cl)c(F)c3)CC2)c1Cl,7.610596947,0.735273981,Active,0.75,TRUE
CC(NC(=O)C1(N)CCN(c2ncnc3[nH]ccc23)CC1)c1cccc(Cl)c1,CC(NC(=O)C1(N)CCN(c2ncnc3[nH]ccc23)CC1)c1cccc(Cl)c1,7.676073161,0.735285246,Active,0.803278689,TRUE
Cc1cc(F)ccc1CNC(=O)C1(N)CCN(c2ncnc3[nH]ccc23)CC1,Cc1cc(F)ccc1CNC(=O)C1(N)CCN(c2ncnc3[nH]ccc23)CC1,7.448876149,0.735303843,Active,0.646153846,TRUE
O=C(NC1CNCCC1c1nccs1)c1ccc2c(c1)OCCn1ncc(Cl)c1-2,O=C(NC1CNCCC1c1nccs1)c1ccc2c(c1)OCCn1ncc(Cl)c1-2,8.29678636,0.735335493,Active,0.72,TRUE
Cc1c(Cl)cc(C(=O)NC2CNCCC2c2cccc(F)c2)cc1-c1c(Cl)cnn1C,Cc1c(Cl)cc(C(=O)NC2CNCCC2c2cccc(F)c2)cc1-c1c(Cl)cnn1C,7.401216151,0.73534497,Active,0.768115942,TRUE
Cn1cc(-c2c(N)ncnc2N2CCC(c3nc(-c4ccc(Cl)c(C#N)c4)cn3CC3CNC3)CC2)cn1,Cn1cc(-c2c(N)ncnc2N2CCC(c3nc(-c4ccc(Cl)c(C#N)c4)cn3CC3CNC3)CC2)cn1,7.228810582,0.735424244,Active,0.602272727,TRUE
NC1(c2ccc(-c3nc4c(Cl)ccnn4c3-c3ccccc3)cc2)CCC1,NC1(c2ccc(-c3nc4c(Cl)ccnn4c3-c3ccccc3)cc2)CCC1,7.268919738,0.735467458,Active,0.78,TRUE
COc1cccc(CC(N)COc2cncc(-c3ccc4[nH]nc(C)c4c3)c2)c1,COc1cccc(CC(N)COc2cncc(-c3ccc4[nH]nc(C)c4c3)c2)c1,7.431949532,0.73548671,Active,0.836065574,TRUE
Cc1ncc(-c2csc(C(=O)NC3CNCCC3c3cccc(F)c3)c2)n1C,Cc1ncc(-c2csc(C(=O)NC3CNCCC3c3cccc(F)c3)c2)n1C,7.293220782,0.735554957,Active,0.698630137,TRUE
Cn1c(CC(=O)N2CCc3c(Cl)cccc32)nc(N2CCCCC2)cc1=O,Cn1c(CC(=O)N2CCc3c(Cl)cccc32)nc(N2CCCCC2)cc1=O,7.19776454,0.735606635,Active,0.830508475,TRUE
NC(COc1cncc(-c2ccc3c(c2)C(F)(F)CC(=O)N3)c1)Cc1c[nH]c2ccccc12,NC(COc1cncc(-c2ccc3c(c2)C(F)(F)CC(=O)N3)c1)Cc1c[nH]c2ccccc12,7.62247188,0.735670769,Active,0.785714286,TRUE
NC1(C(=O)NCc2cccc(F)c2)CCN(c2ncnc3[nH]ccc23)C1,NC1(C(=O)NCc2cccc(F)c2)CCN(c2ncnc3[nH]ccc23)C1,7.276941022,0.735767031,Active,0.646153846,TRUE
CC1SCc2ncnc(N3CCN(C(=O)C4(c5ccc(Cl)cc5)CC4)CC3)c21,CC1SCc2ncnc(N3CCN(C(=O)C4(c5ccc(Cl)cc5)CC4)CC3)c21,7.017733918,0.73612597,Active,0.632352941,TRUE
NC(=O)c1c(N)ncnc1N1CCC(c2nc(-c3ccc(F)c(C(F)(F)F)c3)cn2CC2CC2)CC1,NC(=O)c1c(N)ncnc1N1CCC(c2nc(-c3ccc(F)c(C(F)(F)F)c3)cn2CC2CC2)CC1,7.194337245,0.736172283,Active,0.888888889,TRUE
Cc1c(Cl)c(-c2ccc(C(=O)NC3CNCCC3c3cccc(F)c3)cc2F)nn1C,Cc1c(Cl)c(-c2ccc(C(=O)NC3CNCCC3c3cccc(F)c3)cc2F)nn1C,7.441937795,0.736271226,Active,0.605263158,TRUE
Cn1ncc(-c2ccc(C(=O)NC3CNCCC3c3ccc(F)c(F)c3)c(F)c2)c1C(F)(F)F,Cn1ncc(-c2ccc(C(=O)NC3CNCCC3c3ccc(F)c(F)c3)c(F)c2)c1C(F)(F)F,7.199049376,0.736454511,Active,0.710144928,TRUE
Nc1ncnc(N2CCC(c3nc(-c4ccc(F)nc4)cn3CCN3CCC3)CC2)c1Br,Nc1ncnc(N2CCC(c3nc(-c4ccc(F)nc4)cn3CCN3CCC3)CC2)c1Br,7.993207015,0.7364591,Active,0.8,TRUE
Cc1c[nH]c2ncnc(N3CCN(C(=O)Cc4ccc(F)c(F)c4)CC3)c12,Cc1c[nH]c2ncnc(N3CCN(C(=O)Cc4ccc(F)c(F)c4)CC3)c12,7.520479256,0.73646214,Active,0.615384615,TRUE
COc1ncc(-c2cn(CCN3CCCC3)c(C3CCN(c4ncnc(N)c4Cl)CC3)n2)cc1F,COc1ncc(-c2cn(CCN3CCCC3)c(C3CCN(c4ncnc(N)c4Cl)CC3)n2)cc1F,7.468267696,0.73662492,Active,0.75,TRUE
CC(Cc1ccc(C(F)(F)F)cc1)NC(=O)C1(N)CCN(c2ncnc3[nH]ccc23)CC1,CC(Cc1ccc(C(F)(F)F)cc1)NC(=O)C1(N)CCN(c2ncnc3[nH]ccc23)CC1,7.585940848,0.736652398,Active,0.78125,TRUE
Cn1ncc2ccc(-c3ccc(C(=O)NC4CNCCC4c4cccc(F)c4)cc3)cc21,Cn1ncc2ccc(-c3ccc(C(=O)NC4CNCCC4c4cccc(F)c4)cc3)cc21,7.208499226,0.736693585,Active,0.724637681,TRUE
O=C(Cc1ccc(Cl)cc1)N1CCN(c2ncnc3cccc(Br)c23)CC1,O=C(Cc1ccc(Cl)cc1)N1CCN(c2ncnc3cccc(Br)c23)CC1,7.015058407,0.736733043,Active,0.672413793,TRUE
NC1(C(=O)NC(Cc2ccc(O)cc2)c2ccc(F)cc2)CCN(c2ncnc3[nH]ccc23)CC1,NC1(C(=O)NC(Cc2ccc(O)cc2)c2ccc(F)cc2)CCN(c2ncnc3[nH]ccc23)CC1,7.4610534,0.73683461,Active,0.723076923,TRUE
Cn1cc(Cl)c(-c2ccc(C(=O)NC3CNCCC3c3cccc(F)c3)cc2F)n1,Cn1cc(Cl)c(-c2ccc(C(=O)NC3CNCCC3c3cccc(F)c3)cc2F)n1,7.502734815,0.736862743,Active,0.621621622,TRUE
Nc1ncnc(N2CCC(c3nc(-c4ccnc(C(F)(F)F)c4)cn3CCN3CCC3)CC2)c1C(F)(F)F,Nc1ncnc(N2CCC(c3nc(-c4ccnc(C(F)(F)F)c4)cn3CCN3CCC3)CC2)c1C(F)(F)F,7.377576452,0.736875081,Active,0.84057971,TRUE
CNC(=O)CCn1cc(-c2ccc(F)c(C)c2)nc1C1CCN(c2ncnc(N)c2C)CC1,CNC(=O)CCn1cc(-c2ccc(F)c(C)c2)nc1C1CCN(c2ncnc(N)c2C)CC1,7.609168635,0.736955607,Active,0.705128205,TRUE
N#Cc1c(N)ncnc1N1CCC(c2nc(-c3cc(F)cc(F)c3)cn2CCN2CCC2)CC1,N#Cc1c(N)ncnc1N1CCC(c2nc(-c3cc(F)cc(F)c3)cn2CCN2CCC2)CC1,7.457439925,0.737059736,Active,0.823529412,TRUE
CCOC(=O)c1c(N)ncnc1N1CCC(c2nc(-c3ccc(F)c(Cl)c3)cn2CCN2CCC2)CC1,CCOC(=O)c1c(N)ncnc1N1CCC(c2nc(-c3ccc(F)c(Cl)c3)cn2CCN2CCC2)CC1,7.733293544,0.737100863,Active,0.818181818,TRUE
Cn1ncc(Cl)c1-c1cc(F)c(C(=O)NC2CNCCC2c2cccs2)cc1F,Cn1ncc(Cl)c1-c1cc(F)c(C(=O)NC2CNCCC2c2cccs2)cc1F,7.519749871,0.737149739,Active,0.742857143,TRUE
CC(=O)NCCn1cc(-c2ccc(C(N)=O)c(F)c2)nc1C1CCN(c2ncnc(N)c2C#N)CC1,CC(=O)NCCn1cc(-c2ccc(C(N)=O)c(F)c2)nc1C1CCN(c2ncnc(N)c2C#N)CC1,7.521161204,0.73723408,Active,0.674698795,TRUE
Cc1[nH]nc2ccc(-c3cncc(OCC(N)Cc4cccc(OCCN)c4)c3)nc12,Cc1[nH]nc2ccc(-c3cncc(OCC(N)Cc4cccc(OCCN)c4)c3)nc12,7.150796423,0.737287009,Active,0.685714286,TRUE
Cc1ccc(CC(N)COc2cncc(-c3ccc4[nH]nc(C)c4c3)c2)cc1,Cc1ccc(CC(N)COc2cncc(-c3ccc4[nH]nc(C)c4c3)c2)cc1,7.432740054,0.737324023,Active,0.854545455,TRUE
NC(Cc1ccc(Cl)c(Cl)c1)C(=O)N1CCN(c2ncnc3cccc(Br)c23)CC1,NC(Cc1ccc(Cl)c(Cl)c1)C(=O)N1CCN(c2ncnc3cccc(Br)c23)CC1,7.449626599,0.737338626,Active,0.741935484,TRUE
Cn1nccc1-c1ccc(C(=O)NC2CNCC2c2cc(F)cc(F)c2)cc1F,Cn1nccc1-c1ccc(C(=O)NC2CNCC2c2cc(F)cc(F)c2)cc1F,7.513430219,0.737344646,Active,0.847457627,TRUE
Cn1nccc1C(NC(=O)C1(CN)CCN(c2ncnc3[nH]ccc23)CC1)c1ccc(F)cc1,Cn1nccc1C(NC(=O)C1(CN)CCN(c2ncnc3[nH]ccc23)CC1)c1ccc(F)cc1,7.541188052,0.737352216,Active,0.613333333,TRUE
Cn1ccc(-c2ccc(C(=O)NC3CNCCC3c3cccc(F)c3)c(F)c2)n1,Cn1ccc(-c2ccc(C(=O)NC3CNCCC3c3cccc(F)c3)c(F)c2)n1,7.424829602,0.737464035,Active,0.623188406,TRUE
Nc1ncnc(N2CCN(C(=O)C(c3ccc(Cl)cc3)C3CCCC3)CC2)c1Cl,Nc1ncnc(N2CCN(C(=O)C(c3ccc(Cl)cc3)C3CCCC3)CC2)c1Cl,7.232341616,0.737478161,Active,0.620689655,TRUE
COc1ccccc1CNC(=O)c1ccc2nc(-c3ccc(C4(N)CCC4)cc3)c(-c3ccccc3)n2n1,COc1ccccc1CNC(=O)c1ccc2nc(-c3ccc(C4(N)CCC4)cc3)c(-c3ccccc3)n2n1,7.41259976,0.737504804,Active,0.75,TRUE
CC(NC(=O)C1(N)CCN(c2ncnc3[nH]ccc23)CC1)c1cccc(F)c1,CC(NC(=O)C1(N)CCN(c2ncnc3[nH]ccc23)CC1)c1cccc(F)c1,7.663803005,0.737531447,Active,0.803278689,TRUE
Cn1ncc(-c2ccc(C(=O)NC3CNCCC3c3cccc(F)c3)cc2)c1-c1ccc(F)cc1F,Cn1ncc(-c2ccc(C(=O)NC3CNCCC3c3cccc(F)c3)cc2)c1-c1ccc(F)cc1F,7.516192448,0.737633789,Active,0.753623188,TRUE
CNCCn1cc(-c2ccnc(C(F)(F)F)c2)nc1C1CCN(c2ncnc(N)c2C(N)=O)CC1,CNCCn1cc(-c2ccnc(C(F)(F)F)c2)nc1C1CCN(c2ncnc(N)c2C(N)=O)CC1,7.457496625,0.737763906,Active,0.802631579,TRUE
NC1(c2ccc(-n3c(C4CC4)nc4ccc(-c5cccnc5)nc43)cc2)CCC1,NC1(c2ccc(-n3c(C4CC4)nc4ccc(-c5cccnc5)nc43)cc2)CCC1,7.452886096,0.737819636,Active,0.7,TRUE
COc1ccccc1-c1cccc2c1CCN2C(=O)Cc1nc(N2CCOCC2)c(C)n1C,COc1ccccc1-c1cccc2c1CCN2C(=O)Cc1nc(N2CCOCC2)c(C)n1C,7.045961648,0.738030696,Active,0.635135135,TRUE
CNCCn1cc(-c2ccc(F)cc2)nc1C1CCN(c2ncnc(N)c2Cl)CC1,CNCCn1cc(-c2ccc(F)cc2)nc1C1CCN(c2ncnc(N)c2Cl)CC1,7.9257706,0.738042617,Active,0.769230769,TRUE
CC1Cc2ccc(F)cc2N1C(=O)Cc1nc(=O)c(F)c(N)[nH]1,CC1Cc2ccc(F)cc2N1C(=O)Cc1nc(=O)c(F)c(N)[nH]1,7.006571126,0.738045478,Active,0.626865672,TRUE
CC(C)(N)Cn1cc(-c2ccc(F)c(Cl)c2)nc1C1CCN(c2ncnc(N)c2C(N)=O)CC1,CC(C)(N)Cn1cc(-c2ccc(F)c(Cl)c2)nc1C1CCN(c2ncnc(N)c2C(N)=O)CC1,7.647561319,0.738085055,Active,0.763157895,TRUE
Nc1ncnc(N2CCC(c3nc(-c4ccc(Cl)cc4)cn3CCN3CCCC3)CC2)c1Cl,Nc1ncnc(N2CCC(c3nc(-c4ccc(Cl)cc4)cn3CCN3CCCC3)CC2)c1Cl,7.461383267,0.738237107,Active,0.866666667,TRUE
CC(=O)NCC(Cc1ccc(F)c(F)c1)C(=O)N1CCN(c2ncnc3c2C(C)SC3)CC1,CC(=O)NCC(Cc1ccc(F)c(F)c1)C(=O)N1CCN(c2ncnc3c2C(C)SC3)CC1,7.096555552,0.738338256,Active,0.828571429,TRUE
CC(=O)c1ccc(-c2cn(CCN3CCCC3)c(C3CCN(c4cc(N)ncn4)CC3)n2)cc1F,CC(=O)c1ccc(-c2cn(CCN3CCCC3)c(C3CCN(c4cc(N)ncn4)CC3)n2)cc1F,7.272893316,0.738475823,Active,0.794117647,TRUE
Cn1[nH]c2ccc(-c3cncc(OCC(N)Cc4c(F)cccc4Cl)c3)cc2c1=O,Cn1[nH]c2ccc(-c3cncc(OCC(N)Cc4c(F)cccc4Cl)c3)cc2c1=O,7.302829819,0.738497519,Active,0.61971831,TRUE
NC(COc1cncc(-c2ccc3c(c2)CCCC(=O)N3)c1)Cc1c[nH]c2ccccc12,NC(COc1cncc(-c2ccc3c(c2)CCCC(=O)N3)c1)Cc1c[nH]c2ccccc12,7.238259407,0.738572681,Active,0.835820896,TRUE
NC(=O)c1c(N)ncnc1N1CCC(c2nc(-c3ccnc(C4CC4)c3)nn2CCN2CCCCC2)CC1,NC(=O)c1c(N)ncnc1N1CCC(c2nc(-c3ccnc(C4CC4)c3)nn2CCN2CCCCC2)CC1,7.087016579,0.738594615,Active,0.710526316,TRUE
Cn1cc(-c2cc(OCC(N)Cc3c[nH]c4ccc(F)cc34)cnc2-c2ccoc2)cn1,Cn1cc(-c2cc(OCC(N)Cc3c[nH]c4ccc(F)cc34)cnc2-c2ccoc2)cn1,7.363143638,0.738870704,Active,0.721518987,TRUE
Cc1c(-c2ccc(C(=O)NC3CNCCC3c3ccc(F)c(F)c3)cc2)cnn1C,Cc1c(-c2ccc(C(=O)NC3CNCCC3c3ccc(F)c(F)c3)cc2)cnn1C,7.289314741,0.738882744,Active,0.742424242,TRUE
O=C(NC1CNCCC1c1ccc(F)cc1)c1ccc2c(c1)-c1ccnn1CCO2,O=C(NC1CNCCC1c1ccc(F)cc1)c1ccc2c(c1)-c1ccnn1CCO2,8.337390215,0.738909745,Active,0.776119403,TRUE
CNC(=O)C1(N)CCN(c2ncnc3[nH]cc(Cl)c23)C1,CNC(=O)C1(N)CCN(c2ncnc3[nH]cc(Cl)c23)C1,7.322594276,0.738961303,Active,0.612903226,TRUE
CC(Cc1ccc(F)cc1)NC(=O)C1(N)CCN(c2ncnc3[nH]ccc23)CC1,CC(Cc1ccc(F)cc1)NC(=O)C1(N)CCN(c2ncnc3[nH]ccc23)CC1,7.585477077,0.73896935,Active,0.770491803,TRUE
Cn1nc(-c2ccc(C(=O)NC3CNCCC3c3cccc(F)c3)c(Cl)c2)cc1Cl,Cn1nc(-c2ccc(C(=O)NC3CNCCC3c3cccc(F)c3)c(Cl)c2)cc1Cl,7.360491405,0.738997841,Active,0.638888889,TRUE
Cc1nc(N)nc2c1nc(-c1ccc(-c3cnn(C)c3)cc1)c(=O)n2C1CCOCC1,Cc1nc(N)nc2c1nc(-c1ccc(-c3cnn(C)c3)cc1)c(=O)n2C1CCOCC1,7.033882279,0.739035094,Active,0.716666667,TRUE
Cc1cc(-c2ccc(C(=O)NC3CNCCC3c3cccc(F)c3)c(F)c2)nn1C,Cc1cc(-c2ccc(C(=O)NC3CNCCC3c3cccc(F)c3)c(F)c2)nn1C,7.264019716,0.739134157,Active,0.61971831,TRUE
Cc1c(-c2cc(F)c(C(=O)NC3CNCCC3c3ccc(F)c(F)c3)cc2Cl)cnn1C,Cc1c(-c2cc(F)c(C(=O)NC3CNCCC3c3ccc(F)c(F)c3)cc2Cl)cnn1C,7.285587009,0.739214861,Active,0.753623188,TRUE
NCC(Cc1ccc(F)cc1)NC(=O)c1cc(Br)c(-c2ccncc2)s1,NCC(Cc1ccc(F)cc1)NC(=O)c1cc(Br)c(-c2ccncc2)s1,7.770932066,0.739224696,Active,0.646153846,TRUE
O=C(NC1CNCCC1c1ccc(F)c(F)c1)c1ccc(-c2cn[nH]c2)c(Cl)c1,O=C(NC1CNCCC1c1ccc(F)c(F)c1)c1ccc(-c2cn[nH]c2)c(Cl)c1,7.307308305,0.739258015,Active,0.611111111,TRUE
O=C(Cc1nc(N2CCOCC2)cc(=O)n1C1CCCC1)Nc1ccc(Cl)c(C2CC2)c1,O=C(Cc1nc(N2CCOCC2)cc(=O)n1C1CCCC1)Nc1ccc(Cl)c(C2CC2)c1,7.123353404,0.739283466,Active,0.625,TRUE
CCOc1ncc(-c2ccnn2C)cc1C(=O)NC1CNCCC1c1cccc(F)c1,CCOc1ncc(-c2ccnn2C)cc1C(=O)NC1CNCCC1c1cccc(F)c1,7.399635469,0.739350462,Active,0.712328767,TRUE
O=C(Cc1nc(N2CCOCC2)cc(=O)n1-c1cccc(F)c1)N1CCc2c1ccc(F)c2F,O=C(Cc1nc(N2CCOCC2)cc(=O)n1-c1cccc(F)c1)N1CCc2c1ccc(F)c2F,7.267560988,0.739526176,Active,0.731343284,TRUE
CC(=O)N1CCCC(Cn2cc(-c3ccc(F)c(C(F)(F)F)c3)nc2C2CCN(c3ncnc(N)c3C(N)=O)CC2)C1,CC(=O)N1CCCC(Cn2cc(-c3ccc(F)c(C(F)(F)F)c3)nc2C2CCN(c3ncnc(N)c3C(N)=O)CC2)C1,7.126279187,0.739536786,Active,0.804878049,TRUE
Cc1ccccc1CC(N)COc1cncc(-c2ccc3[nH]nc(C)c3c2)c1,Cc1ccccc1CC(N)COc1cncc(-c2ccc3[nH]nc(C)c3c2)c1,7.506254661,0.739582443,Active,0.827586207,TRUE
CNC(=O)c1nn2c(-c3ccccc3)c(-c3ccc(C4(N)CCC4)cc3)nc2c(F)c1C,CNC(=O)c1nn2c(-c3ccccc3)c(-c3ccc(C4(N)CCC4)cc3)nc2c(F)c1C,7.345705017,0.739598835,Active,0.6875,TRUE
CC(Cc1ccc(Cl)c(F)c1)C(=O)N1CCN(c2ncnc3c2C(C)SC3)CC1,CC(Cc1ccc(Cl)c(F)c1)C(=O)N1CCN(c2ncnc3c2C(C)SC3)CC1,7.410687337,0.739642525,Active,0.833333333,TRUE
COc1nc(CC(=O)N2c3ccc(F)c(F)c3CC2C)nc(N2CCOCC2)c1F,COc1nc(CC(=O)N2c3ccc(F)c(F)c3CC2C)nc(N2CCOCC2)c1F,7.479686071,0.739743435,Active,0.666666667,TRUE
CC1(C)C(=O)Nc2ccc(-c3cncc(OCC(N)Cc4c(F)cccc4F)c3)cc21,CC1(C)C(=O)Nc2ccc(-c3cncc(OCC(N)Cc4c(F)cccc4F)c3)cc21,7.328673159,0.739757204,Active,0.626865672,TRUE
CC(F)Cn1cc(-c2ccc(F)c(F)c2)nc1C1CCN(c2ncnc(N)c2Br)CC1,CC(F)Cn1cc(-c2ccc(F)c(F)c2)nc1C1CCN(c2ncnc(N)c2Br)CC1,7.429749618,0.739792132,Active,0.739130435,TRUE
Cn1ncc(Br)c1-c1ccc(C(=O)NC2CNCCC2c2cccc(Br)c2)o1,Cn1ncc(Br)c1-c1ccc(C(=O)NC2CNCCC2c2cccc(Br)c2)o1,7.35171367,0.739838207,Active,0.76119403,TRUE
CC(C)NCC(C(=O)N1CCN(c2ncnc3c2C(C)CC3)CC1)c1ccc(F)cc1,CC(C)NCC(C(=O)N1CCN(c2ncnc3c2C(C)CC3)CC1)c1ccc(F)cc1,7.321615471,0.739876533,Active,0.838709677,TRUE
Cc1cccc(C2CCNCC2NC(=O)c2cc(F)c(-c3c(Cl)cnn3C)cc2F)c1,Cc1cccc(C2CCNCC2NC(=O)c2cc(F)c(-c3c(Cl)cnn3C)cc2F)c1,7.139179594,0.739961052,Active,0.808823529,TRUE
Cn1ncc(Cl)c1-c1cc(C(=O)NCC2CNCCC2c2ccccc2)oc1Cl,Cn1ncc(Cl)c1-c1cc(C(=O)NCC2CNCCC2c2ccccc2)oc1Cl,7.167034772,0.74008199,Active,0.776119403,TRUE
NC1(CNC(=O)c2ccc(F)cc2)CCN(c2ncnc3[nH]ccc23)C1,NC1(CNC(=O)c2ccc(F)cc2)CCN(c2ncnc3[nH]ccc23)C1,7.262813872,0.740123832,Active,0.703125,TRUE
O=C(Cc1nc(N2CCOCC2)cc(=O)n1-c1ccc(Cl)cc1)N1CCc2c(-c3ccccc3F)cccc21,O=C(Cc1nc(N2CCOCC2)cc(=O)n1-c1ccc(Cl)cc1)N1CCc2c(-c3ccccc3F)cccc21,7.227862452,0.740136886,Active,0.653333333,TRUE
Cc1cc(N2CCC(c3nc(-c4ccc(F)c(C(F)(F)F)c4)cn3CCN(C)C)CC2)ncn1,Cc1cc(N2CCC(c3nc(-c4ccc(F)c(C(F)(F)F)c4)cn3CCN(C)C)CC2)ncn1,7.188988476,0.740170264,Active,0.706666667,TRUE
O=C(NC1CC1)c1cc(Br)c(-c2ccnc3[nH]ccc23)s1,O=C(NC1CC1)c1cc(Br)c(-c2ccnc3[nH]ccc23)s1,7.461035356,0.740180457,Active,0.630769231,TRUE
Cc1cc(-c2cn(CCNCC3CC3)c(C3CCN(c4nccnc4C)CC3)n2)ccc1F,Cc1cc(-c2cn(CCNCC3CC3)c(C3CCN(c4nccnc4C)CC3)n2)ccc1F,7.614581182,0.740185046,Active,0.701298701,TRUE
CCOc1cc(-c2cc3c(C)nc(N)nc3n(C3CCC(OCCO)CC3)c2=O)ccc1F,CCOc1cc(-c2cc3c(C)nc(N)nc3n(C3CCC(OCCO)CC3)c2=O)ccc1F,7.462012727,0.740202808,Active,0.712328767,TRUE
NS(=O)(=O)CCCC(NC(=O)c1ccc(-c2ccnc3[nH]ccc23)s1)c1ccccc1,NS(=O)(=O)CCCC(NC(=O)c1ccc(-c2ccnc3[nH]ccc23)s1)c1ccccc1,7.173644204,0.740276718,Active,0.741935484,TRUE
CCn1cc(-c2ccc(F)c(C)c2)nc1C1CCN(c2ncnc(N)c2C(=O)NC)CC1,CCn1cc(-c2ccc(F)c(C)c2)nc1C1CCN(c2ncnc(N)c2C(=O)NC)CC1,7.398926499,0.740322614,Active,0.736842105,TRUE
Cn1ncc(Br)c1-c1sc(C(=O)NC2CNCCC2c2cccc(F)c2)nc1Cl,Cn1ncc(Br)c1-c1sc(C(=O)NC2CNCCC2c2cccc(F)c2)nc1Cl,7.702449666,0.740355873,Active,0.716216216,TRUE
NC1(C(=O)NC2CCc3cc(Cl)ccc32)CCN(c2ncnc3[nH]ccc23)CC1,NC1(C(=O)NC2CCc3cc(Cl)ccc32)CCN(c2ncnc3[nH]ccc23)CC1,7.807585438,0.740413213,Active,0.602941176,TRUE
Cc1cnn(C)c1-c1cc(Cl)cc(C(=O)NC(CN)Cc2ccc(F)c(F)c2)c1,Cc1cnn(C)c1-c1cc(Cl)cc(C(=O)NC(CN)Cc2ccc(F)c(F)c2)c1,7.053096616,0.740541065,Active,0.605633803,TRUE
Cn1nccc1-c1ccc(C(=O)NC2CNCCC2c2cncc(F)c2)cc1,Cn1nccc1-c1ccc(C(=O)NC2CNCCC2c2cncc(F)c2)cc1,7.196533625,0.740589702,Active,0.761904762,TRUE
Cn1nc(-c2ccc(C(=O)NC3CNCCC3c3cccc(F)c3)cc2)c2cncnc21,Cn1nc(-c2ccc(C(=O)NC3CNCCC3c3cccc(F)c3)cc2)c2cncnc21,7.151526048,0.740610981,Active,0.631578947,TRUE
Cc1cc(N2CCC(c3nc(-c4ccc(C)c(F)c4)cn3CCNC(C)C)CC2)ncn1,Cc1cc(N2CCC(c3nc(-c4ccc(C)c(F)c4)cn3CCNC(C)C)CC2)ncn1,7.203210872,0.740686977,Active,0.604938272,TRUE
Cc1c(N)ncnc1N1CCC(c2nc(-c3ccc(F)c(C(F)(F)F)c3)cn2CC(=O)NC2CCCCC2)CC1,Cc1c(N)ncnc1N1CCC(c2nc(-c3ccc(F)c(C(F)(F)F)c3)cn2CC(=O)NC2CCCCC2)CC1,7.834291109,0.740696871,Active,0.703703704,TRUE
NC1(C(=O)NCc2c(F)ccc(F)c2F)CCN(c2ncnc3[nH]ccc23)CC1,NC1(C(=O)NCc2c(F)ccc(F)c2F)CCN(c2ncnc3[nH]ccc23)CC1,7.344403701,0.740739429,Active,0.716666667,TRUE
CC(N)c1cc(Cl)cn2c(-c3ccccc3)c(-c3ccc(C4(N)CCC4)cc3)nc12,CC(N)c1cc(Cl)cn2c(-c3ccccc3)c(-c3ccc(C4(N)CCC4)cc3)nc12,7.278354413,0.740764642,Active,0.754385965,TRUE
Cc1[nH]nc2ccc(-c3cncc(OCC(N)Cc4cccc(-c5conn5)c4)c3)cc12,Cc1[nH]nc2ccc(-c3cncc(OCC(N)Cc4cccc(-c5conn5)c4)c3)cc12,7.427840894,0.740865552,Active,0.602739726,TRUE
Cc1c(-c2ccc(C(=O)NC3CNCCC3c3cccc(F)c3)cc2)nn(C)c1C,Cc1c(-c2ccc(C(=O)NC3CNCCC3c3cccc(F)c3)cc2)nn(C)c1C,7.167948106,0.740995491,Active,0.671428571,TRUE
NC(=O)c1[nH]nc2ccc(-c3cncc(OCC(N)Cc4ccc(Br)cc4)c3)cc12,NC(=O)c1[nH]nc2ccc(-c3cncc(OCC(N)Cc4ccc(Br)cc4)c3)cc12,7.369532924,0.741000319,Active,0.661538462,TRUE
CCOc1cc(-c2cn(CCNC)c(C3CCN(c4ncnc(N)c4C(N)=O)CC3)n2)ccc1F,CCOc1cc(-c2cn(CCNC)c(C3CCN(c4ncnc(N)c4C(N)=O)CC3)n2)ccc1F,7.575698071,0.741080129,Active,0.815789474,TRUE
NC(=O)c1cccc2c(NC(CN3CC(F)C3)c3ccc(F)c(F)c3)ncnc12,NC(=O)c1cccc2c(NC(CN3CC(F)C3)c3ccc(F)c(F)c3)ncnc12,7.594925932,0.741157973,Active,0.806451613,TRUE
CN(C)CCn1cc(-c2ccc(F)c(C(F)(F)F)c2)nc1C1CCN(c2ncnc(N)c2C(F)(F)F)CC1,CN(C)CCn1cc(-c2ccc(F)c(C(F)(F)F)c2)nc1C1CCN(c2ncnc(N)c2C(F)(F)F)CC1,7.176877993,0.741317713,Active,0.845070423,TRUE
Cn1ncc(-c2cc(C(=O)NC(CN)Cc3cccc(F)c3)oc2Cl)c1Cl,Cn1ncc(-c2cc(C(=O)NC(CN)Cc3cccc(F)c3)oc2Cl)c1Cl,7.791906044,0.741333985,Active,0.796875,TRUE
CC(C)NCC(C(=O)N1CCN(c2ncnc3[nH]nc(Br)c23)CC1)c1ccc(F)cn1,CC(C)NCC(C(=O)N1CCN(c2ncnc3[nH]nc(Br)c23)CC1)c1ccc(F)cn1,7.17882182,0.741388226,Active,0.71641791,TRUE
Nc1cc(N2CCC(c3nc(-c4ccc(O)c(C(F)(F)F)c4)cn3CCN3CCC3)CC2)ncn1,Nc1cc(N2CCC(c3nc(-c4ccc(O)c(C(F)(F)F)c4)cn3CCN3CCC3)CC2)ncn1,7.241206334,0.741406763,Active,0.850746269,TRUE
CC(C)NC(=O)Cn1cc(-c2ccc(F)c(Cl)c2)nc1C1CCN(c2ncnc(N)c2C(N)=O)CC1,CC(C)NC(=O)Cn1cc(-c2ccc(F)c(Cl)c2)nc1C1CCN(c2ncnc(N)c2C(N)=O)CC1,7.702925351,0.741630578,Active,0.746835443,TRUE
Cn1nccc1C(NC(=O)C1(N)CCN(c2ncnc3[nH]ccc23)CC1)c1ccc(F)cc1,Cn1nccc1C(NC(=O)C1(N)CCN(c2ncnc3[nH]ccc23)CC1)c1ccc(F)cc1,7.413360337,0.741683924,Active,0.71641791,TRUE
Cn1ncc(Cl)c1-c1nc(NC(=O)c2cc(-n3cnc(C4CC4)c3)c(N3CCC(F)(F)C3)cn2)cs1,Cn1ncc(Cl)c1-c1nc(NC(=O)c2cc(-n3cnc(C4CC4)c3)c(N3CCC(F)(F)C3)cn2)cs1,7.833754658,0.741692507,Active,0.636363636,TRUE
Cn1ncc(Cl)c1-c1ccc(C(=O)NC2CNCCC2c2cccc(F)c2)cc1Cl,Cn1ncc(Cl)c1-c1ccc(C(=O)NC2CNCCC2c2cccc(F)c2)cc1Cl,7.354229907,0.741775477,Active,0.818181818,TRUE
Cn1ncc(Cl)c1-c1cc(F)cc(C(=O)NC2CNCCC2c2cccc(F)c2)c1,Cn1ncc(Cl)c1-c1cc(F)cc(C(=O)NC2CNCCC2c2cccc(F)c2)c1,7.268185271,0.74177959,Active,0.846153846,TRUE
Nc1ncnc(N2CCC(O)(c3nc(-c4ccc(F)cc4)cn3CCN3CCC3)CC2)c1Cl,Nc1ncnc(N2CCC(O)(c3nc(-c4ccc(F)cc4)cn3CCN3CCC3)CC2)c1Cl,7.641695616,0.741838241,Active,0.797101449,TRUE
NC1(C(=O)NC(C(=O)NCc2ccc(F)cc2)c2ccccc2)CCN(c2ncnc3[nH]ccc23)CC1,NC1(C(=O)NC(C(=O)NCc2ccc(F)cc2)c2ccccc2)CCN(c2ncnc3[nH]ccc23)CC1,7.244633222,0.741911852,Active,0.746268657,TRUE
CCn1c(CC(=O)N2CCc3c(F)cccc32)nc(N2CCOCC2)cc1=O,CCn1c(CC(=O)N2CCc3c(F)cccc32)nc(N2CCOCC2)cc1=O,7.183856116,0.742060745,Active,0.806451613,TRUE
Cc1c(-c2ccnn2C)cc(C(=O)NC2CNCCC2c2cc(F)cc(F)c2)n1C,Cc1c(-c2ccnn2C)cc(C(=O)NC2CNCCC2c2cc(F)cc(F)c2)n1C,7.09290675,0.742163861,Active,0.723076923,TRUE
N#Cc1c(C(N)=O)ncnc1N1CCC(c2nc(-c3cccc(F)c3)cn2CCN2CCC2)CC1,N#Cc1c(C(N)=O)ncnc1N1CCC(c2nc(-c3cccc(F)c3)cn2CCN2CCC2)CC1,7.290913225,0.742261016,Active,0.773333333,TRUE
NC1(C(=O)NC(Cc2ccccc2)C(=O)NCc2ccc(F)cc2)CCN(c2ncnc3[nH]ccc23)CC1,NC1(C(=O)NC(Cc2ccccc2)C(=O)NCc2ccc(F)cc2)CCN(c2ncnc3[nH]ccc23)CC1,7.244147236,0.74226495,Active,0.625,TRUE
CN(C)CCn1cc(-c2cc(-c3ccc(F)c(C(F)(F)F)c3)n(C)c2)nc1C1CCN(c2ncnc(N)c2F)CC1,CN(C)CCn1cc(-c2cc(-c3ccc(F)c(C(F)(F)F)c3)n(C)c2)nc1C1CCN(c2ncnc(N)c2F)CC1,7.156371913,0.742296362,Active,0.756410256,TRUE
CNC(=O)CCn1cc(-c2ccc(F)c(C(F)(F)F)c2)nc1C1CCN(c2ncnc(N)c2Br)CC1,CNC(=O)CCn1cc(-c2ccc(F)c(C(F)(F)F)c2)nc1C1CCN(c2ncnc(N)c2Br)CC1,7.920759574,0.742345893,Active,0.756410256,TRUE
Nc1ncnc(N2CCC(c3nc(-c4cc(F)c(F)c(F)c4)cn3CCN3CCC3)CC2)c1Cl,Nc1ncnc(N2CCC(c3nc(-c4cc(F)c(F)c(F)c4)cn3CCN3CCC3)CC2)c1Cl,7.97846806,0.742350066,Active,0.815384615,TRUE
CNCCn1cc(-c2ccc(F)c(F)c2)nc1C1CCN(c2cc(Cl)ncn2)CC1,CNCCn1cc(-c2ccc(F)c(F)c2)nc1C1CCN(c2cc(Cl)ncn2)CC1,7.407693923,0.742424333,Active,0.61971831,TRUE
Cc1ncc(OCC(N)Cc2ccccc2)cc1-c1ccc2[nH]nc(C)c2c1,Cc1ncc(OCC(N)Cc2ccccc2)cc1-c1ccc2[nH]nc(C)c2c1,7.262870982,0.742746675,Active,0.842105263,TRUE
Cn1ncc(Br)c1-c1oc(C(=O)NC2CNCCC2c2ccc(Br)cc2)nc1Cl,Cn1ncc(Br)c1-c1oc(C(=O)NC2CNCCC2c2ccc(Br)cc2)nc1Cl,7.286931871,0.742753828,Active,0.685714286,TRUE
Cc1[nH]nc2ccc(-c3cc(OCC(N)Cc4ccccc4)cnc3-c3ccccc3)nc12,Cc1[nH]nc2ccc(-c3cc(OCC(N)Cc4ccccc4)cnc3-c3ccccc3)nc12,7.166611303,0.742845917,Active,0.602941176,TRUE
COc1cc(N2CCC(c3nc(-c4ccc(F)c(C)c4)cn3CC3CNC3)CC2)ncn1,COc1cc(N2CCC(c3nc(-c4ccc(F)c(C)c4)cn3CC3CNC3)CC2)ncn1,7.317659303,0.742926145,Active,0.72,TRUE
Cn1ncc(-c2cccc(F)c2)c1-c1ccc(C(=O)NC2CNCCC2c2cccc(F)c2)cc1F,Cn1ncc(-c2cccc(F)c2)c1-c1ccc(C(=O)NC2CNCCC2c2cccc(F)c2)cc1F,7.556568099,0.742988014,Active,0.704225352,TRUE
CC(C)Oc1nc(CC(=O)N2CCc3c(F)cccc32)nc(N2CCOCC2)c1F,CC(C)Oc1nc(CC(=O)N2CCc3c(F)cccc32)nc(N2CCOCC2)c1F,7.038189978,0.743010664,Active,0.628571429,TRUE
COc1cc(-c2cn(CCN3CCC3)c(C3CCN(c4cc(N)ncn4)CC3)n2)ccc1F,COc1cc(-c2cn(CCN3CCC3)c(C3CCN(c4cc(N)ncn4)CC3)n2)ccc1F,7.876686607,0.743049228,Active,0.791044776,TRUE
Cc1ncccc1-c1c(C(=O)NC2CNCCC2c2ccc(F)c(F)c2)cnn1C,Cc1ncccc1-c1c(C(=O)NC2CNCCC2c2ccc(F)c(F)c2)cnn1C,7.294866544,0.743063176,Active,0.657534247,TRUE
Cn1ncc(Br)c1-c1nnc(C(=O)NC2CNCCC2c2cccc(F)c2)s1,Cn1ncc(Br)c1-c1nnc(C(=O)NC2CNCCC2c2cccc(F)c2)s1,7.726220705,0.743210399,Active,0.746478873,TRUE
Cn1ncc(Br)c1-c1cc(F)c(C(=O)NC2CNCCC2c2cncc(F)c2)cc1F,Cn1ncc(Br)c1-c1cc(F)c(C(=O)NC2CNCCC2c2cncc(F)c2)cc1F,7.454721651,0.743365908,Active,0.791044776,TRUE
Cc1[nH]nc2ncc(-c3cncc(OCC(N)Cc4ccc(F)c(Cl)c4)c3)cc12,Cc1[nH]nc2ncc(-c3cncc(OCC(N)Cc4ccc(F)c(Cl)c4)c3)cc12,7.859607297,0.743462646,Active,0.727272727,TRUE
CC1CN(c2ccc(F)c(CC(=O)N3CCc4c(F)cccc43)n2)CCO1,CC1CN(c2ccc(F)c(CC(=O)N3CCc4c(F)cccc43)n2)CCO1,7.175925368,0.743644619,Active,0.705882353,TRUE
CCOc1c(N)ncnc1N1CCC(c2nc(-c3ccc(-c4cnn(C)c4)cc3)cn2CCN2CCC2)CC1,CCOc1c(N)ncnc1N1CCC(c2nc(-c3ccc(-c4cnn(C)c4)cc3)cn2CCN2CCC2)CC1,7.068867427,0.74367311,Active,0.733333333,TRUE
CCNCCn1cc(-c2ccc(F)c(C(F)(F)F)c2)nc1C1CCN(c2cc(N)ncn2)CC1,CCNCCn1cc(-c2ccc(F)c(C(F)(F)F)c2)nc1C1CCN(c2cc(N)ncn2)CC1,7.907950239,0.743708038,Active,0.763888889,TRUE
Cn1nc(-c2ccc(C(=O)NC3CNCCC3c3ccc(F)c(F)c3)cc2F)c2cccnc21,Cn1nc(-c2ccc(C(=O)NC3CNCCC3c3ccc(F)c(F)c3)cc2F)c2cccnc21,7.605457283,0.743807757,Active,0.671232877,TRUE
Cc1cc(Br)nn2c(-c3ccc(F)cc3)c(-c3ccc(C4(N)CCC4)cc3)nc12,Cc1cc(Br)nn2c(-c3ccc(F)cc3)c(-c3ccc(C4(N)CCC4)cc3)nc12,7.448866746,0.743892694,Active,0.633333333,TRUE
CC(CC(F)(F)F)NC(=O)C1(N)CCN(c2ncnc3[nH]ccc23)CC1,CC(CC(F)(F)F)NC(=O)C1(N)CCN(c2ncnc3[nH]ccc23)CC1,7.133578609,0.743979239,Active,0.703125,TRUE
Cc1c(-c2ccc(C(=O)NC3CNCCC3c3cccc(F)c3)cc2Cl)cnn1C,Cc1c(-c2ccc(C(=O)NC3CNCCC3c3cccc(F)c3)cc2Cl)cnn1C,7.296555245,0.744102085,Active,0.704225352,TRUE
Cc1nc(N)nc2c1nc(-c1ccc(-c3cnn(C)c3)cc1)c(=O)n2C1CCC(OCCO)CC1,Cc1nc(N)nc2c1nc(-c1ccc(-c3cnn(C)c3)cc1)c(=O)n2C1CCC(OCCO)CC1,7.251394719,0.744116449,Active,0.75,TRUE
CNCC(Nc1ncnc2c(C(N)=O)cccc12)c1cccc(Br)c1,CNCC(Nc1ncnc2c(C(N)=O)cccc12)c1cccc(Br)c1,7.286649805,0.744135046,Active,0.785714286,TRUE
NC(COc1cncc(-c2ccc3c(c2)CCC(=O)N3)c1)Cc1ccc(F)cc1F,NC(COc1cncc(-c2ccc3c(c2)CCC(=O)N3)c1)Cc1ccc(F)cc1F,7.03021047,0.74416014,Active,0.614285714,TRUE
Cc1[nH]nc2cnc(-c3cncc(OCC(N)Cc4ccc(Cl)cc4)c3)nc12,Cc1[nH]nc2cnc(-c3cncc(OCC(N)Cc4ccc(Cl)cc4)c3)nc12,7.223330998,0.744183028,Active,0.606060606,TRUE
NCCCNCCCn1cc(-c2ccc(F)cc2)nc1C1CCN(c2ncnc(N)c2Cl)CC1,NCCCNCCCn1cc(-c2ccc(F)cc2)nc1C1CCN(c2ncnc(N)c2Cl)CC1,7.639701319,0.744196618,Active,0.724637681,TRUE
NC(=O)c1cccnc1N1CCC(c2nc(-c3ccc(F)c(C(F)(F)F)c3)cn2CCN2CCC2)CC1,NC(=O)c1cccnc1N1CCC(c2nc(-c3ccc(F)c(C(F)(F)F)c3)cn2CCN2CCC2)CC1,7.533874842,0.744213843,Active,0.734177215,TRUE
NC(=O)c1c(N)ncnc1N1CCC(c2nc(-c3ccc(F)c(OC(F)(F)F)c3)cn2CC2CC2)CC1,NC(=O)c1c(N)ncnc1N1CCC(c2nc(-c3ccc(F)c(OC(F)(F)F)c3)cn2CC2CC2)CC1,7.345576478,0.744382942,Active,0.716049383,TRUE
O=C(Cc1nc(N2CCOCC2)cc(=O)n1C1CC1)N1CCc2c(Oc3ccccc3)cccc21,O=C(Cc1nc(N2CCOCC2)cc(=O)n1C1CC1)N1CCc2c(Oc3ccccc3)cccc21,7.079962689,0.744452918,Active,0.742857143,TRUE
NCc1cc(-c2cn(CCN3CCC3)c(C3CCN(c4ncnc(N)c4C(F)(F)F)CC3)n2)ccc1Cl,NCc1cc(-c2cn(CCN3CCC3)c(C3CCN(c4ncnc(N)c4C(F)(F)F)CC3)n2)ccc1Cl,7.588580733,0.744560325,Active,0.670886076,TRUE
Cn1cc(-c2cc(OCC(N)Cc3c[nH]c4ccccc34)cnc2-c2ccoc2)cn1,Cn1cc(-c2cc(OCC(N)Cc3c[nH]c4ccccc34)cnc2-c2ccoc2)cn1,7.422927298,0.745058262,Active,0.701298701,TRUE
CN(C)CCn1cc(-c2ccnc(F)c2)nc1C1CCN(c2ncnc(N)c2C#N)CC1,CN(C)CCn1cc(-c2ccnc(F)c2)nc1C1CCN(c2ncnc(N)c2C#N)CC1,7.610980193,0.745083356,Active,0.794520548,TRUE
Cc1cc(-c2cn(CCNC3CCCC3)c(C3CCN(c4ncnc(N)c4S(C)(=O)=O)CC3)n2)ccc1F,Cc1cc(-c2cn(CCNC3CCCC3)c(C3CCN(c4ncnc(N)c4S(C)(=O)=O)CC3)n2)ccc1F,8.083632253,0.745098436,Active,0.784810127,TRUE
Cn1nccc1-c1ccc(C(=O)NC2CCNCC2c2ccccc2)s1,Cn1nccc1-c1ccc(C(=O)NC2CCNCC2c2ccccc2)s1,7.436134296,0.745230281,Active,0.73015873,TRUE
CSc1ccc2nc(-c3ccc(C4(N)CC(C(C)C)C4)cc3)c(-c3ccccc3)n2n1,CSc1ccc2nc(-c3ccc(C4(N)CC(C(C)C)C4)cc3)c(-c3ccccc3)n2n1,7.268807558,0.745415771,Active,0.736842105,TRUE
Nc1ncnc(N2CCC(c3nc(-c4ccc(CO)cc4)cn3CCN3CCC3)C(F)C2)c1Cl,Nc1ncnc(N2CCC(c3nc(-c4ccc(CO)cc4)cn3CCN3CCC3)C(F)C2)c1Cl,7.655609173,0.745453858,Active,0.730769231,TRUE
COc1ncc(-c2cn(CCN3CCC3)c(C3CCN(c4ncnc(N)c4C)CC3)n2)cc1Cl,COc1ncc(-c2cn(CCN3CCC3)c(C3CCN(c4ncnc(N)c4C)CC3)n2)cc1Cl,7.288593348,0.745489264,Active,0.6375,TRUE
Cn1nc(-c2ccc(C(=O)NC3CNCCC3c3cccc(F)c3)s2)nc1C1CC1,Cn1nc(-c2ccc(C(=O)NC3CNCCC3c3cccc(F)c3)s2)nc1C1CC1,7.301567617,0.745557332,Active,0.694444444,TRUE
CCc1c(N)ncnc1N1CCC(c2nc(-c3cccc(F)c3)cn2CCN(C)C)CC1,CCc1c(N)ncnc1N1CCC(c2nc(-c3cccc(F)c3)cn2CCN(C)C)CC1,7.086937327,0.745590889,Active,0.8,TRUE
Cc1[nH]nc2cnc(-c3cncc(OCC(N)Cc4cccc(F)c4F)c3)nc12,Cc1[nH]nc2cnc(-c3cncc(OCC(N)Cc4cccc(F)c4F)c3)nc12,7.219490783,0.74561187,Active,0.632352941,TRUE
Cc1cc(-c2cn(CCN3CCC3)c(C3CCN(c4cc(N)ncn4)CC3)n2)ccc1Cl,Cc1cc(-c2cn(CCN3CCC3)c(C3CCN(c4cc(N)ncn4)CC3)n2)ccc1Cl,7.615635695,0.745615983,Active,0.731343284,TRUE
Cc1nc(N)nc2c1cc(-c1ccc(C#N)cc1Cl)c(=O)n2C1CCC(OCO)CC1,Cc1nc(N)nc2c1cc(-c1ccc(C#N)cc1Cl)c(=O)n2C1CCC(OCO)CC1,7.451206323,0.745775425,Active,0.616438356,TRUE
Cn1c(CC(=O)N2CCc3c(F)cccc32)nc(N2CCOCC2)c(OCc2ccc(F)c(Cl)c2)c1=O,Cn1c(CC(=O)N2CCc3c(F)cccc32)nc(N2CCOCC2)c(OCc2ccc(F)c(Cl)c2)c1=O,7.368420366,0.745825493,Active,0.689189189,TRUE
Cc1cc(-n2c(CC(=O)Nc3ccc(F)c(Br)c3)nc(N3CCOCC3)cc2=O)cs1,Cc1cc(-n2c(CC(=O)Nc3ccc(F)c(Br)c3)nc(N3CCOCC3)cc2=O)cs1,7.238582436,0.745920086,Active,0.710144928,TRUE
COCCNC(=O)Cn1cc(-c2cccc(F)c2)nc1C1CCN(c2ncnc(N)c2Cl)CC1,COCCNC(=O)Cn1cc(-c2cccc(F)c2)nc1C1CCN(c2ncnc(N)c2Cl)CC1,7.537519706,0.745947564,Active,0.641975309,TRUE
NC(COc1cncc(-c2ccc3[nH]ncc3c2)c1)Cc1ccc(C(F)(F)F)cc1,NC(COc1cncc(-c2ccc3[nH]ncc3c2)c1)Cc1ccc(C(F)(F)F)cc1,7.287098689,0.745974922,Active,0.714285714,TRUE
CNC(=O)Nc1nc2ccc(-c3cnc(Cl)c(NS(=O)(=O)c4ccc(F)cc4)c3)cc2s1,CNC(=O)Nc1nc2ccc(-c3cnc(Cl)c(NS(=O)(=O)c4ccc(F)cc4)c3)cc2s1,7.741837181,0.745991492,Active,0.841269841,TRUE
Cc1cc(C2CCNCC2NC(=O)c2ccc3c(c2)OCCn2nccc2-3)ccc1F,Cc1cc(C2CCNCC2NC(=O)c2ccc3c(c2)OCCn2nccc2-3)ccc1F,8.688551397,0.746002758,Active,0.865671642,TRUE
Cc1[nH]nc2ccc(-c3nnc(NCC(N)Cc4cc(F)ccc4F)s3)cc12,Cc1[nH]nc2ccc(-c3nnc(NCC(N)Cc4cc(F)ccc4F)s3)cc12,7.394894031,0.746061885,Active,0.611940299,TRUE
Cn1ccnc1-c1nc(NC(=O)c2cc(-n3cnc(C4CC4)c3)c(N3CCC(F)CC3)cn2)cs1,Cn1ccnc1-c1nc(NC(=O)c2cc(-n3cnc(C4CC4)c3)c(N3CCC(F)CC3)cn2)cs1,7.83716748,0.746144497,Active,0.734177215,TRUE
Cn1c(CC(=O)N2CCc3c(F)cccc32)nc(N2CCOCC2)cc1=NC1CCCCC1,Cn1c(CC(=O)N2CCc3c(F)cccc32)nc(N2CCOCC2)cc1=NC1CCCCC1,7.167529387,0.746191347,Active,0.714285714,TRUE
CC1Cc2ccccc2N1C(=O)Cc1nc(N2CCOCC2)cc(=O)n1-c1ccc(F)cc1,CC1Cc2ccccc2N1C(=O)Cc1nc(N2CCOCC2)cc(=O)n1-c1ccc(F)cc1,7.370961266,0.746268475,Active,0.742424242,TRUE
Cc1ncccc1-c1cn(CCN2CCC2)c(C2CCN(c3ncnc(N)c3F)CC2)n1,Cc1ncccc1-c1cn(CCN2CCC2)c(C2CCN(c3ncnc(N)c3F)CC2)n1,7.635363494,0.74628737,Active,0.648648649,TRUE
Nc1ncnc(N2CCC(c3nc(-c4cc(F)c(C(F)(F)F)c(F)c4)cn3CCN3CCC3)CC2)c1F,Nc1ncnc(N2CCC(c3nc(-c4cc(F)c(C(F)(F)F)c(F)c4)cn3CCN3CCC3)CC2)c1F,7.241025414,0.746311092,Active,0.757142857,TRUE
Cn1nc(-c2c(F)cccc2Cl)c2cc(C(=O)NC3CNCCC3c3cccc(F)c3)sc21,Cn1nc(-c2c(F)cccc2Cl)c2cc(C(=O)NC3CNCCC3c3cccc(F)c3)sc21,7.577934769,0.746416652,Active,0.6125,TRUE
Cn1ncc(C(=O)NC2CNCCC2c2cc(F)cc(F)c2)c1-c1c(F)ccc(F)c1F,Cn1ncc(C(=O)NC2CNCCC2c2cc(F)cc(F)c2)c1-c1c(F)ccc(F)c1F,7.346052462,0.746473038,Active,0.608695652,TRUE
Cn1ncc2cc(-c3cc(OCC(N)Cc4ccccc4)cnc3-c3ccoc3)ccc21,Cn1ncc2cc(-c3cc(OCC(N)Cc4ccccc4)cnc3-c3ccoc3)ccc21,7.310632486,0.746491098,Active,0.635135135,TRUE
NC1(c2ccc(-c3nc4ccc(OC(F)(F)F)nn4c3-c3ccccc3)cc2)CCC1,NC1(c2ccc(-c3nc4ccc(OC(F)(F)F)nn4c3-c3ccccc3)cc2)CCC1,7.206439303,0.746713483,Active,0.763636364,TRUE
Nc1ncnc(N2CCC(c3nc(-c4ccc(F)c(C(F)(F)F)c4)cn3CCNCC3CCOCC3)CC2)c1Cl,Nc1ncnc(N2CCC(c3nc(-c4ccc(F)c(C(F)(F)F)c4)cn3CCNCC3CCOCC3)CC2)c1Cl,7.855301604,0.746752942,Active,0.738095238,TRUE
COc1cc(-c2ccnn2C)ccc1C(=O)NC1CNCCC1c1cccc(F)c1,COc1cc(-c2ccnn2C)ccc1C(=O)NC1CNCCC1c1cccc(F)c1,7.343036178,0.746757412,Active,0.728571429,TRUE
Cc1cc(F)c(-n2cnc(C3CC3)c2)cc1C(=O)Nc1csc(-c2nncn2C2CCCC2)n1,Cc1cc(F)c(-n2cnc(C3CC3)c2)cc1C(=O)Nc1csc(-c2nncn2C2CCCC2)n1,7.577878994,0.74686482,Active,0.619047619,TRUE
Cn1nccc1-c1cc(F)c(C(=O)NC2CNCCC2c2cccc(F)c2)cc1Cl,Cn1nccc1-c1cc(F)c(C(=O)NC2CNCCC2c2cccc(F)c2)cc1Cl,7.361711273,0.746874356,Active,0.710144928,TRUE
NC1(C(=O)NCc2cccc(Br)c2)CCN(c2ncnc3[nH]ccc23)CC1,NC1(C(=O)NCc2cccc(Br)c2)CCN(c2ncnc3[nH]ccc23)CC1,7.513794492,0.746879542,Active,0.721311475,TRUE
Cn1ncc(Br)c1-c1ccc(C(=O)NC2CNCCC2c2cccc(Cl)c2)o1,Cn1ncc(Br)c1-c1ccc(C(=O)NC2CNCCC2c2cccc(Cl)c2)o1,7.519884334,0.746885324,Active,0.818181818,TRUE
Cn1nc(Cc2ccc(F)cc2)cc1-c1ccc(C(=O)NC2CNCCC2c2cccc(F)c2)cc1,Cn1nc(Cc2ccc(F)cc2)cc1-c1ccc(C(=O)NC2CNCCC2c2cccc(F)c2)cc1,7.307589096,0.747010732,Active,0.618421053,TRUE
Cc1[nH]nc2ncc(-c3cncc(OCC(N)Cc4cccc(F)c4F)c3)nc12,Cc1[nH]nc2ncc(-c3cncc(OCC(N)Cc4cccc(F)c4F)c3)nc12,7.418718673,0.747036064,Active,0.661764706,TRUE
Cc1ncc(C(=O)O)c(N2CCC(c3nc(-c4ccc(F)c(C)c4)cn3CCN(C)C)CC2)n1,Cc1ncc(C(=O)O)c(N2CCC(c3nc(-c4ccc(F)c(C)c4)cn3CCN(C)C)CC2)n1,7.45094008,0.747122192,Active,0.670886076,TRUE
Cc1cnn(C)c1-c1nc(NC(=O)c2cc(-n3cnc(C4CC4)c3)c(N3CC(F)(F)C3)cn2)cs1,Cc1cnn(C)c1-c1nc(NC(=O)c2cc(-n3cnc(C4CC4)c3)c(N3CC(F)(F)C3)cn2)cs1,7.522187923,0.747204983,Active,0.728395062,TRUE
CNC(=O)C(Cc1ccc(F)cc1)NC(=O)C1(N)CCN(c2ncnc3[nH]cc(C)c23)CC1,CNC(=O)C(Cc1ccc(F)cc1)NC(=O)C1(N)CCN(c2ncnc3[nH]cc(C)c23)CC1,7.565190242,0.74722662,Active,0.605633803,TRUE
NC1(C(=O)c2ccc(F)cc2F)CCN(c2ncnc3[nH]cc(Cl)c23)CC1,NC1(C(=O)c2ccc(F)cc2F)CCN(c2ncnc3[nH]cc(Cl)c23)CC1,7.557017821,0.747307622,Active,0.686567164,TRUE
CCCNC(=O)Cn1cc(-c2ccc(F)c(C(F)(F)F)c2)nc1C1CCN(c2cc(N)ncn2)CC1,CCCNC(=O)Cn1cc(-c2ccc(F)c(C(F)(F)F)c2)nc1C1CCN(c2cc(N)ncn2)CC1,7.674247254,0.747344995,Active,0.670886076,TRUE
CN(C)CCCn1cc(-c2ccc(F)c(C(F)(F)F)c2)nc1C1CCN(c2ncnc(N)c2F)CC1,CN(C)CCCn1cc(-c2ccc(F)c(C(F)(F)F)c2)nc1C1CCN(c2ncnc(N)c2F)CC1,7.404868469,0.747412944,Active,0.783783784,TRUE
NC1(c2ccc(-n3c(-c4ccncc4)nc4ccc(-c5ccccn5)nc43)cc2)CCC1,NC1(c2ccc(-n3c(-c4ccncc4)nc4ccc(-c5ccccn5)nc43)cc2)CCC1,7.814652458,0.747431183,Active,0.722222222,TRUE
Cn1ncc(-c2csc(C(=O)NC3CNCCC3c3cccc(F)c3)c2)c1Cl,Cn1ncc(-c2csc(C(=O)NC3CNCCC3c3cccc(F)c3)c2)c1Cl,7.862090877,0.747641051,Active,0.8,TRUE
Cn1nccc1-c1ccc(C(=O)NC2CNCCC2c2ncc(F)cc2F)s1,Cn1nccc1-c1ccc(C(=O)NC2CNCCC2c2ncc(F)cc2F)s1,7.74779408,0.747789645,Active,0.724637681,TRUE
NC(=O)c1ccc(-c2cn(CCN3CCC3)c(C3CCN(c4ncnc(N)c4Cl)CC3)n2)cc1F,NC(=O)c1ccc(-c2cn(CCN3CCC3)c(C3CCN(c4ncnc(N)c4Cl)CC3)n2)cc1F,7.282153885,0.747983122,Active,0.788732394,TRUE
Nc1ncnc(N2CCC(c3nc(-c4ccc(Cl)cc4)cn3CCNC3CC3)CC2)c1Cl,Nc1ncnc(N2CCC(c3nc(-c4ccc(Cl)cc4)cn3CCNC3CC3)CC2)c1Cl,7.52480536,0.74798497,Active,0.732394366,TRUE
CSc1ccc2nc(-c3ccc(C4(N)CC(C)(O)C4)cc3)c(-c3ccccc3)n2n1,CSc1ccc2nc(-c3ccc(C4(N)CC(C)(O)C4)cc3)c(-c3ccccc3)n2n1,7.107919621,0.748024905,Active,0.763636364,TRUE
Cc1nc(N)nc2c1nc(-c1ccc(-c3cnn(C)c3)cc1)c(=O)n2C1CCC(O)CC1,Cc1nc(N)nc2c1nc(-c1ccc(-c3cnn(C)c3)cc1)c(=O)n2C1CCC(O)CC1,7.189143148,0.748160505,Active,0.716666667,TRUE
Cn1c(CC(=O)N2CCc3c(Cl)cccc32)nc(N2CCOCC2)c(OCc2c(F)cccc2F)c1=O,Cn1c(CC(=O)N2CCc3c(Cl)cccc32)nc(N2CCOCC2)c(OCc2c(F)cccc2F)c1=O,7.068551966,0.748231733,Active,0.671232877,TRUE
Nc1ncnc(N2CCC(c3nc(-c4ccc(F)c(C(F)(F)F)c4)cn3CC(=O)NCCCN3CCCCC3)CC2)c1Cl,Nc1ncnc(N2CCC(c3nc(-c4ccc(F)c(C(F)(F)F)c4)cn3CC(=O)NCCCN3CCCCC3)CC2)c1Cl,7.760416594,0.748252892,Active,0.734939759,TRUE
Cc1nc(NC(CN2CCC2C2CCN(C)CC2)c2cccc(F)c2)c2cccc(C(N)=O)c2n1,Cc1nc(NC(CN2CCC2C2CCN(C)CC2)c2cccc(F)c2)c2cccc(C(N)=O)c2n1,7.184316198,0.748281205,Active,0.630136986,TRUE
NC(=O)Cc1cc(Br)cn2c(-c3ccccc3)c(-c3ccc(C4(N)CCC4)cc3)nc12,NC(=O)Cc1cc(Br)cn2c(-c3ccccc3)c(-c3ccc(C4(N)CCC4)cc3)nc12,7.172153854,0.748333955,Active,0.671875,TRUE
Cc1c[nH]c2ncnc(N3CCC(N)(CNC(=O)c4cccs4)C3)c12,Cc1c[nH]c2ncnc(N3CCC(N)(CNC(=O)c4cccs4)C3)c12,7.265957539,0.74846276,Active,0.75,TRUE
N#Cc1c(N)ncnc1N1CCC(c2nc(-c3cnc(Cl)c(F)c3)cn2CC2CCC2)CC1,N#Cc1c(N)ncnc1N1CCC(c2nc(-c3cnc(Cl)c(F)c3)cn2CC2CCC2)CC1,7.671307357,0.748562419,Active,0.658227848,TRUE
NC(=O)c1cccc(-c2cn(CCN3CCCC3)c(C3CCN(c4ncnc(N)c4F)CC3)n2)c1,NC(=O)c1cccc(-c2cn(CCN3CCCC3)c(C3CCN(c4ncnc(N)c4F)CC3)n2)c1,7.316897748,0.748667622,Active,0.767123288,TRUE
CC(NC(=O)C1(N)CCN(c2ncnc3[nH]ccc23)CC1)c1cc(F)c(F)c(F)c1,CC(NC(=O)C1(N)CCN(c2ncnc3[nH]ccc23)CC1)c1cc(F)c(F)c(F)c1,7.594993144,0.74872067,Active,0.8,TRUE
O=C(NC(c1ccc(Cl)cc1)C(F)(F)F)C1(F)CCN(c2ncnc3[nH]ccc23)CC1,O=C(NC(c1ccc(Cl)cc1)C(F)(F)F)C1(F)CCN(c2ncnc3[nH]ccc23)CC1,7.292735426,0.748728716,Active,0.626865672,TRUE
NC1(c2ccc(-c3nc4c(Br)cc(C(=O)NC5CC5)cn4c3-c3ccccc3)cc2)CCC1,NC1(c2ccc(-c3nc4c(Br)cc(C(=O)NC5CC5)cn4c3-c3ccccc3)cc2)CCC1,7.228880665,0.748729372,Active,0.774193548,TRUE
CN(CCn1cc(-c2ccc(F)c(C(F)(F)F)c2)nc1C1CCN(c2ncnc(N)c2Cl)CC1)Cc1ccccc1,CN(CCn1cc(-c2ccc(F)c(C(F)(F)F)c2)nc1C1CCN(c2ncnc(N)c2Cl)CC1)Cc1ccccc1,7.623506013,0.748797083,Active,0.716049383,TRUE
Cn1ncc(Cl)c1-c1ccc(C(=O)NC2CNCC2c2ccncc2)s1,Cn1ncc(Cl)c1-c1ccc(C(=O)NC2CNCC2c2ccncc2)s1,7.639511674,0.748824143,Active,0.71875,TRUE
CNC(=O)c1c(N)ncnc1N1CCC(c2nc(-c3ccc(F)c(Cl)c3)cn2CCN2CCC2)CC1,CNC(=O)c1c(N)ncnc1N1CCC(c2nc(-c3ccc(F)c(Cl)c3)cn2CCN2CCC2)CC1,7.46965241,0.748891973,Active,0.84,TRUE
Cn1cc(-c2ncc(C(=O)NC3CNCCC3c3cccc(F)c3)s2)cc1Br,Cn1cc(-c2ncc(C(=O)NC3CNCCC3c3cccc(F)c3)s2)cc1Br,7.532193009,0.748905206,Active,0.61038961,TRUE
Cc1[nH]nc2cnc(-c3cncc(OCC(N)Cc4ccc(F)c(C(F)(F)F)c4)c3)nc12,Cc1[nH]nc2cnc(-c3cncc(OCC(N)Cc4ccc(F)c(C(F)(F)F)c4)c3)nc12,7.520182651,0.749000812,Active,0.643835616,TRUE
CNCCn1cc(-c2ccnc(F)c2)nc1C1CCN(c2ncnc(N)c2Br)CC1,CNCCn1cc(-c2ccnc(F)c2)nc1C1CCN(c2ncnc(N)c2Br)CC1,7.803635559,0.74901315,Active,0.814285714,TRUE
NC1(C(=O)NC(c2cccc(F)c2)c2nccs2)CCN(c2ncnc3[nH]ccc23)CC1,NC1(C(=O)NC(c2cccc(F)c2)c2nccs2)CCN(c2ncnc3[nH]ccc23)CC1,7.578304093,0.7490327,Active,0.616438356,TRUE
CC(C)NCC(C(=O)N1CCN(c2ncnc3c2C(C)CCC3)CC1)c1ccc(F)cc1,CC(C)NCC(C(=O)N1CCN(c2ncnc3c2C(C)CCC3)CC1)c1ccc(F)cc1,7.234454363,0.749106431,Active,0.769230769,TRUE
NC1(C(=O)NC(=O)Cc2ccc(Br)cc2)CCN(c2ncnc3[nH]ccc23)CC1,NC1(C(=O)NC(=O)Cc2ccc(Br)cc2)CCN(c2ncnc3[nH]ccc23)CC1,7.468534803,0.749128544,Active,0.666666667,TRUE
CC1Cc2ccccc2N1C(=O)Cc1nc(N2CCOCC2)c(Cc2ccccc2F)n1C,CC1Cc2ccccc2N1C(=O)Cc1nc(N2CCOCC2)c(Cc2ccccc2F)n1C,7.058463173,0.749193156,Active,0.720588235,TRUE
Cc1nc(C)c(-c2cc(C(=O)NC3CNCCC3c3ccccc3)oc2Cl)s1,Cc1nc(C)c(-c2cc(C(=O)NC3CNCCC3c3ccccc3)oc2Cl)s1,7.256335091,0.749255264,Active,0.642857143,TRUE
CNCCn1cc(-c2ccc(F)c(C(F)(F)F)c2)nc1C1CCN(c2ncnc(N)c2C(=O)NC)CC1,CNCCn1cc(-c2ccc(F)c(C(F)(F)F)c2)nc1C1CCN(c2ncnc(N)c2C(=O)NC)CC1,7.488753316,0.749515796,Active,0.88,TRUE
N#Cc1ccc(-c2cn(CCN3CCC3)c(C3CCN(c4ncnc(N)c4Br)CC3)n2)cc1,N#Cc1ccc(-c2cn(CCN3CCC3)c(C3CCN(c4ncnc(N)c4Br)CC3)n2)cc1,7.70915821,0.749551976,Active,0.772727273,TRUE
Cc1ccc(CC(N)C(=O)N2CCN(c3ncnc4cccc(Br)c34)CC2)cc1C,Cc1ccc(CC(N)C(=O)N2CCN(c3ncnc4cccc(Br)c34)CC2)cc1C,7.122548555,0.749562526,Active,0.676923077,TRUE
NC(=O)c1cccc2c(NC(CN3CC(F)C3)c3cccc(F)c3)ncnc12,NC(=O)c1cccc2c(NC(CN3CC(F)C3)c3cccc(F)c3)ncnc12,7.548563178,0.74975785,Active,0.803278689,TRUE
Cc1c(-c2cc(C(=O)NC(CN)Cc3cccc(F)c3)oc2Cl)cnn1C,Cc1c(-c2cc(C(=O)NC(CN)Cc3cccc(F)c3)oc2Cl)cnn1C,7.450952769,0.749776268,Active,0.784615385,TRUE
NCCNC(=O)C1(N)CCN(c2ncnc3[nH]cc(Cl)c23)CC1,NCCNC(=O)C1(N)CCN(c2ncnc3[nH]cc(Cl)c23)CC1,7.460047685,0.749922419,Active,0.619047619,TRUE
Cc1nc(-c2c(Cl)cnn2C)c2nc(-c3ccccc3)c(-c3ccc(C4(N)CCC4)cc3)n2n1,Cc1nc(-c2c(Cl)cnn2C)c2nc(-c3ccccc3)c(-c3ccc(C4(N)CCC4)cc3)n2n1,7.047228008,0.749924445,Active,0.634920635,TRUE
Cn1nc(-c2ccc(C(=O)NC3CNCCC3c3cccc(F)c3)cc2)c(Cl)c1Cl,Cn1nc(-c2ccc(C(=O)NC3CNCCC3c3cccc(F)c3)cc2)c(Cl)c1Cl,7.273095085,0.749949777,Active,0.710144928,TRUE
CNC(=O)NCCn1cc(-c2ccc(F)c(C(F)(F)F)c2)nc1C1CCN(c2ncnc(N)c2F)CC1,CNC(=O)NCCn1cc(-c2ccc(F)c(C(F)(F)F)c2)nc1C1CCN(c2ncnc(N)c2F)CC1,7.875068664,0.7499614,Active,0.7625,TRUE
Cc1ccc2c(c1O)CCN2C(=O)Cc1nc(N2CCOCC2)cc(=O)n1-c1ccccc1F,Cc1ccc2c(c1O)CCN2C(=O)Cc1nc(N2CCOCC2)cc(=O)n1-c1ccccc1F,7.15505061,0.750009143,Active,0.671428571,TRUE
Cn1ncc(Br)c1-c1ccc(C(=O)NC2CNCCC2F)s1,Cn1ncc(Br)c1-c1ccc(C(=O)NC2CNCCC2F)s1,7.706436262,0.750071967,Active,0.701492537,TRUE
COc1ccc(-c2cn(CCN3CCC3)c(C3CCN(c4ncnc(N)c4C)CC3)n2)cc1F,COc1ccc(-c2cn(CCN3CCC3)c(C3CCN(c4ncnc(N)c4C)CC3)n2)cc1F,7.169407055,0.750089729,Active,0.810810811,TRUE
O=C(Cc1nc(N2CCOCC2)cc(=O)n1-c1ccc(Cl)cc1)N1CCc2ccccc21,O=C(Cc1nc(N2CCOCC2)cc(=O)n1-c1ccc(Cl)cc1)N1CCc2ccccc21,7.245490047,0.750179374,Active,0.86440678,TRUE
COc1c(N)ncnc1N1CCC(c2nc(-c3ccc(F)c(C(F)F)c3)cn2CCN(C)C)CC1,COc1c(N)ncnc1N1CCC(c2nc(-c3ccc(F)c(C(F)F)c3)cn2CCN(C)C)CC1,8.058712135,0.750336313,Active,0.75,TRUE
Cn1ncc(Cl)c1-c1cc(F)c(C(=O)NC2CNCC2c2cccc(F)c2)cc1F,Cn1ncc(Cl)c1-c1cc(F)c(C(=O)NC2CNCC2c2cccc(F)c2)cc1F,7.214839912,0.750498796,Active,0.7,TRUE
NC1(C(=O)Nc2cnccc2Cl)CCN(c2ncnc3[nH]ccc23)CC1,NC1(C(=O)Nc2cnccc2Cl)CCN(c2ncnc3[nH]ccc23)CC1,7.271027103,0.750536108,Active,0.609375,TRUE
CN(C)CCn1cc(-c2cc(F)cc(C(N)=O)c2)nc1C1CCN(c2ncnc(N)c2F)CC1,CN(C)CCn1cc(-c2cc(F)cc(C(N)=O)c2)nc1C1CCN(c2ncnc(N)c2F)CC1,7.272040636,0.750608766,Active,0.670886076,TRUE
NCCCNCCCCCC(NC(=O)C1(N)CCN(c2ncnc3[nH]ccc23)CC1)c1ccccc1,NCCCNCCCCCC(NC(=O)C1(N)CCN(c2ncnc3[nH]ccc23)CC1)c1ccccc1,7.411376727,0.750660563,Active,0.75,TRUE
Cn1ncc(Br)c1-c1ccc(C(=O)NC2CNCCC2c2cc(F)ccc2F)o1,Cn1ncc(Br)c1-c1ccc(C(=O)NC2CNCCC2c2cc(F)ccc2F)o1,7.337068091,0.750795567,Active,0.714285714,TRUE
CCN(CC)CCn1cc(-c2ccc(F)c(C(F)(F)F)c2)nc1C1CCN(c2cc(N)ncn2)CC1,CCN(CC)CCn1cc(-c2ccc(F)c(C(F)(F)F)c2)nc1C1CCN(c2cc(N)ncn2)CC1,7.2976368,0.751011395,Active,0.763888889,TRUE
CC(NC(=O)C1(N)CCN(c2ncnc3[nH]cc(Cl)c23)CC1)c1ccccc1,CC(NC(=O)C1(N)CCN(c2ncnc3[nH]cc(Cl)c23)CC1)c1ccccc1,7.7644397,0.751057768,Active,0.862068966,TRUE
NCCCn1cc(-c2ccc(F)c(C(F)(F)F)c2)nc1C1CCN(c2ncnc(N)c2F)CC1,NCCCn1cc(-c2ccc(F)c(C(F)(F)F)c2)nc1C1CCN(c2ncnc(N)c2F)CC1,7.400571597,0.7510831,Active,0.823529412,TRUE
NC1(c2ccc(-c3nn4c(-c5cccs5)cnc4cc3-c3cccs3)cc2)CCC1,NC1(c2ccc(-c3nn4c(-c5cccs5)cnc4cc3-c3cccs3)cc2)CCC1,7.336968496,0.751119936,Active,0.639344262,TRUE
O=C(CCC(NC(=O)c1ccc(-c2ccnc3[nH]ccc23)s1)c1ccccc1)NCc1ccccc1,O=C(CCC(NC(=O)c1ccc(-c2ccnc3[nH]ccc23)s1)c1ccccc1)NCc1ccccc1,7.10157619,0.751121485,Active,0.71875,TRUE
CC1SCc2ncnc(N3CCN(C(=O)CC(N)Cc4cc(F)c(F)cc4F)CC3)c21,CC1SCc2ncnc(N3CCN(C(=O)CC(N)Cc4cc(F)c(F)cc4F)CC3)c21,7.067646779,0.751242185,Active,0.633802817,TRUE
CCOc1cccc(CC(N)COc2cncc(-c3ccc4[nH]nc(C)c4c3)c2)c1,CCOc1cccc(CC(N)COc2cncc(-c3ccc4[nH]nc(C)c4c3)c2)c1,7.333802305,0.751248622,Active,0.836065574,TRUE
Cn1ncc(Cl)c1-c1ccc(C(=O)NC2CNCCC2c2ccc(Cl)c(F)c2)o1,Cn1ncc(Cl)c1-c1ccc(C(=O)NC2CNCCC2c2ccc(Cl)c(F)c2)o1,7.682778628,0.751344764,Active,0.8,TRUE
NC1(C(=O)NC(CCN2CCCCC2)c2ccc(Cl)cc2)CCN(c2ncnc3c2CCC3)CC1,NC1(C(=O)NC(CCN2CCCCC2)c2ccc(Cl)cc2)CCN(c2ncnc3c2CCC3)CC1,7.02310996,0.751347387,Active,0.732394366,TRUE
Cc1nn(C)c2ncc(-c3cncc(OCC(N)Cc4cccc(Cl)c4)c3)cc12,Cc1nn(C)c2ncc(-c3cncc(OCC(N)Cc4cccc(Cl)c4)c3)cc12,7.476112632,0.751597309,Active,0.656716418,TRUE
Nc1ncnc(N2CCC(c3nc(-c4ccc(F)c(F)c4)cn3CCN3CCCC3)CC2)c1[N+](=O)[O-],Nc1ncnc(N2CCC(c3nc(-c4ccc(F)c(F)c4)cn3CCN3CCCC3)CC2)c1[N+](=O)[O-],7.712787424,0.751650536,Active,0.824324324,TRUE
Nc1ncnc(N2CCC(c3nc(-c4ccc(F)c(F)c4)cn3CCNC3CCCC3)CC2)c1F,Nc1ncnc(N2CCC(c3nc(-c4ccc(F)c(F)c4)cn3CCNC3CCCC3)CC2)c1F,7.637672599,0.751672232,Active,0.714285714,TRUE
N#Cc1ccc(-c2cn(CCN3CCC3)c(C3CCN(c4ncnc(N)c4CC(F)(F)F)CC3)n2)c(F)c1,N#Cc1ccc(-c2cn(CCN3CCC3)c(C3CCN(c4ncnc(N)c4CC(F)(F)F)CC3)n2)c(F)c1,7.441085421,0.751686358,Active,0.670886076,TRUE
NC(COc1cncc(-c2ccc3c(c2)C(=O)C(=O)N3)c1)Cc1ccccc1Cl,NC(COc1cncc(-c2ccc3c(c2)C(=O)C(=O)N3)c1)Cc1ccccc1Cl,7.440174048,0.751712704,Active,0.636363636,TRUE
Cn1ncc(-c2ccc(C(=O)NC3CNCCC3c3cccc(F)c3)s2)c1Cl,Cn1ncc(-c2ccc(C(=O)NC3CNCCC3c3cccc(F)c3)s2)c1Cl,8.007179868,0.75175252,Active,0.797101449,TRUE
NC(=O)c1cccc2c(NC(CN3CCC3)c3ccc(F)cc3)nc(Cl)nc12,NC(=O)c1cccc2c(NC(CN3CCC3)c3ccc(F)cc3)nc(Cl)nc12,7.630403627,0.751781845,Active,0.754098361,TRUE
Cc1c(N)ncnc1N1CCC(c2nc(-c3ccc(C(F)(F)F)c(CO)c3)cn2CCN2CCCC2)CC1,Cc1c(N)ncnc1N1CCC(c2nc(-c3ccc(C(F)(F)F)c(CO)c3)cn2CCN2CCCC2)CC1,7.624923133,0.751797879,Active,0.797297297,TRUE
Cn1nc(-c2ccc(C(=O)NC3CNCCC3c3cccc(F)c3)cc2)cc1C1CCOCC1,Cn1nc(-c2ccc(C(=O)NC3CNCCC3c3cccc(F)c3)cc2)cc1C1CCOCC1,7.400082401,0.751808071,Active,0.618421053,TRUE
Cn1c(CC(=O)N2CCc3c(Cl)cccc32)nc(N2CCOCC2)c(O)c1=O,Cn1c(CC(=O)N2CCc3c(Cl)cccc32)nc(N2CCOCC2)c(O)c1=O,7.325268857,0.751818979,Active,0.707692308,TRUE
Cc1c(N)ncnc1N1CCC(c2nc(-c3ccc(C(F)(F)F)c(F)c3)cn2CCN2CCC2)CC1,Cc1c(N)ncnc1N1CCC(c2nc(-c3ccc(C(F)(F)F)c(F)c3)cn2CCN2CCC2)CC1,7.265057651,0.751863861,Active,0.857142857,TRUE
Fc1cc(-c2cn(CCN3CCC3)c(C3CCN(c4nncc(Br)c4Cl)CC3)n2)ccn1,Fc1cc(-c2cn(CCN3CCC3)c(C3CCN(c4nncc(Br)c4Cl)CC3)n2)ccn1,7.348429684,0.7518942,Active,0.607594937,TRUE
Cn1ncc2cc(-c3cncc(OCC(N)Cc4c[nH]c5ccccc45)c3)ncc21,Cn1ncc2cc(-c3cncc(OCC(N)Cc4c[nH]c5ccccc45)c3)ncc21,8.23883884,0.752001548,Active,0.705882353,TRUE
COc1ncc(CC(N)COc2cncc(-c3ccc4[nH]nc(N)c4c3)c2)cc1F,COc1ncc(CC(N)COc2cncc(-c3ccc4[nH]nc(N)c4c3)c2)cc1F,7.258505613,0.752156222,Active,0.661764706,TRUE
Cn1ncc(Cl)c1-c1ccc(C(=O)NC2CNCCC2c2ccncc2F)s1,Cn1ncc(Cl)c1-c1ccc(C(=O)NC2CNCCC2c2ccncc2F)s1,8.241181143,0.752304101,Active,0.710144928,TRUE
Cc1c(F)c(CC(=O)N2c3ccc(F)cc3CC2C)nc(N2CCOCC2)c1F,Cc1c(F)c(CC(=O)N2c3ccc(F)cc3CC2C)nc(N2CCOCC2)c1F,7.087515561,0.752312744,Active,0.701492537,TRUE
Cc1cc(C(N)=O)nn2c(-c3ccccc3)c(-c3ccc(C4(N)CCC4)cc3)nc12,Cc1cc(C(N)=O)nn2c(-c3ccccc3)c(-c3ccc(C4(N)CCC4)cc3)nc12,7.748382685,0.752333844,Active,0.807017544,TRUE
Cn1cc(C2CCNCC2NC(=O)c2ccc(-c3c(Br)cnn3C)s2)cn1,Cn1cc(C2CCNCC2NC(=O)c2ccc(-c3c(Br)cnn3C)s2)cn1,7.742612062,0.752371991,Active,0.75,TRUE
CN(C)CCNCCn1cc(-c2ccc(F)c(C(F)(F)F)c2)nc1C1CCN(c2ncnc(N)c2F)CC1,CN(C)CCNCCn1cc(-c2ccc(F)c(C(F)(F)F)c2)nc1C1CCN(c2ncnc(N)c2F)CC1,7.431916518,0.752398992,Active,0.743589744,TRUE
CC(C)N(C)CCn1cc(-c2ccc(C(F)(F)F)cc2F)nc1C1CCN(c2ncnc(N)c2C(N)=O)CC1,CC(C)N(C)CCn1cc(-c2ccc(C(F)(F)F)cc2F)nc1C1CCN(c2ncnc(N)c2C(N)=O)CC1,7.250866836,0.752537513,Active,0.761904762,TRUE
Cn1cc(N2CCOCC2)nc1CC(=O)N1CCc2c(Cl)cccc21,Cn1cc(N2CCOCC2)nc1CC(=O)N1CCc2c(Cl)cccc21,7.323168373,0.752582574,Active,0.754098361,TRUE
O=C(Cc1nc(N2CCOCC2)cc(=O)n1-c1ccc(F)c(F)c1)N1CCc2ccccc21,O=C(Cc1nc(N2CCOCC2)cc(=O)n1-c1ccc(F)c(F)c1)N1CCc2ccccc21,7.171288723,0.752693021,Active,0.806451613,TRUE
CC(C)C(NC(=O)C1(N)CCN(c2ncnc3[nH]ccc23)CC1)c1ccc(F)cc1,CC(C)C(NC(=O)C1(N)CCN(c2ncnc3[nH]ccc23)CC1)c1ccc(F)cc1,7.528040241,0.752740765,Active,0.830508475,TRUE
O=C(Cc1nc(N2CCOCC2)cc(=O)n1C1CC1)N1CCc2c(-c3cccc(F)c3F)cccc21,O=C(Cc1nc(N2CCOCC2)cc(=O)n1C1CC1)N1CCc2c(-c3cccc(F)c3F)cccc21,7.143502445,0.752760017,Active,0.753623188,TRUE
Nc1ncnc(N2CCC(c3nc(-c4ccc(F)c(C(F)(F)F)c4)cn3CC(=O)NC3CCNCC3)CC2)c1Cl,Nc1ncnc(N2CCC(c3nc(-c4ccc(F)c(C(F)(F)F)c4)cn3CC(=O)NC3CCNCC3)CC2)c1Cl,7.840693559,0.752878213,Active,0.707317073,TRUE
CC(=O)c1ccc(-c2cn(CCN3CCC3)c(C3CCN(c4ncnc(N)c4Br)CC3)n2)cc1,CC(=O)c1ccc(-c2cn(CCN3CCC3)c(C3CCN(c4ncnc(N)c4Br)CC3)n2)cc1,7.781037479,0.752955937,Active,0.75,TRUE
N#Cc1cnc(N2CCC(c3nc(-c4ccc(F)c(C(F)(F)F)c4)cn3CCN3CCC3)CC2)c(Cl)c1,N#Cc1cnc(N2CCC(c3nc(-c4ccc(F)c(C(F)(F)F)c4)cn3CCN3CCC3)CC2)c(Cl)c1,7.430434858,0.753122592,Active,0.721518987,TRUE
Cn1ncc(Br)c1-c1ncc(C(=O)NC2CNCCC2c2ccc(F)cc2)s1,Cn1ncc(Br)c1-c1ncc(C(=O)NC2CNCCC2c2ccc(F)cc2)s1,7.729415435,0.75314095,Active,0.635135135,TRUE
Cc1cc(-c2cn(CC(=O)NCC3CC3)c(C3CCN(c4ncnc(N)c4C#N)CC3)n2)ccn1,Cc1cc(-c2cn(CC(=O)NCC3CC3)c(C3CCN(c4ncnc(N)c4C#N)CC3)n2)ccn1,7.582108479,0.753243947,Active,0.620689655,TRUE
Nc1ncnc(N2CCC(c3nc(-c4cncc(F)c4)cn3CCN3CCC3)CC2)c1Cl,Nc1ncnc(N2CCC(c3nc(-c4cncc(F)c4)cn3CCN3CCC3)CC2)c1Cl,7.622338738,0.753275836,Active,0.768115942,TRUE
Nc1cc(N2CCC(c3nc(-c4ccc(O)c(Cl)c4)cn3CCN3CCCC3)CC2)ncn1,Nc1cc(N2CCC(c3nc(-c4ccc(O)c(Cl)c4)cn3CCN3CCCC3)CC2)ncn1,7.397207108,0.753304982,Active,0.746268657,TRUE
Cn1ncc(Br)c1-c1cc(F)c(C(=O)NC2CNCCC2c2cccc(F)c2)cc1F,Cn1ncc(Br)c1-c1cc(F)c(C(=O)NC2CNCCC2c2cccc(F)c2)cc1F,7.27823818,0.753435576,Active,0.820895522,TRUE
NC1(C(=O)Nc2cccc(Cl)c2)CCN(c2ncnc3[nH]ccc23)CC1,NC1(C(=O)Nc2cccc(Cl)c2)CCN(c2ncnc3[nH]ccc23)CC1,7.363144836,0.753607655,Active,0.671641791,TRUE
Cc1cc(-c2cn(CCN3CCC3)c(C3CCN(c4ncccc4C(N)=O)CC3)n2)ccc1F,Cc1cc(-c2cn(CCN3CCC3)c(C3CCN(c4ncccc4C(N)=O)CC3)n2)ccc1F,7.600810495,0.75370326,Active,0.727272727,TRUE
O=C(NC(=O)c1cc(Br)c(-c2ccnc3[nH]ccc23)s1)c1ccccn1,O=C(NC(=O)c1cc(Br)c(-c2ccnc3[nH]ccc23)s1)c1ccccn1,7.352701721,0.753720009,Active,0.625,TRUE
CC(C)(NC(=O)C1(N)CCN(c2ncnc3[nH]ccc23)CC1)c1cc(F)cc(C(F)(F)F)c1,CC(C)(NC(=O)C1(N)CCN(c2ncnc3[nH]ccc23)CC1)c1cc(F)cc(C(F)(F)F)c1,7.470130776,0.753770435,Active,0.628571429,TRUE
Cc1c(-c2cc(C(=O)NC3CNCCC3c3ccc(F)c(F)c3)oc2Cl)cnn1C,Cc1c(-c2cc(C(=O)NC3CNCCC3c3ccc(F)c(F)c3)oc2Cl)cnn1C,7.490186471,0.753786886,Active,0.797101449,TRUE
CCn1cc(-c2ccc(F)c(F)c2)nc1C1CCN(c2ncnc(N)c2Cl)CC1,CCn1cc(-c2ccc(F)c(F)c2)nc1C1CCN(c2ncnc(N)c2Cl)CC1,7.362647533,0.753910506,Active,0.784615385,TRUE
CC(NC(=O)C1(N)CCN(c2ncnc3[nH]ccc23)CC1)c1ccc(F)c(CO)c1,CC(NC(=O)C1(N)CCN(c2ncnc3[nH]ccc23)CC1)c1ccc(F)c(CO)c1,7.485418402,0.753945613,Active,0.765625,TRUE
Cn1ncc(Cl)c1-c1ccc(C(=O)NC2CCNCC2c2cccc(F)c2)cc1,Cn1ncc(Cl)c1-c1ccc(C(=O)NC2CCNCC2c2cccc(F)c2)cc1,7.008117793,0.754037404,Active,0.888888889,TRUE
CC(NC(=O)C1(N)CCN(c2ncnc3[nH]ccc23)CC1)C(=O)NCCc1c(F)cccc1F,CC(NC(=O)C1(N)CCN(c2ncnc3[nH]ccc23)CC1)C(=O)NCCc1c(F)cccc1F,7.364245617,0.754199111,Active,0.611111111,TRUE
Cn1cc(C2CCNCC2NC(=O)c2cc(-c3c(Cl)cnn3C)c(Cl)o2)cn1,Cn1cc(C2CCNCC2NC(=O)c2cc(-c3c(Cl)cnn3C)c(Cl)o2)cn1,7.515997903,0.754240894,Active,0.8125,TRUE
Cn1nc(-c2cc(C(=O)NC3CNCCC3c3ccc(F)c(F)c3)ccc2F)nc1C1CC1,Cn1nc(-c2cc(C(=O)NC3CNCCC3c3ccc(F)c(F)c3)ccc2F)nc1C1CC1,7.38983469,0.754346514,Active,0.633802817,TRUE
Cc1n[nH]c2ccc(-c3cncc(OCC(N)Cc4ccc(F)cc4F)c3)cc2c1=O,Cc1n[nH]c2ccc(-c3cncc(OCC(N)Cc4ccc(F)cc4F)c3)cc2c1=O,7.223516263,0.754532957,Active,0.885245902,TRUE
Cn1c(CC(=O)N2c3ccccc3CC2c2ccc(F)cc2)nc(N2CCOCC2)cc1=O,Cn1c(CC(=O)N2c3ccccc3CC2c2ccc(F)cc2)nc(N2CCOCC2)cc1=O,7.132691849,0.754598165,Active,0.753846154,TRUE
Cn1ncc(Br)c1-c1oc(C(=O)NC2CNCCC2c2ccc(F)cc2)cc1Br,Cn1ncc(Br)c1-c1oc(C(=O)NC2CNCCC2c2ccc(F)cc2)cc1Br,7.256786243,0.754664564,Active,0.84375,TRUE
CSCC(NC(=O)C1(N)CCN(c2ncnc3[nH]ccc23)CC1)c1ccc(F)cc1,CSCC(NC(=O)C1(N)CCN(c2ncnc3[nH]ccc23)CC1)c1ccc(F)cc1,7.62770629,0.755013371,Active,0.761904762,TRUE
COc1cccc2c1CCN2C(=O)Cc1nc(=O)c(F)c(N2CCOCC2)[nH]1,COc1cccc2c1CCN2C(=O)Cc1nc(=O)c(F)c(N2CCOCC2)[nH]1,7.069480469,0.755021119,Active,0.701492537,TRUE
O=C(N1CCCC1)C1(c2ccncc2)CCN(c2ncnc3[nH]cc(Cl)c23)C1,O=C(N1CCCC1)C1(c2ccncc2)CCN(c2ncnc3[nH]cc(Cl)c23)C1,7.489356082,0.755037272,Active,0.606060606,TRUE
NC1(c2ccc(-c3nc4c(Br)cc(C(=O)NC5CN6CCC5CC6)cn4c3-c3ccccc3)cc2)CCC1,NC1(c2ccc(-c3nc4c(Br)cc(C(=O)NC5CN6CCC5CC6)cn4c3-c3ccccc3)cc2)CCC1,7.142598044,0.755188727,Active,0.676056338,TRUE
CNC(=O)Nc1nc2ccc(-c3cnc(Cl)c(NS(=O)(=O)c4cccnc4)c3)cc2s1,CNC(=O)Nc1nc2ccc(-c3cnc(Cl)c(NS(=O)(=O)c4cccnc4)c3)cc2s1,7.496753356,0.755220199,Active,0.705882353,TRUE
O=C(NC1CNCCCC1c1ccc(F)cc1)c1ccc2c(c1)OCCn1nccc1-2,O=C(NC1CNCCCC1c1ccc(F)cc1)c1ccc2c(c1)OCCn1nccc1-2,8.300827981,0.755227411,Active,0.791044776,TRUE
Cn1nc(CCC(N)=O)nc1-c1ccc(C(=O)NC2CNCCC2c2ccc(F)c(F)c2)cc1F,Cn1nc(CCC(N)=O)nc1-c1ccc(C(=O)NC2CNCCC2c2ccc(F)c(F)c2)cc1F,7.27411332,0.755250061,Active,0.631578947,TRUE
Cc1[nH]nc2ccc(-c3ccnc(OCC(N)Cc4c[nH]c5ccccc45)c3)cc12,Cc1[nH]nc2ccc(-c3ccnc(OCC(N)Cc4c[nH]c5ccccc45)c3)cc12,7.546955278,0.755455577,Active,0.626666667,TRUE
Cn1c(CC(=O)N2CCc3ccc(Cl)cc32)nc(N2CCOCC2)cc1=O,Cn1c(CC(=O)N2CCc3ccc(Cl)cc32)nc(N2CCOCC2)cc1=O,7.295033555,0.755509877,Active,0.8,TRUE
Cc1cc(C)cc(-c2c(C(=O)NC3CNCCC3c3ccc(F)c(F)c3)cnn2C)c1,Cc1cc(C)cc(-c2c(C(=O)NC3CNCCC3c3ccc(F)c(F)c3)cnn2C)c1,7.150505228,0.755526686,Active,0.691176471,TRUE
Cn1c(CC(=O)N2CCc3c(Cl)cccc32)nc(N2CCOCC2)c1Cc1ccccc1Cl,Cn1c(CC(=O)N2CCc3c(Cl)cccc32)nc(N2CCOCC2)c1Cc1ccccc1Cl,7.294262628,0.755602026,Active,0.676470588,TRUE
Nc1ncnc(N2CCC(c3nc(-c4ccc(OC(F)(F)F)cc4)cn3CCN3CCC3)CC2)c1Br,Nc1ncnc(N2CCC(c3nc(-c4ccc(OC(F)(F)F)cc4)cn3CCN3CCC3)CC2)c1Br,7.408758843,0.755639935,Active,0.764705882,TRUE
Cn1nc(C(F)(F)F)cc1-c1cc(C(=O)NC2CNCCC2c2cccc(F)c2)oc1Cl,Cn1nc(C(F)(F)F)cc1-c1cc(C(=O)NC2CNCCC2c2cccc(F)c2)oc1Cl,7.797027,0.755652809,Active,0.6375,TRUE
Cc1[nH]nc2ncc(-c3cncc(OCC(N)Cc4cccc(Cl)c4)c3)cc12,Cc1[nH]nc2ncc(-c3cncc(OCC(N)Cc4cccc(Cl)c4)c3)cc12,7.753236985,0.755695486,Active,0.71875,TRUE
CNC(=O)c1cccc2c(NC(CN3CCCCC3)c3ccc(F)c(F)c3)ncnc12,CNC(=O)c1cccc2c(NC(CN3CCCCC3)c3ccc(F)c(F)c3)ncnc12,7.327245809,0.755695546,Active,0.765625,TRUE
Cn1nccc1-c1cc(F)c(C(=O)NC2CNCC2c2ccc(F)c(F)c2)cc1F,Cn1nccc1-c1cc(F)c(C(=O)NC2CNCC2c2ccc(F)c(F)c2)cc1F,7.342091172,0.755735004,Active,0.85,TRUE
COc1cc(-c2cc(C(=O)NC3CNCCC3c3ccccc3)oc2Cl)n(C)n1,COc1cc(-c2cc(C(=O)NC3CNCCC3c3ccccc3)oc2Cl)n(C)n1,7.470164489,0.755817258,Active,0.676056338,TRUE
Cc1c(N)ncnc1N1CCC(c2nc(-c3cc(F)cc(F)c3)cn2CCN2CCCC2)CC1,Cc1c(N)ncnc1N1CCC(c2nc(-c3cc(F)cc(F)c3)cn2CCN2CCCC2)CC1,7.266085286,0.755838776,Active,0.742857143,TRUE
CC1SCc2ncnc(N3CCN(C(=O)CC(N)Cc4ccc(F)c(F)c4)CC3)c21,CC1SCc2ncnc(N3CCN(C(=O)CC(N)Cc4ccc(F)c(F)c4)CC3)c21,7.1430546,0.755868399,Active,0.787878788,TRUE
CNCC(C)Nc1nc2ccc(-c3cnc(Cl)c(NS(=O)(=O)c4ccc(Cl)cc4)c3)cc2s1,CNCC(C)Nc1nc2ccc(-c3cnc(Cl)c(NS(=O)(=O)c4ccc(Cl)cc4)c3)cc2s1,7.630771254,0.755877578,Active,0.691176471,TRUE
COc1ccc(-c2cn(CCN3CCC3)c(C3CCN(c4cc(N)ncn4)CC3)n2)cc1Cl,COc1ccc(-c2cn(CCN3CCC3)c(C3CCN(c4cc(N)ncn4)CC3)n2)cc1Cl,7.355366254,0.756070578,Active,0.714285714,TRUE
Cc1ncccc1-c1cccc2c1CCN2C(=O)Cc1nc(N2CCOCC2)cc(=O)n1-c1ccccc1,Cc1ncccc1-c1cccc2c1CCN2C(=O)Cc1nc(N2CCOCC2)cc(=O)n1-c1ccccc1,7.237002981,0.756090069,Active,0.676056338,TRUE
CC1Cc2c(F)cccc2N1C(=O)Cc1nc(N2CCOCC2)cc(=O)n1-c1ccc(F)cc1,CC1Cc2c(F)cccc2N1C(=O)Cc1nc(N2CCOCC2)cc(=O)n1-c1ccc(F)cc1,7.360094455,0.756142581,Active,0.779411765,TRUE
O=C(Cc1nc(N2CCOCC2)cc(=O)n1-c1ccccc1)N1CCc2cc(F)c(F)cc21,O=C(Cc1nc(N2CCOCC2)cc(=O)n1-c1ccccc1)N1CCc2cc(F)c(F)cc21,7.282026534,0.756215119,Active,0.803278689,TRUE
COc1ccc(-c2cn(CCN3CCCC3)c(C3CCN(c4ncnc(N)c4Cl)CC3)n2)cc1OC,COc1ccc(-c2cn(CCN3CCCC3)c(C3CCN(c4ncnc(N)c4Cl)CC3)n2)cc1OC,7.39243495,0.756277168,Active,0.757142857,TRUE
Cn1ccnc1-c1cc(F)c(C(=O)NC2CNCCC2c2ccc(F)c(F)c2)cc1F,Cn1ccnc1-c1cc(F)c(C(=O)NC2CNCCC2c2ccc(F)c(F)c2)cc1F,7.229554743,0.756294394,Active,0.727272727,TRUE
CNC(=O)Cn1cc(-c2ccc(F)c(C(F)(F)F)c2)nc1C1CCN(c2ncnc(N)c2Cl)CC1,CNC(=O)Cn1cc(-c2ccc(F)c(C(F)(F)F)c2)nc1C1CCN(c2ncnc(N)c2Cl)CC1,8.005376174,0.756430292,Active,0.717948718,TRUE
Cc1cc(-c2ccc(C(=O)NC3CNCCC3c3cccc(F)c3)cc2F)nn1C,Cc1cc(-c2ccc(C(=O)NC3CNCCC3c3cccc(F)c3)cc2F)nn1C,7.533343629,0.75644263,Active,0.611111111,TRUE
NC(=O)NC(=O)c1cc(Br)c(-c2ccnc3[nH]ccc23)s1,NC(=O)NC(=O)c1cc(Br)c(-c2ccnc3[nH]ccc23)s1,7.509411505,0.756470227,Active,0.65,TRUE
Cn1nc(-c2cc(C(=O)NC3CNCCC3c3ccc(F)c(F)c3)ccc2F)c2c(F)cccc21,Cn1nc(-c2cc(C(=O)NC3CNCCC3c3ccc(F)c(F)c3)ccc2F)c2c(F)cccc21,7.403618583,0.756539547,Active,0.608108108,TRUE
CCn1cc(-c2ccc(F)c(C(F)(F)F)c2)nc1C1CCN(c2ncnc(C(N)=O)c2Cl)CC1,CCn1cc(-c2ccc(F)c(C(F)(F)F)c2)nc1C1CCN(c2ncnc(C(N)=O)c2Cl)CC1,7.567034671,0.756547654,Active,0.666666667,TRUE
CNCCn1cc(-c2ccc(F)c(C(F)(F)F)c2)nc1C1CCN(c2ncnc(N(C)C)c2F)CC1,CNCCn1cc(-c2ccc(F)c(C(F)(F)F)c2)nc1C1CCN(c2ncnc(N(C)C)c2F)CC1,7.366297004,0.756648564,Active,0.708860759,TRUE
NC(=O)c1c(N)ncnc1N1CCC(c2nc(-c3ccc(F)c(Cl)c3)cn2CC2CC2)CC1,NC(=O)c1c(N)ncnc1N1CCC(c2nc(-c3ccc(F)c(Cl)c3)cn2CC2CC2)CC1,7.428837752,0.756650829,Active,0.794520548,TRUE
CC1SCc2ncnc(N3CCN(C(=O)C(Cc4ccc(Cl)cc4)NC(=O)CCN4CCCCC4)CC3)c21,CC1SCc2ncnc(N3CCN(C(=O)C(Cc4ccc(Cl)cc4)NC(=O)CCN4CCCCC4)CC3)c21,7.225440955,0.75665983,Active,0.706666667,TRUE
Cn1c(CC(=O)N2CCc3c(-c4cccs4)cccc32)nc(N2CCOCC2)cc1=O,Cn1c(CC(=O)N2CCc3c(-c4cccs4)cccc32)nc(N2CCOCC2)cc1=O,7.245233494,0.756665611,Active,0.731343284,TRUE
CCCNC(=O)C1(N)CCN(c2ncnc3[nH]cc(Cl)c23)CC1,CCCNC(=O)C1(N)CCN(c2ncnc3[nH]cc(Cl)c23)CC1,7.495862803,0.756676221,Active,0.634920635,TRUE
COc1ccc(CC(N)COc2cncc(-c3ccc4[nH]nc(C)c4c3)c2)cc1OC,COc1ccc(CC(N)COc2cncc(-c3ccc4[nH]nc(C)c4c3)c2)cc1OC,7.21311396,0.756746435,Active,0.758064516,TRUE
Cc1nc(N)ccc1CC(N)COc1cncc(-c2ccc3[nH]nc(C)c3c2)c1,Cc1nc(N)ccc1CC(N)COc1cncc(-c2ccc3[nH]nc(C)c3c2)c1,7.488250883,0.756761277,Active,0.741935484,TRUE
Cc1ccc(-c2cn(CCNC3CCCC3)c(C3CCN(c4cc(N)ncn4)CC3)n2)cc1F,Cc1ccc(-c2cn(CCNC3CCCC3)c(C3CCN(c4cc(N)ncn4)CC3)n2)cc1F,7.319694627,0.756781244,Active,0.657534247,TRUE
COc1c(N)ncnc1N1CCC(c2nc(-c3ccc(F)c(C(F)(F)F)c3)cn2CCCN(C)C)CC1,COc1c(N)ncnc1N1CCC(c2nc(-c3ccc(F)c(C(F)(F)F)c3)cn2CCCN(C)C)CC1,7.783502882,0.756827974,Active,0.805194805,TRUE
O=C(NC1CNCCC1c1cccc(F)c1)c1cc(-c2cnc(Cl)o2)cs1,O=C(NC1CNCCC1c1cccc(F)c1)c1cc(-c2cnc(Cl)o2)cs1,7.587647119,0.756839895,Active,0.708333333,TRUE
Cn1ncc(-c2ccc(C(=O)NC3CNCCC3c3cccc(F)c3)s2)c1Br,Cn1ncc(-c2ccc(C(=O)NC3CNCCC3c3cccc(F)c3)s2)c1Br,7.777175397,0.756875837,Active,0.797101449,TRUE
CC1(O)CC(N)(c2ccc(-c3nc4n(c3-c3ccccc3)CCc3ccc(C(=O)NCCO)cc3-4)cc2)C1,CC1(O)CC(N)(c2ccc(-c3nc4n(c3-c3ccccc3)CCc3ccc(C(=O)NCCO)cc3-4)cc2)C1,7.421413316,0.756965363,Active,0.753246753,TRUE
NC1(C(=O)NC(CCN2CCOCC2)c2ccc(Cl)cc2)CCN(c2ncncc2F)CC1,NC1(C(=O)NC(CCN2CCOCC2)c2ccc(Cl)cc2)CCN(c2ncncc2F)CC1,7.118526693,0.757015729,Active,0.716216216,TRUE
CN(C)CCCNC(=O)Cn1cc(-c2ccc(F)c(C(F)(F)F)c2)nc1C1CCN(c2ncnc(N)c2Br)CC1,CN(C)CCCNC(=O)Cn1cc(-c2ccc(F)c(C(F)(F)F)c2)nc1C1CCN(c2ncnc(N)c2Br)CC1,7.854190274,0.757032716,Active,0.756097561,TRUE
CCc1c(N)ncnc1N1CCC(c2nc(-c3cccc(F)c3F)cn2CCN2CCC2)CC1,CCc1c(N)ncnc1N1CCC(c2nc(-c3cccc(F)c3F)cn2CCN2CCC2)CC1,7.276791946,0.757340455,Active,0.75,TRUE
Cn1ncc(Cl)c1-c1nc2ccc(-c3ccccc3)nc2n1-c1ccc(C2(N)CCC2)cc1,Cn1ncc(Cl)c1-c1nc2ccc(-c3ccccc3)nc2n1-c1ccc(C2(N)CCC2)cc1,7.355293189,0.757353032,Active,0.706896552,TRUE
NC(Cc1ccc(F)c(F)c1)C(=O)N1CCN(c2ncnc3cccc(Br)c23)CC1,NC(Cc1ccc(F)c(F)c1)C(=O)N1CCN(c2ncnc3cccc(Br)c23)CC1,7.209748715,0.757431948,Active,0.741935484,TRUE
COc1[nH]nc2ccc(-c3cncc(OCC(N)Cc4cccc(F)c4)c3)cc12,COc1[nH]nc2ccc(-c3cncc(OCC(N)Cc4cccc(F)c4)c3)cc12,7.279928335,0.75744077,Active,0.723076923,TRUE
Cn1ncc(Cl)c1-c1ccc(C(=O)NC2CNCCC2c2cncc(C3CCCCC3)n2)o1,Cn1ncc(Cl)c1-c1ccc(C(=O)NC2CNCCC2c2cncc(C3CCCCC3)n2)o1,7.612813319,0.757478499,Active,0.714285714,TRUE
NC1(CNC(=O)c2ccc(Cl)nc2)CCN(c2ncnc3[nH]cc(C4CC4)c23)C1,NC1(CNC(=O)c2ccc(Cl)nc2)CCN(c2ncnc3[nH]cc(C4CC4)c23)C1,7.530450834,0.757487977,Active,0.657142857,TRUE
Cn1c(-c2ccc(C(=O)NC3CNCCC3c3cccc(F)c3)s2)nc2ccccc21,Cn1c(-c2ccc(C(=O)NC3CNCCC3c3cccc(F)c3)s2)nc2ccccc21,7.019269286,0.757527912,Active,0.698630137,TRUE
Cc1cc2c(cc1Cl)CCN2C(=O)Cc1nc(N2CCOCC2)cc(=O)n1C,Cc1cc2c(cc1Cl)CCN2C(=O)Cc1nc(N2CCOCC2)cc(=O)n1C,7.198355998,0.757559264,Active,0.754098361,TRUE
COc1c(N)ncnc1N1CCC(c2nc(-c3cncc(Cl)c3)cn2CCNC(C)C)CC1,COc1c(N)ncnc1N1CCC(c2nc(-c3cncc(Cl)c3)cn2CCNC(C)C)CC1,7.774706917,0.757601881,Active,0.625,TRUE
Cc1nc(-c2cc(C(=O)NC3CNCCC3c3ccc(F)c(F)c3)c(Cl)cc2Cl)nn1C,Cc1nc(-c2cc(C(=O)NC3CNCCC3c3ccc(F)c(F)c3)c(Cl)cc2Cl)nn1C,7.42746552,0.757636154,Active,0.613333333,TRUE
Cn1c([N+](=O)[O-])cnc1-c1nc(NC(=O)c2cc(-n3cnc(C4CC4)c3)c(N3CCC(F)CC3)cn2)cs1,Cn1c([N+](=O)[O-])cnc1-c1nc(NC(=O)c2cc(-n3cnc(C4CC4)c3)c(N3CCC(F)CC3)cn2)cs1,7.858332623,0.757650042,Active,0.69047619,TRUE
Cc1cccc(CC(N)COc2cncc(-c3ccc4[nH]nc(C)c4c3)c2)c1,Cc1cccc(CC(N)COc2cncc(-c3ccc4[nH]nc(C)c4c3)c2)c1,7.948409217,0.757877254,Active,0.844827586,TRUE
COCCNCCn1cc(-c2ccc(F)c(C)c2)nc1C1CCN(c2ncnc(N)c2OC)CC1,COCCNCCn1cc(-c2ccc(F)c(C)c2)nc1C1CCN(c2ncnc(N)c2OC)CC1,8.013803561,0.757895911,Active,0.708860759,TRUE
Cn1nc(-c2ccc(C(=O)NC3CNCCC3c3cccc(F)c3)s2)cc1F,Cn1nc(-c2ccc(C(=O)NC3CNCCC3c3cccc(F)c3)s2)cc1F,7.50694172,0.757938886,Active,0.746268657,TRUE
Cc1cc(-c2cn(CC3CCCN3)c(C3CCN(c4cc(N)ncn4)CC3)n2)ccc1F,Cc1cc(-c2cn(CC3CCCN3)c(C3CCN(c4cc(N)ncn4)CC3)n2)ccc1F,7.394947426,0.75802269,Active,0.613333333,TRUE
Cn1nccc1-c1ccc(C(=O)NC2CNCCC2c2cnccn2)s1,Cn1nccc1-c1ccc(C(=O)NC2CNCCC2c2cnccn2)s1,7.491003577,0.758033895,Active,0.723076923,TRUE
Cn1ncc(Cl)c1-c1cc(F)c(C(=O)NC2CNCCC2c2cncc(F)c2)c(F)c1,Cn1ncc(Cl)c1-c1cc(F)c(C(=O)NC2CNCCC2c2cncc(F)c2)c(F)c1,7.194644496,0.758115256,Active,0.784615385,TRUE
Nc1ncnc(N2CCC(c3nc(-c4ccc(C(F)(F)F)c(Cl)c4)cn3CCN3CCC3)CC2)c1Cl,Nc1ncnc(N2CCC(c3nc(-c4ccc(C(F)(F)F)c(Cl)c4)cn3CCN3CCC3)CC2)c1Cl,7.778806969,0.758125746,Active,0.842857143,TRUE
NC(=O)C(NC(=O)C1(N)CCN(c2ncnc3[nH]cnc23)CC1)c1ccc(Cl)cc1,NC(=O)C(NC(=O)C1(N)CCN(c2ncnc3[nH]cnc23)CC1)c1ccc(Cl)cc1,7.403782743,0.75815233,Active,0.754098361,TRUE
CNC(=O)Cn1cc(-c2ccc(F)c(F)c2)nc1C1CCN(c2ncnc(N)c2Cl)CC1,CNC(=O)Cn1cc(-c2ccc(F)c(F)c2)nc1C1CCN(c2ncnc(N)c2Cl)CC1,7.824887604,0.758194828,Active,0.698630137,TRUE
Cn1nccc1-c1ccc(C(=O)NC2CNCCC2c2ccc(F)cn2)s1,Cn1nccc1-c1ccc(C(=O)NC2CNCCC2c2ccc(F)cn2)s1,7.649899654,0.758299971,Active,0.710144928,TRUE
Cc1cc(-c2cn(CCN3CCC3)c(C3CCN(c4cc(N)ncn4)CC3)n2)ccc1OC(F)F,Cc1cc(-c2cn(CCN3CCC3)c(C3CCN(c4cc(N)ncn4)CC3)n2)ccc1OC(F)F,7.447837136,0.758310461,Active,0.684931507,TRUE
COc1ncc(-c2cc3c(C)nc(N)nc3n(C3CCOCC3)c2=O)cc1F,COc1ncc(-c2cc3c(C)nc(N)nc3n(C3CCOCC3)c2=O)cc1F,7.519667057,0.758465493,Active,0.75,TRUE
NC(Cc1ccc(F)c(F)c1)C(=O)N1CCN(c2ncnc3c(Br)cccc23)CC1,NC(Cc1ccc(F)c(F)c1)C(=O)N1CCN(c2ncnc3c(Br)cccc23)CC1,7.172254966,0.75847497,Active,0.741935484,TRUE
Cn1ncc(Cl)c1-c1cc(C(=O)NC2CNCCC2c2ccc(F)cn2)oc1Cl,Cn1ncc(Cl)c1-c1cc(C(=O)NC2CNCCC2c2ccc(F)cn2)oc1Cl,7.98244306,0.758493686,Active,0.753623188,TRUE
CC(NC(=O)C1(N)CCN(c2ncnc3[nH]ccc23)CC1)c1c(F)cccc1F,CC(NC(=O)C1(N)CCN(c2ncnc3[nH]ccc23)CC1)c1c(F)cccc1F,7.565655105,0.75850513,Active,0.754098361,TRUE
CN(C)CCn1cc(-c2ccc(F)c(Cl)c2)nc1C1CCN(c2ncnc(N)c2C(N)=O)CC1,CN(C)CCn1cc(-c2ccc(F)c(Cl)c2)nc1C1CCN(c2ncnc(N)c2C(N)=O)CC1,7.60531131,0.758619332,Active,0.849315068,TRUE
Nc1ncnc(N2CCC(c3nc(-c4ccc(F)cc4)cn3CC(=O)N3CCC3)CC2)c1Br,Nc1ncnc(N2CCC(c3nc(-c4ccc(F)cc4)cn3CC(=O)N3CCC3)CC2)c1Br,7.95915908,0.758756006,Active,0.710144928,TRUE
Cn1ncc(Br)c1-c1oc(C(=O)NC2CNCCC2c2ccc(F)c(F)c2)cc1Cl,Cn1ncc(Br)c1-c1oc(C(=O)NC2CNCCC2c2ccc(F)c(F)c2)cc1Cl,7.443107181,0.758804941,Active,0.757142857,TRUE
CC(NC(=O)C1(N)CCN(c2ncnc3[nH]ccc23)CC1)c1ccc(F)cc1F,CC(NC(=O)C1(N)CCN(c2ncnc3[nH]ccc23)CC1)c1ccc(F)cc1F,7.555923132,0.758806729,Active,0.774193548,TRUE
Cn1ncc(Cl)c1-c1ncc(C(=O)NC2CNCCC2c2ccccc2)s1,Cn1ncc(Cl)c1-c1ncc(C(=O)NC2CNCCC2c2ccccc2)s1,7.487708507,0.758851612,Active,0.661764706,TRUE
Cn1nccc1-c1ccc(C(=O)NC2CNCCC2c2nc(F)ccc2F)s1,Cn1nccc1-c1ccc(C(=O)NC2CNCCC2c2nc(F)ccc2F)s1,7.678242494,0.758911037,Active,0.712121212,TRUE
Cc1[nH]nc2ncc(-c3cncc(OCC(N)Cc4ccc(Br)cc4F)c3)cc12,Cc1[nH]nc2ncc(-c3cncc(OCC(N)Cc4ccc(Br)cc4F)c3)cc12,7.588188052,0.758965039,Active,0.727272727,TRUE
O=C(NC1CNCCC1c1cccc(F)c1)c1ccc(-c2ccncc2)s1,O=C(NC1CNCCC1c1cccc(F)c1)c1ccc(-c2ccncc2)s1,7.341879196,0.759037995,Active,0.776119403,TRUE
Cn1ncc(C(=O)NC2CNCCC2c2ccc(F)c(F)c2)c1-c1cc(F)ccc1F,Cn1ncc(C(=O)NC2CNCCC2c2ccc(F)c(F)c2)c1-c1cc(F)ccc1F,7.441790137,0.759072447,Active,0.720588235,TRUE
CCNC(=O)c1cc(Br)c(-c2ccnc3[nH]ccc23)s1,CCNC(=O)c1cc(Br)c(-c2ccnc3[nH]ccc23)s1,7.352649832,0.75912329,Active,0.683333333,TRUE
Nc1ncnc(N2CCC(c3nc(-c4cc(F)ccc4F)cn3CCN3CCCC3)CC2)c1F,Nc1ncnc(N2CCC(c3nc(-c4cc(F)ccc4F)cn3CCN3CCCC3)CC2)c1F,7.388944417,0.759123886,Active,0.718309859,TRUE
O=C(Nc1csc(-c2nncn2C2CCCC2)n1)c1cc(-n2cnc(C3CC3)c2)c(F)cn1,O=C(Nc1csc(-c2nncn2C2CCCC2)n1)c1cc(-n2cnc(C3CC3)c2)c(F)cn1,7.938749616,0.759156907,Active,0.753246753,TRUE
Nc1ncnc(N2CCC(c3nc(-c4ccc(F)c(C(F)(F)F)c4)cn3CC(=O)NC3CCCCC3)CC2)c1Cl,Nc1ncnc(N2CCC(c3nc(-c4ccc(F)c(C(F)(F)F)c4)cn3CC(=O)NC3CCCCC3)CC2)c1Cl,7.936091029,0.759175086,Active,0.703703704,TRUE
O=C(Cc1nc(N2CCOCC2)cc(=O)n1-c1ccc(Cl)cc1)N1CCc2c(F)cccc21,O=C(Cc1nc(N2CCOCC2)cc(=O)n1-c1ccc(Cl)cc1)N1CCc2c(F)cccc21,7.257686276,0.759178185,Active,0.731343284,TRUE
Cn1ncc(C(=O)NC2CNCCC2c2ccc(F)c(F)c2)c1-c1ccc(F)c(F)c1,Cn1ncc(C(=O)NC2CNCCC2c2ccc(F)c(F)c2)c1-c1ccc(F)c(F)c1,7.228959804,0.759218717,Active,0.723076923,TRUE
CCn1c(-c2nonc2N)nc2c(C#CC(C)(C)F)nc(Cl)cc21,CCn1c(-c2nonc2N)nc2c(C#CC(C)(C)F)nc(Cl)cc21,7.583677933,0.759245062,Active,0.634920635,TRUE
NC(COc1cncc(-c2ccc3c(c2)CCC(=O)N3)c1)Cc1c[nH]c2ccccc12,NC(COc1cncc(-c2ccc3c(c2)CCC(=O)N3)c1)Cc1c[nH]c2ccccc12,7.346443998,0.759372675,Active,0.861538462,TRUE
CC(=O)c1cc(-c2cn(CCN3CCC3)c(C3CCN(c4ncnc(N)c4Cl)CC3)n2)ccn1,CC(=O)c1cc(-c2cn(CCN3CCC3)c(C3CCN(c4ncnc(N)c4Cl)CC3)n2)ccn1,7.861360675,0.759498262,Active,0.767123288,TRUE
Cn1ncc(Cl)c1-c1ccc(C(=O)NC2CNCC2c2cccc(C(F)(F)F)c2)s1,Cn1ncc(Cl)c1-c1ccc(C(=O)NC2CNCC2c2cccc(C(F)(F)F)c2)s1,7.756700354,0.759546661,Active,0.708333333,TRUE
CSc1ccc(-c2cn(CCN3CCC3)c(C3CCN(c4cc(N)ncn4)CC3)n2)cc1F,CSc1ccc(-c2cn(CCN3CCC3)c(C3CCN(c4cc(N)ncn4)CC3)n2)cc1F,7.264795067,0.759572291,Active,0.791044776,TRUE
CC(NC(=O)C1(N)CCN(c2ncnc3[nH]ccc23)CC1)c1ccc(F)c(F)c1,CC(NC(=O)C1(N)CCN(c2ncnc3[nH]ccc23)CC1)c1ccc(F)c(F)c1,7.676993729,0.759668612,Active,0.816666667,TRUE
COc1ccccc1CC(N)COc1cncc(-c2cc3c(C)[nH]nc3cn2)c1,COc1ccccc1CC(N)COc1cncc(-c2cc3c(C)[nH]nc3cn2)c1,7.463567971,0.759834552,Active,0.608695652,TRUE
CNC(=O)NCCn1cc(-c2ccc(F)c(C)c2)nc1C1CCN(c2cc(Cl)ncn2)CC1,CNC(=O)NCCn1cc(-c2ccc(F)c(C)c2)nc1C1CCN(c2cc(Cl)ncn2)CC1,7.92893759,0.759881639,Active,0.614457831,TRUE
NC1(c2ccc(-c3nc4c(Cl)cc(-c5n[nH]c(=O)o5)cn4c3-c3ccccc3)cc2)CCC1,NC1(c2ccc(-c3nc4c(Cl)cc(-c5n[nH]c(=O)o5)cn4c3-c3ccccc3)cc2)CCC1,7.376159094,0.76010325,Active,0.666666667,TRUE
CC1Cc2cc(F)c(F)cc2N1C(=O)Cc1nc(N2CCCC2)cc(=O)n1C,CC1Cc2cc(F)c(F)cc2N1C(=O)Cc1nc(N2CCCC2)cc(=O)n1C,7.298413223,0.760103607,Active,0.844827586,TRUE
Cn1nccc1-c1ccc(C(=O)NC2CNCCC2c2cc(F)cc(Cl)c2)c(F)c1,Cn1nccc1-c1ccc(C(=O)NC2CNCCC2c2cc(F)cc(Cl)c2)c(F)c1,7.443101852,0.76011833,Active,0.885245902,TRUE
NCC1(C(=O)Nc2ccc(Cl)cc2)CCN(c2ncnc3[nH]ccc23)CC1,NCC1(C(=O)Nc2ccc(Cl)cc2)CCN(c2ncnc3[nH]ccc23)CC1,7.448918059,0.760172033,Active,0.725806452,TRUE
O=C(NCC(F)(F)F)Nc1nc2ccc(-c3cnc(Cl)c(NS(=O)(=O)c4ccccc4)c3)cc2s1,O=C(NCC(F)(F)F)Nc1nc2ccc(-c3cnc(Cl)c(NS(=O)(=O)c4ccccc4)c3)cc2s1,7.510471204,0.760191643,Active,0.735294118,TRUE
Nc1ncnc(N2CCC(c3nc(-c4ccc(F)cc4)cn3CC(=O)NC3CC3)CC2)c1Cl,Nc1ncnc(N2CCC(c3nc(-c4ccc(F)cc4)cn3CC(=O)NC3CC3)CC2)c1Cl,7.857043476,0.760239744,Active,0.676056338,TRUE
COc1c(N)ncnc1N1CCC(c2nc(-c3ccc(F)c(C(N)=O)c3)cn2CCN(C)C)CC1,COc1c(N)ncnc1N1CCC(c2nc(-c3ccc(F)c(C(N)=O)c3)cn2CCN(C)C)CC1,7.433632342,0.760349655,Active,0.7125,TRUE
Nc1ncnc(N2CCC(c3nc(-c4ccc(F)c(C(F)(F)F)c4)cn3CCC(=O)NC3CC3)CC2)c1Cl,Nc1ncnc(N2CCC(c3nc(-c4ccc(F)c(C(F)(F)F)c4)cn3CCC(=O)NC3CC3)CC2)c1Cl,7.804165667,0.760361993,Active,0.734177215,TRUE
NC1(c2ccc(-c3nc4ccc(Cl)nn4c3-c3cccc(Br)c3)cc2)CCC1,NC1(c2ccc(-c3nc4ccc(Cl)nn4c3-c3cccc(Br)c3)cc2)CCC1,7.268165286,0.760363066,Active,0.773584906,TRUE
Cn1nccc1-c1ccc(Cl)c(C(=O)NC2CNCCC2c2cc(F)cc(Cl)c2)c1,Cn1nccc1-c1ccc(Cl)c(C(=O)NC2CNCCC2c2cc(F)cc(Cl)c2)c1,7.4004049,0.760373914,Active,0.8,TRUE
Cn1ncc(Cl)c1-c1cc(F)c(C(=O)NC2CNCCC2c2cnn(CC3CCCCC3)c2)cc1F,Cn1ncc(Cl)c1-c1cc(F)c(C(=O)NC2CNCCC2c2cnn(CC3CCCCC3)c2)cc1F,7.26683105,0.760439062,Active,0.706666667,TRUE
CCOc1c(N2CCOCC2)nc(CC(=O)N2CCc3c(Cl)cccc32)n(C)c1=O,CCOc1c(N2CCOCC2)nc(CC(=O)N2CCc3c(Cl)cccc32)n(C)c1=O,7.357059502,0.760501945,Active,0.657142857,TRUE
COCC(CO)NCCn1cc(-c2ccc(F)c(C(F)(F)F)c2)nc1C1CCN(c2ncnc(N)c2F)CC1,COCC(CO)NCCn1cc(-c2ccc(F)c(C(F)(F)F)c2)nc1C1CCN(c2ncnc(N)c2F)CC1,7.324050449,0.760704303,Active,0.722222222,TRUE
Cc1ccc(C(N)=O)cc1-c1cc(-c2cncc(OCC(N)Cc3c[nH]c4ccccc34)c2)[nH]n1,Cc1ccc(C(N)=O)cc1-c1cc(-c2cncc(OCC(N)Cc3c[nH]c4ccccc34)c2)[nH]n1,7.441116944,0.760715687,Active,0.684931507,TRUE
Cn1ncc(N)c1-c1ccc(C(=O)NC2CNCCC2c2cccc(F)c2)cc1,Cn1ncc(N)c1-c1ccc(C(=O)NC2CNCCC2c2cccc(F)c2)cc1,7.251462634,0.760728145,Active,0.815384615,TRUE
Nc1ncnc(N2CCC(c3nc(-c4ccc(OC(F)F)nc4)cn3CCN3CCC3)CC2)c1Br,Nc1ncnc(N2CCC(c3nc(-c4ccc(OC(F)F)nc4)cn3CCN3CCC3)CC2)c1Br,7.492996601,0.760802829,Active,0.708333333,TRUE
NC(=O)c1c(N)ncnc1N1CCC(c2nc(-c3ccc(F)c(Cl)c3)cn2CCNCCO)CC1,NC(=O)c1c(N)ncnc1N1CCC(c2nc(-c3ccc(F)c(Cl)c3)cn2CCNCCO)CC1,7.485021173,0.760883713,Active,0.779220779,TRUE
CCNCCn1cc(-c2ccnc(C(F)(F)F)c2)nc1C1CCN(c2ncnc(N)c2C(N)=O)CC1,CCNCCn1cc(-c2ccnc(C(F)(F)F)c2)nc1C1CCN(c2ncnc(N)c2C(N)=O)CC1,7.463193707,0.760938132,Active,0.782051282,TRUE
CN(C)CCn1cc(-c2ccc(F)c(C(N)=O)c2)nc1C1CCN(c2ncnc(N)c2O)CC1,CN(C)CCn1cc(-c2ccc(F)c(C(N)=O)c2)nc1C1CCN(c2ncnc(N)c2O)CC1,7.430880943,0.76104095,Active,0.74025974,TRUE
NC1(CNC(=O)c2ccc(Cl)cc2)CCN(c2ncnc3[nH]ccc23)C1,NC1(CNC(=O)c2ccc(Cl)cc2)CCN(c2ncnc3[nH]ccc23)C1,7.284966395,0.761088991,Active,0.725806452,TRUE
Cn1ncc(Br)c1-c1cc(F)c(C(=O)NC2CNCCC2c2cncc(F)c2)c(F)c1,Cn1ncc(Br)c1-c1cc(F)c(C(=O)NC2CNCCC2c2cncc(F)c2)c(F)c1,7.139063096,0.761240625,Active,0.784615385,TRUE
CNC(=O)CCn1cc(-c2ccc(F)c(F)c2)nc1C1CCN(c2ncnc(N)c2Cl)CC1,CNC(=O)CCn1cc(-c2ccc(F)c(F)c2)nc1C1CCN(c2ncnc(N)c2Cl)CC1,7.508951111,0.761249864,Active,0.726027397,TRUE
O=C(Cc1nc(N2CCOCC2)cc(=O)n1-c1ccc(F)c(F)c1)N1CCc2c1ccc(F)c2F,O=C(Cc1nc(N2CCOCC2)cc(=O)n1-c1ccc(F)c(F)c1)N1CCc2c1ccc(F)c2F,7.171355851,0.761309111,Active,0.765625,TRUE
Cn1ncc(Cl)c1-c1cc(F)c(C(=O)NC2CNCCC2c2cncc(F)c2)cc1F,Cn1ncc(Cl)c1-c1cc(F)c(C(=O)NC2CNCCC2c2cncc(F)c2)cc1F,7.476268106,0.761374676,Active,0.791044776,TRUE
Cc1cccnc1-c1cn(CCN2CCCC2)c(C2CCN(c3ncnc(N)c3Cl)CC2)n1,Cc1cccnc1-c1cn(CCN2CCCC2)c(C2CCN(c3ncnc(N)c3Cl)CC2)n1,7.324294955,0.761400127,Active,0.685714286,TRUE
COCCNCCn1cc(-c2ccc(F)c(C(F)(F)F)c2)nc1C1CCN(c2ncnc(N)c2F)CC1,COCCNCCn1cc(-c2ccc(F)c(C(F)(F)F)c2)nc1C1CCN(c2ncnc(N)c2F)CC1,7.705467783,0.761415029,Active,0.835443038,TRUE
CC1CN(c2nc(CC(=O)N3CCc4c(F)cccc43)c(Cl)c(Cl)c2Cl)CCO1,CC1CN(c2nc(CC(=O)N3CCc4c(F)cccc43)c(Cl)c(Cl)c2Cl)CCO1,7.558697295,0.761537874,Active,0.630136986,TRUE
CC1(C)C(=O)Nc2ccc(-c3cncc(OCC(N)Cc4cccc(C(F)(F)F)c4)c3)cc21,CC1(C)C(=O)Nc2ccc(-c3cncc(OCC(N)Cc4cccc(C(F)(F)F)c4)c3)cc21,7.476919425,0.761598015,Active,0.652777778,TRUE
NC(=O)c1nn2c(-c3ccccc3)c(-c3ccc(C4(N)CCC4)cc3)nc2c2sccc12,NC(=O)c1nn2c(-c3ccccc3)c(-c3ccc(C4(N)CCC4)cc3)nc2c2sccc12,7.434692774,0.761734569,Active,0.698412698,TRUE
NC1(C(=O)NC(CO)Cc2ccc(F)cc2)CCN(c2ncnc3[nH]ccc23)CC1,NC1(C(=O)NC(CO)Cc2ccc(F)cc2)CCN(c2ncnc3[nH]ccc23)CC1,7.670686284,0.761816049,Active,0.703125,TRUE
N#Cc1cc(-c2cn[nH]c2)c2nc(-c3ccc(C4(N)CCC4)cc3)c(-c3ccccc3)n2n1,N#Cc1cc(-c2cn[nH]c2)c2nc(-c3ccc(C4(N)CCC4)cc3)c(-c3ccccc3)n2n1,7.448653291,0.761819208,Active,0.642857143,TRUE
O=C(Cc1nc(N2CCOCC2)cc(=O)n1C1CCCCC1)N1CCc2c1ccc(F)c2F,O=C(Cc1nc(N2CCOCC2)cc(=O)n1C1CCCCC1)N1CCc2c1ccc(F)c2F,7.271942962,0.76185658,Active,0.731343284,TRUE
Cn1nccc1-c1cc(C(=O)NC2CNCCC2c2cc(F)cc(F)c2)cc2[nH]c(Cc3ccccc3F)nc12,Cn1nccc1-c1cc(C(=O)NC2CNCCC2c2cc(F)cc(F)c2)cc2[nH]c(Cc3ccccc3F)nc12,7.636837092,0.761886561,Active,0.625,TRUE
Nc1ncnc(N2CCC(c3nc(-c4ccc(Cl)cc4)cn3CCN3CCC3)CC2)c1Br,Nc1ncnc(N2CCC(c3nc(-c4ccc(Cl)cc4)cn3CCN3CCC3)CC2)c1Br,7.741200176,0.761952007,Active,0.80952381,TRUE
NC(COc1cncc(-c2ccc3[nH]nc(F)c3c2)c1)Cc1ccccc1F,NC(COc1cncc(-c2ccc3[nH]nc(F)c3c2)c1)Cc1ccccc1F,7.216871862,0.762030566,Active,0.741935484,TRUE
CCNC(=O)C1(N)CCN(c2ncnc3[nH]cc(Cl)c23)CC1,CCNC(=O)C1(N)CCN(c2ncnc3[nH]cc(Cl)c23)CC1,7.445444175,0.762182319,Active,0.655737705,TRUE
CC1(O)CC(N)(c2ccc(-c3nc4n(c3-c3ccccc3)COc3ccccc3C4=O)cc2)C1,CC1(O)CC(N)(c2ccc(-c3nc4n(c3-c3ccccc3)COc3ccccc3C4=O)cc2)C1,7.529460059,0.76223352,Active,0.859649123,TRUE
N#Cc1cccc(-c2cn(CCN3CCC3)c(C3CCN(c4ncnc(N)c4C(F)(F)F)CC3)n2)c1,N#Cc1cccc(-c2cn(CCN3CCC3)c(C3CCN(c4ncnc(N)c4C(F)(F)F)CC3)n2)c1,7.614955872,0.762336457,Active,0.717948718,TRUE
Cn1ncc(Br)c1-c1cc(C(=O)NC2CNCCC2c2ccc(F)cc2)oc1Cl,Cn1ncc(Br)c1-c1cc(C(=O)NC2CNCCC2c2ccc(F)cc2)oc1Cl,7.715781826,0.762362385,Active,0.739130435,TRUE
Cc1cc(Cl)nc(C)c1C(=O)NC(Cc1ccc(Cl)cc1)C(=O)N1CCN(c2ncnc3[nH]ccc23)CC1,Cc1cc(Cl)nc(C)c1C(=O)NC(Cc1ccc(Cl)cc1)C(=O)N1CCN(c2ncnc3[nH]ccc23)CC1,7.608087744,0.762491488,Active,0.633802817,TRUE
Cc1ccc2nc(-c3ccccc3)c(-c3ccc(CN4CC(c5n[nH]c(-c6ccccn6)n5)C4)cc3)nc2n1,Cc1ccc2nc(-c3ccccc3)c(-c3ccc(CN4CC(c5n[nH]c(-c6ccccn6)n5)C4)cc3)nc2n1,7.31440586,0.762530351,Active,0.657534247,TRUE
CC(C)NCCn1cc(-c2ccc(C(F)(F)F)c(F)c2)nc1C1CCN(c2ncnc(N)c2C(N)=O)CC1,CC(C)NCCn1cc(-c2ccc(C(F)(F)F)c(F)c2)nc1C1CCN(c2ncnc(N)c2C(N)=O)CC1,7.326102279,0.762542152,Active,0.896103896,TRUE
O=C(Cc1nc(N2CCOCC2)cc(=O)n1-c1cccc(Cl)c1)N1CCc2cc(F)ccc21,O=C(Cc1nc(N2CCOCC2)cc(=O)n1-c1cccc(Cl)c1)N1CCc2cc(F)ccc21,7.577430362,0.762544656,Active,0.691176471,TRUE
Cn1ncc(Cl)c1-c1ccc(C(=O)NC2CNCCC2c2ccnnc2)s1,Cn1ncc(Cl)c1-c1ccc(C(=O)NC2CNCCC2c2ccnnc2)s1,7.981261257,0.762664282,Active,0.796875,TRUE
Cn1c(CC(=O)N2CCc3c2ccc(F)c3F)nc(N2CCOCC2)c1F,Cn1c(CC(=O)N2CCc3c2ccc(F)c3F)nc(N2CCOCC2)c1F,7.187558199,0.762727702,Active,0.725806452,TRUE
O=C(NCc1nc[nH]n1)c1cc(Br)c(-c2ccnc3[nH]ccc23)s1,O=C(NCc1nc[nH]n1)c1cc(Br)c(-c2ccnc3[nH]ccc23)s1,7.454921194,0.762733424,Active,0.621212121,TRUE
CC(C)N(C)CCn1cc(-c2ccc(F)c(C(F)F)c2)nc1C1CCN(c2cc(N)ncn2)CC1,CC(C)N(C)CCn1cc(-c2ccc(F)c(C(F)F)c2)nc1C1CCN(c2cc(N)ncn2)CC1,7.844857419,0.762766385,Active,0.626666667,TRUE
Nc1ncnc(N2CCC(c3nc(-c4cnc(OC5CC5)c(F)c4)cn3CCN3CCC3)CC2)c1Cl,Nc1ncnc(N2CCC(c3nc(-c4cnc(OC5CC5)c(F)c4)cn3CCN3CCC3)CC2)c1Cl,7.572021727,0.7628456,Active,0.716216216,TRUE
CN(C)CCn1cc(-c2cnc(C(F)(F)F)c(F)c2)nc1C1CCN(c2ncnc(N)c2Br)CC1,CN(C)CCn1cc(-c2cnc(C(F)(F)F)c(F)c2)nc1C1CCN(c2ncnc(N)c2Br)CC1,7.888493964,0.762946093,Active,0.76,TRUE
Cc1[nH]nc2ncc(-c3cncc(OCC(N)Cc4ccc(F)cc4F)c3)cc12,Cc1[nH]nc2ncc(-c3cncc(OCC(N)Cc4ccc(F)cc4F)c3)cc12,7.31759001,0.763033593,Active,0.73015873,TRUE
Nc1cc(N2CCC(c3nc(-c4ccc(F)c(C(F)(F)F)c4)cn3CCNC(=O)C3CCC3)CC2)ncn1,Nc1cc(N2CCC(c3nc(-c4ccc(F)c(C(F)(F)F)c4)cn3CCNC(=O)C3CCC3)CC2)ncn1,7.753445964,0.763051772,Active,0.727272727,TRUE
Cn1nc(-c2ccc(F)cc2F)cc1C(=O)NC1CNCCC1c1ccc(F)c(F)c1,Cn1nc(-c2ccc(F)cc2F)cc1C(=O)NC1CNCCC1c1ccc(F)c(F)c1,7.464924003,0.763077164,Active,0.605633803,TRUE
CN(C)CCNCCn1cc(-c2ccc(F)c(C(F)(F)F)c2)nc1C1CCN(c2ncnc(N)c2Cl)CC1,CN(C)CCNCCn1cc(-c2ccc(F)c(C(F)(F)F)c2)nc1C1CCN(c2ncnc(N)c2Cl)CC1,7.735907788,0.763083899,Active,0.734177215,TRUE
Cn1ncc(-c2csc(C(=O)NC3CNCCC3c3cccc(F)c3)c2)c1Br,Cn1ncc(-c2csc(C(=O)NC3CNCCC3c3cccc(F)c3)c2)c1Br,7.686844726,0.763156855,Active,0.75,TRUE
Cc1c(C#N)nn2c(-c3ccccc3)c(-c3ccc(C4(N)CCC4)cc3)nc2c1C,Cc1c(C#N)nn2c(-c3ccccc3)c(-c3ccc(C4(N)CCC4)cc3)nc2c1C,7.204112323,0.763199353,Active,0.732142857,TRUE
Cn1cc(Cl)c(-c2ccc(C(=O)NC3CNCCC3c3ccc(F)c(F)c3)cc2)n1,Cn1cc(Cl)c(-c2ccc(C(=O)NC3CNCCC3c3ccc(F)c(F)c3)cc2)n1,7.369547136,0.763385677,Active,0.71641791,TRUE
CC(C)NC(=O)C1(N)CCN(c2ncnc3[nH]cc(Cl)c23)CC1,CC(C)NC(=O)C1(N)CCN(c2ncnc3[nH]cc(Cl)c23)CC1,7.405486613,0.763399863,Active,0.771929825,TRUE
NCC(Cn1cc(-c2ccc(F)c(F)c2)nc1C1CCN(c2cc(N)ncn2)CC1)C1CC1,NCC(Cn1cc(-c2ccc(F)c(F)c2)nc1C1CCN(c2cc(N)ncn2)CC1)C1CC1,7.259088827,0.763412142,Active,0.695652174,TRUE
Cn1c(CC(=O)N2CCc3c2ccc(F)c3F)nc(N2CCCC2)cc1=O,Cn1c(CC(=O)N2CCc3c2ccc(F)c3F)nc(N2CCCC2)cc1=O,7.234119753,0.763415062,Active,0.844827586,TRUE
CC1Cc2cc(F)ccc2N1C(=O)Cc1nc(OCC(F)F)c(F)c(N2CCOCC2)n1,CC1Cc2cc(F)ccc2N1C(=O)Cc1nc(OCC(F)F)c(F)c(N2CCOCC2)n1,7.313233566,0.763428295,Active,0.626666667,TRUE
CC(NC(=O)C1(N)CCN(c2ncnc3[nH]cc(Cl)c23)CC1)C(N)=O,CC(NC(=O)C1(N)CCN(c2ncnc3[nH]cc(Cl)c23)CC1)C(N)=O,7.340309754,0.763497555,Active,0.733333333,TRUE
CNC(=O)c1c(N)ncnc1N1CCC(c2nc(-c3csc(Cl)c3)cn2CCN2CCCC2)CC1,CNC(=O)c1c(N)ncnc1N1CCC(c2nc(-c3csc(Cl)c3)cn2CCN2CCCC2)CC1,7.109974785,0.763561928,Active,0.634146341,TRUE
Cn1ncc(Cl)c1-c1nc2ccccc2n1CC(=O)NC1CNCCC1c1ccc(F)c(F)c1,Cn1ncc(Cl)c1-c1nc2ccccc2n1CC(=O)NC1CNCCC1c1ccc(F)c(F)c1,7.294065771,0.763584936,Active,0.628205128,TRUE
NC(COc1cncc(-c2ccc3[nH]ncc3c2)c1)Cc1c(F)cccc1F,NC(COc1cncc(-c2ccc3[nH]ncc3c2)c1)Cc1c(F)cccc1F,7.009901645,0.763677144,Active,0.704918033,TRUE
NC(=O)c1cnc(N2CCC(c3nc(-c4ccc(F)c(F)c4)cn3CCN3CCC3)CC2)cc1C1CC1,NC(=O)c1cnc(N2CCC(c3nc(-c4ccc(F)c(F)c4)cn3CCN3CCC3)CC2)cc1C1CC1,7.30517756,0.763686919,Active,0.653846154,TRUE
O=C(Cc1nc(=O)cc(N2CCCC2)[nH]1)N1CCc2c(F)cccc21,O=C(Cc1nc(=O)cc(N2CCCC2)[nH]1)N1CCc2c(F)cccc21,7.286545082,0.763720894,Active,0.609375,TRUE
CCn1cc(-c2ccnc(C(F)(F)F)c2)nc1C1CCN(c2ncnc(N)c2C#N)CC1,CCn1cc(-c2ccnc(C(F)(F)F)c2)nc1C1CCN(c2ncnc(N)c2C#N)CC1,7.853412273,0.76375922,Active,0.830985915,TRUE
Cc1nn(C)c2ncc(-c3cncc(OCC(N)Cc4c[nH]c5ccccc45)c3)cc12,Cc1nn(C)c2ncc(-c3cncc(OCC(N)Cc4c[nH]c5ccccc45)c3)cc12,7.959134664,0.763780499,Active,0.691176471,TRUE
Cc1cccc2ncnc(N3CCN(C(=O)C(N)Cc4ccc(F)c(F)c4)CC3)c12,Cc1cccc2ncnc(N3CCN(C(=O)C(N)Cc4ccc(F)c(F)c4)CC3)c12,7.079206276,0.76383456,Active,0.786885246,TRUE
O=C(Cc1nc(N2CCOCC2)cc(=O)n1Cc1ccc(F)cc1)N1CCc2c1ccc(F)c2Cl,O=C(Cc1nc(N2CCOCC2)cc(=O)n1Cc1ccc(F)cc1)N1CCc2c1ccc(F)c2Cl,7.37546166,0.763929152,Active,0.625,TRUE
N#Cc1ccn2c(-c3ccccc3)c(-c3ccc(C4(N)CCC4)cc3)nc2c1Br,N#Cc1ccn2c(-c3ccccc3)c(-c3ccc(C4(N)CCC4)cc3)nc2c1Br,7.27956712,0.764018857,Active,0.763636364,TRUE
NC1(C(=O)NCc2cc(F)cc(Br)c2)CCN(c2ncnc3[nH]ccc23)CC1,NC1(C(=O)NCc2cc(F)cc(Br)c2)CCN(c2ncnc3[nH]ccc23)CC1,7.620381496,0.764034534,Active,0.698412698,TRUE
Nc1ncnc(N2CCC(c3nc(-c4ccc(Cl)c(Cl)c4)cn3CCN3CCCCC3)CC2)c1C(F)(F)F,Nc1ncnc(N2CCC(c3nc(-c4ccc(Cl)c(Cl)c4)cn3CCN3CCCCC3)CC2)c1C(F)(F)F,7.543294049,0.76406523,Active,0.697368421,TRUE
NC1(c2ccc(-c3nc4ccc(C(=O)NCC5CCNCC5)nn4c3-c3ccccc3)cc2)CCC1,NC1(c2ccc(-c3nc4ccc(C(=O)NCC5CCNCC5)nn4c3-c3ccccc3)cc2)CCC1,7.340249307,0.764281952,Active,0.735294118,TRUE
Cn1ncc(Cl)c1-c1ccc(C(=O)NC2CNCC2c2cncc(F)c2)s1,Cn1ncc(Cl)c1-c1ccc(C(=O)NC2CNCC2c2cncc(F)c2)s1,7.839088306,0.764299417,Active,0.728571429,TRUE
CC1(C)C(=O)Nc2ccc(-c3cncc(OCC(N)Cc4ccc(Br)cc4F)c3)cc21,CC1(C)C(=O)Nc2ccc(-c3cncc(OCC(N)Cc4ccc(Br)cc4F)c3)cc21,7.584718432,0.764438653,Active,0.647887324,TRUE
O=C(NC1CNCCC1c1ccc(F)cc1)c1ccc2c(c1)OCCn1nccc1-2,O=C(NC1CNCCC1c1ccc(F)cc1)c1ccc2c(c1)OCCn1nccc1-2,8.532864326,0.764494562,Active,0.873015873,TRUE
Cn1nc(-c2ccc(C(=O)NC3CNCCC3c3cccc(F)c3)nc2)cc1C1CC1,Cn1nc(-c2ccc(C(=O)NC3CNCCC3c3cccc(F)c3)nc2)cc1C1CC1,7.37806542,0.764705622,Active,0.714285714,TRUE
Nc1ncnc(N2CCC(c3nc(-c4cnc(F)c(Cl)c4)cn3CCN3CCC3)CC2)c1F,Nc1ncnc(N2CCC(c3nc(-c4cnc(F)c(Cl)c4)cn3CCN3CCC3)CC2)c1F,7.975589931,0.764717782,Active,0.814285714,TRUE
O=C(NCc1cc(F)cc(Cl)c1)C1(F)CCN(c2ncnc3[nH]ccc23)CC1,O=C(NCc1cc(F)cc(Cl)c1)C1(F)CCN(c2ncnc3[nH]ccc23)CC1,7.250589587,0.764763379,Active,0.646153846,TRUE
Cc1cc(F)cc(C2CCNCC2NC(=O)c2ccc(-c3ccnn3C)s2)n1,Cc1cc(F)cc(C2CCNCC2NC(=O)c2ccc(-c3ccnn3C)s2)n1,7.63305449,0.764778996,Active,0.714285714,TRUE
NC1(C(=O)Nc2ccc(Cl)nc2)CCN(c2ncnc3[nH]ccc23)CC1,NC1(C(=O)Nc2ccc(Cl)nc2)CCN(c2ncnc3[nH]ccc23)CC1,7.253021314,0.764783227,Active,0.629032258,TRUE
COCCOCC(=O)NCC(Cc1ccc(F)c(F)c1)C(=O)N1CCN(c2ncnc3c2C(C)SC3)CC1,COCCOCC(=O)NCC(Cc1ccc(F)c(F)c1)C(=O)N1CCN(c2ncnc3c2C(C)SC3)CC1,7.118755887,0.764783823,Active,0.734177215,TRUE
Cn1ncc(-c2ccc(C(=O)NC3CNCCC3c3cccc(F)c3)nc2)c1C1CC1,Cn1ncc(-c2ccc(C(=O)NC3CNCCC3c3cccc(F)c3)nc2)c1C1CC1,7.408870128,0.764830196,Active,0.753623188,TRUE
Cc1nc(-c2c(Cl)cnn2C)nn2c(-c3ccccc3)c(-c3ccc(C4(N)CCC4)cc3)nc12,Cc1nc(-c2c(Cl)cnn2C)nn2c(-c3ccccc3)c(-c3ccc(C4(N)CCC4)cc3)nc12,7.024021931,0.764888668,Active,0.625,TRUE
N#Cc1c(N)ncnc1N1CCC(c2nc(-c3cc(F)c(F)c(F)c3)cn2CCN2CCCC2)CC1,N#Cc1c(N)ncnc1N1CCC(c2nc(-c3cc(F)c(F)c(F)c3)cn2CCN2CCCC2)CC1,7.81905672,0.76491406,Active,0.850746269,TRUE
COc1cc(-c2cn(CCN3CCC3)c(C3CCN(c4ncnc(N)c4OC)CC3)n2)ccc1F,COc1cc(-c2cn(CCN3CCC3)c(C3CCN(c4ncnc(N)c4OC)CC3)n2)ccc1F,7.913917345,0.765022302,Active,0.833333333,TRUE
Nc1ncnc(N2CCC(c3nc(-c4ccc(C(F)F)c(F)c4)cn3CCN3CCCC3)CC2)c1Cl,Nc1ncnc(N2CCC(c3nc(-c4ccc(C(F)F)c(F)c4)cn3CCN3CCCC3)CC2)c1Cl,7.909741087,0.765112603,Active,0.838235294,TRUE
Nc1ncnc(N2CCC(c3nc(-c4cc(C(F)(F)F)cc(C(F)(F)F)c4)cn3CCN3CCC3)CC2)c1Br,Nc1ncnc(N2CCC(c3nc(-c4cc(C(F)(F)F)cc(C(F)(F)F)c4)cn3CCN3CCC3)CC2)c1Br,7.606889858,0.765184665,Active,0.771428571,TRUE
Cn1nc(-c2ccc(CN3CC(c4n[nH]c(-c5ccccn5)n4)C3)cc2)c(-c2cc(F)ccc2F)n1,Cn1nc(-c2ccc(CN3CC(c4n[nH]c(-c5ccccn5)n4)C3)cc2)c(-c2cc(F)ccc2F)n1,7.040326575,0.765293145,Active,0.615384615,TRUE
Cc1cnn(C)c1-c1cc(-c2[nH]nc3ccc(C(=O)NC4CNCCC4c4cccc(F)c4)cc23)ccc1F,Cc1cnn(C)c1-c1cc(-c2[nH]nc3ccc(C(=O)NC4CNCCC4c4cccc(F)c4)cc23)ccc1F,7.63201604,0.765308225,Active,0.607142857,TRUE
Cc1ccc(-c2cn(CCN(C)C)c(C3CCN(c4ncnc(N)c4F)CC3)n2)cc1F,Cc1ccc(-c2cn(CCN(C)C)c(C3CCN(c4ncnc(N)c4F)CC3)n2)cc1F,7.317053342,0.765331829,Active,0.736111111,TRUE
CC(C)Oc1c(N)ncnc1N1CCC(c2nc(-c3cccc(C(N)=O)c3)cn2CCN2CCC2)CC1,CC(C)Oc1c(N)ncnc1N1CCC(c2nc(-c3cccc(C(N)=O)c3)cn2CCN2CCC2)CC1,7.317742845,0.765341127,Active,0.725,TRUE
CCc1nc(CC(=O)N2c3cc(F)ccc3CC2C)nc(N2CCOCC2)c1F,CCc1nc(CC(=O)N2c3cc(F)ccc3CC2C)nc(N2CCOCC2)c1F,7.271150132,0.765421236,Active,0.705882353,TRUE
CC(Cn1cccn1)NC(=O)c1cc(Br)c(-c2ccnc3[nH]ccc23)s1,CC(Cn1cccn1)NC(=O)c1cc(Br)c(-c2ccnc3[nH]ccc23)s1,7.460696804,0.76548382,Active,0.614285714,TRUE
O=C(NC1CN(C(=O)C(F)(F)F)CCC1c1ccc(F)cc1)c1ccc2c(c1)OCCn1nccc1-2,O=C(NC1CN(C(=O)C(F)(F)F)CCC1c1ccc(F)cc1)c1ccc2c(c1)OCCn1nccc1-2,7.592682013,0.765615487,Active,0.64,TRUE
NC1(CNC(=O)c2cccc(F)c2)CCN(c2ncnc3[nH]ccc23)C1,NC1(CNC(=O)c2cccc(F)c2)CCN(c2ncnc3[nH]ccc23)C1,7.265507058,0.765686595,Active,0.720588235,TRUE
Cn1nccc1-c1ccc(C(=O)NC2CNCCC2c2ncccn2)s1,Cn1nccc1-c1ccc(C(=O)NC2CNCCC2c2ncccn2)s1,7.301375286,0.765709782,Active,0.741935484,TRUE
NC1(c2ccc(-c3nc4c(Br)cc(C(=O)NCCCN5CCCC5)cn4c3-c3ccccc3)cc2)CCC1,NC1(c2ccc(-c3nc4c(Br)cc(C(=O)NCCCN5CCCC5)cn4c3-c3ccccc3)cc2)CCC1,7.204129028,0.76574614,Active,0.685714286,TRUE
Cc1n[nH]c2ccc(-c3cncc(OCC(N)Cc4cccc(Cl)c4Cl)c3)cc2c1=O,Cc1n[nH]c2ccc(-c3cncc(OCC(N)Cc4cccc(Cl)c4Cl)c3)cc2c1=O,7.358326445,0.765765512,Active,0.887096774,TRUE
CCS(=O)(=O)c1ccc(CC(N)COc2cncc(-c3ccc4[nH]nc(C)c4c3)c2)cc1,CCS(=O)(=O)c1ccc(CC(N)COc2cncc(-c3ccc4[nH]nc(C)c4c3)c2)cc1,7.470977125,0.765789473,Active,0.758064516,TRUE
CNCCn1cc(-c2cccc(F)c2)nc1C1CCN(c2ncnc(N)c2Cl)CC1,CNCCn1cc(-c2cccc(F)c2)nc1C1CCN(c2ncnc(N)c2Cl)CC1,7.743674471,0.765819931,Active,0.782608696,TRUE
Cn1ncc(C(=O)NC2CNCCC2c2ccc(F)c(F)c2)c1-c1ccccc1Cl,Cn1ncc(C(=O)NC2CNCCC2c2ccc(F)c(F)c2)c1-c1ccccc1Cl,7.269385906,0.765887761,Active,0.739130435,TRUE
CC(NC(=O)C1(N)CCN(c2ncnc3c2cnn3C)CC1)c1ccc(Cl)cc1,CC(NC(=O)C1(N)CCN(c2ncnc3c2cnn3C)CC1)c1ccc(Cl)cc1,7.519224531,0.765946293,Active,0.703125,TRUE
Cn1c(CC(=O)N2CCc3ccc(C(F)(F)F)cc32)nc(N2CCOCC2)cc1=O,Cn1c(CC(=O)N2CCc3ccc(C(F)(F)F)cc32)nc(N2CCOCC2)cc1=O,7.1105994,0.765958273,Active,0.790322581,TRUE
Cn1cc(-c2cc(C(=O)NC3CNCCC3c3ccc(Cl)cc3)oc2Cl)cn1,Cn1cc(-c2cc(C(=O)NC3CNCCC3c3ccc(Cl)cc3)oc2Cl)cn1,7.543088712,0.766064668,Active,0.742424242,TRUE
CNC(=O)Nc1nc2ccc(-c3cnc(Cl)c(NS(=O)(=O)c4cccc(F)c4)c3)cc2s1,CNC(=O)Nc1nc2ccc(-c3cnc(Cl)c(NS(=O)(=O)c4cccc(F)c4)c3)cc2s1,7.711009071,0.766109371,Active,0.846153846,TRUE
CC1(C=O)C(=O)Nc2ccc(-c3cncc(OCC(N)Cc4cccc(Cl)c4)c3)cc21,CC1(C=O)C(=O)Nc2ccc(-c3cncc(OCC(N)Cc4cccc(Cl)c4)c3)cc21,7.619974205,0.766148889,Active,0.602739726,TRUE
NC(=O)c1c(N)ncnc1N1CCC(c2nc(-c3ccc(F)c(Cl)c3)cn2CC2CCNCC2)CC1,NC(=O)c1c(N)ncnc1N1CCC(c2nc(-c3ccc(F)c(Cl)c3)cn2CC2CCNCC2)CC1,7.679820439,0.76623162,Active,0.743589744,TRUE
Cn1nc(-c2ccc(C(=O)NC3CNCCC3c3cccc(F)c3)c(F)c2)cc1Br,Cn1nc(-c2ccc(C(=O)NC3CNCCC3c3cccc(F)c3)c(F)c2)cc1Br,7.220581742,0.766251349,Active,0.611111111,TRUE
O=C(N1CCN(c2ncnc3[nH]nc(Br)c23)CC1)C1(c2ncc(Cl)cc2F)CC1,O=C(N1CCN(c2ncnc3[nH]nc(Br)c23)CC1)C1(c2ncc(Cl)cc2F)CC1,7.257958044,0.766305947,Active,0.623188406,TRUE
N#Cc1c(N)ncnc1N1CCC(c2nc(-c3cc(F)ccn3)cn2CCN2CCCC2)CC1,N#Cc1c(N)ncnc1N1CCC(c2nc(-c3cc(F)ccn3)cn2CCN2CCCC2)CC1,7.272239023,0.766413176,Active,0.8,TRUE
Cc1occc1-c1ncc(OCC(N)Cc2c[nH]c3ccccc23)cc1-c1cnn(C)c1,Cc1occc1-c1ncc(OCC(N)Cc2c[nH]c3ccccc23)cc1-c1cnn(C)c1,7.615031045,0.766451621,Active,0.714285714,TRUE
O=C(Cc1nc(N2CCOC3CCCC32)cc(=O)n1C1CC1)N1CCc2c(Cl)cccc21,O=C(Cc1nc(N2CCOC3CCCC32)cc(=O)n1C1CC1)N1CCc2c(Cl)cccc21,7.415768274,0.766544247,Active,0.728571429,TRUE
Nc1ncnc(N2CCC(c3nc(-c4ccc(O)cc4F)cn3CCN3CCC3)CC2)c1Cl,Nc1ncnc(N2CCC(c3nc(-c4ccc(O)cc4F)cn3CCN3CCC3)CC2)c1Cl,7.661213943,0.766662264,Active,0.708333333,TRUE
CNC(=O)c1ccc(-c2cn(CCN3CCC3)c(C3CCN(c4ncnc(N)c4Cl)CC3)n2)cc1F,CNC(=O)c1ccc(-c2cn(CCN3CCC3)c(C3CCN(c4ncnc(N)c4Cl)CC3)n2)cc1F,7.178762122,0.766674066,Active,0.746666667,TRUE
NC1(C(=O)NC(C(=O)NCc2ccc(F)cc2)C2CCCCC2)CCN(c2ncnc3[nH]ccc23)CC1,NC1(C(=O)NC(C(=O)NCc2ccc(F)cc2)C2CCCCC2)CCN(c2ncnc3[nH]ccc23)CC1,7.311709821,0.766724491,Active,0.616438356,TRUE
NC1(c2ccc(-c3nc4c(Br)cc(F)cn4c3-c3ccccc3)cc2)CCC1,NC1(c2ccc(-c3nc4c(Br)cc(F)cn4c3-c3ccccc3)cc2)CCC1,7.559661992,0.766756797,Active,0.823529412,TRUE
O=C(Cc1nc(N2CCOCC2)cc(=O)n1-c1ccccc1)N1CCc2c1ccc(F)c2F,O=C(Cc1nc(N2CCOCC2)cc(=O)n1-c1ccccc1)N1CCc2c1ccc(F)c2F,7.329888127,0.766854668,Active,0.753846154,TRUE
COCOC1CCC(n2c(=O)c(-c3cnc(OC)nc3)cc3c(C)nc(N)nc32)CC1,COCOC1CCC(n2c(=O)c(-c3cnc(OC)nc3)cc3c(C)nc(N)nc32)CC1,7.324355314,0.766880894,Active,0.838709677,TRUE
O=C(Cc1nc(N2CCOCC2)cc(=O)n1-c1ccc(Cl)nc1)N1CCc2c(F)cccc21,O=C(Cc1nc(N2CCOCC2)cc(=O)n1-c1ccc(Cl)nc1)N1CCc2c(F)cccc21,7.397976218,0.766880953,Active,0.690140845,TRUE
Cc1c(F)cc(C(=O)NC(CN)Cc2ccc(F)c(F)c2)cc1-c1c(Cl)cnn1C,Cc1c(F)cc(C(=O)NC(CN)Cc2ccc(F)c(F)c2)cc1-c1c(Cl)cnn1C,7.024815076,0.7669011,Active,0.71641791,TRUE
Cc1cccc2c1CCN2C(=O)Cc1nc(N2CCOCC2)c(Cc2cccc(F)c2C)n1C,Cc1cccc2c1CCN2C(=O)Cc1nc(N2CCOCC2)c(Cc2cccc(F)c2C)n1C,7.118165251,0.766930485,Active,0.638888889,TRUE
CN(C)C(=O)Cn1cc(-c2ccc(F)c(C(F)(F)F)c2)nc1C1CCN(c2ncnc(N)c2Cl)CC1,CN(C)C(=O)Cn1cc(-c2ccc(F)c(C(F)(F)F)c2)nc1C1CCN(c2ncnc(N)c2Cl)CC1,7.877416356,0.76696732,Active,0.717948718,TRUE
CN(C)CCn1cc(-c2ccc(F)c(C(F)(F)C(F)F)c2)nc1C1CCN(c2ncnc(N)c2F)CC1,CN(C)CCn1cc(-c2ccc(F)c(C(F)(F)C(F)F)c2)nc1C1CCN(c2ncnc(N)c2F)CC1,7.640608769,0.766973341,Active,0.74025974,TRUE
CCc1c(N)ncnc1N1CCC(c2nc(-c3cc(F)cc(F)c3)cn2CCN2CCCC2)CC1,CCc1c(N)ncnc1N1CCC(c2nc(-c3cc(F)cc(F)c3)cn2CCN2CCCC2)CC1,7.393882385,0.76703968,Active,0.848484848,TRUE
CC(NC(=O)C1(N)CCN(c2ncnc3[nH]ccc23)CC1)c1cc(F)cc(F)c1,CC(NC(=O)C1(N)CCN(c2ncnc3[nH]ccc23)CC1)c1cc(F)cc(F)c1,7.608950144,0.767099881,Active,0.844827586,TRUE
c1ccc(-c2cn3ncnc3nc2-c2ccc(CN3CCC(c4n[nH]c(-c5ccccn5)n4)CC3)cc2)cc1,c1ccc(-c2cn3ncnc3nc2-c2ccc(CN3CCC(c4n[nH]c(-c5ccccn5)n4)CC3)cc2)cc1,7.164206592,0.767122769,Active,0.733333333,TRUE
Cc1[nH]nc2ccc(-c3cncc(OCC(N)Cc4cccc(-c5cnco5)c4)c3)cc12,Cc1[nH]nc2ccc(-c3cncc(OCC(N)Cc4cccc(-c5cnco5)c4)c3)cc12,7.425902124,0.767163837,Active,0.61971831,TRUE
CNCCn1cc(-c2cccc(Cl)c2)nc1C1CCN(c2ncnc(N)c2C#N)CC1,CNCCn1cc(-c2cccc(Cl)c2)nc1C1CCN(c2ncnc(N)c2C#N)CC1,7.782611469,0.767507577,Active,0.791666667,TRUE
Cc1nc(CC(=O)N2CCc3c(F)cccc32)nc(N2CCOCC2)c1F,Cc1nc(CC(=O)N2CCc3c(F)cccc32)nc(N2CCOCC2)c1F,7.281073778,0.76762619,Active,0.6875,TRUE
Cn1ncc(Br)c1-c1nc(F)c(C(=O)NC2CNCCC2c2ccc(F)cc2)s1,Cn1ncc(Br)c1-c1nc(F)c(C(=O)NC2CNCCC2c2ccc(F)cc2)s1,7.639453538,0.767646873,Active,0.605263158,TRUE
Cc1oc(C(=O)NC2CNCCC2c2ccc(F)c(F)c2)cc1-c1nn(C)c(C)c1Cl,Cc1oc(C(=O)NC2CNCCC2c2ccc(F)c(F)c2)cc1-c1nn(C)c(C)c1Cl,7.581658621,0.767671609,Active,0.644736842,TRUE
NC(COc1cncc(-c2ccc3c(c2)CCC(=S)N3)c1)Cc1c[nH]c2ccccc12,NC(COc1cncc(-c2ccc3c(c2)CCC(=S)N3)c1)Cc1c[nH]c2ccccc12,7.275139541,0.767727876,Active,0.753623188,TRUE
Cc1csc2ncnc(N3CCN(C(=O)C(N)Cc4ccc(F)cc4)CC3)c12,Cc1csc2ncnc(N3CCN(C(=O)C(N)Cc4ccc(F)cc4)CC3)c12,7.394305767,0.767750764,Active,0.698412698,TRUE
Cn1ncc(Br)c1-c1nc2cc(C(=O)NC3CNCCC3c3cccc(F)c3)ccc2o1,Cn1ncc(Br)c1-c1nc2cc(C(=O)NC3CNCCC3c3cccc(F)c3)ccc2o1,7.161017118,0.767767096,Active,0.653846154,TRUE
CC1Cc2ccccc2N1C(=O)Cc1nc(N2CCOCC2)cc(=O)n1-c1cccc(F)c1,CC1Cc2ccccc2N1C(=O)Cc1nc(N2CCOCC2)cc(=O)n1-c1cccc(F)c1,7.416891819,0.767816925,Active,0.720588235,TRUE
CCn1cc(-c2ccc(F)c(Cl)c2)nc1C1CCN(c2ncnc(N)c2CNC)CC1,CCn1cc(-c2ccc(F)c(Cl)c2)nc1C1CCN(c2ncnc(N)c2CNC)CC1,7.614828395,0.76788404,Active,0.706666667,TRUE
NC(COc1cncc(-c2ccc3[nH]nc(-c4ccncc4)c3c2)c1)Cc1cccc(F)c1,NC(COc1cncc(-c2ccc3[nH]nc(-c4ccncc4)c3c2)c1)Cc1cccc(F)c1,7.447783782,0.767889762,Active,0.836065574,TRUE
CC(C)Oc1c(N)ncnc1N1CCC(c2nc(-c3ccnc(F)c3)cn2CCN2CCC2)CC1,CC(C)Oc1c(N)ncnc1N1CCC(c2nc(-c3ccnc(F)c3)cn2CCN2CCC2)CC1,7.529971643,0.76794734,Active,0.826666667,TRUE
Cc1cc(F)nc(C2CCNCC2NC(=O)c2ccc(-c3ccnn3C)s2)n1,Cc1cc(F)nc(C2CCNCC2NC(=O)c2ccc(-c3ccnn3C)s2)n1,7.387984984,0.767963374,Active,0.710144928,TRUE
O=C(c1ccc(F)c(Cl)c1)N1CCN(c2ncnc3[nH]cc(Br)c23)CC1,O=C(c1ccc(F)c(Cl)c1)N1CCN(c2ncnc3[nH]cc(Br)c23)CC1,7.220989368,0.768060589,Active,0.603174603,TRUE
Cn1ncc(Br)c1-c1ccc(C(=O)NC2CNCCC2c2ccc(F)n(C)c2=O)s1,Cn1ncc(Br)c1-c1ccc(C(=O)NC2CNCCC2c2ccc(F)n(C)c2=O)s1,7.715969446,0.768095756,Active,0.712328767,TRUE
Cn1nc(-c2ccc(C(=O)NC3CNCCC3c3cccc(F)c3)cc2)c2cnccc21,Cn1nc(-c2ccc(C(=O)NC3CNCCC3c3cccc(F)c3)cc2)c2cnccc21,7.213260368,0.768172407,Active,0.648648649,TRUE
O=C(NC1CNCCC1c1ccc(F)cc1)c1ccc2c(c1)OCCn1ncc(Cl)c1-2,O=C(NC1CNCCC1c1ccc(F)cc1)c1ccc2c(c1)OCCn1ncc(Cl)c1-2,8.332372796,0.768206382,Active,0.880597015,TRUE
CC1COCCN1c1cc(=O)n(C)c(CC(=O)N2CCc3c(F)cccc32)n1,CC1COCCN1c1cc(=O)n(C)c(CC(=O)N2CCc3c(F)cccc32)n1,7.088489192,0.768266761,Active,0.769230769,TRUE
NC(=O)c1c(N)ncnc1N1CCC(c2nc(-c3ccc(F)c(C(F)(F)F)c3)cn2CCNCCO)CC1,NC(=O)c1c(N)ncnc1N1CCC(c2nc(-c3ccc(F)c(C(F)(F)F)c3)cn2CCNCCO)CC1,7.335095671,0.768312597,Active,0.87012987,TRUE
Cc1on(C)c1-c1ccc(-c2cn(CCN3CCC3)c(C3CCN(c4cc(N)ncn4)CC3)n2)cc1F,Cc1on(C)c1-c1ccc(-c2cn(CCN3CCC3)c(C3CCN(c4cc(N)ncn4)CC3)n2)cc1F,7.398875418,0.768342638,Active,0.726027397,TRUE
Cc1cccc(-c2c(C(=O)NC3CNCCC3c3ccc(F)c(F)c3)cnn2C)c1,Cc1cccc(-c2c(C(=O)NC3CNCCC3c3ccc(F)c(F)c3)cnn2C)c1,7.244476034,0.768406117,Active,0.643835616,TRUE
O=C(NC1CNCCC1c1cccc(F)c1)c1ccc(-c2ccccn2)s1,O=C(NC1CNCCC1c1cccc(F)c1)c1ccc(-c2ccccn2)s1,7.144457231,0.768544281,Active,0.701492537,TRUE
COc1[nH]nc2ccc(-c3cncc(OCC(N)Cc4cc(F)cc(F)c4)c3)cc12,COc1[nH]nc2ccc(-c3cncc(OCC(N)Cc4cc(F)cc(F)c4)c3)cc12,7.173364567,0.76862421,Active,0.614285714,TRUE
Cc1[nH]cnc1-c1ccc(C(=O)NC2CNCCC2c2ccc(F)c(F)c2)cc1,Cc1[nH]cnc1-c1ccc(C(=O)NC2CNCCC2c2ccc(F)c(F)c2)cc1,7.073935959,0.768668079,Active,0.641791045,TRUE
Nc1ncnc(N2CCC(c3nc(-c4ccc(C(F)(F)F)c(F)c4)cn3CCN3CCC3)CC2)c1F,Nc1ncnc(N2CCC(c3nc(-c4ccc(C(F)(F)F)c(F)c4)cn3CCN3CCC3)CC2)c1F,7.23371585,0.768714273,Active,0.852941176,TRUE
Cc1c[nH]c2ncnc(N3CCC(N)(C(=O)NC(CCO)c4ccccc4)CC3)c12,Cc1c[nH]c2ncnc(N3CCC(N)(C(=O)NC(CCO)c4ccccc4)CC3)c12,7.389881736,0.768742108,Active,0.84375,TRUE
Cc1cc(Br)cc2c(N3CCN(C(=O)C(N)Cc4ccc(Cl)c(F)c4)CC3)ncnc12,Cc1cc(Br)cc2c(N3CCN(C(=O)C(N)Cc4ccc(Cl)c(F)c4)CC3)ncnc12,7.395313732,0.768825495,Active,0.605263158,TRUE
CCn1cc(-c2cncc(Cl)c2)nc1C1CCN(c2ncnc(N)c2Cl)CC1,CCn1cc(-c2cncc(Cl)c2)nc1C1CCN(c2ncnc(N)c2Cl)CC1,7.444430605,0.76885941,Active,0.685714286,TRUE
Cn1c(CC(=O)N2CCc3c2csc3Br)nc(N2CCOCC2)cc1=O,Cn1c(CC(=O)N2CCc3c2csc3Br)nc(N2CCOCC2)cc1=O,7.621861295,0.768928194,Active,0.73015873,TRUE
Cc1cc(-c2cn(CCC(N)=O)c(C3CCN(c4ncnc(N)c4Cl)CC3)n2)ccc1F,Cc1cc(-c2cn(CCC(N)=O)c(C3CCN(c4ncnc(N)c4Cl)CC3)n2)ccc1F,7.523014961,0.768958652,Active,0.72,TRUE
CC1Cc2cc(F)ccc2N1C(=O)Cc1nc(N2CCOCC2)c(Cc2ccccc2)n1C,CC1Cc2cc(F)ccc2N1C(=O)Cc1nc(N2CCOCC2)c(Cc2ccccc2)n1C,7.217475032,0.768997693,Active,0.728571429,TRUE
O=C(NC1CNCCC1c1ccc(C(F)(F)F)nc1)c1cc2c(s1)OCCn1nccc1-2,O=C(NC1CNCCC1c1ccc(C(F)(F)F)nc1)c1cc2c(s1)OCCn1nccc1-2,8.65205526,0.769030714,Active,0.746666667,TRUE
CNCCNC(=O)Cn1cc(-c2ccc(F)c(C(F)(F)F)c2)nc1C1CCN(c2ncnc(N)c2Cl)CC1,CNCCNC(=O)Cn1cc(-c2ccc(F)c(C(F)(F)F)c2)nc1C1CCN(c2ncnc(N)c2Cl)CC1,7.921287151,0.769110405,Active,0.702380952,TRUE
NC1(c2ccc(-c3nn4c(-c5cn[nH]c5)cnc4cc3-c3ccoc3)cc2)CCC1,NC1(c2ccc(-c3nn4c(-c5cn[nH]c5)cnc4cc3-c3ccoc3)cc2)CCC1,7.663231928,0.769140923,Active,0.774193548,TRUE
NC(Cc1ccc(F)c(F)c1)C(=O)N1CCN(c2ncnc3[nH]ccc23)CC1,NC(Cc1ccc(F)c(F)c1)C(=O)N1CCN(c2ncnc3[nH]ccc23)CC1,7.904074993,0.769237006,Active,0.775862069,TRUE
NC(=O)c1ncnc(N2CCC(c3nc(-c4ccnc(F)c4)cn3CCN3CCCC3)CC2)c1Cl,NC(=O)c1ncnc(N2CCC(c3nc(-c4ccnc(F)c4)cn3CCN3CCCC3)CC2)c1Cl,7.550683536,0.769292021,Active,0.657894737,TRUE
Cc1c(C2CCNCC2NC(=O)c2ccc(-c3c(Cl)cnn3C)s2)cnn1C,Cc1c(C2CCNCC2NC(=O)c2ccc(-c3c(Cl)cnn3C)s2)cnn1C,7.805128664,0.769305253,Active,0.765625,TRUE
CNc1ncnc(N2CCC(c3nc(-c4ccc(F)c(C(F)(F)F)c4)cn3CCN(C)C)CC2)c1O,CNc1ncnc(N2CCC(c3nc(-c4ccc(F)c(C(F)(F)F)c4)cn3CCN(C)C)CC2)c1O,7.3675475,0.769323254,Active,0.717948718,TRUE
Cc1c(Cl)cnn2c(-c3ccccc3)c(-c3ccc(C4(N)CCC4)cc3)nc12,Cc1c(Cl)cnn2c(-c3ccccc3)c(-c3ccc(C4(N)CCC4)cc3)nc12,7.301854382,0.769331777,Active,0.727272727,TRUE
CCc1ccccc1-n1c(CC(=O)Nc2ccc(F)c(Br)c2)nc(N2CCOCC2)cc1=O,CCc1ccccc1-n1c(CC(=O)Nc2ccc(F)c(Br)c2)nc(N2CCOCC2)cc1=O,7.172369247,0.769408607,Active,0.731343284,TRUE
NCCn1cc(-c2ccc(F)c(C(F)(F)F)c2)nc1C1CCN(c2ncnc(N)c2F)CC1,NCCn1cc(-c2ccc(F)c(C(F)(F)F)c2)nc1C1CCN(c2ncnc(N)c2F)CC1,7.636370375,0.769488955,Active,0.848484848,TRUE
Cn1ncc(Cl)c1-c1ccc(C(=O)NC2CNCCC2c2cccc(Cl)c2)o1,Cn1ncc(Cl)c1-c1ccc(C(=O)NC2CNCCC2c2cccc(Cl)c2)o1,7.747035242,0.769508564,Active,0.8125,TRUE
NC(=O)c1ccc(-c2cn(CC(F)(F)F)c(C3CCN(c4ncnc(N)c4Br)CC3)n2)cc1F,NC(=O)c1ccc(-c2cn(CC(F)(F)F)c(C3CCN(c4ncnc(N)c4Br)CC3)n2)cc1F,7.419625347,0.76951381,Active,0.623376623,TRUE
COc1c(N)ncnc1N1CCC(c2nc(-c3ccc(F)cc3F)cn2CCN2CCCC2)CC1,COc1c(N)ncnc1N1CCC(c2nc(-c3ccc(F)cc3F)cn2CCN2CCCC2)CC1,7.794069484,0.769515896,Active,0.701298701,TRUE
Cc1[nH]nc2ccc(-c3cc(OCC(N)Cc4ccccc4)cnc3-c3ccoc3)nc12,Cc1[nH]nc2ccc(-c3cc(OCC(N)Cc4ccccc4)cnc3-c3ccoc3)nc12,7.489975754,0.769556069,Active,0.64,TRUE
NC(=O)c1ccc(-c2cnc3cc(-c4ccccc4)c(-c4ccc(C5(N)CCC5)cc4)nn23)cn1,NC(=O)c1ccc(-c2cnc3cc(-c4ccccc4)c(-c4ccc(C5(N)CCC5)cc4)nn23)cn1,7.501492717,0.769571686,Active,0.822580645,TRUE
O=C(NC1CNCCC1c1ccsc1)c1cc2c(s1)CCCn1nccc1-2,O=C(NC1CNCCC1c1ccsc1)c1cc2c(s1)CCCn1nccc1-2,8.779710026,0.769614959,Active,0.746478873,TRUE
NC1(CNC(=O)c2ccc(F)cc2F)CCN(c2ncnc3[nH]ccc23)C1,NC1(CNC(=O)c2ccc(F)cc2F)CCN(c2ncnc3[nH]ccc23)C1,7.363880753,0.769658172,Active,0.720588235,TRUE
Nc1ncnc(N2CCC(c3nc(-c4ccc(F)cn4)cn3CCN3CCC3)CC2)c1Br,Nc1ncnc(N2CCC(c3nc(-c4ccc(F)cn4)cn3CCN3CCC3)CC2)c1Br,8.040755702,0.76972034,Active,0.784615385,TRUE
CCc1oc(C(=O)NC2CNCCC2c2ccccc2)cc1-c1c(Cl)cnn1C,CCc1oc(C(=O)NC2CNCCC2c2ccccc2)cc1-c1c(Cl)cnn1C,7.209143235,0.769838417,Active,0.818181818,TRUE
Cc1nc(N)nc2c1nc(-c1ccc(N)cc1)c(=O)n2C1CCC(O)CC1,Cc1nc(N)nc2c1nc(-c1ccc(N)cc1)c(=O)n2C1CCC(O)CC1,7.322520626,0.769870424,Active,0.777777778,TRUE
NCC1(C(=O)NC(c2ccc(F)cc2)c2nccs2)CCN(c2ncnc3[nH]ccc23)CC1,NCC1(C(=O)NC(c2ccc(F)cc2)c2nccs2)CCN(c2ncnc3[nH]ccc23)CC1,7.663691065,0.769900405,Active,0.621621622,TRUE
O=C1CCN(c2cnc(C(=O)Nc3csc(-c4nncn4C4CC4)n3)cc2-n2ccnn2)CC1,O=C1CCN(c2cnc(C(=O)Nc3csc(-c4nncn4C4CC4)n3)cc2-n2ccnn2)CC1,7.369869686,0.770034695,Active,0.619047619,TRUE
Cc1c(-c2nc(C(=O)NC3CNCCC3c3cccc(F)c3)c(Cl)cc2Cl)cnn1C,Cc1c(-c2nc(C(=O)NC3CNCCC3c3cccc(F)c3)c(Cl)cc2Cl)cnn1C,7.565489261,0.770035708,Active,0.618421053,TRUE
CNCCn1cc(-c2ccc(F)c(C)c2)nc1C1CCN(c2cc(N)ncn2)CC1,CNCCn1cc(-c2ccc(F)c(C)c2)nc1C1CCN(c2cc(N)ncn2)CC1,7.761988955,0.770170593,Active,0.702702703,TRUE
Nc1ncnc(N2CCC(c3nc(-c4ccc(C(F)(F)F)cn4)cn3CCN3CCC3)CC2)c1Cl,Nc1ncnc(N2CCC(c3nc(-c4ccc(C(F)(F)F)cn4)cn3CCN3CCC3)CC2)c1Cl,7.278348027,0.770195627,Active,0.702702703,TRUE
NC1(C(=O)NC(Cc2ccc(F)cc2)C(=O)C2CC2)CCN(c2ncnc3[nH]ccc23)CC1,NC1(C(=O)NC(Cc2ccc(F)cc2)C(=O)C2CC2)CCN(c2ncnc3[nH]ccc23)CC1,7.597959722,0.770210886,Active,0.661764706,TRUE
NC(=O)c1c(N)ncnc1N1CCC(c2nc(-c3ccc(F)c(CC(F)(F)F)c3)cn2CCN2CCC2)CC1,NC(=O)c1c(N)ncnc1N1CCC(c2nc(-c3ccc(F)c(CC(F)(F)F)c3)cn2CCN2CCC2)CC1,7.331454249,0.770286763,Active,0.824324324,TRUE
Cc1cc(-c2cn(CCN(C)C)c(C3CCN(c4ncnc(N)c4C(N)=O)CC3)n2)cc(F)c1F,Cc1cc(-c2cn(CCN(C)C)c(C3CCN(c4ncnc(N)c4C(N)=O)CC3)n2)cc(F)c1F,7.178770057,0.770326996,Active,0.835616438,TRUE
COc1cc(-c2cn(CCN3CCC3)c(C3CCN(c4ncnc(N)c4C(F)(F)F)CC3)n2)ccc1Cl,COc1cc(-c2cn(CCN3CCC3)c(C3CCN(c4ncnc(N)c4C(F)(F)F)CC3)n2)ccc1Cl,7.624406496,0.770374382,Active,0.682926829,TRUE
NC(=O)C1(F)C(=O)Nc2ccc(-c3cncc(OCC(N)Cc4c[nH]c5ccccc45)c3)cc21,NC(=O)C1(F)C(=O)Nc2ccc(-c3cncc(OCC(N)Cc4c[nH]c5ccccc45)c3)cc21,8.009101477,0.770452166,Active,0.84057971,TRUE
Nc1[nH]nc2ccc(-c3cncc(OCC(N)Cc4ccccc4F)c3)cc12,Nc1[nH]nc2ccc(-c3cncc(OCC(N)Cc4ccccc4F)c3)cc12,7.195512494,0.770473981,Active,0.661538462,TRUE
CCN(CCn1cc(-c2cc(F)nc(F)c2)nc1C1CCN(c2ncnc(N)c2OC(C)C)CC1)CC(F)(F)F,CCN(CCn1cc(-c2cc(F)nc(F)c2)nc1C1CCN(c2ncnc(N)c2OC(C)C)CC1)CC(F)(F)F,7.386777582,0.77054956,Active,0.719512195,TRUE
Cn1c(CC(=O)N2CCc3c(-c4cccc(C5CC5)c4)cccc32)nc(N2CCOCC2)cc1=O,Cn1c(CC(=O)N2CCc3c(-c4cccc(C5CC5)c4)cccc32)nc(N2CCOCC2)cc1=O,7.254829961,0.770556295,Active,0.7,TRUE
Cn1c(CC(=O)N2CCc3c(Cl)cccc32)nc(N2CCOCC2)c(Cl)c1=O,Cn1c(CC(=O)N2CCc3c(Cl)cccc32)nc(N2CCOCC2)c(Cl)c1=O,7.408035688,0.770560706,Active,0.71875,TRUE
CNC(=O)c1[nH]nc2cnc(-c3cncc(OCC(N)Cc4c[nH]c5ccccc45)c3)cc12,CNC(=O)c1[nH]nc2cnc(-c3cncc(OCC(N)Cc4c[nH]c5ccccc45)c3)cc12,7.935425329,0.770615125,Active,0.684931507,TRUE
NC(=O)c1c(N)ncnc1N1CCC(c2nc(-c3ccc(F)c(Cl)c3)cn2CC2CNC2)CC1,NC(=O)c1c(N)ncnc1N1CCC(c2nc(-c3ccc(F)c(Cl)c3)cn2CC2CNC2)CC1,7.58673916,0.77073046,Active,0.815789474,TRUE
CC(C)c1c(N)ncnc1N1CCC(c2nc(-c3cccc(C#N)c3)cn2CCN2CCC2)CC1,CC(C)c1c(N)ncnc1N1CCC(c2nc(-c3cccc(C#N)c3)cn2CCN2CCC2)CC1,7.497522609,0.7707968,Active,0.675,TRUE
COCCCn1cc(-c2ccc(F)c(C(F)(F)F)c2)nc1C1CCN(c2ncnc(N)c2Br)CC1,COCCCn1cc(-c2ccc(F)c(C(F)(F)F)c2)nc1C1CCN(c2ncnc(N)c2Br)CC1,7.504911776,0.771023715,Active,0.786666667,TRUE
CN1CCC(n2cnnc2-c2nc(NC(=O)c3cc(-n4cnc(C5CC5)c4)c(Cl)cn3)cs2)C1,CN1CCC(n2cnnc2-c2nc(NC(=O)c3cc(-n4cnc(C5CC5)c4)c(Cl)cn3)cs2)C1,8.034428685,0.771056914,Active,0.695121951,TRUE
COc1ccc(C(=O)NC2CNCCC2c2cccc(F)c2)cc1-c1c(Cl)cnn1C,COc1ccc(C(=O)NC2CNCCC2c2cccc(F)c2)cc1-c1c(Cl)cnn1C,7.659445583,0.771095002,Active,0.76056338,TRUE
CC1Cc2ccc(F)cc2N1C(=O)Cc1nc(N2CCOCC2)c(Cc2ccccc2F)n1C,CC1Cc2ccc(F)cc2N1C(=O)Cc1nc(N2CCOCC2)c(Cc2ccccc2F)n1C,7.264376827,0.771183336,Active,0.618421053,TRUE
Cn1ncc(-c2ccccc2F)c1-c1cc(C(=O)NC2CNCCC2c2cccc(F)c2)no1,Cn1ncc(-c2ccccc2F)c1-c1cc(C(=O)NC2CNCCC2c2cccc(F)c2)no1,7.25164065,0.771312857,Active,0.625,TRUE
Cc1cc(-c2cn(CC3CNC3)c(C3CCN(c4ncnc(N)c4OC(C)C)CC3)n2)cnc1OC(F)F,Cc1cc(-c2cn(CC3CNC3)c(C3CCN(c4ncnc(N)c4OC(C)C)CC3)n2)cnc1OC(F)F,7.521987313,0.771624649,Active,0.7625,TRUE
CNC(=O)c1cc(C)c2nc(-c3ccc(C4(N)CCC4)cc3)c(-c3ccccc3)n2n1,CNC(=O)c1cc(C)c2nc(-c3ccc(C4(N)CCC4)cc3)c(-c3ccccc3)n2n1,7.540486585,0.771629596,Active,0.806451613,TRUE
O=C(Cc1nc(N2CCOCC2)cc(=O)n1-c1ccccc1Cl)N1CCc2c(F)cccc21,O=C(Cc1nc(N2CCOCC2)cc(=O)n1-c1ccccc1Cl)N1CCc2c(F)cccc21,7.320580089,0.771688724,Active,0.742424242,TRUE
CNC(=O)c1c(N)ncnc1N1CCC(c2nc(-c3cccc(Cl)c3)cn2CCN2CCCC2)CC1,CNC(=O)c1c(N)ncnc1N1CCC(c2nc(-c3cccc(Cl)c3)cn2CCN2CCCC2)CC1,7.036092248,0.771728599,Active,0.835616438,TRUE
Nc1cc(N2CCC(c3nc(-c4ccnc(C(F)F)c4)cn3CCN3CCC3)CC2)ncn1,Nc1cc(N2CCC(c3nc(-c4ccnc(C(F)F)c4)cn3CCN3CCC3)CC2)ncn1,7.680159085,0.771887326,Active,0.710144928,TRUE
Cn1ncc(F)c1-c1cccc(C(=O)NC2CNCCC2c2ccc(F)c(F)c2)c1,Cn1ncc(F)c1-c1cccc(C(=O)NC2CNCCC2c2ccc(F)c(F)c2)c1,7.63812693,0.771901155,Active,0.705882353,TRUE
NC(=O)c1cc(-c2cn(CCN3CCC3)c(C3CCN(c4ncnc(N)c4Br)CC3)n2)cnc1Cl,NC(=O)c1cc(-c2cn(CCN3CCC3)c(C3CCN(c4ncnc(N)c4Br)CC3)n2)cnc1Cl,7.54156549,0.771948659,Active,0.64556962,TRUE
CNC(=O)Cn1cc(-c2ccc(F)c(C(F)(F)F)c2)nc1C1CCN(c2ncnc(N)c2Br)CC1,CNC(=O)Cn1cc(-c2ccc(F)c(C(F)(F)F)c2)nc1C1CCN(c2ncnc(N)c2Br)CC1,8.175327804,0.772052729,Active,0.730769231,TRUE
NC(Cc1ccc(Cl)cc1)C(=O)N1CCN(c2ncnc3[nH]nc(Cl)c23)CC1,NC(Cc1ccc(Cl)cc1)C(=O)N1CCN(c2ncnc3[nH]nc(Cl)c23)CC1,7.782934418,0.772075558,Active,0.728813559,TRUE
Cn1ncc(Cl)c1-c1ccc(C(=O)NC2CNCCC2c2cnccn2)s1,Cn1ncc(Cl)c1-c1ccc(C(=O)NC2CNCCC2c2cnccn2)s1,7.909967345,0.772086704,Active,0.757575758,TRUE
Cn1ncc(Br)c1-c1ccc(C(=O)NC2CNCCC2c2ccc(Cl)c(F)c2)o1,Cn1ncc(Br)c1-c1ccc(C(=O)NC2CNCCC2c2ccc(Cl)c(F)c2)o1,7.597691052,0.772156918,Active,0.794117647,TRUE
Cn1cc(C2CCNCC2NC(=O)c2ccc(-c3c(Cl)cnn3C)s2)cn1,Cn1cc(C2CCNCC2NC(=O)c2ccc(-c3c(Cl)cnn3C)s2)cn1,7.869789012,0.772189462,Active,0.822580645,TRUE
Cn1ncc(Br)c1-c1oc(C(=O)NC2CNCCC2c2cc(F)c(F)c(F)c2)cc1Br,Cn1ncc(Br)c1-c1oc(C(=O)NC2CNCCC2c2cc(F)c(F)c(F)c2)cc1Br,7.394237597,0.772191668,Active,0.76119403,TRUE
Cn1cc(-c2cc(C(=O)NC3CNCCC3c3ccc(F)c(F)c3)ccc2F)nc1C1CC1,Cn1cc(-c2cc(C(=O)NC3CNCCC3c3ccc(F)c(F)c3)ccc2F)nc1C1CC1,7.366359232,0.772244775,Active,0.602739726,TRUE
CCc1cccc(CC(N)COc2cncc(-c3ccc4[nH]nc(C)c4c3)c2)c1,CCc1cccc(CC(N)COc2cncc(-c3ccc4[nH]nc(C)c4c3)c2)c1,7.932318166,0.77226218,Active,0.830508475,TRUE
NC(COc1cnc(-c2ccccc2)c(-c2ccc3[nH]nc(C(F)F)c3c2)c1)Cc1cccnc1,NC(COc1cnc(-c2ccccc2)c(-c2ccc3[nH]nc(C(F)F)c3c2)c1)Cc1cccnc1,7.419720058,0.772356892,Active,0.705882353,TRUE
O=C(NC1CNCCC1c1ccncc1)c1cc2c(s1)OCCn1nccc1-2,O=C(NC1CNCCC1c1ccncc1)c1cc2c(s1)OCCn1nccc1-2,8.225895638,0.772397065,Active,0.818181818,TRUE
CNC(=O)c1ccc(C)nc1N1CCC(c2nc(-c3ccnc(C(F)(F)F)c3)cn2CCN2CCCC2)CC1,CNC(=O)c1ccc(C)nc1N1CCC(c2nc(-c3ccnc(C(F)(F)F)c3)cn2CCN2CCCC2)CC1,7.297499221,0.772399628,Active,0.638554217,TRUE
Nc1ncnc(N2CCC(c3nc(-c4ccc(F)cc4)cn3CC3CNC3)CC2)c1Br,Nc1ncnc(N2CCC(c3nc(-c4ccc(F)cc4)cn3CC3CNC3)CC2)c1Br,7.777384687,0.772493804,Active,0.71641791,TRUE
O=C(NC(=O)c1cc(Br)c(-c2ccnc3[nH]ccc23)s1)c1cccs1,O=C(NC(=O)c1cc(Br)c(-c2ccnc3[nH]ccc23)s1)c1cccs1,7.400353187,0.772572482,Active,0.615384615,TRUE
N#Cc1c(N)ncnc1N1CCC(c2nc(-c3cncc(F)c3)cn2CCN2CCC2)CC1,N#Cc1c(N)ncnc1N1CCC(c2nc(-c3cncc(F)c3)cn2CCN2CCC2)CC1,7.631410728,0.772745335,Active,0.780821918,TRUE
CC1SCc2ncnc(N3CCC(N)(C(=O)NC(CC(N)=O)c4ccc(Cl)cc4)CC3)c21,CC1SCc2ncnc(N3CCC(N)(C(=O)NC(CC(N)=O)c4ccc(Cl)cc4)CC3)c21,7.195640617,0.772919679,Active,0.638888889,TRUE
CCOc1c(F)c(N2CCOCC2)nc(CC(=O)N2c3cc(F)c(F)cc3CC2C)c1Cl,CCOc1c(F)c(N2CCOCC2)nc(CC(=O)N2c3cc(F)c(F)cc3CC2C)c1Cl,7.514608609,0.772950673,Active,0.625,TRUE
CNCCn1cc(-c2ccc(F)c(Cl)c2)nc1C1CCN(c2ncnc(N)c2C(N)=O)CC1,CNCCn1cc(-c2ccc(F)c(Cl)c2)nc1C1CCN(c2ncnc(N)c2C(N)=O)CC1,7.707441252,0.772977734,Active,0.849315068,TRUE
CC1Cc2c(ccc(F)c2F)N1C(=O)Cc1nc(N2CCCCC2)cc(=O)n1C,CC1Cc2c(ccc(F)c2F)N1C(=O)Cc1nc(N2CCCCC2)cc(=O)n1C,7.411056003,0.773115838,Active,0.838709677,TRUE
Cn1cnc(-c2cc(OCC(N)Cc3c[nH]c4ccccc34)cnc2-c2ccoc2)c1,Cn1cnc(-c2cc(OCC(N)Cc3c[nH]c4ccccc34)cnc2-c2ccoc2)c1,7.57154585,0.773145044,Active,0.714285714,TRUE
O=C(NCCO)c1cc(Br)c(-c2ccnc3[nH]ccc23)s1,O=C(NCCO)c1cc(Br)c(-c2ccnc3[nH]ccc23)s1,7.323405953,0.773160064,Active,0.672131148,TRUE
Cn1c(CC(=O)N2CCc3c(Cl)cccc32)nc(N2CCOCC2)c(Br)c1=O,Cn1c(CC(=O)N2CCc3c(Cl)cccc32)nc(N2CCOCC2)c(Br)c1=O,7.428449932,0.773216331,Active,0.696969697,TRUE
O=C(NC1CCN(c2ncnc3[nH]cc(Cl)c23)C1)c1ccc(F)cc1F,O=C(NC1CCN(c2ncnc3[nH]cc(Cl)c23)C1)c1ccc(F)cc1F,7.14395876,0.77323606,Active,0.611111111,TRUE
NCC(NC(=O)C1(N)CCN(c2ncnc3[nH]ccc23)CC1)c1ccc(F)cc1,NCC(NC(=O)C1(N)CCN(c2ncnc3[nH]ccc23)CC1)c1ccc(F)cc1,7.586676805,0.773247147,Active,0.833333333,TRUE
O=C(NC1CNCCC1c1ccc(F)c(F)c1)c1cc(-c2csnn2)c(Cl)o1,O=C(NC1CNCCC1c1ccc(F)c(F)c1)c1cc(-c2csnn2)c(Cl)o1,7.700313513,0.773310745,Active,0.648648649,TRUE
Cn1nc(C(F)(F)F)cc1-c1cc(C(=O)NC2CNCCC2c2ccccc2)oc1Cl,Cn1nc(C(F)(F)F)cc1-c1cc(C(=O)NC2CNCCC2c2ccccc2)oc1Cl,7.556899033,0.773436093,Active,0.690140845,TRUE
O=C(Cc1nc(N2CCOCC2)cc(=O)n1-c1ccccc1)N1CCc2ccc(F)cc21,O=C(Cc1nc(N2CCOCC2)cc(=O)n1-c1ccccc1)N1CCc2ccc(F)cc21,7.21876489,0.773493195,Active,0.819672131,TRUE
Fc1ccc(-c2cn(CCN3CCC3)c(C3CCN(c4cc(Cl)ncn4)CC3)n2)cc1C(F)(F)F,Fc1ccc(-c2cn(CCN3CCC3)c(C3CCN(c4cc(Cl)ncn4)CC3)n2)cc1C(F)(F)F,7.204414745,0.773512685,Active,0.823529412,TRUE
Cc1nc(NC2CC2)c2cc(-c3cncc(OCC(N)Cc4c[nH]c5ccccc45)c3)ccc2n1,Cc1nc(NC2CC2)c2cc(-c3cncc(OCC(N)Cc4c[nH]c5ccccc45)c3)ccc2n1,7.113881804,0.773519003,Active,0.636363636,TRUE
Cn1ncc(Cl)c1-c1oc(C(=O)NC(CN)Cc2ccc(F)c(F)c2)nc1C1CC1,Cn1ncc(Cl)c1-c1oc(C(=O)NC(CN)Cc2ccc(F)c(F)c2)nc1C1CC1,7.367395069,0.7735677,Active,0.648648649,TRUE
CC(C)NCCn1cc(-c2ccnc(C(F)(F)F)c2)nc1C1CCN(c2ncnc(N)c2C(F)(F)F)CC1,CC(C)NCCn1cc(-c2ccnc(C(F)(F)F)c2)nc1C1CCN(c2ncnc(N)c2C(F)(F)F)CC1,7.722176643,0.773589575,Active,0.714285714,TRUE
Cn1nccc1-c1ncc(C(=O)NC2CNCCC2c2ccc(F)c(F)c2)s1,Cn1nccc1-c1ncc(C(=O)NC2CNCCC2c2ccc(F)c(F)c2)s1,7.198081339,0.773598456,Active,0.710144928,TRUE
Cn1nccc1-c1ccc(C(=O)NC2CNCC2c2cccc(F)c2)s1,Cn1nccc1-c1ccc(C(=O)NC2CNCC2c2cccc(F)c2)s1,7.442653021,0.773638749,Active,0.85483871,TRUE
O=C(NCc1ccco1)c1cc(Br)c(-c2ccnc3[nH]ccc23)s1,O=C(NCc1ccco1)c1cc(Br)c(-c2ccnc3[nH]ccc23)s1,7.541311345,0.773658359,Active,0.636363636,TRUE
COc1cc(NC(=O)c2ccc3nc(-c4ccc(C5(N)CCC5)cc4)c(-c4ccccc4)n3n2)c(OC)cc1Cl,COc1cc(NC(=O)c2ccc3nc(-c4ccc(C5(N)CCC5)cc4)c(-c4ccccc4)n3n2)c(OC)cc1Cl,7.411521311,0.773818398,Active,0.695652174,TRUE
Cc1[nH]nc2ncc(-c3cncc(OCC(N)Cc4ccc(F)c(C(F)(F)F)c4)c3)cc12,Cc1[nH]nc2ncc(-c3cncc(OCC(N)Cc4ccc(F)c(C(F)(F)F)c4)c3)cc12,7.930370409,0.773826981,Active,0.735294118,TRUE
Nc1ncnc(N2CCC(c3nc(-c4ccc(F)c(C(F)(F)F)c4)cn3CCNC(=O)C(F)(F)F)CC2)c1F,Nc1ncnc(N2CCC(c3nc(-c4ccc(F)c(C(F)(F)F)c4)cn3CCNC(=O)C(F)(F)F)CC2)c1F,7.522321658,0.773851299,Active,0.7375,TRUE
N#CCC(NC(=O)C1(N)CCN(c2ncnc3c2C2(CCO3)CC2)CC1)c1ccc(Cl)cc1,N#CCC(NC(=O)C1(N)CCN(c2ncnc3c2C2(CCO3)CC2)CC1)c1ccc(Cl)cc1,7.019942008,0.773889983,Active,0.662162162,TRUE
NC(=O)c1cnc(N2CCC(c3nc(-c4ccc(F)c(Cl)c4)cn3CCN3CCCC3)CC2)nc1C1CC1,NC(=O)c1cnc(N2CCC(c3nc(-c4ccc(F)c(Cl)c4)cn3CCN3CCCC3)CC2)nc1C1CC1,7.798133491,0.773982549,Active,0.666666667,TRUE
NC(COc1cncc(-c2ccc3[nH]ncc3c2)c1)Cc1cccc(F)c1,NC(COc1cncc(-c2ccc3[nH]ncc3c2)c1)Cc1cccc(F)c1,7.454269498,0.774004185,Active,0.714285714,TRUE
O=C(Cc1nc(N2CCOCC2)cc(=O)n1-c1ccc(F)c(Cl)c1)N1CCc2c(F)cccc21,O=C(Cc1nc(N2CCOCC2)cc(=O)n1-c1ccc(F)c(Cl)c1)N1CCc2c(F)cccc21,7.297821957,0.774007225,Active,0.710144928,TRUE
COc1cccc(F)c1C(CN1CCC1)Nc1ncnc2c(C(N)=O)cccc12,COc1cccc(F)c1C(CN1CCC1)Nc1ncnc2c(C(N)=O)cccc12,7.428323853,0.774039948,Active,0.707692308,TRUE
Nc1cc(N2CCC(c3nc(-c4ccnc(C(F)(F)F)c4)cn3CCN3CCC3)CC2)ncn1,Nc1cc(N2CCC(c3nc(-c4ccnc(C(F)(F)F)c4)cn3CCN3CCC3)CC2)ncn1,7.508613832,0.774134183,Active,0.757142857,TRUE
NC(=O)c1cccc2c(NC(CN3CCC3)c3cc(F)cc(F)c3)nc(Cl)nc12,NC(=O)c1cccc2c(NC(CN3CCC3)c3cc(F)cc(F)c3)nc(Cl)nc12,7.75914577,0.774179304,Active,0.666666667,TRUE
Cn1ncc(Cl)c1-c1csc(C(=O)NC2CNCCC2c2nc(-c3cccc(F)c3)co2)c1,Cn1ncc(Cl)c1-c1csc(C(=O)NC2CNCCC2c2nc(-c3cccc(F)c3)co2)c1,7.846311415,0.774297082,Active,0.753246753,TRUE
Cn1ncc(Br)c1-c1ccc(C(=O)NC2CNCCC2c2cccc(F)n2)s1,Cn1ncc(Br)c1-c1ccc(C(=O)NC2CNCCC2c2cccc(F)n2)s1,8.163117544,0.774459207,Active,0.746478873,TRUE
CCN=c1sc(-c2ccc(C(=O)NC3CNCCC3c3cccc(F)c3)s2)nn1C,CCN=c1sc(-c2ccc(C(=O)NC3CNCCC3c3cccc(F)c3)s2)nn1C,7.274599519,0.774576271,Active,0.675324675,TRUE
Cn1nccc1-c1ccc(C(=O)NC2CNCC2c2cc(F)cc(F)c2)s1,Cn1nccc1-c1ccc(C(=O)NC2CNCC2c2cc(F)cc(F)c2)s1,7.318044436,0.774634326,Active,0.723076923,TRUE
NC1(C(=O)NCc2ccc(-c3nccs3)s2)CCN(c2ncnc3[nH]ccc23)CC1,NC1(C(=O)NCc2ccc(-c3nccs3)s2)CCN(c2ncnc3[nH]ccc23)CC1,7.322254651,0.774697924,Active,0.617647059,TRUE
CCOc1c(N)ncnc1N1CCC(c2nc(-c3cccc(F)c3)cn2CCN(C)C)CC1,CCOc1c(N)ncnc1N1CCC(c2nc(-c3cccc(F)c3)cn2CCN(C)C)CC1,7.672436901,0.774721766,Active,0.794520548,TRUE
Cn1ncc(Br)c1-c1ccc(C(=O)NC2CNCC2c2cncc(F)c2)s1,Cn1ncc(Br)c1-c1ccc(C(=O)NC2CNCC2c2cncc(F)c2)s1,7.858744255,0.774746084,Active,0.728571429,TRUE
N#Cc1c[nH]c2ncnc(N3CCN(C(=O)C(N)Cc4ccc(Cl)cc4)CC3)c12,N#Cc1c[nH]c2ncnc(N3CCN(C(=O)C(N)Cc4ccc(Cl)cc4)CC3)c12,8.214553494,0.774920607,Active,0.783333333,TRUE
CC(C)NCCn1cc(-c2cccc(C(N)=O)c2)nc1C1CCN(c2ncnc(N)c2F)CC1,CC(C)NCCn1cc(-c2cccc(C(N)=O)c2)nc1C1CCN(c2ncnc(N)c2F)CC1,7.498434662,0.774926329,Active,0.703703704,TRUE
O=C(Cc1nc(=O)cc(N2CCOCC2)[nH]1)N1CCc2c(OCC3CC3)cccc21,O=C(Cc1nc(=O)cc(N2CCOCC2)[nH]1)N1CCc2c(OCC3CC3)cccc21,7.281031836,0.774940693,Active,0.608108108,TRUE
Cc1cc(-c2cn(CC3CCNC3)c(C3CCN(c4ncnc(N)c4Cl)CC3)n2)cn1C,Cc1cc(-c2cn(CC3CCNC3)c(C3CCN(c4ncnc(N)c4Cl)CC3)n2)cn1C,7.550576099,0.774971867,Active,0.604938272,TRUE
Nc1ncnc(N2CCC(c3nc(-c4ccc(F)c(F)c4)cn3CCN3CCC3)CC2)c1N=O,Nc1ncnc(N2CCC(c3nc(-c4ccc(F)c(F)c4)cn3CCN3CCC3)CC2)c1N=O,7.780066863,0.774978364,Active,0.771428571,TRUE
NC(COc1cncc(-c2ccc3[nH]ncc3c2)c1)Cc1c(F)cc(F)cc1F,NC(COc1cncc(-c2ccc3[nH]ncc3c2)c1)Cc1c(F)cc(F)cc1F,7.072759755,0.775047743,Active,0.704918033,TRUE
Cn1cc(-c2cn(CCN3CCC3)c(C3CCN(c4ncnc(N)c4Br)CC3)n2)cc1Cl,Cn1cc(-c2cn(CCN3CCC3)c(C3CCN(c4ncnc(N)c4Br)CC3)n2)cc1Cl,7.824474641,0.775114918,Active,0.708333333,TRUE
Cc1cc(-c2cn(CCN3CCC(N)C3)c(C3CCN(c4cc(N)ncn4)CC3)n2)ccc1F,Cc1cc(-c2cn(CCN3CCC(N)C3)c(C3CCN(c4cc(N)ncn4)CC3)n2)ccc1F,7.633634735,0.775213981,Active,0.704225352,TRUE
COc1c(N)ncnc1N1CCC(c2nc(-c3cc(O)c(F)c(F)c3)cn2CC2CNC2)CC1,COc1c(N)ncnc1N1CCC(c2nc(-c3cc(O)c(F)c(F)c3)cn2CC2CNC2)CC1,7.670871054,0.775246108,Active,0.75,TRUE
CC1SCc2ncnc(N3CCN(C(=O)C(N)Cc4ccc(C(=O)NCCCN)c(F)c4)CC3)c21,CC1SCc2ncnc(N3CCN(C(=O)C(N)Cc4ccc(C(=O)NCCCN)c(F)c4)CC3)c21,7.284585247,0.775313878,Active,0.753424658,TRUE
Cc1cc(F)ccc1-n1c(CC(=O)N2CCc3c(N)cccc32)nc(N2CCOCC2)cc1=O,Cc1cc(F)ccc1-n1c(CC(=O)N2CCc3c(N)cccc32)nc(N2CCOCC2)cc1=O,7.389279397,0.775386238,Active,0.630136986,TRUE
Nc1ncnc(N2CCC(c3nc(-c4ccc(F)nc4)cn3CC3CC3)CC2)c1Br,Nc1ncnc(N2CCC(c3nc(-c4ccc(F)nc4)cn3CC3CC3)CC2)c1Br,7.553417574,0.775405908,Active,0.628571429,TRUE
COc1c(N2CCOCC2)nc(CC(=O)N2CCc3c(Cl)cccc32)n(C)c1=O,COc1c(N2CCOCC2)nc(CC(=O)N2CCc3c(Cl)cccc32)n(C)c1=O,7.264275541,0.775436246,Active,0.676470588,TRUE
CN(CCn1cc(-c2cccc(Cl)c2)nc1C1CCN(c2ncnc(N)c2C(N)=O)CC1)CC(F)(F)F,CN(CCn1cc(-c2cccc(Cl)c2)nc1C1CCN(c2ncnc(N)c2C(N)=O)CC1)CC(F)(F)F,7.132702908,0.775510216,Active,0.725,TRUE
Cc1c(N)ncnc1N1CCC(c2nc(-c3cccc(C#N)c3)cn2CCN2CCCC2)CC1,Cc1c(N)ncnc1N1CCC(c2nc(-c3cccc(C#N)c3)cn2CCN2CCCC2)CC1,7.541853345,0.775554323,Active,0.706666667,TRUE
Cn1nccc1-c1cc(C(=O)NC2CNCCC2c2ccc(F)c(F)c2)oc1Cl,Cn1nccc1-c1cc(C(=O)NC2CNCCC2c2ccc(F)c(F)c2)oc1Cl,7.804067068,0.775567436,Active,0.768115942,TRUE
Cn1ncc(Br)c1-c1ccc(C(=O)NC2CNCCC2c2ccc(F)c(Br)c2)o1,Cn1ncc(Br)c1-c1ccc(C(=O)NC2CNCCC2c2ccc(F)c(Br)c2)o1,7.341456069,0.77556839,Active,0.803030303,TRUE
Cn1nccc1-c1ccc(-c2cn3cc(C(=O)NC4CNCCC4c4cccc(F)c4)nc3s2)cn1,Cn1nccc1-c1ccc(-c2cn3cc(C(=O)NC4CNCCC4c4cccc(F)c4)nc3s2)cn1,7.4187724,0.775602067,Active,0.701298701,TRUE
NC1(C(=O)Nc2ccc(F)c(Cl)c2)CCN(c2ncnc3[nH]ccc23)CC1,NC1(C(=O)Nc2ccc(F)c(Cl)c2)CCN(c2ncnc3[nH]ccc23)CC1,7.357289624,0.775644743,Active,0.625,TRUE
NC(=O)c1c(N)ncnc1N1CCC(c2nc(-c3ccnc(C(F)(F)F)c3)cn2CCNC2CC2)CC1,NC(=O)c1c(N)ncnc1N1CCC(c2nc(-c3ccnc(C(F)(F)F)c3)cn2CCNC2CC2)CC1,7.432782552,0.77573123,Active,0.802631579,TRUE
Nc1ncnc(N2CCC(c3nc(-c4ccccc4F)cn3CCN3CCC3)CC2)c1OCC(F)(F)F,Nc1ncnc(N2CCC(c3nc(-c4ccccc4F)cn3CCN3CCC3)CC2)c1OCC(F)(F)F,7.529645945,0.775794053,Active,0.739726027,TRUE
CCc1cncnc1N1CCC(c2nc(-c3ccc(F)c(F)c3)cn2CCN2CCC2)CC1,CCc1cncnc1N1CCC(c2nc(-c3ccc(F)c(F)c3)cn2CCN2CCC2)CC1,7.093104698,0.775799358,Active,0.732394366,TRUE
NC1(C(=O)NC(CCCN2CCCC2)c2ccc(F)cc2)CCN(c2ncnc3c2CCC3)CC1,NC1(C(=O)NC(CCCN2CCCC2)c2ccc(F)cc2)CCN(c2ncnc3c2CCC3)CC1,7.178923276,0.775855446,Active,0.623376623,TRUE
CC(C)CC(NC(=O)C1(N)CCN(c2ncnc3[nH]ccc23)CC1)C(=O)NCc1ccc(F)cc1,CC(C)CC(NC(=O)C1(N)CCN(c2ncnc3[nH]ccc23)CC1)C(=O)NCc1ccc(F)cc1,7.326100239,0.775939131,Active,0.772727273,TRUE
Cc1[nH]nc2cnc(-c3cncc(OCC(N)Cc4ccc(Br)cc4)c3)nc12,Cc1[nH]nc2cnc(-c3cncc(OCC(N)Cc4ccc(Br)cc4)c3)nc12,7.356707041,0.776215339,Active,0.606060606,TRUE
Cc1cc(C2CCNCC2NC(=O)c2ccc(-c3c(Br)cnn3C)o2)ccc1F,Cc1cc(C2CCNCC2NC(=O)c2ccc(-c3c(Br)cnn3C)o2)ccc1F,7.297192964,0.776389742,Active,0.779411765,TRUE
Cc1c[nH]c2ncnc(N3CCN(C(=O)C(CN)c4ccc(F)cc4)CC3)c12,Cc1c[nH]c2ncnc(N3CCN(C(=O)C(CN)c4ccc(F)cc4)CC3)c12,8.127633301,0.776403272,Active,0.721311475,TRUE
NC1(CNC(=O)c2ccc(F)c(Cl)c2)CCN(c2ncnc3[nH]nc(Cl)c23)C1,NC1(CNC(=O)c2ccc(F)c(Cl)c2)CCN(c2ncnc3[nH]nc(Cl)c23)C1,7.363633794,0.776407743,Active,0.633802817,TRUE
Cc1nc(C(=O)NC2CNCCC2c2ccc(Cl)cc2)oc1-c1c(Cl)cnn1C,Cc1nc(C(=O)NC2CNCCC2c2ccc(Cl)cc2)oc1-c1c(Cl)cnn1C,7.396038895,0.776436114,Active,0.7,TRUE
NC(COc1cncc(-c2ccc3[nH]nc(N4CCOCC4)c3c2)c1)Cc1ccccc1F,NC(COc1cncc(-c2ccc3[nH]nc(N4CCOCC4)c3c2)c1)Cc1ccccc1F,7.358083058,0.776437366,Active,0.630136986,TRUE
CCOc1c(N2CCOCC2)nc(CC(=O)N2CCc3c(Br)cccc32)n(C)c1=O,CCOc1c(N2CCOCC2)nc(CC(=O)N2CCc3c(Br)cccc32)n(C)c1=O,7.431598562,0.7764835,Active,0.661764706,TRUE
Cn1ncc(Cl)c1-c1cc(C(=O)NC2CNCCC2c2ccc(F)cc2)oc1C1CC1,Cn1ncc(Cl)c1-c1cc(C(=O)NC2CNCCC2c2ccc(F)cc2)oc1C1CC1,7.415746774,0.776812279,Active,0.728571429,TRUE
Cn1cc(Cl)c(-c2ccc(C(=O)NC3CNCCC3c3cccc(F)c3)cc2)n1,Cn1cc(Cl)c(-c2ccc(C(=O)NC3CNCCC3c3cccc(F)c3)cc2)n1,7.259940592,0.776833141,Active,0.720588235,TRUE
CCOc1cc(-c2cn(CC3CC3)c(C3CCN(c4ncnc(N)c4C(N)=O)CC3)n2)ccc1F,CCOc1cc(-c2cn(CC3CC3)c(C3CCN(c4ncnc(N)c4C(N)=O)CC3)n2)ccc1F,7.424365351,0.776884282,Active,0.716049383,TRUE
CCOc1c(N)ncnc1N1CCC(c2nc(-c3ccc(F)cc3)cn2CCN2CCC2)CC1,CCOc1c(N)ncnc1N1CCC(c2nc(-c3ccc(F)cc3)cn2CCN2CCC2)CC1,7.838770827,0.776924336,Active,0.814285714,TRUE
Cn1ncc(-c2ccc(C(=O)NC3CNCCC3c3cccc(F)c3)cc2)c1C1CC1,Cn1ncc(-c2ccc(C(=O)NC3CNCCC3c3cccc(F)c3)cc2)c1C1CC1,7.398079579,0.776985431,Active,0.724637681,TRUE
CCc1nc(-c2ccc(C(=O)NC3CNCCC3c3cccc(F)c3)s2)nn1C,CCc1nc(-c2ccc(C(=O)NC3CNCCC3c3cccc(F)c3)s2)nn1C,7.055933653,0.776991332,Active,0.716216216,TRUE
CC(NC(=O)C1(N)CCN(c2ncnc3[nH]c4c(c23)CCCC4)CC1)c1ccc(F)cc1,CC(NC(=O)C1(N)CCN(c2ncnc3[nH]c4c(c23)CCCC4)CC1)c1ccc(F)cc1,7.516594567,0.777058744,Active,0.656716418,TRUE
NC1(c2ccc(-c3nc4ccc(C(=O)NCc5ccco5)nn4c3-c3ccccc3)cc2)CCC1,NC1(c2ccc(-c3nc4ccc(C(=O)NCc5ccco5)nn4c3-c3ccccc3)cc2)CCC1,7.47684342,0.777183259,Active,0.746268657,TRUE
Cc1cc(-c2c(-c3cc(Cl)c(C(=O)NC4CNCCC4c4ccc(F)c(F)c4)o3)cnn2C)on1,Cc1cc(-c2c(-c3cc(Cl)c(C(=O)NC4CNCCC4c4ccc(F)c(F)c4)o3)cnn2C)on1,7.516654341,0.777211809,Active,0.62195122,TRUE
Cc1cc(-c2cn(CCC(=O)N3CCCC3)c(C3CCN(c4cc(N)ncn4)CC3)n2)ccc1F,Cc1cc(-c2cn(CCC(=O)N3CCCC3)c(C3CCN(c4cc(N)ncn4)CC3)n2)ccc1F,7.55640113,0.777274334,Active,0.662162162,TRUE
COc1ccc(CCNC(=O)c2ccc3nc(-c4ccc(C5(N)CCC5)cc4)c(-c4ccccc4)n3n2)cc1OC,COc1ccc(CCNC(=O)c2ccc3nc(-c4ccc(C5(N)CCC5)cc4)c(-c4ccccc4)n3n2)cc1OC,7.284258262,0.777351463,Active,0.722222222,TRUE
N#Cc1c(N)ncnc1N1CCC(c2nc(-c3ccnc(C(F)(F)F)c3)nn2CCN2CCCC2)CC1,N#Cc1c(N)ncnc1N1CCC(c2nc(-c3ccnc(C(F)(F)F)c3)nn2CCN2CCCC2)CC1,7.423454027,0.777360523,Active,0.717948718,TRUE
CC(NC(=O)C1(F)CCN(c2ncnc3[nH]cc(Cl)c23)CC1)c1ccc(F)cc1,CC(NC(=O)C1(F)CCN(c2ncnc3[nH]cc(Cl)c23)CC1)c1ccc(F)cc1,7.571595971,0.777369285,Active,0.71875,TRUE
Cc1cc(-c2cn(CCN(C)C)c(C3CCN(c4ncccc4C#N)CC3)n2)ccc1F,Cc1cc(-c2cn(CCN(C)C)c(C3CCN(c4ncccc4C#N)CC3)n2)ccc1F,7.435058786,0.777394021,Active,0.710526316,TRUE
Cn1nccc1-c1cc(F)c(C(=O)NC2CNCCC2c2cncc(F)c2)c(F)c1,Cn1nccc1-c1cc(F)c(C(=O)NC2CNCCC2c2cncc(F)c2)c(F)c1,7.419304119,0.777424538,Active,0.819672131,TRUE
Cn1ncc2cc(-c3cncc(OCC(N)Cc4ccc(F)c(F)c4F)c3)ccc21,Cn1ncc2cc(-c3cncc(OCC(N)Cc4ccc(F)c(F)c4F)c3)ccc21,7.224345522,0.77747699,Active,0.611940299,TRUE
Cc1cc(N2CCC(c3nc(-c4ccc(F)c(C)c4)cn3CCN3CCCC3)CC2)ncn1,Cc1cc(N2CCC(c3nc(-c4ccc(F)c(C)c4)cn3CCN3CCCC3)CC2)ncn1,7.416287695,0.777511084,Active,0.71641791,TRUE
O=C(NC1CNCCC1c1cccc(F)c1)c1ccc(-c2nc3ccc(Cl)cc3nc2Cl)s1,O=C(NC1CNCCC1c1cccc(F)c1)c1ccc(-c2nc3ccc(Cl)cc3nc2Cl)s1,7.660992549,0.777710581,Active,0.615384615,TRUE
NC(=O)c1cc(F)cc(-c2cn(CCN3CCC3)c(C3CCN(c4ncnc(N)c4Cl)CC3)n2)c1,NC(=O)c1cc(F)cc(-c2cn(CCN3CCC3)c(C3CCN(c4ncnc(N)c4Cl)CC3)n2)c1,7.589923641,0.777747715,Active,0.739726027,TRUE
Cn1nccc1-c1ccc(C(=O)NC2CNCCC2c2ccncc2)s1,Cn1nccc1-c1ccc(C(=O)NC2CNCCC2c2ccncc2)s1,7.40040335,0.777895832,Active,0.830508475,TRUE
O=C(NCc1ccc(Cl)cc1)NCC1CCN(c2ncnc3[nH]ccc23)C1,O=C(NCc1ccc(Cl)cc1)NCC1CCN(c2ncnc3[nH]ccc23)C1,7.348015596,0.777929986,Active,0.661290323,TRUE
Cn1ncc(Cl)c1-c1cc(C(=O)NC2CNCCC2c2ccc(F)c(F)c2)ccc1F,Cn1ncc(Cl)c1-c1cc(C(=O)NC2CNCCC2c2ccc(F)c(F)c2)ccc1F,7.485304538,0.777958477,Active,0.828125,TRUE
CNC(=O)Oc1ccc2nc(-c3ccc(C4(N)CCC4)cc3)c(-c3ccccc3)n2n1,CNC(=O)Oc1ccc2nc(-c3ccc(C4(N)CCC4)cc3)c(-c3ccccc3)n2n1,7.42091665,0.778006577,Active,0.728813559,TRUE
Cn1nccc1-c1ccc(C(=O)NC2CNCCC2c2cccc(F)c2)c(F)c1,Cn1nccc1-c1ccc(C(=O)NC2CNCCC2c2cccc(F)c2)c(F)c1,7.605268053,0.778174186,Active,0.852459016,TRUE
N#Cc1cc(Br)cn2c(-c3ccccc3)c(-c3ccc(C4(N)CCC4)cc3)nc12,N#Cc1cc(Br)cn2c(-c3ccccc3)c(-c3ccc(C4(N)CCC4)cc3)nc12,7.4480706,0.778218532,Active,0.719298246,TRUE
Nc1cc(N2CCC(c3nc(-c4cc(F)c(Cl)cc4F)cn3CCN3CCC3)CC2)ncn1,Nc1cc(N2CCC(c3nc(-c4cc(F)c(Cl)cc4F)cn3CCN3CCC3)CC2)ncn1,7.474605927,0.778241599,Active,0.68115942,TRUE
CC(n1cnnc1-c1nc(NC(=O)c2cc(C3CC3)c(N3CCOCC3)cn2)cs1)C(F)(F)F,CC(n1cnnc1-c1nc(NC(=O)c2cc(C3CC3)c(N3CCOCC3)cn2)cs1)C(F)(F)F,7.748863138,0.778364384,Active,0.7,TRUE
CN(C)CCn1cc(-c2cc(F)c(F)c(F)c2)nc1C1CCN(c2ncnc(N)c2Cl)CC1F,CN(C)CCn1cc(-c2cc(F)c(F)c(F)c2)nc1C1CCN(c2ncnc(N)c2Cl)CC1F,7.883500239,0.77839371,Active,0.808219178,TRUE
Cc1ccccc1Cc1c(N2CCOCC2)nc(CC(=O)N2CCc3c(F)cccc32)n1C,Cc1ccccc1Cc1c(N2CCOCC2)nc(CC(=O)N2CCc3c(F)cccc32)n1C,7.242230509,0.778659666,Active,0.695652174,TRUE
NC(=O)c1c(N)ncnc1N1CCC(c2nc(-c3ccc(F)c(C(F)(F)F)c3)cn2CCN2CCCC(F)C2)CC1,NC(=O)c1c(N)ncnc1N1CCC(c2nc(-c3ccc(F)c(C(F)(F)F)c3)cn2CCN2CCCC(F)C2)CC1,7.324927606,0.778748775,Active,0.87012987,TRUE
Cn1ncc(C#N)c1-c1cc(C(=O)NC2CNCCC2c2ccccc2)oc1Cl,Cn1ncc(C#N)c1-c1cc(C(=O)NC2CNCCC2c2ccccc2)oc1Cl,7.493505887,0.778782749,Active,0.805970149,TRUE
Nc1ncnc(N2CCC(c3nc(-c4ccc(C(F)(F)F)nc4)cn3CCN3CCC3)CC2)c1Cl,Nc1ncnc(N2CCC(c3nc(-c4ccc(C(F)(F)F)nc4)cn3CCN3CCC3)CC2)c1Cl,7.731871867,0.77885654,Active,0.788732394,TRUE
Cn1ncc(Br)c1-c1sc(C(=O)NC2CNCCC2c2ccc(F)cc2)cc1Cl,Cn1ncc(Br)c1-c1sc(C(=O)NC2CNCCC2c2ccc(F)cc2)cc1Cl,8.055138398,0.778903389,Active,0.631578947,TRUE
N#Cc1cc(Cl)cc(N2CCC(c3nc(-c4ccc(F)c(F)c4)cn3CCN3CCCC3)CC2)c1Cl,N#Cc1cc(Cl)cc(N2CCC(c3nc(-c4ccc(F)c(F)c4)cn3CCN3CCCC3)CC2)c1Cl,7.192977214,0.779019678,Active,0.635135135,TRUE
Cc1cc(-c2cn(CC3CCC3)c(C3CCN(c4ncnc(N)c4C#N)CC3)n2)cc(C)c1F,Cc1cc(-c2cn(CC3CCC3)c(C3CCN(c4ncnc(N)c4C#N)CC3)n2)cc(C)c1F,7.384227509,0.779028559,Active,0.72,TRUE
Cn1nccc1-c1ccc(C(=O)NC2CNCCC2c2cc(F)cc(Br)c2)c(F)c1,Cn1nccc1-c1ccc(C(=O)NC2CNCCC2c2cc(F)cc(Br)c2)c(F)c1,7.293161453,0.779251957,Active,0.885245902,TRUE
N#Cc1ccc(-c2cn(CCN3CCC3)c(C3CCN(c4ncnc(N)c4C(F)(F)F)CC3)n2)cc1F,N#Cc1ccc(-c2cn(CCN3CCC3)c(C3CCN(c4ncnc(N)c4C(F)(F)F)CC3)n2)cc1F,7.462707726,0.779345119,Active,0.723684211,TRUE
O=C(NC1CNCCC1c1cc(F)cc(F)c1)c1ccc2c(c1)-c1nc(C(F)(F)F)nn1CCO2,O=C(NC1CNCCC1c1cc(F)cc(F)c1)c1ccc2c(c1)-c1nc(C(F)(F)F)nn1CCO2,8.278082616,0.779600465,Active,0.653333333,TRUE
Cn1nc(-c2ccc(C(=O)NC3CNCCC3c3cccc(F)c3)cc2)cc1-c1cnco1,Cn1nc(-c2ccc(C(=O)NC3CNCCC3c3cccc(F)c3)cc2)cc1-c1cnco1,7.127352094,0.779660368,Active,0.615384615,TRUE
Cn1c(CC(=O)N2CC(C)(C)c3cc(F)c(F)cc32)nc(N2CCOCC2)cc1=O,Cn1c(CC(=O)N2CC(C)(C)c3cc(F)c(F)cc32)nc(N2CCOCC2)cc1=O,7.152889245,0.779681885,Active,0.75,TRUE
Cc1[nH]nc2cnc(-c3cncc(OCC(N)Cc4ccsc4)c3)cc12,Cc1[nH]nc2cnc(-c3cncc(OCC(N)Cc4ccsc4)c3)cc12,7.831679645,0.779853427,Active,0.606060606,TRUE
Cn1nccc1-c1cc(F)c(C(=O)NC2CNCCC2c2ccc(F)c(F)c2)cc1Cl,Cn1nccc1-c1cc(F)c(C(=O)NC2CNCCC2c2ccc(F)c(F)c2)cc1Cl,7.393828683,0.779912913,Active,0.857142857,TRUE
Cn1ncc(Br)c1-c1cc(C(=O)NC2CNCCC2c2ccc(F)cc2F)oc1Cl,Cn1ncc(Br)c1-c1cc(C(=O)NC2CNCCC2c2ccc(F)cc2F)oc1Cl,7.807899127,0.779995346,Active,0.649350649,TRUE
CCN(C)CCNCCn1cc(-c2ccc(F)c(C(F)(F)F)c2)nc1C1CCN(c2ncnc(N)c2F)CC1,CCN(C)CCNCCn1cc(-c2ccc(F)c(C(F)(F)F)c2)nc1C1CCN(c2ncnc(N)c2F)CC1,7.442605253,0.780054712,Active,0.714285714,TRUE
O=C(NC1CN(c2ncnc3[nH]cc(Cl)c23)C1)c1ccc(F)cc1F,O=C(NC1CN(c2ncnc3[nH]cc(Cl)c23)C1)c1ccc(F)cc1F,7.046825425,0.780069554,Active,0.623188406,TRUE
Cn1nccc1-c1ccc(C(=O)NC2CNCCC2c2ncc[nH]2)s1,Cn1nccc1-c1ccc(C(=O)NC2CNCCC2c2ncc[nH]2)s1,7.425019038,0.780153775,Active,0.707692308,TRUE
NC1(C(=O)NC(C(=O)N2CCN(c3ncccc3C(F)(F)F)CC2)c2ccc(Br)cc2)CCN(c2ncnc3[nH]ccc23)CC1,NC1(C(=O)NC(C(=O)N2CCN(c3ncccc3C(F)(F)F)CC2)c2ccc(Br)cc2)CCN(c2ncnc3[nH]ccc23)CC1,7.393678586,0.780248725,Active,0.618421053,TRUE
Cn1nc(Cl)nc1-c1nc(NC(=O)c2cc(-n3cnc(C4CC4)c3)c(N3CC(O)C3)cn2)cs1,Cn1nc(Cl)nc1-c1nc(NC(=O)c2cc(-n3cnc(C4CC4)c3)c(N3CC(O)C3)cn2)cs1,7.980472463,0.780415797,Active,0.61627907,TRUE
CC(C)(C)NC(=O)C1(N)CCN(c2ncnc3[nH]cc(Cl)c23)CC1,CC(C)(C)NC(=O)C1(N)CCN(c2ncnc3[nH]cc(Cl)c23)CC1,7.439602668,0.780472541,Active,0.655737705,TRUE
Cc1ccc(C(CC(N)=O)NC(=O)C2(N)CCN(c3ncnc4[nH]ccc34)CC2)cc1C,Cc1ccc(C(CC(N)=O)NC(=O)C2(N)CCN(c3ncnc4[nH]ccc34)CC2)cc1C,7.375692771,0.780669057,Active,0.769230769,TRUE
NC1(CNC(=O)c2ccc(F)cc2Br)CCN(c2ncnc3[nH]nc(Cl)c23)C1,NC1(CNC(=O)c2ccc(F)cc2Br)CCN(c2ncnc3[nH]nc(Cl)c23)C1,7.400636022,0.780796075,Active,0.648648649,TRUE
O=C(NC1CNCCC1c1ccc(F)cn1)c1cc2c(s1)CCCn1ncc(Cl)c1-2,O=C(NC1CNCCC1c1ccc(F)cn1)c1cc2c(s1)CCCn1ncc(Cl)c1-2,9.459412839,0.780856633,Active,0.763157895,TRUE
CC1Cc2c(Cl)cccc2N1C(=O)Cc1nc(OCC(F)F)c(F)c(N2CCOCC2)n1,CC1Cc2c(Cl)cccc2N1C(=O)Cc1nc(OCC(F)F)c(F)c(N2CCOCC2)n1,7.388009658,0.780867898,Active,0.636363636,TRUE
O=C(Cc1nc(N2CCOCC2)cc(=O)n1-c1cccc(Cl)c1)N1CCc2c(F)cccc21,O=C(Cc1nc(N2CCOCC2)cc(=O)n1-c1cccc(Cl)c1)N1CCc2c(F)cccc21,7.339277067,0.781065905,Active,0.731343284,TRUE
Cn1c(CC(=O)N2CCc3c(Cl)cccc32)nc(N2CCOCC2)c1Cc1ccccc1,Cn1c(CC(=O)N2CCc3c(Cl)cccc32)nc(N2CCOCC2)c1Cc1ccccc1,7.202941253,0.781647766,Active,0.676470588,TRUE
Cn1cc(-c2cn(CCN3CCC3)c(C3CCN(c4ncnc(N)c4C#N)CC3)n2)cc1Br,Cn1cc(-c2cn(CCN3CCC3)c(C3CCN(c4ncnc(N)c4C#N)CC3)n2)cc1Br,7.528229958,0.781670475,Active,0.764705882,TRUE
NC1(C(=O)NC(Cc2ccc(F)cc2)c2nccs2)CCN(c2ncnc3[nH]ccc23)CC1,NC1(C(=O)NC(Cc2ccc(F)cc2)c2nccs2)CCN(c2ncnc3[nH]ccc23)CC1,7.687652087,0.781712317,Active,0.657142857,TRUE
NC(Cc1ccc(F)c(F)c1)C(=O)N1CCN(c2ncnc3c(Br)csc23)CC1,NC(Cc1ccc(F)c(F)c1)C(=O)N1CCN(c2ncnc3c(Br)csc23)CC1,7.281521007,0.781731093,Active,0.646153846,TRUE
N#Cc1cc(-c2cn(CCN3CCC3)c(C3CCN(c4ccncn4)CC3)n2)ccc1F,N#Cc1cc(-c2cn(CCN3CCC3)c(C3CCN(c4ccncn4)CC3)n2)ccc1F,7.500024755,0.781739497,Active,0.608108108,TRUE
CC1CC(O)c2ncnc(N3CCN(C(=O)C(CN4CCCCC4)c4ccc(F)cc4)CC3)c21,CC1CC(O)c2ncnc(N3CCN(C(=O)C(CN4CCCCC4)c4ccc(F)cc4)CC3)c21,7.146460309,0.781775796,Active,0.735294118,TRUE
Nc1cc(N2CCC(c3nc(-c4ccc(F)c(C(F)(F)F)c4)cn3CCNCC3CC3)CC2)ncn1,Nc1cc(N2CCC(c3nc(-c4ccc(F)c(C(F)(F)F)c4)cn3CCNCC3CC3)CC2)ncn1,7.798688239,0.781798983,Active,0.753424658,TRUE
Cc1[nH]nc2ccc(-c3cncc(OCC(N)Cc4cccc(-c5ncco5)c4)c3)cc12,Cc1[nH]nc2ccc(-c3cncc(OCC(N)Cc4cccc(-c5ncco5)c4)c3)cc12,7.509146582,0.781857514,Active,0.611111111,TRUE
O=C(Nc1csc(-c2nncn2C2CC2)n1)c1cc(-n2cnc(C3CC3)c2)c(F)cc1Cl,O=C(Nc1csc(-c2nncn2C2CC2)n1)c1cc(-n2cnc(C3CC3)c2)c(F)cc1Cl,7.739458687,0.78193351,Active,0.666666667,TRUE
O=C(Cc1nc(N2CCOCC2)cc(=O)n1-c1ccc(Br)cc1)N1CCc2c(F)cccc21,O=C(Cc1nc(N2CCOCC2)cc(=O)n1-c1ccc(Br)cc1)N1CCc2c(F)cccc21,7.339609642,0.782003665,Active,0.731343284,TRUE
COCCNCCn1cc(-c2ccc(F)c(C(F)(F)F)c2)nc1C1CCN(c2ncnc(N)c2Cl)CC1,COCCNCCn1cc(-c2ccc(F)c(C(F)(F)F)c2)nc1C1CCN(c2ncnc(N)c2Cl)CC1,7.891817768,0.782057071,Active,0.814814815,TRUE
Nc1ncnc(N2CCC(c3nc(-c4ccc(F)c(Cl)c4)cn3CCN3CCCC3)CC2)c1C(=O)N1CCOCC1,Nc1ncnc(N2CCC(c3nc(-c4ccc(F)c(Cl)c4)cn3CCN3CCCC3)CC2)c1C(=O)N1CCOCC1,7.245806269,0.782062078,Active,0.818181818,TRUE
Cc1nc(C2CCNCC2NC(=O)c2ccc(-c3ccnn3C)s2)cs1,Cc1nc(C2CCNCC2NC(=O)c2ccc(-c3ccnn3C)s2)cs1,7.662357373,0.782206142,Active,0.712121212,TRUE
O=C(N1CCN(c2ncnc3[nH]cc(Cl)c23)CC1)C1(c2ccccc2F)CC1,O=C(N1CCN(c2ncnc3[nH]cc(Cl)c23)CC1)C1(c2ccccc2F)CC1,7.657765411,0.782206738,Active,0.630769231,TRUE
CC(Cc1ccccc1F)NC(=O)C1(N)CCN(c2ncnc3[nH]ccc23)CC1,CC(Cc1ccccc1F)NC(=O)C1(N)CCN(c2ncnc3[nH]ccc23)CC1,7.642657426,0.782215083,Active,0.676923077,TRUE
Cc1c(Cl)c(-c2ccc(C(=O)NC3CNCCC3c3ccc(F)c(F)c3)cc2)nn1C,Cc1c(Cl)c(-c2ccc(C(=O)NC3CNCCC3c3ccc(F)c(F)c3)cc2)nn1C,7.263336285,0.782254958,Active,0.695652174,TRUE
O=C(NC1CCCNCC1c1ccc(F)cc1)c1cc2c(s1)CCCn1nccc1-2,O=C(NC1CCCNCC1c1ccc(F)cc1)c1cc2c(s1)CCCn1nccc1-2,8.463504595,0.782316232,Active,0.712328767,TRUE
NC(=O)c1[nH]nc2ccc(-c3cncc(OCC(N)Cc4cccc(F)c4F)c3)cc12,NC(=O)c1[nH]nc2ccc(-c3cncc(OCC(N)Cc4cccc(F)c4F)c3)cc12,7.467113618,0.782481456,Active,0.676470588,TRUE
COc1nc(CC(=O)N2c3ccc(F)cc3CC2C)nc(N2CCOCC2)c1F,COc1nc(CC(=O)N2c3ccc(F)cc3CC2C)nc(N2CCOCC2)c1F,7.426615593,0.782537723,Active,0.671428571,TRUE
O=C(NC1CNCCC1c1cccnc1)c1cc2c(s1)OCCn1nccc1-2,O=C(NC1CNCCC1c1cccnc1)c1cc2c(s1)OCCn1nccc1-2,8.300021301,0.782559597,Active,0.771428571,TRUE
Nc1cc(N2CCC(c3nc(-c4cc(F)cc(Br)c4)cn3CCN3CCCC3)CC2)ncn1,Nc1cc(N2CCC(c3nc(-c4cc(F)cc(Br)c4)cn3CCN3CCCC3)CC2)ncn1,7.47539075,0.782567883,Active,0.772727273,TRUE
NC1(C(=O)NC(CCCN2CCCC2)c2ccc(Cl)cc2)CCN(c2ncncc2Cl)CC1,NC1(C(=O)NC(CCCN2CCCC2)c2ccc(Cl)cc2)CCN(c2ncncc2Cl)CC1,7.101203229,0.782583082,Active,0.732394366,TRUE
NC(=O)c1c(N)ncnc1N1CCC(c2nc(-c3ccc(F)c(C(F)(F)F)c3)cn2CCNC2CCNC2)CC1,NC(=O)c1c(N)ncnc1N1CCC(c2nc(-c3ccc(F)c(C(F)(F)F)c3)cn2CCNC2CCNC2)CC1,7.480272212,0.782666349,Active,0.839506173,TRUE
Cc1c(N)ncnc1N1CCC(c2nc(-c3ccc(F)c(C#N)c3)cn2CC2CNC2)CC1,Cc1c(N)ncnc1N1CCC(c2nc(-c3ccc(F)c(C#N)c3)cn2CC2CNC2)CC1,7.565040674,0.782725477,Active,0.763157895,TRUE
NCCNC(=O)c1cc(Br)c2nc(-c3ccc(C4(N)CCC4)cc3)c(-c3ccccc3)n2c1,NCCNC(=O)c1cc(Br)c2nc(-c3ccc(C4(N)CCC4)cc3)c(-c3ccccc3)n2c1,7.452088848,0.782860184,Active,0.75,TRUE
Cc1[nH]nc2cnc(-c3cncc(OCC(N)Cc4cccc(Cl)c4)c3)nc12,Cc1[nH]nc2cnc(-c3cncc(OCC(N)Cc4cccc(Cl)c4)c3)nc12,7.431741422,0.782988334,Active,0.623188406,TRUE
CNC(=O)C1CCN(c2cnc(C(=O)Nc3csc(-c4nncn4C4CC4)n3)cc2C2CCC2)CC1,CNC(=O)C1CCN(c2cnc(C(=O)Nc3csc(-c4nncn4C4CC4)n3)cc2C2CCC2)CC1,7.482788228,0.782988751,Active,0.7625,TRUE
Nc1ncnc(N2CCC(c3nc(-c4ccc(F)c(CO)c4)cn3CCN3CCC3)CC2)c1F,Nc1ncnc(N2CCC(c3nc(-c4ccc(F)c(CO)c4)cn3CCN3CCC3)CC2)c1F,7.569849936,0.783001685,Active,0.76056338,TRUE
CCCOc1ccc(C(CC)NC(=O)C2(N)CCN(c3ncnc4[nH]ccc34)CC2)cc1,CCCOc1ccc(C(CC)NC(=O)C2(N)CCN(c3ncnc4[nH]ccc34)CC2)cc1,7.365792985,0.783024335,Active,0.784615385,TRUE
CC(C)NCCn1cc(-c2cnc(Cl)c(F)c2)nc1C1CCN(c2ncnc(N)c2C(F)(F)F)CC1,CC(C)NCCn1cc(-c2cnc(Cl)c(F)c2)nc1C1CCN(c2ncnc(N)c2C(F)(F)F)CC1,7.848067357,0.783027732,Active,0.620689655,TRUE
CC(C)NCCn1cc(-c2cccc(C(F)(F)F)c2)nc1C1CCN(c2ncnc(N)c2C(N)=O)CC1,CC(C)NCCn1cc(-c2cccc(C(F)(F)F)c2)nc1C1CCN(c2ncnc(N)c2C(N)=O)CC1,7.29023187,0.783155763,Active,0.794871795,TRUE
Cc1cc(-c2ccc(C(=O)NC3CNCCC3c3cccc(F)c3)cc2Cl)nn1C,Cc1cc(-c2ccc(C(=O)NC3CNCCC3c3cccc(F)c3)cc2Cl)nn1C,7.307382926,0.783169591,Active,0.635135135,TRUE
CCOc1ncccc1CC(N)COc1cncc(-c2ccc3[nH]nc(C)c3c2)c1,CCOc1ncccc1CC(N)COc1cncc(-c2ccc3[nH]nc(C)c3c2)c1,7.36212769,0.783203924,Active,0.723076923,TRUE
Cn1ncc(-c2cc(C(=O)NC3CNCCC3c3ccc(F)c(F)c3)oc2Cl)c1Cl,Cn1ncc(-c2cc(C(=O)NC3CNCCC3c3ccc(F)c(F)c3)oc2Cl)c1Cl,7.591021744,0.783261502,Active,0.808823529,TRUE
CC1Cc2ccccc2N1C(=O)Cc1nc(N2CCOCC2)cc(=O)n1-c1ccc(F)cc1F,CC1Cc2ccccc2N1C(=O)Cc1nc(N2CCOCC2)cc(=O)n1-c1ccc(F)cc1F,7.277852208,0.783296609,Active,0.720588235,TRUE
CNCCn1cc(-c2ccc(F)c(C)c2)nc1C1CCN(c2ccnc(C)n2)CC1,CNCCn1cc(-c2ccc(F)c(C)c2)nc1C1CCN(c2ccnc(C)n2)CC1,7.69620758,0.783336544,Active,0.631578947,TRUE
Cc1cc(-c2cn(CCNCC3CC3)c(C3CCN(c4ncc(C#N)cn4)CC3)n2)ccc1F,Cc1cc(-c2cn(CCNCC3CC3)c(C3CCN(c4ncc(C#N)cn4)CC3)n2)ccc1F,8.010626129,0.783629084,Active,0.730769231,TRUE
CC(NC(=O)C1(N)CCN(c2ncnc3[nH]ccc23)CC1)c1ccc(-c2csnn2)cc1,CC(NC(=O)C1(N)CCN(c2ncnc3[nH]ccc23)CC1)c1ccc(-c2csnn2)cc1,7.393643099,0.783749843,Active,0.71641791,TRUE
Cc1nc(NC(CN2CCC2)c2cc(F)c(F)c(Cl)c2)c2cccc(C(N)=O)c2n1,Cc1nc(NC(CN2CCC2)c2cc(F)c(F)c(Cl)c2)c2cccc(C(N)=O)c2n1,7.621508827,0.783776605,Active,0.643835616,TRUE
NC1(c2ccc(-c3nn4c(-c5ccnc(F)c5)cnc4cc3-c3ccsc3)cc2)CCC1,NC1(c2ccc(-c3nn4c(-c5ccnc(F)c5)cnc4cc3-c3ccsc3)cc2)CCC1,7.371350646,0.783805037,Active,0.640625,TRUE
COc1c(N)ncnc1N1CCC(c2nc(-c3ccc(F)c(C)c3)cn2CCN2CCOCC2)CC1,COc1c(N)ncnc1N1CCC(c2nc(-c3ccc(F)c(C)c3)cn2CCN2CCOCC2)CC1,7.818868785,0.783890331,Active,0.773333333,TRUE
NC1(C(=O)NC(=O)C2CCCN2C(=O)Cc2ccc(Cl)cc2)CCN(c2ncnc3[nH]ccc23)CC1,NC1(C(=O)NC(=O)C2CCCN2C(=O)Cc2ccc(Cl)cc2)CCN(c2ncnc3[nH]ccc23)CC1,7.534400585,0.784040654,Active,0.628571429,TRUE
Cc1nc(-c2ccc(C(=O)NC3CNCCC3c3cccc(F)c3)s2)nn1C,Cc1nc(-c2ccc(C(=O)NC3CNCCC3c3cccc(F)c3)s2)nn1C,7.186489979,0.784058475,Active,0.718309859,TRUE
O=C(Cc1nc(N2CCOCC2)cc(=O)n1-c1ccccc1)N1CCc2c(F)cccc21,O=C(Cc1nc(N2CCOCC2)cc(=O)n1-c1ccccc1)N1CCc2c(F)cccc21,7.203878493,0.784388685,Active,0.765625,TRUE
Cn1nc(-c2ccc(C(=O)NC3CNCCC3c3cccc(F)c3)cc2Cl)cc1Br,Cn1nc(-c2ccc(C(=O)NC3CNCCC3c3cccc(F)c3)cc2Cl)cc1Br,7.417176226,0.784465814,Active,0.626666667,TRUE
CC(NC(=O)C1(N)CCN(c2ncnc3[nH]ccc23)CC1)C(=O)Cc1ccc(F)c(F)c1,CC(NC(=O)C1(N)CCN(c2ncnc3[nH]ccc23)CC1)C(=O)Cc1ccc(F)c(F)c1,7.635340606,0.784484172,Active,0.637681159,TRUE
Cn1cc(N2CCOCC2)nc1CC(=O)N1CCc2c(F)cccc21,Cn1cc(N2CCOCC2)nc1CC(=O)N1CCc2c(F)cccc21,7.138804933,0.784528041,Active,0.754098361,TRUE
CC1CN(c2cc(=O)[nH]c(CC(=O)N3CCc4ccccc43)n2)CCO1,CC1CN(c2cc(=O)[nH]c(CC(=O)N3CCc4ccccc43)n2)CCO1,7.667341906,0.78462925,Active,0.772727273,TRUE
Cc1cc(-c2cn(CC3CNC3)c(C3CCN(c4cc(N)ncn4)CC3)n2)ccc1F,Cc1cc(-c2cn(CC3CNC3)c(C3CCN(c4cc(N)ncn4)CC3)n2)ccc1F,7.572015548,0.784815395,Active,0.726027397,TRUE
O=C(Nc1csc(-c2nncn2C2CCNCC2)n1)c1cc(-n2cnc(C3CC3)c2)c(F)cn1,O=C(Nc1csc(-c2nncn2C2CCNCC2)n1)c1cc(-n2cnc(C3CC3)c2)c(F)cn1,8.048668474,0.784815574,Active,0.725,TRUE
Cc1c[nH]c2ncnc(N3CCC(N)(CNCc4ccc(F)cc4)C3)c12,Cc1c[nH]c2ncnc(N3CCC(N)(CNCc4ccc(F)cc4)C3)c12,7.379683226,0.785057986,Active,0.703125,TRUE
COc1nccc(F)c1CC(N)COc1cncc(-c2ccc3[nH]nc(N)c3c2)c1,COc1nccc(F)c1CC(N)COc1cncc(-c2ccc3[nH]nc(N)c3c2)c1,7.174785165,0.785090172,Active,0.671641791,TRUE
Nc1ncnc(N2CCC(c3nc(-c4cncc(Cl)c4)cn3CCN3CCC3)CC2)c1F,Nc1ncnc(N2CCC(c3nc(-c4cncc(Cl)c4)cn3CCN3CCC3)CC2)c1F,7.691151105,0.785097206,Active,0.797101449,TRUE
CNCCn1cc(-c2ccnc(Cl)c2C)nc1C1CCN(c2ncnc(N)c2Cl)CC1,CNCCn1cc(-c2ccnc(Cl)c2C)nc1C1CCN(c2ncnc(N)c2Cl)CC1,7.793595237,0.785131001,Active,0.68,TRUE
O=C(CCc1nc(=O)cc(N2CCOCC2)[nH]1)N1CCc2c(Cl)cccc21,O=C(CCc1nc(=O)cc(N2CCOCC2)[nH]1)N1CCc2c(Cl)cccc21,7.284183427,0.785345101,Active,0.611940299,TRUE
Cn1nccc1-c1cc(F)c(C(=O)NC2CNCCC2c2ccc(F)cc2F)cc1F,Cn1nccc1-c1cc(F)c(C(=O)NC2CNCCC2c2ccc(F)cc2F)cc1F,7.565770764,0.785416925,Active,0.80952381,TRUE
Cn1ncc(Cl)c1-c1ccc(C(=O)NC2CNCCC2c2cccc(F)c2)cc1F,Cn1ncc(Cl)c1-c1ccc(C(=O)NC2CNCCC2c2cccc(F)c2)cc1F,7.594513793,0.785478258,Active,0.805970149,TRUE
Cn1c(CC(=O)N2CCc3c(F)cccc32)nc(N2CCCOCC2)c1Cl,Cn1c(CC(=O)N2CCc3c(F)cccc32)nc(N2CCCOCC2)c1Cl,7.347180049,0.785547042,Active,0.738461538,TRUE
NC(=O)c1c(N)ncnc1N1CCC(c2nc(-c3ccc(F)c(C(F)(F)F)c3)cn2CCNCC(F)(F)F)CC1,NC(=O)c1c(N)ncnc1N1CCC(c2nc(-c3ccc(F)c(C(F)(F)F)c3)cn2CCNCC(F)(F)F)CC1,7.371265449,0.785581076,Active,0.87012987,TRUE
Nc1ncnc(N2CCC(c3nc(-c4ccc(F)c(F)c4F)cn3CCN3CCCC3)CC2)c1Cl,Nc1ncnc(N2CCC(c3nc(-c4ccc(F)c(F)c4F)cn3CCN3CCCC3)CC2)c1Cl,8.119748261,0.78560617,Active,0.764705882,TRUE
NCCNC(=O)Cn1cc(-c2ccc(F)c(C(F)(F)F)c2)nc1C1CCN(c2ncnc(N)c2Cl)CC1,NCCNC(=O)Cn1cc(-c2ccc(F)c(C(F)(F)F)c2)nc1C1CCN(c2ncnc(N)c2Cl)CC1,7.972167887,0.785736048,Active,0.7125,TRUE
NC(=O)c1ccnc(N2CCC(c3nc(-c4cc(F)c(F)c(F)c4)cn3CCN3CCCC3)CC2)c1Cl,NC(=O)c1ccnc(N2CCC(c3nc(-c4cc(F)c(F)c(F)c4)cn3CCN3CCCC3)CC2)c1Cl,7.570554611,0.785858953,Active,0.61038961,TRUE
NC(Cc1ccc(F)c(F)c1)C(=O)N1CCN(c2ncnc3[nH]cc(C4CCC4)c23)CC1,NC(Cc1ccc(F)c(F)c1)C(=O)N1CCN(c2ncnc3[nH]cc(C4CCC4)c23)CC1,7.945157501,0.785909498,Active,0.605633803,TRUE
CCc1c(N)ncnc1N1CCC(c2nc(-c3cc(F)c(C)c(F)c3)cn2CCN2CCC2)CC1,CCc1c(N)ncnc1N1CCC(c2nc(-c3cc(F)c(C)c(F)c3)cn2CCN2CCC2)CC1,7.351863619,0.78606149,Active,0.835820896,TRUE
Cn1nc(-c2ccc(C(=O)NC3CNCCC3c3cccc(F)c3)cc2)cc1C1CCCC1,Cn1nc(-c2ccc(C(=O)NC3CNCCC3c3cccc(F)c3)cc2)cc1C1CCCC1,7.372151787,0.786187971,Active,0.643835616,TRUE
Cc1cc(-c2c(-c3ccc(C4(N)CCC4)cc3)nc3c(C(N)=O)ccnn23)ccn1,Cc1cc(-c2c(-c3ccc(C4(N)CCC4)cc3)nc3c(C(N)=O)ccnn23)ccn1,7.242486607,0.786223018,Active,0.733333333,TRUE
CC(C)n1cc(-c2cc(C(F)(F)F)n(C)c2)nc1C1CCN(c2ncnc(N)c2Br)CC1,CC(C)n1cc(-c2cc(C(F)(F)F)n(C)c2)nc1C1CCN(c2ncnc(N)c2Br)CC1,7.628179552,0.786314213,Active,0.602739726,TRUE
CC(C)(C)CCn1cc(-c2cccc(C(N)=O)c2)nc1C1CCN(c2ncnc(N)c2Br)CC1,CC(C)(C)CCn1cc(-c2cccc(C(N)=O)c2)nc1C1CCN(c2ncnc(N)c2Br)CC1,7.541549886,0.786337876,Active,0.615384615,TRUE
Nc1ncnc(N2CCC(c3nc(-c4ccc(Cl)c(O)c4)cn3CCN3CCC3)CC2)c1F,Nc1ncnc(N2CCC(c3nc(-c4ccc(Cl)c(O)c4)cn3CCN3CCC3)CC2)c1F,7.754700637,0.786417747,Active,0.702702703,TRUE
NC(=O)c1ccc(-n2c(-c3cccnc3N)nc3ccc(-c4ccccc4)nc32)cc1,NC(=O)c1ccc(-n2c(-c3cccnc3N)nc3ccc(-c4ccccc4)nc32)cc1,7.79450905,0.786472166,Active,0.719298246,TRUE
CC(NC(=O)C1(N)CCN(c2ncnc3[nH]ccc23)CC1)c1ccc(Cl)c(F)c1,CC(NC(=O)C1(N)CCN(c2ncnc3[nH]ccc23)CC1)c1ccc(Cl)c(F)c1,7.773185387,0.786516929,Active,0.777777778,TRUE
CCn1c(CC(=O)N2c3cccc(F)c3CC2C)nc(N2CCOCC2)cc1=O,CCn1c(CC(=O)N2c3cccc(F)c3CC2C)nc(N2CCOCC2)cc1=O,7.349412233,0.78655287,Active,0.815384615,TRUE
CCN(CCn1cc(-c2ccc(F)c(F)c2)nc1C1CCN(c2ncnc(N)c2C(=O)NC)CC1)C(C)C,CCN(CCn1cc(-c2ccc(F)c(F)c2)nc1C1CCN(c2ncnc(N)c2C(=O)NC)CC1)C(C)C,7.088985479,0.786567414,Active,0.771084337,TRUE
Nc1[nH]nc2ccc(-c3cncc(OCC(N)Cc4c(F)cccc4F)c3)cc12,Nc1[nH]nc2ccc(-c3cncc(OCC(N)Cc4c(F)cccc4F)c3)cc12,7.123067335,0.786569023,Active,0.721311475,TRUE
NC(COc1cncc(-c2cc3c[nH]nc3cn2)c1)Cc1ccc(F)c(F)c1F,NC(COc1cncc(-c2cc3c[nH]nc3cn2)c1)Cc1ccc(F)c(F)c1F,7.639475201,0.786587322,Active,0.6875,TRUE
O=C(Nc1csc(-c2nncn2C2CCNCC2)n1)c1cc(-n2cnc(C3CC3)c2)c(Cl)cc1F,O=C(Nc1csc(-c2nncn2C2CCNCC2)n1)c1cc(-n2cnc(C3CC3)c2)c(Cl)cc1F,7.759537685,0.786604548,Active,0.61627907,TRUE
Nc1ncnc(N2CCC(c3nc(-c4ccc(F)cc4)cn3CC(=O)NCCN3CCCCC3)CC2)c1Cl,Nc1ncnc(N2CCC(c3nc(-c4ccc(F)cc4)cn3CC(=O)NCCN3CCCCC3)CC2)c1Cl,7.737707099,0.786645138,Active,0.75,TRUE
O=C(NC1CNCCC1c1ccc(F)cc1)c1cc2c(s1)CCCn1nccc1-2,O=C(NC1CNCCC1c1ccc(F)cc1)c1cc2c(s1)CCCn1nccc1-2,8.677004192,0.786671841,Active,0.835820896,TRUE
COc1ccc(Cl)cc1CNC(=O)C1(N)CCN(c2ncnc3[nH]ccc23)CC1,COc1ccc(Cl)cc1CNC(=O)C1(N)CCN(c2ncnc3[nH]ccc23)CC1,7.390738757,0.78671875,Active,0.71875,TRUE
CC1SCc2ncnc(N3CCN(C(=O)C(N)Cc4cc(Cl)c(S(N)(=O)=O)cc4-n4nccn4)CC3)c21,CC1SCc2ncnc(N3CCN(C(=O)C(N)Cc4cc(Cl)c(S(N)(=O)=O)cc4-n4nccn4)CC3)c21,7.549301042,0.786724234,Active,0.61038961,TRUE
O=C(NCc1ccnc(F)c1)c1cc(Br)c(-c2ccnc3[nH]ccc23)s1,O=C(NCc1ccnc(F)c1)c1cc(Br)c(-c2ccnc3[nH]ccc23)s1,7.431538447,0.786748672,Active,0.611940299,TRUE
Cc1c(N)ncnc1N1CCC(c2nc(-c3cccc(F)c3F)cn2CCNC2CCCC2)CC1,Cc1c(N)ncnc1N1CCC(c2nc(-c3cccc(F)c3F)cn2CCNC2CCCC2)CC1,7.58816673,0.786761189,Active,0.607142857,TRUE
CC1Cc2cc(F)cc(F)c2N1C(=O)Cc1nc(N2CCOCC2)cc(=O)n1C,CC1Cc2cc(F)cc(F)c2N1C(=O)Cc1nc(N2CCOCC2)cc(=O)n1C,7.286741574,0.786781573,Active,0.753846154,TRUE
Cc1cc(-c2cn(CCN3CCOCC3)c(C3CCN(c4ncnc(N)c4Cl)CC3)n2)ccc1F,Cc1cc(-c2cn(CCN3CCOCC3)c(C3CCN(c4ncnc(N)c4Cl)CC3)n2)ccc1F,7.683018609,0.786796355,Active,0.76056338,TRUE
Cn1nccc1-c1ccc2cc(C(=O)NC3CNCCC3c3cccc(F)c3)sc2n1,Cn1nccc1-c1ccc2cc(C(=O)NC3CNCCC3c3cccc(F)c3)sc2n1,7.521369864,0.78684833,Active,0.722222222,TRUE
Cc1cc(-c2ccc(C(=O)NC3CNCCC3c3cccc(F)c3)cc2)nn1C,Cc1cc(-c2ccc(C(=O)NC3CNCCC3c3cccc(F)c3)cc2)nn1C,7.290197373,0.786862338,Active,0.68115942,TRUE
CC(Oc1c(N)ncnc1N1CCC(c2nc(-c3ccc(C(F)F)c(Cl)c3)cn2CCN2CCC2)CC1)C(F)(F)F,CC(Oc1c(N)ncnc1N1CCC(c2nc(-c3ccc(C(F)F)c(Cl)c3)cn2CCN2CCC2)CC1)C(F)(F)F,7.654977726,0.786925042,Active,0.714285714,TRUE
NC(=O)c1ccnc2c(NC(CN3CC(F)(F)C3)c3ccc(Cl)c(C(F)(F)F)c3)ncnc12,NC(=O)c1ccnc2c(NC(CN3CC(F)(F)C3)c3ccc(Cl)c(C(F)(F)F)c3)ncnc12,7.089776432,0.787111127,Active,0.797101449,TRUE
NC(COc1cncc(-c2cnc3[nH]nc(C4CC4)c3c2)c1)Cc1c(F)cccc1F,NC(COc1cncc(-c2cnc3[nH]nc(C4CC4)c3c2)c1)Cc1c(F)cccc1F,7.509109489,0.78713032,Active,0.617647059,TRUE
Cn1ncc(Br)c1-c1sc(C(=O)NC2CNCCC2c2ccc(F)cc2F)cc1Cl,Cn1ncc(Br)c1-c1sc(C(=O)NC2CNCCC2c2ccc(F)cc2F)cc1Cl,7.931820556,0.787242138,Active,0.607594937,TRUE
CC(C)C(NC(=O)C1(N)CCN(c2ncnc3[nH]ccc23)CC1)c1cccc(F)c1,CC(C)C(NC(=O)C1(N)CCN(c2ncnc3[nH]ccc23)CC1)c1cccc(F)c1,7.56963952,0.787301028,Active,0.696969697,TRUE
Cn1ncc(Br)c1-c1ccc(C(=O)NC2CNCCC2c2nc(F)ccc2F)s1,Cn1ncc(Br)c1-c1ccc(C(=O)NC2CNCCC2c2nc(F)ccc2F)s1,8.104812126,0.787511551,Active,0.708333333,TRUE
O=C(NC1CCN(c2ncnc3[nH]cc(Cl)c23)CC1)c1ccc(F)cc1,O=C(NC1CCN(c2ncnc3[nH]cc(Cl)c23)CC1)c1ccc(F)cc1,7.061485346,0.787585998,Active,0.606060606,TRUE
NC(=O)c1cccnc1N1CCC(c2nc(-c3ccc(F)c(OC(F)F)c3)cn2CCN2CCCC2)CC1,NC(=O)c1cccnc1N1CCC(c2nc(-c3ccc(F)c(OC(F)F)c3)cn2CCN2CCCC2)CC1,7.590459945,0.787654424,Active,0.722891566,TRUE
O=C(NC1CNCCC1c1ccnc(F)c1)c1ccc2c(c1)OCCn1nccc1-2,O=C(NC1CNCCC1c1ccnc(F)c1)c1ccc2c(c1)OCCn1nccc1-2,8.573836009,0.787665689,Active,0.808823529,TRUE
N#Cc1cncc(-c2cn(CCN3CCCC3)c(C3CCN(c4ncnc(N)c4Cl)CC3)n2)c1,N#Cc1cncc(-c2cn(CCN3CCCC3)c(C3CCN(c4ncnc(N)c4Cl)CC3)n2)c1,7.718203262,0.787755036,Active,0.680555556,TRUE
Cn1nccc1-c1cccc(C(=O)NC2CNCCC2c2ccc(N)c(F)c2)c1,Cn1nccc1-c1cccc(C(=O)NC2CNCCC2c2ccc(N)c(F)c2)c1,7.35039285,0.787783766,Active,0.71641791,TRUE
Cn1nc(-c2ccc(C(=O)NC3CNCCC3c3ccc(F)c(F)c3)cc2F)nc1C1CC1,Cn1nc(-c2ccc(C(=O)NC3CNCCC3c3ccc(F)c(F)c3)cc2F)nc1C1CC1,7.354749219,0.787938082,Active,0.695652174,TRUE
CC(=O)Oc1cc(-c2cn(CCN3CCC3)c(C3CCN(c4cc(C)ncn4)CC3)n2)ccc1F,CC(=O)Oc1cc(-c2cn(CCN3CCC3)c(C3CCN(c4cc(C)ncn4)CC3)n2)ccc1F,7.700432843,0.788046861,Active,0.611764706,TRUE
Cn1ncc(Cl)c1-c1nc(NC(=O)c2cc(-n3cnc(C4CC4)c3)c(N3CC(F)(F)C3)cn2)cs1,Cn1ncc(Cl)c1-c1nc(NC(=O)c2cc(-n3cnc(C4CC4)c3)c(N3CC(F)(F)C3)cn2)cs1,7.742772564,0.78807255,Active,0.686746988,TRUE
CC(C)(CF)NCCn1cc(-c2ccnc(C(F)(F)F)c2)nc1C1CCN(c2ncnc(N)c2C(N)=O)CC1,CC(C)(CF)NCCn1cc(-c2ccnc(C(F)(F)F)c2)nc1C1CCN(c2ncnc(N)c2C(N)=O)CC1,7.49590912,0.788098538,Active,0.75308642,TRUE
O=C(Nc1csc(-c2nncn2C2CC2)n1)c1ccc(C(F)F)c(-n2cnc(C3CC3)c2)c1,O=C(Nc1csc(-c2nncn2C2CC2)n1)c1ccc(C(F)F)c(-n2cnc(C3CC3)c2)c1,7.586257186,0.788111711,Active,0.662650602,TRUE
Cc1[nH]nc2ccc(-c3cncc(OCC(N)Cc4ccccc4OC(F)(F)F)c3)nc12,Cc1[nH]nc2ccc(-c3cncc(OCC(N)Cc4ccccc4OC(F)(F)F)c3)nc12,7.430559085,0.788145864,Active,0.652777778,TRUE
CC(=O)N(C)c1nc2ccc(-c3cnc(Cl)c(NS(=O)(=O)c4ccccc4C)c3)cc2s1,CC(=O)N(C)c1nc2ccc(-c3cnc(Cl)c(NS(=O)(=O)c4ccccc4C)c3)cc2s1,7.785264452,0.788204753,Active,0.625,TRUE
CC1SCc2ncnc(N3CCN(C(=O)C(Cc4ccc(Cl)cc4)NC(=O)C4CC4)CC3)c21,CC1SCc2ncnc(N3CCN(C(=O)C(Cc4ccc(Cl)cc4)NC(=O)C4CC4)CC3)c21,7.177644373,0.788204813,Active,0.720588235,TRUE
Cc1c(N)ncnc1N1CCC(c2nc(-c3ccc(F)c(F)c3)cn2CCN2CCC2)CC1,Cc1c(N)ncnc1N1CCC(c2nc(-c3ccc(F)c(F)c3)cn2CCN2CCC2)CC1,7.640515112,0.788228536,Active,0.820895522,TRUE
O=C(Nc1csc(-c2nncn2C2CC2)n1)c1ccc(F)c(-n2cnc(C3CC3)c2)c1,O=C(Nc1csc(-c2nncn2C2CC2)n1)c1ccc(F)c(-n2cnc(C3CC3)c2)c1,7.570191149,0.788272464,Active,0.6625,TRUE
O=C(c1ccc(F)cc1F)N1CCN(c2ncnc3[nH]cc(Cl)c23)CC1,O=C(c1ccc(F)cc1F)N1CCN(c2ncnc3[nH]cc(Cl)c23)CC1,7.117120184,0.788397038,Active,0.617647059,TRUE
Cc1[nH]nc2ncc(-c3cncc(OCC(N)Cc4cccc(Cl)c4Cl)c3)cc12,Cc1[nH]nc2ncc(-c3cncc(OCC(N)Cc4cccc(Cl)c4Cl)c3)cc12,7.829357163,0.788445437,Active,0.723076923,TRUE
COCCNC(=O)c1cc(Br)c(-c2ccnc3[nH]ccc23)s1,COCCNC(=O)c1cc(Br)c(-c2ccnc3[nH]ccc23)s1,7.463455757,0.788453126,Active,0.640625,TRUE
Cc1cc(N2CCC(c3nc(-c4ccc(F)c(O)c4)cn3CCN3CCCC3)CC2)ncn1,Cc1cc(N2CCC(c3nc(-c4ccc(F)c(O)c4)cn3CCN3CCCC3)CC2)ncn1,7.502489698,0.788504207,Active,0.695652174,TRUE
Cc1c[nH]c2ncnc(N3CCC(N)(CNC(=O)c4ccc(F)cn4)C3)c12,Cc1c[nH]c2ncnc(N3CCC(N)(CNC(=O)c4ccc(F)cn4)C3)c12,7.422698235,0.788518393,Active,0.796875,TRUE
Cc1c[nH]c2ncnc(N3CCC(N)(CNC(=O)c4ccc(F)c(F)c4)CC3)c12,Cc1c[nH]c2ncnc(N3CCC(N)(CNC(=O)c4ccc(F)c(F)c4)CC3)c12,7.361714806,0.788647497,Active,0.738461538,TRUE
Cn1ncc(Cl)c1-c1ccc(C(=O)NC2CNCCC2c2cccc(C(F)(F)F)c2)s1,Cn1ncc(Cl)c1-c1ccc(C(=O)NC2CNCCC2c2cccc(C(F)(F)F)c2)s1,8.079121288,0.788756216,Active,0.826086957,TRUE
CNC(=O)c1cc(Cl)cnc1N1CCC(c2nc(-c3ccnc(C(F)(F)F)c3)cn2CCN2CCCC2)CC1,CNC(=O)c1cc(Cl)cnc1N1CCC(c2nc(-c3ccnc(C(F)(F)F)c3)cn2CCN2CCCC2)CC1,7.47938464,0.788818204,Active,0.654761905,TRUE
O=C(NC1CNCCC1c1cnc(C(F)(F)F)nc1)c1cc2c(s1)OCCn1nccc1-2,O=C(NC1CNCCC1c1cnc(C(F)(F)F)nc1)c1cc2c(s1)OCCn1nccc1-2,8.341265433,0.788835847,Active,0.763888889,TRUE
CN1CC(Cn2cc(-c3ccc(F)c(F)c3)nc2C2CCN(c3ncnc(N)c3Cl)CC2)C1,CN1CC(Cn2cc(-c3ccc(F)c(F)c3)nc2C2CCN(c3ncnc(N)c3Cl)CC2)C1,7.523120971,0.788840675,Active,0.742857143,TRUE
Cc1c(Cl)c(-c2ccc(C(=O)NC3CNCCC3c3cccc(F)c3)cc2)nn1C,Cc1c(Cl)c(-c2ccc(C(=O)NC3CNCCC3c3cccc(F)c3)cc2)nn1C,7.267491747,0.78885808,Active,0.7,TRUE
CNC(=O)NCCn1cc(-c2ccc(F)c(C(F)(F)F)c2)nc1C1CCN(c2ncnc(N)c2Cl)CC1,CNC(=O)NCCn1cc(-c2ccc(F)c(C(F)(F)F)c2)nc1C1CCN(c2ncnc(N)c2Cl)CC1,8.198523097,0.788927698,Active,0.743902439,TRUE
NC(=O)CCn1cc(-c2ccc(C(F)(F)F)c(OC(F)F)c2)nc1C1CCN(c2ncnc(N)c2Cl)CC1,NC(=O)CCn1cc(-c2ccc(C(F)(F)F)c(OC(F)F)c2)nc1C1CCN(c2ncnc(N)c2Cl)CC1,7.424420777,0.788937116,Active,0.623529412,TRUE
Nc1ncnc(N2CCC(c3nc(-c4cccc(C(F)(F)F)c4)cn3CCN3CCCC3)CC2)c1F,Nc1ncnc(N2CCC(c3nc(-c4cccc(C(F)(F)F)c4)cn3CCN3CCCC3)CC2)c1F,7.547150783,0.789001369,Active,0.816901408,TRUE
CSc1ccc(-c2cn(CCN3CCC3)c(C3CCN(c4ncnc(N)c4F)CC3)n2)cc1F,CSc1ccc(-c2cn(CCN3CCC3)c(C3CCN(c4ncnc(N)c4F)CC3)n2)cc1F,7.46993623,0.789047146,Active,0.739726027,TRUE
NC(=O)CNC(=O)C1(N)CCN(c2ncnc3[nH]cc(Cl)c23)CC1,NC(=O)CNC(=O)C1(N)CCN(c2ncnc3[nH]cc(Cl)c23)CC1,7.312325999,0.789130652,Active,0.619047619,TRUE
Nc1ncnc(N2CCC(c3nc(-c4cccc([N+](=O)[O-])c4)cn3CCN3CCC3)CC2)c1Cl,Nc1ncnc(N2CCC(c3nc(-c4cccc([N+](=O)[O-])c4)cn3CCN3CCC3)CC2)c1Cl,7.538012034,0.789174581,Active,0.739726027,TRUE
O=C(NC1CCCCC1)c1cc(Br)c(-c2ccnc3[nH]ccc23)s1,O=C(NC1CCCCC1)c1cc(Br)c(-c2ccnc3[nH]ccc23)s1,7.66900124,0.789195919,Active,0.676923077,TRUE
CN(C)c1cccc(-c2cn(CCN3CCCC3)c(C3CCN(c4ncnc(N)c4Cl)CC3)n2)c1,CN(C)c1cccc(-c2cn(CCN3CCCC3)c(C3CCN(c4ncnc(N)c4Cl)CC3)n2)c1,7.364712214,0.789214337,Active,0.785714286,TRUE
COc1cc(-c2cn(CCN3CCC3)c(C3CCN(c4ncnc(N)c4C(F)(F)F)CC3)n2)ccc1F,COc1cc(-c2cn(CCN3CCC3)c(C3CCN(c4ncnc(N)c4C(F)(F)F)CC3)n2)ccc1F,8.064886574,0.789225662,Active,0.8,TRUE
Cc1[nH]nc2ccc(-c3cncc(OCC(N)Cc4cccc(-c5ccc(F)nc5)c4)c3)cc12,Cc1[nH]nc2ccc(-c3cncc(OCC(N)Cc4cccc(-c5ccc(F)nc5)c4)c3)cc12,7.451196355,0.789255345,Active,0.652173913,TRUE
Cn1ncc(Br)c1-c1oc(C(=O)NC(CN)Cc2ccc(F)c(F)c2)cc1Br,Cn1ncc(Br)c1-c1oc(C(=O)NC(CN)Cc2ccc(F)c(F)c2)cc1Br,7.370046062,0.789296591,Active,0.661764706,TRUE
N#Cc1cnc(N2CCC(c3nc(-c4ccc(F)c(Cl)c4)cn3CCN3CCCC3)CC2)cc1Cl,N#Cc1cnc(N2CCC(c3nc(-c4ccc(F)c(Cl)c4)cn3CCN3CCCC3)CC2)cc1Cl,7.305562004,0.789311314,Active,0.675324675,TRUE
O=C(NCC(Cc1ccc(F)cc1)C(=O)N1CCN(c2ncnc3[nH]ccc23)CC1)c1c(Cl)ccc(F)c1Cl,O=C(NCC(Cc1ccc(F)cc1)C(=O)N1CCN(c2ncnc3[nH]ccc23)CC1)c1c(Cl)ccc(F)c1Cl,7.437999749,0.789383435,Active,0.657534247,TRUE
Cn1ncc(Cl)c1-c1cc(C(=O)NC2CNCCC2c2cccnc2)oc1Cl,Cn1ncc(Cl)c1-c1cc(C(=O)NC2CNCCC2c2cccnc2)oc1Cl,7.885426568,0.789412522,Active,0.846153846,TRUE
CCc1cncnc1N1CCC(c2nc(-c3ccc(F)c(C(F)(F)F)c3)cn2CCNC)CC1,CCc1cncnc1N1CCC(c2nc(-c3ccc(F)c(C(F)(F)F)c3)cn2CCNC)CC1,7.65765738,0.789437854,Active,0.7,TRUE
Cn1ncc(Cl)c1-c1cc(C(=O)NC2CNCCC2c2ccc(F)cc2)oc1Cl,Cn1ncc(Cl)c1-c1cc(C(=O)NC2CNCCC2c2ccc(F)cc2)oc1Cl,7.81624865,0.789542818,Active,0.873015873,TRUE
CN(C)CCn1cc(-c2cc(F)c(F)c(F)c2)nc1C1CCN(c2ncnc(N)c2Br)CC1,CN(C)CCn1cc(-c2cc(F)c(F)c(F)c2)nc1C1CCN(c2ncnc(N)c2Br)CC1,7.988494286,0.789705718,Active,0.76056338,TRUE
N#Cc1c(N)ncnc1N1CCC(c2nc(-c3ccc(F)c(C#N)c3F)cn2CCN2CCC2)CC1,N#Cc1c(N)ncnc1N1CCC(c2nc(-c3ccc(F)c(C#N)c3F)cn2CCN2CCC2)CC1,7.710466928,0.789785826,Active,0.811594203,TRUE
Cc1cc(-c2cn(CC3CCC(N)CC3)c(C3CCN(c4ncnc(N)c4C(N)=O)CC3)n2)ccc1F,Cc1cc(-c2cn(CC3CCC(N)CC3)c(C3CCN(c4ncnc(N)c4C(N)=O)CC3)n2)ccc1F,7.324240792,0.789904201,Active,0.783783784,TRUE
Cc1nc(-c2cn(CCN3CCC3)c(C3CCN(c4ncnc(N)c4Br)CC3)n2)ccc1F,Cc1nc(-c2cn(CCN3CCC3)c(C3CCN(c4ncnc(N)c4Br)CC3)n2)ccc1F,8.437442181,0.789939964,Active,0.771428571,TRUE
CN(C)C(=S)c1c(N)ncnc1N1CCC(c2nc(-c3ccc(F)c(F)c3)cn2CCN2CCCC2)CC1,CN(C)C(=S)c1c(N)ncnc1N1CCC(c2nc(-c3ccc(F)c(F)c3)cn2CCN2CCCC2)CC1,7.218605346,0.789972091,Active,0.783783784,TRUE
Cn1nc(-c2ccc(C(=O)NC3CNCCC3c3cccc(F)c3)cc2F)cc1F,Cn1nc(-c2ccc(C(=O)NC3CNCCC3c3cccc(F)c3)cc2F)cc1F,7.63264428,0.789981687,Active,0.61971831,TRUE
Cc1ccc(-c2cn(CCN3CCCC3)c(C3CCN(c4cc(N)ncn4)CC3)n2)c(F)c1F,Cc1ccc(-c2cn(CCN3CCCC3)c(C3CCN(c4cc(N)ncn4)CC3)n2)c(F)c1F,7.231580618,0.790000761,Active,0.695652174,TRUE
CNCCn1cc(-c2ccnc(C(F)(F)F)c2)nc1C1CCN(c2ncnc(N)c2C=O)CC1,CNCCn1cc(-c2ccnc(C(F)(F)F)c2)nc1C1CCN(c2ncnc(N)c2C=O)CC1,8.146037898,0.790038252,Active,0.797297297,TRUE
CC(=O)N(C)c1nc2ccc(-c3cnc(Cl)c(NS(=O)(=O)c4ccccc4)c3)cc2s1,CC(=O)N(C)c1nc2ccc(-c3cnc(Cl)c(NS(=O)(=O)c4ccccc4)c3)cc2s1,7.925192344,0.790045166,Active,0.723076923,TRUE
Cn1cc(-c2cc(C(=O)NC3CNCCC3c3ccc(Cl)c(Cl)c3)oc2Cl)cn1,Cn1cc(-c2cc(C(=O)NC3CNCCC3c3ccc(Cl)c(Cl)c3)oc2Cl)cn1,7.565322122,0.790108943,Active,0.757575758,TRUE
NC(=O)c1cc(-c2cn(CCN3CCC3)c(C3CCN(c4ncnc(N)c4F)CC3)n2)ccc1F,NC(=O)c1cc(-c2cn(CCN3CCC3)c(C3CCN(c4ncnc(N)c4F)CC3)n2)ccc1F,7.44710795,0.790139878,Active,0.835616438,TRUE
O=C(NCc1cc(Cl)cc(Cl)c1)C1(F)CCN(c2ncnc3[nH]ccc23)C1,O=C(NCc1cc(Cl)cc(Cl)c1)C1(F)CCN(c2ncnc3[nH]ccc23)C1,7.338815833,0.79031148,Active,0.640625,TRUE
CC1SCCc2ncnc(N3CCN(C(=O)C(N)Cc4ccc(F)c(F)c4)CC3)c21,CC1SCCc2ncnc(N3CCN(C(=O)C(N)Cc4ccc(F)c(F)c4)CC3)c21,7.228552963,0.790431106,Active,0.84375,TRUE
CC(C)Cc1nn(C)c(-c2ccc(C(=O)NC3CNCCC3c3cccc(F)c3)nc2)c1N,CC(C)Cc1nn(C)c(-c2ccc(C(=O)NC3CNCCC3c3cccc(F)c3)nc2)c1N,7.401500708,0.790620828,Active,0.675324675,TRUE
NC(=O)CC(NC(=O)C1(N)CCN(c2ncnc3[nH]ccc23)CC1)c1ccc(F)cc1F,NC(=O)CC(NC(=O)C1(N)CCN(c2ncnc3[nH]ccc23)CC1)c1ccc(F)cc1F,7.56781955,0.790662432,Active,0.68115942,TRUE
Cn1nccc1-c1ccc(C(=O)NC2CNCCC2c2ccccn2)s1,Cn1nccc1-c1ccc(C(=O)NC2CNCCC2c2ccccn2)s1,7.539886847,0.790733778,Active,0.734375,TRUE
COc1cc(-c2cn(CCN3CCC3)c(C3CCN(c4ncnc(N)c4F)CC3)n2)ccc1F,COc1cc(-c2cn(CCN3CCC3)c(C3CCN(c4ncnc(N)c4F)CC3)n2)ccc1F,7.900462846,0.790748501,Active,0.845070423,TRUE
Cn1nccc1-c1cccc(C(=O)NC2CNCCC2c2ccc(F)c(F)c2)c1F,Cn1nccc1-c1cccc(C(=O)NC2CNCCC2c2ccc(F)c(F)c2)c1F,7.981946055,0.790814662,Active,0.784615385,TRUE
CC(C)NCCn1cc(-c2ccc(F)c(OC(F)F)c2)nc1C1CCN(c2ncnc(N)c2C(N)=O)CC1,CC(C)NCCn1cc(-c2ccc(F)c(OC(F)F)c2)nc1C1CCN(c2ncnc(N)c2C(N)=O)CC1,7.775245692,0.790834928,Active,0.814814815,TRUE
Cc1cncnc1N1CCC(c2nc(-c3ccc(F)c(C(F)(F)F)c3)cn2CCN(C)C)CC1,Cc1cncnc1N1CCC(c2nc(-c3ccc(F)c(C(F)(F)F)c3)cn2CCN(C)C)CC1,7.486920071,0.790856683,Active,0.733333333,TRUE
N#Cc1cc(-c2cn(CCN3CCCC3)c(C3CCN(c4cc(N)ncn4)CC3)n2)ccc1F,N#Cc1cc(-c2cn(CCN3CCCC3)c(C3CCN(c4cc(N)ncn4)CC3)n2)ccc1F,7.821355597,0.790933454,Active,0.818181818,TRUE
Cc1cc(-c2ccnn2C)c(F)cc1C(=O)NC1CNCCC1c1cc(F)cc(Cl)c1,Cc1cc(-c2ccnn2C)c(F)cc1C(=O)NC1CNCCC1c1cc(F)cc(Cl)c1,7.635164758,0.791138256,Active,0.7,TRUE
Cc1c[nH]c2ncnc(N3CCC(N)(C(=O)NCc4ccc(F)cc4F)CC3)c12,Cc1c[nH]c2ncnc(N3CCC(N)(C(=O)NCc4ccc(F)cc4F)CC3)c12,7.403814801,0.791145647,Active,0.616438356,TRUE
NC(=O)c1cc(-c2cn(CC3CNC3)c(C3CCN(c4cc(N)ncn4)CC3)n2)ccc1F,NC(=O)c1cc(-c2cn(CC3CNC3)c(C3CCN(c4cc(N)ncn4)CC3)n2)ccc1F,7.267956235,0.791177237,Active,0.626506024,TRUE
CC(NC(=O)C1(N)CCN(c2ncnc3[nH]ccc23)CC1)c1ccc(F)c(Cl)c1,CC(NC(=O)C1(N)CCN(c2ncnc3[nH]ccc23)CC1)c1ccc(F)c(Cl)c1,7.757761098,0.791227424,Active,0.806451613,TRUE
CC(C)c1c(N)ncnc1N1CCC(c2nc(-c3cc(F)cc(F)c3)cn2CCN2CCC2)CC1,CC(C)c1c(N)ncnc1N1CCC(c2nc(-c3cc(F)cc(F)c3)cn2CCN2CCC2)CC1,7.37038558,0.791229391,Active,0.662162162,TRUE
NC1(CNC(=O)c2ccccc2)CCN(c2ncnc3[nH]cc(Br)c23)C1,NC1(CNC(=O)c2ccccc2)CCN(c2ncnc3[nH]cc(Br)c23)C1,7.525476119,0.791247392,Active,0.8,TRUE
Nc1ncnc(N2CCC(c3nc(-c4ccc(F)c(F)c4F)cn3CCNC3CCCC3)CC2)c1Cl,Nc1ncnc(N2CCC(c3nc(-c4ccc(F)c(F)c4F)cn3CCNC3CCCC3)CC2)c1Cl,8.081621297,0.791256511,Active,0.625,TRUE
Cn1nc(-c2ccc(C(=O)NC3CNCCC3c3cccc(F)c3)cc2)c2c(F)cccc21,Cn1nc(-c2ccc(C(=O)NC3CNCCC3c3cccc(F)c3)cc2)c2c(F)cccc21,7.363740166,0.791314983,Active,0.643835616,TRUE
CC1CN(c2nc(CC(=O)N3CCc4c(F)cccc43)cc(F)c2Cl)CCO1,CC1CN(c2nc(CC(=O)N3CCc4c(F)cccc43)cc(F)c2Cl)CCO1,7.371556836,0.791326845,Active,0.643835616,TRUE
Cn1nccc1-c1ccc(C(=O)NC2CNCCC2c2c[nH]cn2)s1,Cn1nccc1-c1ccc(C(=O)NC2CNCCC2c2c[nH]cn2)s1,7.644663536,0.791378105,Active,0.734375,TRUE
Cc1nn(C)c(C)c1-c1cc(C(=O)NC2CNCCC2c2ccc(F)c(F)c2)oc1Cl,Cc1nn(C)c(C)c1-c1cc(C(=O)NC2CNCCC2c2ccc(F)c(F)c2)oc1Cl,7.504939999,0.791417801,Active,0.712328767,TRUE
COc1ccccc1CC(N)COc1cncc(-c2ccc3[nH]nc(C)c3c2)c1,COc1ccccc1CC(N)COc1cncc(-c2ccc3[nH]nc(C)c3c2)c1,7.325927946,0.791470969,Active,0.836065574,TRUE
CC1SCc2ncnc(N3CCN(C(=O)C(Cc4ccc(Cl)cc4)NC(=O)C4(c5ccc(Cl)cc5)CC4)CC3)c21,CC1SCc2ncnc(N3CCN(C(=O)C(Cc4ccc(Cl)cc4)NC(=O)C4(c5ccc(Cl)cc5)CC4)CC3)c21,7.189360686,0.791471922,Active,0.698630137,TRUE
CN(C)CCn1cc(-c2cncc(Br)c2)nc1C1CCN(c2ncnc(N)c2F)CC1,CN(C)CCn1cc(-c2cncc(Br)c2)nc1C1CCN(c2ncnc(N)c2F)CC1,7.628559202,0.791545713,Active,0.620253165,TRUE
Nc1ncnc(N2CCC(c3nc(-c4ccc(F)c(C(F)(F)F)c4)cn3CC(=O)NC3CC3)CC2)c1F,Nc1ncnc(N2CCC(c3nc(-c4ccc(F)c(C(F)(F)F)c4)cn3CC(=O)NC3CC3)CC2)c1F,7.651668138,0.791559541,Active,0.701298701,TRUE
Cc1cc(-c2cn(CCN(C)C(F)F)c(C3CCN(c4ncnc(N)c4F)CC3)n2)ccc1F,Cc1cc(-c2cn(CCN(C)C(F)F)c(C3CCN(c4ncnc(N)c4F)CC3)n2)ccc1F,7.818890281,0.791606987,Active,0.74025974,TRUE
CC(C)NCCn1cc(-c2ccc(F)c(C(F)(F)F)c2)nc1C1CCN(c2cc(N)ncn2)CC1,CC(C)NCCn1cc(-c2ccc(F)c(C(F)(F)F)c2)nc1C1CCN(c2cc(N)ncn2)CC1,7.809243943,0.791623616,Active,0.777777778,TRUE
Cn1ncc(-c2cnc(C(=O)NC3CNCCC3c3cccc(F)c3)cc2F)c1C1CC1,Cn1ncc(-c2cnc(C(=O)NC3CNCCC3c3cccc(F)c3)cc2F)c1C1CC1,7.455056318,0.791648054,Active,0.64,TRUE
NC(COc1cncc(-c2cc3c[nH]nc3cn2)c1)Cc1cccc(F)c1F,NC(COc1cncc(-c2cc3c[nH]nc3cn2)c1)Cc1cccc(F)c1F,7.705938219,0.791690433,Active,0.703125,TRUE
Nc1cc(N2CCC(c3nc(-c4cnc(OC(F)F)c(Cl)c4)cn3CCN3CCC3)CC2)ncn1,Nc1cc(N2CCC(c3nc(-c4cnc(OC(F)F)c(Cl)c4)cn3CCN3CCC3)CC2)ncn1,7.503431745,0.791707718,Active,0.631578947,TRUE
Cn1nc(-c2ccc(C(=O)NC3CNCCC3c3ccc(Cl)cc3)s2)ccc1=O,Cn1nc(-c2ccc(C(=O)NC3CNCCC3c3ccc(Cl)cc3)s2)ccc1=O,7.476039705,0.791719699,Active,0.707692308,TRUE
O=C(NCc1n[nH]c(=O)[nH]1)c1cc(Br)c(-c2ccnc3[nH]ccc23)s1,O=C(NCc1n[nH]c(=O)[nH]1)c1cc(Br)c(-c2ccnc3[nH]ccc23)s1,7.607985625,0.79186734,Active,0.602941176,TRUE
NC1(C(=O)NCc2ccc(Cl)nc2)CCN(c2ncnc3[nH]ccc23)CC1,NC1(C(=O)NCc2ccc(Cl)nc2)CCN(c2ncnc3[nH]ccc23)CC1,7.348749913,0.791920269,Active,0.807017544,TRUE
O=C(NCc1ccncc1)c1cc(Br)c(-c2ccnc3[nH]ccc23)s1,O=C(NCc1ccncc1)c1cc(Br)c(-c2ccnc3[nH]ccc23)s1,7.418190415,0.791924977,Active,0.640625,TRUE
Cn1ncc(Cl)c1-c1ccc(C(=O)NC2CNCC2c2ccc(F)cc2F)s1,Cn1ncc(Cl)c1-c1ccc(C(=O)NC2CNCC2c2ccc(F)cc2F)s1,7.780096955,0.791944289,Active,0.704225352,TRUE
Nc1cc(N2CCC(c3nc(-c4ccc(SC5CC5)c(F)c4)cn3CCN3CCC3)CC2)ncn1,Nc1cc(N2CCC(c3nc(-c4ccc(SC5CC5)c(F)c4)cn3CCN3CCC3)CC2)ncn1,7.325954395,0.792087221,Active,0.779411765,TRUE
Cn1nccc1-c1ccc(C(=O)NC2CNCCC2c2ccoc2)s1,Cn1nccc1-c1ccc(C(=O)NC2CNCCC2c2ccoc2)s1,7.550129768,0.792133236,Active,0.761904762,TRUE
Nc1ncnc(N2CCC(c3nc(-c4ccc(OCCCF)c(F)c4)cn3CCN3CCC3)CC2)c1Cl,Nc1ncnc(N2CCC(c3nc(-c4ccc(OCCCF)c(F)c4)cn3CCN3CCC3)CC2)c1Cl,7.466115028,0.792140567,Active,0.767123288,TRUE
O=C(Cc1nc(N2CCOCC2)cc(=O)n1-c1ccc(Cl)cc1)N1CCc2c1ccc(F)c2Cl,O=C(Cc1nc(N2CCOCC2)cc(=O)n1-c1ccc(Cl)cc1)N1CCc2c1ccc(F)c2Cl,7.546609619,0.792182887,Active,0.642857143,TRUE
CNCCn1cc(-c2ccnc(C(F)(F)F)c2)nc1C1CCN(c2ncnc(N)c2F)CC1,CNCCn1cc(-c2ccnc(C(F)(F)F)c2)nc1C1CCN(c2ncnc(N)c2F)CC1,8.135500465,0.792206728,Active,0.842857143,TRUE
COCCOc1cc(-c2ccc(C(=O)NC3CNCCC3c3cccc(F)c3)cc2)nn1C,COCCOc1cc(-c2ccc(C(=O)NC3CNCCC3c3cccc(F)c3)cc2)nn1C,7.188893865,0.792234564,Active,0.61038961,TRUE
Cn1ncc(Cl)c1-c1cnc(C(=O)NC(CN)Cc2ccc(F)c(F)c2)s1,Cn1ncc(Cl)c1-c1cnc(C(=O)NC(CN)Cc2ccc(F)c(F)c2)s1,7.356615111,0.792624736,Active,0.686567164,TRUE
O=C(Cc1nc(N2CCOCC2)cc(=O)n1-c1cc(F)c(Cl)c(F)c1)N1CCc2ccccc21,O=C(Cc1nc(N2CCOCC2)cc(=O)n1-c1cc(F)c(Cl)c(F)c1)N1CCc2ccccc21,7.107663689,0.792689049,Active,0.793650794,TRUE
Cc1nnc(CNC(=O)c2cc(Br)c(-c3ccnc4[nH]ccc34)s2)s1,Cc1nnc(CNC(=O)c2cc(Br)c(-c3ccnc4[nH]ccc34)s2)s1,7.572549253,0.792720878,Active,0.611940299,TRUE
O=C(Cc1nc(=O)cc(N2CCCC2)[nH]1)N1CCc2c(Cl)cccc21,O=C(Cc1nc(=O)cc(N2CCCC2)[nH]1)N1CCc2c(Cl)cccc21,7.635417091,0.792764747,Active,0.609375,TRUE
Cn1nc(-c2ccc(C(=O)NC3CNCCC3c3cccc(F)c3)s2)cc1C(F)F,Cn1nc(-c2ccc(C(=O)NC3CNCCC3c3cccc(F)c3)s2)cc1C(F)F,7.423891517,0.792823517,Active,0.704225352,TRUE
Cn1ncc(Br)c1-c1cc(F)c(C(=O)NC2CNCCC2c2cccc(F)c2)c(F)c1,Cn1ncc(Br)c1-c1cc(F)c(C(=O)NC2CNCCC2c2cccc(F)c2)c(F)c1,7.052296596,0.792834306,Active,0.815384615,TRUE
O=C(NCc1cccnc1)c1cc(Br)c(-c2ccnc3[nH]ccc23)s1,O=C(NCc1cccnc1)c1cc(Br)c(-c2ccnc3[nH]ccc23)s1,7.468537907,0.792926514,Active,0.636363636,TRUE
NC(=O)c1cccc2c(NC(CN3CCC3)c3ccc(F)cc3)nc(F)nc12,NC(=O)c1cccc2c(NC(CN3CCC3)c3ccc(F)cc3)nc(F)nc12,7.633841029,0.793135369,Active,0.793103448,TRUE
NC(=O)CC(NC(=O)c1cc(Br)c(-c2ccnc3[nH]ccc23)s1)C(=O)NC1CC1,NC(=O)CC(NC(=O)c1cc(Br)c(-c2ccnc3[nH]ccc23)s1)C(=O)NC1CC1,7.672173245,0.79318949,Active,0.608108108,TRUE
O=C(Cc1nc(N2CCOCC2)cc(=O)n1-c1cccc(Cl)c1)N1CCc2ccccc21,O=C(Cc1nc(N2CCOCC2)cc(=O)n1-c1cccc(Cl)c1)N1CCc2ccccc21,7.416194148,0.793283963,Active,0.85,TRUE
O=C(NCC1(C(=O)NCc2cc(F)cc(F)c2)CCN(c2ncnc3[nH]ccc23)CC1)c1ccc(Cl)cc1,O=C(NCC1(C(=O)NCc2cc(F)cc(F)c2)CCN(c2ncnc3[nH]ccc23)CC1)c1ccc(Cl)cc1,7.452261001,0.79334631,Active,0.628571429,TRUE
NC1(C(=O)NCCc2cc(F)ccc2F)CCN(c2ncnc3[nH]ccc23)CC1,NC1(C(=O)NCCc2cc(F)ccc2F)CCN(c2ncnc3[nH]ccc23)CC1,7.650735968,0.793445194,Active,0.621212121,TRUE
O=C(Cc1nc(=O)cc(N2CCCCCC2)[nH]1)N1CCc2c(OC(F)F)cccc21,O=C(Cc1nc(=O)cc(N2CCCCCC2)[nH]1)N1CCc2c(OC(F)F)cccc21,7.547873569,0.79369607,Active,0.633802817,TRUE
CC1Cc2cc(F)ccc2N1C(=O)Cc1nc(N2CCOCC2)cc(=O)n1-c1ccc(F)c(Cl)c1,CC1Cc2cc(F)ccc2N1C(=O)Cc1nc(N2CCOCC2)cc(=O)n1-c1ccc(F)c(Cl)c1,7.636093089,0.793716514,Active,0.722222222,TRUE
Nc1cc(N2CCC(c3nc(-c4ccc(F)c(F)c4)cn3CCNCC3CC3)CC2)ncn1,Nc1cc(N2CCC(c3nc(-c4ccc(F)c(F)c4)cn3CCNCC3CC3)CC2)ncn1,7.512453283,0.793797874,Active,0.735294118,TRUE
Nc1[nH]nc2ccc(-c3cncc(OCC(N)Cc4cc(F)cc(F)c4)c3)cc12,Nc1[nH]nc2ccc(-c3cncc(OCC(N)Cc4cc(F)cc(F)c4)c3)cc12,7.25545301,0.793847883,Active,0.617647059,TRUE
NC1(C(=O)NC(Cc2ccc(F)cc2)c2ccc(F)c(F)c2)CCN(c2ncnc3[nH]ccc23)CC1,NC1(C(=O)NC(Cc2ccc(F)cc2)c2ccc(F)c(F)c2)CCN(c2ncnc3[nH]ccc23)CC1,7.674078449,0.793856823,Active,0.691176471,TRUE
CCS(=O)(=O)c1ccc(CC(NC(=O)C2(N)CCN(c3ncnc4[nH]ccc34)CC2)c2ccc(Cl)cc2)cc1,CCS(=O)(=O)c1ccc(CC(NC(=O)C2(N)CCN(c3ncnc4[nH]ccc34)CC2)c2ccc(Cl)cc2)cc1,7.620186258,0.793945158,Active,0.771428571,TRUE
Cc1c[nH]c2ncnc(N3CCC(N)(C(=O)NC(C)c4ccc(F)cc4)CC3)c12,Cc1c[nH]c2ncnc(N3CCC(N)(C(=O)NC(C)c4ccc(F)cc4)CC3)c12,7.721379325,0.793975854,Active,0.833333333,TRUE
Cn1nc(-c2cc(C(=O)NC3CNCCC3c3ccc(F)c(F)c3)oc2Cl)c2cccnc21,Cn1nc(-c2cc(C(=O)NC3CNCCC3c3ccc(F)c(F)c3)oc2Cl)c2cccnc21,7.783379754,0.79404887,Active,0.658227848,TRUE
Cn1ncc(Br)c1-c1oc(C(=O)NC(CN)Cc2ccc(F)c(Cl)c2)cc1Cl,Cn1ncc(Br)c1-c1oc(C(=O)NC(CN)Cc2ccc(F)c(Cl)c2)cc1Cl,7.477117568,0.794257605,Active,0.633802817,TRUE
Nc1ncnc(N2CCC(c3nc(-c4ccsc4)cn3CCN3CCCC3)CC2)c1C1CCCC1,Nc1ncnc(N2CCC(c3nc(-c4ccsc4)cn3CCN3CCCC3)CC2)c1C1CCCC1,7.289981488,0.794314587,Active,0.742857143,TRUE
CCOc1c(N)ncnc1N1CCC(c2nc(-c3ccc(F)c(C(F)(F)F)c3)cn2CC(=O)NCCOC)CC1,CCOc1c(N)ncnc1N1CCC(c2nc(-c3ccc(F)c(C(F)(F)F)c3)cn2CC(=O)NCCOC)CC1,7.818442459,0.794371748,Active,0.704545455,TRUE
Cc1ccccc1-c1cn(CCN2CCCC2)c(C2CCN(c3ncnc(N)c3Cl)CC2)n1,Cc1ccccc1-c1cn(CCN2CCCC2)c(C2CCN(c3ncnc(N)c3Cl)CC2)n1,7.824762513,0.794390941,Active,0.705882353,TRUE
CCc1c(N)ncnc1N1CCC(c2nc(-c3cnc(OC(F)F)c(Cl)c3)cn2CCN2CCC2)CC1,CCc1c(N)ncnc1N1CCC(c2nc(-c3cnc(OC(F)F)c(Cl)c3)cn2CCN2CCC2)CC1,7.685772368,0.794392133,Active,0.721518987,TRUE
Cn1nccc1-c1cccc(C(=O)NC2CNCCC2c2ccc(F)cc2)c1Br,Cn1nccc1-c1cccc(C(=O)NC2CNCCC2c2ccc(F)cc2)c1Br,7.302210919,0.79454633,Active,0.727272727,TRUE
COc1ccc(Br)c2c1N(C(=O)Cc1nc(N3CCOCC3)cc(=O)n1C)CC2,COc1ccc(Br)c2c1N(C(=O)Cc1nc(N3CCOCC3)cc(=O)n1C)CC2,7.450965386,0.794581735,Active,0.712121212,TRUE
COc1ccc(C(=O)NC2CNCCC2c2ccc(F)c(F)c2)cc1-c1ccnn1C,COc1ccc(C(=O)NC2CNCCC2c2ccc(F)c(F)c2)cc1-c1ccnn1C,7.719088387,0.794591153,Active,0.803030303,TRUE
Cc1c[nH]c2ncnc(N3CCC(N)(C(=O)NCc4cccc(Cl)c4)CC3)c12,Cc1c[nH]c2ncnc(N3CCC(N)(C(=O)NCc4cccc(Cl)c4)CC3)c12,7.485503455,0.794598722,Active,0.614285714,TRUE
Cc1oc(C(=O)NC2CNCCC2c2cccc(F)c2)cc1-c1c(Cl)cnn1C,Cc1oc(C(=O)NC2CNCCC2c2cccc(F)c2)cc1-c1c(Cl)cnn1C,7.711374925,0.794602716,Active,0.72,TRUE
CNCCn1cc(-c2ccc(F)c(F)c2)nc1C1CCN(c2ncnc(N)c2C#N)CC1,CNCCn1cc(-c2ccc(F)c(F)c2)nc1C1CCN(c2ncnc(N)c2C#N)CC1,8.002128435,0.794611657,Active,0.884057971,TRUE
Cc1cc(N2CCC(c3nc(-c4ccc(Cl)c(C#N)c4)cn3CCN3CCC3)CC2)ncn1,Cc1cc(N2CCC(c3nc(-c4ccc(Cl)c(C#N)c4)cn3CCN3CCC3)CC2)ncn1,7.59579114,0.794786716,Active,0.620253165,TRUE
Cc1[nH]ncc1-c1cc(C(N)=O)nn2c(-c3ccccc3)c(-c3ccc(C4(N)CCC4)cc3)nc12,Cc1[nH]ncc1-c1cc(C(N)=O)nn2c(-c3ccccc3)c(-c3ccc(C4(N)CCC4)cc3)nc12,7.653235232,0.794844949,Active,0.704225352,TRUE
Cc1ccc(C(N)=O)c(N2CCC(c3nc(-c4ccc(F)c(C(F)(F)F)c4)cn3CCN3CCC3)CC2)n1,Cc1ccc(C(N)=O)c(N2CCC(c3nc(-c4ccc(F)c(C(F)(F)F)c4)cn3CCN3CCC3)CC2)n1,7.477707858,0.794855201,Active,0.730769231,TRUE
Cc1cc2n(n1)CCCc1sc(C(=O)NC3CNCCC3c3ccc(F)cc3)cc1-2,Cc1cc2n(n1)CCCc1sc(C(=O)NC3CNCCC3c3ccc(F)cc3)cc1-2,8.85402665,0.794990921,Active,0.644736842,TRUE
CC1CC(O)c2ncnc(N3CCN(C(=O)C(Cc4ccc(Cl)cc4)CC4CCCN4)CC3)c21,CC1CC(O)c2ncnc(N3CCN(C(=O)C(Cc4ccc(Cl)cc4)CC4CCCN4)CC3)c21,7.319232464,0.795024359,Active,0.689189189,TRUE
CC1Cc2ccccc2N1C(=O)Cc1nc(N)cc(N2CCOCC2)n1,CC1Cc2ccccc2N1C(=O)Cc1nc(N)cc(N2CCOCC2)n1,7.563494787,0.79522469,Active,0.671875,TRUE
Cc1c[nH]c2ncnc(N3CCCC(O)(CNC(=O)c4ccc(F)c(F)c4)C3)c12,Cc1c[nH]c2ncnc(N3CCCC(O)(CNC(=O)c4ccc(F)c(F)c4)C3)c12,7.31464719,0.79525193,Active,0.625,TRUE
CC(C)c1c(N)ncnc1N1CCC(c2nc(-c3ccc(Cl)cc3Cl)cn2CCN2CCC2)CC1,CC(C)c1c(N)ncnc1N1CCC(c2nc(-c3ccc(Cl)cc3Cl)cn2CCN2CCC2)CC1,7.620132386,0.79536339,Active,0.620253165,TRUE
NC(=O)C1(c2ccc(Br)cc2)CCN(c2ncnc3[nH]nc(Cl)c23)CC1,NC(=O)C1(c2ccc(Br)cc2)CCN(c2ncnc3[nH]nc(Cl)c23)CC1,7.159164893,0.795428121,Active,0.704918033,TRUE
Cn1ncc(Br)c1-c1cc(F)c(C(=O)NC2CNCCC2c2cncc(F)c2F)cc1F,Cn1ncc(Br)c1-c1cc(F)c(C(=O)NC2CNCCC2c2cncc(F)c2F)cc1F,7.406461953,0.79545536,Active,0.728571429,TRUE
CCOc1c(F)c(N2CCOCC2)nc(CC(=O)N2c3ccc(F)c(F)c3CC2C)c1Cl,CCOc1c(F)c(N2CCOCC2)nc(CC(=O)N2c3ccc(F)c(F)c3CC2C)c1Cl,7.671127183,0.795531952,Active,0.630136986,TRUE
Cn1ncc(Cl)c1-c1ccc(C(=O)NC2CCCNC2c2ccc(F)c(F)c2)cc1,Cn1ncc(Cl)c1-c1ccc(C(=O)NC2CCCNC2c2ccc(F)c(F)c2)cc1,7.290231117,0.795583451,Active,0.720588235,TRUE
NC1(C(=O)NCc2ccc(Cl)cc2)CCN(c2ncnc3[nH]c4c(c23)CCCC4)CC1,NC1(C(=O)NCc2ccc(Cl)cc2)CCN(c2ncnc3[nH]c4c(c23)CCCC4)CC1,7.565376359,0.7955971,Active,0.640625,TRUE
Cc1cc(-c2cn(CC(N)=O)c(C3CCN(c4ncnc(N)c4Br)CC3)n2)ccc1F,Cc1cc(-c2cn(CC(N)=O)c(C3CCN(c4ncnc(N)c4Br)CC3)n2)ccc1F,7.892622737,0.795879209,Active,0.75,TRUE
Cn1ncc(Cl)c1-c1cccc(C(=O)NC2CNCCC2c2cc(F)cc(F)c2)c1,Cn1ncc(Cl)c1-c1cccc(C(=O)NC2CNCCC2c2cc(F)cc(F)c2)c1,7.458061049,0.795907879,Active,0.76119403,TRUE
Nc1ncnc(N2CCC(c3nc(-c4ccc(F)c(C(F)(F)F)c4)cn3CCN3CCC(F)CC3)CC2)c1Cl,Nc1ncnc(N2CCC(c3nc(-c4ccc(F)c(C(F)(F)F)c4)cn3CCN3CCC(F)CC3)CC2)c1Cl,7.760937924,0.795917714,Active,0.898550725,TRUE
NC1(c2ccc(-n3c(-c4ccccn4)nc4ccc(-c5ccccc5)nc43)cc2)CCC1,NC1(c2ccc(-n3c(-c4ccccn4)nc4ccc(-c5ccccc5)nc43)cc2)CCC1,8.099029036,0.795962715,Active,0.82,TRUE
Cn1ncc(Br)c1-c1ccc(C(=O)NC2CNCCC2c2ccc(F)cn2)s1,Cn1ncc(Br)c1-c1ccc(C(=O)NC2CNCCC2c2ccc(F)cn2)s1,8.109609562,0.796016002,Active,0.732394366,TRUE
NC1(c2ccc(-c3nn4c(-c5cn[nH]c5)cnc4cc3-c3cccs3)cc2)CCC1,NC1(c2ccc(-c3nn4c(-c5cn[nH]c5)cnc4cc3-c3cccs3)cc2)CCC1,7.579126007,0.796035552,Active,0.774193548,TRUE
NC(Cc1ccc(Cl)c(F)c1)C(=O)N1CCN(c2ncnc3[nH]ccc23)CC1,NC(Cc1ccc(Cl)c(F)c1)C(=O)N1CCN(c2ncnc3[nH]ccc23)CC1,8.273887587,0.79611125,Active,0.766666667,TRUE
CC1Cc2cc(Cl)ccc2N1C(=O)Cc1nc(=S)c(F)c(N2CCOCC2)[nH]1,CC1Cc2cc(Cl)ccc2N1C(=O)Cc1nc(=S)c(F)c(N2CCOCC2)[nH]1,7.566544619,0.796117508,Active,0.616438356,TRUE
CC(C)n1cc(-c2ccc(F)c(C(F)(F)F)c2)nc1C1CCN(c2ncnc(N)c2Br)CC1,CC(C)n1cc(-c2ccc(F)c(C(F)(F)F)c2)nc1C1CCN(c2ncnc(N)c2Br)CC1,7.591464503,0.796241069,Active,0.803030303,TRUE
Cn1nccc1-c1cccc(C(=O)NC2CNCCC2c2ccc(-c3ccccc3)c(F)c2)c1,Cn1nccc1-c1cccc(C(=O)NC2CNCCC2c2ccc(-c3ccccc3)c(F)c2)c1,7.369865059,0.796279037,Active,0.735294118,TRUE
Cn1ncc(C(N)=O)c1N1CCC(c2nc(-c3ccc(F)c(C(F)(F)F)c3)cn2CCN2CCCC2)CC1,Cn1ncc(C(N)=O)c1N1CCC(c2nc(-c3ccc(F)c(C(F)(F)F)c3)cn2CCN2CCCC2)CC1,7.733779107,0.796420598,Active,0.691358025,TRUE
Cc1cnn(C)c1-c1cc(C(=O)NC2CNCCC2c2cc(F)c(F)c(F)c2)c(F)cc1Cl,Cc1cnn(C)c1-c1cc(C(=O)NC2CNCCC2c2cc(F)c(F)c(F)c2)c(F)cc1Cl,7.244248272,0.796434665,Active,0.643835616,TRUE
O=C(C(Cc1ccc(Cl)cc1)C(F)(F)F)N1CCN(c2ncnc3[nH]ccc23)CC1,O=C(C(Cc1ccc(Cl)cc1)C(F)(F)F)N1CCN(c2ncnc3[nH]ccc23)CC1,7.110966204,0.79651686,Active,0.762711864,TRUE
N#Cc1ccc(-c2cn(CCN3CCC3)c(C3CCN(c4ncnc(N)c4C#N)CC3)n2)cc1C(F)(F)F,N#Cc1ccc(-c2cn(CCN3CCC3)c(C3CCN(c4ncnc(N)c4C#N)CC3)n2)cc1C(F)(F)F,7.516819201,0.796588504,Active,0.863013699,TRUE
Cn1ncc(Cl)c1-c1ccc(C(=O)NC2CNCC2c2cc(F)cc(F)c2)s1,Cn1ncc(Cl)c1-c1ccc(C(=O)NC2CNCC2c2cc(F)cc(F)c2)s1,7.907404938,0.796641374,Active,0.735294118,TRUE
CC(C)NCC(C(=O)N1CCN(c2ncnc3c2C(C)(C)C(=O)N3)CC1)c1ccc(Cl)cc1,CC(C)NCC(C(=O)N1CCN(c2ncnc3c2C(C)(C)C(=O)N3)CC1)c1ccc(Cl)cc1,7.680178264,0.796687746,Active,0.705882353,TRUE
Cn1nccc1-c1cccc(NC(=O)NC2CNCCC2c2ccc(F)c(F)c2)c1,Cn1nccc1-c1cccc(NC(=O)NC2CNCCC2c2ccc(F)c(F)c2)c1,7.368031415,0.796809578,Active,0.71641791,TRUE
NC(COc1cncc(-c2ccc3[nH]nc(-c4ccccc4)c3c2)c1)Cc1c[nH]c2ncccc12,NC(COc1cncc(-c2ccc3[nH]nc(-c4ccccc4)c3c2)c1)Cc1c[nH]c2ncccc12,7.88733784,0.79691031,Active,0.828125,TRUE
CCNC(=O)NCCn1cc(-c2ccc(F)c(C(F)(F)F)c2)nc1C1CCN(c2ncnc(N)c2F)CC1,CCNC(=O)NCCn1cc(-c2ccc(F)c(C(F)(F)F)c2)nc1C1CCN(c2ncnc(N)c2F)CC1,7.959213153,0.797043884,Active,0.731707317,TRUE
Cc1c(N)ncnc1N1CCC(c2nc(-c3ccc(C#N)c(F)c3)cn2CCN2CCC2)CC1,Cc1c(N)ncnc1N1CCC(c2nc(-c3ccc(C#N)c(F)c3)cn2CCN2CCC2)CC1,7.33252386,0.797056341,Active,0.76,TRUE
COCCNCCn1cc(-c2ccc(C(F)(F)F)c(F)c2)nc1C1CCN(c2ncnc(N)c2Cl)CC1,COCCNCCn1cc(-c2ccc(C(F)(F)F)c(F)c2)nc1C1CCN(c2ncnc(N)c2Cl)CC1,7.596813129,0.797135615,Active,0.729411765,TRUE
NC(=O)c1scnc1N1CCC(c2nc(-c3ccc(F)c(Cl)c3)cn2CCN2CCC2)CC1,NC(=O)c1scnc1N1CCC(c2nc(-c3ccc(F)c(Cl)c3)cn2CCN2CCC2)CC1,7.700584462,0.797175133,Active,0.736842105,TRUE
NC(=O)c1[nH]nc2cnc(-c3cncc(OCC(N)Cc4cccc(F)c4F)c3)cc12,NC(=O)c1[nH]nc2cnc(-c3cncc(OCC(N)Cc4cccc(F)c4F)c3)cc12,7.60778181,0.797188544,Active,0.691176471,TRUE
Cn1ncnc1-c1nc2ccc(-c3cccnc3)nc2n1-c1ccc(C2(N)CCC2)cc1,Cn1ncnc1-c1nc2ccc(-c3cccnc3)nc2n1-c1ccc(C2(N)CCC2)cc1,7.61386986,0.797219419,Active,0.714285714,TRUE
Nc1cc(N2CCC(c3nc(-c4ccc(F)c(C(F)(F)F)c4F)cn3CCN3CCC3)CC2)ncn1,Nc1cc(N2CCC(c3nc(-c4ccc(F)c(C(F)(F)F)c4F)cn3CCN3CCC3)CC2)ncn1,7.374493853,0.797230804,Active,0.736111111,TRUE
Nc1ncnc(N2CCC(c3nc(-c4ccc(F)c(C(F)(F)F)c4)cn3CC(=O)NCCN3CCCC3)CC2)c1F,Nc1ncnc(N2CCC(c3nc(-c4ccc(F)c(C(F)(F)F)c4)cn3CC(=O)NCCN3CCCC3)CC2)c1F,7.453729285,0.797407115,Active,0.779220779,TRUE
Cc1nc(-c2nc(NC(=O)c3cc(-n4cnc(C5CC5)c4)c(N4CCC(O)C4)cn3)cs2)n(C)n1,Cc1nc(-c2nc(NC(=O)c3cc(-n4cnc(C5CC5)c4)c(N4CCC(O)C4)cn3)cs2)n(C)n1,7.904780925,0.797640049,Active,0.61627907,TRUE
O=C(NCN1CCCCC1)c1cc(Br)c(-c2ccnc3[nH]ccc23)s1,O=C(NCN1CCCCC1)c1cc(Br)c(-c2ccnc3[nH]ccc23)s1,7.612719116,0.797795677,Active,0.611940299,TRUE
Cn1nc(-c2ccc(C(=O)NC3CNCCC3c3ccc(F)c(F)c3)c(F)c2)c(F)c1N1CCOCC1,Cn1nc(-c2ccc(C(=O)NC3CNCCC3c3ccc(F)c(F)c3)c(F)c2)c(F)c1N1CCOCC1,7.486284475,0.797837818,Active,0.694444444,TRUE
NC(COc1cncc(-c2ccc3[nH]nc(C(F)(F)F)c3c2)c1)Cc1ccccc1,NC(COc1cncc(-c2ccc3[nH]nc(C(F)(F)F)c3c2)c1)Cc1ccccc1,7.780924205,0.797898614,Active,0.762711864,TRUE
Cn1nccc1-c1cc(C(=O)NC2CNCCC2c2ccc(F)c(F)c2)cnc1N1CCCC1,Cn1nccc1-c1cc(C(=O)NC2CNCCC2c2ccc(F)c(F)c2)cnc1N1CCCC1,7.605114231,0.797903025,Active,0.732394366,TRUE
Cc1cc(-c2cn(CCCN)c(C3CCN(c4ncnc(N)c4Cl)CC3)n2)ccc1F,Cc1cc(-c2cn(CCCN)c(C3CCN(c4ncnc(N)c4Cl)CC3)n2)ccc1F,7.693256679,0.79795047,Active,0.704225352,TRUE
Cc1cc(-c2cn(CCNCC(F)F)c(C3CCN(c4ncnc(N)c4C)CC3)n2)cc(F)c1F,Cc1cc(-c2cn(CCNCC(F)F)c(C3CCN(c4ncnc(N)c4C)CC3)n2)cc(F)c1F,7.871397514,0.798016334,Active,0.611764706,TRUE
O=C(NC(Cc1ccc(Cl)cc1)C(=O)N1CCN(c2ncnc3[nH]ccc23)CC1)c1ccc(F)c(Cl)c1,O=C(NC(Cc1ccc(Cl)cc1)C(=O)N1CCN(c2ncnc3[nH]ccc23)CC1)c1ccc(F)c(Cl)c1,7.789700309,0.798026288,Active,0.661764706,TRUE
Cn1ncc(Br)c1-c1ncc(C(=O)NC2CNCCC2c2ccc(F)c(F)c2)s1,Cn1ncc(Br)c1-c1ncc(C(=O)NC2CNCCC2c2ccc(F)c(F)c2)s1,7.808913976,0.798040175,Active,0.714285714,TRUE
Cn1nccc1-c1cc(C(N)=O)nn2c(-c3ccccc3)c(-c3ccc(C4(N)CCC4)cc3)nc12,Cn1nccc1-c1cc(C(N)=O)nn2c(-c3ccccc3)c(-c3ccc(C4(N)CCC4)cc3)nc12,7.468250387,0.798040593,Active,0.76119403,TRUE
Cn1ncc(Br)c1-c1oc(C(=O)NC2CNCCC2c2ccc(F)cc2)nc1C1CC1,Cn1ncc(Br)c1-c1oc(C(=O)NC2CNCCC2c2ccc(F)cc2)nc1C1CC1,7.557329434,0.798068547,Active,0.605263158,TRUE
Cn1nccc1-c1ccc(Cl)c(C(=O)NC2CNCCC2c2ccc(Cl)c(F)c2)c1,Cn1nccc1-c1ccc(Cl)c(C(=O)NC2CNCCC2c2ccc(Cl)c(F)c2)c1,7.4420872,0.798070395,Active,0.8,TRUE
Nc1ncnc(N2CCC(c3nc(-c4cccc(Cl)c4)cn3CCN3CCC3)CC2)c1Cl,Nc1ncnc(N2CCC(c3nc(-c4cccc(Cl)c4)cn3CCN3CCC3)CC2)c1Cl,7.695919339,0.798090899,Active,0.820895522,TRUE
Cc1cc(-c2cn(CC3CCNCC3)c(C3CCN(c4ncnc(N)c4C(N)=O)CC3)n2)ccc1F,Cc1cc(-c2cn(CC3CCNCC3)c(C3CCN(c4ncnc(N)c4C(N)=O)CC3)n2)ccc1F,7.426176473,0.798100972,Active,0.773333333,TRUE
Cc1cccc(C2CCNCC2NC(=O)c2cc(-c3c(Cl)cnn3C)c(Cl)o2)n1,Cc1cccc(C2CCNCC2NC(=O)c2cc(-c3c(Cl)cnn3C)c(Cl)o2)n1,7.854997136,0.798178041,Active,0.779411765,TRUE
Cn1ncc(Cl)c1-c1cc(C(=O)NC2CNCCC2c2ccccc2)oc1Br,Cn1ncc(Cl)c1-c1cc(C(=O)NC2CNCCC2c2ccccc2)oc1Br,7.505924784,0.798206353,Active,0.84375,TRUE
Cc1nc(C(F)(F)F)c(F)cc1-c1cn(CCN(C)C)c(C2CCN(c3ncnc(N)c3Cl)CC2)n1,Cc1nc(C(F)(F)F)c(F)cc1-c1cn(CCN(C)C)c(C2CCN(c3ncnc(N)c3Cl)CC2)n1,7.863678506,0.79829576,Active,0.602409639,TRUE
Nc1ncnc(N2CCC(c3nc(-c4cncc(Br)c4)cn3CCN3CCCC3)CC2)c1Br,Nc1ncnc(N2CCC(c3nc(-c4cncc(Br)c4)cn3CCN3CCCC3)CC2)c1Br,7.884250958,0.798305774,Active,0.731343284,TRUE
Cc1ccc(C2CCNCC2NC(=O)c2cc3c(s2)CCCn2ncc(Br)c2-3)s1,Cc1ccc(C2CCNCC2NC(=O)c2cc3c(s2)CCCn2ncc(Br)c2-3)s1,8.323720819,0.798350179,Active,0.739726027,TRUE
CC1Cc2ccccc2N1C(=O)Cc1nc(Cl)c(Cl)c(N2CCOCC2)n1,CC1Cc2ccccc2N1C(=O)Cc1nc(Cl)c(Cl)c(N2CCOCC2)n1,7.356226515,0.798414671,Active,0.714285714,TRUE
NC(COc1cnc(-c2ccoc2)c(-c2ccc3ncn(O)c3c2)c1)Cc1c[nH]c2ccccc12,NC(COc1cnc(-c2ccoc2)c(-c2ccc3ncn(O)c3c2)c1)Cc1c[nH]c2ccccc12,7.504392127,0.798460627,Active,0.721518987,TRUE
Cn1ncc(Cl)c1-c1ccc(C(=O)NC2CNCCC2c2ccncc2)s1,Cn1ncc(Cl)c1-c1ccc(C(=O)NC2CNCCC2c2ccncc2)s1,7.984186889,0.798566365,Active,0.852459016,TRUE
Cn1nccc1-c1cccc(C(=O)NC2CNCCC2c2cccc(F)c2)c1,Cn1nccc1-c1cccc(C(=O)NC2CNCCC2c2cccc(F)c2)c1,7.393648811,0.798663461,Active,0.769230769,TRUE
CC(C)NCCn1cc(-c2ccc(C#N)c(F)c2)nc1C1CCN(c2ncnc(N)c2F)CC1,CC(C)NCCn1cc(-c2ccc(C#N)c(F)c2)nc1C1CCN(c2ncnc(N)c2F)CC1,7.512958302,0.798772478,Active,0.734177215,TRUE
Cn1c(CC(=O)N2CCc3c(F)cc(F)cc32)nc(N2CCOCC2)cc1=O,Cn1c(CC(=O)N2CCc3c(F)cc(F)cc32)nc(N2CCOCC2)cc1=O,7.039663636,0.798777127,Active,0.786885246,TRUE
NC(=O)c1ccnn2c(-c3cccc(F)c3)c(-c3ccc(C4(N)CCC4)cc3)nc12,NC(=O)c1ccnn2c(-c3cccc(F)c3)c(-c3ccc(C4(N)CCC4)cc3)nc12,7.309674334,0.798792028,Active,0.793103448,TRUE
Cn1ccc(-c2cc(OCC(N)Cc3c[nH]c4ccccc34)cnc2-c2ccoc2)n1,Cn1ccc(-c2cc(OCC(N)Cc3c[nH]c4ccccc34)cnc2-c2ccoc2)n1,7.651497543,0.798846626,Active,0.714285714,TRUE
Cc1cnn2c1-c1cc(C(=O)NC3CNCCC3c3ccc(F)cc3)sc1CCC2,Cc1cnn2c1-c1cc(C(=O)NC3CNCCC3c3ccc(F)cc3)sc1CCC2,8.90787071,0.798880363,Active,0.716216216,TRUE
Cn1ncc(Cl)c1-c1ccc(C(=O)NC2CNCC2c2ccc(F)c(F)c2)s1,Cn1ncc(Cl)c1-c1ccc(C(=O)NC2CNCC2c2ccc(F)c(F)c2)s1,7.978758548,0.798893416,Active,0.701492537,TRUE
NC(=O)c1cccc2c(NC(CN3CCC3)c3ccc(Cl)c(Cl)c3)ncnc12,NC(=O)c1cccc2c(NC(CN3CCC3)c3ccc(Cl)c(Cl)c3)ncnc12,7.747752991,0.79890784,Active,0.852459016,TRUE
CN(C)CCNC(=O)c1cc(Br)c(-c2ccnc3[nH]ccc23)s1,CN(C)CCNC(=O)c1cc(Br)c(-c2ccnc3[nH]ccc23)s1,7.70035855,0.798924649,Active,0.651515152,TRUE
CC(C)C(NC(=O)C1(N)CCN(c2ncnc3[nH]ccc23)CC1)C(=O)Nc1cccc(F)c1,CC(C)C(NC(=O)C1(N)CCN(c2ncnc3[nH]ccc23)CC1)C(=O)Nc1cccc(F)c1,7.365053251,0.798927867,Active,0.642857143,TRUE
CC1SCc2ncnc(N3CCN(C(=O)C(Cc4ccc(Cl)cc4)NC(=O)C4(c5ccc(Cl)cc5F)CC4)CC3)c21,CC1SCc2ncnc(N3CCN(C(=O)C(Cc4ccc(Cl)cc4)NC(=O)C4(c5ccc(Cl)cc5F)CC4)CC3)c21,7.311392477,0.798966312,Active,0.6375,TRUE
Nc1ncnc(N2CCC(c3nc(-c4ccnc(Cl)c4)cn3CCN3CCCCC3)CC2)c1C(F)(F)F,Nc1ncnc(N2CCC(c3nc(-c4ccnc(Cl)c4)cn3CCN3CCCCC3)CC2)c1C(F)(F)F,7.602563917,0.798967922,Active,0.72972973,TRUE
CC1SCc2ncnc(N3CCN(C(=O)C(N)Cc4cc(F)c(F)cc4F)CC3)c21,CC1SCc2ncnc(N3CCN(C(=O)C(N)Cc4cc(F)c(F)cc4F)CC3)c21,7.046155305,0.799037957,Active,0.78125,TRUE
CC1SCc2ncnc(N3CCC(N)(C(=O)NC(Cc4ccc(F)c(F)c4)C(N)=O)CC3)c21,CC1SCc2ncnc(N3CCC(N)(C(=O)NC(Cc4ccc(F)c(F)c4)C(N)=O)CC3)c21,7.274562653,0.799073184,Active,0.64,TRUE
Cn1ncc(Br)c1-c1ccc(C(=O)NC2CNCCC2c2ccc[nH]2)s1,Cn1ncc(Br)c1-c1ccc(C(=O)NC2CNCCC2c2ccc[nH]2)s1,8.044297698,0.799094939,Active,0.714285714,TRUE
Cn1nc(-c2ccc(C(=O)NC3CNCCC3c3cccc(F)c3)cc2F)cc1Br,Cn1nc(-c2ccc(C(=O)NC3CNCCC3c3cccc(F)c3)cc2F)cc1Br,7.449276634,0.799170518,Active,0.602739726,TRUE
CNC(=O)c1cc(-c2ccccn2)c2nc(-c3ccc(C4(N)CCC4)cc3)c(-c3ccccc3)n2n1,CNC(=O)c1cc(-c2ccccn2)c2nc(-c3ccc(C4(N)CCC4)cc3)c(-c3ccccc3)n2n1,7.821390495,0.79921999,Active,0.785714286,TRUE
NC1(C(=O)NC(Cc2ccc(-c3ccccc3)cc2)c2ccc(F)cc2)CCN(c2ncnc3[nH]ccc23)CC1,NC1(C(=O)NC(Cc2ccc(-c3ccccc3)cc2)c2ccc(F)cc2)CCN(c2ncnc3[nH]ccc23)CC1,7.513585736,0.799243593,Active,0.685714286,TRUE
NC(=O)c1cccc2c(NC(CN3CCC3)c3ccc(Cl)cc3)ncnc12,NC(=O)c1cccc2c(NC(CN3CCC3)c3ccc(Cl)cc3)ncnc12,7.607876609,0.799349451,Active,0.827586207,TRUE
Cn1ncc(Br)c1-c1oc(C(=O)NC2CNCCC2c2cccc(F)c2)cc1Br,Cn1ncc(Br)c1-c1oc(C(=O)NC2CNCCC2c2cccc(F)c2)cc1Br,7.444112072,0.799453819,Active,0.753623188,TRUE
Cc1cc(F)ccc1CC(N)COc1cncc(-c2ncc3[nH]nc(C)c3n2)c1,Cc1cc(F)ccc1CC(N)COc1cncc(-c2ncc3[nH]nc(C)c3n2)c1,7.166334192,0.79950341,Active,0.75,TRUE
Nc1ncnc(N2CCC(c3nc(-c4cccc(OCCN5CCCC5)c4)cn3CCN3CCCC3)CC2)c1Cl,Nc1ncnc(N2CCC(c3nc(-c4cccc(OCCN5CCCC5)c4)cn3CCN3CCCC3)CC2)c1Cl,7.51973662,0.799514139,Active,0.811594203,TRUE
Cc1noc(C2CCNCC2NC(=O)c2ccc(-c3c(Cl)cnn3C)s2)n1,Cc1noc(C2CCNCC2NC(=O)c2ccc(-c3c(Cl)cnn3C)s2)n1,7.900451561,0.799561107,Active,0.710144928,TRUE
Cc1cc(-c2cn(CCN)c(C3CCN(c4ncnc(N)c4Cl)CC3)n2)ccc1F,Cc1cc(-c2cn(CCN)c(C3CCN(c4ncnc(N)c4Cl)CC3)n2)ccc1F,7.902597247,0.799643838,Active,0.724637681,TRUE
COc1c(N)ncnc1N1CCC(c2nc(-c3ccc(F)c(C)c3)c(C3CC3)n2C)CC1,COc1c(N)ncnc1N1CCC(c2nc(-c3ccc(F)c(C)c3)c(C3CC3)n2C)CC1,7.410365944,0.799646878,Active,0.61038961,TRUE
NC(=O)c1c(N)ncnc1N1CCC(c2nc(-c3cccc(Cl)c3)cn2CCNC2CCCC2)CC1,NC(=O)c1c(N)ncnc1N1CCC(c2nc(-c3cccc(Cl)c3)cn2CCNC2CCCC2)CC1,7.305309042,0.799680316,Active,0.797297297,TRUE
Cc1cc(-c2cn(CCN3CCC3)c(C3CCN(c4cc(N)ncn4)CC3)n2)c(F)cc1F,Cc1cc(-c2cn(CCN3CCC3)c(C3CCN(c4cc(N)ncn4)CC3)n2)c(F)cc1F,7.566470454,0.799695873,Active,0.68115942,TRUE
CC(C)NC(=O)Cn1cc(-c2ccc(F)c(C(F)(F)F)c2)nc1C1CCN(c2cc(N)ncn2)CC1,CC(C)NC(=O)Cn1cc(-c2ccc(F)c(C(F)(F)F)c2)nc1C1CCN(c2cc(N)ncn2)CC1,7.6909615,0.799742007,Active,0.701298701,TRUE
NC1(C(=O)NCc2cnc(Cl)cc2F)CCN(c2ncnc3[nH]ccc23)CC1,NC1(C(=O)NCc2cnc(Cl)cc2F)CCN(c2ncnc3[nH]ccc23)CC1,7.334696833,0.799848998,Active,0.6875,TRUE
Cc1ccccc1Cc1c(N2CCOCC2)nc(CC(=O)N2CCc3c(Cl)cccc32)n1C,Cc1ccccc1Cc1c(N2CCOCC2)nc(CC(=O)N2CCc3c(Cl)cccc32)n1C,7.291731701,0.799917066,Active,0.647887324,TRUE
Cn1ncc(Br)c1-c1oc(C(=O)NC(CN)Cc2ccc(Br)c(F)c2)cc1Cl,Cn1ncc(Br)c1-c1oc(C(=O)NC(CN)Cc2ccc(Br)c(F)c2)cc1Cl,7.618006954,0.799970472,Active,0.633802817,TRUE
COc1cc(C(=O)NC2CNCCC2c2cc(F)cc(F)c2)c(Cl)cc1-c1ccnn1C,COc1cc(C(=O)NC2CNCCC2c2cc(F)cc(F)c2)c(Cl)cc1-c1ccnn1C,7.613210495,0.800131881,Active,0.739130435,TRUE
Cc1[nH]nc2ncc(-c3cncc(OCC(N)Cc4ccccc4Cl)c3)cc12,Cc1[nH]nc2ncc(-c3cncc(OCC(N)Cc4ccccc4Cl)c3)cc12,7.585341597,0.800168478,Active,0.714285714,TRUE
CN(C)CCn1ncnc1-c1nc(NC(=O)c2cc(-n3cnc(C4CC4)c3)c(N3CC4CC4C3)cn2)cs1,CN(C)CCn1ncnc1-c1nc(NC(=O)c2cc(-n3cnc(C4CC4)c3)c(N3CC4CC4C3)cn2)cs1,7.948018817,0.800236249,Active,0.634408602,TRUE
CC(=O)Nc1nc2ccc(-c3cnc(Cl)c(NS(=O)(=O)c4cc(F)cc(F)c4)c3)cc2s1,CC(=O)Nc1nc2ccc(-c3cnc(Cl)c(NS(=O)(=O)c4cc(F)cc(F)c4)c3)cc2s1,7.870658938,0.800278151,Active,0.870967742,TRUE
Cc1nc(C(=O)NC2CNCCC2c2ccc(Cl)cc2)oc1-c1c(Br)cnn1C,Cc1nc(C(=O)NC2CNCCC2c2ccc(Cl)cc2)oc1-c1c(Br)cnn1C,7.299108495,0.800388122,Active,0.739130435,TRUE
CN1CCC(n2cnnc2-c2nc(NC(=O)c3cc(-n4cnc(C5CC5)c4)c(F)cn3)cs2)CC1,CN1CCC(n2cnnc2-c2nc(NC(=O)c3cc(-n4cnc(C5CC5)c4)c(F)cn3)cs2)CC1,7.983697877,0.80048033,Active,0.7375,TRUE
Cc1cc(-c2cn(CCN3CCC3)c(C3(O)CCN(c4ncnc(N)c4Cl)CC3)n2)ccn1,Cc1cc(-c2cn(CCN3CCC3)c(C3(O)CCN(c4ncnc(N)c4Cl)CC3)n2)ccn1,7.72470655,0.800677681,Active,0.777777778,TRUE
CCN(CCF)CCn1cc(-c2ccc(F)c(C(F)(F)F)c2)nc1C1CCN(c2ncnc(N)c2C)CC1,CCN(CCF)CCn1cc(-c2ccc(F)c(C(F)(F)F)c2)nc1C1CCN(c2ncnc(N)c2C)CC1,7.531250863,0.800678396,Active,0.743589744,TRUE
Cn1ncc(Br)c1-c1ncc(C(=O)NC2CNCCC2c2cccc(F)c2)s1,Cn1ncc(Br)c1-c1ncc(C(=O)NC2CNCCC2c2cccc(F)c2)s1,7.978875289,0.800703311,Active,0.785714286,TRUE
Cn1ncc(Cl)c1-c1c(Cl)ccc(C(=O)NC2CNCCC2c2ccc(F)c(F)c2)c1Br,Cn1ncc(Cl)c1-c1c(Cl)ccc(C(=O)NC2CNCCC2c2ccc(F)c(F)c2)c1Br,7.722329872,0.800707781,Active,0.732394366,TRUE
Cn1nccc1-c1cc(F)c(C(=O)NC2CNCCC2c2cnc(F)c(F)c2)cc1F,Cn1nccc1-c1cc(F)c(C(=O)NC2CNCCC2c2cnc(F)c(F)c2)cc1F,7.662130572,0.800738537,Active,0.8,TRUE
Cc1occc1-c1nc(N)c(OCC(N)Cc2c[nH]c3ccccc23)cc1-c1cnccn1,Cc1occc1-c1nc(N)c(OCC(N)Cc2c[nH]c3ccccc23)cc1-c1cnccn1,7.949736191,0.800789738,Active,0.763157895,TRUE
COc1cc(CNC(=O)C2(O)CCN(c3ncnc4[nH]ccc34)CC2)ccc1Cl,COc1cc(CNC(=O)C2(O)CCN(c3ncnc4[nH]ccc34)CC2)ccc1Cl,7.36235766,0.800881827,Active,0.602941176,TRUE
CNCC(Nc1ncnc2c(C(N)=O)cccc12)c1ccc(F)c(C)c1,CNCC(Nc1ncnc2c(C(N)=O)cccc12)c1ccc(F)c(C)c1,7.511934686,0.800922716,Active,0.775862069,TRUE
COc1ccnnc1N1CCC(c2nc(-c3ccc(F)c(C#N)c3)cn2CCN2CCCC2)CC1,COc1ccnnc1N1CCC(c2nc(-c3ccc(F)c(C#N)c3)cn2CCN2CCCC2)CC1,7.683888697,0.800927365,Active,0.619047619,TRUE
Cn1ncc(Br)c1-c1ncc(C(=O)NC2CNCCC2c2ccccc2)s1,Cn1ncc(Br)c1-c1ncc(C(=O)NC2CNCCC2c2ccccc2)s1,7.676087034,0.801057482,Active,0.630136986,TRUE
Cn1ccc(-c2ccc(C(=O)NC3CNCCC3c3cccc(F)c3)cc2F)n1,Cn1ccc(-c2ccc(C(=O)NC3CNCCC3c3cccc(F)c3)cc2F)n1,7.697870392,0.80106684,Active,0.605633803,TRUE
Cc1ccc(CC(N)COc2cncc(-c3ccc4[nH]nc(CN)c4c3)c2)c(C)c1,Cc1ccc(CC(N)COc2cncc(-c3ccc4[nH]nc(CN)c4c3)c2)c(C)c1,7.500194521,0.801162624,Active,0.707692308,TRUE
Cc1nc(C2CCNCC2NC(=O)c2ccc(-c3ccnn3C)s2)ccc1F,Cc1nc(C2CCNCC2NC(=O)c2ccc(-c3ccnn3C)s2)ccc1F,7.645023263,0.801203275,Active,0.71641791,TRUE
Cn1nc(-c2ccc(C(=O)NC3CNCCC3c3cccc(F)c3)s2)cc1OCC(F)(F)F,Cn1nc(-c2ccc(C(=O)NC3CNCCC3c3cccc(F)c3)s2)cc1OCC(F)(F)F,7.575801902,0.801203811,Active,0.649350649,TRUE
Cc1cc(-c2cn(CCO)c(C3CCN(c4ncnc5[nH]cc(C)c45)C3)n2)ccc1F,Cc1cc(-c2cn(CCO)c(C3CCN(c4ncnc5[nH]cc(C)c45)C3)n2)ccc1F,7.571833005,0.801304483,Active,0.641975309,TRUE
CCN(CC)CCn1cc(-c2ccc(F)c(OC(F)(F)F)c2)nc1C1CCN(c2ncnc(N)c2C(N)=O)CC1,CCN(CC)CCn1cc(-c2ccc(F)c(OC(F)(F)F)c2)nc1C1CCN(c2ncnc(N)c2C(N)=O)CC1,7.441996185,0.801331306,Active,0.8,TRUE
Cc1cccc(C2CCNCC2NC(=O)c2ccc(-c3ccnn3C)s2)n1,Cc1cccc(C2CCNCC2NC(=O)c2ccc(-c3ccnn3C)s2)n1,7.532004408,0.801449144,Active,0.712121212,TRUE
Cn1ncc(Br)c1-c1cc(C(=O)NC2CNCCC2c2cccc(F)c2)oc1Cl,Cn1ncc(Br)c1-c1cc(C(=O)NC2CNCCC2c2cccc(F)c2)oc1Cl,7.987170872,0.801464105,Active,0.710526316,TRUE
COc1ccc(-c2cn(CCN3CCC3)c(C3CCN(c4ncnc(N)c4Cl)CC3)n2)cc1Cl,COc1ccc(-c2cn(CCN3CCC3)c(C3CCN(c4ncnc(N)c4Cl)CC3)n2)cc1Cl,7.501486634,0.801495934,Active,0.821917808,TRUE
Nc1ncnc(N2CCC(c3nc(-c4ccc(F)c(C(F)(F)F)c4)cn3CC(=O)NC3CC3)CC2)c1Cl,Nc1ncnc(N2CCC(c3nc(-c4ccc(F)c(C(F)(F)F)c4)cn3CC(=O)NC3CC3)CC2)c1Cl,8.017897407,0.801740193,Active,0.708860759,TRUE
NC1(c2ccc(-c3nc4c(Br)cccn4c3-c3ccccn3)cc2)CCC1,NC1(c2ccc(-c3nc4c(Br)cccn4c3-c3ccccn3)cc2)CCC1,7.410932163,0.80178299,Active,0.745098039,TRUE
Nc1ncnc(N2CCC(c3nc(-c4ccc(F)c(Cl)c4)cn3CCN3CCC3)CC2)c1C(N)Cc1ccccc1,Nc1ncnc(N2CCC(c3nc(-c4ccc(F)c(Cl)c4)cn3CCN3CCC3)CC2)c1C(N)Cc1ccccc1,7.758880021,0.801786804,Active,0.703703704,TRUE
CSc1cc(-c2cn(CCN3CCC3)c(C3CCN(c4ncnc(N)c4Cl)CC3)n2)ccn1,CSc1cc(-c2cn(CCN3CCC3)c(C3CCN(c4ncnc(N)c4Cl)CC3)n2)ccn1,7.573132925,0.801867211,Active,0.777777778,TRUE
N#Cc1cc(Cl)cc(-c2cn(CCN3CCCC3)c(C3CCN(c4cc(N)ncn4)CC3)n2)c1,N#Cc1cc(Cl)cc(-c2cn(CCN3CCCC3)c(C3CCN(c4cc(N)ncn4)CC3)n2)c1,7.712014466,0.801932657,Active,0.676056338,TRUE
Cn1nccc1-c1ccc(C(=O)NC2CNCCC2c2ccc(F)nc2)s1,Cn1nccc1-c1ccc(C(=O)NC2CNCCC2c2ccc(F)nc2)s1,7.430904835,0.801949704,Active,0.753846154,TRUE
Cn1c(CC(=O)N2c3ccccc3CC2c2ccc(Cl)cc2)nc(N2CCOCC2)cc1=O,Cn1c(CC(=O)N2c3ccccc3CC2c2ccc(Cl)cc2)nc(N2CCOCC2)cc1=O,7.169325548,0.802139008,Active,0.753846154,TRUE
Cn1ncc(Br)c1-c1nc(NC(=O)c2cc(-n3cnc(C4CC4)c3)c(N3CC(F)(F)C3)cn2)cs1,Cn1ncc(Br)c1-c1nc(NC(=O)c2cc(-n3cnc(C4CC4)c3)c(N3CC(F)(F)C3)cn2)cs1,7.715655162,0.802244508,Active,0.678571429,TRUE
O=C(NCc1ccc(Cl)cc1)N1CCN(c2ncnc3[nH]ccc23)CC1,O=C(NCc1ccc(Cl)cc1)N1CCN(c2ncnc3[nH]ccc23)CC1,7.214334299,0.802299225,Active,0.719298246,TRUE
O=C(NCCCO)c1cc(Br)c(-c2ccnc3[nH]ccc23)s1,O=C(NCCCO)c1cc(Br)c(-c2ccnc3[nH]ccc23)s1,7.421293072,0.80255785,Active,0.650793651,TRUE
Cc1c[nH]c2ncnc(N3CCC(N)(CNC(=O)c4cc(F)c(F)cc4F)C3)c12,Cc1c[nH]c2ncnc(N3CCC(N)(CNC(=O)c4cc(F)c(F)cc4F)C3)c12,7.490749297,0.802586758,Active,0.828125,TRUE
Cn1nc(-c2ccc(C(=O)NC3CNCCC3c3cccc(F)c3)cc2)cc1Cl,Cn1nc(-c2ccc(C(=O)NC3CNCCC3c3cccc(F)c3)cc2)cc1Cl,7.353278073,0.802588308,Active,0.720588235,TRUE
Cn1ncc(Br)c1-c1ccc(C(=O)NC2CNCCC2c2ccncc2)s1,Cn1ncc(Br)c1-c1ccc(C(=O)NC2CNCCC2c2ccncc2)s1,7.801461194,0.802630508,Active,0.75,TRUE
COCc1c(C(=O)NC2CNCCC2c2ccc(F)c(F)c2)cccc1-c1ccnn1C,COCc1c(C(=O)NC2CNCCC2c2ccc(F)c(F)c2)cccc1-c1ccnn1C,7.467229632,0.802834654,Active,0.708333333,TRUE
Cn1ncc2ccc(-c3ccc(C(=O)NC4CNCCC4c4ccc(F)c(F)c4)cn3)cc21,Cn1ncc2ccc(-c3ccc(C(=O)NC4CNCCC4c4ccc(F)c(F)c4)cn3)cc21,7.295254491,0.802835369,Active,0.718309859,TRUE
CCNCCn1cc(-c2ccc(Cl)c(C(F)(F)F)c2)nc1C1CCN(c2cc(N)ncn2)CC1,CCNCCn1cc(-c2ccc(Cl)c(C(F)(F)F)c2)nc1C1CCN(c2cc(N)ncn2)CC1,7.86206771,0.803056443,Active,0.641025641,TRUE
Cn1nc(-c2ccc(C(=O)NC3CNCCC3c3cccc(F)c3)cc2)c2cccnc21,Cn1nc(-c2ccc(C(=O)NC3CNCCC3c3cccc(F)c3)cc2)c2cccnc21,7.201859794,0.803078198,Active,0.626666667,TRUE
Cc1ccc(C2CCNCC2NC(=O)c2cc3c(s2)OCCn2nccc2-3)s1,Cc1ccc(C2CCNCC2NC(=O)c2cc3c(s2)OCCn2nccc2-3)s1,8.663920171,0.803101444,Active,0.742857143,TRUE
CC(N)CC1Cc2cc(-c3cncc(OCC(N)Cc4c[nH]c5ccccc45)c3)ccc2NC1=O,CC(N)CC1Cc2cc(-c3cncc(OCC(N)Cc4c[nH]c5ccccc45)c3)ccc2NC1=O,7.138006826,0.803210998,Active,0.72,TRUE
Cc1ccc(C(N)=O)c(N2CCC(c3nc(-c4ccc(F)c(Cl)c4)cn3CCN3CCC3)CC2)n1,Cc1ccc(C(N)=O)c(N2CCC(c3nc(-c4ccc(F)c(Cl)c4)cn3CCN3CCC3)CC2)n1,7.776801083,0.803224528,Active,0.714285714,TRUE
N#Cc1cncc(-c2cn(CCNC3CCCC3)c(C3CCN(c4ncnc(N)c4C(F)(F)F)CC3)n2)c1,N#Cc1cncc(-c2cn(CCNC3CCCC3)c(C3CCN(c4ncnc(N)c4C(F)(F)F)CC3)n2)c1,7.72331802,0.803270364,Active,0.643678161,TRUE
CN(C)CCn1cc(-c2cc(F)c(C(F)(F)F)c(F)c2)nc1C1CCN(c2ncnc(N)c2C2CC2)CC1,CN(C)CCn1cc(-c2cc(F)c(C(F)(F)F)c(F)c2)nc1C1CCN(c2ncnc(N)c2C2CC2)CC1,7.51271217,0.803281629,Active,0.791666667,TRUE
CC1Cc2cc(F)ccc2N1C(=O)Cc1nc(N2CCOCC2)cc(=O)n1C1CC1,CC1Cc2cc(F)ccc2N1C(=O)Cc1nc(N2CCOCC2)cc(=O)n1C1CC1,7.456345382,0.803304219,Active,0.8,TRUE
Cn1c(CC(=O)N2CC(C)(C)c3c(F)cccc32)nc(N2CCOCC2)c(Br)c1=O,Cn1c(CC(=O)N2CC(C)(C)c3c(F)cccc32)nc(N2CCOCC2)c(Br)c1=O,7.291795742,0.803332412,Active,0.705882353,TRUE
Cn1nccc1-c1c(C(=O)NC2CNCCC2c2ccc(F)c(F)c2)ccc(F)c1F,Cn1nccc1-c1c(C(=O)NC2CNCCC2c2ccc(F)c(F)c2)ccc(F)c1F,7.545461769,0.803391004,Active,0.793650794,TRUE
Cn1c(CC(=O)N2CCc3c(Cl)cccc32)nc(N2CCOC3CCCCC32)cc1=O,Cn1c(CC(=O)N2CCc3c(Cl)cccc32)nc(N2CCOC3CCCCC32)cc1=O,7.311337015,0.80346843,Active,0.695652174,TRUE
NC1(C(=O)NCc2cc(C(F)(F)F)ccc2Cl)CCN(c2ncnc3[nH]ccc23)CC1,NC1(C(=O)NCc2cc(C(F)(F)F)ccc2Cl)CCN(c2ncnc3[nH]ccc23)CC1,7.372878818,0.803486431,Active,0.666666667,TRUE
CC(C)c1c(N)ncnc1N1CCC(c2nc(-c3ccc(C(F)(F)F)c(F)c3)cn2CCN(C)C)CC1,CC(C)c1c(N)ncnc1N1CCC(c2nc(-c3ccc(C(F)(F)F)c(F)c3)cn2CCN(C)C)CC1,7.402277003,0.803564751,Active,0.717948718,TRUE
O=C(NCCc1ccccc1)C1(Cc2ccc(Cl)cc2)CCN(c2ncnc3[nH]ccc23)CC1,O=C(NCCc1ccccc1)C1(Cc2ccc(Cl)cc2)CCN(c2ncnc3[nH]ccc23)CC1,7.493072134,0.803815866,Active,0.611940299,TRUE
CCOc1cc(-c2cn(CCN3CCC3)c(C3CCN(c4cc(N)ncn4)CC3)n2)ccc1F,CCOc1cc(-c2cn(CCN3CCC3)c(C3CCN(c4cc(N)ncn4)CC3)n2)ccc1F,8.020721824,0.803850615,Active,0.779411765,TRUE
CC1(C)C(=O)Nc2ccc(-c3cncc(OCC(N)Cc4ccc(Cl)c(Cl)c4)c3)cc21,CC1(C)C(=O)Nc2ccc(-c3cncc(OCC(N)Cc4ccc(Cl)c(Cl)c4)c3)cc21,7.509021423,0.803866827,Active,0.632352941,TRUE
NC(=O)c1cccc2c(NC(CN3CCC3)c3ccc(F)c(Cl)c3)ncnc12,NC(=O)c1cccc2c(NC(CN3CCC3)c3ccc(F)c(Cl)c3)ncnc12,7.837586174,0.80388447,Active,0.870967742,TRUE
CC(C)NCCn1cc(-c2ccnc(C(F)(F)F)c2)nc1C1CCN(c2ncnc(N)c2C(N)=O)CC1,CC(C)NCCn1cc(-c2ccnc(C(F)(F)F)c2)nc1C1CCN(c2ncnc(N)c2C(N)=O)CC1,7.567334864,0.803926015,Active,0.794871795,TRUE
Cn1c(CC(=O)N2CCc3cc(C(F)(F)F)ccc32)nc(N2CCOCC2)cc1=O,Cn1c(CC(=O)N2CCc3cc(C(F)(F)F)ccc32)nc(N2CCOCC2)cc1=O,7.187708202,0.803985798,Active,0.741935484,TRUE
CC1(C)CN(C(=O)Cc2nc(N3CCOCC3)cc(=O)n2-c2ccccc2)c2ccc(F)cc21,CC1(C)CN(C(=O)Cc2nc(N3CCOCC3)cc(=O)n2-c2ccccc2)c2ccc(F)cc21,7.377770149,0.803986633,Active,0.61971831,TRUE
NC(=O)c1[nH]nc2ccc(-c3cncc(OCC(N)Cc4cccc(Cl)c4)c3)cc12,NC(=O)c1[nH]nc2ccc(-c3cncc(OCC(N)Cc4cccc(Cl)c4)c3)cc12,7.54972836,0.804130876,Active,0.676470588,TRUE
Cn1nc(-c2ccc(C(=O)NC3CNCCC3c3cccc(F)c3)cc2)c2ccc(F)cc21,Cn1nc(-c2ccc(C(=O)NC3CNCCC3c3cccc(F)c3)cc2)c2ccc(F)cc21,7.263598435,0.804176116,Active,0.652777778,TRUE
NC1(C(=O)NC(c2cccc(F)c2)C(F)(F)F)CCN(c2ncnc3[nH]ccc23)CC1,NC1(C(=O)NC(c2cccc(F)c2)C(F)(F)F)CCN(c2ncnc3[nH]ccc23)CC1,7.626135768,0.804226959,Active,0.656716418,TRUE
Nc1ncnc(N2CCC(c3nc(-c4ccc(F)c(C(F)(F)F)c4)cn3CC(=O)NCC3CCNCC3)CC2)c1Cl,Nc1ncnc(N2CCC(c3nc(-c4ccc(F)c(C(F)(F)F)c4)cn3CC(=O)NCC3CCNCC3)CC2)c1Cl,7.955775505,0.804278398,Active,0.722891566,TRUE
CC1(C)C(=O)Nc2ccc(-c3cncc(OCC(N)Cc4ccc5c(c4)OCO5)c3)cc21,CC1(C)C(=O)Nc2ccc(-c3cncc(OCC(N)Cc4ccc5c(c4)OCO5)c3)cc21,7.457458528,0.804346824,Active,0.652777778,TRUE
Nc1[nH]nc2ccc(-c3cncc(OCC(N)Cc4cccc(F)c4)c3)cc12,Nc1[nH]nc2ccc(-c3cncc(OCC(N)Cc4cccc(F)c4)c3)cc12,7.427447839,0.804436827,Active,0.73015873,TRUE
CC1(C)C(=O)Nc2ccc(-c3cncc(OCC(N)Cc4ccc(F)cc4F)c3)cc21,CC1(C)C(=O)Nc2ccc(-c3cncc(OCC(N)Cc4ccc(F)cc4F)c3)cc21,7.450587055,0.804461443,Active,0.637681159,TRUE
CNCCn1cc(-c2ccc(OC)c(F)c2)nc1C1CCN(c2ncnc(N)c2Cl)CC1,CNCCn1cc(-c2ccc(OC)c(F)c2)nc1C1CCN(c2ncnc(N)c2Cl)CC1,7.664531241,0.804506564,Active,0.701298701,TRUE
COc1cccc(C2CCNCC2NC(=O)c2ccc(-c3c(Cl)cnn3C)s2)n1,COc1cccc(C2CCNCC2NC(=O)c2ccc(-c3c(Cl)cnn3C)s2)n1,7.976460969,0.804570401,Active,0.714285714,TRUE
CC(C)Oc1c(N)ncnc1N1CCC(c2nc(-c3ccc(-c4cnn(C)c4)cc3)cn2CCN2CCC2)CC1,CC(C)Oc1c(N)ncnc1N1CCC(c2nc(-c3ccc(-c4cnn(C)c4)cc3)cn2CCN2CCC2)CC1,7.147641652,0.804587507,Active,0.74025974,TRUE
CC(NC(=O)C1(N)CCN(c2ncnc3[nH]ccc23)CC1)c1ccccc1Br,CC(NC(=O)C1(N)CCN(c2ncnc3[nH]ccc23)CC1)c1ccccc1Br,7.656444671,0.804678166,Active,0.766666667,TRUE
CCCNC(=O)c1cc(Br)c(-c2ccnc3[nH]ccc23)s1,CCCNC(=O)c1cc(Br)c(-c2ccnc3[nH]ccc23)s1,7.488427294,0.804685915,Active,0.661290323,TRUE
Cc1[nH]nc2ccc(-c3cncc(OCC(N)Cc4cccc(OCCC(F)(F)F)c4)c3)cc12,Cc1[nH]nc2ccc(-c3cncc(OCC(N)Cc4cccc(OCCC(F)(F)F)c4)c3)cc12,7.373803147,0.804697716,Active,0.643835616,TRUE
Cc1oc(C(=O)NC2CNCCC2c2ccc(Cl)cc2)cc1-c1c(Br)cnn1C,Cc1oc(C(=O)NC2CNCCC2c2ccc(Cl)cc2)cc1-c1c(Br)cnn1C,7.385893792,0.804843867,Active,0.791044776,TRUE
NC(=O)c1ccc(-c2cn(CC3CC3)c(C3CCN(c4ncnc(N)c4Br)CC3)n2)cc1F,NC(=O)c1ccc(-c2cn(CC3CC3)c(C3CCN(c4ncnc(N)c4Br)CC3)n2)cc1F,7.502670084,0.80487355,Active,0.631578947,TRUE
CCNCCn1cc(-c2ccc(F)c(CF)c2)nc1C1CCN(c2ncnc(N)c2C(N)=O)CC1,CCNCCn1cc(-c2ccc(F)c(CF)c2)nc1C1CCN(c2ncnc(N)c2C(N)=O)CC1,7.684292148,0.805128419,Active,0.740740741,TRUE
NC1(C(=O)Nc2ccc(Br)cc2)CCN(c2ncnc3[nH]ccc23)CC1,NC1(C(=O)Nc2ccc(Br)cc2)CCN(c2ncnc3[nH]ccc23)CC1,7.344297863,0.805374467,Active,0.711864407,TRUE
Cn1ncc(Cl)c1-c1cc(C(=O)NC2CNCCC2c2ccc(F)nc2)oc1Cl,Cn1ncc(Cl)c1-c1cc(C(=O)NC2CNCCC2c2ccc(F)nc2)oc1Cl,7.899617167,0.805387521,Active,0.811594203,TRUE
CCc1cc(Cl)cc(-c2cn(CCN3CCC3)c(C3CCN(c4cc(N)ncn4)CC3)n2)c1,CCc1cc(Cl)cc(-c2cn(CCN3CCC3)c(C3CCN(c4cc(N)ncn4)CC3)n2)c1,7.800543239,0.805440211,Active,0.661971831,TRUE
Cn1ccc(-c2ccc(C(=O)NC3CNCCC3c3cc(F)cc(F)c3)c(F)c2)n1,Cn1ccc(-c2ccc(C(=O)NC3CNCCC3c3cc(F)cc(F)c3)c(F)c2)n1,7.838626783,0.805482054,Active,0.73015873,TRUE
O=C(NCc1ccncn1)c1cc(Br)c(-c2ccnc3[nH]ccc23)s1,O=C(NCc1ccncn1)c1cc(Br)c(-c2ccnc3[nH]ccc23)s1,7.508715085,0.805552626,Active,0.621212121,TRUE
CCOC(=O)CC(NC(=O)c1ccc(-c2ccnc3[nH]ccc23)s1)c1ccccc1C,CCOC(=O)CC(NC(=O)c1ccc(-c2ccnc3[nH]ccc23)s1)c1ccccc1C,7.16465957,0.80562731,Active,0.617647059,TRUE
Cn1ncc(-c2cccc(F)c2)c1-c1ccc(C(=O)NC2CNCC2c2ccncc2)s1,Cn1ncc(-c2cccc(F)c2)c1-c1ccc(C(=O)NC2CNCC2c2ccncc2)s1,7.055794473,0.805655622,Active,0.743243243,TRUE
NC(COc1cncc(-c2ccc3[nH]ncc3c2)c1)Cc1ccccc1Br,NC(COc1cncc(-c2ccc3[nH]ncc3c2)c1)Cc1ccccc1Br,7.435272369,0.805664384,Active,0.725806452,TRUE
Cc1nc(C(=O)NC2CNCCC2c2cccc(F)c2)c(F)c(-c2c(Br)cnn2C)c1Cl,Cc1nc(C(=O)NC2CNCCC2c2cccc(F)c2)c(F)c(-c2c(Br)cnn2C)c1Cl,7.917625855,0.805778348,Active,0.684210526,TRUE
COc1ncc(-c2cc3c(C)nc(N)nc3n(C3CCC(N4CCN(C)CC4)CC3)c2=O)cc1F,COc1ncc(-c2cc3c(C)nc(N)nc3n(C3CCC(N4CCN(C)CC4)CC3)c2=O)cc1F,7.412461578,0.805913293,Active,0.732394366,TRUE
O=C(Cc1nc(N2CCOCC2)cc(=O)n1Cc1ccc(F)cc1)N1CCc2c(Cl)cccc21,O=C(Cc1nc(N2CCOCC2)cc(=O)n1Cc1ccc(F)cc1)N1CCc2c(Cl)cccc21,7.319943003,0.806011224,Active,0.720588235,TRUE
Cc1csc2c(N3CCN(C(=O)C(CNC(C)C)c4ccc(Cl)cc4)CC3)ncnc12,Cc1csc2c(N3CCN(C(=O)C(CNC(C)C)c4ccc(Cl)cc4)CC3)ncnc12,7.282814962,0.806013429,Active,0.605633803,TRUE
Cn1ncc(Cl)c1-c1ccc(C(=O)NC2CNCCC2c2cccc(F)n2)s1,Cn1ncc(Cl)c1-c1ccc(C(=O)NC2CNCCC2c2cccc(F)n2)s1,8.373769444,0.806020105,Active,0.746478873,TRUE
NC(=O)C(NC(=O)C1(N)CCN(c2ncnc3[nH]ccc23)CC1)c1ccc(Br)cc1,NC(=O)C(NC(=O)C1(N)CCN(c2ncnc3[nH]ccc23)CC1)c1ccc(Br)cc1,7.475550055,0.806098902,Active,0.830508475,TRUE
Cn1nccc1-c1cc(C(=O)NC2CNCCC2c2cccc(F)c2)nc(C2CC2)c1,Cn1nccc1-c1cc(C(=O)NC2CNCCC2c2cccc(F)c2)nc(C2CC2)c1,7.456896611,0.806107128,Active,0.742857143,TRUE
Nc1ncnc(N2CCC(c3nc(-c4ccc(F)c(C(F)(F)F)c4)cn3CC(=O)N3CCC3)CC2)c1Cl,Nc1ncnc(N2CCC(c3nc(-c4ccc(F)c(C(F)(F)F)c4)cn3CC(=O)N3CCC3)CC2)c1Cl,7.971004023,0.806136036,Active,0.763157895,TRUE
NC1(C(=O)NCc2ccc(Br)cc2)CCN(c2ncnc3[nH]ccc23)CC1,NC1(C(=O)NCc2ccc(Br)cc2)CCN(c2ncnc3[nH]ccc23)CC1,7.549084687,0.806140327,Active,0.818181818,TRUE
Cc1ccc(CC(COc2cncc(-c3ccc4[nH]nc(C)c4c3)c2)c2cncnc2)cc1F,Cc1ccc(CC(COc2cncc(-c3ccc4[nH]nc(C)c4c3)c2)c2cncnc2)cc1F,7.339758324,0.806199336,Active,0.753846154,TRUE
Cc1cc(-c2cn(CC3CCCN3)c(C3CCN(c4ncnc(N)c4C(F)(F)F)CC3)n2)ccc1F,Cc1cc(-c2cn(CC3CCCN3)c(C3CCN(c4ncnc(N)c4C(F)(F)F)CC3)n2)ccc1F,7.435909509,0.806208634,Active,0.698795181,TRUE
Nc1ncnc(N2CCC(c3nc(-c4ccc(F)c(OC(F)F)c4)cn3CCN3CCC3)CC2)c1F,Nc1ncnc(N2CCC(c3nc(-c4ccc(F)c(OC(F)F)c4)cn3CCN3CCC3)CC2)c1F,8.047030763,0.806221032,Active,0.815789474,TRUE
CNCCn1cc(-c2ccc(F)c(C#N)c2)nc1C1CCN(c2ncnc(N)c2F)CC1,CNCCn1cc(-c2ccc(F)c(C#N)c2)nc1C1CCN(c2ncnc(N)c2F)CC1,7.96366569,0.806267405,Active,0.746666667,TRUE
Cn1ncc(Br)c1-c1sc(C(=O)NC2CNCCC2c2ccccc2)cc1Cl,Cn1ncc(Br)c1-c1sc(C(=O)NC2CNCCC2c2ccccc2)cc1Cl,8.05591355,0.806401336,Active,0.626666667,TRUE
CNC(=O)CNC(=O)c1cc(Br)c(-c2ccnc3[nH]ccc23)s1,CNC(=O)CNC(=O)c1cc(Br)c(-c2ccnc3[nH]ccc23)s1,7.606840385,0.806481981,Active,0.640625,TRUE
NC(=O)C1(Cc2ccc(Cl)cc2)CCN(c2ncnc3[nH]ccc23)CC1,NC(=O)C1(Cc2ccc(Cl)cc2)CCN(c2ncnc3[nH]ccc23)CC1,7.430137666,0.806497538,Active,0.677966102,TRUE
CC(=O)NCCn1cc(-c2ccc(F)c(C(F)(F)F)c2)nc1C1CCN(c2ncnc(N)c2F)CC1,CC(=O)NCCn1cc(-c2ccc(F)c(C(F)(F)F)c2)nc1C1CCN(c2ncnc(N)c2F)CC1,7.848372199,0.806652331,Active,0.759493671,TRUE
Cc1n[nH]c2ccc(-c3cncc(OCC(N)Cc4ccc(Cl)c(F)c4)c3)cc2c1=O,Cc1n[nH]c2ccc(-c3cncc(OCC(N)Cc4ccc(Cl)c(F)c4)c3)cc2c1=O,7.750470583,0.806716943,Active,0.888888889,TRUE
NC(=O)CC(NC(=O)C1(N)CCN(c2ncnc3[nH]ccc23)CC1)c1cc(F)cc(F)c1,NC(=O)CC(NC(=O)C1(N)CCN(c2ncnc3[nH]ccc23)CC1)c1cc(F)cc(F)c1,7.537313104,0.806904638,Active,0.765625,TRUE
CNCC(Nc1ncnc2c(C(N)=O)cccc12)c1ccc(F)c(Br)c1,CNCC(Nc1ncnc2c(C(N)=O)cccc12)c1ccc(F)c(Br)c1,7.491056313,0.806947374,Active,0.762711864,TRUE
Cc1c(N)ncnc1N1CCC(c2nc(-c3cccc(Cl)c3)cn2CCN2CCC2)CC1,Cc1c(N)ncnc1N1CCC(c2nc(-c3cccc(Cl)c3)cn2CCN2CCC2)CC1,7.684519184,0.807009542,Active,0.823529412,TRUE
CCOc1c(N)ncnc1N1CCC(c2nc(-c3ccc(F)cn3)cn2CCN2CCCC2)CC1,CCOc1c(N)ncnc1N1CCC(c2nc(-c3ccc(F)cn3)cn2CCN2CCCC2)CC1,7.720539219,0.80700978,Active,0.72,TRUE
Cc1c(N2CCCCC2)nc(CC(=O)N2c3ccc(F)c(F)c3CC2C)n1C,Cc1c(N2CCCCC2)nc(CC(=O)N2c3ccc(F)c(F)c3CC2C)n1C,7.42893878,0.807031178,Active,0.681818182,TRUE
NC1(C(=O)NC(=O)Cc2cc(Cl)cc(Cl)c2)CCN(c2ncnc3[nH]ccc23)CC1,NC1(C(=O)NC(=O)Cc2cc(Cl)cc(Cl)c2)CCN(c2ncnc3[nH]ccc23)CC1,7.444287943,0.807073736,Active,0.677419355,TRUE
Cn1ncc(Br)c1-c1nc(Cl)c(C(=O)NC2CNCCC2c2cccc(F)c2)s1,Cn1ncc(Br)c1-c1nc(Cl)c(C(=O)NC2CNCCC2c2cccc(F)c2)s1,7.869499009,0.807096148,Active,0.706666667,TRUE
Cc1cc(-c2cn(CCN3CC(C)C3)c(C3CCN(c4cc(N)ncn4)CC3)n2)ccc1F,Cc1cc(-c2cn(CCN3CC(C)C3)c(C3CCN(c4cc(N)ncn4)CC3)n2)ccc1F,7.796533724,0.807100201,Active,0.724637681,TRUE
Nc1ncnc(N2CCC(c3nc(-c4cncc(F)c4)cn3CC(N)c3ccc(F)cc3)CC2)c1Cl,Nc1ncnc(N2CCC(c3nc(-c4cncc(F)c4)cn3CC(N)c3ccc(F)cc3)CC2)c1Cl,7.78686548,0.807114744,Active,0.605263158,TRUE
Cc1cc(-c2cn(CCN)c(C3CCN(c4ncnc(N)c4C#N)CC3)n2)ccc1F,Cc1cc(-c2cn(CCN)c(C3CCN(c4ncnc(N)c4C#N)CC3)n2)ccc1F,7.923987501,0.807213032,Active,0.880597015,TRUE
Nc1[nH]nc2ccc(-c3cncc(OCC(N)Cc4c(F)cc(F)cc4F)c3)cc12,Nc1[nH]nc2ccc(-c3cncc(OCC(N)Cc4c(F)cc(F)cc4F)c3)cc12,7.144011077,0.807221854,Active,0.721311475,TRUE
O=C(Nc1csc(-c2nncn2C2CCOCC2)n1)c1cc(N2CCC(C(F)(F)F)CC2)c(Cl)cn1,O=C(Nc1csc(-c2nncn2C2CCOCC2)n1)c1cc(N2CCC(C(F)(F)F)CC2)c(Cl)cn1,7.253374306,0.807233894,Active,0.604651163,TRUE
Nc1cc(N2CCC(c3nc(-c4cc(F)cc(Cl)c4F)cn3CCN3CCC3)CC2)ncn1,Nc1cc(N2CCC(c3nc(-c4cc(F)cc(Cl)c4F)cn3CCN3CCC3)CC2)ncn1,7.691021704,0.807291949,Active,0.661971831,TRUE
Cc1cc(-c2cn(CCNC3CCOCC3)c(C3CCN(c4ncnc(N)c4F)CC3)n2)ccc1F,Cc1cc(-c2cn(CCNC3CCOCC3)c(C3CCN(c4ncnc(N)c4F)CC3)n2)ccc1F,7.716852451,0.807580376,Active,0.725,TRUE
Cc1cc(-c2cn(CCNC3CCCC3)c(C3CCN(c4ncnc(N)c4Cl)CC3)n2)ccn1,Cc1cc(-c2cn(CCNC3CCCC3)c(C3CCN(c4ncnc(N)c4Cl)CC3)n2)ccn1,8.169948524,0.80762651,Active,0.746666667,TRUE
NC1(c2ccc(-c3nc4n(c3-c3cncnc3)COc3nccnc3-4)cc2)CC1,NC1(c2ccc(-c3nc4n(c3-c3cncnc3)COc3nccnc3-4)cc2)CC1,7.364024034,0.807645702,Active,0.619047619,TRUE
Cn1ncc(Cl)c1-c1ccc(C(=O)NC2CNCCC2c2cc(F)cc(Br)c2)cc1,Cn1ncc(Cl)c1-c1ccc(C(=O)NC2CNCCC2c2cc(F)cc(Br)c2)cc1,7.304502604,0.807781124,Active,0.791044776,TRUE
Cc1nc(Cl)c2nc(-c3ccc(C4(N)CCC4)cc3)c(-c3ccccc3)n2n1,Cc1nc(Cl)c2nc(-c3ccc(C4(N)CCC4)cc3)c(-c3ccccc3)n2n1,7.000708939,0.80779227,Active,0.788461538,TRUE
CN(C)CCn1cc(-c2ccc(F)c(C(N)=O)c2)nc1C1CCN(c2ncnc(N)c2F)CC1,CN(C)CCn1cc(-c2ccc(F)c(C(N)=O)c2)nc1C1CCN(c2ncnc(N)c2F)CC1,7.456731814,0.807823086,Active,0.75,TRUE
Nc1cc(N2CCC(c3nc(-c4ccc(Cl)c(F)c4)cn3CCN3CCC3)CC2)ncn1,Nc1cc(N2CCC(c3nc(-c4ccc(Cl)c(F)c4)cn3CCN3CCC3)CC2)ncn1,7.320642665,0.807866955,Active,0.828125,TRUE
Nc1ncnc(N2CCC(c3nc(-c4ccc(F)c(F)c4)cn3CCN3CCC3)CC2)c1C(=O)C1CC1,Nc1ncnc(N2CCC(c3nc(-c4ccc(F)c(F)c4)cn3CCN3CCC3)CC2)c1C(=O)C1CC1,7.802112422,0.807981873,Active,0.869565217,TRUE
N#CC(Cc1cccc(Cl)c1)NC(=O)C1(N)CCN(c2ncnc3[nH]ccc23)CC1,N#CC(Cc1cccc(Cl)c1)NC(=O)C1(N)CCN(c2ncnc3[nH]ccc23)CC1,7.654251964,0.807984495,Active,0.662162162,TRUE
Cc1cc(-c2cn(CCN3CCCC3)c(C3CCN(c4ncnc(N)c4C(F)(F)F)CC3)n2)ccn1,Cc1cc(-c2cn(CCN3CCCC3)c(C3CCN(c4ncnc(N)c4C(F)(F)F)CC3)n2)ccn1,7.635048295,0.807988846,Active,0.75,TRUE
N#Cc1ccc(-c2cn(CCN3CCCC3)c(C3CCN(c4ncnc(N)c4Cl)CC3)n2)cc1,N#Cc1ccc(-c2cn(CCN3CCCC3)c(C3CCN(c4ncnc(N)c4Cl)CC3)n2)cc1,7.643657947,0.807993972,Active,0.8,TRUE
NC1(C(=O)NCC(F)F)CCN(c2ncnc3[nH]cc(Cl)c23)CC1,NC1(C(=O)NCC(F)F)CCN(c2ncnc3[nH]cc(Cl)c23)CC1,7.475179757,0.808013582,Active,0.625,TRUE
O=C(NCc1ccc(F)c(F)c1)c1cc(Br)c(-c2ccnc3[nH]ccc23)s1,O=C(NCc1ccc(F)c(F)c1)c1cc(Br)c(-c2ccnc3[nH]ccc23)s1,7.470591866,0.80804112,Active,0.623188406,TRUE
Cc1nc(C)c(C(=O)NC2CNCCC2c2ccc(F)c(F)c2)c(-c2c(Br)cnn2C)c1C,Cc1nc(C)c(C(=O)NC2CNCCC2c2ccc(F)c(F)c2)c(-c2c(Br)cnn2C)c1C,7.2342328,0.808115327,Active,0.753623188,TRUE
Nc1ncnc(N2CCC(c3nc(-c4ccnc(C(F)(F)F)c4)cn3CCN3CCCC3)CC2)c1F,Nc1ncnc(N2CCC(c3nc(-c4ccnc(C(F)(F)F)c4)cn3CCN3CCCC3)CC2)c1F,7.671909321,0.808118904,Active,0.814285714,TRUE
O=C(NCc1ccc(F)cc1)c1cc(Br)c(-c2ccnc3[nH]ccc23)s1,O=C(NCc1ccc(F)cc1)c1cc(Br)c(-c2ccnc3[nH]ccc23)s1,7.522402522,0.808177316,Active,0.71875,TRUE
COc1[nH]nc2ccc(-c3cncc(OCC(N)Cc4cccc(C(F)(F)F)c4)c3)cc12,COc1[nH]nc2ccc(-c3cncc(OCC(N)Cc4cccc(C(F)(F)F)c4)c3)cc12,7.598957891,0.808203065,Active,0.735294118,TRUE
Cc1cccc(-c2cn(CCN3CCC3)c(C3CCN(c4ncnc(N)c4Cl)CC3)n2)c1,Cc1cccc(-c2cn(CCN3CCC3)c(C3CCN(c4ncnc(N)c4Cl)CC3)n2)c1,7.938993335,0.808211112,Active,0.794117647,TRUE
Cn1ncc(-c2cc(C(=O)NC3CNCCC3c3ccccc3)oc2Cl)c1-c1ccccc1,Cn1ncc(-c2cc(C(=O)NC3CNCCC3c3ccccc3)oc2Cl)c1-c1ccccc1,7.194487895,0.808213317,Active,0.815384615,TRUE
CCc1c(N)ncnc1N1CCC(c2nc(-c3ccc(CO)c(F)c3)cn2CCN2CCCC2)CC1,CCc1c(N)ncnc1N1CCC(c2nc(-c3ccc(CO)c(F)c3)cn2CCN2CCCC2)CC1,7.256296168,0.808274293,Active,0.842857143,TRUE
Nc1ncnc(N2CCC(c3nc(-c4ccc(F)cc4)cn3CC3CCNCC3)CC2)c1Cl,Nc1ncnc(N2CCC(c3nc(-c4ccc(F)cc4)cn3CC3CCNCC3)CC2)c1Cl,7.737135633,0.808383369,Active,0.705882353,TRUE
CNCCCn1cc(-c2ccc(F)c(C)c2)nc1C1CCN(c2ncnc(N)c2Cl)CC1,CNCCCn1cc(-c2ccc(F)c(C)c2)nc1C1CCN(c2ncnc(N)c2Cl)CC1,7.871659076,0.808569634,Active,0.723684211,TRUE
CC(NC(=O)C1(N)CCN(c2ncnc3[nH]ccc23)CC1)c1ccc(Br)cn1,CC(NC(=O)C1(N)CCN(c2ncnc3[nH]ccc23)CC1)c1ccc(Br)cn1,7.583555569,0.808613026,Active,0.786885246,TRUE
COc1c(N)ncnc1N1CCC(c2nc(-c3ccc(F)c(C)c3)cn2CCNC(C)=O)CC1,COc1c(N)ncnc1N1CCC(c2nc(-c3ccc(F)c(C)c3)cn2CCNC(C)=O)CC1,8.117848145,0.80866679,Active,0.721518987,TRUE
N#Cc1c(N)ncnc1N1CCC(c2nc(-c3cc(O)c(OC(F)F)c(F)c3)cn2CCN2CCC2)CC1,N#Cc1c(N)ncnc1N1CCC(c2nc(-c3cc(O)c(OC(F)F)c(F)c3)cn2CCN2CCC2)CC1,7.737267325,0.808676863,Active,0.777777778,TRUE
Cn1c(CC(=O)N2CC(C)(C)c3c(Cl)cccc32)nc(N2CCOCC2)c(Cl)c1=O,Cn1c(CC(=O)N2CC(C)(C)c3c(Cl)cccc32)nc(N2CCOCC2)c(Cl)c1=O,7.391489045,0.80874368,Active,0.727272727,TRUE
Cn1nccc1-c1cccc(C(=O)NC2CNCCC2c2cc(F)cc(F)c2)c1F,Cn1nccc1-c1cccc(C(=O)NC2CNCCC2c2cc(F)cc(F)c2)c1F,7.996040366,0.808776462,Active,0.723076923,TRUE
Cc1cc(C)cc(-c2cn(CCNCCO)c(C3CCN(c4ncnc(N)c4Br)CC3)n2)c1,Cc1cc(C)cc(-c2cn(CCNCCO)c(C3CCN(c4ncnc(N)c4Br)CC3)n2)c1,8.014625979,0.809008503,Active,0.604938272,TRUE
CCc1c(N)ncnc1N1CCC(c2nc(-c3cccc(C#N)c3)cn2CCN2CCC2)C(F)C1,CCc1c(N)ncnc1N1CCC(c2nc(-c3cccc(C#N)c3)cn2CCN2CCC2)C(F)C1,7.754031773,0.809161568,Active,0.714285714,TRUE
Nc1ncnc(N2CCC(c3nc(-c4cc(F)c(F)[n+]([O-])c4)cn3CCN3CCCC3)CC2)c1Cl,Nc1ncnc(N2CCC(c3nc(-c4cc(F)c(F)[n+]([O-])c4)cn3CCN3CCCC3)CC2)c1Cl,7.796828003,0.809188032,Active,0.771428571,TRUE
CN(C)CCn1cc(-c2ccc(F)c(F)c2)nc1C1CCN(c2ncnc(N)c2OC(F)F)CC1,CN(C)CCn1cc(-c2ccc(F)c(F)c2)nc1C1CCN(c2ncnc(N)c2OC(F)F)CC1,7.727014042,0.809196973,Active,0.786666667,TRUE
CCC(C(=O)N1CCN(c2ncnc3c2C(C)SC3)CC1)c1cc(F)cc(F)c1,CCC(C(=O)N1CCN(c2ncnc3c2C(C)SC3)CC1)c1cc(F)cc(F)c1,7.085553144,0.809285426,Active,0.636363636,TRUE
NC1(C(=O)NCc2ccccc2Cl)CCN(c2ncnc3[nH]ccc23)CC1,NC1(C(=O)NCc2ccccc2Cl)CCN(c2ncnc3[nH]ccc23)CC1,7.534346497,0.809452736,Active,0.745762712,TRUE
Cn1ncc(Br)c1-c1cc(C(=O)NC2CNCCC2c2ccc(F)c(F)c2)oc1Cl,Cn1ncc(Br)c1-c1cc(C(=O)NC2CNCCC2c2ccc(F)c(F)c2)oc1Cl,7.925288997,0.809468234,Active,0.852941176,TRUE
COc1cc(F)c2nc(-c3ccc(C4(N)CCC4)cc3)c(-c3ccccc3)n2n1,COc1cc(F)c2nc(-c3ccc(C4(N)CCC4)cc3)c(-c3ccccc3)n2n1,7.438313146,0.809471154,Active,0.803571429,TRUE
CCOc1c(N)ncnc1N1CCC(c2nc(-c3cccc(Br)c3)cn2CCN(C)C)CC1,CCOc1c(N)ncnc1N1CCC(c2nc(-c3cccc(Br)c3)cn2CCN(C)C)CC1,7.738228124,0.80949899,Active,0.746666667,TRUE
CCN(CC)C(=O)Cn1cc(-c2ccc(F)c(C(F)(F)F)c2)nc1C1CCN(c2ncnc(N)c2Cl)CC1,CCN(CC)C(=O)Cn1cc(-c2ccc(F)c(C(F)(F)F)c2)nc1C1CCN(c2ncnc(N)c2Cl)CC1,7.977017584,0.809581602,Active,0.7,TRUE
COc1cc(-c2cn(CCN3CCCC3)c(C3CCN(c4ncncc4F)CC3)n2)ccc1F,COc1cc(-c2cn(CCN3CCCC3)c(C3CCN(c4ncncc4F)CC3)n2)ccc1F,7.617276033,0.809628332,Active,0.72,TRUE
Nc1ncnc(N2CCC(c3nc(-c4ccc(O)c(Cl)c4)cn3CCN3CCC3)CC2)c1F,Nc1ncnc(N2CCC(c3nc(-c4ccc(O)c(Cl)c4)cn3CCN3CCC3)CC2)c1F,7.782225322,0.809656882,Active,0.710526316,TRUE
NC(=O)c1c[nH]c2ncnc(N3CCN(C(=O)C(N)Cc4ccc(Cl)cc4)CC3)c12,NC(=O)c1c[nH]c2ncnc(N3CCN(C(=O)C(N)Cc4ccc(Cl)cc4)CC3)c12,7.926030934,0.809686208,Active,0.810344828,TRUE
Cc1ccc(-c2ccc(C(=O)NC3CNCCC3c3cccc(F)c3)s2)nc1,Cc1ccc(-c2ccc(C(=O)NC3CNCCC3c3cccc(F)c3)s2)nc1,7.187185736,0.809739435,Active,0.7,TRUE
O=C(Nc1nc2ccc(-c3cnc(Cl)c(NS(=O)(=O)c4ccc(F)cc4)c3)cc2s1)C1CCOC1,O=C(Nc1nc2ccc(-c3cnc(Cl)c(NS(=O)(=O)c4ccc(F)cc4)c3)cc2s1)C1CCOC1,7.658788172,0.809743667,Active,0.742857143,TRUE
NC1(C(=O)NCCc2ccccc2Cl)CCN(c2ncnc3[nH]ccc23)CC1,NC1(C(=O)NCCc2ccccc2Cl)CCN(c2ncnc3[nH]ccc23)CC1,7.709510334,0.809978926,Active,0.666666667,TRUE
NC(=O)c1cc(Br)c2nc(-c3ccc(C4(N)CCC(N)C4)cc3)c(-c3ccccc3)n2c1,NC(=O)c1cc(Br)c2nc(-c3ccc(C4(N)CCC(N)C4)cc3)c(-c3ccccc3)n2c1,7.471869483,0.810005748,Active,0.774193548,TRUE
Cn1c(CC(=O)N2CCc3cc(Cl)c(Cl)cc32)nc(N2CCOCC2)cc1=O,Cn1c(CC(=O)N2CCc3cc(Cl)c(Cl)cc32)nc(N2CCOCC2)cc1=O,7.339123598,0.810094261,Active,0.793103448,TRUE
COc1cc(-c2cc3c(C)nc(N)nc3n(C3CCC(OCCO)CC3)c2=O)c(F)cc1F,COc1cc(-c2cc3c(C)nc(N)nc3n(C3CCC(OCCO)CC3)c2=O)c(F)cc1F,7.539895607,0.810178244,Active,0.671232877,TRUE
Nc1ncnc(N2CCC(c3nc(-c4ccc(F)cc4)cn3CC(=O)NC3CCC3)CC2)c1Cl,Nc1ncnc(N2CCC(c3nc(-c4ccc(F)cc4)cn3CC(=O)NC3CCC3)CC2)c1Cl,7.882097454,0.810193086,Active,0.680555556,TRUE
CC(Cc1ccc(Cl)cc1)NC(=O)C1CCN(c2ncnc3[nH]cc(Cl)c23)CC1,CC(Cc1ccc(Cl)cc1)NC(=O)C1CCN(c2ncnc3[nH]cc(Cl)c23)CC1,7.994399466,0.810444021,Active,0.621212121,TRUE
Cn1ccc(C2CCNCC2NC(=O)c2ccc(-c3ccnn3C)s2)n1,Cn1ccc(C2CCNCC2NC(=O)c2ccc(-c3ccnn3C)s2)n1,7.415282825,0.810447419,Active,0.734375,TRUE
O=C(NC1CNCCC1c1ccc(F)cn1)c1cc2c(s1)OCCn1nccc1-2,O=C(NC1CNCCC1c1ccc(F)cn1)c1cc2c(s1)OCCn1nccc1-2,8.520344386,0.810459638,Active,0.774647887,TRUE
CNCCn1cc(-c2ccnc(C(F)(F)F)c2)nc1C1CCN(c2ncnc(OC)c2Cl)CC1,CNCCn1cc(-c2ccnc(C(F)(F)F)c2)nc1C1CCN(c2ncnc(OC)c2Cl)CC1,8.012606671,0.810470247,Active,0.808219178,TRUE
Cn1nccc1-c1ccc(C(=O)NC2CNCCC2c2ccsc2)s1,Cn1nccc1-c1ccc(C(=O)NC2CNCCC2c2ccsc2)s1,7.77359359,0.810476923,Active,0.761904762,TRUE
O=C(NC1CCN(c2ncnc3[nH]cc(Cl)c23)C1)C1(c2ccc(Cl)c(Cl)c2)CC1,O=C(NC1CCN(c2ncnc3[nH]cc(Cl)c23)C1)C1(c2ccc(Cl)c(Cl)c2)CC1,7.882997126,0.810514176,Active,0.623188406,TRUE
CN(C)CCn1cc(-c2ccnc(F)c2)nc1C1CCN(c2ncnc(N)c2Br)CC1,CN(C)CCn1cc(-c2ccnc(F)c2)nc1C1CCN(c2ncnc(N)c2Br)CC1,7.841322911,0.810618722,Active,0.753424658,TRUE
CC(=O)N(C)CCn1cc(-c2cccc(F)c2)nc1C1CCN(c2ncnc(N)c2Cl)CC1,CC(=O)N(C)CCn1cc(-c2cccc(F)c2)nc1C1CCN(c2ncnc(N)c2Cl)CC1,7.634583806,0.810624743,Active,0.72,TRUE
Cc1cc(-c2cn(CCN(C)C)c(C3CCN(c4ncnc(N)c4Br)CC3)n2)cc(C)n1,Cc1cc(-c2cn(CCN(C)C)c(C3CCN(c4ncnc(N)c4Br)CC3)n2)cc(C)n1,8.115872242,0.810647392,Active,0.708333333,TRUE
NC1(C(=O)NCc2ccc(Cl)c(C(F)(F)F)c2)CCN(c2ncnc3[nH]ccc23)CC1,NC1(C(=O)NCc2ccc(Cl)c(C(F)(F)F)c2)CCN(c2ncnc3[nH]ccc23)CC1,7.506477638,0.810740316,Active,0.73015873,TRUE
CNCCCNCCn1cc(-c2cccc(F)c2)nc1C1CCN(c2ncnc(N)c2Cl)CC1,CNCCCNCCn1cc(-c2cccc(F)c2)nc1C1CCN(c2ncnc(N)c2Cl)CC1,7.719145037,0.810753787,Active,0.72,TRUE
NC(=O)c1ccnn2c(-c3ccccc3F)c(-c3ccc(C4(N)CCC4)cc3)nc12,NC(=O)c1ccnn2c(-c3ccccc3F)c(-c3ccc(C4(N)CCC4)cc3)nc12,7.19898874,0.810786569,Active,0.775862069,TRUE
CC1(C)C(=O)Nc2ccc(-c3cncc(OCC(N)Cc4ccc(F)c(F)c4F)c3)cc21,CC1(C)C(=O)Nc2ccc(-c3cncc(OCC(N)Cc4ccc(F)c(F)c4F)c3)cc21,7.504252732,0.810884917,Active,0.632352941,TRUE
CNC(=O)c1ccc2[nH]c3ncnc(N4CCC(N)(C(=O)NC(C)c5ccc(F)cc5)CC4)c3c2c1,CNC(=O)c1ccc2[nH]c3ncnc(N4CCC(N)(C(=O)NC(C)c5ccc(F)cc5)CC4)c3c2c1,7.449590956,0.810888612,Active,0.625,TRUE
Cn1ccc(-c2ccc(C(=O)NC3CNCCC3c3ccc(F)c(F)c3)c(F)c2)n1,Cn1ccc(-c2ccc(C(=O)NC3CNCCC3c3ccc(F)c(F)c3)c(F)c2)n1,7.778305723,0.810991371,Active,0.734375,TRUE
Cc1c[nH]c2ncnc(N3CCC(N)(CNC(=O)c4cc(F)cc(F)c4)C3)c12,Cc1c[nH]c2ncnc(N3CCC(N)(CNC(=O)c4cc(F)cc(F)c4)C3)c12,7.486131113,0.810996735,Active,0.841269841,TRUE
CC(=O)c1cccc(-c2cn(CCC(C)(C)C)c(C3CCN(c4ncnc(N)c4Br)CC3)n2)c1,CC(=O)c1cccc(-c2cn(CCC(C)(C)C)c(C3CCN(c4ncnc(N)c4Br)CC3)n2)c1,7.650669067,0.811103606,Active,0.615384615,TRUE
O=C(NCc1ccccc1)c1cc(Br)c(-c2ccnc3[nH]ccc23)s1,O=C(NCc1ccccc1)c1cc(Br)c(-c2ccnc3[nH]ccc23)s1,7.317599992,0.811165833,Active,0.721311475,TRUE
Cc1nc(C2CCNCC2NC(=O)c2ccc(-c3c(Cl)cnn3C)s2)nc(C)c1F,Cc1nc(C2CCNCC2NC(=O)c2ccc(-c3c(Cl)cnn3C)s2)nc(C)c1F,7.773460147,0.811175072,Active,0.731343284,TRUE
Cc1c[nH]c2ncnc(N3CCC(N)(CNC(=O)c4ccc(F)cc4)CC3)c12,Cc1c[nH]c2ncnc(N3CCC(N)(CNC(=O)c4ccc(F)cc4)CC3)c12,7.301741699,0.811287785,Active,0.896551724,TRUE
CC1SCc2ncnc(N3CCN(C(=O)C(CNC(=O)c4ccc(Cl)s4)Cc4ccc(Cl)c(F)c4)CC3)c21,CC1SCc2ncnc(N3CCN(C(=O)C(CNC(=O)c4ccc(Cl)s4)Cc4ccc(Cl)c(F)c4)CC3)c21,7.453197488,0.811340892,Active,0.7625,TRUE
O=C(Nc1csc(-c2nncn2C2CCCC2)n1)c1cc(-n2cnc(C3CC3)c2)c(C(F)(F)F)cn1,O=C(Nc1csc(-c2nncn2C2CCCC2)n1)c1cc(-n2cnc(C3CC3)c2)c(C(F)(F)F)cn1,7.691744223,0.811403894,Active,0.725,TRUE
CN(C)CCCn1cc(-c2ccc(F)c(C(F)(F)F)c2)nc1C1CCN(c2ncnc(N)c2Cl)CC1,CN(C)CCCn1cc(-c2ccc(F)c(C(F)(F)F)c2)nc1C1CCN(c2ncnc(N)c2Cl)CC1,7.705193463,0.811414564,Active,0.773333333,TRUE
CCn1c(-c2nonc2N)nc2c(C#CC(C)(C)O)ncc(OC)c21,CCn1c(-c2nonc2N)nc2c(C#CC(C)(C)O)ncc(OC)c21,7.445526133,0.811486864,Active,0.819672131,TRUE
Cn1ccc(-c2ccc(C(=O)NC3CNCCC3c3cccc(F)c3)cc2)n1,Cn1ccc(-c2ccc(C(=O)NC3CNCCC3c3cccc(F)c3)cc2)n1,7.323626761,0.811498547,Active,0.676470588,TRUE
CC(C)N(C)CCn1cc(-c2ccc(F)c(C(F)(F)F)c2)nc1C1CCN(c2ncccc2C(N)=O)CC1,CC(C)N(C)CCn1cc(-c2ccc(F)c(C(F)(F)F)c2)nc1C1CCN(c2ncccc2C(N)=O)CC1,7.415552744,0.811503255,Active,0.75,TRUE
NC(=O)c1cnc(N2CCC(c3nc(-c4ccc(F)c(OC(F)F)c4)cn3CCN3CCCC3)CC2)cc1Cl,NC(=O)c1cnc(N2CCC(c3nc(-c4ccc(F)c(OC(F)F)c4)cn3CCN3CCCC3)CC2)cc1Cl,7.700509143,0.811534548,Active,0.666666667,TRUE
COCC(NC(=O)C1(N)CCN(c2ncnc3[nH]ccc23)CC1)c1ccc(F)cc1,COCC(NC(=O)C1(N)CCN(c2ncnc3[nH]ccc23)CC1)c1ccc(F)cc1,7.611051753,0.811591947,Active,0.75,TRUE
Cc1cc(-c2cn(CCN3CCC3)c(C3(O)CCN(c4ncnc(C)c4C)CC3)n2)cc(F)c1F,Cc1cc(-c2cn(CCN3CCC3)c(C3(O)CCN(c4ncnc(C)c4C)CC3)n2)cc(F)c1F,7.401692049,0.81159296,Active,0.636363636,TRUE
NC1(C(=O)NCc2c(F)c(F)c(F)c(F)c2Cl)CCN(c2ncnc3[nH]ccc23)CC1,NC1(C(=O)NCc2c(F)c(F)c(F)c(F)c2Cl)CCN(c2ncnc3[nH]ccc23)CC1,7.495103271,0.811620021,Active,0.733333333,TRUE
O=C(Cc1cc(N2CCOCC2)nc(C2CC2)n1)N1CCc2cc(F)c(F)cc21,O=C(Cc1cc(N2CCOCC2)nc(C2CC2)n1)N1CCc2cc(F)c(F)cc21,7.311529192,0.811643505,Active,0.625,TRUE
NC1(C(=O)NCc2cccc(C(F)(F)F)c2Cl)CCN(c2ncnc3[nH]ccc23)CC1,NC1(C(=O)NCc2cccc(C(F)(F)F)c2Cl)CCN(c2ncnc3[nH]ccc23)CC1,7.377537822,0.811675155,Active,0.666666667,TRUE
NC1(C(=O)NCCc2ccc(Cl)cc2)CCN(c2ncnc3[nH]ccc23)CC1,NC1(C(=O)NCCc2ccc(Cl)cc2)CCN(c2ncnc3[nH]ccc23)CC1,7.727375421,0.811769032,Active,0.821428571,TRUE
CC(C)(N)CNC(=O)C1(N)CCN(c2ncnc3[nH]cc(Cl)c23)CC1,CC(C)(N)CNC(=O)C1(N)CCN(c2ncnc3[nH]cc(Cl)c23)CC1,7.419602018,0.811803186,Active,0.625,TRUE
CC1Cc2c(ccc(F)c2F)N1C(=O)Cc1nc(N2CCCC2)cn1C,CC1Cc2c(ccc(F)c2F)N1C(=O)Cc1nc(N2CCCC2)cn1C,7.375231839,0.812042558,Active,0.641791045,TRUE
Cc1noc(C2CCNCC2NC(=O)c2cc3c(s2)OCCn2nccc2-3)n1,Cc1noc(C2CCNCC2NC(=O)c2cc3c(s2)OCCn2nccc2-3)n1,8.164050727,0.812065864,Active,0.702702703,TRUE
N#Cc1c(N)ncnc1N1CCC(c2nc(-c3ccc(F)c(Cl)c3)cn2CC2CCC(C(F)(F)F)CC2)CC1,N#Cc1c(N)ncnc1N1CCC(c2nc(-c3ccc(F)c(Cl)c3)cn2CC2CCC(C(F)(F)F)CC2)CC1,7.41901887,0.812081361,Active,0.721518987,TRUE
Cn1nc(-c2ccc(F)c(C(=O)NC3CNCCC3c3ccc(F)c(F)c3)c2)nc1C1CC1,Cn1nc(-c2ccc(F)c(C(=O)NC3CNCCC3c3ccc(F)c(F)c3)c2)nc1C1CC1,7.575518071,0.812095129,Active,0.611111111,TRUE
CC(Cc1ccc(F)cc1F)NC(=O)C1(N)CCN(c2ncnc3[nH]ccc23)CC1,CC(Cc1ccc(F)cc1F)NC(=O)C1(N)CCN(c2ncnc3[nH]ccc23)CC1,7.739504761,0.812132502,Active,0.686567164,TRUE
Nc1ncnc(N2CCC(c3nc(-c4cccc(F)c4)cn3CCN3CCCC3)CC2)c1C(=O)c1ccccc1,Nc1ncnc(N2CCC(c3nc(-c4cccc(F)c4)cn3CCN3CCCC3)CC2)c1C(=O)c1ccccc1,7.425684805,0.812133336,Active,0.847222222,TRUE
Cc1cc(-c2cn(CCCC(N)=O)c(C3CCN(c4ncnc(N)c4Cl)CC3)n2)ccc1F,Cc1cc(-c2cn(CCCC(N)=O)c(C3CCN(c4ncnc(N)c4Cl)CC3)n2)ccc1F,7.658149667,0.812156463,Active,0.710526316,TRUE
Cn1cc(-c2nc(NC(=O)c3cc(-n4cnc(C5CC5)c4)c(N4CCC(F)CC4)cn3)cs2)nn1,Cn1cc(-c2nc(NC(=O)c3cc(-n4cnc(C5CC5)c4)c(N4CCC(F)CC4)cn3)cs2)nn1,7.714201269,0.81222465,Active,0.721518987,TRUE
Cn1ncc(Br)c1-c1oc(C(=O)NC(CN)Cc2ccc(F)c(F)c2)cc1Cl,Cn1ncc(Br)c1-c1oc(C(=O)NC(CN)Cc2ccc(F)c(F)c2)cc1Cl,7.468135493,0.812248254,Active,0.705882353,TRUE
N#Cc1cc(-c2cn(CCN3CCCC3)c(C3CCN(c4cc(N)ncn4)CC3)n2)ccc1Cl,N#Cc1cc(-c2cn(CCN3CCCC3)c(C3CCN(c4cc(N)ncn4)CC3)n2)ccc1Cl,7.798344718,0.812293673,Active,0.714285714,TRUE
Cc1cnn(C)c1-c1ccc(C(=O)NC2CNCCC2c2ccc(Cl)c(F)c2)cc1,Cc1cnn(C)c1-c1ccc(C(=O)NC2CNCCC2c2ccc(Cl)c(F)c2)cc1,7.355916521,0.812307084,Active,0.787878788,TRUE
NC(COc1cncc(-c2ccc3[nH]nc(-c4ccccn4)c3c2)c1)Cc1c[nH]c2ccccc12,NC(COc1cncc(-c2ccc3[nH]nc(-c4ccccn4)c3c2)c1)Cc1c[nH]c2ccccc12,8.083450956,0.812326992,Active,0.84375,TRUE
NCC1(C(=O)Nc2ccc(F)c(Cl)c2)CCN(c2ncnc3[nH]ccc23)CC1,NCC1(C(=O)Nc2ccc(F)c(Cl)c2)CCN(c2ncnc3[nH]ccc23)CC1,7.505531623,0.812378252,Active,0.623188406,TRUE
CNCCNC(=O)c1cc(Br)c(-c2ccnc3[nH]ccc23)s1,CNCCNC(=O)c1cc(Br)c(-c2ccnc3[nH]ccc23)s1,7.613773034,0.812382841,Active,0.65625,TRUE
CC1Cc2c(ccc(F)c2F)N1C(=O)Cc1nc(N2CCOCC2)c(F)c(OCC2CC2)c1F,CC1Cc2c(ccc(F)c2F)N1C(=O)Cc1nc(N2CCOCC2)c(F)c(OCC2CC2)c1F,7.431445153,0.81253233,Active,0.621621622,TRUE
Cc1nc(C(=O)NC2CNCCC2c2ccc(F)c(F)c2)ccc1-c1ccnn1C,Cc1nc(C(=O)NC2CNCCC2c2ccc(F)c(F)c2)ccc1-c1ccnn1C,7.341905093,0.812745833,Active,0.746268657,TRUE
CCC(N)c1c(N)ncnc1N1CCC(c2nc(-c3ccc(F)c(F)c3)cn2CCN2CCC2)CC1,CCC(N)c1c(N)ncnc1N1CCC(c2nc(-c3ccc(F)c(F)c3)cn2CCN2CCC2)CC1,7.46051818,0.812803113,Active,0.777777778,TRUE
Cn1ncc(Cl)c1-c1cc(C(=O)NC2CNCCC2c2ccccc2)oc1C1CC1,Cn1ncc(Cl)c1-c1cc(C(=O)NC2CNCCC2c2ccccc2)oc1C1CC1,7.413239906,0.812929773,Active,0.830769231,TRUE
Cc1cnn(C)c1-c1nc(NC(=O)c2cc(-n3cnc(C4CC4)c3)c(N3CCCC(C)C3)cn2)cs1,Cc1cnn(C)c1-c1nc(NC(=O)c2cc(-n3cnc(C4CC4)c3)c(N3CCCC(C)C3)cn2)cs1,7.721233213,0.812993252,Active,0.608695652,TRUE
NC(COc1cncc(-c2cc3c(-c4nccs4)[nH]nc3cn2)c1)Cc1ccccc1,NC(COc1cncc(-c2cc3c(-c4nccs4)[nH]nc3cn2)c1)Cc1ccccc1,7.738065891,0.813003087,Active,0.617647059,TRUE
NC(=O)c1c(N)ncnc1N1CCC(c2nc(-c3ccc(F)c(Cl)c3)cn2CCN2CCC2)C(F)C1,NC(=O)c1c(N)ncnc1N1CCC(c2nc(-c3ccc(F)c(Cl)c3)cn2CCN2CCC2)C(F)C1,7.899547504,0.813005233,Active,0.846153846,TRUE
Cn1nccc1-c1cccc(C(=O)NC2CNCCC2c2ccc(Br)c(F)c2)c1,Cn1nccc1-c1cccc(C(=O)NC2CNCCC2c2ccc(Br)c(F)c2)c1,7.331471532,0.813009048,Active,0.71641791,TRUE
CC1SCc2ncnc(N3CCN(C(=O)C(Cc4ccc(Cl)cc4)NC(=O)c4cccs4)CC3)c21,CC1SCc2ncnc(N3CCN(C(=O)C(Cc4ccc(Cl)cc4)NC(=O)c4cccs4)CC3)c21,7.233329762,0.813022518,Active,0.714285714,TRUE
CCn1cc(-c2ccnc(C(F)(F)F)c2)nc1C1CCN(c2ncnc(Cl)c2C#N)CC1,CCn1cc(-c2ccnc(C(F)(F)F)c2)nc1C1CCN(c2ncnc(Cl)c2C#N)CC1,7.719234649,0.813050532,Active,0.688311688,TRUE
CC(=O)N(C)CCn1cc(-c2ccc(F)c(C)c2)nc1C1CCN(c2ncnc(N)c2F)CC1,CC(=O)N(C)CCn1cc(-c2ccc(F)c(C)c2)nc1C1CCN(c2ncnc(N)c2F)CC1,7.794322846,0.813162649,Active,0.74025974,TRUE
Cc1cc(F)ccc1CC(N)COc1cncc(-c2ccc3c(c2)C(C)(C)C(=O)N3)c1,Cc1cc(F)ccc1CC(N)COc1cncc(-c2ccc3c(c2)C(C)(C)C(=O)N3)c1,7.445114344,0.813281679,Active,0.647058824,TRUE
NC1(c2ccc(-c3nc4n(c3-c3ccccc3)COc3c-4cnc4cccnc34)cc2)CC1,NC1(c2ccc(-c3nc4n(c3-c3ccccc3)COc3c-4cnc4cccnc34)cc2)CC1,7.72147137,0.813345754,Active,0.65625,TRUE
Nc1ncnc(N2CCC(c3nc(-c4ccc(F)c(C(F)(F)F)c4)cn3CCNCC3CC3)CC2)c1C(F)(F)F,Nc1ncnc(N2CCC(c3nc(-c4ccc(F)c(C(F)(F)F)c4)cn3CCNCC3CC3)CC2)c1C(F)(F)F,7.600696182,0.813415551,Active,0.818181818,TRUE
O=C(N1CCN(c2ncnc3cc(Cl)c(Cl)cc23)CC1)C1(c2ccc(Cl)c(Cl)c2)CCNCC1,O=C(N1CCN(c2ncnc3cc(Cl)c(Cl)cc23)CC1)C1(c2ccc(Cl)c(Cl)c2)CCNCC1,7.055023016,0.813446426,Active,0.698412698,TRUE
Fc1ccc(-c2cn(CCN3CCC3)c(C3CCN(c4ncncc4Br)CC3)n2)cc1F,Fc1ccc(-c2cn(CCN3CCC3)c(C3CCN(c4ncncc4Br)CC3)n2)cc1F,7.701906497,0.813453817,Active,0.724637681,TRUE
O=C(Cc1nc(N2CCOCC2)cc(=O)n1-c1ccc(Br)cc1)N1CCc2ccccc21,O=C(Cc1nc(N2CCOCC2)cc(=O)n1-c1ccc(Br)cc1)N1CCc2ccccc21,7.377611135,0.813458884,Active,0.86440678,TRUE
Cn1nccc1-c1ccc(C(=O)NC2CNCCC2c2cccc(F)c2)cc1F,Cn1nccc1-c1ccc(C(=O)NC2CNCCC2c2cccc(F)c2)cc1F,7.968901532,0.813518012,Active,0.85483871,TRUE
Cn1nccc1-c1ccc(C(=O)NC2CNCCC2c2cccnc2)s1,Cn1nccc1-c1ccc(C(=O)NC2CNCCC2c2cccnc2)s1,7.45627781,0.813582861,Active,0.757575758,TRUE
Nc1ncnc(N2CCC(c3nc(-c4ccc(Cl)c(Cl)c4)cn3CCN3CCCC3)CC2)c1Cl,Nc1ncnc(N2CCC(c3nc(-c4ccc(Cl)c(Cl)c4)cn3CCN3CCCC3)CC2)c1Cl,7.677468858,0.813594484,Active,0.815384615,TRUE
Nc1ncnc(N2CCC(c3nc(-c4ccc(F)c(Cl)c4)cn3CCN3CCC3)CC2)c1C(F)(F)F,Nc1ncnc(N2CCC(c3nc(-c4ccc(F)c(Cl)c4)cn3CCN3CCC3)CC2)c1C(F)(F)F,8.095685313,0.813651824,Active,0.780821918,TRUE
O=C(Cc1nc(N2CCOCC2)cc(=O)n1-c1ccccc1)N1CCc2c(Cl)ccc(F)c21,O=C(Cc1nc(N2CCOCC2)cc(=O)n1-c1ccccc1)N1CCc2c(Cl)ccc(F)c21,7.442186836,0.813717568,Active,0.652173913,TRUE
CC(C)(CNC(=O)c1cc(Br)c(-c2ccnc3[nH]ccc23)s1)C(=O)O,CC(C)(CNC(=O)c1cc(Br)c(-c2ccnc3[nH]ccc23)s1)C(=O)O,7.466138972,0.813763583,Active,0.65625,TRUE
CC1Cc2c(F)cccc2N1C(=O)Cc1nc(N2CCOCC2)cc(=O)n1-c1ccccc1Br,CC1Cc2c(F)cccc2N1C(=O)Cc1nc(N2CCOCC2)cc(=O)n1-c1ccccc1Br,7.61735334,0.813795829,Active,0.779411765,TRUE
Cn1cnnc1-c1nc(NC(=O)c2cc(-n3cnc(C4CC4)c3)c(N3CCC(F)(F)CC3)cn2)cs1,Cn1cnnc1-c1nc(NC(=O)c2cc(-n3cnc(C4CC4)c3)c(N3CCC(F)(F)CC3)cn2)cs1,8.221708047,0.813913012,Active,0.740740741,TRUE
O=C(NC1CNCCC1c1ccc(F)s1)c1cc2c(s1)OCCn1nccc1-2,O=C(NC1CNCCC1c1ccc(F)s1)c1cc2c(s1)OCCn1nccc1-2,8.656046687,0.814005041,Active,0.782608696,TRUE
Cn1ncc(-c2ccc(C(=O)NC3CNCCC3c3cccc(F)c3)cc2F)c1-c1ccccc1,Cn1ncc(-c2ccc(C(=O)NC3CNCCC3c3cccc(F)c3)cc2F)c1-c1ccccc1,7.388050145,0.814179564,Active,0.708333333,TRUE
NC1(C(=O)NC(c2ccccc2Cl)C(F)(F)F)CCN(c2ncnc3[nH]ccc23)CC1,NC1(C(=O)NC(c2ccccc2Cl)C(F)(F)F)CCN(c2ncnc3[nH]ccc23)CC1,7.661501749,0.814184391,Active,0.637681159,TRUE
CCc1c(N)ncnc1N1CCC(c2nc(-c3cccc(C#N)c3)cn2CCNCC2CC2)CC1,CCc1c(N)ncnc1N1CCC(c2nc(-c3cccc(C#N)c3)cn2CCNCC2CC2)CC1,7.665896507,0.814186299,Active,0.647058824,TRUE
Cn1nc(N)c2cc(-c3cncc(OCC(N)Cc4ccc(F)c(Cl)c4)c3)ccc21,Cn1nc(N)c2cc(-c3cncc(OCC(N)Cc4ccc(F)c(Cl)c4)c3)ccc21,7.391470039,0.81424334,Active,0.657142857,TRUE
Cc1cc(N2CCC(c3nc(-c4cc(C)c(F)c(F)c4)cn3CCN3CCC3)CC2)ncn1,Cc1cc(N2CCC(c3nc(-c4cc(C)c(F)c(F)c4)cn3CCN3CCC3)CC2)ncn1,7.317952662,0.814560318,Active,0.61971831,TRUE
NC1(C(=O)NC(CCC(=O)Nc2ccc(F)cc2)c2ccccc2)CCN(c2ncnc3[nH]ccc23)CC1,NC1(C(=O)NC(CCC(=O)Nc2ccc(F)cc2)c2ccccc2)CCN(c2ncnc3[nH]ccc23)CC1,7.402705576,0.814566755,Active,0.728571429,TRUE
Cc1cc(C)cc(-c2cn(CCN3CCC3)c(C3CCN(c4ncnc(N)c4Cl)CC3)n2)c1,Cc1cc(C)cc(-c2cn(CCN3CCC3)c(C3CCN(c4ncnc(N)c4Cl)CC3)n2)c1,7.651673691,0.814588392,Active,0.728571429,TRUE
NC(COc1cncc(-c2ccc3[nH]nc(C(F)(F)F)c3c2)c1)Cc1ccccc1F,NC(COc1cncc(-c2ccc3[nH]nc(C(F)(F)F)c3c2)c1)Cc1ccccc1F,7.784639673,0.814610445,Active,0.772727273,TRUE
Cn1cnnc1-c1nc(NC(=O)c2cc(-n3cnc(C4CC4)c3)c(N3CCOCC3)cn2)cs1,Cn1cnnc1-c1nc(NC(=O)c2cc(-n3cnc(C4CC4)c3)c(N3CCOCC3)cn2)cs1,7.970837791,0.814668083,Active,0.734939759,TRUE
CCc1c(N)ncnc1N1CCC(c2nc(-c3ccc(F)c(F)c3)cn2CCN(C)C)CC1,CCc1c(N)ncnc1N1CCC(c2nc(-c3ccc(F)c(F)c3)cn2CCN(C)C)CC1,7.513241166,0.814750457,Active,0.880597015,TRUE
COc1nn(C)c(-c2cc(C(=O)NC3CNCCC3c3cccc(F)c3)oc2Cl)c1Cl,COc1nn(C)c(-c2cc(C(=O)NC3CNCCC3c3cccc(F)c3)oc2Cl)c1Cl,8.32229596,0.814824128,Active,0.609756098,TRUE
O=C(NC1CNCCC1c1ccccn1)c1cc2c(s1)CCCn1ncc(Br)c1-2,O=C(NC1CNCCC1c1ccccn1)c1cc2c(s1)CCCn1ncc(Br)c1-2,9.303073567,0.814851785,Active,0.727272727,TRUE
Cn1c(CC(=O)N2CCc3c(Cl)cccc32)nc(N2CCOCC2)c(OCC2CC2)c1=O,Cn1c(CC(=O)N2CCc3c(Cl)cccc32)nc(N2CCOCC2)c(OCC2CC2)c1=O,7.417078188,0.814896071,Active,0.621621622,TRUE
Cn1ncnc1-c1nc2ccc(-c3ccccc3)nc2n1-c1ccc(C2(N)CCC2)cc1,Cn1ncnc1-c1nc2ccc(-c3ccccc3)nc2n1-c1ccc(C2(N)CCC2)cc1,7.690949075,0.814896369,Active,0.745454545,TRUE
Cn1ncc(Cl)c1-c1cc(F)c(C(=O)NC2CNCCC2c2cnc(F)c(F)c2)c(F)c1,Cn1ncc(Cl)c1-c1cc(F)c(C(=O)NC2CNCCC2c2cnc(F)c(F)c2)c(F)c1,7.166968564,0.815160537,Active,0.8,TRUE
Cn1cc(-c2ccc(-c3cn(CCN4CCC4)c(C4CCN(c5ncnc(N)c5OCC(F)(F)F)CC4)n3)cc2)cn1,Cn1cc(-c2ccc(-c3cn(CCN4CCC4)c(C4CCN(c5ncnc(N)c5OCC(F)(F)F)CC4)n3)cc2)cn1,7.190732414,0.815221572,Active,0.730769231,TRUE
Nc1ncnc(N2CCC(c3nc(-c4ccccc4Cl)cn3CCN3CCC3)CC2)c1Br,Nc1ncnc(N2CCC(c3nc(-c4ccccc4Cl)cn3CCN3CCC3)CC2)c1Br,7.895483673,0.815251911,Active,0.694444444,TRUE
Cn1ncc(Br)c1-c1cc(C(=O)NC(CN)Cc2cc(F)cc(F)c2)sc1Cl,Cn1ncc(Br)c1-c1cc(C(=O)NC(CN)Cc2cc(F)cc(F)c2)sc1Cl,7.8774715,0.815345609,Active,0.701492537,TRUE
Cn1ccc(-c2cc(C(=O)NC3CNCCC3c3cc(F)cc(F)c3)ccc2F)n1,Cn1ccc(-c2cc(C(=O)NC3CNCCC3c3cc(F)cc(F)c3)ccc2F)n1,7.820447635,0.815408432,Active,0.632352941,TRUE
Cn1cnnc1-c1nc(NC(=O)c2cc(-n3cnc(C4CC4)c3)c(N3CCC3)cn2)cs1,Cn1cnnc1-c1nc(NC(=O)c2cc(-n3cnc(C4CC4)c3)c(N3CCC3)cn2)cs1,8.091512919,0.815465295,Active,0.730769231,TRUE
Cc1cc(-c2cn(CCNC(N)=O)c(C3CCN(c4ncnc(N)c4C)CC3)n2)ccc1F,Cc1cc(-c2cn(CCNC(N)=O)c(C3CCN(c4ncnc(N)c4C)CC3)n2)ccc1F,8.131524207,0.815467024,Active,0.773333333,TRUE
Nc1cc(N2CCC(c3nc(-c4ccc(Br)c(F)c4)cn3CCN3CCC3)CC2)ncn1,Nc1cc(N2CCC(c3nc(-c4ccc(Br)c(F)c4)cn3CCN3CCC3)CC2)ncn1,7.598920533,0.815545583,Active,0.828125,TRUE
Cn1cnnc1-c1nc(NC(=O)c2cc(-n3cnc(C4CC4)c3)c(N3CCC4(CNC4)C3)cn2)cs1,Cn1cnnc1-c1nc(NC(=O)c2cc(-n3cnc(C4CC4)c3)c(N3CCC4(CNC4)C3)cn2)cs1,8.188779711,0.815712118,Active,0.677777778,TRUE
Cn1ncc(Cl)c1-c1cc(C(=O)NC2CNCCC2c2ccsc2)oc1Cl,Cn1ncc(Cl)c1-c1cc(C(=O)NC2CNCCC2c2ccsc2)oc1Cl,8.005172619,0.815716171,Active,0.791044776,TRUE
NC1(C(=O)NCCc2cccc(Cl)c2)CCN(c2ncnc3[nH]ccc23)CC1,NC1(C(=O)NCCc2cccc(Cl)c2)CCN(c2ncnc3[nH]ccc23)CC1,7.685986112,0.815794075,Active,0.698412698,TRUE
CC(=O)C(NC(=O)C1(N)CCN(c2ncnc3[nH]ccc23)CC1)c1ccc(C)c(F)c1,CC(=O)C(NC(=O)C1(N)CCN(c2ncnc3[nH]ccc23)CC1)c1ccc(C)c(F)c1,7.614426068,0.816144013,Active,0.661764706,TRUE
Cc1cc(C2CCNCC2NC(=O)c2cc(-c3c(Cl)cnn3C)c(Cl)o2)ccc1F,Cc1cc(C2CCNCC2NC(=O)c2cc(-c3c(Cl)cnn3C)c(Cl)o2)ccc1F,8.028415785,0.816267991,Active,0.880597015,TRUE
Cc1c(-c2ccc(C(=O)NC3CNCCC3c3cccc(F)c3)s2)cnn1C,Cc1c(-c2ccc(C(=O)NC3CNCCC3c3cccc(F)c3)s2)cnn1C,7.415978311,0.816293144,Active,0.794117647,TRUE
Cc1c(N)ncnc1N1CCC(c2nc(-c3cc(-c4ccc(F)c(F)c4)n(C)c3)cn2CCN2CCC2)CC1,Cc1c(N)ncnc1N1CCC(c2nc(-c3cc(-c4ccc(F)c(F)c4)n(C)c3)cn2CCN2CCC2)CC1,7.459927536,0.816301727,Active,0.72,TRUE
CC(NC(=O)C1(CN)CCN(c2ncnc3[nH]ccc23)CC1)c1cccc(Cl)c1,CC(NC(=O)C1(CN)CCN(c2ncnc3[nH]ccc23)CC1)c1cccc(Cl)c1,8.259436857,0.816313291,Active,0.8125,TRUE
CCN(CC)CCn1cc(-c2ccc(F)c(F)c2)nc1C1CCN(c2ncnc(N)c2F)CC1,CCN(CC)CCn1cc(-c2ccc(F)c(F)c2)nc1C1CCN(c2ncnc(N)c2F)CC1,7.484334131,0.816318715,Active,0.75,TRUE
Nc1ncnc(N2CCC(c3nc(-c4ccc(F)c(C(F)(F)F)c4)cn3CC(=O)N3CCc4ccccc4C3)CC2)c1Br,Nc1ncnc(N2CCC(c3nc(-c4ccc(F)c(C(F)(F)F)c4)cn3CC(=O)N3CCc4ccccc4C3)CC2)c1Br,7.970565372,0.816346729,Active,0.651162791,TRUE
COCCCNC(=O)c1cc(Br)c(-c2ccnc3[nH]ccc23)s1,COCCCNC(=O)c1cc(Br)c(-c2ccnc3[nH]ccc23)s1,7.557411845,0.816360259,Active,0.621212121,TRUE
Cn1ncc(F)c1-c1ccc(C(=O)NC2CNCCC2c2ccccc2)s1,Cn1ncc(F)c1-c1ccc(C(=O)NC2CNCCC2c2ccccc2)s1,7.559927193,0.81639185,Active,0.739130435,TRUE
O=C(Cc1nc(N2CCOCC2)cc(=O)n1-c1cccc(F)c1)N1CCc2c(Cl)cccc21,O=C(Cc1nc(N2CCOCC2)cc(=O)n1-c1cccc(F)c1)N1CCc2c(Cl)cccc21,7.350809845,0.816396976,Active,0.720588235,TRUE
O=C(NCc1c[nH]cn1)c1cc(Br)c(-c2ccnc3[nH]ccc23)s1,O=C(NCc1c[nH]cn1)c1cc(Br)c(-c2ccnc3[nH]ccc23)s1,7.514870943,0.816603506,Active,0.621212121,TRUE
COC1CN(c2cnc(C(=O)Nc3csc(-c4nncn4C4CC4)n3)cc2C2CC2)C1,COC1CN(c2cnc(C(=O)Nc3csc(-c4nncn4C4CC4)n3)cc2C2CC2)C1,7.25307584,0.816609883,Active,0.682926829,TRUE
Cc1cnn(C)c1-c1ccc(C(=O)NC2CNCCC2c2ccoc2)s1,Cc1cnn(C)c1-c1ccc(C(=O)NC2CNCCC2c2ccoc2)s1,7.577447292,0.816654468,Active,0.714285714,TRUE
NC(COc1cncc(-c2cnc3[nH]nc(Cl)c3c2)c1)Cc1ccc(Cl)c(F)c1,NC(COc1cncc(-c2cnc3[nH]nc(Cl)c3c2)c1)Cc1ccc(Cl)c(F)c1,7.958132434,0.816725338,Active,0.696969697,TRUE
COc1ccc(Cl)cc1NC(=O)C1(CN)CCN(c2ncnc3[nH]ccc23)CC1,COc1ccc(Cl)cc1NC(=O)C1(CN)CCN(c2ncnc3[nH]ccc23)CC1,7.394679737,0.816817546,Active,0.633802817,TRUE
Cn1ncc(Br)c1-c1cc(C(=O)NC2CNCCC2c2ccccc2)oc1Cl,Cn1ncc(Br)c1-c1cc(C(=O)NC2CNCCC2c2ccccc2)oc1Cl,7.674303025,0.816821539,Active,0.84375,TRUE
Nc1ncnc(N2CCC(c3nc(-c4ccc(F)c(Cl)c4)cn3CCN3CCC3)C(O)C2)c1F,Nc1ncnc(N2CCC(c3nc(-c4ccc(F)c(Cl)c4)cn3CCN3CCC3)C(O)C2)c1F,7.735309739,0.81684252,Active,0.654320988,TRUE
NC(=O)c1ccc2nc(-c3ccc(C4(N)CC(O)(C5CC5)C4)cc3)c(-c3ccccc3)n2n1,NC(=O)c1ccc2nc(-c3ccc(C4(N)CC(O)(C5CC5)C4)cc3)c(-c3ccccc3)n2n1,7.355630754,0.816863799,Active,0.728813559,TRUE
Cc1cnc(CNC(=O)c2cc(Br)c(-c3ccnc4[nH]ccc34)s2)cn1,Cc1cnc(CNC(=O)c2cc(Br)c(-c3ccnc4[nH]ccc34)s2)cn1,7.518355216,0.816876316,Active,0.602941176,TRUE
COc1ccc(-c2cn(CCN3CCCC3)c(C3CCN(c4ncnc(N)c4Cl)CC3)n2)cc1,COc1ccc(-c2cn(CCN3CCCC3)c(C3CCN(c4ncnc(N)c4Cl)CC3)n2)cc1,7.425310973,0.816881919,Active,0.8,TRUE
COc1cc(CC(N)C(=O)N2CCN(c3ncnc4[nH]cc(C)c34)CC2)ccc1F,COc1cc(CC(N)C(=O)N2CCN(c3ncnc4[nH]cc(C)c34)CC2)ccc1F,8.193965479,0.816919351,Active,0.753846154,TRUE
COc1ccc2nc(-c3ccc(C4(N)CC(F)C4)cc3)c(-c3ccccc3)n2n1,COc1ccc2nc(-c3ccc(C4(N)CC(F)C4)cc3)c(-c3ccccc3)n2n1,7.367987447,0.817054355,Active,0.763636364,TRUE
CN1CCN(c2[nH]nc3ccc(-c4cncc(OCC(N)Cc5cccc(F)c5)c4)cc23)CC1,CN1CCN(c2[nH]nc3ccc(-c4cncc(OCC(N)Cc5cccc(F)c5)c4)cc23)CC1,7.337560745,0.817096734,Active,0.652777778,TRUE
NC(=O)c1cccc2c(NC(CN3CCC3)c3ccc(F)c(Cl)c3F)ncnc12,NC(=O)c1cccc2c(NC(CN3CCC3)c3ccc(F)c(Cl)c3F)ncnc12,7.805846626,0.817170703,Active,0.712121212,TRUE
Cc1cc(-c2cn(CCN3CCCC3)c(C3CCN(c4ccc(C#N)cn4)CC3)n2)ccc1F,Cc1cc(-c2cn(CCN3CCCC3)c(C3CCN(c4ccc(C#N)cn4)CC3)n2)ccc1F,7.322000411,0.817323709,Active,0.697368421,TRUE
Cn1nc(-c2ccc(C(=O)NC3CNCCC3c3cccc(F)c3)cc2)cc1Br,Cn1nc(-c2ccc(C(=O)NC3CNCCC3c3cccc(F)c3)cc2)cc1Br,7.242001686,0.817396128,Active,0.671428571,TRUE
NC1(c2ccc(-c3nc4n(c3-c3ccncc3)COc3nccnc3-4)cc2)CC1,NC1(c2ccc(-c3nc4n(c3-c3ccncc3)COc3nccnc3-4)cc2)CC1,7.417444195,0.817522967,Active,0.666666667,TRUE
Cc1c[nH]c2ncnc(N3CCC(N)(CNC(=O)c4ccc(F)c(F)c4)C3)c12,Cc1c[nH]c2ncnc(N3CCC(N)(CNC(=O)c4ccc(F)c(F)c4)C3)c12,7.540594104,0.817607307,Active,0.825396825,TRUE
CCc1c(N)ncnc1N1CCC(c2nc(-c3ccc(F)cc3)cn2CCN2CCCC2)C(F)C1,CCc1c(N)ncnc1N1CCC(c2nc(-c3ccc(F)cc3)cn2CCN2CCCC2)C(F)C1,7.717765219,0.817712688,Active,0.782608696,TRUE
O=C(Cc1nc(=O)c(Br)c(N2CCOCC2)[nH]1)N1CCc2c(OC(F)F)cccc21,O=C(Cc1nc(=O)c(Br)c(N2CCOCC2)[nH]1)N1CCc2c(OC(F)F)cccc21,7.515681158,0.81773653,Active,0.714285714,TRUE
Cc1nc(C(Cc2ccccc2)NC(=O)C2(N)CCN(c3ncnc4[nH]ccc34)CC2)cs1,Cc1nc(C(Cc2ccccc2)NC(=O)C2(N)CCN(c3ncnc4[nH]ccc34)CC2)cs1,7.518050695,0.817755187,Active,0.621621622,TRUE
Cc1cc(C2CCNCC2NC(=O)c2ccc(-c3c(Cl)cnn3C)s2)cnn1,Cc1cc(C2CCNCC2NC(=O)c2ccc(-c3c(Cl)cnn3C)s2)cnn1,8.067111675,0.817872488,Active,0.76119403,TRUE
Cc1c(N)ncnc1N1CCC(c2nc(-c3ccc(F)c(C(F)(F)F)c3)cn2CCNC2CCC2)CC1,Cc1c(N)ncnc1N1CCC(c2nc(-c3ccc(F)c(C(F)(F)F)c3)cn2CCNC2CCC2)CC1,8.175628811,0.817890847,Active,0.786666667,TRUE
Cc1cc(-c2cn(CC3CCN(CCN(C)C)CC3)c(C3CCN(c4cc(N)ncn4)CC3F)n2)ccc1F,Cc1cc(-c2cn(CC3CCN(CCN(C)C)CC3)c(C3CCN(c4cc(N)ncn4)CC3F)n2)ccc1F,7.538715497,0.817982519,Active,0.639534884,TRUE
O=C(NCc1nccs1)c1cc(Br)c(-c2ccnc3[nH]ccc23)s1,O=C(NCc1nccs1)c1cc(Br)c(-c2ccnc3[nH]ccc23)s1,7.546963429,0.818063104,Active,0.621212121,TRUE
Cn1ncc(Br)c1-c1oc(C(=O)NC2CNCCC2c2cccc(F)c2)nc1C1CC1,Cn1ncc(Br)c1-c1oc(C(=O)NC2CNCCC2c2cccc(F)c2)nc1C1CC1,7.784362851,0.818082952,Active,0.662337662,TRUE
CC1CCCCC1NC(=O)C1(N)CCN(c2ncnc3[nH]cc(Cl)c23)CC1,CC1CCCCC1NC(=O)C1(N)CCN(c2ncnc3[nH]cc(Cl)c23)CC1,7.587706972,0.818112814,Active,0.606060606,TRUE
Nc1ncnc(N2CCC(c3nc(-c4ccc(F)c(C(F)(F)F)c4)cn3CC(=O)NC3CCCC3)CC2)c1F,Nc1ncnc(N2CCC(c3nc(-c4ccc(F)c(C(F)(F)F)c4)cn3CC(=O)NC3CCCC3)CC2)c1F,7.67000979,0.818120623,Active,0.705128205,TRUE
NC1(C(=O)NCc2cccc(Cl)c2F)CCN(c2ncnc3[nH]ccc23)CC1,NC1(C(=O)NCc2cccc(Cl)c2F)CCN(c2ncnc3[nH]ccc23)CC1,7.517289349,0.81816771,Active,0.698412698,TRUE
Cc1nc(C(=O)NC2CNCCC2c2cccc(F)c2)sc1-c1c(Br)cnn1C,Cc1nc(C(=O)NC2CNCCC2c2cccc(F)c2)sc1-c1c(Br)cnn1C,7.629352257,0.818203294,Active,0.716216216,TRUE
Cn1ncc(Br)c1-c1ccc(C(=O)NC2CNCCC2c2ccc(Cl)c(Cl)c2)o1,Cn1ncc(Br)c1-c1ccc(C(=O)NC2CNCCC2c2ccc(Cl)c(Cl)c2)o1,7.435098367,0.818278992,Active,0.830769231,TRUE
Cc1c(F)cc(-c2cn(CCN3CCC3)c(C3CCN(c4ncnc(N)c4C(C)C)CC3)n2)cc1F,Cc1c(F)cc(-c2cn(CCN3CCC3)c(C3CCN(c4ncnc(N)c4C(C)C)CC3)n2)cc1F,7.480264672,0.81839093,Active,0.653333333,TRUE
Cn1ncc(Cl)c1-c1ccc(C(=O)NC2CNCC2c2ccc(F)cc2)s1,Cn1ncc(Cl)c1-c1ccc(C(=O)NC2CNCC2c2ccc(F)cc2)s1,7.898911527,0.818401003,Active,0.734375,TRUE
COc1ccc(C2CCNCC2NC(=O)c2ccc(-c3ccnn3C)s2)cn1,COc1ccc(C2CCNCC2NC(=O)c2ccc(-c3ccnn3C)s2)cn1,7.389842064,0.818414712,Active,0.731343284,TRUE
O=C(NC1CNCCC1c1cnc(F)c(Br)c1)c1cc2c(s1)CCCn1nccc1-2,O=C(NC1CNCCC1c1cnc(F)c(Br)c1)c1cc2c(s1)CCCn1nccc1-2,9.386784636,0.818415487,Active,0.733333333,TRUE
NC1(c2ccc(-n3c(-c4ccncc4)nc4ccc(-c5ccc6[nH]ncc6c5)nc43)cc2)CCC1,NC1(c2ccc(-n3c(-c4ccncc4)nc4ccc(-c5ccc6[nH]ncc6c5)nc43)cc2)CCC1,7.791645819,0.818453753,Active,0.603174603,TRUE
Cn1ncc(Cl)c1-c1ccc(C(=O)NC2CNCCC2c2cccc(F)c2F)cc1,Cn1ncc(Cl)c1-c1ccc(C(=O)NC2CNCCC2c2cccc(F)c2F)cc1,7.415067731,0.818534935,Active,0.735294118,TRUE
NC1(C(=O)NCc2c(F)cccc2Cl)CCN(c2ncnc3[nH]ccc23)CC1,NC1(C(=O)NCc2c(F)cccc2Cl)CCN(c2ncnc3[nH]ccc23)CC1,7.576892494,0.818619454,Active,0.698412698,TRUE
Nc1ncnc(N2CCC(c3nc(-c4ccc(OC(F)F)c(Cl)c4)cn3CCN3CCC3)CC2)c1Cl,Nc1ncnc(N2CCC(c3nc(-c4ccc(OC(F)F)c(Cl)c4)cn3CCN3CCC3)CC2)c1Cl,7.664208492,0.818656349,Active,0.716216216,TRUE
Cc1ccc(C)c(-c2c(C(=O)NC3CNCCC3c3ccc(F)c(F)c3)cnn2C)c1,Cc1ccc(C)c(-c2c(C(=O)NC3CNCCC3c3ccc(F)c(F)c3)cnn2C)c1,7.29303276,0.818665469,Active,0.666666667,TRUE
Cn1cnnc1-c1nc(NC(=O)c2cc(-n3cnc(C4CC4)c3)c(N3CCC(F)CC3)cn2)cs1,Cn1cnnc1-c1nc(NC(=O)c2cc(-n3cnc(C4CC4)c3)c(N3CCC(F)CC3)cn2)cs1,8.258098839,0.818686986,Active,0.826666667,TRUE
Cn1ncc(Br)c1-c1cc(F)c(C(=O)NC2CNCCC2c2cnc(F)c(F)c2)cc1F,Cn1ncc(Br)c1-c1cc(F)c(C(=O)NC2CNCCC2c2cnc(F)c(F)c2)cc1F,7.470266267,0.818831289,Active,0.805970149,TRUE
CCc1c(N)ncnc1N1CCC(c2nc(-c3ccc(F)c(C(F)(F)F)c3)cn2CCNC)CC1,CCc1c(N)ncnc1N1CCC(c2nc(-c3ccc(F)c(C(F)(F)F)c3)cn2CCNC)CC1,8.111804384,0.81888231,Active,0.857142857,TRUE
Cn1nccc1-c1ccc(C(=O)NC2CNCCC2c2cccc(F)c2F)cc1F,Cn1nccc1-c1ccc(C(=O)NC2CNCCC2c2cccc(F)c2F)cc1F,8.208777391,0.818897152,Active,0.742424242,TRUE
CNC(=O)C(NC(=O)c1ccc(-c2ccnc3[nH]ccc23)s1)c1ccccc1,CNC(=O)C(NC(=O)c1ccc(-c2ccnc3[nH]ccc23)s1)c1ccccc1,7.421569453,0.818967605,Active,0.7,TRUE
Cn1ncc(Br)c1-c1oc(C(=O)NC2CNCCC2c2ccc(F)c(F)c2)nc1C1CC1,Cn1ncc(Br)c1-c1oc(C(=O)NC2CNCCC2c2ccc(F)c(F)c2)nc1C1CC1,7.806935907,0.819010758,Active,0.675675676,TRUE
CCC(=O)NCCn1cc(-c2ccc(F)c(C(F)(F)F)c2)nc1C1CCN(c2ncnc(N)c2F)CC1,CCC(=O)NCCn1cc(-c2ccc(F)c(C(F)(F)F)c2)nc1C1CCN(c2ncnc(N)c2F)CC1,7.853852853,0.819095278,Active,0.740740741,TRUE
Cn1nc(-c2ccc(C(=O)NC3CNCCC3c3cccc(F)c3)cc2)cc1N1CCCC1,Cn1nc(-c2ccc(C(=O)NC3CNCCC3c3cccc(F)c3)cc2)cc1N1CCCC1,7.317974592,0.819105113,Active,0.635135135,TRUE
O=C(N1CCN(c2ncnc3ccc(Cl)cc23)CC1)C1(c2ccc(Cl)c(Cl)c2)CCNCC1,O=C(N1CCN(c2ncnc3ccc(Cl)cc23)CC1)C1(c2ccc(Cl)c(Cl)c2)CCNCC1,7.083416755,0.81916734,Active,0.666666667,TRUE
Nc1ncnc(N2CCC(c3nc(-c4ccc(C(F)F)c(Cl)c4)cn3CCN3CCCC3)CC2)c1F,Nc1ncnc(N2CCC(c3nc(-c4ccc(C(F)F)c(Cl)c4)cn3CCN3CCCC3)CC2)c1F,7.916347239,0.819210613,Active,0.706666667,TRUE
NC1(C(=O)NCc2cccc(Cl)c2)CCN(c2ncnc3[nH]ccc23)CC1,NC1(C(=O)NCc2cccc(Cl)c2)CCN(c2ncnc3[nH]ccc23)CC1,7.644762825,0.819222772,Active,0.810344828,TRUE
Cn1nccc1-c1cc(C(=O)NC2CNCCC2c2cc(F)cc(F)c2)ccc1F,Cn1nccc1-c1cc(C(=O)NC2CNCCC2c2cc(F)cc(F)c2)ccc1F,8.010309129,0.819248462,Active,0.866666667,TRUE
Cn1nnnc1-c1ccc(-c2cn(CCN3CCC3)c(C3CCN(c4ncnc(N)c4Cl)CC3)n2)cc1F,Cn1nnnc1-c1ccc(-c2cn(CCN3CCC3)c(C3CCN(c4ncnc(N)c4Cl)CC3)n2)cc1F,7.479708384,0.819262946,Active,0.736842105,TRUE
NC(=O)c1ccc(-c2cn(CCN3CCC3)c(C3CCN(c4ncnc(N)c4Br)CC3)n2)cc1F,NC(=O)c1ccc(-c2cn(CCN3CCC3)c(C3CCN(c4ncnc(N)c4Br)CC3)n2)cc1F,7.659059712,0.8192909,Active,0.788732394,TRUE
NC1(C(NC(=O)C2CC2)c2ccc(Cl)cc2)CCN(c2ncnc3[nH]ccc23)CC1,NC1(C(NC(=O)C2CC2)c2ccc(Cl)cc2)CCN(c2ncnc3[nH]ccc23)CC1,7.870780338,0.819325948,Active,0.626865672,TRUE
O=C(NCc1ccc(Cl)cc1)c1cc(Br)c(-c2ccnc3[nH]ccc23)s1,O=C(NCc1ccc(Cl)cc1)c1cc(Br)c(-c2ccnc3[nH]ccc23)s1,7.445929031,0.819331014,Active,0.621212121,TRUE
COc1cc(-c2cn(CCN3CCC3)c(C3CCN(c4ncnc(N)c4C)CC3)n2)cc(F)c1F,COc1cc(-c2cn(CCN3CCC3)c(C3CCN(c4ncnc(N)c4C)CC3)n2)cc(F)c1F,7.791050152,0.819354618,Active,0.701298701,TRUE
Cn1ncc(Br)c1-c1ccc(C(=O)NC2CNCC2c2cccc(C(F)F)c2)s1,Cn1ncc(Br)c1-c1ccc(C(=O)NC2CNCC2c2cccc(C(F)F)c2)s1,7.810968869,0.819374704,Active,0.708333333,TRUE
CC(C)CNC(=O)c1cc(Br)c(-c2ccnc3[nH]ccc23)s1,CC(C)CNC(=O)c1cc(Br)c(-c2ccnc3[nH]ccc23)s1,7.606986424,0.81939348,Active,0.733333333,TRUE
NC(=O)c1ccn2c(-c3ccccc3)c(-c3ccc(C4(N)CCC4)cc3)nc2c1Br,NC(=O)c1ccn2c(-c3ccccc3)c(-c3ccc(C4(N)CCC4)cc3)nc2c1Br,7.358179923,0.819417322,Active,0.781818182,TRUE
CN(C)CCNCCn1cc(-c2ccc(F)c(C(F)(F)F)c2)nc1C1CCN(c2ncnc(N)c2Br)CC1,CN(C)CCNCCn1cc(-c2ccc(F)c(C(F)(F)F)c2)nc1C1CCN(c2ncnc(N)c2Br)CC1,7.912645796,0.819487894,Active,0.864864865,TRUE
CC1(O)CC(N)(c2ccc(-c3nc4n(c3-c3ccccc3)CCOc3ccc(C(=O)N5CCOCC5)cc3-4)cc2)C1,CC1(O)CC(N)(c2ccc(-c3nc4n(c3-c3ccccc3)CCOc3ccc(C(=O)N5CCOCC5)cc3-4)cc2)C1,7.000761678,0.819495344,Active,0.693333333,TRUE
Cc1cccc(C2CCNCC2NC(=O)c2ccc(-c3c(Br)cnn3C)s2)n1,Cc1cccc(C2CCNCC2NC(=O)c2ccc(-c3c(Br)cnn3C)s2)n1,8.098859355,0.819663966,Active,0.708333333,TRUE
Cn1ccc(-c2ccc(C(=O)NC3CNCCC3c3cccc(F)c3)c(Cl)c2)n1,Cn1ccc(-c2ccc(C(=O)NC3CNCCC3c3cccc(F)c3)c(Cl)c2)n1,7.423889557,0.819693947,Active,0.625,TRUE
O=C(Cc1nc(N2CCOCC2)cc(=O)n1-c1ccc(OCC(F)F)cc1)N1CCc2c(Cl)cccc21,O=C(Cc1nc(N2CCOCC2)cc(=O)n1-c1ccc(OCC(F)F)cc1)N1CCc2c(Cl)cccc21,7.369418994,0.819745624,Active,0.653333333,TRUE
Cn1ncc(Cl)c1-c1cc(C(=O)NC2CNCCCC2c2cncc(F)c2)oc1Cl,Cn1ncc(Cl)c1-c1cc(C(=O)NC2CNCCCC2c2cncc(F)c2)oc1Cl,8.303270392,0.819782937,Active,0.726027397,TRUE
Nc1cc(N2CCC(c3nc(-c4ccc(F)c(C(F)(F)F)c4)cn3CCNC(=O)C3CC3)CC2)ncn1,Nc1cc(N2CCC(c3nc(-c4ccc(F)c(C(F)(F)F)c4)cn3CCNC(=O)C3CC3)CC2)ncn1,7.817634771,0.819800937,Active,0.723684211,TRUE
N#Cc1cc(-c2cn(CCN3CCC3)c(C3CCN(c4ncnc(N)c4C#N)CC3)n2)ccc1Cl,N#Cc1cc(-c2cn(CCN3CCC3)c(C3CCN(c4ncnc(N)c4C#N)CC3)n2)ccc1Cl,7.85400835,0.819807374,Active,0.830985915,TRUE
CCc1c(N)ncnc1N1CCC(c2nc(-c3ccc(F)cc3F)cn2CCN2CCCC2)CC1,CCc1c(N)ncnc1N1CCC(c2nc(-c3ccc(F)cc3F)cn2CCN2CCCC2)CC1,7.674188287,0.81985333,Active,0.794117647,TRUE
Cn1ncc(-c2csc(C(=O)NC3CNCCC3c3cccc(F)c3)c2)c1-c1ccncc1,Cn1ncc(-c2csc(C(=O)NC3CNCCC3c3cccc(F)c3)c2)c1-c1ccncc1,7.161141766,0.81986835,Active,0.777777778,TRUE
Cc1c[nH]c2ncnc(N3CCC(N)(CNC(=O)Nc4ccc(F)cc4F)CC3)c12,Cc1c[nH]c2ncnc(N3CCC(N)(CNC(=O)Nc4ccc(F)cc4F)CC3)c12,7.317455814,0.819907093,Active,0.7,TRUE
CC1(C)C(=O)Nc2ccc(-c3cncc(OCC(N)Cc4cccc(F)c4)c3)cc21,CC1(C)C(=O)Nc2ccc(-c3cncc(OCC(N)Cc4cccc(F)c4)c3)cc21,7.513225666,0.819946492,Active,0.637681159,TRUE
NC1(C(=O)NC(=O)Cc2ccc(Cl)c(Cl)c2)CCN(c2ncnc3[nH]ccc23)CC1,NC1(C(=O)NC(=O)Cc2ccc(Cl)c(Cl)c2)CCN(c2ncnc3[nH]ccc23)CC1,7.575634559,0.820130253,Active,0.640625,TRUE
CC(C)N(C)CCn1cc(-c2ccc(F)c(NCC3CC3)c2)nc1C1CCN(c2ncnc(N)c2C(N)=O)CC1,CC(C)N(C)CCn1cc(-c2ccc(F)c(NCC3CC3)c2)nc1C1CCN(c2ncnc(N)c2C(N)=O)CC1,7.182088734,0.820155883,Active,0.814814815,TRUE
NC(=O)c1cccc2c(NC(CN3CCC3)c3cc(F)c(F)c(F)c3)ncnc12,NC(=O)c1cccc2c(NC(CN3CCC3)c3cc(F)c(F)c(F)c3)ncnc12,7.745975796,0.820174003,Active,0.847457627,TRUE
CNC(=O)c1cc(-c2cn(CC3CNC3)c(C3CCN(c4ncnc(N)c4Br)CC3)n2)ccc1F,CNC(=O)c1cc(-c2cn(CC3CNC3)c(C3CCN(c4ncnc(N)c4Br)CC3)n2)ccc1F,7.689936863,0.820235395,Active,0.632183908,TRUE
CC1(C(N)=O)C(=O)Nc2ccc(-c3cncc(OCC(N)Cc4c[nH]c5ccccc45)c3)cc21,CC1(C(N)=O)C(=O)Nc2ccc(-c3cncc(OCC(N)Cc4c[nH]c5ccccc45)c3)cc21,7.719791565,0.820265317,Active,0.763888889,TRUE
Cc1cccc(C2CNCC2NC(=O)c2ccc(-c3ccnn3C)s2)c1,Cc1cccc(C2CNCC2NC(=O)c2ccc(-c3ccnn3C)s2)c1,7.41567899,0.8203251,Active,0.701492537,TRUE
N#CCc1cc(-c2cn(CCN3CCC3)c(C3CCN(c4cc(N)ncn4)CC3)n2)ccc1F,N#CCc1cc(-c2cn(CCN3CCC3)c(C3CCN(c4cc(N)ncn4)CC3)n2)ccc1F,7.892729699,0.820391977,Active,0.768115942,TRUE
CN(C)C(=O)c1ccc(-c2cn(CCN3CCC3)c(C3CCN(c4ncnc(N)c4Br)CC3)n2)cc1F,CN(C)C(=O)c1ccc(-c2cn(CCN3CCC3)c(C3CCN(c4ncnc(N)c4Br)CC3)n2)cc1F,7.504325211,0.820518219,Active,0.746666667,TRUE
Cn1nccc1-c1ccc(C(=O)NC2CNCCC2c2cccs2)s1,Cn1nccc1-c1ccc(C(=O)NC2CNCCC2c2cccs2)s1,7.713379206,0.820562744,Active,0.71875,TRUE
Cn1ncc(F)c1-c1ccc(C(=O)NC2CNCCC2c2cccc(F)c2)cc1F,Cn1ncc(F)c1-c1ccc(C(=O)NC2CNCCC2c2cccc(F)c2)cc1F,7.759222493,0.820646966,Active,0.710144928,TRUE
NC1(C(=O)NCc2ccc(F)c(Cl)c2F)CCN(c2ncnc3[nH]ccc23)CC1,NC1(C(=O)NCc2ccc(F)c(Cl)c2F)CCN(c2ncnc3[nH]ccc23)CC1,7.616751843,0.820731127,Active,0.725806452,TRUE
Cc1cc(-c2cn(CCNCCO)c(C3CCN(c4ncnc(N)c4F)CC3)n2)ccc1F,Cc1cc(-c2cn(CCNCCO)c(C3CCN(c4ncnc(N)c4F)CC3)n2)ccc1F,7.834945962,0.820767665,Active,0.708860759,TRUE
Cn1ccc(-c2cc(C(=O)NC3CNCCC3c3ccc(F)c(F)c3)ccc2F)n1,Cn1ccc(-c2cc(C(=O)NC3CNCCC3c3ccc(F)c(F)c3)ccc2F)n1,7.85469713,0.820871079,Active,0.647058824,TRUE
Cc1c[nH]c2ncnc(N3CCC(N)(CNC(=O)c4ccc(F)cc4Cl)C3)c12,Cc1c[nH]c2ncnc(N3CCC(N)(CNC(=O)c4ccc(F)cc4Cl)C3)c12,7.533066732,0.820895636,Active,0.848484848,TRUE
N#Cc1c(N)ncnc1N1CCC(c2nc(-c3ccc(C4CC4)cc3)cn2CC(=O)NCc2ccc(F)cc2)CC1,N#Cc1c(N)ncnc1N1CCC(c2nc(-c3ccc(C4CC4)cc3)cn2CC(=O)NCc2ccc(F)cc2)CC1,7.55323176,0.820909643,Active,0.62962963,TRUE
NC(=O)C(NC(=O)CNC(=O)c1cc(Br)c(-c2ccnc3[nH]ccc23)s1)C1CCCCC1,NC(=O)C(NC(=O)CNC(=O)c1cc(Br)c(-c2ccnc3[nH]ccc23)s1)C1CCCCC1,7.745777933,0.820983732,Active,0.64,TRUE
CC1(Cc2ccccc2)C(=O)Nc2ccc(-c3cncc(OCC(N)Cc4c[nH]c5ccccc45)c3)cc21,CC1(Cc2ccccc2)C(=O)Nc2ccc(-c3cncc(OCC(N)Cc4c[nH]c5ccccc45)c3)cc21,7.570527821,0.821019435,Active,0.753424658,TRUE
Cn1nccc1-c1ccc(C(=O)NC2CNCCC2c2cc(F)cc(Cl)c2)cc1F,Cn1nccc1-c1ccc(C(=O)NC2CNCCC2c2cc(F)cc(Cl)c2)cc1F,7.796369642,0.821189189,Active,0.887096774,TRUE
Cc1nc(-c2nc(NC(=O)c3cc(-n4cnc(C5CC5)c4)c(N4CCC(F)(F)CC4)cn3)cs2)n(C)n1,Cc1nc(-c2nc(NC(=O)c3cc(-n4cnc(C5CC5)c4)c(N4CCC(F)(F)CC4)cn3)cs2)n(C)n1,8.030840035,0.821197832,Active,0.658823529,TRUE
Nc1cc(N2CCC(c3nc(-c4cc(F)cc(Cl)c4)cn3CCN3CCCC3)CC2)ncn1,Nc1cc(N2CCC(c3nc(-c4cc(F)cc(Cl)c4)cn3CCN3CCCC3)CC2)ncn1,7.563192256,0.821328664,Active,0.772727273,TRUE
CNCCn1cc(-c2ccc(F)c(C(N)=O)c2)nc1C1CCN(c2ncnc(N)c2F)CC1,CNCCn1cc(-c2ccc(F)c(C(N)=O)c2)nc1C1CCN(c2ncnc(N)c2F)CC1,7.661091407,0.821370208,Active,0.75,TRUE
COc1c(N)ncnc1N1CCC(c2nc(-c3ccc(C(F)(F)F)c(F)c3)cn2CCN2CCC2)CC1,COc1c(N)ncnc1N1CCC(c2nc(-c3ccc(C(F)(F)F)c(F)c3)cn2CCN2CCC2)CC1,7.60296139,0.821427667,Active,0.888888889,TRUE
Cn1ncc(Cl)c1-c1ccc(C(=O)NC2CNCCC2c2cncc(CN)c2)s1,Cn1ncc(Cl)c1-c1ccc(C(=O)NC2CNCCC2c2cncc(CN)c2)s1,8.03308854,0.821431959,Active,0.739130435,TRUE
Cn1nc(-c2ccc(C(=O)NC3CNCCC3c3ccc(F)c(F)c3)cc2)c2cccnc21,Cn1nc(-c2ccc(C(=O)NC3CNCCC3c3ccc(F)c(F)c3)cc2)c2cccnc21,7.300797258,0.82143333,Active,0.661971831,TRUE
Cc1nn(-c2ccc(Cl)cc2)c2ncnc(N3CCN(C(=O)C(N)Cc4ccc(F)cc4)CC3)c12,Cc1nn(-c2ccc(Cl)cc2)c2ncnc(N3CCN(C(=O)C(N)Cc4ccc(F)cc4)CC3)c12,7.36434141,0.82144382,Active,0.614285714,TRUE
Cc1oc(C(=O)NC2CNCCC2c2cccc(Br)c2)cc1-c1c(Cl)cnn1C,Cc1oc(C(=O)NC2CNCCC2c2cccc(Br)c2)cc1-c1c(Cl)cnn1C,7.530017275,0.821459198,Active,0.718309859,TRUE
Cc1cc(-c2ccc(C(=O)NC3CNCCC3c3ccc(F)c(F)c3)cc2)nn1C,Cc1cc(-c2ccc(C(=O)NC3CNCCC3c3ccc(F)c(F)c3)cc2)nn1C,7.369443558,0.821462595,Active,0.707692308,TRUE
Cc1[nH]nc2ccc(-c3cncc(OCC(N)Cc4c[nH]c5ccccc45)c3)nc12,Cc1[nH]nc2ccc(-c3cncc(OCC(N)Cc4c[nH]c5ccccc45)c3)nc12,8.503195153,0.821548724,Active,0.705882353,TRUE
CC1SCc2ncnc(N3CCN(C(=O)C(N)Cc4cc(F)c(C(N)=O)cc4Cl)CC3)c21,CC1SCc2ncnc(N3CCN(C(=O)C(N)Cc4cc(F)c(C(N)=O)cc4Cl)CC3)c21,7.430155858,0.82157948,Active,0.712328767,TRUE
CN(C)CC(NC(=O)C1(N)CCN(c2ncnc3[nH]ccc23)CC1)c1ccc(F)cc1,CN(C)CC(NC(=O)C1(N)CCN(c2ncnc3[nH]ccc23)CC1)c1ccc(F)cc1,7.662428748,0.821633005,Active,0.761904762,TRUE
Nc1ncnc(N2CCC(c3nc(-c4cccc(Cl)c4)cn3CCN3CCC(F)C3)CC2)c1C(=O)N1CCCC1,Nc1ncnc(N2CCC(c3nc(-c4cccc(Cl)c4)cn3CCN3CCC(F)C3)CC2)c1C(=O)N1CCCC1,7.188260271,0.82173183,Active,0.756410256,TRUE
Cc1c(-c2cncc(OCC(N)Cc3c[nH]c4ccccc34)c2)ccc2[nH]nc(C(F)(F)F)c12,Cc1c(-c2cncc(OCC(N)Cc3c[nH]c4ccccc34)c2)ccc2[nH]nc(C(F)(F)F)c12,8.379702142,0.821831071,Active,0.736111111,TRUE
Cn1ncc(Cl)c1-c1ccc(C(=O)NC2CNCCC2c2cc(F)cc(Cl)c2)cc1,Cn1ncc(Cl)c1-c1ccc(C(=O)NC2CNCCC2c2cc(F)cc(Cl)c2)cc1,7.397285883,0.821848714,Active,0.815384615,TRUE
CCn1cc(-c2ccc(F)c(C)c2)nc1C1CCN(c2ncnc(N)c2C(=O)NC(C)CO)CC1,CCn1cc(-c2ccc(F)c(C)c2)nc1C1CCN(c2ncnc(N)c2C(=O)NC(C)CO)CC1,7.34179842,0.82187041,Active,0.6875,TRUE
Cn1cnnc1-c1nc(NC(=O)c2cc(-n3cnc(C4CC4)c3)c(N3CCC(CO)CC3)cn2)cs1,Cn1cnnc1-c1nc(NC(=O)c2cc(-n3cnc(C4CC4)c3)c(N3CCC(CO)CC3)cn2)cs1,8.189399622,0.821880901,Active,0.707317073,TRUE
NC(=O)CCC(NC(=O)c1cc(Br)c(-c2ccnc3cc(Cl)ccc23)s1)c1ccccc1,NC(=O)CCC(NC(=O)c1cc(Br)c(-c2ccnc3cc(Cl)ccc23)s1)c1ccccc1,7.377691095,0.821964765,Active,0.611111111,TRUE
CC1SCc2ncnc(N3CCN(C(=O)C4(c5ccc(Cl)cc5)CCNCC4)CC3)c21,CC1SCc2ncnc(N3CCN(C(=O)C4(c5ccc(Cl)cc5)CCNCC4)CC3)c21,7.243617637,0.821996117,Active,0.602941176,TRUE
O=C(Cc1nc(N2CCOCC2)cc(=O)n1-c1cc(F)cc(F)c1)N1CCc2c(Cl)cccc21,O=C(Cc1nc(N2CCOCC2)cc(=O)n1-c1cc(F)cc(F)c1)N1CCc2c(Cl)cccc21,7.188954324,0.822035515,Active,0.731343284,TRUE
O=C(NC1CCC1)c1cc(Br)c(-c2ccnc3[nH]ccc23)s1,O=C(NC1CCC1)c1cc(Br)c(-c2ccnc3[nH]ccc23)s1,7.520579745,0.822053158,Active,0.636363636,TRUE
CC1SCc2ncnc(N3CCN(C(=O)C(N)Cc4cc(F)ccc4F)CC3)c21,CC1SCc2ncnc(N3CCN(C(=O)C(N)Cc4cc(F)ccc4F)CC3)c21,7.199198076,0.8220981,Active,0.78125,TRUE
Cn1ncc(Br)c1-c1ccc(C(=O)NC2CNCC2c2cc(F)cc(F)c2)s1,Cn1ncc(Br)c1-c1ccc(C(=O)NC2CNCC2c2cc(F)cc(F)c2)s1,7.683466496,0.822119558,Active,0.735294118,TRUE
O=C(NCc1ccc(Cl)c(Cl)c1)C1(F)CCN(c2ncnc3[nH]ccc23)CC1,O=C(NCc1ccc(Cl)c(Cl)c1)C1(F)CCN(c2ncnc3[nH]ccc23)CC1,7.492043862,0.822195554,Active,0.650793651,TRUE
CNC(=O)c1c(N)ncnc1N1CCC(c2nc(-c3ccc(F)c(C)c3)cn2CCN2CCC2)CC1,CNC(=O)c1c(N)ncnc1N1CCC(c2nc(-c3ccc(F)c(C)c3)cn2CCN2CCC2)CC1,7.46786282,0.822281325,Active,0.851351351,TRUE
CN(C)CCN(C)CCn1cc(-c2ccc(F)c(F)c2)nc1C1CCN(c2ncnc(N)c2Cl)CC1,CN(C)CCN(C)CCn1cc(-c2ccc(F)c(F)c2)nc1C1CCN(c2ncnc(N)c2Cl)CC1,7.505371433,0.822417641,Active,0.736111111,TRUE
Cn1ncc(Cl)c1-c1nc(C(=O)NC2CNCCC2c2ccc(F)c(F)c2)ccc1C1CC1,Cn1ncc(Cl)c1-c1nc(C(=O)NC2CNCCC2c2ccc(F)c(F)c2)ccc1C1CC1,7.395282129,0.82246139,Active,0.684931507,TRUE
NC1(C(=O)NC(Cc2ccc(F)cc2)C(=O)NCCc2ccc(Cl)cc2)CCN(c2ncnc3[nH]ccc23)CC1,NC1(C(=O)NC(Cc2ccc(F)cc2)C(=O)NCCc2ccc(Cl)cc2)CCN(c2ncnc3[nH]ccc23)CC1,7.670493019,0.822467291,Active,0.625,TRUE
Cc1nc(C(=O)NC2CNCCC2c2ccc(F)c(F)c2)sc1-c1c(Br)cnn1C,Cc1nc(C(=O)NC2CNCCC2c2ccc(F)c(F)c2)sc1-c1c(Br)cnn1C,7.551781343,0.822529221,Active,0.718309859,TRUE
NC1(C(=O)NC(=O)c2cc(F)ccc2Cl)CCN(c2ncnc3[nH]ccc23)CC1,NC1(C(=O)NC(=O)c2cc(F)ccc2Cl)CCN(c2ncnc3[nH]ccc23)CC1,7.335917886,0.822586203,Active,0.602941176,TRUE
CN(C)CCn1cc(-c2cncc(F)c2)nc1C1CCN(c2ncnc(N)c2Br)CC1,CN(C)CCn1cc(-c2cncc(F)c2)nc1C1CCN(c2ncnc(N)c2Br)CC1,7.909333112,0.822599673,Active,0.706666667,TRUE
O=C(NC1CNCCC1c1ccc(F)cn1)c1cc2c(s1)CCCn1ncc(Br)c1-2,O=C(NC1CNCCC1c1ccc(F)cn1)c1cc2c(s1)CCCn1ncc(Br)c1-2,9.512138472,0.822641575,Active,0.780821918,TRUE
Cn1nccc1-c1sc(C(=O)NC2CNCCC2c2cccc(F)c2)cc1N,Cn1nccc1-c1sc(C(=O)NC2CNCCC2c2cccc(F)c2)cc1N,7.733060401,0.822661126,Active,0.753623188,TRUE
COc1cc2nc(-c3ccc(CN4CCC(c5n[nH]c(-c6ccccn6)n5)CC4)cc3)c(-c3ccccc3)cn2n1,COc1cc2nc(-c3ccc(CN4CCC(c5n[nH]c(-c6ccccn6)n5)CC4)cc3)c(-c3ccccc3)cn2n1,7.440009173,0.82274648,Active,0.7,TRUE
O=C(NC1CNCCC1c1ccsc1)c1cc2c(s1)OCCn1nccc1-2,O=C(NC1CNCCC1c1ccsc1)c1cc2c(s1)OCCn1nccc1-2,8.660684938,0.822770262,Active,0.782608696,TRUE
Cn1nccc1-c1ccc(C(=O)NC2CNCCC2c2cccc(F)c2)c(Cl)c1,Cn1nccc1-c1ccc(C(=O)NC2CNCCC2c2cccc(F)c2)c(Cl)c1,7.530860008,0.822907591,Active,0.857142857,TRUE
Cn1nccc1C1CCNCC1NC(=O)c1ccc(-c2c(Br)cnn2C)s1,Cn1nccc1C1CCNCC1NC(=O)c1ccc(-c2c(Br)cnn2C)s1,7.687430396,0.822916174,Active,0.7,TRUE
Cn1nc(-c2ccc(C(=O)NC3CNCCC3c3cccc(F)c3)cc2)cc1C1CC1,Cn1nc(-c2ccc(C(=O)NC3CNCCC3c3cccc(F)c3)cc2)cc1C1CC1,7.426516083,0.822918439,Active,0.661971831,TRUE
Nc1ncnc(N2CCC(c3nc(-c4ccc(C(F)(F)F)c(F)c4)cn3CCNCC3CC3)CC2)c1F,Nc1ncnc(N2CCC(c3nc(-c4ccc(C(F)(F)F)c(F)c4)cn3CCNCC3CC3)CC2)c1F,7.633659029,0.822970116,Active,0.7375,TRUE
Cn1nccc1-c1ccc(C(=O)NC2CNCCC2c2ccc(Cl)cn2)s1,Cn1nccc1-c1ccc(C(=O)NC2CNCCC2c2ccc(Cl)cn2)s1,7.876156355,0.822989845,Active,0.80952381,TRUE
COc1ccc(-c2cn(CCN3CCCCC3)c(C3CCN(c4ncnc(N)c4Cl)CC3)n2)cc1C,COc1ccc(-c2cn(CCN3CCCCC3)c(C3CCN(c4ncnc(N)c4Cl)CC3)n2)cc1C,7.704624342,0.823073113,Active,0.726027397,TRUE
CC(=O)N(C)CCn1cc(-c2ccc(F)c(C(F)(F)F)c2)nc1C1CCN(c2ncnc(N)c2Cl)CC1,CC(=O)N(C)CCn1cc(-c2ccc(F)c(C(F)(F)F)c2)nc1C1CCN(c2ncnc(N)c2Cl)CC1,7.976127402,0.823170447,Active,0.734177215,TRUE
Cc1cn(-c2cc(C(=O)Nc3csc(-c4nncn4C4CC4)n3)ncc2N2CCOC(C#N)C2)cn1,Cc1cn(-c2cc(C(=O)Nc3csc(-c4nncn4C4CC4)n3)ncc2N2CCOC(C#N)C2)cn1,7.625150521,0.823218071,Active,0.674157303,TRUE
Cc1c(N)ncnc1N1CCC(c2nc(-c3ccc(F)cc3)cn2CCN2CCCC2)CC1,Cc1c(N)ncnc1N1CCC(c2nc(-c3ccc(F)cc3)cn2CCN2CCCC2)CC1,7.596891968,0.823247457,Active,0.8125,TRUE
Cc1cc(C(=O)NC2CNCCC2c2cc(F)cc(Cl)c2)ccc1-c1ccnn1C,Cc1cc(C(=O)NC2CNCCC2c2cc(F)cc(Cl)c2)ccc1-c1ccnn1C,7.449392442,0.823265457,Active,0.76119403,TRUE
CCC(NC(=O)C1(F)CCN(c2ncnc3[nH]ccc23)CC1)c1ccc(Cl)c(F)c1,CCC(NC(=O)C1(F)CCN(c2ncnc3[nH]ccc23)CC1)c1ccc(Cl)c(F)c1,7.526212704,0.823282325,Active,0.661971831,TRUE
Cn1nccc1-c1cc(F)c(C(=O)NC2CNCCC2c2cccc(F)c2)c(F)c1,Cn1nccc1-c1cc(F)c(C(=O)NC2CNCCC2c2cccc(F)c2)c(F)c1,7.823705575,0.823345983,Active,0.819672131,TRUE
Cn1ncc(Cl)c1-c1cc(C(=O)NC(CO)Cc2cccc(F)c2)oc1Cl,Cn1ncc(Cl)c1-c1cc(C(=O)NC(CO)Cc2cccc(F)c2)oc1Cl,8.29150012,0.823368394,Active,0.85483871,TRUE
Nc1ncnc(N2CCC(c3nc(-c4cccc(F)c4)cn3CCN3CCCC3)CC2)c1CC1CC1,Nc1ncnc(N2CCC(c3nc(-c4cccc(F)c4)cn3CCN3CCCC3)CC2)c1CC1CC1,7.51297078,0.82339319,Active,0.84057971,TRUE
CCCNC(=O)Cn1cc(-c2ccc(F)c(C(F)(F)F)c2)nc1C1CCN(c2ncnc(N)c2Cl)CC1,CCCNC(=O)Cn1cc(-c2ccc(F)c(C(F)(F)F)c2)nc1C1CCN(c2ncnc(N)c2Cl)CC1,8.138577621,0.823423827,Active,0.695121951,TRUE
NC1(C(=O)NC(Cc2ccc(Cl)cc2)C(=O)NCc2ccc(F)cc2)CCN(c2ncnc3[nH]ccc23)CC1,NC1(C(=O)NC(Cc2ccc(Cl)cc2)C(=O)NCc2ccc(F)cc2)CCN(c2ncnc3[nH]ccc23)CC1,7.527938845,0.823438907,Active,0.71641791,TRUE
NC(=O)Cn1cc(-c2ccc(F)c(Cl)c2)nc1C1CCN(c2ncnc(N)c2Br)CC1,NC(=O)Cn1cc(-c2ccc(F)c(Cl)c2)nc1C1CCN(c2ncnc(N)c2Br)CC1,7.973774825,0.823477769,Active,0.75,TRUE
O=C(Cc1nc(=O)c(F)c(N2CCOCC2)[nH]1)N1CCc2c(Cl)cccc21,O=C(Cc1nc(=O)c(F)c(N2CCOCC2)[nH]1)N1CCc2c(Cl)cccc21,7.661113771,0.823793972,Active,0.6875,TRUE
COc1[nH]nc2ccc(-c3cncc(OCC(N)Cc4ccccc4Cl)c3)cc12,COc1[nH]nc2ccc(-c3cncc(OCC(N)Cc4ccccc4Cl)c3)cc12,7.305958643,0.823818767,Active,0.71875,TRUE
NC1(C(=O)NCc2cc(Cl)cc(Br)c2)CCN(c2ncnc3[nH]ccc23)CC1,NC1(C(=O)NCc2cc(Cl)cc(Br)c2)CCN(c2ncnc3[nH]ccc23)CC1,7.655503281,0.823864603,Active,0.783333333,TRUE
CCOc1cc(N2CCC(c3nc(-c4ccc(Cl)c(F)c4)cn3CCN3CCC3)CC2)ncn1,CCOc1cc(N2CCC(c3nc(-c4ccc(Cl)c(F)c4)cn3CCN3CCC3)CC2)ncn1,7.20186803,0.823887491,Active,0.653846154,TRUE
Cc1cc(CC(N)COc2cncc(-c3cc4c(C)c[nH]c4cn3)c2)ccc1F,Cc1cc(CC(N)COc2cncc(-c3cc4c(C)c[nH]c4cn3)c2)ccc1F,7.534267915,0.823976481,Active,0.777777778,TRUE
CCc1c(N)ncnc1N1CCC(c2nc(-c3cccc(F)c3)cn2CCNC(C)C)CC1,CCc1c(N)ncnc1N1CCC(c2nc(-c3cccc(F)c3)cn2CCNC(C)C)CC1,7.510344195,0.824129188,Active,0.791666667,TRUE
Nc1ncnc(N2CCC(c3nc(-c4cc(Cl)c(F)[nH]4)cn3CCN3CCC3)CC2)c1C(F)(F)F,Nc1ncnc(N2CCC(c3nc(-c4cc(Cl)c(F)[nH]4)cn3CCN3CCC3)CC2)c1C(F)(F)F,7.312388936,0.824230218,Active,0.604938272,TRUE
Nc1ncnc(N2CCC(c3nc(-c4ccc(F)c(C(F)(F)F)c4)cn3CCCNCCO)CC2)c1Br,Nc1ncnc(N2CCC(c3nc(-c4ccc(F)c(C(F)(F)F)c4)cn3CCCNCCO)CC2)c1Br,8.05409318,0.824373269,Active,0.743589744,TRUE
Cn1ncc(Cl)c1-c1ccc(C(=O)NC2CNCCC2c2cc(F)cc(F)c2)cc1F,Cn1ncc(Cl)c1-c1ccc(C(=O)NC2CNCCC2c2cc(F)cc(F)c2)cc1F,7.648620892,0.824564064,Active,0.71641791,TRUE
Cc1cc(-c2ccc(C(=O)NC3CNCCC3c3ccc(F)cc3)s2)nn1C,Cc1cc(-c2ccc(C(=O)NC3CNCCC3c3ccc(F)cc3)s2)nn1C,7.443491212,0.824580395,Active,0.602739726,TRUE
CN(C)CCCNCCn1cc(-c2ccc(F)cc2)nc1C1CCN(c2ncnc(N)c2C2CC2)CC1,CN(C)CCCNCCn1cc(-c2ccc(F)cc2)nc1C1CCN(c2ncnc(N)c2C2CC2)CC1,7.664674531,0.824614549,Active,0.653333333,TRUE
Nc1ncnc(N2CCC(c3nc(-c4cc(Cl)c(O)c(Cl)c4)cn3CCN3CCCC3)CC2)c1Cl,Nc1ncnc(N2CCC(c3nc(-c4cc(Cl)c(O)c(Cl)c4)cn3CCN3CCCC3)CC2)c1Cl,7.596968712,0.824651027,Active,0.742424242,TRUE
NC1(c2ccc(-c3nc4n(c3-c3ccccc3)COc3cccnc3-4)cc2)CC(O)c2ccccc21,NC1(c2ccc(-c3nc4n(c3-c3ccccc3)COc3cccnc3-4)cc2)CC(O)c2ccccc21,7.813467413,0.82467922,Active,0.657142857,TRUE
NC(Cc1ccc(F)cc1)C(=O)N1CCN(c2ncnc3[nH]cc(Br)c23)C1,NC(Cc1ccc(F)cc1)C(=O)N1CCN(c2ncnc3[nH]cc(Br)c23)C1,7.989691246,0.824852312,Active,0.714285714,TRUE
CC1Cc2ccccc2N1C(=O)Cc1nc(N2CCOCC2)cc(=O)n1-c1ccccc1,CC1Cc2ccccc2N1C(=O)Cc1nc(N2CCOCC2)cc(=O)n1-c1ccccc1,7.315012931,0.824888015,Active,0.790322581,TRUE
Nc1ncnc(N2CCC(c3nc(-c4ccc(F)c(C(F)(F)F)c4)cn3CC(=O)NCc3ccco3)CC2)c1Cl,Nc1ncnc(N2CCC(c3nc(-c4ccc(F)c(C(F)(F)F)c4)cn3CC(=O)NCc3ccco3)CC2)c1Cl,7.867960785,0.82495954,Active,0.666666667,TRUE
NC(=O)c1cccc2c(NC(CN3CCC3)c3ccc(Br)cc3)ncnc12,NC(=O)c1cccc2c(NC(CN3CCC3)c3ccc(Br)cc3)ncnc12,7.648908874,0.8250319,Active,0.824561404,TRUE
NCC1(C(=O)NCc2cc(Cl)cc(Cl)c2)CCN(c2ncnc3[nH]ccc23)C1,NCC1(C(=O)NCc2cc(Cl)cc(Cl)c2)CCN(c2ncnc3[nH]ccc23)C1,7.901441198,0.82515856,Active,0.630769231,TRUE
O=C(NC(c1ccc(Cl)cc1)C1CC1)N1CCN(c2ncnc3[nH]ccc23)CC1,O=C(NC(c1ccc(Cl)cc1)C1CC1)N1CCN(c2ncnc3[nH]ccc23)CC1,7.415530153,0.825225914,Active,0.64516129,TRUE
Cn1ncc(Cl)c1-c1cc(F)c(C(=O)NC2CNCC2c2ccc(F)c(F)c2)cc1F,Cn1ncc(Cl)c1-c1cc(F)c(C(=O)NC2CNCC2c2ccc(F)c(F)c2)cc1F,7.154551768,0.825259709,Active,0.857142857,TRUE
Nc1ncnc(N2CCC(c3nc(-c4ccc(F)c(F)c4)cn3CCN3CCC3)C(F)C2)c1Cl,Nc1ncnc(N2CCC(c3nc(-c4ccc(F)c(F)c4)cn3CCN3CCC3)C(F)C2)c1Cl,8.109008162,0.825389111,Active,0.849315068,TRUE
N#Cc1cc(-c2cn(CCN3CCCC3)c(C3CCN(c4ncnc(N)c4F)CC3)n2)co1,N#Cc1cc(-c2cn(CCN3CCCC3)c(C3CCN(c4ncnc(N)c4F)CC3)n2)co1,7.490710445,0.825461054,Active,0.653333333,TRUE
CN1CCN(CCn2cc(-c3ccc(F)c(Cl)c3)nc2C2CCN(c3ncnc(N)c3Br)CC2)CC1,CN1CCN(CCn2cc(-c3ccc(F)c(Cl)c3)nc2C2CCN(c3ncnc(N)c3Br)CC2)CC1,7.767991486,0.825474763,Active,0.882352941,TRUE
O=C(NC1CNCCC1c1cccs1)c1cc2c(s1)OCCn1nccc1-2,O=C(NC1CNCCC1c1cccs1)c1cc2c(s1)OCCn1nccc1-2,8.606956387,0.825475657,Active,0.742857143,TRUE
Cc1ccnc(N2CCC(c3nc(-c4ccc(F)c(C#N)c4)cn3CCNC(C)C)CC2)c1,Cc1ccnc(N2CCC(c3nc(-c4ccc(F)c(C#N)c4)cn3CCNC(C)C)CC2)c1,7.392454282,0.82550832,Active,0.607142857,TRUE
Nc1ncnc(N2CCC(c3nc(-c4ccc(O)c(Cl)c4)cn3CCN3CCC3)CC2)c1Cl,Nc1ncnc(N2CCC(c3nc(-c4ccc(O)c(Cl)c4)cn3CCN3CCC3)CC2)c1Cl,7.688072502,0.825566554,Active,0.8,TRUE
O=C(NCc1ccc(Cl)cc1Cl)C1(F)CCN(c2ncnc3[nH]ccc23)CC1,O=C(NCc1ccc(Cl)cc1Cl)C1(F)CCN(c2ncnc3[nH]ccc23)CC1,7.442725488,0.825649405,Active,0.630769231,TRUE
NC(=O)c1cc2nc(-c3ccc(CN4CC(c5n[nH]c(-c6ccccn6)n5)C4)cc3)c(-c3ccccc3)cn2c1,NC(=O)c1cc2nc(-c3ccc(CN4CC(c5n[nH]c(-c6ccccn6)n5)C4)cc3)c(-c3ccccc3)cn2c1,7.30622218,0.825830007,Active,0.679487179,TRUE
Cn1nc(-c2ccc(C(=O)NC3CNCCC3c3cccc(F)c3)cc2)c2sccc21,Cn1nc(-c2ccc(C(=O)NC3CNCCC3c3cccc(F)c3)cc2)c2sccc21,7.449054812,0.825853312,Active,0.635135135,TRUE
Nc1ncnc(N2CCC(c3nc(-c4cc(F)c(F)c(F)c4)cn3CCN3CCC3)CC2)c1Br,Nc1ncnc(N2CCC(c3nc(-c4cc(F)c(F)c(F)c4)cn3CCN3CCC3)CC2)c1Br,8.248680041,0.825870895,Active,0.815384615,TRUE
Cn1nc(-c2ccc(C(=O)NC3CNCCC3c3cccc(F)c3)cc2)c2ccccc21,Cn1nc(-c2ccc(C(=O)NC3CNCCC3c3cccc(F)c3)cc2)c2ccccc21,7.229017626,0.825923705,Active,0.652777778,TRUE
NC(=O)c1cccc2c(NC(CN3CCC3)c3ccc(F)c(Br)c3)ncnc12,NC(=O)c1cccc2c(NC(CN3CCC3)c3ccc(F)c(Br)c3)ncnc12,7.748990337,0.826050544,Active,0.852459016,TRUE
O=C(Cc1nc(N2CCOCC2)cc(=O)n1-c1ccc(Br)cc1)N1CCc2cc(Cl)ccc21,O=C(Cc1nc(N2CCOCC2)cc(=O)n1-c1ccc(Br)cc1)N1CCc2cc(Cl)ccc21,7.386152694,0.826065922,Active,0.686567164,TRUE
CNC(=O)C1CCN(c2cnc(C(=O)Nc3csc(-c4nncn4C(C)C(F)(F)F)n3)cc2C)CC1,CNC(=O)C1CCN(c2cnc(C(=O)Nc3csc(-c4nncn4C(C)C(F)(F)F)n3)cc2C)CC1,7.451748216,0.826069915,Active,0.795180723,TRUE
NCc1ccc(Cl)cc1CNC(=O)C1(N)CCN(c2ncnc3[nH]ccc23)CC1,NCc1ccc(Cl)cc1CNC(=O)C1(N)CCN(c2ncnc3[nH]ccc23)CC1,7.631602824,0.826202178,Active,0.754098361,TRUE
COc1c(N)ncnc1N1CCC(c2nc(-c3cccc(C(F)(F)F)c3)cn2CCN2CCC2)CC1,COc1c(N)ncnc1N1CCC(c2nc(-c3cccc(C(F)(F)F)c3)cn2CCN2CCC2)CC1,7.681978569,0.826238716,Active,0.797297297,TRUE
Cn1ncc(Cl)c1-c1ccc(C(=O)NC2CNCCC2c2cccc(OC(F)F)c2)s1,Cn1ncc(Cl)c1-c1ccc(C(=O)NC2CNCCC2c2cccc(OC(F)F)c2)s1,8.181390866,0.826324487,Active,0.791666667,TRUE
Cc1cc(-c2cn(CCN(C)C)c(C3CCN(c4cc(N)ncn4)CC3)n2)ccc1F,Cc1cc(-c2cn(CCN(C)C)c(C3CCN(c4cc(N)ncn4)CC3)n2)ccc1F,7.926168767,0.826406562,Active,0.722222222,TRUE
Cn1ncc(Cl)c1-c1ccc(C(=O)NC2CNCC2c2ccccc2)s1,Cn1ncc(Cl)c1-c1ccc(C(=O)NC2CNCC2c2ccccc2)s1,7.853788683,0.826420391,Active,0.73015873,TRUE
O=C(NC1CNCCC1c1cccc(F)c1)c1ccc(-c2ccc(F)c(F)n2)s1,O=C(NC1CNCCC1c1cccc(F)c1)c1ccc(-c2ccc(F)c(F)n2)s1,7.331316456,0.826525056,Active,0.666666667,TRUE
NC1(C(=O)NC(CCc2ccccc2)c2cc(F)cc(F)c2)CCN(c2ncnc3[nH]ccc23)CC1,NC1(C(=O)NC(CCc2ccccc2)c2cc(F)cc(F)c2)CCN(c2ncnc3[nH]ccc23)CC1,7.616240899,0.826541328,Active,0.710144928,TRUE
N#Cc1cc(-c2cn(CCN3CCCC3)c(C3CCN(c4cncnc4N4CCCC4)CC3)n2)ccc1F,N#Cc1cc(-c2cn(CCN3CCCC3)c(C3CCN(c4cncnc4N4CCCC4)CC3)n2)ccc1F,7.492290557,0.826558375,Active,0.641025641,TRUE
NC(COc1cncc(-c2ccc3[nH]ncc3c2)c1)Cc1cccc(C(F)(F)F)c1,NC(COc1cncc(-c2ccc3[nH]ncc3c2)c1)Cc1cccc(C(F)(F)F)c1,7.777089419,0.826620126,Active,0.793650794,TRUE
CC1Cc2c(F)cc(F)cc2N1C(=O)Cc1nc(N2CCOCC2)cc(=O)n1C,CC1Cc2c(F)cc(F)cc2N1C(=O)Cc1nc(N2CCOCC2)cc(=O)n1C,7.196452196,0.826646352,Active,0.796875,TRUE
Cn1nc(-c2ccc(C(=O)NC3CNCCC3c3cccc(F)c3)c(Cl)c2)c2cccnc21,Cn1nc(-c2ccc(C(=O)NC3CNCCC3c3cccc(F)c3)c(Cl)c2)c2cccnc21,7.371770366,0.826677942,Active,0.602564103,TRUE
Cc1cc(-c2cn(CC3CNC3)c(C3CCN(c4ncnc(N)c4F)CC3)n2)ccc1F,Cc1cc(-c2cn(CC3CNC3)c(C3CCN(c4ncnc(N)c4F)CC3)n2)ccc1F,7.728585249,0.826800132,Active,0.84057971,TRUE
COc1cc(C(=O)NC2CNCCC2c2cccc(F)c2)ccc1-c1ccnn1C,COc1cc(C(=O)NC2CNCCC2c2cccc(F)c2)ccc1-c1ccnn1C,7.596156184,0.826819324,Active,0.7,TRUE
NC(COc1cncc(-c2cc3c(CO)[nH]nc3cn2)c1)Cc1ccc(F)c(F)c1,NC(COc1cncc(-c2cc3c(CO)[nH]nc3cn2)c1)Cc1ccc(F)c(F)c1,7.920838166,0.827086592,Active,0.632352941,TRUE
NC(COc1cncc(-c2ccc3[nH]nc(Br)c3c2)c1)Cc1c(F)cc(F)cc1F,NC(COc1cncc(-c2ccc3[nH]nc(Br)c3c2)c1)Cc1c(F)cc(F)cc1F,7.312456374,0.827102447,Active,0.813559322,TRUE
Cc1c[nH]c2ncnc(N3CCN(C(=O)C(CNC4CC4)c4ccc(F)cc4)CC3)c12,Cc1c[nH]c2ncnc(N3CCN(C(=O)C(CNC4CC4)c4ccc(F)cc4)CC3)c12,7.83534861,0.827142918,Active,0.656716418,TRUE
Nc1ncnc(N2CCC(c3nc(-c4ccnc(Br)c4)cn3CCN3CCC3)CC2)c1Br,Nc1ncnc(N2CCC(c3nc(-c4ccnc(Br)c4)cn3CCN3CCC3)CC2)c1Br,8.025452601,0.827231789,Active,0.808823529,TRUE
Cc1cc(-c2cn(CCN(C)C)c(C3CCN(c4ncnc(N)c4Br)CC3)n2)ccn1,Cc1cc(-c2cn(CCN(C)C)c(C3CCN(c4ncnc(N)c4Br)CC3)n2)ccn1,8.45348625,0.827257359,Active,0.716216216,TRUE
Cn1ncc(Cl)c1-c1cc(F)c(C(=O)NC2CNCCC2c2cc(F)cc(F)c2)cc1F,Cn1ncc(Cl)c1-c1cc(F)c(C(=O)NC2CNCCC2c2cc(F)cc(F)c2)cc1F,7.242592477,0.827281439,Active,0.815384615,TRUE
CNc1cc(-c2cn(CCN3CCC3)c(C3CCN(c4ncnc(N)c4Cl)CC3)n2)cc(F)c1C,CNc1cc(-c2cn(CCN3CCC3)c(C3CCN(c4ncnc(N)c4Cl)CC3)n2)cc(F)c1C,7.596063889,0.827319527,Active,0.716216216,TRUE
NCC1(C(=O)NCCc2ccc(Cl)cc2)CCN(c2ncnc3[nH]ccc23)CC1,NCC1(C(=O)NCCc2ccc(Cl)cc2)CCN(c2ncnc3[nH]ccc23)CC1,8.108685116,0.827471161,Active,0.692307692,TRUE
N#Cc1cc(-c2cn(CCN3CCC3)c(C3CCN(c4ncnc(N)c4Br)CC3)n2)ccn1,N#Cc1cc(-c2cn(CCN3CCC3)c(C3CCN(c4ncnc(N)c4Br)CC3)n2)ccn1,8.468373455,0.827518904,Active,0.777777778,TRUE
CC1Cc2ccc(Br)cc2N1C(=O)Cc1nc(N2CCOCC2)cc(=O)n1C,CC1Cc2ccc(Br)cc2N1C(=O)Cc1nc(N2CCOCC2)cc(=O)n1C,7.379894161,0.827558661,Active,0.790322581,TRUE
CCc1c(N)ncnc1N1CCC(c2nc(-c3ccnc(C(F)(F)F)c3)cn2CCN(C)C)CC1,CCc1c(N)ncnc1N1CCC(c2nc(-c3ccnc(C(F)(F)F)c3)cn2CCN(C)C)CC1,7.990187536,0.827585661,Active,0.808219178,TRUE
CC(=O)Nc1ccc(C2CNCC2NC(=O)c2ccc(-c3c(Cl)cnn3C)s2)cc1,CC(=O)Nc1ccc(C2CNCC2NC(=O)c2ccc(-c3c(Cl)cnn3C)s2)cc1,7.61793419,0.827626133,Active,0.701492537,TRUE
Cc1[nH]nc2ccc(-c3cnc(OCC(N)Cc4c[nH]c5ccccc45)cn3)cc12,Cc1[nH]nc2ccc(-c3cnc(OCC(N)Cc4c[nH]c5ccccc45)cn3)cc12,7.949755592,0.827747309,Active,0.618421053,TRUE
COc1cc(-c2cn(CCN3CCC3)c(C3CCN(c4ncnc(N)c4Cl)CC3O)n2)ccc1F,COc1cc(-c2cn(CCN3CCC3)c(C3CCN(c4ncnc(N)c4Cl)CC3O)n2)ccc1F,7.755044649,0.827769661,Active,0.670588235,TRUE
Nc1ncnc(N2CCC(c3nc(-c4ccc([N+](=O)[O-])c(F)c4)cn3CCN3CCC3)CC2)c1Cl,Nc1ncnc(N2CCC(c3nc(-c4ccc([N+](=O)[O-])c(F)c4)cn3CCN3CCC3)CC2)c1Cl,7.633503267,0.828014398,Active,0.777777778,TRUE
CC(C)NCC(C(=O)N1CCN(c2ncnc3c2C2CC2CC3)CC1)c1ccc(F)cc1,CC(C)NCC(C(=O)N1CCN(c2ncnc3c2C2CC2CC3)CC1)c1ccc(F)cc1,7.527723877,0.828116739,Active,0.671428571,TRUE
Cc1cc(-c2cn(CCNC3CCCC3)c(C3CCN(c4cc(N)ncn4)CC3)n2)ccc1F,Cc1cc(-c2cn(CCNC3CCCC3)c(C3CCN(c4cc(N)ncn4)CC3)n2)ccc1F,7.972963369,0.828228378,Active,0.717948718,TRUE
NC1(C(=O)NCc2ccc(Cl)c(F)c2)CCN(c2ncnc3[nH]ccc23)CC1,NC1(C(=O)NCc2ccc(Cl)c(F)c2)CCN(c2ncnc3[nH]ccc23)CC1,7.695966918,0.828236961,Active,0.766666667,TRUE
NC1(C(=O)NC(=O)c2cc(Cl)cc(Br)c2)CCN(c2ncnc3[nH]ccc23)CC1,NC1(C(=O)NC(=O)c2cc(Cl)cc(Br)c2)CCN(c2ncnc3[nH]ccc23)CC1,7.439949562,0.828266287,Active,0.606060606,TRUE
Cc1ncc(C2CCNCC2NC(=O)c2ccc(-c3c(Br)cnn3C)s2)cn1,Cc1ncc(C2CCNCC2NC(=O)c2ccc(-c3c(Br)cnn3C)s2)cn1,7.717605386,0.828296745,Active,0.739130435,TRUE
Cc1cn(-c2cc(C(=O)Nc3csc(-c4nncn4C4CC4)n3)ncc2N2CCN(C(=O)N3CCC3)CC2)cn1,Cc1cn(-c2cc(C(=O)Nc3csc(-c4nncn4C4CC4)n3)ncc2N2CCN(C(=O)N3CCC3)CC2)cn1,7.465675662,0.828303063,Active,0.686746988,TRUE
NC(=O)c1cc(N)c2nc(-c3ccc(C4(N)CCC4)cc3)c(-c3ccccc3)n2n1,NC(=O)c1cc(N)c2nc(-c3ccc(C4(N)CCC4)cc3)c(-c3ccccc3)n2n1,7.762561413,0.828336263,Active,0.821428571,TRUE
Cn1ncc(Cl)c1-c1cc(F)c(C(=O)NC2CNCCC2c2cccc(F)c2)c(F)c1,Cn1ncc(Cl)c1-c1cc(F)c(C(=O)NC2CNCCC2c2cccc(F)c2)c(F)c1,7.193378928,0.82833823,Active,0.815384615,TRUE
CC1Cc2cc(Cl)ccc2N1C(=O)Cc1nc(N2CCOCC2)cc(=O)n1-c1ccc(F)cc1,CC1Cc2cc(Cl)ccc2N1C(=O)Cc1nc(N2CCOCC2)cc(=O)n1-c1ccc(F)cc1,7.370695891,0.828352714,Active,0.704225352,TRUE
CCn1c(CC(=O)N2CCc3cc(F)c(F)cc32)nc(N2CCOCC2)cc1=O,CCn1c(CC(=O)N2CCc3cc(F)c(F)cc32)nc(N2CCOCC2)cc1=O,7.199281038,0.828355575,Active,0.796610169,TRUE
O=C(Cc1ccc(F)cc1)N1CCN(c2ncnc3[nH]cc(Cl)c23)CC1,O=C(Cc1ccc(F)cc1)N1CCN(c2ncnc3[nH]cc(Cl)c23)CC1,7.662766764,0.828552628,Active,0.689655172,TRUE
COc1ccc(C2CNCC2NC(=O)c2ccc(-c3c(Cl)cnn3C)s2)cc1,COc1ccc(C2CNCC2NC(=O)c2ccc(-c3c(Cl)cnn3C)s2)cc1,7.874125733,0.828583443,Active,0.712121212,TRUE
CC(C)(C)NCCn1cc(-c2ccc(F)c(C(F)(F)F)c2)nc1C1CCN(c2cc(N)ncn2)CC1,CC(C)(C)NCCn1cc(-c2ccc(F)c(C(F)(F)F)c2)nc1C1CCN(c2cc(N)ncn2)CC1,7.605445927,0.828610444,Active,0.763888889,TRUE
COCCn1cc(-c2ccc(F)c(C)c2)nc1C1CCN(c2ncnc(N)c2Cl)CC1F,COCCn1cc(-c2ccc(F)c(C)c2)nc1C1CCN(c2ncnc(N)c2Cl)CC1F,7.525160564,0.828618431,Active,0.813333333,TRUE
CN(C)C(=O)c1ccc2c(c1)-c1nc(-c3ccc(F)cc3)c(-c3ccccc3)n1CO2,CN(C)C(=O)c1ccc2c(c1)-c1nc(-c3ccc(F)cc3)c(-c3ccccc3)n1CO2,7.154851246,0.828685069,Active,0.720588235,TRUE
Cn1ncc(Cl)c1-c1cc(C(=O)NC2CNCCC2c2cncc(F)c2)oc1Cl,Cn1ncc(Cl)c1-c1cc(C(=O)NC2CNCCC2c2cncc(F)c2)oc1Cl,8.123021276,0.828726196,Active,0.782608696,TRUE
CCNCCn1cc(-c2ccc(F)c(C)c2)nc1C1CCN(c2cc(N)ncn2)CC1,CCNCCn1cc(-c2ccc(F)c(C)c2)nc1C1CCN(c2cc(N)ncn2)CC1,7.922297545,0.828747594,Active,0.652777778,TRUE
CNC(=O)c1[nH]nc2ccc(-c3cncc(OCC(N)Cc4cccc(Cl)c4)c3)cc12,CNC(=O)c1[nH]nc2ccc(-c3cncc(OCC(N)Cc4cccc(Cl)c4)c3)cc12,7.406844462,0.828769171,Active,0.661971831,TRUE
N#Cc1c(N)ncnc1N1CCC(c2nc(-c3ccccc3Cl)cn2CCN2CCCC2)CC1,N#Cc1c(N)ncnc1N1CCC(c2nc(-c3ccccc3Cl)cn2CCN2CCCC2)CC1,7.693150774,0.82887795,Active,0.797101449,TRUE
Cc1cc(-c2cn(CCCN(C)C)c(C3CCN(c4ncnc(N)c4Cl)CC3)n2)ccc1F,Cc1cc(-c2cn(CCCN(C)C)c(C3CCN(c4ncnc(N)c4Cl)CC3)n2)ccc1F,7.940076464,0.828950906,Active,0.743243243,TRUE
CNCCn1cc(-c2ccc(F)c(C(F)F)c2)nc1C1CCN(c2ncnc(N)c2Cl)CC1,CNCCn1cc(-c2ccc(F)c(C(F)F)c2)nc1C1CCN(c2ncnc(N)c2Cl)CC1,8.31657669,0.828971827,Active,0.710526316,TRUE
N#Cc1cncnc1N1CCC(c2nc(-c3ccc(F)c(F)c3)cn2CCN2CCC2)CC1,N#Cc1cncnc1N1CCC(c2nc(-c3ccc(F)c(F)c3)cn2CCN2CCC2)CC1,7.436027237,0.829037273,Active,0.736111111,TRUE
Cn1nc(-c2ccc(C(=O)NC3CNCCC3c3cccc(F)c3)cc2)c2cc(F)ccc21,Cn1nc(-c2ccc(C(=O)NC3CNCCC3c3cccc(F)c3)cc2)c2cc(F)ccc21,7.311837053,0.829185569,Active,0.652777778,TRUE
Cc1nnn2c1-c1cc(C(=O)NC3CNCCC3c3ccc(F)cc3)sc1CCC2,Cc1nnn2c1-c1cc(C(=O)NC3CNCCC3c3ccc(F)cc3)sc1CCC2,8.642721385,0.829217041,Active,0.628205128,TRUE
Cn1c(CC(=O)N2CCc3cc(F)c(F)cc32)nc(N2CCOCC2)c1Br,Cn1c(CC(=O)N2CCc3cc(F)c(F)cc32)nc(N2CCOCC2)c1Br,7.627088672,0.829245412,Active,0.704918033,TRUE
O=C(NC1CNCC1c1ccc(F)c(F)c1)c1ccc2c(c1)OCCn1nccc1-2,O=C(NC1CNCC1c1ccc(F)c(F)c1)c1ccc2c(c1)OCCn1nccc1-2,8.710008501,0.829246962,Active,0.859375,TRUE
CC(C)NCCn1cc(-c2cccc(F)c2)nc1C1CCN(c2ncnc(N)c2C#N)CC1,CC(C)NCCn1cc(-c2cccc(F)c2)nc1C1CCN(c2ncnc(N)c2C#N)CC1,7.701680863,0.82937994,Active,0.802631579,TRUE
CC(NC(=O)C1(N)CCN(c2ncnc3[nH]nc(Cl)c23)CC1)c1ccc(F)cc1,CC(NC(=O)C1(N)CCN(c2ncnc3[nH]nc(Cl)c23)CC1)c1ccc(F)cc1,7.529611598,0.829386377,Active,0.723076923,TRUE
O=C(Cc1nc(N2CCOCC2)cc(=O)n1-c1ccc(F)cc1)N1CCc2c(Cl)cccc21,O=C(Cc1nc(N2CCOCC2)cc(=O)n1-c1ccc(F)cc1)N1CCc2c(Cl)cccc21,7.376364378,0.829397821,Active,0.731343284,TRUE
CC(C)CC(NC(=O)C1(N)CCN(c2ncnc3[nH]ccc23)CC1)c1cccc(F)c1,CC(C)CC(NC(=O)C1(N)CCN(c2ncnc3[nH]ccc23)CC1)c1cccc(F)c1,7.821630704,0.829456353,Active,0.671232877,TRUE
Cc1cc(-c2cn(CCN)c(C3CCN(c4ncnc(N)c4C(N)=O)CC3)n2)ccc1F,Cc1cc(-c2cn(CCN)c(C3CCN(c4ncnc(N)c4C(N)=O)CC3)n2)ccc1F,7.579726306,0.829499567,Active,0.895522388,TRUE
Cc1cc(-c2cn(CCN(C)CCN(C)C)c(C3CCN(c4ncnc(N)c4Cl)CC3)n2)ccc1F,Cc1cc(-c2cn(CCN(C)CCN(C)C)c(C3CCN(c4ncnc(N)c4Cl)CC3)n2)ccc1F,7.721371149,0.829511726,Active,0.746666667,TRUE
COc1ccc(C)cc1CC(N)COc1cncc(-c2ccc3[nH]nc(C)c3c2)c1,COc1ccc(C)cc1CC(N)COc1cncc(-c2ccc3[nH]nc(C)c3c2)c1,7.682407377,0.829586053,Active,0.852459016,TRUE
Cc1cc(-c2cn(CC(=O)NC(C)C)c(C3CCN(c4ncnc(N)c4C(F)(F)F)CC3)n2)ccc1F,Cc1cc(-c2cn(CC(=O)NC(C)C)c(C3CCN(c4ncnc(N)c4C(F)(F)F)CC3)n2)ccc1F,7.958260698,0.829590106,Active,0.639534884,TRUE
CNC(=O)NC1CCN(c2cnc(C(=O)Nc3csc(-c4nncn4C(C)C(F)(F)F)n3)cc2F)CC1,CNC(=O)NC1CCN(c2cnc(C(=O)Nc3csc(-c4nncn4C(C)C(F)(F)F)n3)cc2F)CC1,7.42283151,0.829607987,Active,0.652173913,TRUE
Cn1c(CC(=O)N2CCc3c(Br)cccc32)nc(N2CCOCC2)c(Br)c1=O,Cn1c(CC(=O)N2CCc3c(Br)cccc32)nc(N2CCOCC2)c(Br)c1=O,7.482061527,0.829720283,Active,0.714285714,TRUE
Nc1ncnc(N2CCC(c3nc(-c4ccnc(C5CC5)c4)cn3CCN3CCCC3)CC2)c1Cl,Nc1ncnc(N2CCC(c3nc(-c4ccnc(C5CC5)c4)cn3CCN3CCCC3)CC2)c1Cl,8.235976686,0.829736674,Active,0.771428571,TRUE
Cn1c(CC(=O)N2CCc3c(Cl)cccc32)nc(N2CCOCC2)c(OCc2ccc(Cl)c(Cl)c2)c1=O,Cn1c(CC(=O)N2CCc3c(Cl)cccc32)nc(N2CCOCC2)c(OCc2ccc(Cl)c(Cl)c2)c1=O,7.3730019,0.82976588,Active,0.626666667,TRUE
CSc1ccc(-c2cn(CCN3CCCC3)c(C3CCN(c4ncnc(N)c4F)CC3)n2)cc1,CSc1ccc(-c2cn(CCN3CCCC3)c(C3CCN(c4ncnc(N)c4F)CC3)n2)cc1,7.592164729,0.829898977,Active,0.732394366,TRUE
Nc1ncnc(N2CCC(c3nc(-c4cccc(F)c4)cn3CCC(=O)NC3CCCCC3)CC2)c1Cl,Nc1ncnc(N2CCC(c3nc(-c4cccc(F)c4)cn3CCC(=O)NC3CCCCC3)CC2)c1Cl,7.636705515,0.829914296,Active,0.714285714,TRUE
N#Cc1c(F)ccc(-c2cn(CCN3CCC3)c(C3CCN(c4cc(N)ncn4)CC3)n2)c1F,N#Cc1c(F)ccc(-c2cn(CCN3CCC3)c(C3CCN(c4cc(N)ncn4)CC3)n2)c1F,7.743580992,0.829983437,Active,0.680555556,TRUE
CC(C)c1sc(-c2ccnc3[nH]ccc23)cc1C(=O)NC(CN)c1ccccc1,CC(C)c1sc(-c2ccnc3[nH]ccc23)cc1C(=O)NC(CN)c1ccccc1,7.350149732,0.830016994,Active,0.698412698,TRUE
CCN(CC)CCn1cc(-c2ccc(F)c(Cl)c2)nc1C1CCN(c2ncnc(N)c2C(N)=O)CC1,CCN(CC)CCn1cc(-c2ccc(F)c(Cl)c2)nc1C1CCN(c2ncnc(N)c2C(N)=O)CC1,7.850510144,0.830026352,Active,0.853333333,TRUE
N#Cc1cc(-c2cn(CCN3CCC3)c(C3CCN(c4ncnc(N)c4C(N)=O)CC3)n2)ccc1F,N#Cc1cc(-c2cn(CCN3CCC3)c(C3CCN(c4ncnc(N)c4C(N)=O)CC3)n2)ccc1F,7.648192526,0.830112123,Active,0.835616438,TRUE
Cn1nccc1-c1cccc(C(=O)NC2CNCCC2c2ccc(F)c(F)c2)c1,Cn1nccc1-c1cccc(C(=O)NC2CNCCC2c2ccc(F)c(F)c2)c1,7.60835869,0.83012625,Active,0.836065574,TRUE
Cn1ncc(F)c1-c1ccc(C(=O)NC2CNCCC2c2ccc(F)c(F)c2)cc1,Cn1ncc(F)c1-c1ccc(C(=O)NC2CNCCC2c2ccc(F)c(F)c2)cc1,7.644190122,0.830128992,Active,0.852459016,TRUE
O=C(Cc1nc(N2CCOCC2)cc(=O)n1CCOc1ccccc1)N1CCc2c(Cl)cccc21,O=C(Cc1nc(N2CCOCC2)cc(=O)n1CCOc1ccccc1)N1CCc2c(Cl)cccc21,7.295204116,0.830232644,Active,0.739130435,TRUE
Cn1nccc1-c1cc(C(=O)NC(CN)Cc2cccc(F)c2)oc1Cl,Cn1nccc1-c1cc(C(=O)NC(CN)Cc2cccc(F)c2)oc1Cl,8.093429816,0.830326819,Active,0.753846154,TRUE
Cn1ncc(Cl)c1-c1ccc(C(=O)NC2CNCC2c2ccc(F)cc2Cl)s1,Cn1ncc(Cl)c1-c1ccc(C(=O)NC2CNCC2c2ccc(F)cc2Cl)s1,7.969218158,0.830421829,Active,0.714285714,TRUE
CC1Cc2c(ccc(F)c2F)N1C(=O)Cc1nc(N2CCOCC2)cc(=O)n1C1CC1,CC1Cc2c(ccc(F)c2F)N1C(=O)Cc1nc(N2CCOCC2)cc(=O)n1C1CC1,7.509610168,0.830432975,Active,0.803030303,TRUE
Cc1ccccc1C(=O)NCC1(N)CCN(c2ncnc3[nH]cc(Br)c23)C1,Cc1ccccc1C(=O)NCC1(N)CCN(c2ncnc3[nH]cc(Br)c23)C1,7.602436311,0.830473506,Active,0.731343284,TRUE
Cc1ccc(C2CCNCC2NC(=O)c2cccc(-c3ccnn3C)c2)cc1F,Cc1ccc(C2CCNCC2NC(=O)c2cccc(-c3ccnn3C)c2)cc1F,7.467612763,0.830537045,Active,0.727272727,TRUE
CC(=O)c1ccc(-c2cn(CCN3CCC3)c(C3CCN(c4ncnc(N)c4C)CC3)n2)cc1F,CC(=O)c1ccc(-c2cn(CCN3CCC3)c(C3CCN(c4ncnc(N)c4C)CC3)n2)cc1F,7.477705322,0.830543244,Active,0.717948718,TRUE
Cn1ncc(Cl)c1-c1ccc(C(=O)NC2CNCCC2c2ccoc2)s1,Cn1ncc(Cl)c1-c1ccc(C(=O)NC2CNCCC2c2ccoc2)s1,8.073601088,0.830615306,Active,0.784615385,TRUE
CC1Cc2ccc(Cl)cc2N1C(=O)Cc1nc(N2CCOCC2)cc(=O)n1C1CC1,CC1Cc2ccc(Cl)cc2N1C(=O)Cc1nc(N2CCOCC2)cc(=O)n1C1CC1,7.428230428,0.830727303,Active,0.628571429,TRUE
CC1(CCC(=O)O)C(=O)Nc2ccc(-c3cncc(OCC(N)Cc4c[nH]c5ccccc45)c3)cc21,CC1(CCC(=O)O)C(=O)Nc2ccc(-c3cncc(OCC(N)Cc4c[nH]c5ccccc45)c3)cc21,7.597483061,0.830787981,Active,0.723684211,TRUE
Cn1nccc1-c1ccc(C(=O)NC2CNCCC2c2cccc(F)c2)cc1,Cn1nccc1-c1ccc(C(=O)NC2CNCCC2c2cccc(F)c2)cc1,7.464243266,0.830829823,Active,0.796875,TRUE
CC(=O)C(NC(=O)C1(N)CCN(c2ncnc3[nH]ccc23)CC1)c1ccc(Cl)cc1,CC(=O)C(NC(=O)C1(N)CCN(c2ncnc3[nH]ccc23)CC1)c1ccc(Cl)cc1,7.631408586,0.830859387,Active,0.847457627,TRUE
O=C(NCCc1ccc(Cl)cc1)C1CCN(c2ncnc3[nH]cc(Br)c23)CC1,O=C(NCCc1ccc(Cl)cc1)C1CCN(c2ncnc3[nH]cc(Br)c23)CC1,7.865855474,0.830862308,Active,0.625,TRUE
NC(=O)c1cccc(-c2cn(CCN3CCCC3)c(C3CCN(c4ncncc4Cl)CC3)n2)c1,NC(=O)c1cccc(-c2cn(CCN3CCCC3)c(C3CCN(c4ncncc4Cl)CC3)n2)c1,7.645882751,0.83088448,Active,0.675324675,TRUE
O=C(Nc1csc(-c2nncn2C2CCNCC2)n1)c1cc(-n2cnc(C3CC3)c2)c(C(F)(F)F)cn1,O=C(Nc1csc(-c2nncn2C2CCNCC2)n1)c1cc(-n2cnc(C3CC3)c2)c(C(F)(F)F)cn1,7.845791912,0.83091464,Active,0.698795181,TRUE
NC1(C(=O)NCc2ccc(F)c(Cl)c2)CCN(c2ncnc3[nH]ccc23)CC1,NC1(C(=O)NCc2ccc(F)c(Cl)c2)CCN(c2ncnc3[nH]ccc23)CC1,7.665050856,0.830976093,Active,0.796610169,TRUE
CNCCn1cc(-c2ccc(C(F)(F)F)nc2)nc1C1CCN(c2ncnc(N)c2Br)CC1,CNCCn1cc(-c2ccc(C(F)(F)F)nc2)nc1C1CCN(c2ncnc(N)c2Br)CC1,8.16689881,0.831090415,Active,0.791666667,TRUE
Cc1cc(-c2cn(CCN3CCC3)c(C3CCN(c4cc(N)ncn4)CC3F)n2)ccc1C#N,Cc1cc(-c2cn(CCN3CCC3)c(C3CCN(c4cc(N)ncn4)CC3F)n2)ccc1C#N,7.69918263,0.831115627,Active,0.666666667,TRUE
COc1nc(CC(=O)N2c3cccc(Cl)c3CC2C)nc(N2CCOCC2)c1F,COc1nc(CC(=O)N2c3cccc(Cl)c3CC2C)nc(N2CCOCC2)c1F,7.461040328,0.83113476,Active,0.680555556,TRUE
Cn1nccc1-c1ccc(C(=O)NC2CNCCC2c2cncc(F)c2)s1,Cn1nccc1-c1ccc(C(=O)NC2CNCCC2c2cncc(F)c2)s1,7.52201079,0.831240439,Active,0.815384615,TRUE
Nc1ncnc(N2CCC(c3nc(-c4ccncc4F)cn3CCN3CCCC3)CC2)c1Cl,Nc1ncnc(N2CCC(c3nc(-c4ccncc4F)cn3CCN3CCCC3)CC2)c1Cl,7.793813357,0.831326687,Active,0.724637681,TRUE
Cc1ccccc1-n1c(CC(=O)N2CCc3c(Cl)cccc32)nc(N2CCOCC2)cc1=O,Cc1ccccc1-n1c(CC(=O)N2CCc3c(Cl)cccc32)nc(N2CCOCC2)cc1=O,7.3480731,0.831375682,Active,0.769230769,TRUE
NC1(C(=O)NCc2cccc(Cl)c2F)CCN(c2ncnc3[nH]ccc23)C1,NC1(C(=O)NCc2cccc(Cl)c2F)CCN(c2ncnc3[nH]ccc23)C1,7.506722569,0.831593895,Active,0.626865672,TRUE
O=C(NC1CNCCC1c1cccnc1F)c1cc2c(s1)CCCn1ncc(Br)c1-2,O=C(NC1CNCCC1c1cccnc1F)c1cc2c(s1)CCCn1ncc(Br)c1-2,9.615957793,0.831662619,Active,0.743589744,TRUE
Nc1ncnc(N2CCC(c3nc(-c4ccccc4O)cn3CCN3CCCC3)CC2)c1Cl,Nc1ncnc(N2CCC(c3nc(-c4ccccc4O)cn3CCN3CCCC3)CC2)c1Cl,7.641814886,0.831676269,Active,0.71641791,TRUE
COc1c(N)ncnc1N1CCC(c2nc(-c3ccc(Cl)c(Cl)c3)cn2CCN2CCC2)CC1,COc1c(N)ncnc1N1CCC(c2nc(-c3ccc(Cl)c(Cl)c3)cn2CCN2CCC2)CC1,7.788930696,0.831724727,Active,0.746666667,TRUE
NC1(C(=O)NC(=O)c2ccc(F)c(Cl)c2)CCN(c2ncnc3[nH]ccc23)CC1,NC1(C(=O)NC(=O)c2ccc(F)c(Cl)c2)CCN(c2ncnc3[nH]ccc23)CC1,7.471911746,0.831775749,Active,0.606060606,TRUE
CC1(C)C(=O)Nc2ccc(-c3cncc(OCC(N)Cc4ccc(F)c(Cl)c4)c3)cc21,CC1(C)C(=O)Nc2ccc(-c3cncc(OCC(N)Cc4ccc(F)c(Cl)c4)c3)cc21,7.614766209,0.831869149,Active,0.647887324,TRUE
CN(C)CCn1cc(-c2ccc(F)c(O)c2)nc1C1CCN(c2ncnc(N)c2C#N)CC1,CN(C)CCn1cc(-c2ccc(F)c(O)c2)nc1C1CCN(c2ncnc(N)c2C#N)CC1,8.097402809,0.832116628,Active,0.847222222,TRUE
CNC(=O)c1cc(N2CCOCC2)c2nc(-c3ccc(C4(N)CCC4)cc3)c(-c3ccccc3)n2n1,CNC(=O)c1cc(N2CCOCC2)c2nc(-c3ccc(C4(N)CCC4)cc3)c(-c3ccccc3)n2n1,7.420678647,0.832124138,Active,0.714285714,TRUE
Nc1ncnc(N2CCC(c3nc(-c4cnc(F)c(Cl)c4)cn3CCN3CCC3)CC2)c1Cl,Nc1ncnc(N2CCC(c3nc(-c4cnc(F)c(Cl)c4)cn3CCN3CCC3)CC2)c1Cl,8.178161383,0.832126999,Active,0.814285714,TRUE
NC1(C(=O)NC(Cc2ccc(Cl)cc2)C(=O)O)CCN(c2ncnc3[nH]ccc23)CC1,NC1(C(=O)NC(Cc2ccc(Cl)cc2)C(=O)O)CCN(c2ncnc3[nH]ccc23)CC1,7.665317152,0.832158053,Active,0.709677419,TRUE
CS(=O)(=O)c1ccc(-c2ccc3nc(-c4cccnc4N)n(-c4ccc(C5(N)CCC5)cc4)c3n2)cc1,CS(=O)(=O)c1ccc(-c2ccc3nc(-c4cccnc4N)n(-c4ccc(C5(N)CCC5)cc4)c3n2)cc1,8.187338303,0.832171524,Active,0.78125,TRUE
N#Cc1cc(-c2cc[nH]n2)c2nc(-c3ccc(C4(N)CCC4)cc3)c(-c3ccccc3)n2n1,N#Cc1cc(-c2cc[nH]n2)c2nc(-c3ccc(C4(N)CCC4)cc3)c(-c3ccccc3)n2n1,7.594597147,0.832208121,Active,0.765625,TRUE
NC1(C(=O)Nc2ccc(F)cc2)CCN(c2ncnc3[nH]cc(Cl)c23)CC1,NC1(C(=O)Nc2ccc(F)cc2)CCN(c2ncnc3[nH]cc(Cl)c23)CC1,7.501236399,0.832371676,Active,0.615384615,TRUE
Cn1nccc1-c1ccc(C(=O)NC2CNCCC2c2ccco2)s1,Cn1nccc1-c1ccc(C(=O)NC2CNCCC2c2ccco2)s1,7.67049635,0.832418644,Active,0.707692308,TRUE
Cc1cc(-c2cn(CCN3CCC3)c(C3CCN(c4ncnc(N)c4Cl)CC3)n2)ccc1Cl,Cc1cc(-c2cn(CCN3CCC3)c(C3CCN(c4ncnc(N)c4Cl)CC3)n2)ccc1Cl,7.960274262,0.832468891,Active,0.753623188,TRUE
Cn1c(CC(=O)N2c3ccccc3CC2c2ccc(Br)cc2)nc(N2CCOCC2)cc1=O,Cn1c(CC(=O)N2c3ccccc3CC2c2ccc(Br)cc2)nc(N2CCOCC2)cc1=O,7.259099356,0.832508111,Active,0.753846154,TRUE
Cn1ncc(Cl)c1-c1cc(C(=O)NC(Cc2cc(F)cc(F)c2)C(F)(F)F)oc1Cl,Cn1ncc(Cl)c1-c1cc(C(=O)NC(Cc2cc(F)cc(F)c2)C(F)(F)F)oc1Cl,7.557392147,0.832534516,Active,0.641791045,TRUE
CCCNCCn1cc(-c2ccc(F)c(C(F)(F)F)c2)nc1C1CCN(c2ncnc(N)c2C(=O)NC)CC1,CCCNCCn1cc(-c2ccc(F)c(C(F)(F)F)c2)nc1C1CCN(c2ncnc(N)c2C(=O)NC)CC1,7.81867163,0.832588339,Active,0.776470588,TRUE
NC(=O)CNC(=O)c1cc(Br)c(-c2ccnc3[nH]ccc23)s1,NC(=O)CNC(=O)c1cc(Br)c(-c2ccnc3[nH]ccc23)s1,7.555996719,0.832605803,Active,0.68852459,TRUE
Nc1ncnc(N2CCC(c3nc(-c4ccnc(Cl)c4)cn3CCN3CCCC3)CC2)c1Cl,Nc1ncnc(N2CCC(c3nc(-c4ccnc(Cl)c4)cn3CCN3CCCC3)CC2)c1Cl,7.876054927,0.832655096,Active,0.794117647,TRUE
NC1(C(=O)NC(C(=O)c2ccccc2)c2ccc(Cl)cc2)CCN(c2ncnc3[nH]ccc23)CC1,NC1(C(=O)NC(C(=O)c2ccccc2)c2ccc(Cl)cc2)CCN(c2ncnc3[nH]ccc23)CC1,7.556345867,0.832848632,Active,0.793650794,TRUE
Cn1nccc1-c1ccc(C(=O)NC2CNCCC2c2cc(F)cc(Cl)c2)cc1,Cn1nccc1-c1ccc(C(=O)NC2CNCCC2c2cc(F)cc(Cl)c2)cc1,7.509303099,0.832908177,Active,0.765625,TRUE
NC1(C(=O)NC(CC(F)(F)F)c2ccc(F)cc2)CCN(c2ncnc3[nH]ccc23)CC1,NC1(C(=O)NC(CC(F)(F)F)c2ccc(F)cc2)CCN(c2ncnc3[nH]ccc23)CC1,7.726814172,0.832923615,Active,0.734375,TRUE
Nc1ncnc(N2CCC(c3nc(-c4cc(F)c[n+]([O-])c4)cn3CCN3CCCC3)CC2)c1Br,Nc1ncnc(N2CCC(c3nc(-c4cc(F)c[n+]([O-])c4)cn3CCN3CCCC3)CC2)c1Br,7.970555402,0.832938039,Active,0.76056338,TRUE
NC1(C(=O)NCc2ccc(F)c(F)c2Cl)CCN(c2ncnc3[nH]ccc23)CC1,NC1(C(=O)NCc2ccc(F)c(F)c2Cl)CCN(c2ncnc3[nH]ccc23)CC1,7.615478784,0.832950079,Active,0.725806452,TRUE
CC1(C)C(=O)Nc2ccc(-c3cncc(OCC(N)Cc4cccc(Cl)c4)c3)cc21,CC1(C)C(=O)Nc2ccc(-c3cncc(OCC(N)Cc4cccc(Cl)c4)c3)cc21,7.530785277,0.832992876,Active,0.637681159,TRUE
Cn1nccc1-c1ccc(C(=O)NC2CNCCC2c2cccc(C(F)(F)F)c2)s1,Cn1nccc1-c1ccc(C(=O)NC2CNCCC2c2cccc(C(F)(F)F)c2)s1,7.585531022,0.833008075,Active,0.805970149,TRUE
Cn1ncc(Cl)c1-c1ccc(C(=O)NC2CNCC2c2cccc(F)c2)s1,Cn1ncc(Cl)c1-c1ccc(C(=O)NC2CNCC2c2cccc(F)c2)s1,8.232235479,0.833024406,Active,0.861538462,TRUE
COc1ncc(-c2cn(CCN3CCCC3)c(C3CCN(c4ncnc(N)c4C(F)(F)F)CC3)n2)cc1Cl,COc1ncc(-c2cn(CCN3CCCC3)c(C3CCN(c4ncnc(N)c4C(F)(F)F)CC3)n2)cc1Cl,7.548999914,0.833079481,Active,0.607142857,TRUE
Cn1ncc(Cl)c1-c1ccc(C(=O)NC2CNCCC2c2ccc(F)c(F)c2)cc1F,Cn1ncc(Cl)c1-c1ccc(C(=O)NC2CNCCC2c2ccc(F)c(F)c2)cc1F,7.635621943,0.833085501,Active,0.815384615,TRUE
Cc1nccc(CNC(=O)c2cc(Br)c(-c3ccnc4[nH]ccc34)s2)n1,Cc1nccc(CNC(=O)c2cc(Br)c(-c3ccnc4[nH]ccc34)s2)n1,7.482638618,0.833146596,Active,0.611940299,TRUE
Cn1ccc(-c2ccc(C(=O)NC3CNCCC3c3cccc(F)c3)cc2Cl)n1,Cn1ccc(-c2ccc(C(=O)NC3CNCCC3c3cccc(F)c3)cc2Cl)n1,7.41850268,0.833185399,Active,0.630136986,TRUE
Cn1nc(-c2ccc(C(=O)NC3CNCCC3c3ccc(F)c(F)c3)cc2)cc1C1CC1,Cn1nc(-c2ccc(C(=O)NC3CNCCC3c3ccc(F)c(F)c3)cc2)cc1C1CC1,7.405173745,0.833215141,Active,0.696969697,TRUE
CN(C)CCn1cc(-c2ccc(F)cc2)nc1C1CCN(c2ncnc(N)c2Cl)CC1,CN(C)CCn1cc(-c2ccc(F)cc2)nc1C1CCN(c2ncnc(N)c2Cl)CC1,7.942585852,0.833449864,Active,0.769230769,TRUE
CC(C)NC(=O)c1c(N)ncnc1N1CCC(c2nc(-c3ccc(F)c(F)c3)cn2CCN2CCCC2)CC1,CC(C)NC(=O)c1c(N)ncnc1N1CCC(c2nc(-c3ccc(F)c(F)c3)cn2CCN2CCCC2)CC1,7.290443794,0.83347168,Active,0.810810811,TRUE
O=C(NC1CNCCC1c1cccc(F)n1)c1cc2c(s1)CCCn1ncc(Br)c1-2,O=C(NC1CNCCC1c1cccc(F)n1)c1cc2c(s1)CCCn1ncc(Br)c1-2,9.585501349,0.833536828,Active,0.776315789,TRUE
O=C(Cc1nc(N2CCOCC2)cc(=O)n1C1CC1)N1CCc2c(Br)cccc21,O=C(Cc1nc(N2CCOCC2)cc(=O)n1C1CC1)N1CCc2c(Br)cccc21,7.507271804,0.833689833,Active,0.825396825,TRUE
COCC(=O)NC(Cc1ccc(Cl)cc1)C(=O)N1CCN(c2ncnc3[nH]cc(C)c23)CC1,COCC(=O)NC(Cc1ccc(Cl)cc1)C(=O)N1CCN(c2ncnc3[nH]cc(C)c23)CC1,7.82533751,0.833731079,Active,0.71641791,TRUE
CC(C)c1c(N2CCOCC2)nc(CC(=O)N2c3ccc(F)cc3CC2C)n1C,CC(C)c1c(N2CCOCC2)nc(CC(=O)N2c3ccc(F)cc3CC2C)n1C,7.356974988,0.833779418,Active,0.772727273,TRUE
Cn1ncc(F)c1-c1ccc(C(=O)NC2CNCCC2c2ccc(F)c(F)c2)s1,Cn1ncc(F)c1-c1ccc(C(=O)NC2CNCCC2c2ccc(F)c(F)c2)s1,7.82121641,0.833867574,Active,0.701492537,TRUE
CCc1c(N)ncnc1N1CCC(c2nc(-c3ccc(O)c(Br)c3)cn2CCN2CCCC2)CC1,CCc1c(N)ncnc1N1CCC(c2nc(-c3ccc(O)c(Br)c3)cn2CCN2CCCC2)CC1,7.758360825,0.8338907,Active,0.763888889,TRUE
Cn1ncc(Cl)c1-c1ccc(C(=O)NC2CNCCC2c2nccs2)s1,Cn1ncc(Cl)c1-c1ccc(C(=O)NC2CNCCC2c2nccs2)s1,7.967000704,0.833925211,Active,0.731343284,TRUE
Cn1nccc1-c1cccc(C(=O)NC2CNCCC2c2cc(F)cc(F)c2)c1,Cn1nccc1-c1cccc(C(=O)NC2CNCCC2c2cc(F)cc(F)c2)c1,7.609578614,0.833963776,Active,0.761904762,TRUE
N#CCNC(=O)CC(NC(=O)C1(N)CCN(c2ncnc3[nH]ccc23)CC1)c1ccc(F)cc1,N#CCNC(=O)CC(NC(=O)C1(N)CCN(c2ncnc3[nH]ccc23)CC1)c1ccc(F)cc1,7.579133121,0.833968008,Active,0.710144928,TRUE
Cn1ncc(Br)c1-c1ccc(C(=O)NC2CNCCC2c2ccc(F)nc2)s1,Cn1ncc(Br)c1-c1ccc(C(=O)NC2CNCCC2c2ccc(F)nc2)s1,7.968436309,0.834032917,Active,0.757142857,TRUE
Cn1ncc(Br)c1-c1cc(C(=O)NC2CNCCC2c2cccc(F)c2F)oc1Cl,Cn1ncc(Br)c1-c1cc(C(=O)NC2CNCCC2c2cccc(F)c2F)oc1Cl,8.079898613,0.834044719,Active,0.641025641,TRUE
Cn1nc(-c2ccc(C(=O)NC3CNCCC3c3cccc(F)c3)s2)cc1C(F)(F)F,Cn1nc(-c2ccc(C(=O)NC3CNCCC3c3cccc(F)c3)s2)cc1C(F)(F)F,7.480594809,0.834093654,Active,0.704225352,TRUE
Cn1ncc(Cl)c1-c1ccc(C(=O)NC2CNCCC2c2ccnc(F)c2)s1,Cn1ncc(Cl)c1-c1ccc(C(=O)NC2CNCCC2c2ccnc(F)c2)s1,8.357515115,0.834218764,Active,0.785714286,TRUE
NC1(C(=O)NCc2ccc(Cl)cc2)CCN(c2ncnc3[nH]ccc23)C1,NC1(C(=O)NCc2ccc(Cl)cc2)CCN(c2ncnc3[nH]ccc23)C1,7.532649432,0.834256911,Active,0.888888889,TRUE
Nc1ncnc(N2CCC(c3nc(-c4cccc(Cl)c4)cn3CCN3CCC3)CC2)c1F,Nc1ncnc(N2CCC(c3nc(-c4cccc(Cl)c4)cn3CCN3CCC3)CC2)c1F,7.807454777,0.834343636,Active,0.797101449,TRUE
O=C(Cc1ccc(Cl)c(F)c1)N1CCN(c2ncnc3[nH]cc(Cl)c23)CC1,O=C(Cc1ccc(Cl)c(F)c1)N1CCN(c2ncnc3[nH]cc(Cl)c23)CC1,7.882853391,0.834514701,Active,0.629032258,TRUE
NC1(C(=O)NC(C(=O)NCc2cccc(Cl)c2F)c2ccccc2)CCN(c2ncnc3[nH]ccc23)CC1,NC1(C(=O)NC(C(=O)NCc2cccc(Cl)c2F)c2ccccc2)CCN(c2ncnc3[nH]ccc23)CC1,7.655144519,0.834577525,Active,0.684931507,TRUE
COc1c(F)ccc(-c2cn(CCNC(C)C)c(C3CCN(c4ncnc(N)c4C#N)CC3)n2)c1F,COc1c(F)ccc(-c2cn(CCNC(C)C)c(C3CCN(c4ncnc(N)c4C#N)CC3)n2)c1F,8.216687662,0.834581339,Active,0.728395062,TRUE
Cc1[nH]nc2ccc(-c3cncc(OCC(N)Cc4cccc(OCC(F)(F)F)c4)c3)cc12,Cc1[nH]nc2ccc(-c3cncc(OCC(N)Cc4cccc(OCC(F)(F)F)c4)c3)cc12,7.541493586,0.834631884,Active,0.661971831,TRUE
Nc1ncnc(N2CCC(c3nc(-c4cc(F)c(C(F)(F)F)c(F)c4)cn3CCN3CCC3)CC2)c1Cl,Nc1ncnc(N2CCC(c3nc(-c4cc(F)c(C(F)(F)F)c(F)c4)cn3CCN3CCC3)CC2)c1Cl,7.714104154,0.834788227,Active,0.788732394,TRUE
O=C(NCc1cc(Cl)cc(Cl)c1)C1(C(=O)NCC(F)(F)F)CCN(c2ncnc3[nH]ccc23)CC1,O=C(NCc1cc(Cl)cc(Cl)c1)C1(C(=O)NCC(F)(F)F)CCN(c2ncnc3[nH]ccc23)CC1,7.498403236,0.834794843,Active,0.626865672,TRUE
Cc1cc(F)ccc1C(=O)NCC1(N)CCN(c2ncnc3[nH]cc(C)c23)CC1,Cc1cc(F)ccc1C(=O)NCC1(N)CCN(c2ncnc3[nH]cc(C)c23)CC1,7.374201987,0.834905171,Active,0.8,TRUE
NC1(C(=O)NCc2cc(F)c(F)cc2Cl)CCN(c2ncnc3[nH]ccc23)CC1,NC1(C(=O)NCc2cc(F)c(F)cc2Cl)CCN(c2ncnc3[nH]ccc23)CC1,7.606552255,0.834916377,Active,0.709677419,TRUE
Nc1ncnc(N2CCC(c3nc(-c4cncc(F)c4)cn3CCN3CCC3)CC2)c1Br,Nc1ncnc(N2CCC(c3nc(-c4cncc(F)c4)cn3CCN3CCC3)CC2)c1Br,7.986582844,0.834971631,Active,0.768115942,TRUE
O=C(Cc1nc(N2CCOCC2)cc(=O)n1-c1ccccc1)N1CCc2c(Br)cccc21,O=C(Cc1nc(N2CCOCC2)cc(=O)n1-c1ccccc1)N1CCc2c(Br)cccc21,7.447906235,0.835120463,Active,0.774193548,TRUE
Cn1ncc(Cl)c1-c1ccc(C(=O)NC2CNCCC2c2ccccn2)s1,Cn1ncc(Cl)c1-c1ccc(C(=O)NC2CNCCC2c2ccccn2)s1,8.227805773,0.835124338,Active,0.757575758,TRUE
Cc1c(N)ncnc1N1CCC(c2nc(-c3ccc(Cl)c(C(F)(F)F)c3)cn2CCN2CCC2)CC1,Cc1c(N)ncnc1N1CCC(c2nc(-c3ccc(Cl)c(C(F)(F)F)c3)cn2CCN2CCC2)CC1,7.959981156,0.835165226,Active,0.819444444,TRUE
N#Cc1c(N)ncnc1N1CCC(c2nc(-c3cccc(F)c3F)cn2CC2CCCNC2)CC1,N#Cc1c(N)ncnc1N1CCC(c2nc(-c3cccc(F)c3F)cn2CC2CCCNC2)CC1,7.538763992,0.835184538,Active,0.630952381,TRUE
Cc1c(F)cccc1C1CCNCC1NC(=O)c1cc(F)c(-c2ccnn2C)cc1F,Cc1c(F)cccc1C1CCNCC1NC(=O)c1cc(F)c(-c2ccnn2C)cc1F,7.622140962,0.835209632,Active,0.731343284,TRUE
NCC(Cc1ccc(Cl)cc1)C(=O)N1CCN(c2ncnc3[nH]nc(Cl)c23)CC1,NCC(Cc1ccc(Cl)cc1)C(=O)N1CCN(c2ncnc3[nH]nc(Cl)c23)CC1,7.537519732,0.835212016,Active,0.714285714,TRUE
Nc1ncnc(N2CCC(c3nc(-c4ccc(F)c(C(F)(F)F)c4)cn3CCNC=O)CC2)c1Cl,Nc1ncnc(N2CCC(c3nc(-c4ccc(F)c(C(F)(F)F)c4)cn3CCNC=O)CC2)c1Cl,8.436380927,0.835322583,Active,0.763157895,TRUE
CCc1c(N)ncnc1N1CCC(c2nc(-c3ccc(C#N)cc3F)cn2CCN2CCC2)CC1,CCc1c(N)ncnc1N1CCC(c2nc(-c3ccc(C#N)cc3F)cn2CCN2CCC2)CC1,7.400983582,0.835414493,Active,0.710526316,TRUE
Cn1nc(-c2ccc(C(=O)NC3CNCCC3c3cccc(F)c3)c(Cl)c2)c2ccccc21,Cn1nc(-c2ccc(C(=O)NC3CNCCC3c3cccc(F)c3)c(Cl)c2)c2ccccc21,7.34081436,0.835489595,Active,0.605263158,TRUE
Cc1c[nH]c2ncnc(N3CCC(N)(CNC(=O)c4cc(F)ccc4F)C3)c12,Cc1c[nH]c2ncnc(N3CCC(N)(CNC(=O)c4cc(F)ccc4F)C3)c12,7.568489367,0.835563684,Active,0.875,TRUE
COCCOc1ccc(Cl)cc1NC(=O)C1(N)CCN(c2ncnc3[nH]ccc23)CC1,COCCOc1ccc(Cl)cc1NC(=O)C1(N)CCN(c2ncnc3[nH]ccc23)CC1,7.145207797,0.835576797,Active,0.64,TRUE
Cn1nc(-c2ccc(C(=O)NC3CNCCC3c3ccc(F)c(F)c3)cc2)c2ccccc21,Cn1nc(-c2ccc(C(=O)NC3CNCCC3c3ccc(F)c(F)c3)cc2)c2ccccc21,7.282053513,0.835619235,Active,0.666666667,TRUE
O=C(N1CCN(c2ncnc3[nH]cc(Cl)c23)CC1)C1(c2ccc(F)cc2)CCCC1,O=C(N1CCN(c2ncnc3[nH]cc(Cl)c23)CC1)C1(c2ccc(F)cc2)CCCC1,7.548717739,0.835737848,Active,0.737704918,TRUE
COCCOc1ccc(-c2cc3c(C)nc(N)nc3n(C3CCC(OCO)CC3)c2=O)cn1,COCCOc1ccc(-c2cc3c(C)nc(N)nc3n(C3CCC(OCO)CC3)c2=O)cn1,7.640365493,0.835826957,Active,0.848484848,TRUE
COc1c(N)ncnc1N1CCC(c2nc(-c3ccc(F)c(C(F)(F)F)c3)cn2CC2CCCN2)CC1,COc1c(N)ncnc1N1CCC(c2nc(-c3ccc(F)c(C(F)(F)F)c3)cn2CC2CCCN2)CC1,7.897485103,0.835967922,Active,0.777777778,TRUE
Cc1[nH]nc2cnc(-c3cncc(OCC(N)Cc4ccc(C(C)(C)C)cc4)c3)cc12,Cc1[nH]nc2cnc(-c3cncc(OCC(N)Cc4ccc(C(C)(C)C)cc4)c3)cc12,7.538291344,0.835974658,Active,0.656716418,TRUE
Cc1cc(-c2cn(CCNC(=O)CCN)c(C3CCN(c4ncnc(N)c4F)CC3)n2)ccc1F,Cc1cc(-c2cn(CCNC(=O)CCN)c(C3CCN(c4ncnc(N)c4F)CC3)n2)ccc1F,7.865518729,0.836006844,Active,0.721518987,TRUE
NC(=O)C1(c2ccc(Br)cc2)CCN(c2ncnc3[nH]nc(Br)c23)CC1,NC(=O)C1(c2ccc(Br)cc2)CCN(c2ncnc3[nH]nc(Br)c23)CC1,7.201042014,0.836042845,Active,0.694915254,TRUE
CC(C)NCCn1cc(-c2ccnc(C#N)c2)nc1C1CCN(c2ncnc(N)c2C(F)(F)F)CC1,CC(C)NCCn1cc(-c2ccnc(C#N)c2)nc1C1CCN(c2ncnc(N)c2C(F)(F)F)CC1,8.036593253,0.836096311,Active,0.682352941,TRUE
N#Cc1ccc(-c2cn(CCN3CCC3)c(C3CCN(c4ncnc(N)c4Br)CC3F)n2)cc1,N#Cc1ccc(-c2cn(CCN3CCC3)c(C3CCN(c4ncnc(N)c4Br)CC3F)n2)cc1,7.886151213,0.836131001,Active,0.670731707,TRUE
N#Cc1c(N)ncnc1N1CCC(c2nc(-c3ccc(F)nc3)cn2CCNC2CCCC2)CC1,N#Cc1c(N)ncnc1N1CCC(c2nc(-c3ccc(F)nc3)cn2CCNC2CCCC2)CC1,7.912540356,0.836146736,Active,0.779220779,TRUE
Cn1ncc(Cl)c1-c1ncc(-c2ccc(C(=O)NC3CNCCC3c3ccccc3)s2)o1,Cn1ncc(Cl)c1-c1ncc(-c2ccc(C(=O)NC3CNCCC3c3ccccc3)s2)o1,7.426800978,0.836200261,Active,0.704225352,TRUE
Cc1cc(-c2cn(CC3CCNCC3)c(C3CCN(c4ncnc(N)c4Cl)CC3)n2)ccc1F,Cc1cc(-c2cn(CC3CCNCC3)c(C3CCN(c4ncnc(N)c4Cl)CC3)n2)ccc1F,7.893703076,0.836393023,Active,0.710526316,TRUE
Cn1nccc1-c1cccc(C(=O)NC2CNCCC2c2ccc(Cl)c(F)c2)c1,Cn1nccc1-c1cccc(C(=O)NC2CNCCC2c2ccc(Cl)c(F)c2)c1,7.552072048,0.836431885,Active,0.71641791,TRUE
Cn1ncc(Cl)c1-c1ccc(C(=O)NC2CCNCC2c2cc(F)c(F)c(F)c2)s1,Cn1ncc(Cl)c1-c1ccc(C(=O)NC2CCNCC2c2cc(F)c(F)c(F)c2)s1,8.003909314,0.836563313,Active,0.708333333,TRUE
CC1Cc2ccccc2N1C(=O)Cc1nc(Br)c(Br)c(N2CCOCC2)n1,CC1Cc2ccccc2N1C(=O)Cc1nc(Br)c(Br)c(N2CCOCC2)n1,7.56788905,0.836585546,Active,0.703125,TRUE
Cc1cc(-c2cn(CCN3CCC3)c(C3CCN(c4cc(N)ncn4)CC3)n2)cc(F)c1F,Cc1cc(-c2cn(CCN3CCC3)c(C3CCN(c4cc(N)ncn4)CC3)n2)cc(F)c1F,7.643849418,0.836599612,Active,0.746268657,TRUE
Cc1[nH]nc2cnc(-c3cncc(OCC(N)Cc4ccc(F)nc4)c3)cc12,Cc1[nH]nc2cnc(-c3cncc(OCC(N)Cc4ccc(F)nc4)c3)cc12,7.799514939,0.836682224,Active,0.608695652,TRUE
Nc1cc(N2CCC(c3nc(-c4ccc(C(F)(F)F)c(F)c4)cn3CCN3CCCC3)C(F)C2)ncn1,Nc1cc(N2CCC(c3nc(-c4ccc(C(F)(F)F)c(F)c4)cn3CCN3CCCC3)C(F)C2)ncn1,7.446709229,0.836770916,Active,0.697368421,TRUE
Cn1nc(-c2ccc(C(=O)NC3CNCCC3c3ccc(F)cc3)s2)cc1C1CC1,Cn1nc(-c2ccc(C(=O)NC3CNCCC3c3ccc(F)cc3)s2)cc1C1CC1,7.544881672,0.836796069,Active,0.605633803,TRUE
NC1(C(=O)NCc2ccccc2)CCN(c2ncnc3[nH]cc(Cl)c23)CC1,NC1(C(=O)NCc2ccccc2)CCN(c2ncnc3[nH]cc(Cl)c23)CC1,7.69514355,0.836808884,Active,0.619047619,TRUE
Cn1c(CC(=O)N2CCc3cc(Br)ccc32)nc(N2CCOCC2)cc1=O,Cn1c(CC(=O)N2CCc3cc(Br)ccc32)nc(N2CCOCC2)cc1=O,7.423785241,0.836930954,Active,0.779661017,TRUE
Nc1ncnc(N2CCC(c3nc(-c4ccnc(C(F)(F)F)c4)cn3CCN3CCC3)CC2)c1C(=O)NC1CC1,Nc1ncnc(N2CCC(c3nc(-c4ccnc(C(F)(F)F)c4)cn3CCN3CCC3)CC2)c1C(=O)NC1CC1,7.369029844,0.83696171,Active,0.831168831,TRUE
Cc1cc(-c2cn(CCN3CCCC3)c(C3CCN(c4cc(N)ncn4)CC3)n2)ccc1F,Cc1cc(-c2cn(CCN3CCCC3)c(C3CCN(c4cc(N)ncn4)CC3)n2)ccc1F,7.728114435,0.83700105,Active,0.857142857,TRUE
O=C(N1CCN(c2ncnc3[nH]cc(Cl)c23)CC1)C1(c2ccc(F)c(F)c2)CC1,O=C(N1CCN(c2ncnc3[nH]cc(Cl)c23)CC1)C1(c2ccc(F)c(F)c2)CC1,7.725896506,0.83702215,Active,0.73015873,TRUE
Nc1ncnc(N2CCC(c3nc(-c4ccc(Cl)c(F)c4)cn3CCN3CCC3)CC2)c1C1CCOC1,Nc1ncnc(N2CCC(c3nc(-c4ccc(Cl)c(F)c4)cn3CCN3CCC3)CC2)c1C1CCOC1,7.348386919,0.837024117,Active,0.727272727,TRUE
CC(C)NCCn1cc(-c2ccc(F)c(Cl)c2)nc1C1CCN(c2ncnc(N)c2C(N)=O)CC1,CC(C)NCCn1cc(-c2ccc(F)c(Cl)c2)nc1C1CCN(c2ncnc(N)c2C(N)=O)CC1,7.855887644,0.837038362,Active,0.855263158,TRUE
Cc1ccc(NC(=O)C2(CN)CCN(c3ncnc4[nH]ccc34)CC2)cc1Cl,Cc1ccc(NC(=O)C2(CN)CCN(c3ncnc4[nH]ccc34)CC2)cc1Cl,7.524851119,0.837195241,Active,0.623188406,TRUE
Cc1c[nH]c2ncnc(N3CCC(N)(C(=O)NC(c4ccc(F)c(F)c4)C(F)(F)F)CC3)c12,Cc1c[nH]c2ncnc(N3CCC(N)(C(=O)NC(c4ccc(F)c(F)c4)C(F)(F)F)CC3)c12,7.704384953,0.837197626,Active,0.666666667,TRUE
NC1(C(=O)NCc2cccc(Cl)c2)CCN(c2ncnc3[nH]ccc23)C1,NC1(C(=O)NCc2cccc(Cl)c2)CCN(c2ncnc3[nH]ccc23)C1,7.48468251,0.837254727,Active,0.725806452,TRUE
O=C(NC1CNCCC1c1ccncc1)c1cc2c(s1)OCCn1ncc(Br)c1-2,O=C(NC1CNCCC1c1ccncc1)c1cc2c(s1)OCCn1ncc(Br)c1-2,9.075619078,0.837268138,Active,0.842857143,TRUE
Cc1nc(N)nc2c1nc(-c1ccc(C(F)(F)F)cn1)c(=O)n2C1CCC(O)CC1,Cc1nc(N)nc2c1nc(-c1ccc(C(F)(F)F)cn1)c(=O)n2C1CCC(O)CC1,7.517572458,0.837309802,Active,0.640625,TRUE
Nc1ncnc(N2CCC(c3nc(-c4ccnc(C(F)(F)F)c4)cn3CCNCCO)CC2)c1Br,Nc1ncnc(N2CCC(c3nc(-c4ccnc(C(F)(F)F)c4)cn3CCNCCO)CC2)c1Br,8.302102039,0.837374771,Active,0.851351351,TRUE
Cc1ccc(C)c(CC(N)COc2cncc(-c3ccc4[nH]nc(C)c4c3)c2)c1,Cc1ccc(C)c(CC(N)COc2cncc(-c3ccc4[nH]nc(C)c4c3)c2)c1,7.749941661,0.837430978,Active,0.830508475,TRUE
NC(=O)CCNC(=O)c1cc(Br)c(-c2ccnc3[nH]ccc23)s1,NC(=O)CCNC(=O)c1cc(Br)c(-c2ccnc3[nH]ccc23)s1,7.612274828,0.837437475,Active,0.666666667,TRUE
NC1(C(=O)NC(CC(=O)O)c2ccc(F)cc2)CCN(c2ncnc3[nH]ccc23)CC1,NC1(C(=O)NC(CC(=O)O)c2ccc(F)cc2)CCN(c2ncnc3[nH]ccc23)CC1,7.656262379,0.837477171,Active,0.746031746,TRUE
Nc1ncnc(N2CCC(c3nc(-c4cccc(C(F)(F)F)c4)cn3CCN3CCC3)CC2)c1C(=O)NC1CC1,Nc1ncnc(N2CCC(c3nc(-c4cccc(C(F)(F)F)c4)cn3CCN3CCC3)CC2)c1C(=O)NC1CC1,7.222960235,0.837489092,Active,0.807692308,TRUE
CCCNC(=O)Cn1cc(-c2ccc(F)c(C)c2)nc1C1CCN(c2ncnc(N)c2F)CC1,CCCNC(=O)Cn1cc(-c2ccc(F)c(C)c2)nc1C1CCN(c2ncnc(N)c2F)CC1,7.963405966,0.837492669,Active,0.646341463,TRUE
CNC(=O)c1cnn(C)c1N1CCC(c2nc(-c3ccc(F)c(C)c3)cn2CCN2CCCC2)CC1,CNC(=O)c1cnn(C)c1N1CCC(c2nc(-c3ccc(F)c(C)c3)cn2CCN2CCCC2)CC1,7.470905472,0.837534392,Active,0.614457831,TRUE
O=C(Cc1nc(N2CCOCC2)cc(=O)n1-c1cccc(Cl)c1)N1CCc2c(Cl)cccc21,O=C(Cc1nc(N2CCOCC2)cc(=O)n1-c1cccc(Cl)c1)N1CCc2c(Cl)cccc21,7.469902146,0.837635779,Active,0.753846154,TRUE
Cc1c[nH]c2ncnc(N3CCC(N)(CNC(=O)c4c(F)cccc4F)CC3)c12,Cc1c[nH]c2ncnc(N3CCC(N)(CNC(=O)c4c(F)cccc4F)CC3)c12,7.377672422,0.83767482,Active,0.738461538,TRUE
CC1(C)C(=O)Nc2ccc(-c3cncc(OCC(N)Cc4cccc(F)c4F)c3)cc21,CC1(C)C(=O)Nc2ccc(-c3cncc(OCC(N)Cc4cccc(F)c4F)c3)cc21,7.606669543,0.837713742,Active,0.637681159,TRUE
COc1c(N)ncnc1N1CCC(c2nc(-c3ccc(F)c(C)c3)cn2CC(C)N)CC1,COc1c(N)ncnc1N1CCC(c2nc(-c3ccc(F)c(C)c3)cn2CC(C)N)CC1,7.705704627,0.837768817,Active,0.756756757,TRUE
CC(=O)NCCn1cc(-c2ccc(F)c(C(F)(F)F)c2)nc1C1CCN(c2ncnc(N)c2Cl)CC1,CC(=O)NCCn1cc(-c2ccc(F)c(C(F)(F)F)c2)nc1C1CCN(c2ncnc(N)c2Cl)CC1,8.23260937,0.837837183,Active,0.743589744,TRUE
Cn1nc(-c2cc(C(=O)NC3CNCCC3c3ccccc3)oc2Cl)c2ccccc21,Cn1nc(-c2cc(C(=O)NC3CNCCC3c3ccccc3)oc2Cl)c2ccccc21,7.473918182,0.837914252,Active,0.685714286,TRUE
CNC(=O)c1cc(Br)c2nc(-c3ccc(C4(N)CCC4)cc3)c(-c3ccccc3)n2c1,CNC(=O)c1cc(Br)c2nc(-c3ccc(C4(N)CCC4)cc3)c(-c3ccccc3)n2c1,7.496716415,0.837927544,Active,0.8,TRUE
Nc1ncnc(N2CCC(c3nc(-c4ccnc(F)c4)cn3CCN3CCCC3)CC2)c1Cl,Nc1ncnc(N2CCC(c3nc(-c4ccnc(F)c4)cn3CCN3CCCC3)CC2)c1Cl,7.766847189,0.838038826,Active,0.833333333,TRUE
CCCn1c(CC(=O)N2CCc3c(Br)cccc32)nc(N2CCOCC2)cc1=O,CCCn1c(CC(=O)N2CCc3c(Br)cccc32)nc(N2CCOCC2)cc1=O,7.453917529,0.838062966,Active,0.806451613,TRUE
Cn1ncc(Cl)c1-c1cc(C(=O)NC2CNCCC2c2ccc(F)c(F)c2)oc1C1CC1,Cn1ncc(Cl)c1-c1cc(C(=O)NC2CNCCC2c2ccc(F)c(F)c2)oc1C1CC1,7.751073362,0.83810147,Active,0.84057971,TRUE
CCn1cc(-c2ccnc(C(F)(F)F)c2)nc1C1CCN(c2ncnc(N)c2Br)CC1,CCn1cc(-c2ccnc(C(F)(F)F)c2)nc1C1CCN(c2ncnc(N)c2Br)CC1,8.157042666,0.838149452,Active,0.823529412,TRUE
Nc1[nH]nc2ccc(-c3cncc(OCC(N)Cc4c(F)cccc4C(F)(F)F)c3)cc12,Nc1[nH]nc2ccc(-c3cncc(OCC(N)Cc4c(F)cccc4C(F)(F)F)c3)cc12,7.659284641,0.838370287,Active,0.623188406,TRUE
Cc1cc(-c2cn(CCCN)c(C3CCN(c4ncnc(N)c4Br)CC3)n2)ccc1F,Cc1cc(-c2cn(CCCN)c(C3CCN(c4ncnc(N)c4Br)CC3)n2)ccc1F,8.089045937,0.838375056,Active,0.823529412,TRUE
CCc1c(N)ncnc1N1CCC(c2nc(-c3ccc(SC)c(F)c3)cn2CCN2CCC2)CC1,CCc1c(N)ncnc1N1CCC(c2nc(-c3ccc(SC)c(F)c3)cn2CCN2CCC2)CC1,7.419535124,0.838384116,Active,0.842857143,TRUE
Cn1nc(-c2ccc(C(=O)NC3CNCCC3c3cccc(F)c3)s2)c2cccc(F)c21,Cn1nc(-c2ccc(C(=O)NC3CNCCC3c3cccc(F)c3)s2)c2cccc(F)c21,7.554307609,0.838411295,Active,0.684931507,TRUE
N#Cc1ccc(-c2cn(CC3CNC3)c(C3CCN(c4ncnc(N)c4C4CC4)CC3)n2)c(F)c1,N#Cc1ccc(-c2cn(CC3CNC3)c(C3CCN(c4ncnc(N)c4C4CC4)CC3)n2)c(F)c1,7.507328705,0.83849194,Active,0.62195122,TRUE
NC1(c2ccc(-c3nc4ccc(OCC(=O)O)nn4c3-c3ccccc3)cc2)CCC1,NC1(c2ccc(-c3nc4ccc(OCC(=O)O)nn4c3-c3ccccc3)cc2)CCC1,7.138692792,0.838513398,Active,0.833333333,TRUE
CCc1c(N)ncnc1N1CCC(c2nc(-c3ccc(OC)c(F)c3)cn2CCN2CCC2)CC1,CCc1c(N)ncnc1N1CCC(c2nc(-c3ccc(OC)c(F)c3)cn2CCN2CCC2)CC1,7.173588119,0.838545644,Active,0.887323944,TRUE
NC(=O)c1cc(-c2ccc(F)cn2)nn2c(-c3ccccc3)c(-c3ccc(C4(N)CCC4)cc3)nc12,NC(=O)c1cc(-c2ccc(F)cn2)nn2c(-c3ccccc3)c(-c3ccc(C4(N)CCC4)cc3)nc12,7.668075173,0.838600957,Active,0.696969697,TRUE
O=C(N1CCN(c2ncnc3[nH]cc(Cl)c23)CC1)C1(c2ccc(F)cc2)CC1,O=C(N1CCN(c2ncnc3[nH]cc(Cl)c23)CC1)C1(c2ccc(F)cc2)CC1,7.743049261,0.838658118,Active,0.762711864,TRUE
COc1ccc(-c2cn(CCN3CCC3)c(C3CCN(c4ncnc(Cl)c4Cl)CC3)n2)cc1F,COc1ccc(-c2cn(CCN3CCC3)c(C3CCN(c4ncnc(Cl)c4Cl)CC3)n2)cc1F,7.575977796,0.838676715,Active,0.736842105,TRUE
CN(CCO)CCn1cc(-c2ccc(F)c(F)c2)nc1C1CCN(c2ncnc(N)c2Br)CC1,CN(CCO)CCn1cc(-c2ccc(F)c(F)c2)nc1C1CCN(c2ncnc(N)c2Br)CC1,7.73683995,0.838735664,Active,0.726027397,TRUE
O=C(Cc1nc(=O)cc(N2CCCC2)[nH]1)N1CCc2c1ccc(F)c2F,O=C(Cc1nc(=O)cc(N2CCCC2)[nH]1)N1CCc2c1ccc(F)c2F,7.677116522,0.838846946,Active,0.609375,TRUE
CNCCn1cc(-c2ccc(F)c(F)c2)nc1C1CCN(c2ncnc(N)c2Cl)CC1,CNCCn1cc(-c2ccc(F)c(F)c2)nc1C1CCN(c2ncnc(N)c2Cl)CC1,8.019498539,0.838853621,Active,0.779411765,TRUE
O=C(N1CCN(c2ncnc3ccccc23)CC1)C1(c2ccc(Cl)c(Cl)c2)CCNCC1,O=C(N1CCN(c2ncnc3ccccc23)CC1)C1(c2ccc(Cl)c(Cl)c2)CCNCC1,7.075465647,0.838944161,Active,0.676923077,TRUE
N#Cc1c(N)ncnc1N1CCC(c2nc(-c3cncc(Cl)c3)cn2CCN2CCCC2)CC1,N#Cc1c(N)ncnc1N1CCC(c2nc(-c3cncc(Cl)c3)cn2CCN2CCCC2)CC1,7.830896354,0.838973367,Active,0.814285714,TRUE
Cn1ncc(Br)c1-c1sc(C(=O)NC2CNCCC2c2cccc(F)c2)cc1Cl,Cn1ncc(Br)c1-c1sc(C(=O)NC2CNCCC2c2cccc(F)c2)cc1Cl,8.264345401,0.839029038,Active,0.763888889,TRUE
NC1(C(=O)NC(Cc2csc(N3CCOCC3)n2)c2ccccc2)CCN(c2ncnc3[nH]ccc23)CC1,NC1(C(=O)NC(Cc2csc(N3CCOCC3)n2)c2ccccc2)CCN(c2ncnc3[nH]ccc23)CC1,7.390356469,0.839066708,Active,0.644736842,TRUE
Nc1[nH]nc2ccc(-c3cncc(OCC(N)Cc4ccc(F)cc4F)c3)cc12,Nc1[nH]nc2ccc(-c3cncc(OCC(N)Cc4ccc(F)cc4F)c3)cc12,7.265717349,0.839118147,Active,0.73015873,TRUE
Cn1ncc(Cl)c1-c1ccc(C(=O)NC2CNCCC2c2cccc(F)c2F)s1,Cn1ncc(Cl)c1-c1ccc(C(=O)NC2CNCCC2c2cccc(F)c2F)s1,8.409037644,0.839124107,Active,0.746478873,TRUE
COc1c(N)ncnc1N1CCC(c2nc(-c3ccc(F)c(C(F)(F)F)c3)cn2CCN(C)C)CC1,COc1c(N)ncnc1N1CCC(c2nc(-c3ccc(F)c(C(F)(F)F)c3)cn2CCN(C)C)CC1,7.922470761,0.839187169,Active,0.876712329,TRUE
Cc1cc(CC(N)COc2cncc(-c3ccc4c(cnn4C)c3)c2)ccc1F,Cc1cc(CC(N)COc2cncc(-c3ccc4c(cnn4C)c3)c2)ccc1F,7.341745585,0.839223528,Active,0.632352941,TRUE
O=C(Cc1nc(N2CCOCC2)cc(=O)n1-c1ccc(F)c(Cl)c1)N1CCc2c(Cl)cccc21,O=C(Cc1nc(N2CCOCC2)cc(=O)n1-c1ccc(F)c(Cl)c1)N1CCc2c(Cl)cccc21,7.586065376,0.839267874,Active,0.710144928,TRUE
CNC(=O)c1cccc(-c2cnc3cc(-c4ccccc4)c(-c4ccc(C5(N)CCC5)cc4)nn23)c1,CNC(=O)c1cccc(-c2cnc3cc(-c4ccccc4)c(-c4ccc(C5(N)CCC5)cc4)nn23)c1,7.931087226,0.839283311,Active,0.828125,TRUE
NC(=O)NCCn1cc(-c2ccc(F)c(C(F)(F)F)c2)nc1C1CCN(c2ncnc(N)c2Cl)CC1,NC(=O)NCCn1cc(-c2ccc(F)c(C(F)(F)F)c2)nc1C1CCN(c2ncnc(N)c2Cl)CC1,8.301680496,0.83934983,Active,0.753246753,TRUE
CC(=O)NCCn1cc(-c2ccc(F)c(C)c2)nc1C1CCN(c2ncnc(N)c2C=O)CC1,CC(=O)NCCn1cc(-c2ccc(F)c(C)c2)nc1C1CCN(c2ncnc(N)c2C=O)CC1,7.936359343,0.839354122,Active,0.7125,TRUE
Nc1ncnc(N2CCC(c3nc(-c4ccnc(C(F)(F)F)c4)cn3CCN3CCCC3)CC2)c1C1CCC1,Nc1ncnc(N2CCC(c3nc(-c4ccnc(C(F)(F)F)c4)cn3CCN3CCCC3)CC2)c1C1CCC1,7.700457788,0.839562261,Active,0.791666667,TRUE
CNCCn1cc(-c2ccc(F)c(C(F)(F)F)c2)nc1C1CCN(c2ncnc(Cl)c2Cl)CC1,CNCCn1cc(-c2ccc(F)c(C(F)(F)F)c2)nc1C1CCN(c2ncnc(Cl)c2Cl)CC1,7.865276688,0.83958056,Active,0.736842105,TRUE
O=C(Nc1csc(-c2nncn2C2CC2)n1)c1cc(-n2cnc(C3CC3)c2)c(Cl)cc1Cl,O=C(Nc1csc(-c2nncn2C2CC2)n1)c1cc(-n2cnc(C3CC3)c2)c(Cl)cc1Cl,7.681653122,0.839648271,Active,0.679487179,TRUE
Nc1ncnc(N2CCC(c3nc(-c4ccc(F)c(F)c4)cn3CCN3CCC3)CC2)c1C(N)C1CC1,Nc1ncnc(N2CCC(c3nc(-c4ccc(F)c(F)c4)cn3CCN3CCC3)CC2)c1C(N)C1CC1,7.541281255,0.839675808,Active,0.739726027,TRUE
CC(NC(=O)c1cc(Br)c(-c2ccnc3[nH]ccc23)s1)C(=O)NC(N)=O,CC(NC(=O)c1cc(Br)c(-c2ccnc3[nH]ccc23)s1)C(=O)NC(N)=O,7.601762094,0.839803421,Active,0.621212121,TRUE
Fc1ccc(-c2cn(CCN3CCCC3)c(C3CCN(c4ncnc(Cl)c4F)CC3)n2)cc1F,Fc1ccc(-c2cn(CCN3CCCC3)c(C3CCN(c4ncnc(Cl)c4F)CC3)n2)cc1F,7.362101181,0.839804733,Active,0.787878788,TRUE
O=C(NC1CNCCC1c1ccc(F)nc1)c1cc2c(s1)CCCn1ncc(Br)c1-2,O=C(NC1CNCCC1c1ccc(F)nc1)c1cc2c(s1)CCCn1ncc(Br)c1-2,9.545694128,0.839903557,Active,0.821917808,TRUE
COc1ncc(-c2cc3c(C)nc(N)nc3n(C3CCC(OCCO)C3)c2=O)cc1F,COc1ncc(-c2cc3c(C)nc(N)nc3n(C3CCC(OCCO)C3)c2=O)cc1F,7.744844141,0.839955056,Active,0.802816901,TRUE
O=C(Nc1csc(-c2nncn2C2CC2)n1)c1cc(-n2cnc(C3CC3)c2)c(C(F)F)cn1,O=C(Nc1csc(-c2nncn2C2CC2)n1)c1cc(-n2cnc(C3CC3)c2)c(C(F)F)cn1,7.796308587,0.840009415,Active,0.802631579,TRUE
Cc1cc(-c2cn(CCN3CCOCC3)c(C3CCN(c4ncnc(N)c4C#N)CC3)n2)ccc1F,Cc1cc(-c2cn(CCN3CCOCC3)c(C3CCN(c4ncnc(N)c4C#N)CC3)n2)ccc1F,7.800755565,0.840037549,Active,0.887323944,TRUE
NC(CNC(=O)c1cc(Br)c(-c2ccnc3[nH]ccc23)s1)C(=O)N1CCCC1,NC(CNC(=O)c1cc(Br)c(-c2ccnc3[nH]ccc23)s1)C(=O)N1CCCC1,7.683445107,0.840125287,Active,0.676470588,TRUE
Cc1c[nH]c2ncnc(N3CCC(N)(C(=O)NC(c4ccc(Cl)cc4)c4cnn(C)n4)CC3)c12,Cc1c[nH]c2ncnc(N3CCC(N)(C(=O)NC(c4ccc(Cl)cc4)c4cnn(C)n4)CC3)c12,7.753470492,0.840342486,Active,0.714285714,TRUE
CC(=O)NC1CCN(c2cnc(C(=O)Nc3csc(-c4nncn4C(C)C(F)(F)F)n3)cc2C(F)(F)F)CC1,CC(=O)NC1CCN(c2cnc(C(=O)Nc3csc(-c4nncn4C(C)C(F)(F)F)n3)cc2C(F)(F)F)CC1,7.418702014,0.840409422,Active,0.634408602,TRUE
NC(=O)c1cccnc1N1CCC(c2nc(-c3ccc(F)c(C(F)(F)F)c3)cn2CCNCC2CC2)CC1,NC(=O)c1cccnc1N1CCC(c2nc(-c3ccc(F)c(C(F)(F)F)c3)cn2CCNCC2CC2)CC1,7.665768688,0.840458179,Active,0.743902439,TRUE
Nc1cc(N2CCC(c3nc(-c4ccc(F)c(Cl)c4)cn3CCN3CCC3)CC2)ncn1,Nc1cc(N2CCC(c3nc(-c4ccc(F)c(Cl)c4)cn3CCN3CCC3)CC2)ncn1,8.066062052,0.840489829,Active,0.828125,TRUE
CCOc1c(N)ncnc1N1CCC(c2nc(-c3ccc(F)c(F)c3)cn2CCN(C)C)CC1,CCOc1c(N)ncnc1N1CCC(c2nc(-c3ccc(F)c(F)c3)cn2CCN(C)C)CC1,7.921484213,0.84050616,Active,0.884057971,TRUE
O=C(NC1CNCCC1c1ccc(F)nc1)c1cc2c(s1)OCCn1nccc1-2,O=C(NC1CNCCC1c1ccc(F)nc1)c1cc2c(s1)OCCn1nccc1-2,8.500852723,0.840599859,Active,0.802816901,TRUE
Cc1cn(-c2cc(C(=O)Nc3csc(-c4nncn4C4CCC4)n3)ncc2N2CCNC(=O)C2)cn1,Cc1cn(-c2cc(C(=O)Nc3csc(-c4nncn4C4CCC4)n3)ncc2N2CCNC(=O)C2)cn1,7.654498704,0.840648258,Active,0.625,TRUE
CN(C)CCn1cc(-c2ccc(F)c(F)c2)nc1C1CCN(c2ncnc(N)c2C#N)CC1,CN(C)CCn1cc(-c2ccc(F)c(F)c2)nc1C1CCN(c2ncnc(N)c2C#N)CC1,7.968189559,0.840653503,Active,0.884057971,TRUE
Cn1nccc1-c1ccc(C(=O)NC2CNCCC2c2ccc(F)cc2F)s1,Cn1nccc1-c1ccc(C(=O)NC2CNCCC2c2ccc(F)cc2F)s1,7.597272985,0.840660655,Active,0.787878788,TRUE
O=C(Cc1nc(N2CCOCC2)cc(=O)n1C1CCCCC1)N1CCc2c(-c3cccs3)cccc21,O=C(Cc1nc(N2CCOCC2)cc(=O)n1C1CCCCC1)N1CCc2c(-c3cccs3)cccc21,7.440822387,0.840665662,Active,0.68,TRUE
COc1cc(-c2cn(CCN3CCC3)c(C3CCN(c4ncnc(N)c4F)CC3)n2)ccc1Cl,COc1cc(-c2cn(CCN3CCC3)c(C3CCN(c4ncnc(N)c4F)CC3)n2)ccc1Cl,7.805563513,0.840707624,Active,0.727272727,TRUE
Cn1ncc(Cl)c1-c1ccc(C(=O)NC2CNCCC2c2ccc(F)cc2F)s1,Cn1ncc(Cl)c1-c1ccc(C(=O)NC2CNCCC2c2ccc(F)cc2F)s1,8.244967204,0.840712154,Active,0.797101449,TRUE
CN(C)c1[nH]nc2ccc(-c3cncc(OCC(N)Cc4c[nH]c5ccc(F)cc45)c3)cc12,CN(C)c1[nH]nc2ccc(-c3cncc(OCC(N)Cc4c[nH]c5ccc(F)cc45)c3)cc12,7.808148394,0.840717161,Active,0.662162162,TRUE
NC(=O)c1cc(F)c(-c2cn(CCN3CCCC3)c(C3CCN(c4ncnc(N)c4Br)CC3)n2)cc1F,NC(=O)c1cc(F)c(-c2cn(CCN3CCCC3)c(C3CCN(c4ncnc(N)c4Br)CC3)n2)cc1F,7.891618372,0.840732181,Active,0.68,TRUE
CCOc1c(N)ncnc1N1CCC(c2nc(-c3ccc(F)c(F)c3)cn2CC2CNC2)CC1,CCOc1c(N)ncnc1N1CCC(c2nc(-c3ccc(F)c(F)c3)cn2CC2CNC2)CC1,7.806078186,0.840737009,Active,0.885714286,TRUE
CN(C)CCn1cc(-c2ccc(F)c(C(N)=O)c2)nc1C1CCN(c2ncnc(N)c2Cl)CC1,CN(C)CCn1cc(-c2ccc(F)c(C(N)=O)c2)nc1C1CCN(c2ncnc(N)c2Cl)CC1,7.706476669,0.84075036,Active,0.730769231,TRUE
O=C(NC1CNCCC1c1ccc(F)cc1)c1cc2c(s1)OCCn1nccc1-2,O=C(NC1CNCCC1c1ccc(F)cc1)c1cc2c(s1)OCCn1nccc1-2,8.456365669,0.840760612,Active,0.876923077,TRUE
NC(COc1cncc(-c2ccc3[nH]ncc3c2)c1)Cc1ccc(F)c(F)c1F,NC(COc1cncc(-c2ccc3[nH]ncc3c2)c1)Cc1ccc(F)c(F)c1F,7.459626469,0.840793872,Active,0.709677419,TRUE
Cn1nc(-c2ccc(C(=O)NC3CNCCC3c3cccc(F)c3)cc2Cl)c2ccccc21,Cn1nc(-c2ccc(C(=O)NC3CNCCC3c3cccc(F)c3)cc2Cl)c2ccccc21,7.314501597,0.840828085,Active,0.61038961,TRUE
Cn1nc(-c2ccc(C(=O)NC3CNCCC3c3ccc(F)c(F)c3)cc2)cc1Cl,Cn1nc(-c2ccc(C(=O)NC3CNCCC3c3ccc(F)c(F)c3)cc2)cc1Cl,7.457117598,0.841044867,Active,0.71641791,TRUE
CC1(C)C(=O)Nc2ccc(-c3cncc(OCC(N)Cc4ccc(Cl)c(F)c4)c3)cc21,CC1(C)C(=O)Nc2ccc(-c3cncc(OCC(N)Cc4ccc(Cl)c(F)c4)c3)cc21,7.704177729,0.841110253,Active,0.647887324,TRUE
CC(C)Oc1ccc(C(=O)NC2CNCCC2c2cccc(F)c2)cc1-c1c(Cl)cnn1C,CC(C)Oc1ccc(C(=O)NC2CNCCC2c2cccc(F)c2)cc1-c1c(Cl)cnn1C,8.016913207,0.84125241,Active,0.72972973,TRUE
NC(=O)c1c(N)ncnc1N1CCC(c2nc(-c3ccnc(C(F)(F)F)c3)cn2CCNC2CCCC2)CC1,NC(=O)c1c(N)ncnc1N1CCC(c2nc(-c3ccnc(C(F)(F)F)c3)cn2CCNC2CCCC2)CC1,7.630829797,0.841338718,Active,0.805194805,TRUE
N#Cc1cc(Cl)cc(-c2cn(CCN3CCC3)c(C3CCN(c4ncnc(N)c4C(F)(F)F)CC3)n2)c1,N#Cc1cc(Cl)cc(-c2cn(CCN3CCC3)c(C3CCN(c4ncnc(N)c4C(F)(F)F)CC3)n2)c1,7.897674995,0.841749454,Active,0.638554217,TRUE
Cc1ccc(-c2cn(CCNC3CCCC3)c(C3CCN(c4ncnc(N)c4F)CC3)n2)cc1F,Cc1ccc(-c2cn(CCNC3CCCC3)c(C3CCN(c4ncnc(N)c4F)CC3)n2)cc1F,7.572637416,0.841751659,Active,0.730769231,TRUE
Cc1cccc2c(N3CCN(C(=O)C4(c5ccc(Cl)c(Cl)c5)CCNCC4)CC3)ncnc12,Cc1cccc2c(N3CCN(C(=O)C4(c5ccc(Cl)c(Cl)c5)CCNCC4)CC3)ncnc12,7.149391305,0.8417696,Active,0.637681159,TRUE
O=C(N1CCN(c2ncnc3cccc(Br)c23)CC1)C1(c2ccc(Cl)c(Cl)c2)CC1,O=C(N1CCN(c2ncnc3cccc(Br)c23)CC1)C1(c2ccc(Cl)c(Cl)c2)CC1,7.258453393,0.841880524,Active,0.632352941,TRUE
Cn1nc(-c2ccc(C(=O)NC3CNCCC3c3cccc(F)c3)s2)c2ccccc2c1=O,Cn1nc(-c2ccc(C(=O)NC3CNCCC3c3cccc(F)c3)s2)c2ccccc2c1=O,7.416393025,0.842150712,Active,0.684931507,TRUE
Cc1ccnc(C2CCNCC2NC(=O)c2ccc(-c3c(Cl)cnn3C)s2)n1,Cc1ccnc(C2CCNCC2NC(=O)c2ccc(-c3c(Cl)cnn3C)s2)n1,8.015029636,0.842157865,Active,0.710144928,TRUE
O=C(NC1CNCCC1c1cncc(F)c1)c1cc2c(s1)CCCn1nccc1-2,O=C(NC1CNCCC1c1cncc(F)c1)c1cc2c(s1)CCCn1nccc1-2,8.908755424,0.842286193,Active,0.826086957,TRUE
O=C(N1CCN(c2ncnc3c(F)c(Cl)c(F)cc23)CC1)C1(c2ccc(Cl)cc2)CCNCC1,O=C(N1CCN(c2ncnc3c(F)c(Cl)c(F)cc23)CC1)C1(c2ccc(Cl)cc2)CCNCC1,7.287829106,0.842293823,Active,0.661538462,TRUE
NC1(CNC(=O)c2ccc(F)c(F)c2Cl)CCN(c2ncnc3[nH]cc(C4CC4)c23)C1,NC1(CNC(=O)c2ccc(F)c(F)c2Cl)CCN(c2ncnc3[nH]cc(C4CC4)c23)C1,7.958866382,0.842391932,Active,0.644736842,TRUE
Cn1ncc(Cl)c1-c1nc(NC(=O)c2cc(-n3cnc(C4CC4)c3)c(N3CC4(COC4)C3)cn2)cs1,Cn1ncc(Cl)c1-c1nc(NC(=O)c2cc(-n3cnc(C4CC4)c3)c(N3CC4(COC4)C3)cn2)cs1,7.927728346,0.842444384,Active,0.608695652,TRUE
CC(C)NCCn1cc(-c2ccc(F)c(C(F)(F)F)c2)nc1C1CCN(c2ncnc3ccsc23)CC1,CC(C)NCCn1cc(-c2ccc(F)c(C(F)(F)F)c2)nc1C1CCN(c2ncnc3ccsc23)CC1,7.82059401,0.842444563,Active,0.710843373,TRUE
Nc1ncnc(N2CCC(c3nc(-c4ccc(F)c(F)c4)cn3CCN3CCCC3)CC2)c1C(=O)NC1CCCC1,Nc1ncnc(N2CCC(c3nc(-c4ccc(F)c(F)c4)cn3CCN3CCCC3)CC2)c1C(=O)NC1CCCC1,7.304037968,0.84255054,Active,0.810810811,TRUE
Nc1ncnc(N2CCC(c3nc(-c4ccc(F)c(F)c4)cn3CCNCC3CC3)CC2)c1F,Nc1ncnc(N2CCC(c3nc(-c4ccc(F)c(F)c4)cn3CCNCC3CC3)CC2)c1F,7.695529236,0.842581415,Active,0.714285714,TRUE
NC(=O)c1c(N)ncnc1N1CCC(c2nc(-c3ccc(F)c(C(F)(F)F)c3)cn2CC2CCCNC2)CC1,NC(=O)c1c(N)ncnc1N1CCC(c2nc(-c3ccc(F)c(C(F)(F)F)c3)cn2CC2CCCNC2)CC1,7.410413204,0.842608535,Active,0.883116883,TRUE
O=C(Cc1nc(N2CCOCC2)cc(=O)n1C1CCCCC1)N1CCc2c1ccc(F)c2Cl,O=C(Cc1nc(N2CCOCC2)cc(=O)n1C1CCCCC1)N1CCc2c1ccc(F)c2Cl,7.502803998,0.842634881,Active,0.704225352,TRUE
Cc1cc(-c2cn(CC3CNC3)c(C3CCN(c4ncnc(N)c4Cl)CC3)n2)ccc1F,Cc1cc(-c2cn(CC3CNC3)c(C3CCN(c4ncnc(N)c4Cl)CC3)n2)ccc1F,7.680284733,0.842658842,Active,0.816901408,TRUE
N#Cc1cnn(-c2nccc(N3CCC(c4nc(-c5ccc(F)c(F)c5)cn4CCN4CCCC4)CC3)n2)c1,N#Cc1cnn(-c2nccc(N3CCC(c4nc(-c5ccc(F)c(F)c5)cn4CCN4CCCC4)CC3)n2)c1,7.341543055,0.842760587,Active,0.602564103,TRUE
CC1Cc2c(Cl)cccc2N1C(=O)Cc1nc(N2CCOCC2)cc(=O)n1C1CC1,CC1Cc2c(Cl)cccc2N1C(=O)Cc1nc(N2CCOCC2)cc(=O)n1C1CC1,7.49058089,0.842792773,Active,0.803030303,TRUE
Nc1ncnc(N2CCC(c3nc(-c4ccc(Cl)cc4F)cn3CC3CNC3)CC2)c1Cl,Nc1ncnc(N2CCC(c3nc(-c4ccc(Cl)cc4F)cn3CC3CNC3)CC2)c1Cl,7.586576732,0.842799807,Active,0.72972973,TRUE
Cc1cc(C)c2c(-c3ccc(C(=O)NC4CNCCC4c4cccc(F)c4)cc3)nn(C)c2n1,Cc1cc(C)c2c(-c3ccc(C(=O)NC4CNCCC4c4cccc(F)c4)cc3)nn(C)c2n1,7.291166433,0.84283247,Active,0.618421053,TRUE
CCC1CN(c2cc(N)ncn2)CCC1c1nc(-c2ccc(F)c(C(F)(F)F)c2)cn1CCN1CCC1,CCC1CN(c2cc(N)ncn2)CCC1c1nc(-c2ccc(F)c(C(F)(F)F)c2)cn1CCN1CCC1,7.62340921,0.842937851,Active,0.76,TRUE
N#Cc1c(F)cc(-c2cn(CCN3CCCC3)c(C3CCN(c4ncnc(N)c4F)CC3)n2)cc1F,N#Cc1c(F)cc(-c2cn(CCN3CCCC3)c(C3CCN(c4ncnc(N)c4F)CC3)n2)cc1F,7.468291714,0.842969918,Active,0.771428571,TRUE
Nc1ncnc(N2CCC(c3nc(-c4ccc(O)c(Cl)c4F)cn3CCN3CCC3)CC2)c1Cl,Nc1ncnc(N2CCC(c3nc(-c4ccc(O)c(Cl)c4F)cn3CCN3CCC3)CC2)c1Cl,7.955519512,0.843057895,Active,0.7,TRUE
Cn1c(CC(=O)N2CCc3ccccc32)nc(N2CCOCC2)cc1=S,Cn1c(CC(=O)N2CCc3ccccc32)nc(N2CCOCC2)cc1=S,7.263181139,0.843135858,Active,0.807017544,TRUE
CC(=O)NCCn1cc(-c2ccc(F)c(C)c2)nc1C1CCN(c2ncnc(N)c2F)CC1,CC(=O)NCCn1cc(-c2ccc(F)c(C)c2)nc1C1CCN(c2ncnc(N)c2F)CC1,7.927361332,0.84337678,Active,0.75,TRUE
Cn1nccc1-c1ccc(C(=O)NC2CNCCC2c2ccc(Cl)c(F)c2)cc1F,Cn1nccc1-c1ccc(C(=O)NC2CNCCC2c2ccc(Cl)c(F)c2)cc1F,7.92198427,0.843383753,Active,0.857142857,TRUE
Cc1cc(-c2cn(CC3CCCNC3)c(C3CCN(c4ncnc(N)c4F)CC3)n2)ccc1F,Cc1cc(-c2cn(CC3CCCNC3)c(C3CCN(c4ncnc(N)c4F)CC3)n2)ccc1F,7.812788676,0.843419874,Active,0.736842105,TRUE
NC1(C(=O)NCCc2c(F)ccc(F)c2Cl)CCN(c2ncnc3[nH]ccc23)CC1,NC1(C(=O)NCCc2c(F)ccc(F)c2Cl)CCN(c2ncnc3[nH]ccc23)CC1,7.786883227,0.843450749,Active,0.671875,TRUE
Cc1[nH]nc2ncc(-c3cncc(OCC(N)Cc4cccc(F)c4)c3)cc12,Cc1[nH]nc2ncc(-c3cncc(OCC(N)Cc4cccc(F)c4)c3)cc12,7.718428807,0.843460047,Active,0.73015873,TRUE
CC(=O)NCCn1cc(-c2ccc(F)c(C)c2)nc1C1CCN(c2ncnc(N)c2C(F)(F)F)CC1,CC(=O)NCCn1cc(-c2ccc(F)c(C)c2)nc1C1CCN(c2ncnc(N)c2C(F)(F)F)CC1,7.962690978,0.843639457,Active,0.7125,TRUE
CNc1cccc(-c2cn(CCN3CCCC3)c(C3CCN(c4ncnc(N)c4Cl)CC3)n2)c1,CNc1cccc(-c2cn(CCN3CCCC3)c(C3CCN(c4ncnc(N)c4Cl)CC3)n2)c1,7.484663285,0.843660319,Active,0.785714286,TRUE
CCc1c(N)ncnc1N1CCC(c2nc(-c3ccc(Cl)c(C#N)c3)cn2CCNC(C)C)CC1,CCc1c(N)ncnc1N1CCC(c2nc(-c3ccc(Cl)c(C#N)c3)cn2CCNC(C)C)CC1,7.994878549,0.843676651,Active,0.647058824,TRUE
CC1(O)CC(N)(c2ccc(-c3nc4n(c3-c3ccccc3)CCOc3ncccc3-4)cc2)C1,CC1(O)CC(N)(c2ccc(-c3nc4n(c3-c3ccccc3)CCOc3ncccc3-4)cc2)C1,7.428282096,0.843718255,Active,0.836065574,TRUE
O=CC(NC(=O)c1cc(Br)c(-c2ccnc3[nH]ccc23)s1)c1ccccc1F,O=CC(NC(=O)c1cc(Br)c(-c2ccnc3[nH]ccc23)s1)c1ccccc1F,7.605447608,0.843730593,Active,0.661971831,TRUE
Cc1cc(-c2cn(CCN)c(C3CCN(c4ncnc(N)c4F)CC3F)n2)ccc1F,Cc1cc(-c2cn(CCN)c(C3CCN(c4ncnc(N)c4F)CC3F)n2)ccc1F,7.856063008,0.843786204,Active,0.733333333,TRUE
CC(NC(=O)C1(N)CCN(c2ncnc3[nH]ccc23)CC1)c1ccc(Cl)cc1Cl,CC(NC(=O)C1(N)CCN(c2ncnc3[nH]ccc23)CC1)c1ccc(Cl)cc1Cl,7.855670922,0.84380492,Active,0.774193548,TRUE
CC(C)(NC(=O)C1(N)CCN(c2ncnc3[nH]ccc23)CC1)c1cccc(Cl)c1,CC(C)(NC(=O)C1(N)CCN(c2ncnc3[nH]ccc23)CC1)c1cccc(Cl)c1,7.623969494,0.843961442,Active,0.625,TRUE
Cc1[nH]nc2nc(-c3cncc(OCC(N)Cc4cccc(F)c4F)c3)ccc12,Cc1[nH]nc2nc(-c3cncc(OCC(N)Cc4cccc(F)c4F)c3)ccc12,7.538614065,0.844012821,Active,0.676470588,TRUE
Cn1nccc1-c1ccc(C(=O)NC2CCCNC2c2ccc(F)c(F)c2)cc1,Cn1nccc1-c1ccc(C(=O)NC2CCCNC2c2ccc(F)c(F)c2)cc1,7.334015597,0.844023073,Active,0.707692308,TRUE
NC1(C(=O)NCc2cc(F)c(Cl)cn2)CCN(c2ncnc3[nH]ccc23)CC1,NC1(C(=O)NCc2cc(F)c(Cl)cn2)CCN(c2ncnc3[nH]ccc23)CC1,7.510265699,0.844100916,Active,0.698412698,TRUE
Cn1ncc(Br)c1-c1ccc(C(=O)NC2CNCC2c2cccc(F)c2)s1,Cn1ncc(Br)c1-c1ccc(C(=O)NC2CNCC2c2cccc(F)c2)s1,8.037338319,0.844159389,Active,0.861538462,TRUE
CCC(=O)NCCn1cc(-c2ccc(F)c(C)c2)nc1C1CCN(c2ncnc(N)c2F)CC1,CCC(=O)NCCn1cc(-c2ccc(F)c(C)c2)nc1C1CCN(c2ncnc(N)c2F)CC1,8.015345068,0.844183052,Active,0.730769231,TRUE
Cc1c[nH]c2ncnc(N3CCC(N)(CNC(=O)c4cccc(F)c4F)C3)c12,Cc1c[nH]c2ncnc(N3CCC(N)(CNC(=O)c4cccc(F)c4F)C3)c12,7.52270429,0.844223404,Active,0.873015873,TRUE
CC1(C)CN(C(=O)Cc2nc(N3CCOCC3)cc(=O)n2-c2ccccc2)c2cccc(Cl)c21,CC1(C)CN(C(=O)Cc2nc(N3CCOCC3)cc(=O)n2-c2ccccc2)c2cccc(Cl)c21,7.375247252,0.844224894,Active,0.787878788,TRUE
Cc1ccc(-n2c(CC(=O)N3CCc4ccccc43)nc(N3CCOCC3)cc2=S)cc1,Cc1ccc(-n2c(CC(=O)N3CCc4ccccc43)nc(N3CCOCC3)cc2=S)cc1,7.304176549,0.844250703,Active,0.707692308,TRUE
Cc1cc(-c2cn(CC(N)=O)c(C3CCN(c4ncnc(Cl)c4C)CC3)n2)ccc1F,Cc1cc(-c2cn(CC(N)=O)c(C3CCN(c4ncnc(Cl)c4C)CC3)n2)ccc1F,7.717174972,0.84425714,Active,0.636363636,TRUE
CCc1c(N)ncnc1N1CCC(c2nc(-c3ccc(F)c(F)c3)cn2CCN(CC)CC)CC1,CCc1c(N)ncnc1N1CCC(c2nc(-c3ccc(F)c(F)c3)cn2CCN(CC)CC)CC1,7.674211901,0.844304764,Active,0.882352941,TRUE
NC1(c2ccc(-c3nc4n(c3-c3cccs3)COc3cnccc3-4)cc2)CCC1,NC1(c2ccc(-c3nc4n(c3-c3cccs3)COc3cnccc3-4)cc2)CCC1,7.685514014,0.84439739,Active,0.758064516,TRUE
Cn1ncc(Br)c1-c1ccc(C(=O)NC2CNCCC2c2cccnc2)s1,Cn1ncc(Br)c1-c1ccc(C(=O)NC2CNCCC2c2cccnc2)s1,7.897469037,0.844415987,Active,0.768115942,TRUE
Cc1[nH]nc2cnc(-c3cncc(OCC(N)Cc4cccc(Cl)c4Cl)c3)nc12,Cc1[nH]nc2cnc(-c3cncc(OCC(N)Cc4cccc(Cl)c4Cl)c3)nc12,7.671290178,0.844493115,Active,0.628571429,TRUE
COCC1(C(=O)NCc2ccc(Cl)c(Cl)c2)CCN(c2ncnc3[nH]ccc23)CC1,COCC1(C(=O)NCc2ccc(Cl)c(Cl)c2)CCN(c2ncnc3[nH]ccc23)CC1,7.677179295,0.844551766,Active,0.602941176,TRUE
NC1(c2ccc(-c3nc4ccc(C(=O)NCc5ccc6c(c5)OCO6)nn4c3-c3ccccc3)cc2)CCC1,NC1(c2ccc(-c3nc4ccc(C(=O)NCc5ccc6c(c5)OCO6)nn4c3-c3ccccc3)cc2)CCC1,7.580686496,0.844595814,Active,0.694444444,TRUE
NC(Cc1ccc(F)c(F)c1)C(=O)N1CCN(c2ncnc3[nH]c4cc(Cl)ccc4c23)CC1,NC(Cc1ccc(F)c(F)c1)C(=O)N1CCN(c2ncnc3[nH]c4cc(Cl)ccc4c23)CC1,7.853754086,0.844606721,Active,0.632352941,TRUE
O=C(N1CCN(c2ncnc3cccc(Br)c23)CC1)C1(c2cccc(Br)c2)CC1,O=C(N1CCN(c2ncnc3cccc(Br)c23)CC1)C1(c2cccc(Br)c2)CC1,7.149586281,0.844606721,Active,0.646153846,TRUE
CN(C)CCNC(=O)c1cc(-c2cn[nH]c2)c2nc(-c3ccc(C4(N)CCC4)cc3)c(-c3ccccc3)n2n1,CN(C)CCNC(=O)c1cc(-c2cn[nH]c2)c2nc(-c3ccc(C4(N)CCC4)cc3)c(-c3ccccc3)n2n1,7.617035026,0.844631875,Active,0.670731707,TRUE
Nc1ncnc(N2CCC(c3nc(-c4cccc([N+](=O)[O-])c4)cn3CCN3CCCC3)CC2)c1Br,Nc1ncnc(N2CCC(c3nc(-c4cccc([N+](=O)[O-])c4)cn3CCN3CCCC3)CC2)c1Br,7.923301284,0.844634259,Active,0.763888889,TRUE
CNCCNCCn1cc(-c2ccc(F)c(C)c2)nc1C1CCN(c2ncnc(N)c2F)CC1,CNCCNCCn1cc(-c2ccc(F)c(C)c2)nc1C1CCN(c2ncnc(N)c2F)CC1,7.846563935,0.844703877,Active,0.756756757,TRUE
CN(C)CCn1cc(-c2cccc(F)c2)nc1C1CCN(c2ncnc(N)c2Cl)CC1,CN(C)CCn1cc(-c2cccc(F)c2)nc1C1CCN(c2ncnc(N)c2Cl)CC1,7.752582061,0.844716334,Active,0.782608696,TRUE
CCCN(C)CCOc1ccc(-c2cn(CCN3CCCC3)c(C3CCN(c4cc(N)ncn4)CC3)n2)cc1F,CCCN(C)CCOc1ccc(-c2cn(CCN3CCCC3)c(C3CCN(c4cc(N)ncn4)CC3)n2)cc1F,7.282671227,0.844752395,Active,0.710526316,TRUE
CC(C)NCC(O)Cn1cc(-c2ccc(F)c(C(F)(F)F)c2)nc1C1CCN(c2ncnc(N)c2Br)CC1,CC(C)NCC(O)Cn1cc(-c2ccc(F)c(C(F)(F)F)c2)nc1C1CCN(c2ncnc(N)c2Br)CC1,7.940188139,0.844893122,Active,0.703703704,TRUE
Cn1nccc1-c1sc(C(=O)NC2CNCCC2c2cccc(F)c2)cc1Cl,Cn1nccc1-c1sc(C(=O)NC2CNCCC2c2cccc(F)c2)cc1Cl,8.376412081,0.845064962,Active,0.753623188,TRUE
Cc1cc(-c2cn(CCNC(C)C)c(C3CCN(c4ncnc(N(C)C)c4F)CC3)n2)ccc1F,Cc1cc(-c2cn(CCNC(C)C)c(C3CCN(c4ncnc(N(C)C)c4F)CC3)n2)ccc1F,7.780399012,0.845076585,Active,0.708860759,TRUE
Cc1cc(-c2cn(CCNCCN(C)C)c(C3CCN(c4ncnc(N)c4F)CC3)n2)ccc1F,Cc1cc(-c2cn(CCNCCN(C)C)c(C3CCN(c4ncnc(N)c4F)CC3)n2)ccc1F,7.74821172,0.845187032,Active,0.723684211,TRUE
Cn1ncc(Br)c1-c1ccc(C(=O)NC2CNCCC2c2ccc(F)cc2F)s1,Cn1ncc(Br)c1-c1ccc(C(=O)NC2CNCCC2c2ccc(F)cc2F)s1,7.987623398,0.845193589,Active,0.797101449,TRUE
Cc1cc(-c2cn(CCCC(N)=O)c(C3CCN(c4ncnc(N)c4Br)CC3)n2)ccc1F,Cc1cc(-c2cn(CCCC(N)=O)c(C3CCN(c4ncnc(N)c4Br)CC3)n2)ccc1F,7.948108165,0.845200503,Active,0.767123288,TRUE
O=C(Nc1nc2ccc(-c3cnc(Cl)c(NS(=O)(=O)c4ccccc4)c3)cc2s1)C1CC1,O=C(Nc1nc2ccc(-c3cnc(Cl)c(NS(=O)(=O)c4ccccc4)c3)cc2s1)C1CC1,7.972307217,0.845362389,Active,0.806451613,TRUE
Cn1ccc(C2CCNCC2NC(=O)c2ccc(-c3c(Cl)cnn3C)s2)n1,Cn1ccc(C2CCNCC2NC(=O)c2ccc(-c3c(Cl)cnn3C)s2)n1,7.962653812,0.845412815,Active,0.769230769,TRUE
Cc1cc(-c2cn(CCNC(C)C)c(C3CCN(c4cc(C(F)(F)F)ncn4)CC3)n2)ccc1F,Cc1cc(-c2cn(CCNC(C)C)c(C3CCN(c4cc(C(F)(F)F)ncn4)CC3)n2)ccc1F,7.643055201,0.845477724,Active,0.654320988,TRUE
CC(C)NCCn1cc(-c2cccc(C#N)c2)nc1C1CCN(c2ncnc(N)c2Cl)CC1,CC(C)NCCn1cc(-c2cccc(C#N)c2)nc1C1CCN(c2ncnc(N)c2Cl)CC1,8.027900166,0.845581317,Active,0.65060241,TRUE
Cn1nccc1-c1ccc(C(=O)NC2CCNCC2c2ccc(Cl)c(Cl)c2)s1,Cn1nccc1-c1ccc(C(=O)NC2CCNCC2c2ccc(Cl)c(Cl)c2)s1,8.037745635,0.845639968,Active,0.727272727,TRUE
Nc1ncnc(N2CCC(c3nc(-c4ccc(F)c(Br)c4)cn3CCNCCO)CC2)c1Cl,Nc1ncnc(N2CCC(c3nc(-c4ccc(F)c(Br)c4)cn3CCNCCO)CC2)c1Cl,8.118215047,0.845665956,Active,0.649350649,TRUE
CC1Cc2c(Cl)cccc2N1C(=O)Cc1nc(N2CCOCC2)cc(=O)n1-c1ccc(F)cc1F,CC1Cc2c(Cl)cccc2N1C(=O)Cc1nc(N2CCOCC2)cc(=O)n1-c1ccc(F)cc1F,7.49376607,0.845677102,Active,0.736111111,TRUE
Cn1c(CC(=O)N2CCc3c2ccc(F)c3Br)nc(N2CCOCC2)cc1=O,Cn1c(CC(=O)N2CCc3c2ccc(F)c3Br)nc(N2CCOCC2)cc1=O,7.627852631,0.845783138,Active,0.836065574,TRUE
CC(F)CNCCn1cc(-c2ccc(F)c(F)c2)nc1C1CCN(c2ncnc(N)c2Br)CC1,CC(F)CNCCn1cc(-c2ccc(F)c(F)c2)nc1C1CCN(c2ncnc(N)c2Br)CC1,8.312554133,0.845894957,Active,0.716216216,TRUE
CCOc1c(N)ncnc1N1CCC(c2nc(-c3cccc(F)c3)cn2CCN2CCC2)C(F)C1,CCOc1c(N)ncnc1N1CCC(c2nc(-c3cccc(F)c3)cn2CCN2CCC2)C(F)C1,7.748953452,0.845951045,Active,0.777777778,TRUE
NC1(C(=O)NCc2ccc(F)cc2Cl)CCN(c2ncnc3[nH]ccc23)CC1,NC1(C(=O)NCc2ccc(F)cc2Cl)CCN(c2ncnc3[nH]ccc23)CC1,7.584958915,0.845964456,Active,0.698412698,TRUE
Cc1c(-c2cnc(C(C)NC(=O)C3(N)CCN(c4ncnc5[nH]ccc45)CC3)c(Cl)c2)ncn1C,Cc1c(-c2cnc(C(C)NC(=O)C3(N)CCN(c4ncnc5[nH]ccc45)CC3)c(Cl)c2)ncn1C,7.705387075,0.846014106,Active,0.626666667,TRUE
Fc1ccc(-c2cn(CCN3CCCC3)c(C3CCN(c4ncncc4Cl)CC3)n2)cc1Cl,Fc1ccc(-c2cn(CCN3CCCC3)c(C3CCN(c4ncncc4Cl)CC3)n2)cc1Cl,7.715816803,0.846135163,Active,0.742857143,TRUE
CCOc1cc(C(=O)NC2CNCCC2c2cc(F)cc(F)c2)c(F)cc1-c1ccnn1C,CCOc1cc(C(=O)NC2CNCCC2c2cc(F)cc(F)c2)c(F)cc1-c1ccnn1C,7.80967654,0.846146905,Active,0.710144928,TRUE
NCCNC(=O)c1cc(Br)c(-c2ccnc3[nH]ccc23)s1,NCCNC(=O)c1cc(Br)c(-c2ccnc3[nH]ccc23)s1,7.605177411,0.846242809,Active,0.7,TRUE
Cn1nc(-c2ccc(C(=O)NC3CNCCC3c3cccc(F)c3)cc2)c2c(Cl)cccc21,Cn1nc(-c2ccc(C(=O)NC3CNCCC3c3cccc(F)c3)cc2)c2c(Cl)cccc21,7.276379157,0.846358919,Active,0.694444444,TRUE
Cc1ccc(CC(N)COc2cncc(-c3ccc4nn(C)cc4c3)c2)cc1F,Cc1ccc(CC(N)COc2cncc(-c3ccc4nn(C)cc4c3)c2)cc1F,7.513348777,0.846362734,Active,0.623188406,TRUE
Cc1cc(F)ccc1-n1c(CC(=O)N2CCc3c(Cl)cccc32)nc(N2CCOCC2)cc1=O,Cc1cc(F)ccc1-n1c(CC(=O)N2CCc3c(Cl)cccc32)nc(N2CCOCC2)cc1=O,7.495105475,0.846395814,Active,0.714285714,TRUE
Cc1cc(-c2cn(CCNCCN)c(C3CCN(c4ncnc(N)c4F)CC3)n2)ccc1F,Cc1cc(-c2cn(CCNCCN)c(C3CCN(c4ncnc(N)c4F)CC3)n2)ccc1F,7.939433499,0.846410537,Active,0.705128205,TRUE
NC(=O)c1cccc2c(NC(CN3CCC3)c3cc(F)cc(Cl)c3)ncnc12,NC(=O)c1cccc2c(NC(CN3CCC3)c3cc(F)cc(Cl)c3)ncnc12,7.825338737,0.846439981,Active,0.806451613,TRUE
Cn1ncc(Br)c1-c1ccc(C(=O)NC2CNCCC2c2cccc(F)c2)cc1,Cn1ncc(Br)c1-c1ccc(C(=O)NC2CNCCC2c2cccc(F)c2)cc1,7.091047024,0.846521223,Active,0.818181818,TRUE
Nc1ncnc(N2CCC(c3nc(-c4ccc(C(F)(F)F)c(F)c4)cn3CCN3CCCC3)CC2)c1Cl,Nc1ncnc(N2CCC(c3nc(-c4ccc(C(F)(F)F)c(F)c4)cn3CCN3CCCC3)CC2)c1Cl,7.907922673,0.846693122,Active,0.857142857,TRUE
CN(C)CCn1cc(-c2ccc(F)c(C(F)(F)F)c2)nc1C1CCN(c2ncnc(N)c2O)CC1,CN(C)CCn1cc(-c2ccc(F)c(C(F)(F)F)c2)nc1C1CCN(c2ncnc(N)c2O)CC1,7.882290401,0.846701527,Active,0.833333333,TRUE
O=C(NC1CNCCC1c1ccc(F)nn1)c1cc2c(s1)OCCn1ncc(Br)c1-2,O=C(NC1CNCCC1c1ccc(F)nn1)c1cc2c(s1)OCCn1ncc(Br)c1-2,8.981865119,0.846740687,Active,0.783783784,TRUE
Cc1ccc(Cl)cc1CNC(=O)C1(N)CCN(c2ncnc3[nH]ccc23)C1,Cc1ccc(Cl)cc1CNC(=O)C1(N)CCN(c2ncnc3[nH]ccc23)C1,7.477884528,0.846781754,Active,0.676923077,TRUE
Cc1cc(-c2cn(CC3CN(C)C3)c(C3CCN(c4ncnc(N)c4C)CC3)n2)ccc1F,Cc1cc(-c2cn(CC3CN(C)C3)c(C3CCN(c4ncnc(N)c4C)CC3)n2)ccc1F,8.10244684,0.84681567,Active,0.84057971,TRUE
CC(N)Cn1cc(-c2ccc(F)c(F)c2)nc1C1CCN(c2ncnc(N)c2Cl)CC1,CC(N)Cn1cc(-c2ccc(F)c(F)c2)nc1C1CCN(c2ncnc(N)c2Cl)CC1,7.68232447,0.846915984,Active,0.739130435,TRUE
NC1(C(=O)NC(=O)c2c(Cl)c(F)c(F)c(F)c2Cl)CCN(c2ncnc3[nH]ccc23)CC1,NC1(C(=O)NC(=O)c2c(Cl)c(F)c(F)c(F)c2Cl)CCN(c2ncnc3[nH]ccc23)CC1,7.33442085,0.846925938,Active,0.619047619,TRUE
COc1ccc(-c2cn(CCN3CCC3)c(C3CCN(c4ncnc(N)c4Cl)CC3F)n2)cc1OC(F)F,COc1ccc(-c2cn(CCN3CCC3)c(C3CCN(c4ncnc(N)c4Cl)CC3F)n2)cc1OC(F)F,7.738854316,0.84697392,Active,0.686046512,TRUE
CC(C)c1c(N)ncnc1N1CCC(c2nc(-c3c(F)cc(C#N)cc3F)cn2CCN2CCC2)CC1,CC(C)c1c(N)ncnc1N1CCC(c2nc(-c3c(F)cc(C#N)cc3F)cn2CCN2CCC2)CC1,7.419927779,0.847008669,Active,0.6125,TRUE
NC(=O)CC(NC(=O)N1CCC2(CC1)CCN(c1ncnc3[nH]ccc13)C2)c1ccc(Cl)cc1,NC(=O)CC(NC(=O)N1CCC2(CC1)CCN(c1ncnc3[nH]ccc13)C2)c1ccc(Cl)cc1,7.694160694,0.847168946,Active,0.71641791,TRUE
O=C(Nc1csc(-c2nncn2C2CC2)n1)c1ccc(Cl)c(-n2cnc(C3CC3)c2)c1,O=C(Nc1csc(-c2nncn2C2CC2)n1)c1ccc(Cl)c(-n2cnc(C3CC3)c2)c1,7.601155469,0.847278202,Active,0.670886076,TRUE
Cc1cc(-c2cn(CC3CN(C)C3)c(C3CCN(c4ncnc(N)c4C(F)(F)F)CC3)n2)ccc1F,Cc1cc(-c2cn(CC3CN(C)C3)c(C3CCN(c4ncnc(N)c4C(F)(F)F)CC3)n2)ccc1F,7.394527417,0.84729507,Active,0.794520548,TRUE
Cc1[nH]nc2ccc(-c3cncc(OCC(N)Cc4cccc(-c5cccc(F)n5)c4)c3)cc12,Cc1[nH]nc2ccc(-c3cncc(OCC(N)Cc4cccc(-c5cccc(F)n5)c4)c3)cc12,7.731995353,0.847305858,Active,0.611111111,TRUE
CC(=O)c1c(N)ncnc1N1CCC(c2nc(-c3ccc(F)c(F)c3)cn2CCN2CCCC2)CC1,CC(=O)c1c(N)ncnc1N1CCC(c2nc(-c3ccc(F)c(F)c3)cn2CCN2CCCC2)CC1,7.893254706,0.847458148,Active,0.869565217,TRUE
NC(=O)c1cc(Br)c2nc(-c3ccc(C4(N)CCC4)cc3)c(-c3ccccc3)n2n1,NC(=O)c1cc(Br)c2nc(-c3ccc(C4(N)CCC4)cc3)c(-c3ccccc3)n2n1,7.795965135,0.847459579,Active,0.807017544,TRUE
Cc1c[nH]c2ncnc(N3CCC(N)(C(=O)NC(CN)c4ccc(F)cc4)CC3)c12,Cc1c[nH]c2ncnc(N3CCC(N)(C(=O)NC(CN)c4ccc(F)cc4)CC3)c12,7.741661925,0.847569847,Active,0.710144928,TRUE
NC(=O)CC(NC(=O)C1(N)CCN(c2ncnc3[nH]ccc23)CC1)c1ccc(F)c(F)c1,NC(=O)CC(NC(=O)C1(N)CCN(c2ncnc3[nH]ccc23)CC1)c1ccc(F)c(F)c1,7.684643196,0.847773337,Active,0.796875,TRUE
Nc1ncnc(N2CCC(c3nc(-c4cccc(CO)c4)cn3CCN3CCCC3)CC2)c1Cl,Nc1ncnc(N2CCC(c3nc(-c4cccc(CO)c4)cn3CCN3CCCC3)CC2)c1Cl,7.81895433,0.847809994,Active,0.797101449,TRUE
CC(C)Oc1c(N)ncnc1N1CCC(c2nc(-c3cccc(CN)c3)cn2CCNCC2CC2)CC1,CC(C)Oc1c(N)ncnc1N1CCC(c2nc(-c3cccc(CN)c3)cn2CCNCC2CC2)CC1,7.832851552,0.847881997,Active,0.629213483,TRUE
Cc1cc(-c2cn(CCN(C)C)c(C3CCN(c4ncnc(N)c4O)CC3)n2)ccc1F,Cc1cc(-c2cn(CCN(C)C)c(C3CCN(c4ncnc(N)c4O)CC3)n2)ccc1F,8.056514214,0.847991431,Active,0.814285714,TRUE
COc1cc(-c2cn(CC3CNC3)c(C3CCN(c4ncnc(N)c4OC(C)C)CC3)n2)ccc1F,COc1cc(-c2cn(CC3CNC3)c(C3CCN(c4ncnc(N)c4OC(C)C)CC3)n2)ccc1F,8.080721178,0.847992802,Active,0.842105263,TRUE
CN(C)CCn1cc(-c2ccc(F)c(C#N)c2)nc1C1CCN(c2ncnc(N)c2F)CC1,CN(C)CCn1cc(-c2ccc(F)c(C#N)c2)nc1C1CCN(c2ncnc(N)c2F)CC1,7.890888753,0.84803375,Active,0.746666667,TRUE
Nc1ncnc(N2CCC(c3nc(-c4cc(F)cc(F)c4)cn3CCN3CCCC3)CC2)c1Cl,Nc1ncnc(N2CCC(c3nc(-c4cc(F)cc(F)c4)cn3CCN3CCCC3)CC2)c1Cl,7.894466023,0.848088646,Active,0.84375,TRUE
C=C(C)c1[nH]nc2ccc(-c3cncc(OCC(N)Cc4c[nH]c5ccccc45)c3)cc12,C=C(C)c1[nH]nc2ccc(-c3cncc(OCC(N)Cc4c[nH]c5ccccc45)c3)cc12,8.441226699,0.848129952,Active,0.710144928,TRUE
Cc1ccc2[nH]cc(CC(N)COc3cncc(-c4cc5c(C)[nH]nc5cn4)c3)c2c1,Cc1ccc2[nH]cc(CC(N)COc3cncc(-c4cc5c(C)[nH]nc5cn4)c3)c2c1,8.906980494,0.848271632,Active,0.657142857,TRUE
Nc1ncnc(N2CCC(c3nc(-c4ccc(F)nc4)cn3CCNC3CCCC3)CC2)c1Br,Nc1ncnc(N2CCC(c3nc(-c4ccc(F)nc4)cn3CCNC3CCCC3)CC2)c1Br,8.149067361,0.848333859,Active,0.635135135,TRUE
Cn1nc(-c2ccsc2)cc1-c1ccc(C(=O)NC2CNCCC2c2cccc(F)c2)cc1,Cn1nc(-c2ccsc2)cc1-c1ccc(C(=O)NC2CNCCC2c2cccc(F)c2)cc1,7.379261525,0.848392987,Active,0.61038961,TRUE
N#Cc1cc(-c2cn(CCN3CCC3)c(C3CCN(c4ncnc(N)c4Cl)CC3)n2)ccc1Cl,N#Cc1cc(-c2cn(CCN3CCC3)c(C3CCN(c4ncnc(N)c4Cl)CC3)n2)ccc1Cl,7.972278763,0.848399782,Active,0.722222222,TRUE
Cc1c(N)ncnc1N1CCC(c2nc(-c3ccc(F)c(N)c3)cn2CCNCC2CC2)CC1,Cc1c(N)ncnc1N1CCC(c2nc(-c3ccc(F)c(N)c3)cn2CCNCC2CC2)CC1,7.879181992,0.848425055,Active,0.730769231,TRUE
NC(=O)c1cc(-c2cn(CC3CNC3)c(C3CCN(c4ncnc(N)c4Cl)CC3)n2)ccc1F,NC(=O)c1cc(-c2cn(CC3CNC3)c(C3CCN(c4ncnc(N)c4Cl)CC3)n2)ccc1F,7.548779247,0.848452711,Active,0.763157895,TRUE
Cc1cc(-c2cn(CC3CNC3)c(C3CCN(c4ncnc(N)c4C)CC3)n2)ccc1F,Cc1cc(-c2cn(CC3CNC3)c(C3CCN(c4ncnc(N)c4C)CC3)n2)ccc1F,7.987341848,0.848483229,Active,0.84057971,TRUE
CC(C)c1c(N)ncnc1N1CCC(c2nc(-c3ccc(F)cc3)cn2CCN2CCCC2)CC1,CC(C)c1c(N)ncnc1N1CCC(c2nc(-c3ccc(F)cc3)cn2CCN2CCCC2)CC1,7.68607942,0.848504508,Active,0.776119403,TRUE
Cc1csc(C2CCNCC2NC(=O)c2ccc(-c3c(Cl)cnn3C)s2)n1,Cc1csc(C2CCNCC2NC(=O)c2ccc(-c3c(Cl)cnn3C)s2)n1,8.090563505,0.848536336,Active,0.720588235,TRUE
Cn1c(CC(=O)N2CCc3c(F)cccc32)nc(N2CCOCC2)c1Br,Cn1c(CC(=O)N2CCc3c(F)cccc32)nc(N2CCOCC2)c1Br,7.498115002,0.848587418,Active,0.786885246,TRUE
NC(COc1cncc(-c2ccc3[nH]nc(N=O)c3c2)c1)Cc1cccc(Cl)c1,NC(COc1cncc(-c2ccc3[nH]nc(N=O)c3c2)c1)Cc1cccc(Cl)c1,7.568664159,0.848626935,Active,0.793650794,TRUE
NC(=O)c1cccc2c(NC(CN3CCC3)c3ccc(F)cc3F)ncnc12,NC(=O)c1cccc2c(NC(CN3CCC3)c3ccc(F)cc3F)ncnc12,7.818463314,0.84875145,Active,0.774193548,TRUE
CCNCCn1cc(-c2ccnc(C(F)(F)F)c2)nc1C1CCN(c2ncnc(N)c2F)CC1,CCNCCn1cc(-c2ccnc(C(F)(F)F)c2)nc1C1CCN(c2ncnc(N)c2F)CC1,8.260389556,0.848783875,Active,0.736842105,TRUE
Cn1nc(-c2ccc(C(=O)NC3CNCCC3c3cccc(F)c3)s2)c2c(F)cccc21,Cn1nc(-c2ccc(C(=O)NC3CNCCC3c3cccc(F)c3)s2)c2c(F)cccc21,7.589289479,0.848845863,Active,0.684931507,TRUE
Cn1ncc(Br)c1-c1nc(NC(=O)c2cc(-n3cnc(C4CC4)c3)c(N3CC4(COC4)C3)cn2)cs1,Cn1ncc(Br)c1-c1nc(NC(=O)c2cc(-n3cnc(C4CC4)c3)c(N3CC4(COC4)C3)cn2)cs1,7.842473813,0.848949397,Active,0.602150538,TRUE
Cc1cc(-c2cn(CCNC(C)C)c(C3CCN(c4ncnc(N)c4C)CC3)n2)ccc1OC(F)F,Cc1cc(-c2cn(CCNC(C)C)c(C3CCN(c4ncnc(N)c4C)CC3)n2)ccc1OC(F)F,7.75391758,0.848964179,Active,0.662650602,TRUE
CCn1c(-c2nonc2N)nc2c(C#CC(C)(C)C)nc(CO)cc21,CCn1c(-c2nonc2N)nc2c(C#CC(C)(C)C)nc(CO)cc21,7.995960607,0.849033976,Active,0.745762712,TRUE
Cc1cc(-c2cn(CCN3CCCC3)c(C3CCN(c4ncnc(N)c4Cl)CC3)n2)ccn1,Cc1cc(-c2cn(CCN3CCCC3)c(C3CCN(c4ncnc(N)c4Cl)CC3)n2)ccn1,8.152510436,0.849168146,Active,0.785714286,TRUE
Cn1nccc1-c1ccc(C(=O)NC2CNCCC2c2cccc(F)c2)nc1C1CC1,Cn1nccc1-c1ccc(C(=O)NC2CNCCC2c2cccc(F)c2)nc1C1CC1,7.78454335,0.849191093,Active,0.742857143,TRUE
O=C(Cc1nc(N2CCOCC2)cc(=O)n1-c1ccc(F)c(F)c1)N1CCc2c(Cl)cccc21,O=C(Cc1nc(N2CCOCC2)cc(=O)n1-c1ccc(F)c(F)c1)N1CCc2c(Cl)cccc21,7.357209816,0.849267328,Active,0.710144928,TRUE
NC1(c2ccc(-c3nc4n(c3-c3ccoc3)COc3cccnc3-4)cc2)CCC1,NC1(c2ccc(-c3nc4n(c3-c3ccoc3)COc3cccnc3-4)cc2)CCC1,7.532933157,0.849411392,Active,0.793103448,TRUE
Cc1c[nH]c2ncnc(N3CCC(N)(C(=O)NC(C)c4cccc(Cl)c4F)CC3)c12,Cc1c[nH]c2ncnc(N3CCC(N)(C(=O)NC(C)c4cccc(Cl)c4F)CC3)c12,7.767927639,0.849422419,Active,0.705882353,TRUE
Cn1ncc(Br)c1-c1ccc(C(=O)NC2CNCC2c2ccc(Cl)cc2)s1,Cn1ncc(Br)c1-c1ccc(C(=O)NC2CNCC2c2ccc(Cl)cc2)s1,7.833064031,0.849494004,Active,0.707692308,TRUE
Cc1cc(Br)cc2c(N3CCN(C(=O)C4(c5ccc(Cl)c(Cl)c5)CCNCC4)CC3)ncnc12,Cc1cc(Br)cc2c(N3CCN(C(=O)C4(c5ccc(Cl)c(Cl)c5)CCNCC4)CC3)ncnc12,7.118365188,0.84952929,Active,0.638888889,TRUE
Cn1ncc(Br)c1-c1sc(C(=O)NC(CN)Cc2ccc(F)c(F)c2)cc1Cl,Cn1ncc(Br)c1-c1sc(C(=O)NC(CN)Cc2ccc(F)c(F)c2)cc1Cl,7.932419286,0.849534059,Active,0.611111111,TRUE
Cc1c[nH]c2ncnc(N3CCC(N)(C(=O)NC(C)c4ccc(F)c(F)c4)C3)c12,Cc1c[nH]c2ncnc(N3CCC(N)(C(=O)NC(C)c4ccc(F)c(F)c4)C3)c12,7.701679886,0.849574053,Active,0.71641791,TRUE
NC1(C(=O)NCc2cc(F)cc(Cl)c2F)CCN(c2ncnc3[nH]ccc23)CC1,NC1(C(=O)NCc2cc(F)cc(Cl)c2F)CCN(c2ncnc3[nH]ccc23)CC1,7.551842359,0.849660599,Active,0.6875,TRUE
CCc1ccc(C2CCNCC2NC(=O)c2cc(-c3c(Cl)cnn3C)c(Cl)o2)cn1,CCc1ccc(C2CCNCC2NC(=O)c2cc(-c3c(Cl)cnn3C)c(Cl)o2)cn1,7.876663861,0.849695766,Active,0.782608696,TRUE
NCCn1cc(-c2ccc(F)c(C(F)(F)F)c2)nc1C1CCN(c2ncnc(N)c2Cl)CC1,NCCn1cc(-c2ccc(F)c(C(F)(F)F)c2)nc1C1CCN(c2ncnc(N)c2Cl)CC1,8.121105277,0.849794412,Active,0.852941176,TRUE
CCCNCCn1cc(-c2cccc(F)c2)nc1C1CCN(c2ncnc(N)c2C#N)CC1,CCCNCCn1cc(-c2cccc(F)c2)nc1C1CCN(c2ncnc(N)c2C#N)CC1,7.727990411,0.84981885,Active,0.76,TRUE
COc1ccc(C2CCNCC2NC(=O)c2cc3c(s2)OCCn2ncc(Br)c2-3)cn1,COc1ccc(C2CCNCC2NC(=O)c2cc3c(s2)OCCn2ncc(Br)c2-3)cn1,9.084225422,0.849863315,Active,0.766233766,TRUE
O=C(NC(C(=O)O)c1ccc(F)cc1)c1cc(Br)c(-c2ccnc3[nH]ccc23)s1,O=C(NC(C(=O)O)c1ccc(F)cc1)c1cc(Br)c(-c2ccnc3[nH]ccc23)s1,7.598904319,0.849910402,Active,0.686567164,TRUE
CCC(NC(=O)C1(N)CCN(c2ncnc3[nH]ccc23)CC1)c1cc(F)cc(Cl)c1,CCC(NC(=O)C1(N)CCN(c2ncnc3[nH]ccc23)CC1)c1cc(F)cc(Cl)c1,7.828234013,0.850096309,Active,0.787878788,TRUE
Cc1nccc(N2CCC(c3nc(-c4ccc(F)c(C)c4)cn3CCNC(C)C)CC2)n1,Cc1nccc(N2CCC(c3nc(-c4ccc(F)c(C)c4)cn3CCNC(C)C)CC2)n1,7.836519039,0.850131834,Active,0.64556962,TRUE
NC(COc1cncc(-c2ccc3[nH]ncc3c2)c1)Cc1cccc(F)c1F,NC(COc1cncc(-c2ccc3[nH]ncc3c2)c1)Cc1cccc(F)c1F,7.552085066,0.850141072,Active,0.714285714,TRUE
COc1cc(C)c2nc(-c3ccc(C4(N)CCC4)cc3)c(-c3ccccc3)n2n1,COc1cc(C)c2nc(-c3ccc(C4(N)CCC4)cc3)c(-c3ccccc3)n2n1,7.683304133,0.850383067,Active,0.818181818,TRUE
NC1(C(=O)NC(C(=O)O)c2ccc(Br)cc2)CCN(c2ncnc3[nH]ccc23)CC1,NC1(C(=O)NC(C(=O)O)c2ccc(Br)cc2)CCN(c2ncnc3[nH]ccc23)CC1,7.707092734,0.850425327,Active,0.783333333,TRUE
COc1ccc(-c2nc3c(C)nc(N)nc3n(C3CCNCC3)c2=O)cn1,COc1ccc(-c2nc3c(C)nc(N)nc3n(C3CCNCC3)c2=O)cn1,7.656284635,0.850493753,Active,0.8,TRUE
Clc1cc2nc(-c3ccc(CN4CC(c5n[nH]c(-c6ccccn6)n5)C4)cc3)c(-c3ccncc3)cn2c1,Clc1cc2nc(-c3ccc(CN4CC(c5n[nH]c(-c6ccccn6)n5)C4)cc3)c(-c3ccncc3)cn2c1,7.28502965,0.85052129,Active,0.657894737,TRUE
COc1c(N)ncnc1N1CCC(c2nc(-c3cc(Cl)ccc3F)cn2CC2CNC2)CC1,COc1c(N)ncnc1N1CCC(c2nc(-c3cc(Cl)ccc3F)cn2CC2CNC2)CC1,7.881942367,0.85053637,Active,0.76,TRUE
NC1(C(=O)NC(Cc2ccccc2)C(=O)Nc2ccc(Br)cc2)CCN(c2ncnc3[nH]ccc23)CC1,NC1(C(=O)NC(Cc2ccccc2)C(=O)Nc2ccc(Br)cc2)CCN(c2ncnc3[nH]ccc23)CC1,7.571508047,0.850668871,Active,0.625,TRUE
NC(COc1cncc(-c2ccc3[nH]ncc3c2)c1)Cc1ccc(C(F)(F)F)c(F)c1,NC(COc1cncc(-c2ccc3[nH]ncc3c2)c1)Cc1ccc(C(F)(F)F)c(F)c1,7.659916474,0.850677872,Active,0.731343284,TRUE
NC1(CNC(=O)c2cc(F)c(F)cc2F)CCN(c2ncnc3[nH]cc(Cl)c23)CC1,NC1(CNC(=O)c2cc(F)c(F)cc2F)CCN(c2ncnc3[nH]cc(Cl)c23)CC1,7.529570655,0.850696886,Active,0.742424242,TRUE
Cc1ccc(-c2cn(CCNc3cccc(F)c3)c(C3CCN(c4ncnc(N)c4C#N)CC3)n2)cc1F,Cc1ccc(-c2cn(CCNc3cccc(F)c3)c(C3CCN(c4ncnc(N)c4C#N)CC3)n2)cc1F,7.702633405,0.850752556,Active,0.7375,TRUE
CNC(=O)CCn1cc(-c2ccc(F)c(C)c2)nc1C1CCN(c2ncnc(N)c2Br)CC1,CNC(=O)CCn1cc(-c2ccc(F)c(C)c2)nc1C1CCN(c2ncnc(N)c2Br)CC1,8.167903968,0.850759053,Active,0.746666667,TRUE
Cc1cccc(C2CCNCC2NC(=O)c2ccc(-c3c(Cl)cnn3C)s2)n1,Cc1cccc(C2CCNCC2NC(=O)c2ccc(-c3c(Cl)cnn3C)s2)n1,8.278058177,0.850783312,Active,0.746268657,TRUE
Nc1ncnc(N2CCC(c3nc(-c4cnc(Br)c(F)c4)cn3CCN3CCC3)CC2)c1Br,Nc1ncnc(N2CCC(c3nc(-c4cnc(Br)c(F)c4)cn3CCN3CCC3)CC2)c1Br,8.096177345,0.850845778,Active,0.779411765,TRUE
NC1(C(=O)NCc2c(Cl)cnc(Cl)c2F)CCN(c2ncnc3[nH]ccc23)CC1,NC1(C(=O)NCc2c(Cl)cnc(Cl)c2F)CCN(c2ncnc3[nH]ccc23)CC1,7.535927961,0.850895548,Active,0.6875,TRUE
O=C(N1CCN(c2ncnc3[nH]cc(Cl)c23)CC1)C1(c2cccnc2)CC1,O=C(N1CCN(c2ncnc3[nH]cc(Cl)c23)CC1)C1(c2cccnc2)CC1,7.567394235,0.850980186,Active,0.671875,TRUE
Cc1cc(-c2cn(CCN(C)C)c(C3CCN(c4ncncc4C)CC3)n2)ccc1F,Cc1cc(-c2cn(CCN(C)C)c(C3CCN(c4ncncc4C)CC3)n2)ccc1F,7.735824562,0.851047838,Active,0.732394366,TRUE
CCOCCn1cc(-c2ccc(F)c(C)c2)nc1C1CCN(c2ncnc(N)c2Br)CC1,CCOCCn1cc(-c2ccc(F)c(C)c2)nc1C1CCN(c2ncnc(N)c2Br)CC1,7.836941839,0.851069474,Active,0.777777778,TRUE
Cc1cc(-c2cn(CCNC3CCC3)c(C3CCN(c4ncnc(N)c4F)CC3)n2)ccc1F,Cc1cc(-c2cn(CCNC3CCC3)c(C3CCN(c4ncnc(N)c4F)CC3)n2)ccc1F,8.010804438,0.851251328,Active,0.8,TRUE
CCNCCn1cc(-c2ccnc(C(F)(F)F)c2)nc1C1CCN(c2ncnc(N)c2CC)CC1,CCNCCn1cc(-c2ccnc(C(F)(F)F)c2)nc1C1CCN(c2ncnc(N)c2CC)CC1,8.432146365,0.851274455,Active,0.873239437,TRUE
CCN(CC)CCNC(=O)c1cc(Br)c(-c2ccnc3[nH]ccc23)s1,CCN(CC)CCNC(=O)c1cc(Br)c(-c2ccnc3[nH]ccc23)s1,7.7979689,0.851346815,Active,0.611940299,TRUE
NCCn1cc(-c2ccnc(C(F)(F)F)c2)nc1C1CCN(c2ncnc(N)c2Br)CC1,NCCn1cc(-c2ccnc(C(F)(F)F)c2)nc1C1CCN(c2ncnc(N)c2Br)CC1,8.406201045,0.851348305,Active,0.838235294,TRUE
NC1(CNC(=O)c2ccc(F)cc2F)CCN(c2ncnc3[nH]cc(C4CCCC4)c23)C1,NC1(CNC(=O)c2ccc(F)cc2F)CCN(c2ncnc3[nH]cc(C4CCCC4)c23)C1,7.678444521,0.851391816,Active,0.76056338,TRUE
CCN(CCO)CCn1cc(-c2ccc(F)c(C(F)(F)F)c2)nc1C1CCN(c2ncnc(N)c2Cl)CC1,CCN(CCO)CCn1cc(-c2ccc(F)c(C(F)(F)F)c2)nc1C1CCN(c2ncnc(N)c2Cl)CC1,7.825988892,0.851655805,Active,0.725,TRUE
Cc1ccc(-c2cn(CCNC(C)C)c(C3CCN(c4ncnc(N)c4F)CC3)n2)cc1F,Cc1ccc(-c2cn(CCNC(C)C)c(C3CCN(c4ncnc(N)c4F)CC3)n2)cc1F,7.548231305,0.851777518,Active,0.727272727,TRUE
CC(=O)c1ccc(-c2cn(CCN3CCCC3)c(C3CCN(c4ncnc(N)c4F)CC3)n2)cc1F,CC(=O)c1ccc(-c2cn(CCN3CCCC3)c(C3CCN(c4ncnc(N)c4F)CC3)n2)cc1F,7.548345273,0.85185715,Active,0.72,TRUE
CNC(=O)C(Cc1ccc(Br)cc1)NC(=O)C1(N)CCN(c2ncnc3[nH]ccc23)CC1,CNC(=O)C(Cc1ccc(Br)cc1)NC(=O)C1(N)CCN(c2ncnc3[nH]ccc23)CC1,7.649314321,0.851880336,Active,0.696969697,TRUE
NC1(C(=O)NCc2c(F)ccc(Cl)c2F)CCN(c2ncnc3[nH]ccc23)CC1,NC1(C(=O)NCc2c(F)ccc(Cl)c2F)CCN(c2ncnc3[nH]ccc23)CC1,7.540581835,0.8519068,Active,0.725806452,TRUE
Cn1ncc(Br)c1-c1ccc(C(=O)NC2CNCCC2c2cccc(C(F)F)c2)s1,Cn1ncc(Br)c1-c1ccc(C(=O)NC2CNCCC2c2cccc(C(F)F)c2)s1,8.034802809,0.851949716,Active,0.826086957,TRUE
Cn1nccc1-c1ccc(C(=O)NC2CNCCC2c2ccccc2)s1,Cn1nccc1-c1ccc(C(=O)NC2CNCCC2c2ccccc2)s1,7.647784871,0.85201534,Active,0.830508475,TRUE
Cn1c(CC(=O)N2CCc3c(Cl)cccc32)nc(N2CCOCC2)c(OCc2ccc(F)c(Cl)c2)c1=O,Cn1c(CC(=O)N2CCc3c(Cl)cccc32)nc(N2CCOCC2)c(OCc2ccc(F)c(Cl)c2)c1=O,7.524624563,0.852080131,Active,0.623376623,TRUE
O=C(N1CCN(c2ncnc3cccc(F)c23)CC1)C1(c2ccc(Cl)c(Cl)c2)CCNCC1,O=C(N1CCN(c2ncnc3cccc(F)c23)CC1)C1(c2ccc(Cl)c(Cl)c2)CCNCC1,7.273773444,0.852228963,Active,0.686567164,TRUE
O=C(NC1CNCCC1c1ccc(F)c(F)c1)c1ccc2c(c1)OCCn1cccc1-2,O=C(NC1CNCCC1c1ccc(F)c(F)c1)c1ccc2c(c1)OCCn1cccc1-2,7.953314064,0.852262163,Active,0.768115942,TRUE
CCN(C)CCn1cc(-c2ccc(F)c(C(F)(F)F)c2)nc1C1CCN(c2ncnc(N)c2C(N)=O)CC1,CCN(C)CCn1cc(-c2ccc(F)c(C(F)(F)F)c2)nc1C1CCN(c2ncnc(N)c2C(N)=O)CC1,7.597814617,0.852317476,Active,0.884615385,TRUE
O=C(Cc1nc(N2CCOCC2)cc(=O)n1C1c2ccccc2-c2ccccc21)N1CCc2c(Cl)cccc21,O=C(Cc1nc(N2CCOCC2)cc(=O)n1C1c2ccccc2-c2ccccc21)N1CCc2c(Cl)cccc21,7.325867717,0.852420712,Active,0.779411765,TRUE
COc1c(N)ncnc1N1CCC(c2nc(-c3cc(F)c(Cl)c(F)c3)cn2CCN2CCC2)CC1,COc1c(N)ncnc1N1CCC(c2nc(-c3cc(F)c(Cl)c(F)c3)cn2CCN2CCC2)CC1,7.695899661,0.852500522,Active,0.746666667,TRUE
CCc1nc(C(=O)NC2CNCCC2c2ccc(F)c(F)c2)sc1-c1c(Br)cnn1C,CCc1nc(C(=O)NC2CNCCC2c2ccc(F)c(F)c2)sc1-c1c(Br)cnn1C,7.685223841,0.852530742,Active,0.689189189,TRUE
CC(C)Oc1c(N)ncnc1N1CCC(c2nc(-c3ccc(F)c(O)c3)cn2CCN(C)C)CC1,CC(C)Oc1c(N)ncnc1N1CCC(c2nc(-c3ccc(F)c(O)c3)cn2CCN(C)C)CC1,7.925175627,0.852648938,Active,0.851351351,TRUE
O=C(Nc1nc2ccc(-c3cnc(Cl)c(NS(=O)(=O)c4ccccc4F)c3)cc2s1)C1CC1,O=C(Nc1nc2ccc(-c3cnc(Cl)c(NS(=O)(=O)c4ccccc4F)c3)cc2s1)C1CC1,7.876888038,0.852763915,Active,0.818181818,TRUE
Nc1ncnc(N2CCC(c3nc(-c4cncc(Cl)c4)cn3CCN3CCC3)CC2)c1Br,Nc1ncnc(N2CCC(c3nc(-c4cncc(Cl)c4)cn3CCN3CCC3)CC2)c1Br,8.127135183,0.852858925,Active,0.797101449,TRUE
NC(=O)C1(C(=O)NCc2cnc(Cl)c(Cl)c2)CCN(c2ncnc3[nH]ccc23)CC1,NC(=O)C1(C(=O)NCc2cnc(Cl)c(Cl)c2)CCN(c2ncnc3[nH]ccc23)CC1,7.690598163,0.852960253,Active,0.636363636,TRUE
O=CC(NC(=O)c1cc(Br)c(-c2ccnc3[nH]ccc23)s1)c1cccc(F)c1,O=CC(NC(=O)c1cc(Br)c(-c2ccnc3[nH]ccc23)s1)c1cccc(F)c1,7.661169514,0.853001916,Active,0.666666667,TRUE
Cc1cc(-c2cn(CC3CNC3)c(C3CCN(c4ncncc4C#N)CC3)n2)ccc1F,Cc1cc(-c2cn(CC3CNC3)c(C3CCN(c4ncncc4C#N)CC3)n2)ccc1F,7.578697472,0.853041732,Active,0.75,TRUE
Cc1c(N2CCOCC2)nc(CC(=O)N2c3cccc(F)c3CC2C)n1C,Cc1c(N2CCOCC2)nc(CC(=O)N2c3cccc(F)c3CC2C)n1C,7.434064495,0.853055799,Active,0.80952381,TRUE
Cn1ncc(Br)c1-c1sc(C(=O)NC2CNCCC2c2ccc(F)cc2F)cc1Br,Cn1ncc(Br)c1-c1sc(C(=O)NC2CNCCC2c2ccc(F)cc2F)cc1Br,7.896134651,0.853058243,Active,0.631578947,TRUE
Cc1ccc(-c2cn(CCN3CCCC3)c(C3CCN(c4ncnc(N)c4F)CC3)n2)cc1F,Cc1ccc(-c2cn(CCN3CCCC3)c(C3CCN(c4ncnc(N)c4F)CC3)n2)cc1F,7.313786699,0.853141093,Active,0.788732394,TRUE
Cn1nccc1-c1cc(F)c(C(=O)NC2CNCCC2c2cccc(F)c2)cc1F,Cn1nccc1-c1cc(F)c(C(=O)NC2CNCCC2c2cccc(F)c2)cc1F,7.918041325,0.85325613,Active,0.825396825,TRUE
Cc1cc(-c2cn(CCN(C)C)c(C3CCN(c4cc(C(N)=O)ncn4)CC3)n2)ccc1F,Cc1cc(-c2cn(CCN(C)C)c(C3CCN(c4cc(C(N)=O)ncn4)CC3)n2)ccc1F,7.886002412,0.853283727,Active,0.746666667,TRUE
CC(CCC(=O)NCc1ccc(Cl)cc1)C(=O)N1CCN(c2ncnc3[nH]cc(Cl)c23)CC1,CC(CCC(=O)NCc1ccc(Cl)cc1)C(=O)N1CCN(c2ncnc3[nH]cc(Cl)c23)CC1,7.602359055,0.853336477,Active,0.676923077,TRUE
CN(C)C(=O)C(Cc1ccc(Cl)cc1)NC(=O)C1(N)CCN(c2ncnc3[nH]ccc23)CC1,CN(C)C(=O)C(Cc1ccc(Cl)cc1)NC(=O)C1(N)CCN(c2ncnc3[nH]ccc23)CC1,7.528185195,0.853353047,Active,0.704225352,TRUE
O=C(NCCN1CCCC1)c1cc(Br)c(-c2ccnc3[nH]ccc23)s1,O=C(NCCN1CCCC1)c1cc(Br)c(-c2ccnc3[nH]ccc23)s1,7.899031009,0.853366935,Active,0.602941176,TRUE
Nc1ncnc(N2CCC(c3nc(-c4cccc(C(F)(F)F)c4)cn3CCN3CCC3)CC2)c1Cl,Nc1ncnc(N2CCC(c3nc(-c4cccc(C(F)(F)F)c4)cn3CCN3CCC3)CC2)c1Cl,8.172099843,0.853367293,Active,0.805555556,TRUE
COC1CCN(c2cnc(C(=O)Nc3csc(-c4nc(C)nn4C)n3)cc2-n2cnc(C3CC3)c2)CC1,COC1CCN(c2cnc(C(=O)Nc3csc(-c4nc(C)nn4C)n3)cc2-n2cnc(C3CC3)c2)CC1,8.048378595,0.853375936,Active,0.756097561,TRUE
CC(C)NCCn1cc(-c2cnc(F)c(Cl)c2)nc1C1CCN(c2ncnc(N)c2C(F)(F)F)CC1,CC(C)NCCn1cc(-c2cnc(F)c(Cl)c2)nc1C1CCN(c2ncnc(N)c2C(F)(F)F)CC1,8.104367181,0.853383446,Active,0.607142857,TRUE
Cn1ncc(Br)c1-c1ccc(C(=O)NC2CNCC2c2cccc(Br)c2)s1,Cn1ncc(Br)c1-c1ccc(C(=O)NC2CNCC2c2cccc(Br)c2)s1,7.804991718,0.853450322,Active,0.724637681,TRUE
Cc1csc2c(N3CCN(C(=O)C4(c5ccc(Br)cc5)CCNCC4)CC3)ncnc12,Cc1csc2c(N3CCN(C(=O)C4(c5ccc(Br)cc5)CCNCC4)CC3)ncnc12,7.129614168,0.853451872,Active,0.611940299,TRUE
NC1(C(=O)NC(=O)c2ccc(Cl)cc2F)CCN(c2ncnc3[nH]ccc23)CC1,NC1(C(=O)NC(=O)c2ccc(Cl)cc2F)CCN(c2ncnc3[nH]ccc23)CC1,7.434620551,0.853582704,Active,0.630769231,TRUE
CCOc1cc(-c2cn(CCN3CCC3)c(C3CCN(c4ncnc(N)c4Cl)CC3)n2)ccc1C,CCOc1cc(-c2cn(CCN3CCC3)c(C3CCN(c4ncnc(N)c4Cl)CC3)n2)ccc1C,7.852193096,0.853669906,Active,0.702702703,TRUE
CC(NC(=O)C(Cc1ccsc1)NC(=O)C1(N)CCN(c2ncnc3[nH]ccc23)CC1)c1ccc(F)cc1,CC(NC(=O)C(Cc1ccsc1)NC(=O)C1(N)CCN(c2ncnc3[nH]ccc23)CC1)c1ccc(F)cc1,7.664959771,0.853678131,Active,0.722222222,TRUE
NC(=O)c1cccc2c(NC(CN3CCC3)c3cccc(Br)c3)ncnc12,NC(=O)c1cccc2c(NC(CN3CCC3)c3cccc(Br)c3)ncnc12,7.730041445,0.853727961,Active,0.8,TRUE
O=C(NCc1ccc(Cl)c(Cl)c1)N1CCN(c2ncnc3[nH]cc(Cl)c23)CC1,O=C(NCc1ccc(Cl)c(Cl)c1)N1CCN(c2ncnc3[nH]cc(Cl)c23)CC1,7.511542278,0.853744054,Active,0.634920635,TRUE
NC1(CNC(=O)c2cc(F)cc(F)c2F)CCN(c2ncnc3[nH]cc(Cl)c23)CC1,NC1(CNC(=O)c2cc(F)cc(F)c2F)CCN(c2ncnc3[nH]cc(Cl)c23)CC1,7.505548729,0.853758299,Active,0.735294118,TRUE
Cc1cc(-c2cc(OCC(N)Cc3c[nH]c4ccccc34)cnc2-c2ccoc2)nn1C,Cc1cc(-c2cc(OCC(N)Cc3c[nH]c4ccccc34)cnc2-c2ccoc2)nn1C,7.852627301,0.853838348,Active,0.717948718,TRUE
O=C(Nc1csc(-c2nncn2C2CC2)n1)c1cc(-n2cnc(C3CC3)c2)c(F)cn1,O=C(Nc1csc(-c2nncn2C2CC2)n1)c1cc(-n2cnc(C3CC3)c2)c(F)cn1,7.913552963,0.853987777,Active,0.797297297,TRUE
COc1cc(N2CCC(c3nc(-c4ccc(F)c(C)c4)cn3CCNC(C)C)CC2)ncn1,COc1cc(N2CCC(c3nc(-c4ccc(F)c(C)c4)cn3CCNC(C)C)CC2)ncn1,7.69792616,0.854043627,Active,0.654320988,TRUE
COc1nn2c(-c3ccccc3)c(-c3ccc(C4(N)CCC4)cc3)nc2cc1C(N)=O,COc1nn2c(-c3ccccc3)c(-c3ccc(C4(N)CCC4)cc3)nc2cc1C(N)=O,7.573025575,0.854226196,Active,0.661290323,TRUE
CNC(=O)c1cc(-c2ccnn2C)c2nc(-c3ccc(C4(N)CCC4)cc3)c(-c3ccccc3)n2n1,CNC(=O)c1cc(-c2ccnn2C)c2nc(-c3ccc(C4(N)CCC4)cc3)c(-c3ccccc3)n2n1,7.572895798,0.854317689,Active,0.72972973,TRUE
Cn1nc(-c2ccc(C(=O)NC3CNCCC3c3cccc(F)c3)s2)cc1C1CC1,Cn1nc(-c2ccc(C(=O)NC3CNCCC3c3cccc(F)c3)s2)cc1C1CC1,7.652415847,0.854323053,Active,0.714285714,TRUE
Cc1cc(-c2cn(CCN3CCC3)c(C3CCN(c4ncncc4F)CC3)n2)ccc1F,Cc1cc(-c2cn(CCN3CCC3)c(C3CCN(c4ncncc4F)CC3)n2)ccc1F,7.608589673,0.854547167,Active,0.742857143,TRUE
O=C(Cc1ccc(Cl)c(Cl)c1)N1CCN(c2ncnc3[nH]cc(Cl)c23)CC1,O=C(Cc1ccc(Cl)c(Cl)c1)N1CCN(c2ncnc3[nH]cc(Cl)c23)CC1,7.954444784,0.854554856,Active,0.661016949,TRUE
Nc1ncnc(N2CCC(c3nc(-c4ccc(F)c(C(F)(F)F)c4)cn3CCNCCO)C(F)C2)c1F,Nc1ncnc(N2CCC(c3nc(-c4ccc(F)c(C(F)(F)F)c4)cn3CCNCCO)C(F)C2)c1F,8.09811532,0.854667091,Active,0.703703704,TRUE
COc1ccc(-c2cn(CC3CNC3)c(C3CCN(c4ncnc(N)c4Br)CC3)n2)cc1F,COc1ccc(-c2cn(CC3CNC3)c(C3CCN(c4ncnc(N)c4Br)CC3)n2)cc1F,7.598683818,0.854687178,Active,0.705128205,TRUE
CC1Cc2c(Br)cc(Br)cc2N1C(=O)Cc1nc(N2CCOCC2)cc(=O)n1C,CC1Cc2c(Br)cc(Br)cc2N1C(=O)Cc1nc(N2CCOCC2)cc(=O)n1C,7.520264567,0.854877079,Active,0.80952381,TRUE
NC(=O)COc1cc(-c2cn(CCN3CCC3)c(C3CCN(c4ncnc(N)c4Br)CC3)n2)ccc1F,NC(=O)COc1cc(-c2cn(CCN3CCC3)c(C3CCN(c4ncnc(N)c4Br)CC3)n2)ccc1F,8.093833385,0.85493269,Active,0.746666667,TRUE
Cc1c(C(=O)NC2CNCCC2c2ccc(F)c(F)c2)cccc1-c1ccnn1C,Cc1c(C(=O)NC2CNCCC2c2ccc(F)c(F)c2)cccc1-c1ccnn1C,7.623201199,0.8549371,Active,0.772727273,TRUE
N#Cc1cc(-c2cn(CCN3CCCC3)c(C3CCN(c4ncnc(N)c4Cl)CC3)n2)ccn1,N#Cc1cc(-c2cn(CCN3CCCC3)c(C3CCN(c4ncnc(N)c4Cl)CC3)n2)ccn1,8.082230847,0.854953015,Active,0.753424658,TRUE
Cc1[nH]nc2ncc(-c3cccc(OCC(N)Cc4cccc(F)c4F)c3)cc12,Cc1[nH]nc2ncc(-c3cccc(OCC(N)Cc4cccc(F)c4F)c3)cc12,7.291268214,0.855000818,Active,0.636363636,TRUE
CCOc1c(N)ncnc1N1CCC(c2nc(-c3ccc(F)c(C(F)(F)F)c3)cn2CCNCCOC)C(F)C1,CCOc1c(N)ncnc1N1CCC(c2nc(-c3ccc(F)c(C(F)(F)F)c3)cn2CCNCCOC)C(F)C1,8.065298024,0.855025852,Active,0.779069767,TRUE
CCc1c(N)ncnc1N1CCC(c2nc(-c3cc(Cl)ccc3OC(F)F)cn2CCNC)CC1,CCc1c(N)ncnc1N1CCC(c2nc(-c3cc(Cl)ccc3OC(F)F)cn2CCNC)CC1,8.001120105,0.855063283,Active,0.611764706,TRUE
O=C(NCCC1CCN(c2ncnc3[nH]cc(Cl)c23)CC1)c1ccc(F)cc1F,O=C(NCCC1CCN(c2ncnc3[nH]cc(Cl)c23)CC1)c1ccc(F)cc1F,7.362194333,0.855102205,Active,0.652777778,TRUE
Cn1ncc(Cl)c1-c1cc(C(=O)NC(CCN)c2ccc(F)c(F)c2)oc1Cl,Cn1ncc(Cl)c1-c1cc(C(=O)NC(CCN)c2ccc(F)c(F)c2)oc1Cl,7.884249664,0.855116212,Active,0.701492537,TRUE
Cn1ncc(Br)c1-c1sc(C(=O)NC2CNCCC2c2cccc(F)c2)nc1C1CC1,Cn1ncc(Br)c1-c1sc(C(=O)NC2CNCCC2c2cccc(F)c2)nc1C1CC1,8.178669783,0.855121875,Active,0.697368421,TRUE
Cc1c[nH]c2ncnc(N3CCC(N)(C(=O)NCc4ccc(F)cc4)C3)c12,Cc1c[nH]c2ncnc(N3CCC(N)(C(=O)NCc4ccc(F)cc4)C3)c12,7.475942527,0.855171883,Active,0.656716418,TRUE
Nc1[nH]nc2ccc(-c3cncc(OCC(N)Cc4c(F)ccc(F)c4F)c3)cc12,Nc1[nH]nc2ccc(-c3cncc(OCC(N)Cc4c(F)ccc(F)c4F)c3)cc12,7.425571364,0.855228388,Active,0.615384615,TRUE
NC(COc1cncc(-c2ccc3[nH]ncc3c2)c1)Cc1ccc(Cl)c(F)c1,NC(COc1cncc(-c2ccc3[nH]ncc3c2)c1)Cc1ccc(Cl)c(F)c1,7.844493303,0.855230176,Active,0.723076923,TRUE
Cc1[nH]nc2ccc(-c3cncc(OCC(N)Cc4ccc(C(F)(F)F)cc4)c3)nc12,Cc1[nH]nc2ccc(-c3cncc(OCC(N)Cc4ccc(C(F)(F)F)cc4)c3)nc12,7.459741096,0.855238283,Active,0.671641791,TRUE
O=C(NC1CN(c2ncnc3[nH]ccc23)C1)C1(c2ccc(Br)cc2)CC1,O=C(NC1CN(c2ncnc3[nH]ccc23)C1)C1(c2ccc(Br)cc2)CC1,7.284955602,0.855247045,Active,0.619047619,TRUE
O=C(NCC1CCOCC1)c1cc(Br)c(-c2ccnc3[nH]ccc23)s1,O=C(NCC1CCOCC1)c1cc(Br)c(-c2ccnc3[nH]ccc23)s1,7.767675287,0.855252945,Active,0.605633803,TRUE
NC(=O)C(NC(=O)c1cc(Br)c(-c2ccnc3[nH]ccc23)s1)C1CC1,NC(=O)C(NC(=O)c1cc(Br)c(-c2ccnc3[nH]ccc23)s1)C1CC1,7.863101371,0.855314755,Active,0.647058824,TRUE
Cc1[nH]nc2ccc(-c3cncc(OCC(N)Cc4cc(F)cc(-c5ccccc5)c4)c3)cc12,Cc1[nH]nc2ccc(-c3cncc(OCC(N)Cc4cc(F)cc(-c5ccccc5)c4)c3)cc12,7.504867351,0.855418885,Active,0.637681159,TRUE
CCC(NC(=O)c1cc(Br)c(-c2ccnc3[nH]ccc23)s1)C(=O)CO,CCC(NC(=O)c1cc(Br)c(-c2ccnc3[nH]ccc23)s1)C(=O)CO,7.63217695,0.855422759,Active,0.636363636,TRUE
Cn1nccc1-c1ccc(OC2CCC2)c(C(=O)NC2CNCCC2c2ccc(F)c(F)c2)c1,Cn1nccc1-c1ccc(OC2CCC2)c(C(=O)NC2CNCCC2c2ccc(F)c(F)c2)c1,7.824615803,0.855438912,Active,0.779411765,TRUE
O=C(N1CCN(c2ncnc3ccc(F)cc23)CC1)C1(c2ccc(Cl)c(Cl)c2)CCNCC1,O=C(N1CCN(c2ncnc3ccc(F)cc23)CC1)C1(c2ccc(Cl)c(Cl)c2)CCNCC1,7.374295422,0.855471516,Active,0.647058824,TRUE
CCc1cc(-c2cn(CCN3CCC3)c(C3CCN(c4ncnc(N)c4Cl)CC3)n2)ccn1,CCc1cc(-c2cn(CCN3CCC3)c(C3CCN(c4ncnc(N)c4Cl)CC3)n2)ccn1,8.379714776,0.85558393,Active,0.791666667,TRUE
O=C(N1CCN(c2ncnc3ccc(F)cc23)CC1)C1(c2ccc(Cl)cc2)CCNCC1,O=C(N1CCN(c2ncnc3ccc(F)cc23)CC1)C1(c2ccc(Cl)cc2)CCNCC1,7.248720932,0.855786467,Active,0.671875,TRUE
CCCOCCC(NC(=O)C1(N)CCN(c2ncnc3[nH]ccc23)CC1)c1ccc(F)cc1,CCCOCCC(NC(=O)C1(N)CCN(c2ncnc3[nH]ccc23)CC1)c1ccc(F)cc1,7.631709142,0.855862641,Active,0.712328767,TRUE
NC(=O)c1cc(Br)cn2c(-c3ccccc3)c(-c3ccc(C4(N)CCC4)cc3)nc12,NC(=O)c1cc(Br)cn2c(-c3ccccc3)c(-c3ccc(C4(N)CCC4)cc3)nc12,7.593350411,0.855881357,Active,0.793103448,TRUE
CNCCn1cc(-c2ccc(F)c(C)c2)nc1C1CCN(c2ncnc(N)c2F)CC1,CNCCn1cc(-c2ccc(F)c(C)c2)nc1C1CCN(c2ncnc(N)c2F)CC1,7.989678577,0.856077814,Active,0.814285714,TRUE
O=C(Cc1ccccc1)N1CCN(c2ncnc3[nH]cc(Br)c23)CC1,O=C(Cc1ccccc1)N1CCN(c2ncnc3[nH]cc(Br)c23)CC1,7.321590538,0.856104457,Active,0.811320755,TRUE
COc1ccccc1-c1cn(CCN2CCCC2)c(C2CCN(c3ncnc(N)c3Cl)CC2)n1,COc1ccccc1-c1cn(CCN2CCCC2)c(C2CCN(c3ncnc(N)c3Cl)CC2)n1,7.655271069,0.856248879,Active,0.7,TRUE
NC1(c2ccc(-c3nc4ccc(Cl)nn4c3-c3ccccc3)cc2)CC(O)(C2CC2)C1,NC1(c2ccc(-c3nc4ccc(Cl)nn4c3-c3ccccc3)cc2)CC(O)(C2CC2)C1,7.198261805,0.856285477,Active,0.696428571,TRUE
Nc1ncnc(N2CCC(c3nc(-c4ccccc4F)cn3CCN3CCCC3)CC2)c1Cl,Nc1ncnc(N2CCC(c3nc(-c4ccccc4F)cn3CCN3CCCC3)CC2)c1Cl,7.977916017,0.856389606,Active,0.757575758,TRUE
CN(C)CCn1cc(-c2cc(F)cc(F)c2)nc1C1CCN(c2ncnc(N)c2Br)CC1,CN(C)CCn1cc(-c2cc(F)cc(F)c2)nc1C1CCN(c2ncnc(N)c2Br)CC1,7.93402232,0.856544876,Active,0.746478873,TRUE
O=C(NC1CNCCC1c1ccc(F)cn1)c1cc2c(s1)OCCn1ncc(Br)c1-2,O=C(NC1CNCCC1c1ccc(F)cn1)c1cc2c(s1)OCCn1ncc(Br)c1-2,8.976252744,0.85658952,Active,0.753246753,TRUE
O=C(Cc1ccc(F)c(Cl)c1)N1CCN(c2ncnc3[nH]cc(Cl)c23)CC1,O=C(Cc1ccc(F)c(Cl)c1)N1CCN(c2ncnc3[nH]cc(Cl)c23)CC1,7.911736798,0.856755936,Active,0.655737705,TRUE
Nc1[nH]nc2ccc(-c3cncc(OCC(N)Cc4cccc(F)c4F)c3)cc12,Nc1[nH]nc2ccc(-c3cncc(OCC(N)Cc4cccc(F)c4F)c3)cc12,7.5185629,0.856805646,Active,0.741935484,TRUE
O=C(NCC1CCN(C2CCCC2)CC1)c1cc(Br)c(-c2ccnc3[nH]ccc23)s1,O=C(NCC1CCN(C2CCCC2)CC1)c1cc(Br)c(-c2ccnc3[nH]ccc23)s1,7.756472951,0.856833184,Active,0.608108108,TRUE
COc1c(N)ncnc1N1CCC(c2nc(-c3ccnc(Cl)c3)cn2CCNC2CCCC2)CC1,COc1c(N)ncnc1N1CCC(c2nc(-c3ccnc(Cl)c3)cn2CCNC2CCCC2)CC1,7.950197489,0.856933022,Active,0.634146341,TRUE
NC(=O)CCn1cc(-c2ccc(F)c(Cl)c2)nc1C1CCN(c2ncnc(N)c2Br)CC1,NC(=O)CCn1cc(-c2ccc(F)c(Cl)c2)nc1C1CCN(c2ncnc(N)c2Br)CC1,7.758359692,0.856937611,Active,0.777777778,TRUE
C=Cc1c(N)ncnc1N1CCC(c2nc(-c3ccc(F)c(OC)c3)cn2CCN2CCC2)CC1,C=Cc1c(N)ncnc1N1CCC(c2nc(-c3ccc(F)c(OC)c3)cn2CCN2CCC2)CC1,8.220131244,0.856948161,Active,0.813333333,TRUE
Nc1ncnc(N2CCC(c3nc(-c4cccc(S)c4)cn3CCN3CCCC3)CC2)c1Cl,Nc1ncnc(N2CCC(c3nc(-c4cccc(S)c4)cn3CCN3CCCC3)CC2)c1Cl,7.776947466,0.856968188,Active,0.820895522,TRUE
Cc1cnn(C)c1-c1ccc(C(=O)NC2CNCC2c2cccc(F)c2)s1,Cc1cnn(C)c1-c1ccc(C(=O)NC2CNCC2c2cccc(F)c2)s1,7.493330553,0.857022429,Active,0.859375,TRUE
CNC(=O)c1cc(Cl)c2nc(-c3ccc(C4(N)CCC4)cc3)c(-c3ccccc3)n2n1,CNC(=O)c1cc(Cl)c2nc(-c3ccc(C4(N)CCC4)cc3)c(-c3ccccc3)n2n1,7.635060069,0.85712775,Active,0.793650794,TRUE
Cn1ncc(Br)c1-c1ccc(C(=O)NC2CNCCC2c2cc(F)ccc2F)cc1,Cn1ncc(Br)c1-c1ccc(C(=O)NC2CNCCC2c2cc(F)ccc2F)cc1,7.195951907,0.857212925,Active,0.772727273,TRUE
Cc1c(N)ncnc1N1CCC(c2nc(-c3ccc(F)c(Cl)c3)cn2CC2CNC2)CC1,Cc1c(N)ncnc1N1CCC(c2nc(-c3ccc(F)c(Cl)c3)cn2CC2CNC2)CC1,7.765786595,0.857234204,Active,0.72,TRUE
Cn1nc(-c2c(F)cc(Cl)cc2C(=O)NC2CNCCC2c2ccc(F)c(F)c2)cc1C1CC1,Cn1nc(-c2c(F)cc(Cl)cc2C(=O)NC2CNCCC2c2ccc(F)c(F)c2)cc1C1CC1,7.410210814,0.857540393,Active,0.621621622,TRUE
Cc1ccccc1-n1c(CC(=O)N2c3cc(Cl)ccc3CC2C)nc(N2CCOCC2)cc1=O,Cc1ccccc1-n1c(CC(=O)N2c3cc(Cl)ccc3CC2C)nc(N2CCOCC2)cc1=O,7.509083521,0.857560599,Active,0.661971831,TRUE
Cn1ncc(Br)c1-c1sc(C(=O)NC2CNCCC2c2ccc(F)c(F)c2)cc1Br,Cn1ncc(Br)c1-c1sc(C(=O)NC2CNCCC2c2ccc(F)c(F)c2)cc1Br,7.989658408,0.85766151,Active,0.724637681,TRUE
Cc1cc(-c2cn(CCN3CCCC3)c(C3CCN(c4ncnc(N)c4C(=O)NCCO)CC3)n2)ccc1F,Cc1cc(-c2cn(CCN3CCCC3)c(C3CCN(c4ncnc(N)c4C(=O)NCCO)CC3)n2)ccc1F,7.370616086,0.857680285,Active,0.807692308,TRUE
CC(NC(=O)C1(N)CCN(c2ncnc3[nH]ccc23)CC1)c1ccc(Cl)c(Cl)c1,CC(NC(=O)C1(N)CCN(c2ncnc3[nH]ccc23)CC1)c1ccc(Cl)c(Cl)c1,7.91778909,0.85768851,Active,0.816666667,TRUE
Cn1c(CC(=O)N2CCc3cc(F)c(F)cc32)nc(N2CCOCC2)cc1=S,Cn1c(CC(=O)N2CCc3cc(F)c(F)cc32)nc(N2CCOCC2)cc1=S,7.351351907,0.857720339,Active,0.810344828,TRUE
O=C(Cc1nc(=S)cc(N2CCOCC2)[nH]1)N1CCc2c(Cl)cccc21,O=C(Cc1nc(=S)cc(N2CCOCC2)[nH]1)N1CCc2c(Cl)cccc21,7.849512416,0.857727432,Active,0.698412698,TRUE
O=C(Cc1nc(N2CCOCC2)cc(=O)n1C1CC1)N1CCc2c(-c3ccc(Cl)nn3)cccc21,O=C(Cc1nc(N2CCOCC2)cc(=O)n1C1CC1)N1CCc2c(-c3ccc(Cl)nn3)cccc21,7.445925868,0.857771242,Active,0.76056338,TRUE
N#Cc1[nH]nc2ccc(-c3cncc(OCC(N)Cc4ccc(F)cc4F)c3)cc12,N#Cc1[nH]nc2ccc(-c3cncc(OCC(N)Cc4ccc(F)cc4F)c3)cc12,7.296976533,0.85778656,Active,0.696969697,TRUE
NC(=O)CC(NC(=O)c1cc(Br)c(-c2ccnc3[nH]ccc23)s1)c1cccc(Cl)c1F,NC(=O)CC(NC(=O)c1cc(Br)c(-c2ccnc3[nH]ccc23)s1)c1cccc(Cl)c1F,7.939993855,0.857802236,Active,0.616438356,TRUE
CCN(CC)C(=O)c1cccc(-c2cn(CCN3CCCC3)c(C3CCN(c4ncnc(N)c4Br)CC3)n2)c1,CCN(CC)C(=O)c1cccc(-c2cn(CCN3CCCC3)c(C3CCN(c4ncnc(N)c4Br)CC3)n2)c1,7.84493959,0.857826316,Active,0.723684211,TRUE
CNCCn1cc(-c2ccc(F)c(C(F)(F)F)c2)nc1C1CCN(c2ncnc(N)c2OC)CC1,CNCCn1cc(-c2ccc(F)c(C(F)(F)F)c2)nc1C1CCN(c2ncnc(N)c2OC)CC1,8.342843217,0.857978427,Active,0.813333333,TRUE
NC(=O)CC(NC(=O)c1cc(Br)c(-c2ccnc3[nH]ccc23)s1)C1CCCCC1,NC(=O)CC(NC(=O)c1cc(Br)c(-c2ccnc3[nH]ccc23)s1)C1CCCCC1,8.04154945,0.858093941,Active,0.685714286,TRUE
NC(=O)CC(NC(=O)C1(N)CCN(c2ncnc3[nH]ccc23)CC1)c1cc(F)ccc1F,NC(=O)CC(NC(=O)C1(N)CCN(c2ncnc3[nH]ccc23)CC1)c1cc(F)ccc1F,7.711230681,0.858176255,Active,0.705882353,TRUE
Nc1ncnc(N2CCC(c3nc(-c4ccc(F)c(C(F)(F)F)c4)cn3CCC(=O)NC3CCCC3)CC2)c1Cl,Nc1ncnc(N2CCC(c3nc(-c4ccc(F)c(C(F)(F)F)c4)cn3CCC(=O)NC3CCCC3)CC2)c1Cl,7.879853383,0.858220243,Active,0.7375,TRUE
Nc1ncnc(N2CCC(c3nc(-c4ccc(F)cc4F)cn3CCN3CCCC3)CC2)c1Cl,Nc1ncnc(N2CCC(c3nc(-c4ccc(F)cc4F)cn3CCN3CCCC3)CC2)c1Cl,8.176432766,0.858280921,Active,0.787878788,TRUE
Cn1ncc(Cl)c1-c1ccc(C(=O)NC2CNCC2c2ccc(Br)cc2)s1,Cn1ncc(Cl)c1-c1ccc(C(=O)NC2CNCC2c2ccc(Br)cc2)s1,7.955045367,0.85829767,Active,0.734375,TRUE
Cn1nccc1-c1ccc(C(=O)NC2CNCCCC2c2ccc(F)cc2)s1,Cn1nccc1-c1ccc(C(=O)NC2CNCCCC2c2ccc(F)cc2)s1,7.855506227,0.858313107,Active,0.75,TRUE
N#Cc1cc(-c2cn(CCN3CCC3)c(C3CCN(c4ncnc(N)c4F)CC3)n2)ccc1C(F)(F)F,N#Cc1cc(-c2cn(CCN3CCC3)c(C3CCN(c4ncnc(N)c4F)CC3)n2)ccc1C(F)(F)F,7.866325027,0.858357751,Active,0.77027027,TRUE
Cc1cc(-c2cn(CCN3CCC3)c(C3CCN(c4cc(Br)ncn4)CC3)n2)ccc1F,Cc1cc(-c2cn(CCN3CCC3)c(C3CCN(c4cc(Br)ncn4)CC3)n2)ccc1F,7.976526462,0.858459198,Active,0.742857143,TRUE
Cc1cc(Cl)cc(Cl)c1CNC(=O)C1(N)CCN(c2ncnc3[nH]ccc23)CC1,Cc1cc(Cl)cc(Cl)c1CNC(=O)C1(N)CCN(c2ncnc3[nH]ccc23)CC1,7.612394154,0.85868957,Active,0.714285714,TRUE
Cn1nccc1-c1ccc(C(=O)NC2CNCCC2c2ccc(F)cc2)s1,Cn1nccc1-c1ccc(C(=O)NC2CNCCC2c2ccc(F)cc2)s1,7.59633798,0.858727479,Active,0.833333333,TRUE
Cn1ncc(-c2cc(C(=O)NC3CNCCC3c3cccc(CO)c3)oc2Cl)c1-c1ccccc1,Cn1ncc(-c2cc(C(=O)NC3CNCCC3c3cccc(CO)c3)oc2Cl)c1-c1ccccc1,7.475178972,0.858765209,Active,0.712328767,TRUE
NC1(C(=O)NC(C(=O)NCc2ccc(F)cc2)c2ccccc2Cl)CCN(c2ncnc3[nH]ccc23)CC1,NC1(C(=O)NC(C(=O)NCc2ccc(F)cc2)c2ccccc2Cl)CCN(c2ncnc3[nH]ccc23)CC1,7.62264174,0.858779037,Active,0.625,TRUE
Cc1oc(C(=O)NC2CNCCC2c2cccc(Cl)c2)cc1-c1c(Cl)cnn1C,Cc1oc(C(=O)NC2CNCCC2c2cccc(Cl)c2)cc1-c1c(Cl)cnn1C,7.685128901,0.858800018,Active,0.739130435,TRUE
O=C(N1CCN(c2ncnc3[nH]cc(Br)c23)CC1)C1(c2ccccc2)CCCC1,O=C(N1CCN(c2ncnc3[nH]cc(Br)c23)CC1)C1(c2ccccc2)CCCC1,7.417123717,0.858974659,Active,0.857142857,TRUE
CCN(CCO)CCn1cc(-c2ccnc(C(F)(F)F)c2)nc1C1CCN(c2ncnc(N)c2Br)CC1,CCN(CCO)CCn1cc(-c2ccnc(C(F)(F)F)c2)nc1C1CCN(c2ncnc(N)c2Br)CC1,8.103698569,0.859109366,Active,0.734177215,TRUE
Cc1cc(F)cc2c(N3CCN(C(=O)C4(c5ccc(Cl)c(Cl)c5)CCNCC4)CC3)ncnc12,Cc1cc(F)cc2c(N3CCN(C(=O)C4(c5ccc(Cl)c(Cl)c5)CCNCC4)CC3)ncnc12,7.40838501,0.859149659,Active,0.61971831,TRUE
Cn1ncc(Cl)c1-c1ccc(C(=O)NC2CNCCC2c2cccnc2)s1,Cn1ncc(Cl)c1-c1ccc(C(=O)NC2CNCCC2c2cccnc2)s1,8.081768857,0.859215164,Active,0.784615385,TRUE
COc1cc(-c2cn(CCN3CCC3)c(C3CCN(c4ncnc(N)c4Br)CC3)n2)ccc1Cl,COc1cc(-c2cn(CCN3CCC3)c(C3CCN(c4ncnc(N)c4Br)CC3)n2)ccc1Cl,7.983280635,0.859270537,Active,0.767123288,TRUE
COc1c(N)ncnc1N1CCC(c2nc(-c3ccc(F)c(C)c3)cn2CCN(C)C2COC2)CC1,COc1c(N)ncnc1N1CCC(c2nc(-c3ccc(F)c(C)c3)cn2CCN(C)C2COC2)CC1,7.973401662,0.859303558,Active,0.725,TRUE
O=C(Cc1nc(=O)c(Br)c(N2CCOCC2)[nH]1)N1CCc2c(Br)cccc21,O=C(Cc1nc(=O)c(Br)c(N2CCOCC2)[nH]1)N1CCc2c(Br)cccc21,7.907972492,0.859330857,Active,0.704918033,TRUE
CNC(=O)NCCn1cc(-c2ccc(F)c(C)c2)nc1C1CCN(c2ncnc(N)c2Br)CC1,CNC(=O)NCCn1cc(-c2ccc(F)c(C)c2)nc1C1CCN(c2ncnc(N)c2Br)CC1,8.516210381,0.859344447,Active,0.734177215,TRUE
Nc1ncnc(N2CCC(c3nc(-c4c(F)cccc4F)cn3CCN3CCCC3)CC2)c1Cl,Nc1ncnc(N2CCC(c3nc(-c4c(F)cccc4F)cn3CCN3CCCC3)CC2)c1Cl,7.957060328,0.859460557,Active,0.776119403,TRUE
CCn1c(-c2nonc2N)nc2c(C#CC(C)(C)O)nc(N3CCOCC3)cc21,CCn1c(-c2nonc2N)nc2c(C#CC(C)(C)O)nc(N3CCOCC3)cc21,7.755727548,0.859686518,Active,0.692307692,TRUE
Cc1c(N)ncnc1N1CCC(c2nc(-c3ccc(C=O)cc3F)cn2CCN2CCCC2)CC1,Cc1c(N)ncnc1N1CCC(c2nc(-c3ccc(C=O)cc3F)cn2CCN2CCCC2)CC1,7.682695732,0.859740937,Active,0.658227848,TRUE
NC(=O)C(Cc1ccc(Cl)cc1)NC(=O)C1(N)CCN(c2ncnc3[nH]ccc23)CC1,NC(=O)C(Cc1ccc(Cl)cc1)NC(=O)C1(N)CCN(c2ncnc3[nH]ccc23)CC1,7.668171788,0.859744036,Active,0.746031746,TRUE
O=C(N1CCN(c2ncnc3ccc(Cl)cc23)CC1)C1(c2ccc(Br)cc2)CCNCC1,O=C(N1CCN(c2ncnc3ccc(Cl)cc23)CC1)C1(c2ccc(Br)cc2)CCNCC1,7.136985313,0.859759712,Active,0.671875,TRUE
O=C(Cc1nc(=O)c(Br)c(N2CCOCC2)[nH]1)N1CCc2c(F)cccc21,O=C(Cc1nc(=O)c(Br)c(N2CCOCC2)[nH]1)N1CCc2c(F)cccc21,7.615611108,0.859760725,Active,0.6875,TRUE
CC(NC(=O)c1cc(Br)c(-c2ccnc3[nH]ccc23)s1)c1ccc(F)cc1,CC(NC(=O)c1cc(Br)c(-c2ccnc3[nH]ccc23)s1)c1ccc(F)cc1,7.573883804,0.85978266,Active,0.696969697,TRUE
Cn1ncc(Br)c1-c1ccc(C(=O)NC2CNCC2c2cccc(Cl)c2)s1,Cn1ncc(Br)c1-c1ccc(C(=O)NC2CNCC2c2cccc(Cl)c2)s1,8.044580958,0.859844947,Active,0.704225352,TRUE
O=C(NC1CNCCC1c1ccc(OC(F)F)nc1)c1cc2c(s1)CCCn1ncc(Br)c1-2,O=C(NC1CNCCC1c1ccc(OC(F)F)nc1)c1cc2c(s1)CCCn1ncc(Br)c1-2,9.454162783,0.859876657,Active,0.7375,TRUE
NC(CCc1ccc(Br)cc1)C(Cc1ccccc1)NC(=O)C1(N)CCN(c2ncnc3[nH]ccc23)CC1,NC(CCc1ccc(Br)cc1)C(Cc1ccccc1)NC(=O)C1(N)CCN(c2ncnc3[nH]ccc23)CC1,7.708470868,0.859907413,Active,0.626666667,TRUE
N#CCc1cc(-c2cn(CCN3CCC3)c(C3CCN(c4ncnc(N)c4C#N)CC3)n2)ccc1F,N#CCc1cc(-c2cn(CCN3CCC3)c(C3CCN(c4ncnc(N)c4C#N)CC3)n2)ccc1F,8.139435305,0.859924102,Active,0.845070423,TRUE
CNC(COc1cncc(-c2ccc3[nH]nc(C)c3c2)c1)Cc1c(F)cccc1F,CNC(COc1cncc(-c2ccc3[nH]nc(C)c3c2)c1)Cc1c(F)cccc1F,7.366773749,0.859953964,Active,0.770491803,TRUE
NC1(c2ccc(-c3nc4n(c3-c3ccc(F)cc3)COc3nccnc3-4)cc2)CC1,NC1(c2ccc(-c3nc4n(c3-c3ccc(F)cc3)COc3nccnc3-4)cc2)CC1,7.648165007,0.859987462,Active,0.655737705,TRUE
Cc1cc(N2CCC(c3nc(-c4ccc(F)c(C#N)c4)cn3CCN3CCC3)CC2)ncn1,Cc1cc(N2CCC(c3nc(-c4ccc(F)c(C#N)c4)cn3CCN3CCC3)CC2)ncn1,7.732022243,0.860083187,Active,0.643835616,TRUE
NC(COc1cncc(-c2ccc3[nH]ncc3c2)c1)Cc1ccccc1Cl,NC(COc1cncc(-c2ccc3[nH]ncc3c2)c1)Cc1ccccc1Cl,7.43767922,0.860120618,Active,0.725806452,TRUE
COc1ncc(-c2cc3c(C)nc(N)nc3n(C3CCC(OCCO)CC3)c2=O)cn1,COc1ncc(-c2cc3c(C)nc(N)nc3n(C3CCC(OCCO)CC3)c2=O)cn1,7.556028356,0.860132182,Active,0.870967742,TRUE
CC(C)N(C)CCCn1cc(-c2ccc(F)c(C(F)(F)F)c2)nc1C1CCN(c2ncnc(N)c2F)CC1,CC(C)N(C)CCCn1cc(-c2ccc(F)c(C(F)(F)F)c2)nc1C1CCN(c2ncnc(N)c2F)CC1,7.690074264,0.860180163,Active,0.775,TRUE
CCNCCn1cc(-c2ccc(F)c(C(F)(F)F)c2)nc1C1CCN(c2ncnc(N)c2C(N)=O)CC1,CCNCCn1cc(-c2ccc(F)c(C(F)(F)F)c2)nc1C1CCN(c2ncnc(N)c2C(N)=O)CC1,7.792717654,0.86020633,Active,0.87012987,TRUE
O=C(Nc1csc(-c2nncn2C2CC2)n1)c1cc(-n2cnc(C3CC3)c2)c(C(F)(F)F)cn1,O=C(Nc1csc(-c2nncn2C2CC2)n1)c1cc(-n2cnc(C3CC3)c2)c(C(F)(F)F)cn1,7.768703896,0.860229456,Active,0.766233766,TRUE
NC(=O)c1cc(-c2cn(CCN3CCC3)c(C3CCN(c4ncnc(N)c4Cl)CC3)n2)ccc1F,NC(=O)c1cc(-c2cn(CCN3CCC3)c(C3CCN(c4ncnc(N)c4Cl)CC3)n2)ccc1F,7.909176245,0.860339665,Active,0.813333333,TRUE
Cc1cc(-c2cn(CCS)c(C3CCN(c4ncnc(N)c4Cl)CC3F)n2)ccc1F,Cc1cc(-c2cn(CCS)c(C3CCN(c4ncnc(N)c4Cl)CC3F)n2)ccc1F,7.667558541,0.860397542,Active,0.873239437,TRUE
O=C(NC(CO)c1ccccc1F)c1cc(Br)c(-c2ccnc3[nH]ccc23)s1,O=C(NC(CO)c1ccccc1F)c1cc(Br)c(-c2ccnc3[nH]ccc23)s1,7.747975089,0.860422993,Active,0.701492537,TRUE
Cc1cc(-c2cn(CCNC(C)C)c(C3CCN(c4ncc(C(N)=O)cn4)CC3)n2)ccc1F,Cc1cc(-c2cn(CCNC(C)C)c(C3CCN(c4ncc(C(N)=O)cn4)CC3)n2)ccc1F,7.901021829,0.860483015,Active,0.721518987,TRUE
CNC(=O)C(NC(=O)c1cc(Br)c(-c2ccnc3[nH]ccc23)s1)C1CC1,CNC(=O)C(NC(=O)c1cc(Br)c(-c2ccnc3[nH]ccc23)s1)C1CC1,7.921902733,0.860637808,Active,0.61971831,TRUE
N#Cc1ccc(-c2cn(CCNCC3CC3)c(C3CCN(c4ncnc(N)c4C(F)(F)F)CC3)n2)cc1F,N#Cc1ccc(-c2cn(CCNCC3CC3)c(C3CCN(c4ncnc(N)c4C(F)(F)F)CC3)n2)cc1F,7.728500552,0.860764587,Active,0.734939759,TRUE
Cn1ncc(Cl)c1-c1ccc(C(=O)NC2CNCC2c2cccc(Br)c2)s1,Cn1ncc(Cl)c1-c1ccc(C(=O)NC2CNCC2c2cccc(Br)c2)s1,8.120795952,0.860810363,Active,0.704225352,TRUE
Cc1nc(F)ccc1C1CCNCC1NC(=O)c1cc2c(s1)CCCn1ncc(Br)c1-2,Cc1nc(F)ccc1C1CCNCC1NC(=O)c1cc2c(s1)CCCn1ncc(Br)c1-2,9.582668138,0.860834146,Active,0.734177215,TRUE
O=C(NC1CCN(c2ncnc3[nH]cc(Br)c23)C1)C1(c2ccc(Cl)cc2)CC1,O=C(NC1CCN(c2ncnc3[nH]cc(Br)c23)C1)C1(c2ccc(Cl)cc2)CC1,7.692042281,0.861105824,Active,0.623188406,TRUE
Nc1ncnc(N2CCC(c3nc(-c4ccc(F)cc4)cn3CCN3CCCC3)CC2)c1OCC1CC1,Nc1ncnc(N2CCC(c3nc(-c4ccc(F)cc4)cn3CCN3CCCC3)CC2)c1OCC1CC1,7.898485181,0.861121798,Active,0.75,TRUE
COc1ccc2nc(-c3ccc(C4(N)CC(O)(C5CC5)C4)cc3)c(-c3ccccc3)n2n1,COc1ccc2nc(-c3ccc(C4(N)CC(O)(C5CC5)C4)cc3)c(-c3ccccc3)n2n1,7.399186824,0.861178899,Active,0.711864407,TRUE
CNCCn1cc(-c2ccc(F)c(C)c2)nc1C1CCN(c2ncnc(N)c2OC)CC1,CNCCn1cc(-c2ccc(F)c(C)c2)nc1C1CCN(c2ncnc(N)c2OC)CC1,8.162435856,0.861181939,Active,0.77027027,TRUE
Nc1ncnc(N2CCC(c3nc(-c4cnc(Cl)c(Cl)c4)cn3CCN3CCC3)CC2)c1Br,Nc1ncnc(N2CCC(c3nc(-c4cnc(Cl)c(Cl)c4)cn3CCN3CCC3)CC2)c1Br,8.166122329,0.861195946,Active,0.746478873,TRUE
N#Cc1c(N)ncnc1N1CCC(c2nc(-c3cccc(OC(F)(F)F)c3)cn2CCNCC2CC2)CC1,N#Cc1c(N)ncnc1N1CCC(c2nc(-c3cccc(OC(F)(F)F)c3)cn2CCNCC2CC2)CC1,7.894687429,0.8612028,Active,0.738095238,TRUE
CNCC(=O)NC(Cc1ccc(Cl)cc1)C(=O)N1CCN(c2ncnc3[nH]cc(C)c23)CC1,CNCC(=O)NC(Cc1ccc(Cl)cc1)C(=O)N1CCN(c2ncnc3[nH]cc(C)c23)CC1,7.835676326,0.861204052,Active,0.727272727,TRUE
Cc1[nH]nc2ccc(-c3cncc(OCC(N)Cc4ccc(C(F)(F)F)nc4)c3)cc12,Cc1[nH]nc2ccc(-c3cncc(OCC(N)Cc4ccc(C(F)(F)F)nc4)c3)cc12,7.816134189,0.861371541,Active,0.623188406,TRUE
NC1(C(=O)NC(C(=O)N2CCOCC2)c2ccc(Cl)cc2)CCN(c2ncnc3[nH]ccc23)CC1,NC1(C(=O)NC(C(=O)N2CCOCC2)c2ccc(Cl)cc2)CCN(c2ncnc3[nH]ccc23)CC1,7.473827957,0.861395442,Active,0.78125,TRUE
NC(=O)c1cccc2c(NC(CN3CCC3)c3cc(F)cc(F)c3)ncnc12,NC(=O)c1cccc2c(NC(CN3CCC3)c3cc(F)cc(F)c3)ncnc12,7.857198608,0.861456478,Active,0.877192982,TRUE
CCn1c(-c2nonc2N)nc2c(C#CC(C)(C)O)nc(C)c(C)c21,CCn1c(-c2nonc2N)nc2c(C#CC(C)(C)O)nc(C)c(C)c21,7.953588458,0.861535752,Active,0.640625,TRUE
NC(COc1cnc(-c2ccoc2)c(-c2ccc3[nH]ncc3c2)c1)Cc1c[nH]c2ccccc12,NC(COc1cnc(-c2ccoc2)c(-c2ccc3[nH]ncc3c2)c1)Cc1c[nH]c2ccccc12,8.193047704,0.861582363,Active,0.736842105,TRUE
O=C(Nc1csc(-c2nncn2C2CC2)n1)c1cc(-n2cnc(C3CC3)c2)c(Cl)cn1,O=C(Nc1csc(-c2nncn2C2CC2)n1)c1cc(-n2cnc(C3CC3)c2)c(Cl)cn1,8.03464295,0.861608231,Active,0.794520548,TRUE
CN(C)c1[nH]nc2ccc(-c3cncc(OCC(N)Cc4cccc(Cl)c4)c3)cc12,CN(C)c1[nH]nc2ccc(-c3cncc(OCC(N)Cc4cccc(Cl)c4)c3)cc12,7.437306747,0.861610258,Active,0.712121212,TRUE
Cc1ccc(-c2cn(CCN3CCCC3)c(C3CCN(c4cc(N)ncn4)CC3F)n2)cc1F,Cc1ccc(-c2cn(CCN3CCCC3)c(C3CCN(c4cc(N)ncn4)CC3F)n2)cc1F,7.528410898,0.861872578,Active,0.671232877,TRUE
Cc1c[nH]c2ncnc(N3CCC(N)(C(=O)NC(C)c4ccc(Cl)c(F)c4)CC3)c12,Cc1c[nH]c2ncnc(N3CCC(N)(C(=O)NC(C)c4ccc(Cl)c(F)c4)CC3)c12,7.865814442,0.861909473,Active,0.784615385,TRUE
Cn1nc(-c2ccc(C(=O)NC3CNCCC3c3ccc(F)c(F)c3)cc2)c2c(Cl)cccc21,Cn1nc(-c2ccc(C(=O)NC3CNCCC3c3ccc(F)c(F)c3)cc2)c2c(Cl)cccc21,7.325732047,0.861942852,Active,0.671232877,TRUE
Cc1cc(-c2cn(CCNCCO)c(C3CCN(c4ncnc(N)c4C#N)CC3)n2)ccc1F,Cc1cc(-c2cn(CCNCCO)c(C3CCN(c4ncnc(N)c4C#N)CC3)n2)ccc1F,8.350178407,0.862083936,Active,0.866666667,TRUE
Nc1ncnc(N2CCCC(c3nc(-c4cc(F)cc(Br)c4)cn3CCN3CCC3)CC2)c1Cl,Nc1ncnc(N2CCCC(c3nc(-c4cc(F)cc(Br)c4)cn3CCN3CCC3)CC2)c1Cl,7.953463227,0.86210897,Active,0.726027397,TRUE
NC1(CNC(=O)c2ccc(F)c(F)c2F)CCN(c2ncnc3[nH]cc(Cl)c23)CC1,NC1(CNC(=O)c2ccc(F)c(F)c2F)CCN(c2ncnc3[nH]cc(Cl)c23)CC1,7.592833305,0.862170899,Active,0.720588235,TRUE
Nc1ncnc(N2CCC(c3nc(-c4ccnc(Br)c4)cn3CCN3CCCC3)CC2)c1Cl,Nc1ncnc(N2CCC(c3nc(-c4ccnc(Br)c4)cn3CCN3CCCC3)CC2)c1Cl,7.918190845,0.862171495,Active,0.76056338,TRUE
O=C(N1CCN(c2ncnc(Cl)c2Cl)CC1)C1(c2ccc(Br)cc2)CCNCC1,O=C(N1CCN(c2ncnc(Cl)c2Cl)CC1)C1(c2ccc(Br)cc2)CCNCC1,7.036165679,0.862226868,Active,0.745762712,TRUE
CCCCNC(=O)c1c(N)ncnc1N1CCC(c2nc(-c3ccc(F)c(F)c3)cn2CCN2CCCC2)CC1,CCCCNC(=O)c1c(N)ncnc1N1CCC(c2nc(-c3ccc(F)c(F)c3)cn2CCN2CCCC2)CC1,7.324754376,0.862227702,Active,0.769230769,TRUE
N#Cc1cc(-c2cn(CCN3CCC3)c(C3CCN(c4cc(N)ncn4)CC3F)n2)ccc1F,N#Cc1cc(-c2cn(CCN3CCC3)c(C3CCN(c4cc(N)ncn4)CC3F)n2)ccc1F,8.050891225,0.862265134,Active,0.654761905,TRUE
Cn1ncc(Cl)c1-c1cc(C(=O)NC2CNCCC2c2cc(F)c(F)cc2F)oc1Cl,Cn1ncc(Cl)c1-c1cc(C(=O)NC2CNCCC2c2cc(F)c(F)cc2F)oc1Cl,8.05784686,0.862280452,Active,0.794117647,TRUE
Cc1cc(-c2cn(CC3CNC3)c(C3CCN(c4ncnc(N)c4C(N)=O)CC3)n2)ccc1F,Cc1cc(-c2cn(CC3CNC3)c(C3CCN(c4ncnc(N)c4C(N)=O)CC3)n2)ccc1F,7.597861218,0.862339759,Active,0.815789474,TRUE
Nc1ncnc(N2CCC(c3nc(-c4ccc(CO)c(Br)c4)cn3CCN3CCCC3)CC2)c1Cl,Nc1ncnc(N2CCC(c3nc(-c4ccc(CO)c(Br)c4)cn3CCN3CCCC3)CC2)c1Cl,7.749291948,0.862383687,Active,0.736111111,TRUE
Cc1cc(-c2cn(CCN(C)C)c(C3CCN(c4ncnc(N)c4Br)CC3)n2)ccc1OC(F)F,Cc1cc(-c2cn(CCN(C)C)c(C3CCN(c4ncnc(N)c4Br)CC3)n2)ccc1OC(F)F,8.044393642,0.862731838,Active,0.6875,TRUE
Cc1cc(-c2cn(CC3CNC3)c(C3CCN(c4ncnc(N)c4F)CC3F)n2)ccc1F,Cc1cc(-c2cn(CC3CNC3)c(C3CCN(c4ncnc(N)c4F)CC3F)n2)ccc1F,7.877915251,0.862783217,Active,0.84,TRUE
NC1(C(=O)NCc2ccc(Cl)cc2Cl)CCN(c2ncnc3[nH]ccc23)CC1,NC1(C(=O)NCc2ccc(Cl)cc2Cl)CCN(c2ncnc3[nH]ccc23)CC1,7.585964001,0.862791502,Active,0.779661017,TRUE
Nc1ncnc(N2CCC(c3nc(-c4c(F)cccc4F)cn3CCN3CCC3)CC2)c1Br,Nc1ncnc(N2CCC(c3nc(-c4c(F)cccc4F)cn3CCN3CCC3)CC2)c1Br,8.044541182,0.862944746,Active,0.75,TRUE
O=C(Nc1csc(-c2nncn2C2CC2)n1)c1cc(-n2cnc(C3CC3)c2)c(Br)cn1,O=C(Nc1csc(-c2nncn2C2CC2)n1)c1cc(-n2cnc(C3CC3)c2)c(Br)cn1,8.056967554,0.862946415,Active,0.797297297,TRUE
O=C(NC1CNCCC1c1nccs1)c1cc2c(s1)OCCn1ncc(Br)c1-2,O=C(NC1CNCCC1c1nccs1)c1cc2c(s1)OCCn1ncc(Br)c1-2,8.692912683,0.863028073,Active,0.723684211,TRUE
O=C(NC(CS)Cc1c[nH]cn1)c1cc(Br)c(-c2ccnc3[nH]ccc23)s1,O=C(NC(CS)Cc1c[nH]cn1)c1cc(Br)c(-c2ccnc3[nH]ccc23)s1,8.081287183,0.863056087,Active,0.633802817,TRUE
NC(=O)C(NC(=O)C1(N)CCN(c2ncnc3[nH]ccc23)CC1)c1ccccc1Cl,NC(=O)C(NC(=O)C1(N)CCN(c2ncnc3[nH]ccc23)CC1)c1ccccc1Cl,7.486879013,0.863068664,Active,0.746031746,TRUE
Nc1ncnc(N2CCC(c3nc(-c4ccc(Cl)c(F)c4)cn3CCN3CCC3)CC2)c1Cl,Nc1ncnc(N2CCC(c3nc(-c4ccc(Cl)c(F)c4)cn3CCN3CCC3)CC2)c1Cl,7.817660766,0.863081837,Active,0.861538462,TRUE
Cn1ncc(Cl)c1-c1ccc(C(=O)NC2CNCCC2c2ccc(Cl)cn2)s1,Cn1ncc(Cl)c1-c1ccc(C(=O)NC2CNCCC2c2ccc(Cl)cn2)s1,8.194111778,0.863095367,Active,0.825396825,TRUE
CN(C)C1(C(=O)NCc2ccc(Cl)cc2Cl)CCN(c2ncnc3[nH]ccc23)CC1,CN(C)C1(C(=O)NCc2ccc(Cl)cc2Cl)CCN(c2ncnc3[nH]ccc23)CC1,7.546318389,0.863139594,Active,0.611940299,TRUE
NC1(c2ccc(-c3nc4n(c3-c3ccoc3)COc3ccccc3-4)cc2)CCC1,NC1(c2ccc(-c3nc4n(c3-c3ccoc3)COc3ccccc3-4)cc2)CCC1,7.622892252,0.863304818,Active,0.8,TRUE
Cc1cc(-c2cn(CC(=O)NCCN3CCCC3)c(C3CCN(c4ncnc(N)c4F)CC3)n2)ccc1F,Cc1cc(-c2cn(CC(=O)NCCN3CCCC3)c(C3CCN(c4ncnc(N)c4F)CC3)n2)ccc1F,7.760351006,0.863341415,Active,0.716049383,TRUE
Cc1c(F)cc(-c2cn(CCN3CCC3)c(C3CCN(c4ncnc(N)c4Cl)CC3)n2)cc1F,Cc1c(F)cc(-c2cn(CCN3CCC3)c(C3CCN(c4ncnc(N)c4Cl)CC3)n2)cc1F,7.870960999,0.863380277,Active,0.791044776,TRUE
Cc1cccc(-c2cn(CCN3CCCC3)c(C3CCN(c4ncnc(N)c4F)CC3)n2)c1,Cc1cccc(-c2cn(CCN3CCCC3)c(C3CCN(c4ncnc(N)c4F)CC3)n2)c1,7.612738968,0.863410139,Active,0.722222222,TRUE
NC(COc1cncc(-c2ccc3[nH]ncc3c2)c1)Cc1ccc(Br)c(F)c1,NC(COc1cncc(-c2ccc3[nH]ncc3c2)c1)Cc1ccc(Br)c(F)c1,7.954632375,0.86343708,Active,0.723076923,TRUE
Cc1sc(Cl)cc1C(=O)NCC1(N)CCN(c2ncnc3[nH]cc(Cl)c23)C1,Cc1sc(Cl)cc1C(=O)NCC1(N)CCN(c2ncnc3[nH]cc(Cl)c23)C1,7.735001796,0.863577449,Active,0.690140845,TRUE
Cn1ncc(Cl)c1-c1ccc(C(=O)NC2CNCCC2c2cc(F)cc(F)c2)cc1,Cn1ncc(Cl)c1-c1ccc(C(=O)NC2CNCCC2c2cc(F)cc(F)c2)cc1,7.446709239,0.863584423,Active,0.85483871,TRUE
CN(C)CCn1cc(-c2ccc(C(F)(F)F)c(F)c2)nc1C1CCN(c2ncnc(N)c2Cl)CC1,CN(C)CCn1cc(-c2ccc(C(F)(F)F)c(F)c2)nc1C1CCN(c2ncnc(N)c2Cl)CC1,7.784482086,0.863633299,Active,0.736842105,TRUE
Cc1cccc(Cl)c1NC(=O)C1(CN)CCN(c2ncnc3[nH]ccc23)CC1,Cc1cccc(Cl)c1NC(=O)C1(CN)CCN(c2ncnc3[nH]ccc23)CC1,7.535621917,0.863718951,Active,0.614285714,TRUE
Cn1nccc1-c1ccc(C(=O)NC2CNCCC2c2cc3ccccc3s2)s1,Cn1nccc1-c1ccc(C(=O)NC2CNCCC2c2cc3ccccc3s2)s1,7.616080802,0.863726938,Active,0.7,TRUE
CC(C)Oc1c(N)ncnc1N1CCC(c2nc(-c3cc(F)c(C(F)(F)F)c(F)c3)cn2CCN2CCC2)CC1,CC(C)Oc1c(N)ncnc1N1CCC(c2nc(-c3cc(F)c(C(F)(F)F)c(F)c3)cn2CCN2CCC2)CC1,7.587910873,0.863998914,Active,0.805194805,TRUE
Cn1nc(-c2ccc(C(=O)NC3CNCCC3c3cccc(F)c3)s2)cc1Cl,Cn1nc(-c2ccc(C(=O)NC3CNCCC3c3cccc(F)c3)s2)cc1Cl,8.43206853,0.864125633,Active,0.742857143,TRUE
Cn1ncc(Cl)c1-c1ccc(C(=O)NC2CNCCC2c2cnc(Cl)nc2)s1,Cn1ncc(Cl)c1-c1ccc(C(=O)NC2CNCCC2c2cnc(Cl)nc2)s1,8.062389234,0.864173019,Active,0.822580645,TRUE
Cc1cccc2ncnc(N3CCN(C(=O)C4(c5ccc(Cl)c(Cl)c5)CCNCC4)CC3)c12,Cc1cccc2ncnc(N3CCN(C(=O)C4(c5ccc(Cl)c(Cl)c5)CCNCC4)CC3)c12,7.285321478,0.864177549,Active,0.686567164,TRUE
Nc1ncnc(N2CCC(c3nc(-c4ccc(F)cc4)cn3CCNC3CC3)CC2)c1Cl,Nc1ncnc(N2CCC(c3nc(-c4ccc(F)cc4)cn3CCNC3CC3)CC2)c1Cl,8.136961284,0.864188516,Active,0.757575758,TRUE
Cc1[nH]nc2ccc(-c3cncc(OCC(N)Cc4cccc(-c5nccs5)c4)c3)cc12,Cc1[nH]nc2ccc(-c3cncc(OCC(N)Cc4cccc(-c5nccs5)c4)c3)cc12,7.705300631,0.86422869,Active,0.611111111,TRUE
COc1cc(Br)ncc1CC(N)COc1cncc(-c2ccc3[nH]nc(C)c3c2)c1,COc1cc(Br)ncc1CC(N)COc1cncc(-c2ccc3[nH]nc(C)c3c2)c1,7.793205651,0.864259744,Active,0.742424242,TRUE
Cc1cccc(-c2cn(CCNC(C)(C)C)c(C3CCN(c4ncnc(N)c4F)CC3)n2)c1,Cc1cccc(-c2cn(CCNC(C)(C)C)c(C3CCN(c4ncnc(N)c4F)CC3)n2)c1,7.875865112,0.864279115,Active,0.626506024,TRUE
CNC1(C(=O)NCc2cccc(Cl)c2)CCN(c2ncnc3[nH]ccc23)CC1,CNC1(C(=O)NCc2cccc(Cl)c2)CCN(c2ncnc3[nH]ccc23)CC1,7.39354548,0.864459896,Active,0.636363636,TRUE
O=C(Cc1nc(=O)c(F)c(N2CCOCC2)[nH]1)N1CCc2cc(F)ccc21,O=C(Cc1nc(=O)c(F)c(N2CCOCC2)[nH]1)N1CCc2cc(F)ccc21,7.804299662,0.86452105,Active,0.725806452,TRUE
N#Cc1cc(-c2cn(CCN3CCC3)c(C3CCN(c4ncnc(N)c4F)CC3)n2)ccc1F,N#Cc1cc(-c2cn(CCN3CCC3)c(C3CCN(c4ncnc(N)c4F)CC3)n2)ccc1F,7.88108788,0.864548767,Active,0.763888889,TRUE
Cn1ncc(Br)c1-c1sc(C(=O)NC2CNCCC2c2ccc(F)cc2)cc1Br,Cn1ncc(Br)c1-c1sc(C(=O)NC2CNCCC2c2ccc(F)cc2)cc1Br,7.953794847,0.86457988,Active,0.657534247,TRUE
NCCCNCCn1cc(-c2ccc(F)c(F)c2)nc1C1CCN(c2ncnc(N)c2Cl)CC1,NCCCNCCn1cc(-c2ccc(F)c(F)c2)nc1C1CCN(c2ncnc(N)c2Cl)CC1,8.110946936,0.864619815,Active,0.746478873,TRUE
NC(=O)c1ccc(-c2cn(CCN3CCCC3)c(C3CCN(c4ncnc(N)c4Cl)CC3F)n2)cc1F,NC(=O)c1ccc(-c2cn(CCN3CCCC3)c(C3CCN(c4ncnc(N)c4Cl)CC3F)n2)cc1F,7.8357623,0.864694798,Active,0.731707317,TRUE
Cc1cc(-c2cn(CCNC3CC3)c(C3CCN(c4ncnc(N)c4O)CC3)n2)ccc1F,Cc1cc(-c2cn(CCNC3CC3)c(C3CCN(c4ncnc(N)c4O)CC3)n2)ccc1F,8.219897397,0.864736521,Active,0.776315789,TRUE
Cc1[nH]nc2ccc(-c3cncc(OCC(N)Cc4ccc(OC(F)(F)F)nc4)c3)cc12,Cc1[nH]nc2ccc(-c3cncc(OCC(N)Cc4ccc(OC(F)(F)F)nc4)c3)cc12,7.547240271,0.864763224,Active,0.642857143,TRUE
Cc1cc(Br)cn2c(-c3ccccc3)c(-c3ccc(C4(N)CCC4)cc3)nc12,Cc1cc(Br)cn2c(-c3ccccc3)c(-c3ccc(C4(N)CCC4)cc3)nc12,7.550694441,0.86493727,Active,0.807692308,TRUE
Cn1c(CC(=O)N2CCc3cc(F)ccc32)nc(N2CCOCC2)cc1=S,Cn1c(CC(=O)N2CCc3cc(F)ccc32)nc(N2CCOCC2)cc1=S,7.526786289,0.864986444,Active,0.707692308,TRUE
O=C(Cc1nc(N2CCOCC2)cc(=O)n1-c1ccccc1)N1CCc2c(Cl)cccc21,O=C(Cc1nc(N2CCOCC2)cc(=O)n1-c1ccccc1)N1CCc2c(Cl)cccc21,7.349448713,0.865073466,Active,0.765625,TRUE
NC(C(=O)N1CCN(c2ncnc3[nH]cc(Cl)c23)CC1)c1ccc(F)cc1,NC(C(=O)N1CCN(c2ncnc3[nH]cc(Cl)c23)CC1)c1ccc(F)cc1,8.122681197,0.865091884,Active,0.64516129,TRUE
N#Cc1cccc(-c2cn(CCN3CCC3)c(C3CCN(c4ncnc(N)c4Cl)CC3F)n2)c1,N#Cc1cccc(-c2cn(CCN3CCC3)c(C3CCN(c4ncnc(N)c4Cl)CC3F)n2)c1,8.023291516,0.865128362,Active,0.707317073,TRUE
Cc1[nH]nc2ccc(-c3cncc(OCC(N)Cc4cccc(-c5cscn5)c4)c3)cc12,Cc1[nH]nc2ccc(-c3cncc(OCC(N)Cc4cccc(-c5cscn5)c4)c3)cc12,7.783286615,0.865218306,Active,0.633802817,TRUE
Cn1nc(-c2ccc(C(=O)NC3CNCCC3c3ccccc3)s2)c2cc(F)ccc21,Cn1nc(-c2ccc(C(=O)NC3CNCCC3c3ccccc3)s2)c2cc(F)ccc21,7.424370581,0.865267897,Active,0.615384615,TRUE
NC(=O)C(NC(=O)c1cc(Br)c(-c2ccnc3[nH]ccc23)s1)C1CCOCC1,NC(=O)C(NC(=O)c1cc(Br)c(-c2ccnc3[nH]ccc23)s1)C1CCOCC1,7.877673153,0.865298235,Active,0.602739726,TRUE
CC(C)NCC(C(=O)N1CCN(c2ncnc3[nH]nc(Br)c23)CC1)c1ccc(Cl)cc1,CC(C)NCC(C(=O)N1CCN(c2ncnc3[nH]nc(Br)c23)CC1)c1ccc(Cl)cc1,7.913589832,0.865466738,Active,0.866666667,TRUE
CC(F)CNC(=O)c1c(N)ncnc1N1CCC(c2nc(-c3ccnc(C(F)(F)F)c3)cn2CCN2CCCC2)CC1,CC(F)CNC(=O)c1c(N)ncnc1N1CCC(c2nc(-c3ccnc(C(F)(F)F)c3)cn2CCN2CCCC2)CC1,7.356040398,0.865494156,Active,0.759036145,TRUE
Nc1ncnc(N2CCC(c3nc(-c4ccc(F)c(C(F)(F)F)c4)cn3CCNCCO)CC2)c1Cl,Nc1ncnc(N2CCC(c3nc(-c4ccc(F)c(C(F)(F)F)c4)cn3CCNCCO)CC2)c1Cl,8.242780279,0.865506077,Active,0.763157895,TRUE
CN1CCC(c2ccc(Cl)cc2)C(NC(=O)C2(N)CCN(c3ncnc4[nH]ccc34)CC2)C1,CN1CCC(c2ccc(Cl)cc2)C(NC(=O)C2(N)CCN(c3ncnc4[nH]ccc34)CC2)C1,8.003708417,0.865758562,Active,0.608695652,TRUE
NC1(C(=O)NC(c2ccc(F)cc2)C2CCNC2)CCN(c2ncnc3[nH]ccc23)CC1,NC1(C(=O)NC(c2ccc(F)cc2)C2CCNC2)CCN(c2ncnc3[nH]ccc23)CC1,7.770674103,0.865790868,Active,0.691176471,TRUE
NC1(c2ccc(-c3nc4n(c3-c3ccccc3)COc3nccnc3-4)cc2)CC1,NC1(c2ccc(-c3nc4n(c3-c3ccccc3)COc3nccnc3-4)cc2)CC1,7.577766746,0.86596545,Active,0.785714286,TRUE
Nc1ncnc(N2CCC(c3nc(-c4cc(F)cc(F)c4)cn3CCN3CCC3)CC2)c1Br,Nc1ncnc(N2CCC(c3nc(-c4cc(F)cc(F)c4)cn3CCN3CCC3)CC2)c1Br,8.078265381,0.866000617,Active,0.815384615,TRUE
Nc1ncnc(N2CCC(c3nc(-c4ccc(F)c(C(F)(F)F)c4)cn3CCNC(=O)C3CC3)CC2)c1F,Nc1ncnc(N2CCC(c3nc(-c4ccc(F)c(C(F)(F)F)c4)cn3CCNC(=O)C3CC3)CC2)c1F,7.912874938,0.866066182,Active,0.728395062,TRUE
Nc1ncnc(N2CCC(c3nc(-c4ccc(F)c(Cl)c4)cn3CCN3CCC3)CC2)c1[N+](=O)[O-],Nc1ncnc(N2CCC(c3nc(-c4ccc(F)c(Cl)c4)cn3CCN3CCC3)CC2)c1[N+](=O)[O-],8.243166965,0.866168106,Active,0.815789474,TRUE
CCc1c(N)ncnc1N1CCC(c2nc(-c3cc(F)c(Cl)c(F)c3)cn2CCN2CCC2)CC1,CCc1c(N)ncnc1N1CCC(c2nc(-c3cc(F)c(Cl)c(F)c3)cn2CCN2CCC2)CC1,7.550179255,0.866193318,Active,0.823529412,TRUE
O=C(NCC1CCN(c2ncnc3[nH]cc(Cl)c23)C1)c1ccc(F)cc1F,O=C(NCC1CCN(c2ncnc3[nH]cc(Cl)c23)C1)c1ccc(F)cc1F,7.429879663,0.866204822,Active,0.652777778,TRUE
N#Cc1ccc(-c2cn(CCN3CCC3)c(C3CCN(c4ncnc(N)c4Cl)CC3F)n2)cc1Cl,N#Cc1ccc(-c2cn(CCN3CCC3)c(C3CCN(c4ncnc(N)c4Cl)CC3F)n2)cc1Cl,7.992095408,0.866273487,Active,0.728395062,TRUE
Cn1ncc(Cl)c1-c1cc(C(=O)NC(CN)Cc2ccccc2)oc1Cl,Cn1ncc(Cl)c1-c1cc(C(=O)NC(CN)Cc2ccccc2)oc1Cl,7.982708632,0.866328442,Active,0.819672131,TRUE
N#Cc1ccc(-c2cn(CCN3CCCC3)c(C3CCN(c4ncnc(N)c4C#N)CC3)n2)cc1F,N#Cc1ccc(-c2cn(CCN3CCCC3)c(C3CCN(c4ncnc(N)c4C#N)CC3)n2)cc1F,7.591147492,0.866469586,Active,0.882352941,TRUE
CNCCn1cc(-c2ccc(F)c(C)c2)nc1C1CCN(c2ncnc(Cl)c2C)CC1,CNCCn1cc(-c2ccc(F)c(C)c2)nc1C1CCN(c2ncnc(Cl)c2C)CC1,7.970137208,0.866509461,Active,0.716216216,TRUE
Nc1ccc2c(c1)C1(CCNCC1)CN2c1ncnc2[nH]ccc12,Nc1ccc2c(c1)C1(CCNCC1)CN2c1ncnc2[nH]ccc12,7.636030547,0.866630697,Active,0.807692308,TRUE
Cn1nccc1-c1ccc(C(=O)NC2CNCCC2c2cc(F)cc(F)c2)cc1,Cn1nccc1-c1ccc(C(=O)NC2CNCCC2c2cc(F)cc(F)c2)cc1,7.621822128,0.866688812,Active,0.8,TRUE
CNCCn1cc(-c2cnc(OC(C)C)c(Cl)c2)nc1C1CCN(c2ncnc(N)c2Cl)CC1,CNCCn1cc(-c2cnc(OC(C)C)c(Cl)c2)nc1C1CCN(c2ncnc(N)c2Cl)CC1,7.811366088,0.866695666,Active,0.62962963,TRUE
CC1(N)CC(N)(c2ccc(-c3nc4n(c3-c3ccccc3)CCOc3cc(C(N)=O)ccc3-4)cc2)C1,CC1(N)CC(N)(c2ccc(-c3nc4n(c3-c3ccccc3)CCOc3cc(C(N)=O)ccc3-4)cc2)C1,7.339553996,0.866747761,Active,0.753623188,TRUE
Nc1ncnc(N2CCC(c3nc(-c4ccc(F)c(C(F)(F)F)c4)cn3CC(=O)NCC3CC3)CC2)c1Cl,Nc1ncnc(N2CCC(c3nc(-c4ccc(F)c(C(F)(F)F)c4)cn3CC(=O)NCC3CC3)CC2)c1Cl,8.122680134,0.866759026,Active,0.725,TRUE
Cn1nc(-c2ccc(C(=O)NC3CNCCC3c3cccc(F)c3)s2)c2cc(F)ccc21,Cn1nc(-c2ccc(C(=O)NC3CNCCC3c3cccc(F)c3)s2)c2cc(F)ccc21,7.511699754,0.866762781,Active,0.694444444,TRUE
CC(=O)N(C)CCn1cc(-c2ccc(F)c(C)c2)nc1C1CCN(c2ncnc(N)c2Cl)CC1,CC(=O)N(C)CCn1cc(-c2ccc(F)c(C)c2)nc1C1CCN(c2ncnc(N)c2Cl)CC1,8.105029531,0.866815412,Active,0.721518987,TRUE
Nc1ncnc(N2CCC(c3nc(-c4ccc(F)cc4)cn3CC(=O)N3CCC(F)C3)CC2)c1Br,Nc1ncnc(N2CCC(c3nc(-c4ccc(F)cc4)cn3CC(=O)N3CCC(F)C3)CC2)c1Br,8.047572345,0.86685034,Active,0.657534247,TRUE
NC(=O)c1cc(-c2cn[nH]c2)c2nc(-c3ccc(C4(N)CCC4)cc3)c(-c3ccccc3)n2n1,NC(=O)c1cc(-c2cn[nH]c2)c2nc(-c3ccc(C4(N)CCC4)cc3)c(-c3ccccc3)n2n1,7.803970463,0.867057824,Active,0.75,TRUE
NC1(C(=O)NC(=O)c2ccc(F)c(F)c2Cl)CCN(c2ncnc3[nH]ccc23)CC1,NC1(C(=O)NC(=O)c2ccc(F)c(F)c2Cl)CCN(c2ncnc3[nH]ccc23)CC1,7.422052789,0.867085361,Active,0.606060606,TRUE
NCC1(C(=O)NCc2ccc(Cl)cc2)CCN(c2ncnc3[nH]ccc23)CC1,NCC1(C(=O)NCc2ccc(Cl)cc2)CCN(c2ncnc3[nH]ccc23)CC1,8.046444985,0.867108607,Active,0.789473684,TRUE
NC1(C(=O)NC(Cc2c[nH]cn2)c2ccc(C(F)(F)F)cc2)CCN(c2ncnc3[nH]ccc23)CC1,NC1(C(=O)NC(Cc2c[nH]cn2)c2ccc(C(F)(F)F)cc2)CCN(c2ncnc3[nH]ccc23)CC1,7.46510652,0.867131495,Active,0.694444444,TRUE
CN(C)CCn1cc(-c2ccc(F)c(C(F)(F)F)c2)nc1C1CCN(c2ncnc(N)c2F)CC1,CN(C)CCn1cc(-c2ccc(F)c(C(F)(F)F)c2)nc1C1CCN(c2ncnc(N)c2F)CC1,7.684108208,0.867402041,Active,0.857142857,TRUE
COc1ccc(-c2cncc(-c3cn(CCN4CCCC4)c(C4CCN(c5ncnc(N)c5Cl)CC4)n3)c2)cc1F,COc1ccc(-c2cncc(-c3cn(CCN4CCCC4)c(C4CCN(c5ncnc(N)c5Cl)CC4)n3)c2)cc1F,7.470436621,0.867463493,Active,0.727272727,TRUE
CCn1nccc1C1CCNCC1NC(=O)c1ccc(-c2c(Cl)cnn2C)s1,CCn1nccc1C1CCNCC1NC(=O)c1ccc(-c2c(Cl)cnn2C)s1,7.995147754,0.867469633,Active,0.720588235,TRUE
Nc1ncnc(N2CCC(c3nc(-c4ccc(F)c(CO)c4)cn3CCN3CCC3)CC2)c1Cl,Nc1ncnc(N2CCC(c3nc(-c4ccc(F)c(CO)c4)cn3CCN3CCC3)CC2)c1Cl,8.132119795,0.86749872,Active,0.823529412,TRUE
NC1(C(=O)NC(Cc2ccc(Cl)cc2)C(=O)NC2CCCCC2)CCN(c2ncnc3[nH]ccc23)CC1,NC1(C(=O)NC(Cc2ccc(Cl)cc2)C(=O)NC2CCCCC2)CCN(c2ncnc3[nH]ccc23)CC1,7.767665576,0.867738807,Active,0.621621622,TRUE
CNCCn1cc(-c2ccc(F)c(C(F)(F)F)c2)nc1C1CCN(c2ncnc(N)c2F)CC1,CNCCn1cc(-c2ccc(F)c(C(F)(F)F)c2)nc1C1CCN(c2ncnc(N)c2F)CC1,8.044102063,0.867755616,Active,0.821917808,TRUE
CN(C)CCn1cc(-c2ccc(F)c(C(F)F)c2)nc1C1CCN(c2ncnc(N)c2Br)CC1,CN(C)CCn1cc(-c2ccc(F)c(C(F)F)c2)nc1C1CCN(c2ncnc(N)c2Br)CC1,8.481082058,0.867767298,Active,0.794520548,TRUE
O=C(NC(C(=O)O)c1ccccc1)c1cc(Br)c(-c2ccnc3[nH]ccc23)s1,O=C(NC(C(=O)O)c1ccccc1)c1cc(Br)c(-c2ccnc3[nH]ccc23)s1,7.569600465,0.86781975,Active,0.766666667,TRUE
CC(NC(=O)c1cc(Br)c(-c2ccnc3[nH]ccc23)s1)C(=O)NC(C)(C)C,CC(NC(=O)c1cc(Br)c(-c2ccnc3[nH]ccc23)s1)C(=O)NC(C)(C)C,7.643535039,0.867862785,Active,0.611940299,TRUE
CC(Cc1ccc(Br)cc1)NC(=O)C1(N)CCN(c2ncnc3[nH]ccc23)CC1,CC(Cc1ccc(Br)cc1)NC(=O)C1(N)CCN(c2ncnc3[nH]ccc23)CC1,7.832542231,0.867903733,Active,0.770491803,TRUE
Cn1ncc(Cl)c1-c1cc(C(=O)NC(CN)c2ccc(F)c(F)c2)oc1Cl,Cn1ncc(Cl)c1-c1cc(C(=O)NC(CN)c2ccc(F)c(F)c2)oc1Cl,8.052265462,0.867977583,Active,0.738461538,TRUE
O=C(NC1CNCCC1c1ccc(F)cc1)c1cc2c(s1)CCCn1ncc(Br)c1-2,O=C(NC1CNCCC1c1ccc(F)cc1)c1cc2c(s1)CCCn1ncc(Br)c1-2,9.64478197,0.868048513,Active,0.867647059,TRUE
Cc1cc(-c2cn(CCNCCN(C)C)c(C3CCN(c4ncnc(N)c4Cl)CC3)n2)ccc1F,Cc1cc(-c2cn(CCNCCN(C)C)c(C3CCN(c4ncnc(N)c4Cl)CC3)n2)ccc1F,7.975824621,0.868088806,Active,0.705128205,TRUE
CNCCn1cc(-c2ccc(F)c(C)c2)nc1C1CCN(c2ncnc(N)c2F)CC1F,CNCCn1cc(-c2ccc(F)c(C)c2)nc1C1CCN(c2ncnc(N)c2F)CC1F,8.008845473,0.868220353,Active,0.837837838,TRUE
Cc1[nH]nc2cnc(-c3cncc(OCC(N)Cc4cc(C(F)(F)F)cc(C(F)(F)F)c4)c3)cc12,Cc1[nH]nc2cnc(-c3cncc(OCC(N)Cc4cc(C(F)(F)F)cc(C(F)(F)F)c4)c3)cc12,7.659970245,0.8683218,Active,0.656716418,TRUE
Cn1ncc(Cl)c1-c1cc(C(=O)NC(CN)Cc2cc(F)cc(F)c2)oc1Cl,Cn1ncc(Cl)c1-c1cc(C(=O)NC(CN)Cc2cc(F)cc(F)c2)oc1Cl,8.313332446,0.868402505,Active,0.836065574,TRUE
NC1(C(=O)NCc2ccc(F)cc2)CCN(c2ncnc3[nH]cc(Cl)c23)CC1,NC1(C(=O)NCc2ccc(F)cc2)CCN(c2ncnc3[nH]cc(Cl)c23)CC1,7.737068921,0.868439102,Active,0.626865672,TRUE
Cn1ncc(Cl)c1-c1cc(F)c(C(=O)NC2CNCCC2c2cccc(F)c2)s1,Cn1ncc(Cl)c1-c1cc(F)c(C(=O)NC2CNCCC2c2cccc(F)c2)s1,8.362600923,0.868635321,Active,0.785714286,TRUE
Cc1cc(-c2ccnn2C)ccc1C(=O)NC1CNCCC1c1cccc(F)c1,Cc1cc(-c2ccnn2C)ccc1C(=O)NC1CNCCC1c1cccc(F)c1,7.426235079,0.868652785,Active,0.76119403,TRUE
Cc1cc(-c2cn(CC3CN(C(C)C)C3)c(C3CCN(c4cc(N)ncn4)CC3)n2)ccc1F,Cc1cc(-c2cn(CC3CN(C(C)C)C3)c(C3CCN(c4cc(N)ncn4)CC3)n2)ccc1F,7.901482823,0.868678713,Active,0.62195122,TRUE
Cc1cc(-c2cn(CCN(C)C)c(C3CCN(c4ncnc(N)c4C(F)(F)F)CC3)n2)ccc1Cl,Cc1cc(-c2cn(CCN(C)C)c(C3CCN(c4ncnc(N)c4C(F)(F)F)CC3)n2)ccc1Cl,7.781312761,0.868786955,Active,0.666666667,TRUE
CC1Cc2cc(F)c(F)cc2N1C(=O)Cc1nc(=O)cc(N2CCCC2)[nH]1,CC1Cc2cc(F)c(F)cc2N1C(=O)Cc1nc(=O)cc(N2CCCC2)[nH]1,7.783653999,0.868814969,Active,0.621212121,TRUE
NC1(C(=O)NC(CO)Cc2ccc(Cl)cc2)CCN(c2ncnc3[nH]ncc23)CC1,NC1(C(=O)NC(CO)Cc2ccc(Cl)cc2)CCN(c2ncnc3[nH]ncc23)CC1,7.479097596,0.868873799,Active,0.71641791,TRUE
Nc1ncnc(N2CCC(c3nc(-c4cc(Cl)c(Cl)cc4F)cn3CCN3CCCC3)CC2)c1Cl,Nc1ncnc(N2CCC(c3nc(-c4cc(Cl)c(Cl)cc4F)cn3CCN3CCCC3)CC2)c1Cl,7.964464418,0.868882024,Active,0.75,TRUE
Cc1cc(-c2cncc(OCC(N)Cc3cccc(F)c3)c2)cc2c[nH]nc12,Cc1cc(-c2cncc(OCC(N)Cc3cccc(F)c3)c2)cc2c[nH]nc12,7.747069279,0.869201446,Active,0.632352941,TRUE
COc1c(N)ncnc1N1CCC(c2nc(-c3ccc(F)c(C(F)(F)F)c3)cn2CCCNC(C)C)CC1,COc1c(N)ncnc1N1CCC(c2nc(-c3ccc(F)c(C(F)(F)F)c3)cn2CCCNC(C)C)CC1,8.375006734,0.869334006,Active,0.8125,TRUE
Nc1ncnc(N2CCC(c3nc(-c4cccc(Cl)c4)cn3CCN3CCC3)CC2)c1Br,Nc1ncnc(N2CCC(c3nc(-c4cccc(Cl)c4)cn3CCN3CCC3)CC2)c1Br,8.226513661,0.869474435,Active,0.797101449,TRUE
Nc1ncnc(N2CCC(c3nc(-c4ccnc(Cl)c4)cn3CCN3CCC3)CC2)c1Br,Nc1ncnc(N2CCC(c3nc(-c4ccnc(Cl)c4)cn3CCN3CCC3)CC2)c1Br,8.20645785,0.869594061,Active,0.797101449,TRUE
Nc1ncnc(N2CCC(c3nc(-c4ccnc(C(F)F)c4)cn3CCN3CCC3)CC2)c1C(=O)NC1CCCC1,Nc1ncnc(N2CCC(c3nc(-c4ccnc(C(F)F)c4)cn3CCN3CCC3)CC2)c1C(=O)NC1CCCC1,7.349833383,0.869673395,Active,0.710843373,TRUE
O=C(Nc1csc(-c2nncn2C2CC2)n1)c1cc(-n2cnc(C3CC3)c2)c(C2CC2)cn1,O=C(Nc1csc(-c2nncn2C2CC2)n1)c1cc(-n2cnc(C3CC3)c2)c(C2CC2)cn1,8.015457016,0.86972388,Active,0.783783784,TRUE
Cn1nccc1-c1ccc(C(=O)NC2CNCCC2c2cccc(C(F)F)c2)s1,Cn1nccc1-c1ccc(C(=O)NC2CNCCC2c2cccc(C(F)F)c2)s1,7.680960518,0.869726145,Active,0.805970149,TRUE
FC(F)(F)c1cccc(-c2cn3ccnc3nc2-c2ccc(CN3CC(c4n[nH]c(-c5ccccn5)n4)C3)cc2)n1,FC(F)(F)c1cccc(-c2cn3ccnc3nc2-c2ccc(CN3CC(c4n[nH]c(-c5ccccn5)n4)C3)cc2)n1,7.553583932,0.869738662,Active,0.77027027,TRUE
Cc1cc(-c2cn(CC3CNC3)c(C3CCN(c4ncnc(N)c4C(F)(F)F)CC3)n2)ccc1F,Cc1cc(-c2cn(CC3CNC3)c(C3CCN(c4ncnc(N)c4C(F)(F)F)CC3)n2)ccc1F,7.524417722,0.86978265,Active,0.813333333,TRUE
Cc1cc(F)c(-n2cnc(C3CC3)c2)cc1C(=O)Nc1csc(-c2nncn2C2CC2)n1,Cc1cc(F)c(-n2cnc(C3CC3)c2)cc1C(=O)Nc1csc(-c2nncn2C2CC2)n1,7.680653359,0.869798207,Active,0.654320988,TRUE
Cn1ccc(-c2ccc(C(=O)NC3CNCCC3c3ccc(F)c(F)c3)cc2)n1,Cn1ccc(-c2ccc(C(=O)NC3CNCCC3c3ccc(F)c(F)c3)cc2)n1,7.541234095,0.869803691,Active,0.703125,TRUE
CN(C)CCn1cc(-c2ccc(F)c(Cl)c2)nc1C1CCN(c2ncnc(N)c2Cl)CC1,CN(C)CCn1cc(-c2ccc(F)c(Cl)c2)nc1C1CCN(c2ncnc(N)c2Cl)CC1,8.258960989,0.869913304,Active,0.702702703,TRUE
O=C(NC1CNCCC1c1cc(Br)cs1)c1cc2c(s1)OCCn1nccc1-2,O=C(NC1CNCCC1c1cc(Br)cs1)c1cc2c(s1)OCCn1nccc1-2,9.0627347,0.869964743,Active,0.722222222,TRUE
NC1(C(=O)NCc2cc(Cl)cc(Cl)c2)CCN(c2ncnc3[nH]ccc23)CC1,NC1(C(=O)NCc2cc(Cl)cc(Cl)c2)CCN(c2ncnc3[nH]ccc23)CC1,7.626072205,0.86999222,Active,0.854545455,TRUE
CNC(=O)NCCn1cc(-c2ccc(Cl)c(Cl)c2)nc1C1CCN(c2ncnc(N)c2Br)CC1,CNC(=O)NCCn1cc(-c2ccc(Cl)c(Cl)c2)nc1C1CCN(c2ncnc(N)c2Br)CC1,7.9098144,0.870174611,Active,0.617283951,TRUE
N#Cc1c(N)ncnc1N1CCC(c2nc(-c3ccc(F)c(F)c3)cn2CCNC2CCCCC2)CC1,N#Cc1c(N)ncnc1N1CCC(c2nc(-c3ccc(F)c(F)c3)cn2CCNC2CCCCC2)CC1,8.166006902,0.870203817,Active,0.864864865,TRUE
Cn1nccc1-c1sc(C(=O)NC2CNCCC2c2ccc(F)cc2)cc1Br,Cn1nccc1-c1sc(C(=O)NC2CNCCC2c2ccc(F)cc2)cc1Br,8.019204021,0.870442653,Active,0.666666667,TRUE
CC(C)CNCCn1cc(-c2ccc(F)c(C(F)(F)F)c2)nc1C1CCN(c2cc(N)ncn2)CC1,CC(C)CNCCn1cc(-c2ccc(F)c(C(F)(F)F)c2)nc1C1CCN(c2cc(N)ncn2)CC1,7.950451797,0.870460296,Active,0.733333333,TRUE
COc1cccc(-c2cn(CCN3CCCC3)c(C3CCN(c4ncnc(N)c4Cl)CC3)n2)c1,COc1cccc(-c2cn(CCN3CCCC3)c(C3CCN(c4ncnc(N)c4Cl)CC3)n2)c1,7.788406837,0.87055006,Active,0.785714286,TRUE
Cc1cc(-c2cn(CCN3CCC3)c(C3CCN(c4ncnc(N)c4C(F)(F)F)CC3)n2)ccc1F,Cc1cc(-c2cn(CCN3CCC3)c(C3CCN(c4ncnc(N)c4C(F)(F)F)CC3)n2)ccc1F,7.737383755,0.870582068,Active,0.802816901,TRUE
CCc1c(N)ncnc1N1CCC(c2nc(-c3ccc(F)c(C)c3)cn2CCNC(C)=O)CC1,CCc1c(N)ncnc1N1CCC(c2nc(-c3ccc(F)c(C)c3)cn2CCNC(C)=O)CC1,8.084039906,0.870612526,Active,0.75,TRUE
N#Cc1cc(Br)c(-c2cn(CCN3CCC3)c(C3CCN(c4cc(N)ncn4)CC3)n2)cc1F,N#Cc1cc(Br)c(-c2cn(CCN3CCC3)c(C3CCN(c4cc(N)ncn4)CC3)n2)cc1F,7.651540154,0.87069478,Active,0.626666667,TRUE
CCNCCn1cc(-c2ccnc(C(F)(F)F)c2)nc1C1CCN(c2ncnc(N)c2C#N)CC1,CCNCCn1cc(-c2ccnc(C(F)(F)F)c2)nc1C1CCN(c2ncnc(N)c2C#N)CC1,8.563610532,0.870723093,Active,0.864864865,TRUE
O=C(Cc1nc(Cl)c(Br)c(N2CCOCC2)n1)N1CCc2c(F)cccc21,O=C(Cc1nc(Cl)c(Br)c(N2CCOCC2)n1)N1CCc2c(F)cccc21,7.659528475,0.870865905,Active,0.611940299,TRUE
O=C(NCC1CCNCC1)c1cc(Br)c(-c2ccnc3[nH]ccc23)s1,O=C(NCC1CCNCC1)c1cc(Br)c(-c2ccnc3[nH]ccc23)s1,7.865408843,0.87087276,Active,0.614285714,TRUE
Cn1nc(-c2ccc(C(=O)NC3CNCCC3c3ccc(F)c(F)c3)cc2)cc1Br,Cn1nc(-c2ccc(C(=O)NC3CNCCC3c3ccc(F)c(F)c3)cc2)cc1Br,7.308014979,0.870883429,Active,0.742424242,TRUE
Cn1ncc(Cl)c1-c1cc(C(=O)NC2CNCCNC2c2ccc(Cl)c(F)c2)oc1Cl,Cn1ncc(Cl)c1-c1cc(C(=O)NC2CNCCNC2c2ccc(Cl)c(F)c2)oc1Cl,8.220411212,0.870995247,Active,0.722222222,TRUE
Cn1ncc(Br)c1-c1cc(F)c(C(=O)NC2CNCCC2c2cc(F)ccc2F)cc1F,Cn1ncc(Br)c1-c1cc(F)c(C(=O)NC2CNCCC2c2cc(F)ccc2F)cc1F,7.278442976,0.871137404,Active,0.779411765,TRUE
O=C(NC1CNCCC1c1cncc(F)c1)c1cc2c(s1)OCCn1nccc1-2,O=C(NC1CNCCC1c1cncc(F)c1)c1cc2c(s1)OCCn1nccc1-2,8.692552878,0.871184552,Active,0.865671642,TRUE
NC1(c2ccc(-c3nc4c(Br)c(Cl)ccn4c3-c3ccccc3)cc2)CCC1,NC1(c2ccc(-c3nc4c(Br)c(Cl)ccn4c3-c3ccccc3)cc2)CCC1,7.735606376,0.871243501,Active,0.764705882,TRUE
CN(C)CCn1cc(-c2ccc(C#N)c(F)c2)nc1C1CCN(c2ncnc(N)c2Cl)CC1,CN(C)CCn1cc(-c2ccc(C#N)c(F)c2)nc1C1CCN(c2ncnc(N)c2Cl)CC1,7.778939444,0.871267164,Active,0.705128205,TRUE
N#Cc1c(N)ncnc1N1CCC(c2nc(-c3ccc(F)c(F)c3)cn2CCNC2CC2)CC1,N#Cc1c(N)ncnc1N1CCC(c2nc(-c3ccc(F)c(F)c3)cn2CCNC2CC2)CC1,8.031267356,0.871304953,Active,0.824324324,TRUE
Nc1[nH]nc2ccc(-c3cncc(OCC(N)Cc4cc(F)ccc4F)c3)cc12,Nc1[nH]nc2ccc(-c3cncc(OCC(N)Cc4cc(F)ccc4F)c3)cc12,7.498920456,0.871326232,Active,0.626865672,TRUE
CC(N(C)CCn1cc(-c2ccc(F)c(C(F)(F)F)c2)nc1C1CCN(c2ncnc(N)c2Br)CC1)C(F)(F)F,CC(N(C)CCn1cc(-c2ccc(F)c(C(F)(F)F)c2)nc1C1CCN(c2ncnc(N)c2Br)CC1)C(F)(F)F,7.734436066,0.871531808,Active,0.84,TRUE
Cc1cc(-c2cn(CCNC(C)C)c(C3CCN(c4ncc(C#N)cn4)CC3)n2)ccc1F,Cc1cc(-c2cn(CCNC(C)C)c(C3CCN(c4ncc(C#N)cn4)CC3)n2)ccc1F,8.062774137,0.87153908,Active,0.727272727,TRUE
Cc1cc(-c2cn(CC3CCCNC3)c(C3CCN(c4ncnc(N)c4Cl)CC3)n2)ccc1F,Cc1cc(-c2cn(CC3CCCNC3)c(C3CCN(c4ncnc(N)c4Cl)CC3)n2)ccc1F,7.920008851,0.871555591,Active,0.717948718,TRUE
Cc1[nH]nc2ccc(-c3cncc(OCC(N)Cc4ccc(S(N)(=O)=O)c(F)c4)c3)cc12,Cc1[nH]nc2ccc(-c3cncc(OCC(N)Cc4ccc(S(N)(=O)=O)c(F)c4)c3)cc12,7.869131385,0.871556485,Active,0.616438356,TRUE
CC(C)(C)NCCn1cc(-c2cccc(F)c2)nc1C1CCN(c2ncnc(N)c2C#N)CC1,CC(C)(C)NCCn1cc(-c2cccc(F)c2)nc1C1CCN(c2ncnc(N)c2C#N)CC1,7.814590302,0.871563399,Active,0.782051282,TRUE
Nc1ncnc(N2CCC(c3nc(-c4ccccc4F)cn3CCN3CCC3)CC2)c1Br,Nc1ncnc(N2CCC(c3nc(-c4ccccc4F)cn3CCN3CCC3)CC2)c1Br,8.125477606,0.871623361,Active,0.779411765,TRUE
NC1(C(=O)NC(CC2CCCCC2)c2ccc(F)c(F)c2)CCN(c2ncnc3[nH]ccc23)CC1,NC1(C(=O)NC(CC2CCCCC2)c2ccc(F)c(F)c2)CCN(c2ncnc3[nH]ccc23)CC1,7.869048746,0.871683919,Active,0.635135135,TRUE
Nc1ncnc(N2CCC(c3nc(-c4cccc(Cl)c4Cl)cn3CCN3CCCC3)CC2)c1C(=O)c1c(F)cccc1F,Nc1ncnc(N2CCC(c3nc(-c4cccc(Cl)c4Cl)cn3CCN3CCCC3)CC2)c1C(=O)c1c(F)cccc1F,7.807996991,0.871725166,Active,0.65060241,TRUE
O=C(NC1CNCCC1c1cnns1)c1cc2c(s1)OCCn1ncc(Br)c1-2,O=C(NC1CNCCC1c1cnns1)c1cc2c(s1)OCCn1ncc(Br)c1-2,8.821163176,0.871758544,Active,0.733333333,TRUE
Nc1ncnc(N2CCC(c3nc(-c4ccc(F)c(Cl)c4)cn3CC(=O)NCC(F)(F)F)CC2)c1Cl,Nc1ncnc(N2CCC(c3nc(-c4ccc(F)c(Cl)c4)cn3CC(=O)NCC(F)(F)F)CC2)c1Cl,8.215115061,0.871792161,Active,0.607142857,TRUE
NC1CCC(NC(=O)c2cc(Br)c(-c3ccnc4[nH]ccc34)s2)CC1,NC1CCC(NC(=O)c2cc(Br)c(-c3ccnc4[nH]ccc34)s2)CC1,7.849537197,0.871860766,Active,0.608695652,TRUE
N#Cc1ccc(-c2cn(CCN3CCC3)c(C3CCN(c4ncnc(N)c4Br)CC3)n2)c(Cl)c1,N#Cc1ccc(-c2cn(CCN3CCC3)c(C3CCN(c4ncnc(N)c4Br)CC3)n2)c(Cl)c1,8.043409969,0.871898198,Active,0.653846154,TRUE
O=C(NC1CNCCC1c1ccsc1)c1cc2c(s1)OCCn1ncc(Br)c1-2,O=C(NC1CNCCC1c1ccsc1)c1cc2c(s1)OCCn1ncc(Br)c1-2,9.299193891,0.871997142,Active,0.794520548,TRUE
CN(C)C1(C(=O)NCc2cc(Cl)cc(Cl)c2)CCN(c2ncnc3[nH]ccc23)CC1,CN(C)C1(C(=O)NCc2cc(Cl)cc(Cl)c2)CCN(c2ncnc3[nH]ccc23)CC1,7.42439678,0.872097099,Active,0.666666667,TRUE
CC(=O)c1cc(-c2cn(CCN3CCC3)c(C3CCN(c4ncnc(N)c4C(F)(F)F)CC3)n2)ccc1F,CC(=O)c1cc(-c2cn(CCN3CCC3)c(C3CCN(c4ncnc(N)c4C(F)(F)F)CC3)n2)ccc1F,8.119801779,0.872216904,Active,0.716049383,TRUE
CNC(=O)C(NC(=O)c1cc(Br)c(-c2ccnc3[nH]ccc23)s1)c1cccnc1,CNC(=O)C(NC(=O)c1cc(Br)c(-c2ccnc3[nH]ccc23)s1)c1cccnc1,7.931609339,0.872301364,Active,0.657142857,TRUE
Cc1ccc(-c2cn(CCNC3CCCC3)c(C3CCN(c4ncnc(N)c4C)CC3)n2)cc1F,Cc1ccc(-c2cn(CCNC3CCCC3)c(C3CCN(c4ncnc(N)c4C)CC3)n2)cc1F,7.570639882,0.872324014,Active,0.730769231,TRUE
O=C(O)CCC(NC(=O)c1cc(Br)c(-c2ccnc3[nH]ccc23)s1)c1cccc(F)c1,O=C(O)CCC(NC(=O)c1cc(Br)c(-c2ccnc3[nH]ccc23)s1)c1cccc(F)c1,7.661370813,0.872348392,Active,0.724637681,TRUE
Cn1ncc(Cl)c1-c1ccc(C(=O)NC2CNCC2c2ccc(Cl)c(Cl)c2)s1,Cn1ncc(Cl)c1-c1ccc(C(=O)NC2CNCC2c2ccc(Cl)c(Cl)c2)s1,8.052573861,0.872433448,Active,0.707692308,TRUE
Cc1cc2cc(-c3cncc(OCC(N)Cc4ccc(Br)c(F)c4)c3)ccc2[nH]1,Cc1cc2cc(-c3cncc(OCC(N)Cc4ccc(Br)c(F)c4)c3)ccc2[nH]1,7.644995244,0.872549319,Active,0.727272727,TRUE
Cc1nc(N)nc2c1nc(-c1ccc(=O)[nH]c1)c(=O)n2C1CCC(O)CC1,Cc1nc(N)nc2c1nc(-c1ccc(=O)[nH]c1)c(=O)n2C1CCC(O)CC1,7.795780175,0.872552001,Active,0.724137931,TRUE
Nc1ncnc(N2CCC(c3nc(-c4cc(F)cc(Cl)c4)cn3CCN3CCC3)CC2)c1F,Nc1ncnc(N2CCC(c3nc(-c4cc(F)cc(Cl)c4)cn3CCN3CCC3)CC2)c1F,7.862714854,0.872589135,Active,0.684931507,TRUE
Cn1nccc1-c1ccc(C(=O)NC2CNCCC2c2cc(F)cc(C(F)(F)F)c2)s1,Cn1nccc1-c1ccc(C(=O)NC2CNCCC2c2cc(F)cc(C(F)(F)F)c2)s1,7.655497307,0.872649634,Active,0.768115942,TRUE
Cc1cc(Cl)cc(-c2cn(CCN(C)C)c(C3CCN(c4ncnc(N)c4Br)CC3)n2)c1,Cc1cc(Cl)cc(-c2cn(CCN(C)C)c(C3CCN(c4ncnc(N)c4Br)CC3)n2)c1,8.244477067,0.872676098,Active,0.684210526,TRUE
CN(CCCCF)CCn1cc(-c2ccc(F)c(F)c2)nc1C1CCN(c2ncnc(N)c2Cl)CC1,CN(CCCCF)CCn1cc(-c2ccc(F)c(F)c2)nc1C1CCN(c2ncnc(N)c2Cl)CC1,7.962567134,0.872918689,Active,0.706666667,TRUE
Nc1ncnc(N2CCC(c3nc(-c4ccnc(C(F)(F)F)c4)cn3CCN3CCC3)CC2)c1C(=O)C1CC1,Nc1ncnc(N2CCC(c3nc(-c4ccnc(C(F)(F)F)c4)cn3CCN3CCC3)CC2)c1C(=O)C1CC1,7.688773621,0.873100305,Active,0.864864865,TRUE
Cn1ncc(Cl)c1-c1ccc(C(=O)NC2CNCCC2c2ccc(F)c(F)c2)s1,Cn1ncc(Cl)c1-c1ccc(C(=O)NC2CNCCC2c2ccc(F)c(F)c2)s1,8.413544688,0.873163784,Active,0.828125,TRUE
Cn1ncc(Cl)c1-c1ccc(C(=O)NC2CNCCC2c2cncc(F)c2)s1,Cn1ncc(Cl)c1-c1ccc(C(=O)NC2CNCCC2c2cncc(F)c2)s1,8.389520019,0.873172426,Active,0.835820896,TRUE
Cc1nc(CC(=O)N2CCc3c(F)cccc32)nc(N2CCOCC2)c1Br,Cc1nc(CC(=O)N2CCc3c(F)cccc32)nc(N2CCOCC2)c1Br,7.469475751,0.87317344,Active,0.617647059,TRUE
Cn1ncc(Cl)c1-c1ccc(C(=O)NC2CNCCC2c2ccccc2F)s1,Cn1ncc(Cl)c1-c1ccc(C(=O)NC2CNCCC2c2ccccc2F)s1,8.518034974,0.873197043,Active,0.742857143,TRUE
Cc1[nH]nc2ccc(-c3cncc(OCC(N)Cc4cccc(F)c4)c3)nc12,Cc1[nH]nc2ccc(-c3cncc(OCC(N)Cc4cccc(F)c4)c3)nc12,7.616441998,0.873211706,Active,0.671641791,TRUE
CC(NC(=O)C1(N)CCN(c2ncnc3[nH]cc(C4CCOCC4)c23)CC1)c1ccc(F)cc1,CC(NC(=O)C1(N)CCN(c2ncnc3[nH]cc(C4CCOCC4)c23)CC1)c1ccc(F)cc1,7.643285279,0.873274589,Active,0.633802817,TRUE
Cc1[nH]nc2cnc(-c3cncc(OCC(N)Cc4ccccc4OC(F)(F)F)c3)cc12,Cc1[nH]nc2cnc(-c3cncc(OCC(N)Cc4ccccc4OC(F)(F)F)c3)cc12,7.796090783,0.873385155,Active,0.676056338,TRUE
CC(C)NCCn1cc(-c2ccc(F)c(F)c2)nc1C1CCN(c2ncnc(N)c2C#N)CC1,CC(C)NCCn1cc(-c2ccc(F)c(F)c2)nc1C1CCN(c2ncnc(N)c2C#N)CC1,8.054389102,0.873395288,Active,0.888888889,TRUE
Cc1[nH]nc2cnc(-c3cncc(OCC(N)Cc4cccc(C(C)C)c4)c3)cc12,Cc1[nH]nc2cnc(-c3cncc(OCC(N)Cc4cccc(C(C)C)c4)c3)cc12,8.048936878,0.873398268,Active,0.614285714,TRUE
NC1(C(=O)NCCc2ccc(Cl)cc2Cl)CCN(c2ncnc3[nH]ccc23)CC1,NC1(C(=O)NCCc2ccc(Cl)cc2Cl)CCN(c2ncnc3[nH]ccc23)CC1,7.850250779,0.873418295,Active,0.698412698,TRUE
Cc1cn(-c2cc(C(=O)Nc3csc(-c4nncn4C4CC4)n3)ncc2N2CCN(C)CC2)cn1,Cc1cn(-c2cc(C(=O)Nc3csc(-c4nncn4C4CC4)n3)ncc2N2CCN(C)CC2)cn1,7.489949822,0.873428786,Active,0.721518987,TRUE
CC(NC(=O)c1cc(Br)c(-c2ccnc3[nH]ccc23)s1)c1ccc(F)c(F)c1,CC(NC(=O)c1cc(Br)c(-c2ccnc3[nH]ccc23)s1)c1ccc(F)c(F)c1,7.531134352,0.873552287,Active,0.623188406,TRUE
Cn1ncc(Cl)c1-c1cc(C(=O)NC2CNCCC2c2cccc(F)c2)oc1Cl,Cn1ncc(Cl)c1-c1cc(C(=O)NC2CNCCC2c2cccc(F)c2)oc1Cl,8.295967272,0.873582447,Active,0.833333333,TRUE
CCc1c(N)ncnc1N1CCC(c2nc(-c3ccc(C#N)c(F)c3)cn2CCN2CCC2)CC1,CCc1c(N)ncnc1N1CCC(c2nc(-c3ccc(C#N)c(F)c3)cn2CCN2CCC2)CC1,7.293724726,0.87370553,Active,0.830985915,TRUE
COc1cc(-c2cn(CC3CNC3)c(C3CCN(c4ncnc(N)c4Br)CC3)n2)ccc1F,COc1cc(-c2cn(CC3CNC3)c(C3CCN(c4ncnc(N)c4Br)CC3)n2)ccc1F,8.116922792,0.873737836,Active,0.727272727,TRUE
Cc1[nH]nc2ccc(-c3cncc(OCC(N)Cc4c(F)cccc4F)c3)nc12,Cc1[nH]nc2ccc(-c3cncc(OCC(N)Cc4c(F)cccc4F)c3)nc12,7.326936887,0.873872721,Active,0.661538462,TRUE
Cn1nccc1-c1ccc(C(=O)NC2CNCCC2c2cc(F)cc(F)c2)cc1Cl,Cn1nccc1-c1ccc(C(=O)NC2CNCCC2c2cc(F)cc(F)c2)cc1Cl,7.649432464,0.873965585,Active,0.838709677,TRUE
Cc1cc(-c2cn(CCN3CCC3)c(C3CCN(c4ncnc(N)c4C(F)(F)F)CC3)n2)cc(F)c1C,Cc1cc(-c2cn(CCN3CCC3)c(C3CCN(c4ncnc(N)c4C(F)(F)F)CC3)n2)cc(F)c1C,7.48439384,0.873995864,Active,0.666666667,TRUE
Cc1cc(-c2cn(CCN(C)C(C)C)c(C3CCN(c4ncnc(N)c4OC(C)C)CC3)n2)ccn1,Cc1cc(-c2cn(CCN(C)C(C)C)c(C3CCN(c4ncnc(N)c4OC(C)C)CC3)n2)ccn1,8.058129685,0.874017382,Active,0.7,TRUE
NC1(C(=O)NC(=O)c2cc(Cl)nc(Cl)c2)CCN(c2ncnc3[nH]ccc23)CC1,NC1(C(=O)NC(=O)c2cc(Cl)nc(Cl)c2)CCN(c2ncnc3[nH]ccc23)CC1,7.50199402,0.874147856,Active,0.619047619,TRUE
CC(C)c1c(N)ncnc1N1CCC(c2nc(-c3ccc(Cl)c(C#N)c3)cn2CCN2CCC2)CC1,CC(C)c1c(N)ncnc1N1CCC(c2nc(-c3ccc(Cl)c(C#N)c3)cn2CCN2CCC2)CC1,7.988780027,0.874192441,Active,0.696202532,TRUE
NC1(c2ccc(-c3nc4n(c3-c3ccccc3)COc3ccncc3-4)nc2)CC1,NC1(c2ccc(-c3nc4n(c3-c3ccccc3)COc3ccncc3-4)nc2)CC1,7.632821249,0.874205315,Active,0.737704918,TRUE
CN(C)CCn1cc(-c2ccc(C(F)(F)F)c(F)c2)nc1C1CCN(c2ncnc(N)c2Br)CC1,CN(C)CCn1cc(-c2ccc(C(F)(F)F)c(F)c2)nc1C1CCN(c2ncnc(N)c2Br)CC1,7.811818558,0.87420615,Active,0.885714286,TRUE
NC1(C(=O)NC(CCN2CCCCC2)c2ccc(F)cc2)CCN(c2ncnc3[nH]ccc23)CC1,NC1(C(=O)NC(CCN2CCCCC2)c2ccc(F)cc2)CCN(c2ncnc3[nH]ccc23)CC1,7.754221431,0.874242926,Active,0.850746269,TRUE
Nc1ncnc(N2CCC(c3nc(-c4ccc(F)c(F)c4)cn3CCN3CCCC3)C(O)C2)c1Cl,Nc1ncnc(N2CCC(c3nc(-c4ccc(F)c(F)c4)cn3CCN3CCCC3)C(O)C2)c1Cl,7.854339192,0.874243641,Active,0.774647887,TRUE
N#Cc1cc(Cl)cc(-c2cn(CCN3CCCC3)c(C3CCN(c4ncnc(N)c4Cl)CC3)n2)c1,N#Cc1cc(Cl)cc(-c2cn(CCN3CCCC3)c(C3CCN(c4ncnc(N)c4Cl)CC3)n2)c1,8.047904023,0.874277675,Active,0.708333333,TRUE
Cc1[nH]nc2ccc(-c3cncc(OCC(N)Cc4cccc(C(F)(F)F)c4)c3)nc12,Cc1[nH]nc2ccc(-c3cncc(OCC(N)Cc4cccc(C(F)(F)F)c4)c3)nc12,8.107824917,0.8743644,Active,0.685714286,TRUE
NC(=O)C(Cc1ccccc1)NC(=O)c1ccc(-c2ccnc3[nH]ccc23)s1,NC(=O)C(Cc1ccccc1)NC(=O)c1ccc(-c2ccnc3[nH]ccc23)s1,7.519625042,0.874419773,Active,0.7,TRUE
O=C(Cc1ccc(F)cc1)N1CCN(c2ncnc3[nH]cc(Br)c23)CC1,O=C(Cc1ccc(F)cc1)N1CCN(c2ncnc3[nH]cc(Br)c23)CC1,7.527670889,0.874435329,Active,0.814814815,TRUE
CN(C)CCn1cc(-c2ccc(Cl)c(F)c2)nc1C1CCN(c2ncnc(N)c2Cl)CC1,CN(C)CCn1cc(-c2ccc(Cl)c(F)c2)nc1C1CCN(c2ncnc(N)c2Cl)CC1,7.752361444,0.874507928,Active,0.702702703,TRUE
Cn1nc(-c2ccc(C(=O)NC3CNCCC3c3cccc(F)c3)s2)c2ccncc21,Cn1nc(-c2ccc(C(=O)NC3CNCCC3c3cccc(F)c3)s2)c2ccncc21,7.704952262,0.874576175,Active,0.683544304,TRUE
NC1(C(=O)NC(c2ccc(Cl)cc2)c2ccc(Cl)c(F)c2)CCN(c2ncnc3[nH]ccc23)CC1,NC1(C(=O)NC(c2ccc(Cl)cc2)c2ccc(Cl)c(F)c2)CCN(c2ncnc3[nH]ccc23)CC1,7.627917469,0.874605203,Active,0.784615385,TRUE
CCCNCCn1cc(-c2ccc(F)c(C)c2)nc1C1CCN(c2cc(N)ncn2)CC1,CCCNCCn1cc(-c2ccc(F)c(C)c2)nc1C1CCN(c2cc(N)ncn2)CC1,8.037998767,0.874615276,Active,0.643835616,TRUE
NCC(NC(=O)C1(N)CCN(c2ncnc3[nH]ncc23)CC1)c1ccc(Br)cc1,NCC(NC(=O)C1(N)CCN(c2ncnc3[nH]ncc23)CC1)c1ccc(Br)cc1,7.571371477,0.874664748,Active,0.701492537,TRUE
NC(Cc1ccc(Cl)cc1Cl)C(=O)N1CCN(c2ncnc3[nH]ccc23)CC1,NC(Cc1ccc(Cl)cc1Cl)C(=O)N1CCN(c2ncnc3[nH]ccc23)CC1,8.505463438,0.874711061,Active,0.762711864,TRUE
COc1ccc(-c2cn(CCN3CCCC3)c(C3CCN(c4ncnc(N)c4Cl)CC3)n2)c(F)c1,COc1ccc(-c2cn(CCN3CCCC3)c(C3CCN(c4ncnc(N)c4Cl)CC3)n2)c(F)c1,7.831622734,0.874738777,Active,0.702702703,TRUE
O=C(NC1CNCCC1c1ccc(Br)c(Cl)c1)c1cc2c(s1)CCCn1nccc1-2,O=C(NC1CNCCC1c1ccc(Br)c(Cl)c1)c1cc2c(s1)CCCn1nccc1-2,9.219047439,0.874811256,Active,0.72972973,TRUE
CC(=O)NCCn1cc(-c2ccc(F)c(C)c2)nc1C1CCN(c2ncnc(N)c2Cl)CC1,CC(=O)NCCn1cc(-c2ccc(F)c(C)c2)nc1C1CCN(c2ncnc(N)c2Cl)CC1,8.286106695,0.874833965,Active,0.730769231,TRUE
Cc1cccc2c1CCN2C(=O)Cc1nc(N2CCOCC2)cc(=S)n1C,Cc1cccc2c1CCN2C(=O)Cc1nc(N2CCOCC2)cc(=S)n1C,7.286510752,0.874863648,Active,0.819672131,TRUE
CCCn1c(-c2nonc2N)nc2c(C#CC(C)(C)O)nc(OCC(F)(F)F)cc21,CCCn1c(-c2nonc2N)nc2c(C#CC(C)(C)O)nc(OCC(F)(F)F)cc21,7.99325198,0.874918365,Active,0.705882353,TRUE
Cc1cc(-c2cn(CCNC(C)C)c(C3CCN(c4cc(N)ncn4)CC3)n2)ccc1F,Cc1cc(-c2cn(CCNC(C)C)c(C3CCN(c4cc(N)ncn4)CC3)n2)ccc1F,7.99338263,0.874986851,Active,0.714285714,TRUE
Cc1[nH]nc2ccc(-c3cncc(OCC(N)Cc4cccc(Br)c4)c3)nc12,Cc1[nH]nc2ccc(-c3cncc(OCC(N)Cc4cccc(Br)c4)c3)nc12,7.766384747,0.875124359,Active,0.632352941,TRUE
Cc1c[nH]c2ncnc(N3CCC(N)(CNC(=O)c4ccc(F)c(Br)c4)CC3)c12,Cc1c[nH]c2ncnc(N3CCC(N)(CNC(=O)c4ccc(F)c(Br)c4)CC3)c12,7.57873567,0.875237072,Active,0.705882353,TRUE
Cc1cc(-c2cn(CCCN3CCCC3)c(C3CCN(c4ncnc(N)c4Cl)CC3)n2)ccc1F,Cc1cc(-c2cn(CCCN3CCCC3)c(C3CCN(c4ncnc(N)c4Cl)CC3)n2)ccc1F,8.082333798,0.875277781,Active,0.785714286,TRUE
CS(=O)(=O)Nc1ccc(CC(NC(=O)C2(N)CCN(c3ncnc4[nH]nc(Br)c34)CC2)c2ccc(Cl)cc2)cc1,CS(=O)(=O)Nc1ccc(CC(NC(=O)C2(N)CCN(c3ncnc4[nH]nc(Br)c34)CC2)c2ccc(Cl)cc2)cc1,7.596237261,0.875281715,Active,0.710526316,TRUE
CC(NC(=O)C1(N)CCN(c2ncnc3[nH]cc(Br)c23)CC1)c1ccc(F)cc1,CC(NC(=O)C1(N)CCN(c2ncnc3[nH]cc(Br)c23)CC1)c1ccc(F)cc1,7.987186244,0.875363493,Active,0.836065574,TRUE
Cc1cc(F)cc(-c2cn(CCN3CCC3)c(C3CCN(c4ncnc(N)c4F)CC3)n2)c1,Cc1cc(F)cc(-c2cn(CCN3CCC3)c(C3CCN(c4ncnc(N)c4F)CC3)n2)c1,7.587954021,0.875428164,Active,0.662162162,TRUE
O=C(NC(C(=O)c1ccc(F)cc1)C1CC1)c1cc(Br)c(-c2ccnc3[nH]ccc23)s1,O=C(NC(C(=O)c1ccc(F)cc1)C1CC1)c1cc(Br)c(-c2ccnc3[nH]ccc23)s1,8.037175853,0.875476921,Active,0.638888889,TRUE
Cn1c(Br)cnc1C(NC(=O)C1(N)CCN(c2ncnc3[nH]ccc23)CC1)c1ccc(F)cc1,Cn1c(Br)cnc1C(NC(=O)C1(N)CCN(c2ncnc3[nH]ccc23)CC1)c1ccc(F)cc1,7.771687607,0.875496173,Active,0.695652174,TRUE
NC1(C(=O)NC(c2ccccc2)c2ccc(Cl)cc2)CCN(c2ncnc3[nH]ccc23)C1,NC1(C(=O)NC(c2ccccc2)c2ccc(Cl)cc2)CCN(c2ncnc3[nH]ccc23)C1,7.466697787,0.875694895,Active,0.898305085,TRUE
Nc1ncnc(N2CCC(c3nc(-c4ccc(CO)c(F)c4)cn3CCN3CCCC3)CC2)c1Cl,Nc1ncnc(N2CCC(c3nc(-c4ccc(CO)c(F)c4)cn3CCN3CCCC3)CC2)c1Cl,7.75194044,0.875832999,Active,0.838235294,TRUE
Cc1cc(-c2cn(CCNCCc3ccccc3)c(C3CCN(c4ncnc(N)c4C)CC3)n2)ccc1F,Cc1cc(-c2cn(CCNCCc3ccccc3)c(C3CCN(c4ncnc(N)c4C)CC3)n2)ccc1F,8.035796016,0.875883186,Active,0.654761905,TRUE
CC(CCN)NC(=O)c1cc(Br)c(-c2ccnc3[nH]ccc23)s1,CC(CCN)NC(=O)c1cc(Br)c(-c2ccnc3[nH]ccc23)s1,7.862156489,0.875898683,Active,0.741935484,TRUE
CC(=O)c1c(N)ncnc1N1CCC(c2nc(-c3ccnc(C(F)(F)F)c3)cn2CCN2CCCC2)CC1,CC(=O)c1c(N)ncnc1N1CCC(c2nc(-c3ccnc(C(F)(F)F)c3)cn2CCN2CCCC2)CC1,7.866839371,0.87592783,Active,0.851351351,TRUE
Nc1ncnc(N2CCC(c3nc(-c4cc(F)c(O)c(C(F)(F)F)c4)cn3CCN3CCC3)CC2)c1Cl,Nc1ncnc(N2CCC(c3nc(-c4cc(F)c(O)c(C(F)(F)F)c4)cn3CCN3CCC3)CC2)c1Cl,7.996264947,0.875974739,Active,0.808219178,TRUE
CC(C)(C)C(=O)Nc1nc2ccc(-c3cnc(Cl)c(NS(=O)(=O)c4cccc(F)c4)c3)cc2s1,CC(C)(C)C(=O)Nc1nc2ccc(-c3cnc(Cl)c(NS(=O)(=O)c4cccc(F)c4)c3)cc2s1,7.8066572,0.876003528,Active,0.833333333,TRUE
NC1(C(=O)NC(Cc2ccc(Cl)cc2)C(=O)N2CCN(C(c3ccccc3)c3ccccc3)CC2)CCN(c2ncnc3[nH]ccc23)CC1,NC1(C(=O)NC(Cc2ccc(Cl)cc2)C(=O)N2CCN(C(c3ccccc3)c3ccccc3)CC2)CCN(c2ncnc3[nH]ccc23)CC1,7.570805645,0.876292491,Active,0.675675676,TRUE
Cc1cc(-c2cn(CCN3CCC3)c(C3CCN(c4ncnc(N)c4OCC(F)F)CC3)n2)ccc1F,Cc1cc(-c2cn(CCN3CCC3)c(C3CCN(c4ncnc(N)c4OCC(F)F)CC3)n2)ccc1F,8.243535668,0.876313651,Active,0.849315068,TRUE
NCCCOc1ccc(-c2cn(CCN3CCCC3)c(C3CCN(c4ncnc(N)c4Cl)CC3)n2)cc1F,NCCCOc1ccc(-c2cn(CCN3CCCC3)c(C3CCN(c4ncnc(N)c4Cl)CC3)n2)cc1F,7.610280604,0.876325214,Active,0.802816901,TRUE
Nc1ncnc(N2CCC(c3nc(-c4cccc(Cl)c4F)cn3CCN3CCCC3)CC2)c1Cl,Nc1ncnc(N2CCC(c3nc(-c4cccc(Cl)c4F)cn3CCN3CCCC3)CC2)c1Cl,8.112319245,0.876328075,Active,0.742857143,TRUE
Cc1ccc(-c2cn3ccnc3nc2-c2ccc(CN3CCOC(c4n[nH]c(-c5ccccn5)n4)C3)cc2)cc1,Cc1ccc(-c2cn3ccnc3nc2-c2ccc(CN3CCOC(c4n[nH]c(-c5ccccn5)n4)C3)cc2)cc1,7.389539312,0.876408064,Active,0.675,TRUE
Nc1ncnc(N2CCC(c3nc(-c4ccc(C(F)(F)F)c(F)c4)cn3CCNC3CCCC3)CC2)c1Cl,Nc1ncnc(N2CCC(c3nc(-c4ccc(C(F)(F)F)c(F)c4)cn3CCNC3CCCC3)CC2)c1Cl,8.062595713,0.876479053,Active,0.730769231,TRUE
Nc1[nH]nc2ccc(-c3cncc(OCC(N)Cc4cc(F)ccc4Cl)c3)cc12,Nc1[nH]nc2ccc(-c3cncc(OCC(N)Cc4cc(F)ccc4Cl)c3)cc12,7.797401705,0.876510167,Active,0.608695652,TRUE
Cc1c(OCC(N)Cc2c[nH]c3ccccc23)cncc1-c1ccc2[nH]nc(C)c2c1,Cc1c(OCC(N)Cc2c[nH]c3ccccc23)cncc1-c1ccc2[nH]nc(C)c2c1,8.653640918,0.876549029,Active,0.738461538,TRUE
Cc1cc(-c2cn(CCNCC(F)(F)F)c(C3CCN(c4ncnc(N)c4F)CC3)n2)ccc1F,Cc1cc(-c2cn(CCNCC(F)(F)F)c(C3CCN(c4ncnc(N)c4F)CC3)n2)ccc1F,8.043562323,0.876570964,Active,0.7,TRUE
Cc1cc(-c2cn(CCN(C)C)c(C3CCN(c4ncnc(N)c4F)CC3)n2)ccc1F,Cc1cc(-c2cn(CCN(C)C)c(C3CCN(c4ncnc(N)c4F)CC3)n2)ccc1F,7.929613508,0.876572275,Active,0.838235294,TRUE
Cn1ncc(Br)c1-c1ccc(C(=O)NC2CNCCC2c2cccc(Cl)c2)s1,Cn1ncc(Br)c1-c1ccc(C(=O)NC2CNCCC2c2cccc(Cl)c2)s1,8.29560555,0.876783991,Active,0.823529412,TRUE
Cc1nc(CC(=O)N2CCc3c(Cl)cccc32)nc(N2CCOC(C)C2)c1Cl,Cc1nc(CC(=O)N2CCc3c(Cl)cccc32)nc(N2CCOC(C)C2)c1Cl,7.623138912,0.876849556,Active,0.630136986,TRUE
O=C(NC1CNCCC1c1ccc(F)nc1)c1cc2c(s1)OCCn1ncc(Br)c1-2,O=C(NC1CNCCC1c1ccc(F)nc1)c1cc2c(s1)OCCn1ncc(Br)c1-2,9.206714622,0.876923227,Active,0.824324324,TRUE
Cn1cnnc1C(NC(=O)C1(N)CCN(c2ncnc3[nH]ccc23)CC1)c1ccccc1Cl,Cn1cnnc1C(NC(=O)C1(N)CCN(c2ncnc3[nH]ccc23)CC1)c1ccccc1Cl,7.962327877,0.87693032,Active,0.621621622,TRUE
CCn1cc(-c2ccc(F)c(C)c2)nc1C1CCN(c2ncnc(N)c2C(=O)NC2CC2)CC1,CCn1cc(-c2ccc(F)c(C)c2)nc1C1CCN(c2ncnc(N)c2C(=O)NC2CC2)CC1,7.701182416,0.876974189,Active,0.717948718,TRUE
N#Cc1c(N)ncnc1N1CCC(c2nc(-c3ccc(C(F)(F)F)c(F)c3)cn2CCN2CCC2)CC1,N#Cc1c(N)ncnc1N1CCC(c2nc(-c3ccc(C(F)(F)F)c(F)c3)cn2CCN2CCC2)CC1,7.767653013,0.877042496,Active,0.888888889,TRUE
O=C(NC1CNCCC1c1cccs1)c1cc2c(s1)OCCn1ncc(Br)c1-2,O=C(NC1CNCCC1c1cccs1)c1cc2c(s1)OCCn1ncc(Br)c1-2,9.236074939,0.877043152,Active,0.756756757,TRUE
CCC(NC(=O)C1(N)CCN(c2ncnc3[nH]cc(C)c23)CC1)c1ccc(Cl)cc1,CCC(NC(=O)C1(N)CCN(c2ncnc3[nH]cc(C)c23)CC1)c1ccc(Cl)cc1,7.991957583,0.877046788,Active,0.84375,TRUE
CC(NC(=O)C1(CCNC(=O)c2cc(F)cc(F)c2F)CCN(c2ncnc3[nH]ccc23)CC1)c1ccc(Cl)cc1,CC(NC(=O)C1(CCNC(=O)c2cc(F)cc(F)c2F)CCN(c2ncnc3[nH]ccc23)CC1)c1ccc(Cl)cc1,7.748571998,0.877141559,Active,0.688311688,TRUE
CCc1c(N)ncnc1N1CCC(c2nc(-c3ccc(F)c(C)c3)cn2CC2CCNCC2)CC1,CCc1c(N)ncnc1N1CCC(c2nc(-c3ccc(F)c(C)c3)cn2CC2CCNCC2)CC1,8.00902545,0.877262676,Active,0.871428571,TRUE
O=C(N1CCN(c2ncnc3[nH]cnc23)CC1)C1(c2ccc(Cl)c(Cl)c2)CCCC1,O=C(N1CCN(c2ncnc3[nH]cnc23)CC1)C1(c2ccc(Cl)c(Cl)c2)CCCC1,7.512010132,0.877295458,Active,0.646153846,TRUE
COc1nc(C)c(C(=O)NCC2(N)CCN(c3ncnc4[nH]cc(Cl)c34)CC2)cc1F,COc1nc(C)c(C(=O)NCC2(N)CCN(c3ncnc4[nH]cc(Cl)c34)CC2)cc1F,7.662888573,0.877303922,Active,0.631578947,TRUE
Cn1nc(-c2ccc(C(=O)NC3CNCCC3c3cc(F)cc(F)c3)cc2)c2c(Cl)cccc21,Cn1nc(-c2ccc(C(=O)NC3CNCCC3c3cc(F)cc(F)c3)cc2)c2c(Cl)cccc21,7.313808558,0.877308273,Active,0.613333333,TRUE
COc1c(C)cc(-c2cn(CCN3CCC3)c(C3CCN(c4ncnc(N)c4C)CC3)n2)cc1F,COc1c(C)cc(-c2cn(CCN3CCC3)c(C3CCN(c4ncnc(N)c4C)CC3)n2)cc1F,7.696864674,0.877329373,Active,0.679487179,TRUE
NC1(C(=O)NCc2ccc(Cl)c(Cl)c2)CCN(c2ncnc3[nH]ccc23)CC1,NC1(C(=O)NCc2ccc(Cl)c(Cl)c2)CCN(c2ncnc3[nH]ccc23)CC1,7.753051391,0.877427244,Active,0.807017544,TRUE
Cn1nccc1-c1ccc(C(=O)NC2CNCCC2c2cc(F)cc(F)c2)nc1C1CC1,Cn1nccc1-c1ccc(C(=O)NC2CNCCC2c2cc(F)cc(F)c2)nc1C1CC1,7.879702804,0.877549851,Active,0.705882353,TRUE
O=C(N1CCN(c2ncnc3[nH]ccc23)CC1)C1(c2ccc(Cl)cc2)CC1,O=C(N1CCN(c2ncnc3[nH]ccc23)CC1)C1(c2ccc(Cl)cc2)CC1,7.489929953,0.877599442,Active,0.886792453,TRUE
Cn1nccc1-c1ccc(C(=O)NC2CNCCC2c2ccc(F)c(Cl)c2)s1,Cn1nccc1-c1ccc(C(=O)NC2CNCCC2c2ccc(F)c(Cl)c2)s1,8.291993013,0.877647007,Active,0.8125,TRUE
CN(C)CCn1cc(-c2ccc(F)c(F)c2)nc1C1CCN(c2ncnc(N)c2Cl)CC1,CN(C)CCn1cc(-c2ccc(F)c(F)c2)nc1C1CCN(c2ncnc(N)c2Cl)CC1,8.062236337,0.877731824,Active,0.779411765,TRUE
O=C(N1CCN(c2ncnc3[nH]cc(Br)c23)CC1)C1(c2ccc(Cl)cn2)CC1,O=C(N1CCN(c2ncnc3[nH]cc(Br)c23)CC1)C1(c2ccc(Cl)cn2)CC1,7.581599169,0.87777468,Active,0.703125,TRUE
O=CC(NC(=O)c1cc(Br)c(-c2ccnc3[nH]ccc23)s1)C1CCCC1,O=CC(NC(=O)c1cc(Br)c(-c2ccnc3[nH]ccc23)s1)C1CCCC1,7.839842367,0.877869093,Active,0.666666667,TRUE
CC(C)NCCn1cc(-c2ccc(F)cc2)nc1C1CCN(c2ncnc(N)c2Cl)CC1,CC(C)NCCn1cc(-c2ccc(F)cc2)nc1C1CCN(c2ncnc(N)c2Cl)CC1,8.212152908,0.877873862,Active,0.76119403,TRUE
Cc1nc(C2CCNCC2NC(=O)c2cc3c(s2)OCCn2ncc(Br)c2-3)cs1,Cc1nc(C2CCNCC2NC(=O)c2cc3c(s2)OCCn2ncc(Br)c2-3)cs1,8.844299928,0.877904975,Active,0.727272727,TRUE
CCn1cc(-c2ccc(F)c(C)c2)nc1C1CCN(c2ncnc(N)c2C2CCOC2)CC1,CCn1cc(-c2ccc(F)c(C)c2)nc1C1CCN(c2ncnc(N)c2C2CCOC2)CC1,7.588608168,0.877937162,Active,0.6125,TRUE
NC(COc1cncc(-c2ccc3[nH]nc(-c4ccoc4)c3c2)c1)Cc1cccc(Cl)c1,NC(COc1cncc(-c2ccc3[nH]nc(-c4ccoc4)c3c2)c1)Cc1cccc(Cl)c1,7.756974483,0.877987707,Active,0.746268657,TRUE
Cc1[nH]nc2ccc(-c3cncc(OCC(N)Cc4ccc(Cl)cc4)c3)nc12,Cc1[nH]nc2ccc(-c3cncc(OCC(N)Cc4ccc(Cl)cc4)c3)nc12,7.618698488,0.87809124,Active,0.615384615,TRUE
C=Cc1cc(-c2cn(CCN3CCC3)c(C3CCN(c4ncnc(N)c4Br)CC3)n2)ccn1,C=Cc1cc(-c2cn(CCN3CCC3)c(C3CCN(c4ncnc(N)c4Br)CC3)n2)ccn1,8.8439458,0.878098154,Active,0.753424658,TRUE
NC1(c2ccc(-c3nc4n(c3-c3ccccc3)COc3ccc(C(F)(F)F)nc3-4)cc2)CC1,NC1(c2ccc(-c3nc4n(c3-c3ccccc3)COc3ccc(C(F)(F)F)nc3-4)cc2)CC1,7.371453015,0.87810775,Active,0.655737705,TRUE
NC(=O)CCC(NC(=O)c1cc(Br)c(-c2ccnc3[nH]ccc23)s1)C(=O)NC1CCCC1,NC(=O)CCC(NC(=O)c1cc(Br)c(-c2ccnc3[nH]ccc23)s1)C(=O)NC1CCCC1,7.806971512,0.878115499,Active,0.618421053,TRUE
NC1(c2ccc(-c3nc4n(c3-c3ccccc3)COc3cccc(F)c3-4)cc2)Cc2nncn2C1,NC1(c2ccc(-c3nc4n(c3-c3ccccc3)COc3cccc(F)c3-4)cc2)Cc2nncn2C1,7.938166062,0.878116453,Active,0.701492537,TRUE
Cn1ncc(Br)c1-c1ccc(C(=O)NC2CNCCC2c2cccc(Br)c2)s1,Cn1ncc(Br)c1-c1ccc(C(=O)NC2CNCCC2c2cccc(Br)c2)s1,8.149828251,0.878203833,Active,0.848484848,TRUE
CN(C)CCn1cc(-c2ccc(Cl)c(OC(F)F)c2)nc1C1CCN(c2ncnc(N)c2Br)CC1,CN(C)CCn1cc(-c2ccc(Cl)c(OC(F)F)c2)nc1C1CCN(c2ncnc(N)c2Br)CC1,7.881216838,0.878259981,Active,0.679012346,TRUE
Cn1nccc1-c1ccc(C(=O)NC2CNCCC2c2ccccc2Cl)s1,Cn1nccc1-c1ccc(C(=O)NC2CNCCC2c2ccccc2Cl)s1,7.963984021,0.87831887,Active,0.75,TRUE
COc1ccc(-c2cn(CCN3CCCC3)c(C3CCN(c4ncnc(N)c4Cl)CC3F)n2)cc1,COc1ccc(-c2cn(CCN3CCCC3)c(C3CCN(c4ncnc(N)c4Cl)CC3F)n2)cc1,7.653817586,0.878332579,Active,0.7,TRUE
Cc1cc(-c2cn(CCNCCCN(C)C)c(C3CCN(c4ncnc(N)c4F)CC3)n2)ccc1F,Cc1cc(-c2cn(CCNCCCN(C)C)c(C3CCN(c4ncnc(N)c4F)CC3)n2)ccc1F,7.895217116,0.878478432,Active,0.705128205,TRUE
Cc1nc(N)nc2c1nc(-c1cccnc1F)c(=O)n2C1CCC(OCCO)CC1,Cc1nc(N)nc2c1nc(-c1cccnc1F)c(=O)n2C1CCC(OCCO)CC1,7.793355347,0.878543937,Active,0.7,TRUE
Cn1cc(C(NC(=O)C2(N)CCN(c3ncnc4[nH]ccc34)CC2)c2ccc(Cl)c(Cl)c2)cn1,Cn1cc(C(NC(=O)C2(N)CCN(c3ncnc4[nH]ccc34)CC2)c2ccc(Cl)c(Cl)c2)cn1,7.508230243,0.87860837,Active,0.652777778,TRUE
COc1ncccc1-c1cc2c(C)nc(N)nc2n(C2CCC(OCO)CC2)c1=O,COc1ncccc1-c1cc2c(C)nc(N)nc2n(C2CCC(OCO)CC2)c1=O,7.714287668,0.87862184,Active,0.7,TRUE
NC(=O)CC(NC(=O)c1cc(Br)c(-c2ccnc3[nH]ccc23)s1)c1ccccc1F,NC(=O)CC(NC(=O)c1cc(Br)c(-c2ccnc3[nH]ccc23)s1)c1ccccc1F,7.943260385,0.878633642,Active,0.68115942,TRUE
COc1c(N)ncnc1N1CCC(c2nc(-c3ccc(C#N)c(Cl)c3)cn2CCN2CCCC2)CC1,COc1c(N)ncnc1N1CCC(c2nc(-c3ccc(C#N)c(Cl)c3)cn2CCN2CCCC2)CC1,7.858492082,0.878778064,Active,0.725,TRUE
COc1c(N)ncnc1N1CCC(c2nc(-c3ccc(F)c(C)c3)cn2CC2CCNCC2)CC1,COc1c(N)ncnc1N1CCC(c2nc(-c3ccc(F)c(C)c3)cn2CC2CCNCC2)CC1,8.182703858,0.878851736,Active,0.873239437,TRUE
CNc1ccc(-c2cn(CCN3CCCC3)c(C3CCN(c4ncnc(N)c4Cl)CC3)n2)cc1F,CNc1ccc(-c2cn(CCN3CCCC3)c(C3CCN(c4ncnc(N)c4Cl)CC3)n2)cc1F,7.561947846,0.878920579,Active,0.826086957,TRUE
Cn1ncc(Br)c1-c1ccc(C(=O)NC2CNCCC2c2cncc(F)c2)s1,Cn1ncc(Br)c1-c1ccc(C(=O)NC2CNCCC2c2cncc(F)c2)s1,8.152296922,0.879036391,Active,0.835820896,TRUE
Cc1cnn(C)c1-c1cc(C(=O)NC2CNCCC2c2cccc(F)c2)oc1Cl,Cc1cnn(C)c1-c1cc(C(=O)NC2CNCCC2c2cccc(F)c2)oc1Cl,7.993088358,0.879047775,Active,0.72,TRUE
Nc1ncnc(N2CCC(c3nc(-c4cc(F)cc(C(F)(F)F)c4)cn3CCN3CCCC3)CC2)c1Cl,Nc1ncnc(N2CCC(c3nc(-c4cc(F)cc(C(F)(F)F)c4)cn3CCN3CCCC3)CC2)c1Cl,8.075241173,0.879064167,Active,0.76056338,TRUE
CCc1c(N)ncnc1N1CCC(c2nc(-c3cc(Cl)ccc3OC(F)F)cn2CCN(C)C)CC1,CCc1c(N)ncnc1N1CCC(c2nc(-c3cc(Cl)ccc3OC(F)F)cn2CCN(C)C)CC1,7.865907595,0.879075432,Active,0.646341463,TRUE
Cn1ncc(Br)c1-c1cc(C(=O)NC2CNCCC2c2ccccc2Cl)oc1Cl,Cn1ncc(Br)c1-c1cc(C(=O)NC2CNCCC2c2ccccc2Cl)oc1Cl,7.775292395,0.879228854,Active,0.714285714,TRUE
CCOc1c(N)ncnc1N1CCC(c2nc(-c3ccc(F)c(OC)c3)cn2CCN2CCC2)CC1,CCOc1c(N)ncnc1N1CCC(c2nc(-c3ccc(F)c(OC)c3)cn2CCN2CCC2)CC1,8.220202602,0.879400635,Active,0.835616438,TRUE
O=C(NC1CNCCC1c1ccsc1)c1cc2c(s1)CCCn1ncc(Br)c1-2,O=C(NC1CNCCC1c1ccsc1)c1cc2c(s1)CCCn1ncc(Br)c1-2,9.490727534,0.879451656,Active,0.777777778,TRUE
c1ccc(-c2cn3nccc3nc2-c2ccc(CN3CC(c4n[nH]c(-c5ccccn5)n4)C3)cc2)cc1,c1ccc(-c2cn3nccc3nc2-c2ccc(CN3CC(c4n[nH]c(-c5ccccn5)n4)C3)cc2)cc1,7.6598934,0.879453743,Active,0.712328767,TRUE
NC1(C(=O)NC(CNC(=O)c2ccc(Cl)cc2)Cc2ccccc2)CCN(c2ncnc3[nH]ccc23)CC1,NC1(C(=O)NC(CNC(=O)c2ccc(Cl)cc2)Cc2ccccc2)CCN(c2ncnc3[nH]ccc23)CC1,7.647835576,0.879550362,Active,0.666666667,TRUE
O=C(NCC1CCCNC1)c1cc(Br)c(-c2ccnc3[nH]ccc23)s1,O=C(NCC1CCCNC1)c1cc(Br)c(-c2ccnc3[nH]ccc23)s1,7.903478276,0.879581118,Active,0.625,TRUE
CC(=O)Nc1nc2ccc(-c3cnc(Cl)c(NS(=O)(=O)c4ccc(Cl)c(Cl)c4)c3)cc2s1,CC(=O)Nc1nc2ccc(-c3cnc(Cl)c(NS(=O)(=O)c4ccc(Cl)c(Cl)c4)c3)cc2s1,8.01989768,0.879661524,Active,0.836065574,TRUE
COc1nn2c(-c3ccccc3)c(-c3ccc(C4(N)CCC4)cc3)nc2cc1C,COc1nn2c(-c3ccccc3)c(-c3ccc(C4(N)CCC4)cc3)nc2cc1C,7.624162772,0.879759693,Active,0.706896552,TRUE
Cc1cnc(C(=O)Nc2csc(-c3nncn3C3CC3)n2)cc1-n1cnc(C2CC2)c1,Cc1cnc(C(=O)Nc2csc(-c3nncn3C3CC3)n2)cc1-n1cnc(C2CC2)c1,8.00428576,0.87988981,Active,0.783783784,TRUE
Cn1ncc(Br)c1-c1cc(C(=O)NC(CN)Cc2cc(F)c(F)cc2F)oc1Cl,Cn1ncc(Br)c1-c1cc(C(=O)NC(CN)Cc2cc(F)c(F)cc2F)oc1Cl,8.092745188,0.879921281,Active,0.666666667,TRUE
Cn1nccc1-c1ccc(C(=O)NC2CNCCC2c2cccc(-c3cccnc3)c2)s1,Cn1nccc1-c1ccc(C(=O)NC2CNCCC2c2cccc(-c3cccnc3)c2)s1,7.437488374,0.879982197,Active,0.757142857,TRUE
Nc1ncnc(N2CCC(c3nc(-c4ccc(F)c(Cl)c4)cn3CCN3CCC3)CC2)c1F,Nc1ncnc(N2CCC(c3nc(-c4ccc(F)c(Cl)c4)cn3CCN3CCC3)CC2)c1F,8.190755672,0.88003602,Active,0.826086957,TRUE
CC(C)NCCn1cc(-c2ccc(F)c(C#N)c2)nc1C1CCN(c2ncnc(N)c2F)CC1,CC(C)NCCn1cc(-c2ccc(F)c(C#N)c2)nc1C1CCN(c2ncnc(N)c2F)CC1,8.120946598,0.880057716,Active,0.756410256,TRUE
CNCCn1cc(-c2ccc(F)c(C)c2)nc1C1CCN(c2ncnc(N)c2C)CC1,CNCCn1cc(-c2ccc(F)c(C)c2)nc1C1CCN(c2ncnc(N)c2C)CC1,8.168338261,0.88016417,Active,0.814285714,TRUE
Cc1cc(-c2cn(CC3CCCN3)c(C3CCN(c4ncnc(N)c4Cl)CC3)n2)ccc1F,Cc1cc(-c2cn(CC3CCCN3)c(C3CCN(c4ncnc(N)c4Cl)CC3)n2)ccc1F,7.852938478,0.880176687,Active,0.736842105,TRUE
CNCCn1cc(-c2ccc(F)c(C)c2)nc1C1CCN(c2cc(N)ncn2)CC1F,CNCCn1cc(-c2ccc(F)c(C)c2)nc1C1CCN(c2cc(N)ncn2)CC1F,7.975849751,0.88018378,Active,0.730769231,TRUE
Cc1[nH]nc2ncc(-c3cncc(OCC(N)Cc4ccc(F)c(F)c4)c3)cc12,Cc1[nH]nc2ncc(-c3cncc(OCC(N)Cc4ccc(F)c(F)c4)c3)cc12,7.833064954,0.880202436,Active,0.626865672,TRUE
Cc1cc(-c2cn(CCNC(C)C)c(C3CCN(c4ncncc4F)CC3)n2)ccc1F,Cc1cc(-c2cn(CCNC(C)C)c(C3CCN(c4ncncc4F)CC3)n2)ccc1F,7.816771663,0.88020786,Active,0.723684211,TRUE
CC1Cc2cc(F)ccc2N1C(=O)Cc1nc(=O)c(Br)c(N2CCOCC2)[nH]1,CC1Cc2cc(F)ccc2N1C(=O)Cc1nc(=O)c(Br)c(N2CCOCC2)[nH]1,7.994104699,0.880230153,Active,0.720588235,TRUE
NC1(C(=O)NC(CC(F)(F)F)c2ccccc2)CCN(c2ncnc3[nH]cc(Cl)c23)CC1,NC1(C(=O)NC(CC(F)(F)F)c2ccccc2)CCN(c2ncnc3[nH]cc(Cl)c23)CC1,7.968373423,0.88023355,Active,0.685714286,TRUE
Cc1c[nH]c2ncnc(N3CCN(C(=O)NCCc4ccc(Cl)cc4)CC3)c12,Cc1c[nH]c2ncnc(N3CCN(C(=O)NCCc4ccc(Cl)cc4)CC3)c12,7.842474298,0.880306804,Active,0.682539683,TRUE
NC1(c2ccc(-c3nc4n(c3-c3ccccn3)COc3cccnc3-4)cc2)CC1,NC1(c2ccc(-c3nc4n(c3-c3ccccn3)COc3cccnc3-4)cc2)CC1,7.429375867,0.880413437,Active,0.754385965,TRUE
Cc1cc(-c2cn(CCN3CCCC3)c(C3CCN(c4ncnc(N)c4CCN(C)C)CC3)n2)ccc1F,Cc1cc(-c2cn(CCN3CCCC3)c(C3CCN(c4ncnc(N)c4CCN(C)C)CC3)n2)ccc1F,7.670152762,0.880492532,Active,0.821917808,TRUE
CC(NC(=O)C(CC(N)O)NC(=O)c1cc(Br)c(-c2ccnc3[nH]ccc23)s1)c1ccc(F)cc1,CC(NC(=O)C(CC(N)O)NC(=O)c1cc(Br)c(-c2ccnc3[nH]ccc23)s1)c1ccc(F)cc1,7.744357141,0.880505228,Active,0.61038961,TRUE
NC(COc1cncc(-c2ccc3[nH]nc(-c4ccoc4)c3c2)c1)Cc1c[nH]c2ccccc12,NC(COc1cncc(-c2ccc3[nH]nc(-c4ccoc4)c3c2)c1)Cc1c[nH]c2ccccc12,8.278678882,0.880509341,Active,0.818181818,TRUE
Nc1ncnc(N2CCC(c3nc(-c4ccc(F)c(C(F)(F)F)c4)cn3CC3CCNCC3)C(F)C2)c1Cl,Nc1ncnc(N2CCC(c3nc(-c4ccc(F)c(C(F)(F)F)c4)cn3CC3CCNCC3)C(F)C2)c1Cl,7.88705272,0.880515182,Active,0.792207792,TRUE
CCOc1cccc(-c2cn(CCN3CCCC3)c(C3CCN(c4ncnc(N)c4Cl)CC3)n2)c1,CCOc1cccc(-c2cn(CCN3CCCC3)c(C3CCN(c4ncnc(N)c4Cl)CC3)n2)c1,7.91158837,0.880594933,Active,0.774647887,TRUE
CN(C)CCn1cc(-c2ccccc2F)nc1C1CCN(c2ncnc(N)c2Br)CC1,CN(C)CCn1cc(-c2ccccc2F)nc1C1CCN(c2ncnc(N)c2Br)CC1,8.017837316,0.88067075,Active,0.702702703,TRUE
COc1ccc(F)c(F)c1-c1cn(CCN(C)C)c(C2CCN(c3ncnc(N)c3Br)CC2)n1,COc1ccc(F)c(F)c1-c1cn(CCN(C)C)c(C2CCN(c3ncnc(N)c3Br)CC2)n1,7.920443672,0.880697334,Active,0.670886076,TRUE
Cc1ccc(-c2cn(CCNCC3CC3)c(C3CCN(c4ncnc(N)c4F)CC3)n2)cc1F,Cc1ccc(-c2cn(CCNCC3CC3)c(C3CCN(c4ncnc(N)c4F)CC3)n2)cc1F,7.563186434,0.880875015,Active,0.730769231,TRUE
Cc1cc2ncnc(N3CCN(C(=O)C4(c5ccc(Cl)cc5)CCNCC4)CC3)c2s1,Cc1cc2ncnc(N3CCN(C(=O)C4(c5ccc(Cl)cc5)CCNCC4)CC3)c2s1,7.162431219,0.880885506,Active,0.621212121,TRUE
CN(C)c1ccc(-c2cn(CCN3CCCC3)c(C3CCN(c4ncnc(N)c4Br)CC3)n2)cc1F,CN(C)c1ccc(-c2cn(CCN3CCCC3)c(C3CCN(c4ncnc(N)c4Br)CC3)n2)cc1F,7.708100348,0.880888307,Active,0.826086957,TRUE
CC1CCN(c2cnc(C(=O)Nc3csc(-c4nncn4C(F)(F)CF)n3)cc2-n2cnc(C3CC3)c2)C1,CC1CCN(c2cnc(C(=O)Nc3csc(-c4nncn4C(F)(F)CF)n3)cc2-n2cnc(C3CC3)c2)C1,8.413361538,0.880972648,Active,0.659090909,TRUE
CCc1c(N)ncnc1N1CCC(c2nc(-c3ccnc(C(F)(F)F)c3)cn2CCNCC2CC2)CC1,CCc1c(N)ncnc1N1CCC(c2nc(-c3ccnc(C(F)(F)F)c3)cn2CCNCC2CC2)CC1,8.239164522,0.880984509,Active,0.837837838,TRUE
CCc1c(N)ncnc1N1CCC(c2nc(-c3ccc(F)c(Cl)c3)cn2CCNC(C)=O)CC1,CCc1c(N)ncnc1N1CCC(c2nc(-c3ccc(F)c(Cl)c3)cn2CCNC(C)=O)CC1,8.25901721,0.881074929,Active,0.753246753,TRUE
NC1(C(=O)NC(CF)c2ccc(F)c(Cl)c2)CCN(c2ncnc3[nH]ccc23)CC1,NC1(C(=O)NC(CF)c2ccc(F)c(Cl)c2)CCN(c2ncnc3[nH]ccc23)CC1,7.768522957,0.881279433,Active,0.710144928,TRUE
Cc1ncc(C(N)=O)c(N2CCC(c3nc(-c4ccc(F)c(C)c4)cn3CCN3CCC3)CC2)n1,Cc1ncc(C(N)=O)c(N2CCC(c3nc(-c4ccc(F)c(C)c4)cn3CCN3CCC3)CC2)n1,7.805107247,0.881373072,Active,0.727272727,TRUE
Cn1ncc(Cl)c1-c1ccc(C(=O)NC2CNCC2c2cccc(Cl)c2)s1,Cn1ncc(Cl)c1-c1ccc(C(=O)NC2CNCC2c2cccc(Cl)c2)s1,8.143833412,0.881478512,Active,0.724637681,TRUE
CN(C)CCn1cc(-c2cccc(F)c2)nc1C1CCN(c2ncnc(N)c2Cl)CC1F,CN(C)CCn1cc(-c2cccc(F)c2)nc1C1CCN(c2ncnc(N)c2Cl)CC1F,7.820512852,0.881486022,Active,0.8,TRUE
Cc1cc(-c2cn(CC3CCNCC3)c(C3CCN(c4ncnc(N)c4C#N)CC3)n2)ccc1F,Cc1cc(-c2cn(CC3CCNCC3)c(C3CCN(c4ncnc(N)c4C#N)CC3)n2)ccc1F,8.00041522,0.881535077,Active,0.875,TRUE
CC(C)NCCn1cc(-c2ccc(F)c(C(F)(F)F)c2)nc1C1CCN(c2ncsc2C(N)=O)CC1,CC(C)NCCn1cc(-c2ccc(F)c(C(F)(F)F)c2)nc1C1CCN(c2ncsc2C(N)=O)CC1,7.802873316,0.881923759,Active,0.756097561,TRUE
CNC(=O)Cn1cc(-c2ccc(F)c(C(F)(F)F)c2)nc1C1CCN(c2ncnc(N)c2Cl)CC1F,CNC(=O)Cn1cc(-c2ccc(F)c(C(F)(F)F)c2)nc1C1CCN(c2ncnc(N)c2Cl)CC1F,8.088230241,0.882064784,Active,0.772151899,TRUE
Cc1c[nH]c2ncnc(N3CCC(N)(C(=O)NC(CC(=O)O)c4cccs4)CC3)c12,Cc1c[nH]c2ncnc(N3CCC(N)(C(=O)NC(CC(=O)O)c4cccs4)CC3)c12,7.487801143,0.882084215,Active,0.605263158,TRUE
Cn1ncc(C2(c3ccc(F)cc3)CC2)c1-c1ccc(C(=O)NC2CNCCC2c2cccc(F)c2)cc1,Cn1ncc(C2(c3ccc(F)cc3)CC2)c1-c1ccc(C(=O)NC2CNCCC2c2cccc(F)c2)cc1,7.501810669,0.882106447,Active,0.726027397,TRUE
CNC(=O)c1cc(-c2cn(CCN3CCCC3)c(C3CCN(c4ncnc(N)c4Cl)CC3)n2)ccc1F,CNC(=O)c1cc(-c2cn(CCN3CCCC3)c(C3CCN(c4ncnc(N)c4Cl)CC3)n2)ccc1F,7.777705753,0.882267201,Active,0.77027027,TRUE
CNC(=O)C(CCCC1CCCCC1)NC(=O)c1cc(Br)c(-c2ccnc3[nH]ccc23)s1,CNC(=O)C(CCCC1CCCCC1)NC(=O)c1cc(Br)c(-c2ccnc3[nH]ccc23)s1,8.062879253,0.882371211,Active,0.666666667,TRUE
NC1(CNC(=O)c2cccc(Cl)c2Cl)CCN(c2ncnc3[nH]cc(Cl)c23)CC1,NC1(CNC(=O)c2cccc(Cl)c2Cl)CCN(c2ncnc3[nH]cc(Cl)c23)CC1,7.607301985,0.882435703,Active,0.651515152,TRUE
CCN(CC)CCn1cc(-c2ccc(F)c(C)c2)nc1C1CCN(c2cc(N)ncn2)CC1,CCN(CC)CCn1cc(-c2ccc(F)c(C)c2)nc1C1CCN(c2cc(N)ncn2)CC1,7.950693654,0.882651353,Active,0.739726027,TRUE
CC(C)NCCn1cc(-c2cncc(F)c2)nc1C1CCN(c2ncnc(N)c2Br)CC1,CC(C)NCCn1cc(-c2cncc(F)c2)nc1C1CCN(c2ncnc(N)c2Br)CC1,8.157013684,0.882728243,Active,0.615384615,TRUE
CNCCn1cc(-c2ccc(F)c(C)c2)nc1C1CCN(c2ncnc(N)c2Cl)CC1,CNCCn1cc(-c2ccc(F)c(C)c2)nc1C1CCN(c2ncnc(N)c2Cl)CC1,8.27027768,0.88276335,Active,0.791666667,TRUE
Cc1c(=O)n(C)nc2ccc(-c3cncc(OCC(N)Cc4ccc(Cl)c(Cl)c4)c3)cc12,Cc1c(=O)n(C)nc2ccc(-c3cncc(OCC(N)Cc4ccc(Cl)c(Cl)c4)c3)cc12,7.613410747,0.883094692,Active,0.628571429,TRUE
Cc1nc(-c2c(Br)cnn2C)sc1C(=O)NC1CNCCC1c1cccc(F)c1,Cc1nc(-c2c(Br)cnn2C)sc1C(=O)NC1CNCCC1c1cccc(F)c1,8.008445689,0.883117402,Active,0.716216216,TRUE
CN(CCn1cc(-c2ccc(F)c(C(F)(F)F)c2)nc1C1CCN(c2ncnc(N)c2C(N)=O)CC1)C(C)(C)C,CN(CCn1cc(-c2ccc(F)c(C(F)(F)F)c2)nc1C1CCN(c2ncnc(N)c2C(N)=O)CC1)C(C)(C)C,7.482111604,0.883126879,Active,0.881578947,TRUE
Cn1ncc(Br)c1-c1ccc(C(=O)NC2CNCCC2c2ccc(F)cc2)s1,Cn1ncc(Br)c1-c1ccc(C(=O)NC2CNCCC2c2ccc(F)cc2)s1,8.041314865,0.883330727,Active,0.818181818,TRUE
O=C(NC1CNCCC1c1ccc(F)cc1)c1cc2c(s1)OCCn1ncc(Br)c1-2,O=C(NC1CNCCC1c1ccc(F)cc1)c1cc2c(s1)OCCn1ncc(Br)c1-2,9.354079144,0.883687699,Active,0.85915493,TRUE
Nc1ncnc(N2CCC(c3nc(-c4ccc(Cl)c(Cl)c4)cn3CCN3CCCC3)CC2)c1Br,Nc1ncnc(N2CCC(c3nc(-c4ccc(Cl)c(Cl)c4)cn3CCN3CCCC3)CC2)c1Br,7.992095025,0.883995497,Active,0.863636364,TRUE
Cc1[nH]nc2cnc(-c3cncc(OCC(N)Cc4c[nH]c5ccc(F)cc45)c3)cc12,Cc1[nH]nc2cnc(-c3cncc(OCC(N)Cc4c[nH]c5ccc(F)cc45)c3)cc12,8.610272744,0.884030545,Active,0.638888889,TRUE
NC(COc1cnc(Cl)c(-c2cc(F)c3nc(C4CC4)ccc3c2)c1)Cc1c[nH]c2ccccc12,NC(COc1cnc(Cl)c(-c2cc(F)c3nc(C4CC4)ccc3c2)c1)Cc1c[nH]c2ccccc12,8.082399169,0.884047592,Active,0.636363636,TRUE
Cc1cc(-c2ccnn2C)ccc1C(=O)NC1CNCCC1c1ccc(F)c(F)c1,Cc1cc(-c2ccnn2C)ccc1C(=O)NC1CNCCC1c1ccc(F)c(F)c1,7.595395021,0.884122932,Active,0.868852459,TRUE
CCN(CC)CCn1cc(-c2ccc(F)c(C)c2)nc1C1CCN(c2ncnc(N)c2C(F)(F)F)CC1,CCN(CC)CCn1cc(-c2ccc(F)c(C)c2)nc1C1CCN(c2ncnc(N)c2C(F)(F)F)CC1,7.809567037,0.884165907,Active,0.808219178,TRUE
CNC(=O)C(NC(=O)c1cc(Br)c(-c2ccnc3[nH]ccc23)s1)c1ccncc1,CNC(=O)C(NC(=O)c1cc(Br)c(-c2ccnc3[nH]ccc23)s1)c1ccncc1,7.956292673,0.884193563,Active,0.637681159,TRUE
O=CC(NC(=O)c1cc(Br)c(-c2ccnc3[nH]ccc23)s1)c1ccccc1,O=CC(NC(=O)c1cc(Br)c(-c2ccnc3[nH]ccc23)s1)c1ccccc1,7.540098969,0.884245181,Active,0.741935484,TRUE
CC(C)(C)CC(N)Cn1cc(-c2ccc(F)c(C(F)(F)F)c2)nc1C1CCN(c2ncnc(N)c2Br)CC1,CC(C)(C)CC(N)Cn1cc(-c2ccc(F)c(C(F)(F)F)c2)nc1C1CCN(c2ncnc(N)c2Br)CC1,7.848268811,0.884262824,Active,0.730769231,TRUE
Cn1nc(-c2ccc(C(=O)NC3CNCCC3c3cccc(F)c3)s2)c2occc21,Cn1nc(-c2ccc(C(=O)NC3CNCCC3c3cccc(F)c3)s2)c2occc21,7.72070348,0.884368503,Active,0.689189189,TRUE
Nc1ncnc(N2CCC(c3nc(-c4ccc(F)c(C(F)(F)F)c4)cn3CCNCCO)CC2)c1Br,Nc1ncnc(N2CCC(c3nc(-c4ccc(F)c(C(F)(F)F)c4)cn3CCNCCO)CC2)c1Br,8.298274136,0.884374166,Active,0.763157895,TRUE
CNC(=O)C(NC(=O)c1cc(Br)c(-c2ccnc3[nH]ccc23)s1)C1CCCCC1,CNC(=O)C(NC(=O)c1cc(Br)c(-c2ccnc3[nH]ccc23)s1)C1CCCCC1,7.928625501,0.884423637,Active,0.661971831,TRUE
O=C(NC(Cc1ccccc1)c1ccccc1)c1cc(Br)c(-c2ccnc3[nH]ccc23)s1,O=C(NC(Cc1ccccc1)c1ccccc1)c1cc(Br)c(-c2ccnc3[nH]ccc23)s1,7.540840519,0.884437466,Active,0.833333333,TRUE
CNC(=O)C(NC(=O)c1cc(Br)c(-c2ccnc3[nH]ccc23)s1)C(C)(C)C,CNC(=O)C(NC(=O)c1cc(Br)c(-c2ccnc3[nH]ccc23)s1)C(C)(C)C,7.672601947,0.884455585,Active,0.632352941,TRUE
CCOc1ncc(-c2nc3c(C)nc(N)nc3n(C3CCC(OCCO)CC3)c2=O)cc1OC,CCOc1ncc(-c2nc3c(C)nc(N)nc3n(C3CCC(OCCO)CC3)c2=O)cc1OC,7.861946577,0.884646142,Active,0.708333333,TRUE
O=C(N1CCN(c2ncnc3[nH]cc(Br)c23)CC1)C1(c2cccc(F)c2)CCC1,O=C(N1CCN(c2ncnc3[nH]cc(Br)c23)CC1)C1(c2cccc(F)c2)CCC1,7.603780811,0.884684646,Active,0.727272727,TRUE
Cn1ncc(Br)c1-c1ccc(C(=O)NC2CCCNC2c2cccc(F)c2)s1,Cn1ncc(Br)c1-c1ccc(C(=O)NC2CCCNC2c2cccc(F)c2)s1,8.075964118,0.884733939,Active,0.736111111,TRUE
CNC(=O)C(Cc1cccc(Cl)c1)NC(=O)C1(N)CCN(c2ncnc3[nH]ccc23)CC1,CNC(=O)C(Cc1cccc(Cl)c1)NC(=O)C1(N)CCN(c2ncnc3[nH]ccc23)CC1,7.671453685,0.884937489,Active,0.653333333,TRUE
NC1(C(=O)NC(Cc2ccccc2)c2ccc(F)c(Cl)c2)CCN(c2ncnc3[nH]ccc23)CC1,NC1(C(=O)NC(Cc2ccccc2)c2ccc(F)c(Cl)c2)CCN(c2ncnc3[nH]ccc23)CC1,7.934370508,0.885093832,Active,0.662162162,TRUE
Cc1nc(CC(=O)N2CCc3c(F)cccc32)nc(N2CCOC(C)C2)c1Cl,Cc1nc(CC(=O)N2CCc3c(F)cccc32)nc(N2CCOC(C)C2)c1Cl,7.495202736,0.88510015,Active,0.613333333,TRUE
O=C(NC1CNCCC1c1cc(F)cc(F)c1)c1cc2c(s1)CCCn1nccc1-2,O=C(NC1CNCCC1c1cc(F)cc(F)c1)c1cc2c(s1)CCCn1nccc1-2,9.191875942,0.885130131,Active,0.863636364,TRUE
Nc1ncnc(N2CCC(c3nc(-c4ccc(F)c(C(F)(F)F)c4)cn3CCNC3CCCCC3)CC2)c1Br,Nc1ncnc(N2CCC(c3nc(-c4ccc(F)c(C(F)(F)F)c4)cn3CCNC3CCCCC3)CC2)c1Br,8.447310581,0.885144317,Active,0.797468354,TRUE
CCc1c(N)ncnc1N1CCC(c2nc(-c3cccc(F)c3Cl)cn2CCN2CCC2)CC1,CCc1c(N)ncnc1N1CCC(c2nc(-c3cccc(F)c3Cl)cn2CCN2CCC2)CC1,7.668645956,0.885161185,Active,0.75,TRUE
CSc1ccc(CC(N)COc2cncc(-c3ccc4[nH]nc(C)c4c3)c2)cc1,CSc1ccc(CC(N)COc2cncc(-c3ccc4[nH]nc(C)c4c3)c2)cc1,7.963348654,0.885217571,Active,0.796610169,TRUE
O=C(N1CCN(c2ncnc3[nH]cc(Cl)c23)CC1)C1(c2ccc(Cl)cc2)CC1,O=C(N1CCN(c2ncnc3[nH]cc(Cl)c23)CC1)C1(c2ccc(Cl)cc2)CC1,8.026841107,0.885257089,Active,0.888888889,TRUE
N#Cc1cc(-c2cn(CCN3CCC3)c(C3CCN(c4cc(N)ncn4)CC3)n2)cc(Cl)c1F,N#Cc1cc(-c2cn(CCN3CCC3)c(C3CCN(c4cc(N)ncn4)CC3)n2)cc(Cl)c1F,8.237451569,0.885318959,Active,0.648648649,TRUE
COc1ccc(-c2cn(CCN3CCC3)c(C3CCN(c4ncnc(N)c4Cl)CC3)n2)cc1F,COc1ccc(-c2cn(CCN3CCC3)c(C3CCN(c4ncnc(N)c4Cl)CC3)n2)cc1F,7.63323786,0.885358775,Active,0.8,TRUE
NC1(C(=O)NC(=O)c2cc(Cl)cc(Cl)c2)CCN(c2ncnc3[nH]ccc23)CC1,NC1(C(=O)NC(=O)c2cc(Cl)cc(Cl)c2)CCN(c2ncnc3[nH]ccc23)CC1,7.369548609,0.885386729,Active,0.655737705,TRUE
Cc1cc(-c2cn(CCNC(C)C)c(C3CCN(c4ncnc(N)c4C(F)F)CC3)n2)ccc1F,Cc1cc(-c2cn(CCNC(C)C)c(C3CCN(c4ncnc(N)c4C(F)F)CC3)n2)ccc1F,8.179769217,0.885436141,Active,0.789473684,TRUE
NC1(C(=O)NC(Cc2ccccn2)c2ccc(Br)cc2)CCN(c2ncnc3[nH]ccc23)CC1,NC1(C(=O)NC(Cc2ccccn2)c2ccc(Br)cc2)CCN(c2ncnc3[nH]ccc23)CC1,7.743048009,0.885463738,Active,0.739130435,TRUE
CCCNCCn1cc(-c2ccc(F)c(C(F)(F)F)c2)nc1C1CCN(c2ncnc(N)c2C(N)=O)CC1,CCCNCCn1cc(-c2ccc(F)c(C(F)(F)F)c2)nc1C1CCN(c2ncnc(N)c2C(N)=O)CC1,8.048707009,0.885476673,Active,0.8625,TRUE
NC1(c2ccc(-c3nc4n(c3-c3ccccc3)COc3ncccc3-4)nc2)CC1,NC1(c2ccc(-c3nc4n(c3-c3ccccc3)COc3ncccc3-4)nc2)CC1,7.819157517,0.885515177,Active,0.733333333,TRUE
CCc1cnc(C(=O)Nc2csc(-c3nncn3C3CC3)n2)cc1-n1cnc(C2CC2)c1,CCc1cnc(C(=O)Nc2csc(-c3nncn3C3CC3)n2)cc1-n1cnc(C2CC2)c1,8.003387782,0.88568815,Active,0.753246753,TRUE
Cc1[nH]nc2ccc(-c3cncc(OCC(N)Cc4ccccc4CC(F)(F)F)c3)cc12,Cc1[nH]nc2ccc(-c3cncc(OCC(N)Cc4ccccc4CC(F)(F)F)c3)cc12,7.621936546,0.885838592,Active,0.611111111,TRUE
Cc1cc(-c2cn(CCN3CCC3)c(C3CCN(c4cc(N)ncn4)CC3F)n2)ccc1Cl,Cc1cc(-c2cn(CCN3CCC3)c(C3CCN(c4cc(N)ncn4)CC3F)n2)ccc1Cl,7.952126365,0.886064553,Active,0.630952381,TRUE
Cc1ccc(-c2cn(CCN3CCCC3)c(C3CCN(c4ncnc(N)c4C)CC3)n2)cc1F,Cc1ccc(-c2cn(CCN3CCCC3)c(C3CCN(c4ncnc(N)c4C)CC3)n2)cc1F,7.506252408,0.886136436,Active,0.8,TRUE
Nc1cc(N2CCC(c3nc(-c4ccc(F)c(Cl)c4)cn3CCN3CCC3)C(F)C2)ncn1,Nc1cc(N2CCC(c3nc(-c4ccc(F)c(Cl)c4)cn3CCN3CCC3)C(F)C2)ncn1,8.198630024,0.886166716,Active,0.648648649,TRUE
N#Cc1cc(Cl)cc(-c2cn(CCN3CCCC3)c(C3CCN(c4ncnc(N)c4C#N)CC3)n2)c1,N#Cc1cc(Cl)cc(-c2cn(CCN3CCCC3)c(C3CCN(c4ncnc(N)c4C#N)CC3)n2)c1,7.980910497,0.886247063,Active,0.802816901,TRUE
CNC(=O)OCC1CCN(c2cnc(C(=O)Nc3csc(-c4nncn4C(C)C(F)(F)F)n3)cc2C(F)(F)F)CC1,CNC(=O)OCC1CCN(c2cnc(C(=O)Nc3csc(-c4nncn4C(C)C(F)(F)F)n3)cc2C(F)(F)F)CC1,7.516039334,0.88638618,Active,0.612244898,TRUE
CN(C)CCn1cc(-c2ccc(F)c(C(N)=O)c2)nc1C1CCN(c2ncnc(N)c2Br)CC1,CN(C)CCn1cc(-c2ccc(F)c(C(N)=O)c2)nc1C1CCN(c2ncnc(N)c2Br)CC1,7.971284557,0.886417234,Active,0.763157895,TRUE
CNC(=O)C(NC(=O)C1(N)CCN(c2ncnc3[nH]ccc23)CC1)c1cccc(Cl)c1,CNC(=O)C(NC(=O)C1(N)CCN(c2ncnc3[nH]ccc23)CC1)c1cccc(Cl)c1,7.549856766,0.886431181,Active,0.728571429,TRUE
Cn1ncc(Br)c1-c1ccc(C(=O)NC2CNCCC2c2ccccc2)s1,Cn1ncc(Br)c1-c1ccc(C(=O)NC2CNCCC2c2ccccc2)s1,8.008122679,0.886639738,Active,0.815384615,TRUE
Cc1ncc2c(n1)-c1nc(-c3ccc(C4(N)CC4)cc3)c(-c3ccccc3)n1CO2,Cc1ncc2c(n1)-c1nc(-c3ccc(C4(N)CC4)cc3)c(-c3ccccc3)n1CO2,7.431625356,0.886716151,Active,0.666666667,TRUE
Cn1ncc(Br)c1-c1sc(C(=O)NC2CNCCC2c2ccccc2)cc1Br,Cn1ncc(Br)c1-c1sc(C(=O)NC2CNCCC2c2ccccc2)cc1Br,8.054482024,0.886807406,Active,0.652777778,TRUE
CC(N)c1c(N)ncnc1N1CCC(c2nc(-c3ccc(F)c(Cl)c3)cn2CCN2CCC2)CC1,CC(N)c1c(N)ncnc1N1CCC(c2nc(-c3ccc(F)c(Cl)c3)cn2CCN2CCC2)CC1,8.201555963,0.886883819,Active,0.783783784,TRUE
Cc1cc(-c2cn(CCNC(C)C)c(C3CCN(c4ncnc5ccsc45)CC3)n2)ccc1F,Cc1cc(-c2cn(CCNC(C)C)c(C3CCN(c4ncnc5ccsc45)CC3)n2)ccc1F,7.900889622,0.886985147,Active,0.7,TRUE
O=C(N1CCN(c2ncnc3[nH]cc(Br)c23)CC1)C1(c2ccc(F)cc2)CC1,O=C(N1CCN(c2ncnc3[nH]cc(Br)c23)CC1)C1(c2ccc(F)cc2)CC1,7.575554288,0.887074316,Active,0.737704918,TRUE
Cc1nc(-c2nn(C)c3ccc(-c4cncc(OCC(N)Cc5c[nH]c6ccccc56)c4)cc23)cs1,Cc1nc(-c2nn(C)c3ccc(-c4cncc(OCC(N)Cc5c[nH]c6ccccc56)c4)cc23)cs1,8.255788836,0.887113357,Active,0.628205128,TRUE
Cc1ccc(F)cc1-c1cn(CCN2CCC2)c(C2CCN(c3ncnc(N)c3Cl)CC2)n1,Cc1ccc(F)cc1-c1cn(CCN2CCC2)c(C2CCN(c3ncnc(N)c3Cl)CC2)n1,8.109761981,0.887160206,Active,0.739130435,TRUE
Cn1nccc1-c1ccc(C(=O)NC2CNCCC2c2cccc(Br)c2)s1,Cn1nccc1-c1ccc(C(=O)NC2CNCCC2c2cccc(Br)c2)s1,8.103798067,0.887472713,Active,0.815384615,TRUE
O=Nc1ncnc(N2CCC(c3nc(-c4cccc(F)c4)cn3CCN3CCC3)CC2)c1Br,O=Nc1ncnc(N2CCC(c3nc(-c4cccc(F)c4)cn3CCN3CCC3)CC2)c1Br,7.828911284,0.887479925,Active,0.76056338,TRUE
CCn1c(-c2nonc2N)nc2c(C#CC(C)(C)O)nccc21,CCn1c(-c2nonc2N)nc2c(C#CC(C)(C)O)nccc21,7.839423055,0.887524509,Active,0.7,TRUE
Cc1cc(-c2cn(CCNCC3CC3)c(C3CCN(c4ncncc4F)CC3)n2)ccc1F,Cc1cc(-c2cn(CCNCC3CC3)c(C3CCN(c4ncncc4F)CC3)n2)ccc1F,7.82430319,0.887559855,Active,0.727272727,TRUE
Nc1ncnc(N2CCC(c3nc(-c4ccc(O)c(Cl)c4)cn3CCN3CCC3)CC2)c1Br,Nc1ncnc(N2CCC(c3nc(-c4ccc(O)c(Cl)c4)cn3CCN3CCC3)CC2)c1Br,8.167038512,0.887571776,Active,0.8,TRUE
CNCCn1cc(-c2ccnc(C(C)C)c2)nc1C1CCN(c2ncnc(N)c2Cl)CC1,CNCCn1cc(-c2ccnc(C(C)C)c2)nc1C1CCN(c2ncnc(N)c2Cl)CC1,8.439409122,0.887626493,Active,0.802816901,TRUE
CC(=O)NCCn1cc(-c2ccc(F)c(C)c2)nc1C1CCN(c2cc(N)ncn2)CC1F,CC(=O)NCCn1cc(-c2ccc(F)c(C)c2)nc1C1CCN(c2cc(N)ncn2)CC1F,8.052784501,0.887909555,Active,0.620689655,TRUE
CCc1c(N)ncnc1N1CCC(c2nc(-c3ccc(F)c(Cl)c3)cn2CCNC)CC1,CCc1c(N)ncnc1N1CCC(c2nc(-c3ccc(F)c(Cl)c3)cn2CCNC)CC1,8.243656194,0.888011897,Active,0.805555556,TRUE
O=C(NCC1CCCCN1)c1cc(Br)c(-c2ccnc3[nH]ccc23)s1,O=C(NCC1CCCCN1)c1cc(Br)c(-c2ccnc3[nH]ccc23)s1,7.953294661,0.888102138,Active,0.611111111,TRUE
Cn1ncc(Br)c1-c1cc(C(=O)NC(CN)Cc2ccc(F)c(F)c2)oc1Cl,Cn1ncc(Br)c1-c1cc(C(=O)NC(CN)Cc2ccc(F)c(F)c2)oc1Cl,8.196909998,0.888197982,Active,0.841269841,TRUE
Cc1cc2ncnc(N3CCN(C(=O)C4(c5ccc(Cl)c(Cl)c5)CCNCC4)CC3)c2s1,Cc1cc2ncnc(N3CCN(C(=O)C4(c5ccc(Cl)c(Cl)c5)CCNCC4)CC3)c2s1,7.302641929,0.88832202,Active,0.647058824,TRUE
Cc1c(N)ncnc1N1CCC(c2nc(-c3cc(O)c(Cl)c(F)c3)cn2CCN2CCC2)CC1,Cc1c(N)ncnc1N1CCC(c2nc(-c3cc(O)c(Cl)c(F)c3)cn2CCN2CCC2)CC1,7.878800381,0.888330364,Active,0.666666667,TRUE
COc1cccc(C2(C(=O)N3CCCN(c4ncnc5[nH]cc(Br)c45)CC3)CC2)c1,COc1cccc(C2(C(=O)N3CCCN(c4ncnc5[nH]cc(Br)c45)CC3)CC2)c1,7.689046414,0.888419831,Active,0.690140845,TRUE
CC(n1cnnc1-c1nc(NC(=O)c2cc(C3CCOCC3)c(N3CCC(C#N)CC3)cn2)cs1)C(F)(F)F,CC(n1cnnc1-c1nc(NC(=O)c2cc(C3CCOCC3)c(N3CCC(C#N)CC3)cn2)cs1)C(F)(F)F,7.827225489,0.888523364,Active,0.736263736,TRUE
N#Cc1ccc(-c2cn(CCNCC3CC3)c(C3CCN(c4ncnc(N)c4C#N)CC3)n2)cc1F,N#Cc1ccc(-c2cn(CCNCC3CC3)c(C3CCN(c4ncnc(N)c4C#N)CC3)n2)cc1F,7.871331978,0.888534868,Active,0.828947368,TRUE
NC1(c2ccc(-c3nc4c(Br)cc(Br)cn4c3-c3ccccc3)cc2)CCC1,NC1(c2ccc(-c3nc4c(Br)cc(Br)cn4c3-c3ccccc3)cc2)CCC1,7.694607061,0.888630652,Active,0.807692308,TRUE
NC(=O)C(Cc1cccnc1)NC(=O)c1cc(Br)c(-c2ccnc3[nH]ccc23)s1,NC(=O)C(Cc1cccnc1)NC(=O)c1cc(Br)c(-c2ccnc3[nH]ccc23)s1,8.114458331,0.888654435,Active,0.666666667,TRUE
CC(CCNC(N)=O)NC(=O)c1cc(Br)c(-c2ccnc3[nH]ccc23)s1,CC(CCNC(N)=O)NC(=O)c1cc(Br)c(-c2ccnc3[nH]ccc23)s1,7.831531552,0.888816261,Active,0.623188406,TRUE
CN(C)CCC(NC(=O)C1(N)CCN(c2ncnc3[nH]ccc23)CC1)c1ccc(F)cc1,CN(C)CCC(NC(=O)C1(N)CCN(c2ncnc3[nH]ccc23)CC1)c1ccc(F)cc1,7.844837542,0.888862753,Active,0.848484848,TRUE
Cc1cc(-c2cn(CCNCCO)c(C3CCN(c4ncnc(N)c4Br)CC3)n2)ccc1F,Cc1cc(-c2cn(CCNCCO)c(C3CCN(c4ncnc(N)c4Br)CC3)n2)ccc1F,8.386969238,0.8888767,Active,0.756756757,TRUE
CCOc1c(N)ncnc1N1CCC(c2nc(-c3ccc(Cl)c(C#N)c3)cn2CCN2CCC2)CC1,CCOc1c(N)ncnc1N1CCC(c2nc(-c3ccc(Cl)c(C#N)c3)cn2CCN2CCC2)CC1,8.081172957,0.889055991,Active,0.756410256,TRUE
Nc1ncnc(N2CCC(c3nc(-c4ccnc(F)c4)cn3CCN3CCCC3)CC2)c1Br,Nc1ncnc(N2CCC(c3nc(-c4ccnc(F)c4)cn3CCN3CCCC3)CC2)c1Br,8.065365624,0.889074111,Active,0.833333333,TRUE
N#Cc1ccc(-c2cn(CCN3CCC3)c(C3CCN(c4ncnc(N)c4Cl)CC3)n2)cc1F,N#Cc1ccc(-c2cn(CCN3CCC3)c(C3CCN(c4ncnc(N)c4Cl)CC3)n2)cc1F,7.786846059,0.889264727,Active,0.8,TRUE
CN(C)CCn1cc(-c2ccnc(C(F)F)c2)nc1C1CCN(c2ncnc(N)c2Cl)CC1,CN(C)CCn1cc(-c2ccnc(C(F)F)c2)nc1C1CCN(c2ncnc(N)c2Cl)CC1,8.287247595,0.889402831,Active,0.697368421,TRUE
O=C(NCC(NC(=O)C(F)(F)F)c1ccccc1)c1cc(Br)c(-c2ccnc3[nH]ccc23)s1,O=C(NCC(NC(=O)C(F)(F)F)c1ccccc1)c1cc(Br)c(-c2ccnc3[nH]ccc23)s1,7.796107641,0.889420593,Active,0.724637681,TRUE
O=C(N1CCN(c2ncnc3[nH]cc(Br)c23)CC1)C1(c2ccccc2)CC1,O=C(N1CCN(c2ncnc3[nH]cc(Br)c23)CC1)C1(c2ccccc2)CC1,7.493393052,0.88958993,Active,0.888888889,TRUE
Cn1nc(Cc2ccc(F)cc2)cc1-c1ccc(C(=O)NC2CNCCC2c2ccccc2)s1,Cn1nc(Cc2ccc(F)cc2)cc1-c1ccc(C(=O)NC2CNCCC2c2ccccc2)s1,7.374512556,0.889619613,Active,0.61038961,TRUE
COc1c(N)ncnc1N1CCC(c2nc(-c3ccc(F)c(C)c3)cn2CC(C)(C)N)CC1,COc1c(N)ncnc1N1CCC(c2nc(-c3ccc(F)c(C)c3)cn2CC(C)(C)N)CC1,7.987787881,0.88975867,Active,0.756756757,TRUE
N#Cc1cc(-c2cn(CCN3CCC3)c(C3CCN(c4ncnc(N)c4Br)CC3)n2)ccc1Cl,N#Cc1cc(-c2cn(CCN3CCC3)c(C3CCN(c4ncnc(N)c4Br)CC3)n2)ccc1Cl,8.395185576,0.889762843,Active,0.777777778,TRUE
NCC1(C(=O)NCc2cc(Cl)cc(Cl)c2)CCN(c2ncnc3[nH]ccc23)CC1,NCC1(C(=O)NCc2cc(Cl)cc(Cl)c2)CCN(c2ncnc3[nH]ccc23)CC1,7.980005312,0.889822745,Active,0.677419355,TRUE
Nc1ncnc(N2CCC(c3nc(-c4ccc(F)c(Cl)c4)cn3CCN3CCC3)CC2)c1Cl,Nc1ncnc(N2CCC(c3nc(-c4ccc(F)c(Cl)c4)cn3CCN3CCC3)CC2)c1Cl,8.437505522,0.889915669,Active,0.861538462,TRUE
NC1(c2ccc(-c3nc4n(c3-c3ccccc3)COc3ccc(F)cc3-4)nc2)CC1,NC1(c2ccc(-c3nc4n(c3-c3ccccc3)COc3ccc(F)cc3-4)nc2)CC1,7.62182165,0.889961863,Active,0.637681159,TRUE
Cc1cc(-c2cn(CCNCCN(C)C(C)C)c(C3CCN(c4ncnc(N)c4Cl)CC3)n2)ccc1F,Cc1cc(-c2cn(CCNCCN(C)C(C)C)c(C3CCN(c4ncnc(N)c4Cl)CC3)n2)ccc1F,8.04691876,0.889969492,Active,0.710843373,TRUE
CC(C)NCCNCCn1cc(-c2ccc(F)c(C(F)(F)F)c2)nc1C1CCN(c2ncnc(N)c2Cl)CC1,CC(C)NCCNCCn1cc(-c2ccc(F)c(C(F)(F)F)c2)nc1C1CCN(c2ncnc(N)c2Cl)CC1,8.202962478,0.890212917,Active,0.746987952,TRUE
CCN(CC)CCn1cc(-c2ccc(F)c(C(F)(F)F)c2)nc1C1CCN(c2ncnc(N)c2F)CC1,CCN(CC)CCn1cc(-c2ccc(F)c(C(F)(F)F)c2)nc1C1CCN(c2ncnc(N)c2F)CC1,7.550665321,0.890227938,Active,0.767123288,TRUE
CCc1c(N)ncnc1N1CCC(c2nc(-c3cc(F)cc(C#N)c3)cn2CCN2CCC2)CC1,CCc1c(N)ncnc1N1CCC(c2nc(-c3cc(F)cc(C#N)c3)cn2CCN2CCC2)CC1,7.699503081,0.89025321,Active,0.756756757,TRUE
Cc1cc(-c2cn(CCNC3CC3)c(C3CCN(c4ncnc(N)c4C(F)(F)F)CC3)n2)ccc1F,Cc1cc(-c2cn(CCNC3CC3)c(C3CCN(c4ncnc(N)c4C(F)(F)F)CC3)n2)ccc1F,8.081360599,0.890254283,Active,0.734177215,TRUE
CC(C)NCCn1cc(-c2ccnc(C(F)(F)F)c2)nc1C1CCN(c2ncnc(N)c2C#N)CC1,CC(C)NCCn1cc(-c2ccnc(C(F)(F)F)c2)nc1C1CCN(c2ncnc(N)c2C#N)CC1,8.551368557,0.890302563,Active,0.853333333,TRUE
Cn1ncc(Cl)c1-c1ccc(C(=O)NC2CNCCC2c2ccc(F)cc2)s1,Cn1ncc(Cl)c1-c1ccc(C(=O)NC2CNCCC2c2ccc(F)cc2)s1,8.508186407,0.890331709,Active,0.868852459,TRUE
Cn1nccc1-c1ccc(C(=O)NC2CNCCC2c2cc(F)ccc2F)s1,Cn1nccc1-c1ccc(C(=O)NC2CNCCC2c2cc(F)ccc2F)s1,7.779859237,0.8905532,Active,0.76119403,TRUE
CC(NC(=O)C(Cc1ccccc1)NC(=O)C1(N)CCN(c2ncnc3[nH]ccc23)CC1)c1ccc(Cl)cc1,CC(NC(=O)C(Cc1ccccc1)NC(=O)C1(N)CCN(c2ncnc3[nH]ccc23)CC1)c1ccc(Cl)cc1,7.635701322,0.890600526,Active,0.764705882,TRUE
Cc1cc(-c2cn(CCN(C)C)c(C3CCN(c4ncnc(N)c4F)CC3F)n2)ccc1F,Cc1cc(-c2cn(CCN(C)C)c(C3CCN(c4ncnc(N)c4F)CC3F)n2)ccc1F,8.07550472,0.890794599,Active,0.861111111,TRUE
Cn1nccc1-c1cc(F)c(C(=O)NC2CNCCC2c2cc(F)ccc2F)cc1F,Cn1nccc1-c1cc(F)c(C(=O)NC2CNCCC2c2cc(F)ccc2F)cc1F,7.809254928,0.890889072,Active,0.80952381,TRUE
Nc1ncnc(N2CCC(c3nc(-c4cccc(C(F)(F)F)c4)cn3CCN3CCC3)CC2)c1Br,Nc1ncnc(N2CCC(c3nc(-c4cccc(C(F)(F)F)c4)cn3CCN3CCC3)CC2)c1Br,8.281502006,0.890894437,Active,0.805555556,TRUE
Cn1nccc1-c1ccc(C(=O)NC2CNCCC2c2cccc(Cl)c2)s1,Cn1nccc1-c1ccc(C(=O)NC2CNCCC2c2cccc(Cl)c2)s1,8.068624195,0.890904391,Active,0.815384615,TRUE
NC1(C(=O)NC(Cc2ccccc2)c2ccc(F)cc2)CCN(c2ncnc3[nH]nc(Br)c23)CC1,NC1(C(=O)NC(Cc2ccccc2)c2ccc(F)cc2)CCN(c2ncnc3[nH]nc(Br)c23)CC1,7.587126391,0.89097991,Active,0.662162162,TRUE
CCn1c(-c2nonc2N)nc2c(C#CC(C)(C)O)nc(COc3ccc(C)cc3)cc21,CCn1c(-c2nonc2N)nc2c(C#CC(C)(C)O)nc(COc3ccc(C)cc3)cc21,7.914867809,0.891028249,Active,0.738461538,TRUE
CCCCC(COC(N)=O)NC(=O)c1cc(Br)c(-c2ccnc3[nH]ccc23)s1,CCCCC(COC(N)=O)NC(=O)c1cc(Br)c(-c2ccnc3[nH]ccc23)s1,7.759796464,0.891117001,Active,0.605263158,TRUE
O=C(NC(CNC(=O)C1CC1)c1ccccc1)c1ccc(-c2ccnc3[nH]ccc23)s1,O=C(NC(CNC(=O)C1CC1)c1ccccc1)c1ccc(-c2ccnc3[nH]ccc23)s1,7.66781617,0.891286159,Active,0.73015873,TRUE
COc1c(N)ncnc1N1CCC(c2nc(-c3ccc(F)c(C)c3)cn2CCNCCCN(C)C)CC1,COc1c(N)ncnc1N1CCC(c2nc(-c3ccc(F)c(C)c3)cn2CCNCCCN(C)C)CC1,8.308669358,0.891357982,Active,0.7375,TRUE
Nc1ncnc(N2CCC(c3nc(-c4cc(F)c(O)c(Cl)c4)cn3CCN3CCC3)CC2)c1Cl,Nc1ncnc(N2CCC(c3nc(-c4cc(F)c(O)c(Cl)c4)cn3CCN3CCC3)CC2)c1Cl,7.959642068,0.89137193,Active,0.757142857,TRUE
Cn1nccc1-c1sc(C(=O)NC2CNCCC2c2ccc(Cl)cc2)cc1Br,Cn1nccc1-c1sc(C(=O)NC2CNCCC2c2ccc(Cl)cc2)cc1Br,8.090430023,0.891372943,Active,0.727272727,TRUE
NC1(C(=O)NCc2ccc(F)cc2)CCN(c2ncnc3[nH]cc(Cl)c23)C1,NC1(C(=O)NCc2ccc(F)cc2)CCN(c2ncnc3[nH]cc(Cl)c23)C1,7.634752937,0.891385341,Active,0.656716418,TRUE
COc1c(N)ncnc1N1CCC(c2nc(-c3ccc(F)c(C#N)c3)cn2CCN2CCCC2)CC1,COc1c(N)ncnc1N1CCC(c2nc(-c3ccc(F)c(C#N)c3)cn2CCN2CCCC2)CC1,8.175893751,0.891474271,Active,0.756410256,TRUE
Cc1c(N)ncnc1N1CCC(c2nc(-c3ccc(F)c(C#N)c3)cn2CCN2CCC2)CC1,Cc1c(N)ncnc1N1CCC(c2nc(-c3ccc(F)c(C#N)c3)cn2CCN2CCC2)CC1,8.305990095,0.89153465,Active,0.76,TRUE
CC(=O)CC(NC(=O)c1cc(Br)c(-c2ccnc3[nH]ccc23)s1)c1ccccc1,CC(=O)CC(NC(=O)c1cc(Br)c(-c2ccnc3[nH]ccc23)s1)c1ccccc1,7.657683372,0.891562963,Active,0.822580645,TRUE
CC(NC(=O)C1(N)CCN(c2ncnc3[nH]cc(Cl)c23)CC1)c1ccc(Br)cc1,CC(NC(=O)C1(N)CCN(c2ncnc3[nH]cc(Cl)c23)CC1)c1ccc(Br)cc1,8.004852979,0.891644621,Active,0.86440678,TRUE
Nc1ncnc(N2CCC(c3nc(-c4ccc(F)cc4)cn3CCN3CCC3)C(F)C2)c1Br,Nc1ncnc(N2CCC(c3nc(-c4ccc(F)cc4)cn3CCN3CCC3)C(F)C2)c1Br,8.301795954,0.891657019,Active,0.75,TRUE
NC1(C(=O)NC(C(=O)N2CCC(F)C2)c2ccc(Cl)cc2)CCN(c2ncnc3[nH]ccc23)CC1,NC1(C(=O)NC(C(=O)N2CCC(F)C2)c2ccc(Cl)cc2)CCN(c2ncnc3[nH]ccc23)CC1,7.758639915,0.89172771,Active,0.746268657,TRUE
Cn1ncc(Cl)c1-c1ccc(C(=O)NC2CNCCC2c2ccccc2)s1,Cn1ncc(Cl)c1-c1ccc(C(=O)NC2CNCCC2c2ccccc2)s1,8.265786809,0.891749525,Active,0.866666667,TRUE
NC1(C(=O)NC(=O)C2(c3ccc(Cl)cc3)CC2)CCN(c2ncnc3[nH]cc(Br)c23)CC1,NC1(C(=O)NC(=O)C2(c3ccc(Cl)cc3)CC2)CCN(c2ncnc3[nH]cc(Br)c23)CC1,7.740948895,0.891784215,Active,0.692307692,TRUE
COc1cc(-c2cn(CCN3CCC3)c(C3CCN(c4ncnc(N)c4Br)CC3F)n2)cc(F)c1F,COc1cc(-c2cn(CCN3CCC3)c(C3CCN(c4ncnc(N)c4Br)CC3F)n2)cc(F)c1F,8.14674464,0.891797507,Active,0.609195402,TRUE
CC1CC(O)c2ncnc(N3CCN(C(=O)C(CNC(C)(C)C)c4cccc(F)c4)CC3)c21,CC1CC(O)c2ncnc(N3CCN(C(=O)C(CNC(C)(C)C)c4cccc(F)c4)CC3)c21,7.562370803,0.891813779,Active,0.767123288,TRUE
CC(C)NCCn1cc(-c2ccc(F)c(C(F)(F)F)c2)nc1C1CCN(c2ncncc2N)CC1,CC(C)NCCn1cc(-c2ccc(F)c(C(F)(F)F)c2)nc1C1CCN(c2ncncc2N)CC1,8.081745324,0.891846144,Active,0.75,TRUE
NC(COc1cncc(-c2cc3c(Cl)[nH]nc3cn2)c1)Cc1ccc(Cl)cc1,NC(COc1cncc(-c2cc3c(Cl)[nH]nc3cn2)c1)Cc1ccc(Cl)cc1,7.764996899,0.891871893,Active,0.634920635,TRUE
CC1CN(c2ncnc3[nH]cc(Cl)c23)CCN1C(=O)C(N)Cc1ccc(Cl)cc1,CC1CN(c2ncnc3[nH]cc(Cl)c23)CCN1C(=O)C(N)Cc1ccc(Cl)cc1,8.406089845,0.891891384,Active,0.73015873,TRUE
O=C(N1CCN(c2ncnc3[nH]cc(C4CC4)c23)CC1)C1(c2ccccc2)CCNCC1,O=C(N1CCN(c2ncnc3[nH]cc(C4CC4)c23)CC1)C1(c2ccccc2)CCNCC1,7.35535002,0.891958022,Active,0.770491803,TRUE
N#Cc1cc(-c2cn(CCN3CCCC3)c(C3CCN(c4ncnc(N)c4C(F)(F)F)CC3)n2)ccc1F,N#Cc1cc(-c2cn(CCN3CCCC3)c(C3CCN(c4ncnc(N)c4C(F)(F)F)CC3)n2)ccc1F,8.083988111,0.892004275,Active,0.743589744,TRUE
CNC(=O)C(Cc1ccccc1Cl)NC(=O)C1(N)CCN(c2ncnc3[nH]ccc23)CC1,CNC(=O)C(Cc1ccccc1Cl)NC(=O)C1(N)CCN(c2ncnc3[nH]ccc23)CC1,7.634300271,0.892037475,Active,0.642857143,TRUE
N#Cc1cccc(-c2cn(CCN3CCCC3)c(C3CCN(c4ncnc(N)c4Cl)CC3)n2)c1,N#Cc1cccc(-c2cn(CCN3CCCC3)c(C3CCN(c4ncnc(N)c4Cl)CC3)n2)c1,8.080270076,0.89209398,Active,0.785714286,TRUE
COc1ccc(N2CCN(C(=O)C(NC(=O)C3(N)CCN(c4ncnc5[nH]ccc45)CC3)c3cccc(Cl)c3)CC2)cc1,COc1ccc(N2CCN(C(=O)C(NC(=O)C3(N)CCN(c4ncnc5[nH]ccc45)CC3)c3cccc(Cl)c3)CC2)cc1,7.428824581,0.892200315,Active,0.62962963,TRUE
CC1(O)CC(N)(c2ccc(-c3nc4n(c3-c3ccccc3)COc3ncc(Cl)nc3C4)cc2)C1,CC1(O)CC(N)(c2ccc(-c3nc4n(c3-c3ccccc3)COc3ncc(Cl)nc3C4)cc2)C1,7.804072687,0.89228096,Active,0.614285714,TRUE
Cn1nc(-c2ccc(C(=O)NC3CNCCC3c3cccc(F)c3)cc2)cc1OCC1CC1,Cn1nc(-c2ccc(C(=O)NC3CNCCC3c3cccc(F)c3)cc2)cc1OCC1CC1,7.450786877,0.892339313,Active,0.61038961,TRUE
Cc1[nH]nc2ccc(-c3cncc(OCC(N)Cc4ccc(F)cc4F)c3)nc12,Cc1[nH]nc2ccc(-c3cncc(OCC(N)Cc4ccc(F)cc4F)c3)nc12,7.472387699,0.892898822,Active,0.632352941,TRUE
CC1SCc2ncnc(N3CCN(C(=O)C(Cc4ccc(Cl)cc4)NC(=O)c4noc(C5CC5)c4Cl)CC3)c21,CC1SCc2ncnc(N3CCN(C(=O)C(Cc4ccc(Cl)cc4)NC(=O)c4noc(C5CC5)c4Cl)CC3)c21,7.444099406,0.892969215,Active,0.628205128,TRUE
Cc1cc(-c2cn(CCNCC3CC3)c(C3CCN(c4cc(N)ncn4)CC3)n2)ccc1F,Cc1cc(-c2cn(CCNCC3CC3)c(C3CCN(c4cc(N)ncn4)CC3)n2)ccc1F,8.055115823,0.893012726,Active,0.717948718,TRUE
Cn1nccc1-c1ccc(C(=O)NC2CNCCC2c2ccc(F)c(F)c2)nc1C1CC1,Cn1nccc1-c1ccc(C(=O)NC2CNCCC2c2ccc(F)c(F)c2)nc1C1CC1,7.914097693,0.893045628,Active,0.724637681,TRUE
N#Cc1ncnc(N2CCC(c3nc(-c4ccc(F)c(F)c4)cn3CCN3CCCC3)CC2)c1Cl,N#Cc1ncnc(N2CCC(c3nc(-c4ccc(F)c(F)c4)cn3CCN3CCCC3)CC2)c1Cl,7.849065719,0.893050933,Active,0.782608696,TRUE
C=Cc1[nH]nc2ccc(-c3cncc(OCC(N)Cc4cccc(Br)c4)c3)cc12,C=Cc1[nH]nc2ccc(-c3cncc(OCC(N)Cc4cccc(Br)c4)c3)cc12,8.170689013,0.893138611,Active,0.686567164,TRUE
CC1(C)C2CC(CNC(=O)C(Cc3ccc(Cl)cc3)NC(=O)C3(N)CCN(c4ncnc5[nH]ccc45)CC3)CC1C2,CC1(C)C2CC(CNC(=O)C(Cc3ccc(Cl)cc3)NC(=O)C3(N)CCN(c4ncnc5[nH]ccc45)CC3)CC1C2,7.848856152,0.893143022,Active,0.621621622,TRUE
N#Cc1c(N)ncnc1N1CCC(c2nc(-c3cccc(F)c3)cn2CCNCC2CC2)CC1,N#Cc1c(N)ncnc1N1CCC(c2nc(-c3cccc(F)c3)cn2CCNCC2CC2)CC1,7.75566144,0.893337333,Active,0.792207792,TRUE
NC1CCC(CNC(=O)c2cc(Br)c(-c3ccnc4[nH]ccc34)s2)CC1,NC1CCC(CNC(=O)c2cc(Br)c(-c3ccnc4[nH]ccc34)s2)CC1,7.975682988,0.893479609,Active,0.628571429,TRUE
Cc1[nH]nc2ncc(-c3cncc(OCC(N)Cc4cccc(F)c4F)c3)cc12,Cc1[nH]nc2ncc(-c3cncc(OCC(N)Cc4cccc(F)c4F)c3)cc12,7.680773916,0.893519425,Active,0.71875,TRUE
Cc1[nH]nc2ncc(-c3cncc(OCC(N)Cc4ccc(F)c(F)c4F)c3)cc12,Cc1[nH]nc2ncc(-c3cncc(OCC(N)Cc4ccc(F)c(F)c4F)c3)cc12,7.717605617,0.893655443,Active,0.714285714,TRUE
c1ccc(-c2cn3ccnc3nc2-c2ccc(CN3CC(c4n[nH]c(-c5ccccn5)n4)C3)cc2)cc1,c1ccc(-c2cn3ccnc3nc2-c2ccc(CN3CC(c4n[nH]c(-c5ccccn5)n4)C3)cc2)cc1,7.673301598,0.893694007,Active,0.892307692,TRUE
CN(C)CCn1cc(-c2ccc(F)c(C(F)(F)F)c2)nc1C1CCN(c2ncnc(N)c2Cl)CC1,CN(C)CCn1cc(-c2ccc(F)c(C(F)(F)F)c2)nc1C1CCN(c2ncnc(N)c2Cl)CC1,8.13697548,0.893782043,Active,0.833333333,TRUE
Cc1c(-c2cn(CCN3CCC3)c(C3CCN(c4ncnc(N)c4Cl)CC3)n2)ccc(F)c1F,Cc1c(-c2cn(CCN3CCC3)c(C3CCN(c4ncnc(N)c4Cl)CC3)n2)ccc(F)c1F,8.306988894,0.893797481,Active,0.718309859,TRUE
N#Cc1cc(-c2cn(CCN3CCCC3)c(C3CCN(c4ncnc(N)c4C(F)(F)F)CC3)n2)cc(F)c1F,N#Cc1cc(-c2cn(CCN3CCCC3)c(C3CCN(c4ncnc(N)c4C(F)(F)F)CC3)n2)cc(F)c1F,7.767388725,0.893804395,Active,0.658536585,TRUE
O=C(Cc1nc(=O)cc(N2CCOCC2)[nH]1)N1CCc2c(Cl)cc(F)cc21,O=C(Cc1nc(=O)cc(N2CCOCC2)[nH]1)N1CCc2c(Cl)cc(F)cc21,7.834814356,0.894039178,Active,0.615384615,TRUE
NC1(c2ccc(-c3nc4n(c3-c3ccsc3)COc3cccnc3-4)cc2)CC1,NC1(c2ccc(-c3nc4n(c3-c3ccsc3)COc3cccnc3-4)cc2)CC1,7.43751619,0.894064569,Active,0.728813559,TRUE
N#Cc1cc(-c2cn(CCN3CCCC3)c(C3CCN(c4ncnc(N)c4C(F)(F)F)CC3)n2)cc(F)c1Cl,N#Cc1cc(-c2cn(CCN3CCCC3)c(C3CCN(c4ncnc(N)c4C(F)(F)F)CC3)n2)cc(F)c1Cl,7.840512173,0.894092822,Active,0.64556962,TRUE
COc1cc(C(N)=O)nn2c(-c3ccccc3)c(-c3ccc(C4(N)CCC4)cc3)nc12,COc1cc(C(N)=O)nn2c(-c3ccccc3)c(-c3ccc(C4(N)CCC4)cc3)nc12,8.208549309,0.894343698,Active,0.862068966,TRUE
NC(=O)CCC(CC1CCCCC1)NC(=O)c1cc(Br)c(-c2ccnc3[nH]ccc23)s1,NC(=O)CCC(CC1CCCCC1)NC(=O)c1cc(Br)c(-c2ccnc3[nH]ccc23)s1,8.099814757,0.894366109,Active,0.820895522,TRUE
NC(=O)CC(NC(=O)c1cc(Br)c(-c2ccnc3[nH]ccc23)s1)c1cncc(F)c1,NC(=O)CC(NC(=O)c1cc(Br)c(-c2ccnc3[nH]ccc23)s1)c1cncc(F)c1,7.780817235,0.894422138,Active,0.633802817,TRUE
NC1(C(=O)NC(Cc2ccc(Br)cc2)c2nccs2)CCN(c2ncnc3[nH]ccc23)CC1,NC1(C(=O)NC(Cc2ccc(Br)cc2)c2nccs2)CCN(c2ncnc3[nH]ccc23)CC1,8.03666739,0.89445051,Active,0.666666667,TRUE
Cc1c[nH]c2ncnc(N3CCC(N)(C(=O)NC(Cc4ccc(Cl)cc4)C(=O)Nc4ccc(C5CC5)cc4)CC3)c12,Cc1c[nH]c2ncnc(N3CCC(N)(C(=O)NC(Cc4ccc(Cl)cc4)C(=O)Nc4ccc(C5CC5)cc4)CC3)c12,7.800294649,0.894664073,Active,0.615384615,TRUE
CC(C)Oc1c(N)ncnc1N1CCC(c2nc(-c3ccc(Cl)c(C#N)c3)cn2CC2CNC2)CC1,CC(C)Oc1c(N)ncnc1N1CCC(c2nc(-c3ccc(Cl)c(C#N)c3)cn2CC2CNC2)CC1,7.823092877,0.894683981,Active,0.731707317,TRUE
Cc1cc(-c2cn(CC3CN(C)CCN3C)c(C3CCN(c4ncnc(N)c4C(C)C)CC3)n2)ccc1F,Cc1cc(-c2cn(CC3CN(C)CCN3C)c(C3CCN(c4ncnc(N)c4C(C)C)CC3)n2)ccc1F,7.607253332,0.894693637,Active,0.766233766,TRUE
N#Cc1cc(F)cc(-c2cn(CCN3CCC3)c(C3CCN(c4ncnc(N)c4Cl)CC3)n2)c1,N#Cc1cc(F)cc(-c2cn(CCN3CCC3)c(C3CCN(c4ncnc(N)c4Cl)CC3)n2)c1,8.085988751,0.894752884,Active,0.726027397,TRUE
Nc1ncnc(N2CCC(c3nc(-c4cc(O)cc(F)c4)cn3CCN3CCC3)CC2)c1Br,Nc1ncnc(N2CCC(c3nc(-c4cc(O)cc(F)c4)cn3CCN3CCC3)CC2)c1Br,8.125714126,0.894774163,Active,0.757142857,TRUE
Nc1[nH]nc2ccc(-c3cncc(OCC(N)Cc4ccc(F)cc4Cl)c3)cc12,Nc1[nH]nc2ccc(-c3cncc(OCC(N)Cc4ccc(F)cc4Cl)c3)cc12,7.713394144,0.894790554,Active,0.617647059,TRUE
CNCC(CCC(N)=O)NC(=O)c1cc(Br)c(-c2ccnc3[nH]ccc23)s1,CNCC(CCC(N)=O)NC(=O)c1cc(Br)c(-c2ccnc3[nH]ccc23)s1,8.003612459,0.894803786,Active,0.746268657,TRUE
NC1(c2ccc(-c3nc4n(c3-c3ccncc3)COc3ncccc3-4)cc2)CC1,NC1(c2ccc(-c3nc4n(c3-c3ccncc3)COc3ncccc3-4)cc2)CC1,7.819799539,0.894805098,Active,0.803571429,TRUE
NC1(C(=O)NC(=O)c2ccc(Cl)c(Cl)c2)CCN(c2ncnc3[nH]ccc23)CC1,NC1(C(=O)NC(=O)c2ccc(Cl)c(Cl)c2)CCN(c2ncnc3[nH]ccc23)CC1,7.478022166,0.894868457,Active,0.609375,TRUE
Cc1cc(-c2cn(CCN3CCCC3)c(C3CCN(c4ncnc(N)c4-c4cccc(CO)n4)CC3)n2)ccc1F,Cc1cc(-c2cn(CCN3CCCC3)c(C3CCN(c4ncnc(N)c4-c4cccc(CO)n4)CC3)n2)ccc1F,7.781255329,0.89500376,Active,0.721518987,TRUE
NC1(c2ccc(-c3nc4n(c3-c3ccccc3)COc3ncc(Br)nc3-4)cc2)CC1,NC1(c2ccc(-c3nc4n(c3-c3ccccc3)COc3ncc(Br)nc3-4)cc2)CC1,7.746831252,0.895022774,Active,0.619047619,TRUE
Cc1[nH]nc2ccc(-c3cncc(OCC(N)Cc4ccc(F)c(F)c4F)c3)nc12,Cc1[nH]nc2ccc(-c3cncc(OCC(N)Cc4ccc(F)c(F)c4F)c3)nc12,7.566581517,0.895039582,Active,0.666666667,TRUE
O=C(Nc1csc(-c2nncn2C2CCCC2)n1)c1cnc(N2CCC(F)C2)c(-n2cnc(C3CC3)c2)c1,O=C(Nc1csc(-c2nncn2C2CCCC2)n1)c1cnc(N2CCC(F)C2)c(-n2cnc(C3CC3)c2)c1,8.271426652,0.895040417,Active,0.698795181,TRUE
NC(=O)CC(NC(=O)c1cc(Br)c(-c2ccnc3[nH]ccc23)s1)c1ccc(F)cc1,NC(=O)CC(NC(=O)c1cc(Br)c(-c2ccnc3[nH]ccc23)s1)c1ccc(F)cc1,7.968243834,0.895091975,Active,0.696969697,TRUE
CC(C)CC(NC(=O)C1(N)CCN(c2ncnc3[nH]ncc23)CC1)c1ccc(Cl)cc1,CC(C)CC(NC(=O)C1(N)CCN(c2ncnc3[nH]ncc23)CC1)c1ccc(Cl)cc1,7.731588699,0.895114565,Active,0.8,TRUE
Cc1cc(-c2cn(CC3CCCNC3)c(C3CCN(c4ncnc(N)c4Br)CC3)n2)ccc1F,Cc1cc(-c2cn(CC3CCCNC3)c(C3CCN(c4ncnc(N)c4Br)CC3)n2)ccc1F,8.508531772,0.89540633,Active,0.717948718,TRUE
Cn1nc(-c2ccc(C(=O)NC3CNCCC3c3cccc(F)c3)s2)c2cnccc21,Cn1nc(-c2ccc(C(=O)NC3CNCCC3c3cccc(F)c3)s2)c2cnccc21,7.591623604,0.895510519,Active,0.683544304,TRUE
NC(=O)COc1ccc2nc(-c3ccc(C4(N)CCC4)cc3)c(-c3ccccc3)n2n1,NC(=O)COc1ccc2nc(-c3ccc(C4(N)CCC4)cc3)c(-c3ccccc3)n2n1,7.463369142,0.895517075,Active,0.833333333,TRUE
O=C(NC1CNCCCC1c1ccc(F)c(F)c1)c1ccc2c(c1)-c1ccnn1CCO2,O=C(NC1CNCCCC1c1ccc(F)c(F)c1)c1ccc2c(c1)-c1ccnn1CCO2,9.022217891,0.895605171,Active,0.811594203,TRUE
Nc1ncnc(N2CCC(c3nc(-c4ccc(F)c(CO)c4)cn3CCN3CCC3)CC2)c1Br,Nc1ncnc(N2CCC(c3nc(-c4ccc(F)c(CO)c4)cn3CCN3CCC3)CC2)c1Br,8.616492044,0.895631456,Active,0.823529412,TRUE
CNCC(CC(C)C)NC(=O)c1cc(Br)c(-c2ccnc3[nH]ccc23)s1,CNCC(CC(C)C)NC(=O)c1cc(Br)c(-c2ccnc3[nH]ccc23)s1,8.044884206,0.89569124,Active,0.769230769,TRUE
CC1Cc2c(ccc(F)c2F)N1C(=O)Cc1nc(=O)c(Br)c(N2CCOCC2)[nH]1,CC1Cc2c(ccc(F)c2F)N1C(=O)Cc1nc(=O)c(Br)c(N2CCOCC2)[nH]1,8.244060671,0.895694757,Active,0.720588235,TRUE
CN(C)CCn1cc(-c2ccc(F)c(Cl)c2)nc1C1CCN(c2ncnc(N)c2C#N)CC1,CN(C)CCn1cc(-c2ccc(F)c(Cl)c2)nc1C1CCN(c2ncnc(N)c2C#N)CC1,8.471763392,0.895800853,Active,0.847222222,TRUE
Cc1c2ccc(-c3cncc(OCC(N)Cc4cccc(Cl)c4)c3)cc2nn1C,Cc1c2ccc(-c3cncc(OCC(N)Cc4cccc(Cl)c4)c3)cc2nn1C,7.55753565,0.896105969,Active,0.647058824,TRUE
Cc1[nH]nc2cnc(-c3cncc(OCC(N)Cc4c(F)c(F)c(F)c(F)c4F)c3)cc12,Cc1[nH]nc2cnc(-c3cncc(OCC(N)Cc4c(F)c(F)c(F)c(F)c4F)c3)cc12,7.605308231,0.896187508,Active,0.650793651,TRUE
CCc1c(N)ncnc1N1CCC(c2nc(-c3cccc(F)c3)cn2CCNCC2CC2)CC1,CCc1c(N)ncnc1N1CCC(c2nc(-c3cccc(F)c3)cn2CCNCC2CC2)CC1,7.621051059,0.896274889,Active,0.756756757,TRUE
COc1ccc(-c2cn3nccc3nc2-c2ccc(CN3CC(c4n[nH]c(-c5ccccn5)n4)C3)cc2)cc1,COc1ccc(-c2cn3nccc3nc2-c2ccc(CN3CC(c4n[nH]c(-c5ccccn5)n4)C3)cc2)cc1,7.628858766,0.896399522,Active,0.6375,TRUE
NC(=O)c1ccc2c(c1)-c1nc(-c3ccc(C4(N)CC(F)(F)C4)cc3)c(-c3ccoc3)n1CO2,NC(=O)c1ccc2c(c1)-c1nc(-c3ccc(C4(N)CC(F)(F)C4)cc3)c(-c3ccoc3)n1CO2,7.886227501,0.896410728,Active,0.671232877,TRUE
COc1ccc(F)c(-c2cn(CCN3CCCC3)c(C3CCN(c4ncnc(N)c4C#N)CC3)n2)c1,COc1ccc(F)c(-c2cn(CCN3CCCC3)c(C3CCN(c4ncnc(N)c4C#N)CC3)n2)c1,7.9487846,0.896467412,Active,0.746835443,TRUE
Cc1c[nH]c2ncnc(N3CCC(N)(C(=O)NC(c4ccc(F)cc4)c4ccc(F)s4)CC3)c12,Cc1c[nH]c2ncnc(N3CCC(N)(C(=O)NC(c4ccc(F)cc4)c4ccc(F)s4)CC3)c12,7.805601521,0.896580958,Active,0.625,TRUE
Cn1ncc(Cl)c1-c1ccc(C(=O)NC2CNCCC2c2cccc(Br)c2)s1,Cn1ncc(Cl)c1-c1ccc(C(=O)NC2CNCCC2c2cccc(Br)c2)s1,8.479157943,0.896582389,Active,0.823529412,TRUE
N#Cc1cc(Cl)cc(-c2cn(CCN3CCC3)c(C3CCN(c4ncnc(N)c4Br)CC3)n2)c1,N#Cc1cc(Cl)cc(-c2cn(CCN3CCC3)c(C3CCN(c4ncnc(N)c4Br)CC3)n2)c1,8.389873081,0.896609747,Active,0.684210526,TRUE
CC(C)NCCn1cc(-c2cccc(Cl)c2)nc1C1CCN(c2ncnc(N)c2C#N)CC1,CC(C)NCCn1cc(-c2cccc(Cl)c2)nc1C1CCN(c2ncnc(N)c2C#N)CC1,8.006648108,0.896758044,Active,0.783783784,TRUE
COc1ncnc(N2CCC(c3nc(-c4ccc(F)c(C)c4)cn3CCN3CCCC3)CC2)c1Cl,COc1ncnc(N2CCC(c3nc(-c4ccc(F)c(C)c4)cn3CCN3CCCC3)CC2)c1Cl,8.004359866,0.896786892,Active,0.701298701,TRUE
NC1(C(=O)NC(CO)Cc2ccccc2)CCN(c2ncnc3[nH]cc(Cl)c23)CC1,NC1(C(=O)NC(CO)Cc2ccccc2)CCN(c2ncnc3[nH]cc(Cl)c23)CC1,8.028495339,0.89687022,Active,0.633802817,TRUE
Cc1nc(C#N)nc(N2CCC(c3nc(-c4ccc(F)c(Cl)c4)cn3CCN3CCCC3)CC2)n1,Cc1nc(C#N)nc(N2CCC(c3nc(-c4ccc(F)c(Cl)c4)cn3CCN3CCCC3)CC2)n1,7.867953138,0.896878505,Active,0.64556962,TRUE
Nc1ncnc(N2CCC(c3nc(-c4ccc(OC(F)(F)F)c(F)c4)cn3CCN3CCC3)CC2)c1Cl,Nc1ncnc(N2CCC(c3nc(-c4ccc(OC(F)(F)F)c(F)c4)cn3CCN3CCC3)CC2)c1Cl,7.94637399,0.896912181,Active,0.788732394,TRUE
NC1(CNC(=O)c2cc(F)cc(Cl)c2)CCN(c2ncnc3[nH]cc(Cl)c23)CC1,NC1(CNC(=O)c2cc(F)cc(Cl)c2)CCN(c2ncnc3[nH]cc(Cl)c23)CC1,7.61041438,0.897033119,Active,0.712121212,TRUE
Nc1ncnc(N2CCC(c3nc(-c4ccnc(C(F)(F)F)c4)cn3CCNCC3CC3)CC2)c1F,Nc1ncnc(N2CCC(c3nc(-c4ccnc(C(F)(F)F)c4)cn3CCNCC3CC3)CC2)c1F,8.150286803,0.89703449,Active,0.7,TRUE
Nc1ncnc(N2CCC(c3nc(-c4ccc(F)c(F)c4)cn3CCNC3CCCC3)C(O)C2)c1Br,Nc1ncnc(N2CCC(c3nc(-c4ccc(F)c(F)c4)cn3CCNC3CCCC3)C(O)C2)c1Br,8.191644739,0.897140884,Active,0.604938272,TRUE
Cn1ccc(-c2ccc(C(=O)NC3CNCCC3c3cccc(F)c3)s2)n1,Cn1ccc(-c2ccc(C(=O)NC3CNCCC3c3cccc(F)c3)s2)n1,7.724561723,0.897179925,Active,0.731343284,TRUE
N#Cc1cc(-c2cn(CCN3CCCC3)c(C3CCN(c4ncncc4C#N)CC3)n2)ccc1F,N#Cc1cc(-c2cn(CCN3CCCC3)c(C3CCN(c4ncncc4C#N)CC3)n2)ccc1F,7.895212481,0.897187376,Active,0.666666667,TRUE
NC(=O)CC(NC(=O)c1cc(Br)c(-c2ccnc3[nH]ccc23)s1)c1cccc(F)c1,NC(=O)CC(NC(=O)c1cc(Br)c(-c2ccnc3[nH]ccc23)s1)c1cccc(F)c1,7.981635189,0.897350514,Active,0.691176471,TRUE
NCC1(C(=O)NC(c2ccc(F)c(Cl)c2)c2cncs2)CCN(c2ncnc3[nH]ccc23)CC1,NCC1(C(=O)NC(c2ccc(F)c(Cl)c2)c2cncs2)CCN(c2ncnc3[nH]ccc23)CC1,7.925192885,0.897399449,Active,0.623376623,TRUE
CNCCn1cc(-c2ccc(C)c(F)c2)nc1C1CCN(c2ncnc(N)c2Br)CC1,CNCCn1cc(-c2ccc(C)c(F)c2)nc1C1CCN(c2ncnc(N)c2Br)CC1,8.149481758,0.897419536,Active,0.72972973,TRUE
Cc1cc(F)ccc1CC(N)COc1cncc(-c2ccc3[nH]ncc3c2)c1,Cc1cc(F)ccc1CC(N)COc1cncc(-c2ccc3[nH]ncc3c2)c1,7.637283272,0.897482657,Active,0.741935484,TRUE
O=C(N1CCN(c2ncnc3[nH]ccc23)CC1)C1(c2ccc(Br)cc2)CC1,O=C(N1CCN(c2ncnc3[nH]ccc23)CC1)C1(c2ccc(Br)cc2)CC1,7.491062334,0.897539937,Active,0.886792453,TRUE
Cc1cc(-c2cn(CCNC(C)C)c(C3CCN(c4ncnc(N)c4Cl)CC3O)n2)ccc1F,Cc1cc(-c2cn(CCNC(C)C)c(C3CCN(c4ncnc(N)c4Cl)CC3O)n2)ccc1F,8.094348119,0.897664869,Active,0.722891566,TRUE
Cc1cc(-c2cn(CCN3CCCC3)c(C3CCN(c4ncnc(N)c4C(=O)NC4CC4)CC3)n2)ccc1F,Cc1cc(-c2cn(CCN3CCCC3)c(C3CCN(c4ncnc(N)c4C(=O)NC4CC4)CC3)n2)ccc1F,7.7374781,0.897806489,Active,0.828947368,TRUE
CC(C)C(CN)NC(=O)c1cc(Br)c(-c2ccnc3[nH]ccc23)s1,CC(C)C(CN)NC(=O)c1cc(Br)c(-c2ccnc3[nH]ccc23)s1,7.936533158,0.89788183,Active,0.709677419,TRUE
CCNCCn1cc(-c2ccc(F)c(C)c2)nc1C1CCN(c2ncnc(N)c2F)CC1,CCNCCn1cc(-c2ccc(F)c(C)c2)nc1C1CCN(c2ncnc(N)c2F)CC1,8.048650553,0.898050451,Active,0.705128205,TRUE
O=C(NC(CO)c1ccccc1)c1cc(Br)c(-c2ccnc3[nH]ccc23)s1,O=C(NC(CO)c1ccccc1)c1cc(Br)c(-c2ccnc3[nH]ccc23)s1,7.594536813,0.898058438,Active,0.862068966,TRUE
NCC1(C(=O)NCc2ccc(Cl)cc2N)CCN(c2ncnc3[nH]ccc23)CC1,NCC1(C(=O)NCc2ccc(Cl)cc2N)CCN(c2ncnc3[nH]ccc23)CC1,7.994391724,0.898060882,Active,0.628571429,TRUE
N#Cc1cc(-c2cn(CCN3CCCC3)c(C3CCN(c4ncnc(N)c4C#N)CC3)n2)ccc1F,N#Cc1cc(-c2cn(CCN3CCCC3)c(C3CCN(c4ncnc(N)c4C#N)CC3)n2)ccc1F,8.250015849,0.898084784,Active,0.882352941,TRUE
Cc1cc(-c2cn(CCNCC3CC3)c(C3CCN(c4cc(C#N)ncn4)CC3)n2)ccc1F,Cc1cc(-c2cn(CCNCC3CC3)c(C3CCN(c4cc(C#N)ncn4)CC3)n2)ccc1F,7.944667056,0.898170197,Active,0.734177215,TRUE
Cn1ncc(F)c1-c1cc(F)c(C(=O)NC2CNCCC2c2cccc(F)c2)cc1F,Cn1ncc(F)c1-c1cc(F)c(C(=O)NC2CNCCC2c2cccc(F)c2)cc1F,7.606726733,0.898401523,Active,0.7,TRUE
CC(C)Oc1c(N)ncnc1N1CCC(c2nc(-c3cccc(F)c3)cn2CCN2CCC2)CC1,CC(C)Oc1c(N)ncnc1N1CCC(c2nc(-c3cccc(F)c3)cn2CCN2CCC2)CC1,7.879160935,0.898568892,Active,0.8,TRUE
O=C1CC(NC(=O)C(Cc2ccc(F)cc2)NC(=O)c2cc(Br)c(-c3ccnc4[nH]ccc34)s2)C(O)O1,O=C1CC(NC(=O)C(Cc2ccc(F)cc2)NC(=O)c2cc(Br)c(-c3ccnc4[nH]ccc34)s2)C(O)O1,8.084445254,0.89859494,Active,0.62962963,TRUE
Cc1cc(F)ccc1CC(N)COc1cncc(-c2ccc3[nH]nc(N)c3c2)c1,Cc1cc(F)ccc1CC(N)COc1cncc(-c2ccc3[nH]nc(N)c3c2)c1,7.656376192,0.898637319,Active,0.879310345,TRUE
Cn1nccc1-c1ccc(C(=O)NC2CCCNC2c2cccc(F)c2)s1,Cn1nccc1-c1ccc(C(=O)NC2CCCNC2c2cccc(F)c2)s1,7.699985094,0.89876368,Active,0.724637681,TRUE
Cn1ncc(-c2ccccc2)c1-c1ccc(C(=O)NC2CNCCC2c2cccc(F)n2)s1,Cn1ncc(-c2ccccc2)c1-c1ccc(C(=O)NC2CNCCC2c2cccc(F)n2)s1,7.328198891,0.898835206,Active,0.753424658,TRUE
Nc1ncnc(N2CCC(c3nc(-c4cc(F)cc(Cl)c4)cn3CCN3CCCC3)CC2)c1Cl,Nc1ncnc(N2CCC(c3nc(-c4cc(F)cc(Cl)c4)cn3CCN3CCCC3)CC2)c1Cl,8.109816687,0.89885875,Active,0.805970149,TRUE
CCCC(NC(=O)c1cc(Br)c(-c2ccnc3[nH]ccc23)s1)C(=O)NC,CCCC(NC(=O)c1cc(Br)c(-c2ccnc3[nH]ccc23)s1)C(=O)NC,7.921850353,0.89888134,Active,0.637681159,TRUE
CC(C)(C)NCCn1cc(-c2cccc(F)c2)nc1C1CCN(c2ncnc(N)c2Cl)CC1,CC(C)(C)NCCn1cc(-c2cccc(F)c2)nc1C1CCN(c2ncnc(N)c2Cl)CC1,7.927717629,0.898997867,Active,0.75,TRUE
NC1(c2ccc(-c3nc4n(c3-c3ccccc3)COc3cc(C(F)(F)F)cnc3-4)cc2)CC1,NC1(c2ccc(-c3nc4n(c3-c3ccccc3)COc3cc(C(F)(F)F)cnc3-4)cc2)CC1,7.470997344,0.899024808,Active,0.650793651,TRUE
CCNCCNc1ccc(-c2coc(C)n2)nc1C1CCN(c2ncnc3c2C(C)(C)C(=O)N3)CC1,CCNCCNc1ccc(-c2coc(C)n2)nc1C1CCN(c2ncnc3c2C(C)(C)C(=O)N3)CC1,9.263128928,0.899065459,Active,0.719512195,TRUE
Cc1cc(-c2cn(CCN3CCCC3)c(C3CCN(c4ncnc(N)c4F)CC3)n2)ccc1F,Cc1cc(-c2cn(CCN3CCCC3)c(C3CCN(c4ncnc(N)c4F)CC3)n2)ccc1F,7.842720757,0.89909389,Active,0.838235294,TRUE
CNC(=O)C(CC1CCC1)NC(=O)c1cc(Br)c(-c2ccnc3[nH]ccc23)s1,CNC(=O)C(CC1CCC1)NC(=O)c1cc(Br)c(-c2ccnc3[nH]ccc23)s1,8.126805983,0.899208391,Active,0.714285714,TRUE
Cc1cc(-c2cn(CCN(C)C)c(C3CCN(c4cc(N)ncn4)CC3F)n2)ccc1F,Cc1cc(-c2cn(CCN(C)C)c(C3CCN(c4cc(N)ncn4)CC3F)n2)ccc1F,8.021423696,0.899226689,Active,0.75,TRUE
Cc1[nH]nc2ccc(-c3cncc(OCC(N)Cc4ccc(Br)nc4)c3)cc12,Cc1[nH]nc2ccc(-c3cncc(OCC(N)Cc4ccc(Br)nc4)c3)cc12,7.982184779,0.899284983,Active,0.630769231,TRUE
CC(=O)N(C)CCn1cc(-c2ccc(F)c(C)c2)nc1C1CCN(c2ncnc(N)c2Br)CC1,CC(=O)N(C)CCn1cc(-c2ccc(F)c(C)c2)nc1C1CCN(c2ncnc(N)c2Br)CC1,8.56048677,0.89934411,Active,0.736842105,TRUE
Cc1cc(-c2cn(CCN(C)C)c(C3CCN(c4ncnc(N)c4C(F)(F)F)CC3)n2)ccc1F,Cc1cc(-c2cn(CCN(C)C)c(C3CCN(c4ncnc(N)c4C(F)(F)F)CC3)n2)ccc1F,7.869804178,0.899382675,Active,0.791666667,TRUE
CNC(=O)C(NC(=O)c1cc(Br)c(-c2ccnc3[nH]ccc23)s1)c1ccccc1F,CNC(=O)C(NC(=O)c1cc(Br)c(-c2ccnc3[nH]ccc23)s1)c1ccccc1F,7.99736276,0.899388337,Active,0.643835616,TRUE
CCNCCn1cc(-c2ccc(F)c(C(F)(F)F)c2)nc1C1CCN(c2ncnc(N)c2F)CC1,CCNCCn1cc(-c2ccc(F)c(C(F)(F)F)c2)nc1C1CCN(c2ncnc(N)c2F)CC1,8.195674916,0.899447763,Active,0.805194805,TRUE
CNCCn1cc(-c2ccc(F)c(C(F)(F)F)c2)nc1C1CCN(c2ncnc(N)c2Cl)CC1,CNCCn1cc(-c2ccc(F)c(C(F)(F)F)c2)nc1C1CCN(c2ncnc(N)c2Cl)CC1,8.426470333,0.899825239,Active,0.8,TRUE
NC(=O)CCC(NC(=O)c1cc(Br)c(-c2ccnc3[nH]ccc23)s1)c1cccc(Cl)c1,NC(=O)CCC(NC(=O)c1cc(Br)c(-c2ccnc3[nH]ccc23)s1)c1cccc(Cl)c1,7.905323967,0.89984616,Active,0.7,TRUE
NC1(CNC(=O)c2ccc(Br)s2)CCN(c2ncnc3[nH]cc(Cl)c23)CC1,NC1(CNC(=O)c2ccc(Br)s2)CCN(c2ncnc3[nH]cc(Cl)c23)CC1,7.788474414,0.899878764,Active,0.632352941,TRUE
Cc1cc(-c2cn(CCN3CCC3)c(C3CCN(c4ncnc(N)c4F)CC3(C)F)n2)ccc1F,Cc1cc(-c2cn(CCN3CCC3)c(C3CCN(c4ncnc(N)c4F)CC3(C)F)n2)ccc1F,8.051434802,0.900002146,Active,0.7375,TRUE
Cc1[nH]nc2ncc(-c3cc(OCC(N)Cc4c[nH]c5ccc(F)cc45)cnc3-c3ccoc3)nc12,Cc1[nH]nc2ncc(-c3cc(OCC(N)Cc4c[nH]c5ccc(F)cc45)cnc3-c3ccoc3)nc12,8.213990991,0.900011086,Active,0.702380952,TRUE
Cc1cc(-c2cn(CCNCCN)c(C3CCN(c4ncnc(N)c4Br)CC3)n2)ccc1F,Cc1cc(-c2cn(CCNCCN)c(C3CCN(c4ncnc(N)c4Br)CC3)n2)ccc1F,8.552940684,0.900050664,Active,0.777777778,TRUE
CN(C)CCn1cc(-c2ccc(F)c(C(F)(F)F)c2)nc1C1CCN(c2cc(N)ncn2)CC1F,CN(C)CCn1cc(-c2ccc(F)c(C(F)(F)F)c2)nc1C1CCN(c2cc(N)ncn2)CC1F,8.029971058,0.900148654,Active,0.759493671,TRUE
Cc1c(N)ncnc1N1CCC(c2nc(-c3ccc(F)c(C(F)(F)F)c3)cn2CCN(C)C)CC1,Cc1c(N)ncnc1N1CCC(c2nc(-c3ccc(F)c(C(F)(F)F)c3)cn2CCN(C)C)CC1,7.962443217,0.900311375,Active,0.845070423,TRUE
NC1(C(=O)NC(CC(=O)N2CCCC2)c2ccc(Cl)cc2)CCN(c2ncnc3[nH]ncc23)CC1,NC1(C(=O)NC(CC(=O)N2CCCC2)c2ccc(Cl)cc2)CCN(c2ncnc3[nH]ncc23)CC1,7.714003196,0.900359237,Active,0.764705882,TRUE
Cn1ncc(Cl)c1-c1ccc(C(=O)NC2CNCCC2c2cc(F)cc(Cl)c2)s1,Cn1ncc(Cl)c1-c1ccc(C(=O)NC2CNCCC2c2cc(F)cc(Cl)c2)s1,8.524491111,0.90036782,Active,0.823529412,TRUE
CN(C)CCn1cc(-c2ccc(F)c(C(F)(F)F)c2)nc1C1CCN(c2ncnc(N)c2OC(F)F)CC1,CN(C)CCn1cc(-c2ccc(F)c(C(F)(F)F)c2)nc1C1CCN(c2ncnc(N)c2OC(F)F)CC1,7.892499282,0.900505328,Active,0.893333333,TRUE
N#Cc1c(N)ncnc1N1CCC(c2nc(-c3ccc(Cl)c(C(F)(F)F)c3)cn2CCN2CCCC2)CC1,N#Cc1c(N)ncnc1N1CCC(c2nc(-c3ccc(Cl)c(C(F)(F)F)c3)cn2CCN2CCCC2)CC1,8.250741286,0.900581622,Active,0.851351351,TRUE
NC1(C(=O)NC(C(=O)N2CCCC2)c2ccc(Cl)cc2)CCN(c2ncnc3[nH]ccc23)CC1,NC1(C(=O)NC(C(=O)N2CCCC2)c2ccc(Cl)cc2)CCN(c2ncnc3[nH]ccc23)CC1,7.673773702,0.900623345,Active,0.819672131,TRUE
O=C(NC1CCN(c2ncnc3[nH]cc(Cl)c23)C1)C1(c2ccc(F)cc2)CCNCC1,O=C(NC1CCN(c2ncnc3[nH]cc(Cl)c23)C1)C1(c2ccc(F)cc2)CCNCC1,8.130298001,0.900645816,Active,0.605633803,TRUE
Cc1cc(-c2cn(CCN(C)C)c(C3CCN(c4ncnc(N)c4Cl)CC3)n2)cc(F)c1F,Cc1cc(-c2cn(CCN(C)C)c(C3CCN(c4ncnc(N)c4Cl)CC3)n2)cc(F)c1F,8.179115967,0.900656188,Active,0.671052632,TRUE
CC(=O)c1c(N)ncnc1N1CCC(c2nc(-c3ccc(F)c(F)c3)cn2CCNCC(C)C)CC1,CC(=O)c1c(N)ncnc1N1CCC(c2nc(-c3ccc(F)c(F)c3)cn2CCNCC(C)C)CC1,7.88078856,0.900845969,Active,0.797468354,TRUE
NC(=O)C1(c2ccc(-c3nc4n(c3-c3ccccc3)COc3ccccc3-4)cc2)CC1,NC(=O)C1(c2ccc(-c3nc4n(c3-c3ccccc3)COc3ccccc3-4)cc2)CC1,7.487451915,0.901140296,Active,0.701754386,TRUE
CC(C)NCCn1cc(-c2ccc(C#N)cc2F)nc1C1CCN(c2ncnc(N)c2Br)CC1,CC(C)NCCn1cc(-c2ccc(C#N)cc2F)nc1C1CCN(c2ncnc(N)c2Br)CC1,8.311183838,0.901354098,Active,0.635294118,TRUE
NC(=O)CCCC(NC(=O)c1cc(Br)c(-c2ccnc3[nH]ccc23)s1)c1ccccc1F,NC(=O)CCCC(NC(=O)c1cc(Br)c(-c2ccnc3[nH]ccc23)s1)c1ccccc1F,7.874525893,0.901437843,Active,0.704225352,TRUE
CCN(C)CCn1cc(-c2ccc(F)c(C(F)(F)F)c2)nc1C1CCN(c2ncnc(N)c2F)CC1,CCN(C)CCn1cc(-c2ccc(F)c(C(F)(F)F)c2)nc1C1CCN(c2ncnc(N)c2F)CC1,7.80339693,0.9015167,Active,0.792207792,TRUE
CN(C)CCn1cc(-c2ccnc(C(F)(F)F)c2)nc1C1CCN(c2ncnc(N)c2Cl)CC1,CN(C)CCn1cc(-c2ccnc(C(F)(F)F)c2)nc1C1CCN(c2ncnc(N)c2Cl)CC1,8.400208968,0.901548827,Active,0.805555556,TRUE
NC1(C(=O)NC(c2ccc(Cl)c(F)c2)C2CCCC2)CCN(c2ncnc3[nH]ccc23)CC1,NC1(C(=O)NC(c2ccc(Cl)c(F)c2)C2CCCC2)CCN(c2ncnc3[nH]ccc23)CC1,7.933024463,0.90194031,Active,0.602739726,TRUE
NC(=O)C(CC1CCCCC1)NC(=O)c1cc(Br)c(-c2ccnc3[nH]ccc23)s1,NC(=O)C(CC1CCCCC1)NC(=O)c1cc(Br)c(-c2ccnc3[nH]ccc23)s1,8.222019489,0.90205797,Active,0.787878788,TRUE
CC(=O)c1ccc(-c2cn(CCNC3CCCC3)c(C3CCN(c4ncnc(N)c4C)CC3)n2)cc1F,CC(=O)c1ccc(-c2cn(CCNC3CCCC3)c(C3CCN(c4ncnc(N)c4C)CC3)n2)cc1F,7.733821044,0.902293229,Active,0.719512195,TRUE
Cn1nc(-c2ccc(C(=O)NC3CNCCC3c3cccc(F)c3)s2)c2sccc21,Cn1nc(-c2ccc(C(=O)NC3CNCCC3c3cccc(F)c3)s2)c2sccc21,7.947313357,0.902294064,Active,0.684931507,TRUE
NC(=O)c1ccc2c(c1)OCn1c-2nc(-c2ccc(F)cc2)c1-c1ccccc1,NC(=O)c1ccc2c(c1)OCn1c-2nc(-c2ccc(F)cc2)c1-c1ccccc1,7.241831377,0.902449095,Active,0.707692308,TRUE
Cn1ncc(Cl)c1-c1cc(C(=O)NC(CN)Cc2cc(F)ccc2F)oc1Cl,Cn1ncc(Cl)c1-c1cc(C(=O)NC(CN)Cc2cc(F)ccc2F)oc1Cl,8.450673249,0.90250107,Active,0.784615385,TRUE
Nc1ncnc(N2CCC(c3nc(-c4ccc(Br)c(F)c4)cn3CCN3CCC3)CC2)c1Cl,Nc1ncnc(N2CCC(c3nc(-c4ccc(Br)c(F)c4)cn3CCN3CCC3)CC2)c1Cl,7.976212612,0.902536058,Active,0.835820896,TRUE
N#Cc1ccc(-c2cn(CCN3CCC3)c(C3CCN(c4ncnc(N)c4C4CC4)CC3)n2)cc1F,N#Cc1ccc(-c2cn(CCN3CCC3)c(C3CCN(c4ncnc(N)c4C4CC4)CC3)n2)cc1F,7.610413243,0.902636909,Active,0.763888889,TRUE
CC(CNC(=O)NC(C)(C)C)NC(=O)c1cc(Br)c(-c2ccnc3[nH]ccc23)s1,CC(CNC(=O)NC(C)(C)C)NC(=O)c1cc(Br)c(-c2ccnc3[nH]ccc23)s1,7.788745146,0.902665818,Active,0.611111111,TRUE
COc1c(N)ncnc1N1CCC(c2nc(-c3ccc(F)c(C)c3)cn2CCN(C)C)CC1,COc1c(N)ncnc1N1CCC(c2nc(-c3ccc(F)c(C)c3)cn2CCN(C)C)CC1,8.350789678,0.902724588,Active,0.871428571,TRUE
Cc1cc(-c2cn(CCN(C)C(=O)C3CC3)c(C3CCN(c4ncnc(N)c4F)CC3)n2)ccc1F,Cc1cc(-c2cn(CCN(C)C(=O)C3CC3)c(C3CCN(c4ncnc(N)c4F)CC3)n2)ccc1F,7.988611471,0.902742589,Active,0.721518987,TRUE
Cc1cc(-c2cn(CCNCC3CC3)c(C3CCN(c4ncncc4C)CC3)n2)ccc1F,Cc1cc(-c2cn(CCNCC3CC3)c(C3CCN(c4ncncc4C)CC3)n2)ccc1F,7.921332214,0.902999187,Active,0.727272727,TRUE
Cn1ncc(Cl)c1-c1ccc(C(=O)NC2CNCCC2c2cccc(CO)c2)s1,Cn1ncc(Cl)c1-c1ccc(C(=O)NC2CNCCC2c2cccc(CO)c2)s1,8.281875552,0.903041387,Active,0.811594203,TRUE
NCC1(C(=O)NCc2ccc(Cl)c(Cl)c2)CCN(c2ncnc3[nH]ccc23)CC1,NCC1(C(=O)NCc2ccc(Cl)c(Cl)c2)CCN(c2ncnc3[nH]ccc23)CC1,8.090770899,0.903086448,Active,0.640625,TRUE
NC1(C(=O)NCc2cc(Cl)cc(Cl)c2)CCN(c2ncnc3[nH]ccc23)C1,NC1(C(=O)NCc2cc(Cl)cc(Cl)c2)CCN(c2ncnc3[nH]ccc23)C1,7.534426085,0.903156483,Active,0.762711864,TRUE
NC1(c2ccc(-c3nc4n(c3-c3ccc(F)cc3)COc3ccncc3-4)cc2)CC1,NC1(c2ccc(-c3nc4n(c3-c3ccc(F)cc3)COc3ccncc3-4)cc2)CC1,7.612963916,0.903238678,Active,0.775862069,TRUE
NC(=O)CC(NC(=O)c1cc(Br)c(-c2ccnc3[nH]ccc23)s1)c1ccccc1Cl,NC(=O)CC(NC(=O)c1cc(Br)c(-c2ccnc3[nH]ccc23)s1)c1ccccc1Cl,7.97079219,0.90326848,Active,0.676470588,TRUE
NC1(C(=O)NCc2ccc(Cl)c(Cl)c2)CCN(c2ncnc3[nH]ccc23)C1,NC1(C(=O)NCc2ccc(Cl)c(Cl)c2)CCN(c2ncnc3[nH]ccc23)C1,7.589781883,0.903273547,Active,0.721311475,TRUE
Cn1ncc(Cl)c1-c1ccc(C(=O)NC2CCCNC2c2cccc(F)c2)s1,Cn1ncc(Cl)c1-c1ccc(C(=O)NC2CCCNC2c2cccc(F)c2)s1,8.461989321,0.903340423,Active,0.736111111,TRUE
CNC(=O)C(NC(=O)C1(N)CCN(c2ncnc3[nH]ccc23)CC1)c1ccc(Cl)cc1,CNC(=O)C(NC(=O)C1(N)CCN(c2ncnc3[nH]ccc23)CC1)c1ccc(Cl)cc1,7.597662862,0.90335741,Active,0.819672131,TRUE
Nc1ncnc(N2CCC(c3nc(-c4ccc(O)c(F)c4)cn3CCN3CCCC3)CC2)c1Cl,Nc1ncnc(N2CCC(c3nc(-c4ccc(O)c(F)c4)cn3CCN3CCCC3)CC2)c1Cl,7.991657852,0.903465056,Active,0.863636364,TRUE
Cc1c(F)cccc1-c1cn(CCNC(C)C)c(C2CCN(c3ncnc(N)c3C)CC2)n1,Cc1c(F)cccc1-c1cn(CCNC(C)C)c(C2CCN(c3ncnc(N)c3C)CC2)n1,7.835664952,0.903542602,Active,0.609756098,TRUE
NC1(c2ccc(-c3nc4n(c3-c3ccccn3)COc3ccccc3-4)cc2)CC1,NC1(c2ccc(-c3nc4n(c3-c3ccccn3)COc3ccccc3-4)cc2)CC1,7.480489025,0.903626227,Active,0.701754386,TRUE
CNC(=O)C(CC(C)C)NC(=O)c1cc(Br)c(-c2ccnc3[nH]ccc23)s1,CNC(=O)C(CC(C)C)NC(=O)c1cc(Br)c(-c2ccnc3[nH]ccc23)s1,7.898165154,0.903778875,Active,0.637681159,TRUE
NC1(c2ccc(-c3nc4n(c3-c3ccsc3)COc3cnccc3-4)cc2)CC1,NC1(c2ccc(-c3nc4n(c3-c3ccsc3)COc3cnccc3-4)cc2)CC1,7.736483227,0.903781974,Active,0.721311475,TRUE
CC1(C)C(=O)Nc2ccc(-c3cncc(OCC(N)Cc4c[nH]c5cc(F)ccc45)c3)cc21,CC1(C)C(=O)Nc2ccc(-c3cncc(OCC(N)Cc4c[nH]c5cc(F)ccc45)c3)cc21,8.090965755,0.903863275,Active,0.689189189,TRUE
CC1(C)C(=O)Nc2ccc(-c3cncc(OCC(N)Cc4c[nH]c5ccccc45)c3)cc21,CC1(C)C(=O)Nc2ccc(-c3cncc(OCC(N)Cc4c[nH]c5ccccc45)c3)cc21,7.96262953,0.903944874,Active,0.820895522,TRUE
NC1(c2ccc(-c3nc4n(c3-c3ccncc3)COc3ncccc3-4)cn2)CCC1,NC1(c2ccc(-c3nc4n(c3-c3ccncc3)COc3ncccc3-4)cn2)CCC1,7.853618433,0.903977895,Active,0.682539683,TRUE
Cc1ncc2c(n1)OCn1c-2nc(-c2ccc(C3(N)CC3)cc2)c1-c1ccccc1,Cc1ncc2c(n1)OCn1c-2nc(-c2ccc(C3(N)CC3)cc2)c1-c1ccccc1,7.487403877,0.904101276,Active,0.672131148,TRUE
CNCC(NC(=O)c1cc(Br)c(-c2ccnc3ccccc23)s1)c1ccccc1,CNCC(NC(=O)c1cc(Br)c(-c2ccnc3ccccc23)s1)c1ccccc1,7.598892581,0.904129827,Active,0.761904762,TRUE
NC(=O)c1c(N)ncnc1N1CCC(c2nc(-c3ccc(F)c(Cl)c3)cn2CCNC2CCCC2)CC1,NC(=O)c1c(N)ncnc1N1CCC(c2nc(-c3ccc(F)c(Cl)c3)cn2CCNC2CCCC2)CC1,8.088899012,0.904246771,Active,0.842105263,TRUE
CCn1c(-c2nonc2N)nc2c(C#CC(C)(C)O)nc(OC(F)F)cc21,CCn1c(-c2nonc2N)nc2c(C#CC(C)(C)O)nc(OC(F)F)cc21,7.999573186,0.90429368,Active,0.757575758,TRUE
Nc1ncnc(N2CCC(c3nc(-c4ccc(F)cc4)cn3CCN3CCCC3)C(F)C2)c1Cl,Nc1ncnc(N2CCC(c3nc(-c4ccc(F)cc4)cn3CCN3CCCC3)C(F)C2)c1Cl,8.241528288,0.904345894,Active,0.776119403,TRUE
NC1(c2ccc(-c3nc4n(c3-c3ccccc3)COc3ncc(Cl)nc3-4)cc2)CC1,NC1(c2ccc(-c3nc4n(c3-c3ccccc3)COc3ncc(Cl)nc3-4)cc2)CC1,7.704118019,0.904411697,Active,0.619047619,TRUE
Nc1ncnc(N2CCC(c3nc(-c4ccc(F)c(C(F)(F)F)c4)cn3CCNC3CCCC3)CC2)c1F,Nc1ncnc(N2CCC(c3nc(-c4ccc(F)c(C(F)(F)F)c4)cn3CCNC3CCCC3)CC2)c1F,8.046760758,0.904423559,Active,0.828947368,TRUE
CC(C)NCCn1cc(-c2ccc(F)c(C(F)(F)F)c2)nc1C1CCN(c2ncnc(N)c2F)CC1,CC(C)NCCn1cc(-c2ccc(F)c(C(F)(F)F)c2)nc1C1CCN(c2ncnc(N)c2F)CC1,8.029462779,0.904431903,Active,0.828947368,TRUE
Cc1c(N)ncnc1N1CCC(c2nc(-c3ccc(F)c(Cl)c3)cn2CCN(C)C)CC1,Cc1c(N)ncnc1N1CCC(c2nc(-c3ccc(F)c(Cl)c3)cn2CCN(C)C)CC1,8.316751982,0.904443824,Active,0.716216216,TRUE
Cc1c(N)ncnc1N1CCC(c2nc(-c3ccc(F)c(C)c3C)cn2CCN(C)C)CC1,Cc1c(N)ncnc1N1CCC(c2nc(-c3ccc(F)c(C)c3C)cn2CCN(C)C)CC1,7.886421219,0.904714787,Active,0.644736842,TRUE
Cc1c(N)ncnc1N1CCC(c2nc(-c3ccc(F)cc3Cl)cn2CCN2CCC2)CC1,Cc1c(N)ncnc1N1CCC(c2nc(-c3ccc(F)cc3Cl)cn2CCN2CCC2)CC1,8.422637544,0.904741848,Active,0.643835616,TRUE
CC(CNC(=O)c1cc(Br)c(-c2ccnc3[nH]ccc23)s1)Cc1ccc(F)c(F)c1,CC(CNC(=O)c1cc(Br)c(-c2ccnc3[nH]ccc23)s1)Cc1ccc(F)c(F)c1,7.906560398,0.904933119,Active,0.611111111,TRUE
C=CCNCCn1cc(-c2ccc(F)c(C(F)(F)F)c2)nc1C1CCN(c2ncnc(N)c2Br)CC1,C=CCNCCn1cc(-c2ccc(F)c(C(F)(F)F)c2)nc1C1CCN(c2ncnc(N)c2Br)CC1,8.367805576,0.904962623,Active,0.756410256,TRUE
O=C(NC1CCCNC1c1cccc(F)c1)c1cc2c(s1)CCCn1nccc1-2,O=C(NC1CCCNC1c1cccc(F)c1)c1cc2c(s1)CCCn1nccc1-2,8.731749483,0.904964471,Active,0.75,TRUE
NC1(c2ccc(-c3nc4n(c3-c3ccccc3)COc3cc(CO)ccc3-4)cc2)CCC1,NC1(c2ccc(-c3nc4n(c3-c3ccccc3)COc3cc(CO)ccc3-4)cc2)CCC1,7.752721436,0.904970193,Active,0.796875,TRUE
Cc1cc(-c2cn(CCN3CCCC3)c(C3CCN(c4ncnc(CC(F)(F)F)c4C#N)CC3)n2)ccc1F,Cc1cc(-c2cn(CCN3CCCC3)c(C3CCN(c4ncnc(CC(F)(F)F)c4C#N)CC3)n2)ccc1F,7.756592937,0.904984319,Active,0.810810811,TRUE
Nc1ncnc(N2CCC(c3nc(-c4ccc(F)c(C(F)(F)F)c4)cn3CCNCC3CC3)CC2)c1F,Nc1ncnc(N2CCC(c3nc(-c4ccc(F)c(C(F)(F)F)c4)cn3CCNCC3CC3)CC2)c1F,8.066313792,0.905022168,Active,0.828947368,TRUE
CC1CCCN1CCn1cc(-c2ccc(F)c(Cl)c2)nc1C1CCN(c2ncnc(N)c2C(N)=O)CC1,CC1CCCN1CCn1cc(-c2ccc(F)c(Cl)c2)nc1C1CCN(c2ncnc(N)c2C(N)=O)CC1,7.937002365,0.90502938,Active,0.805194805,TRUE
NC1(c2ccc(-c3nc4n(c3-c3ccccc3)COc3ccncc3-4)c(F)c2)CCC1,NC1(c2ccc(-c3nc4n(c3-c3ccccc3)COc3ccncc3-4)c(F)c2)CCC1,7.666338229,0.905176902,Active,0.774193548,TRUE
Cc1[nH]nc2ncc(-c3cncc(OCC(N)Cc4ccc(Cl)c(F)c4)c3)cc12,Cc1[nH]nc2ncc(-c3cncc(OCC(N)Cc4ccc(Cl)c(F)c4)c3)cc12,8.113543148,0.905279005,Active,0.727272727,TRUE
Cc1[nH]nc2cc(-c3cncc(OCC(N)Cc4cccc(F)c4F)c3)ccc12,Cc1[nH]nc2cc(-c3cncc(OCC(N)Cc4cccc(F)c4F)c3)ccc12,7.727861,0.905334973,Active,0.746031746,TRUE
CCn1c(-c2nonc2N)nc2c(C#CC(C)(C)O)nc(CN3CCOCC3C)cc21,CCn1c(-c2nonc2N)nc2c(C#CC(C)(C)O)nc(CN3CCOCC3C)cc21,8.28845011,0.905438268,Active,0.742857143,TRUE
Cc1cc(-c2cn(CCNCC3(F)COC3)c(C3CCN(c4ncnc(N)c4OC(C)C)CC3)n2)ccc1F,Cc1cc(-c2cn(CCNCC3(F)COC3)c(C3CCN(c4ncnc(N)c4OC(C)C)CC3)n2)ccc1F,8.191842631,0.905439222,Active,0.720930233,TRUE
NC1(C(=O)NC(CO)c2ccc(Cl)c(F)c2)CCN(c2ncnc3[nH]ncc23)CC1,NC1(C(=O)NC(CO)c2ccc(Cl)c(F)c2)CCN(c2ncnc3[nH]ncc23)CC1,7.703461255,0.905588472,Active,0.690140845,TRUE
Cc1cc(-c2cn(CCN3CC(F)C3)c(C3CCN(c4ncnc(N)c4Br)CC3)n2)ccc1F,Cc1cc(-c2cn(CCN3CC(F)C3)c(C3CCN(c4ncnc(N)c4Br)CC3)n2)ccc1F,8.522274894,0.905649269,Active,0.855072464,TRUE
Cc1[nH]nc2ncc(-c3cncc(OCC(N)Cc4cc(F)ccc4F)c3)cc12,Cc1[nH]nc2ncc(-c3cncc(OCC(N)Cc4cc(F)ccc4F)c3)cc12,7.690889448,0.905680859,Active,0.626865672,TRUE
Cc1[nH]nc2ccc(-c3cncc(OCC(N)Cc4c[nH]c5ccccc45)c3Cl)cc12,Cc1[nH]nc2ccc(-c3cncc(OCC(N)Cc4c[nH]c5ccccc45)c3Cl)cc12,8.524142619,0.905726874,Active,0.628205128,TRUE
Cn1nccc1-c1ccc(C(=O)NC2CNCCC2c2ccc(F)c(F)c2)s1,Cn1nccc1-c1ccc(C(=O)NC2CNCCC2c2ccc(F)c(F)c2)s1,7.767732735,0.905872965,Active,0.8,TRUE
NC1(CNC(=O)c2ccccc2Br)CCN(c2ncnc3[nH]cc(Cl)c23)C1,NC1(CNC(=O)c2ccccc2Br)CCN(c2ncnc3[nH]cc(Cl)c23)C1,7.691267293,0.905987167,Active,0.723076923,TRUE
Cc1cc(-c2cn(CCN3CCCC3)c(C3CCN(c4ncnc(Cl)c4C)CC3)n2)ccc1F,Cc1cc(-c2cn(CCN3CCCC3)c(C3CCN(c4ncnc(Cl)c4C)CC3)n2)ccc1F,7.892875624,0.906119549,Active,0.736111111,TRUE
Cc1cc(-c2cn(CCNC3CC3)c(C3CCN(c4ncnc(N)c4F)CC3)n2)ccc1F,Cc1cc(-c2cn(CCNC3CC3)c(C3CCN(c4ncnc(N)c4F)CC3)n2)ccc1F,8.153559996,0.906193876,Active,0.773333333,TRUE
Cn1ncc(Br)c1-c1ccc(C(=O)NC2CNCCC2c2ccc(F)c(F)c2)s1,Cn1ncc(Br)c1-c1ccc(C(=O)NC2CNCCC2c2ccc(F)c(F)c2)s1,8.031176538,0.906272614,Active,0.808823529,TRUE
Cc1nc(C)c2c(n1)OCn1c-2nc(-c2ccc(C3(N)CC3)cc2)c1-c1ccccc1,Cc1nc(C)c2c(n1)OCn1c-2nc(-c2ccc(C3(N)CC3)cc2)c1-c1ccccc1,7.416305232,0.906289423,Active,0.603174603,TRUE
CC(C)N1CCCC(Cn2cc(-c3ccc(F)c(C(F)(F)F)c3)nc2C2CCN(c3ncnc(N)c3C(N)=O)CC2)C1,CC(C)N1CCCC(Cn2cc(-c3ccc(F)c(C(F)(F)F)c3)nc2C2CCN(c3ncnc(N)c3C(N)=O)CC2)C1,7.502068939,0.906401479,Active,0.795180723,TRUE
Cc1[nH]nc2ccc(-c3cncc(OCC(N)Cc4cc(Br)cc(Br)c4)c3)cc12,Cc1[nH]nc2ccc(-c3cncc(OCC(N)Cc4cc(Br)cc(Br)c4)c3)cc12,8.015998321,0.906499171,Active,0.650793651,TRUE
Cn1nc(-c2ccc(C(=O)NC3CNCCC3c3cccc(F)c3)s2)cc1C1CCOCC1,Cn1nc(-c2ccc(C(=O)NC3CNCCC3c3cccc(F)c3)s2)cc1C1CCOCC1,7.754101489,0.906500542,Active,0.689189189,TRUE
CCCCC(NC(=O)c1cc(Br)c(-c2ccnc3[nH]ccc23)s1)C(=O)NC,CCCCC(NC(=O)c1cc(Br)c(-c2ccnc3[nH]ccc23)s1)C(=O)NC,7.953858956,0.90652653,Active,0.61971831,TRUE
NC(Cc1ccccc1)C(=O)NC(=O)c1cc(Br)c(-c2ccnc3[nH]ccc23)s1,NC(Cc1ccccc1)C(=O)NC(=O)c1cc(Br)c(-c2ccnc3[nH]ccc23)s1,8.015330242,0.906567121,Active,0.738461538,TRUE
N#Cc1c[nH]c2ncnc(N3CCC(c4nc(-c5ccc(F)c(F)c5)cn4CCN4CCC4)C3)c12,N#Cc1c[nH]c2ncnc(N3CCC(c4nc(-c5ccc(F)c(F)c5)cn4CCN4CCC4)C3)c12,7.838787381,0.906624281,Active,0.717647059,TRUE
COc1c(F)cc(-c2cn(CCN3CCCC3)c(C3CCN(c4ncnc(N)c4Cl)CC3)n2)cc1Cl,COc1c(F)cc(-c2cn(CCN3CCCC3)c(C3CCN(c4ncnc(N)c4Cl)CC3)n2)cc1Cl,7.925227235,0.906642103,Active,0.75,TRUE
Cn1c(C(C)(C)O)nc2c1-c1nc(-c3ccc(C4(N)CCC4)cc3)c(-c3ccccc3)n1CO2,Cn1c(C(C)(C)O)nc2c1-c1nc(-c3ccc(C4(N)CCC4)cc3)c(-c3ccccc3)n1CO2,7.560176738,0.9066697,Active,0.621212121,TRUE
c1ccc(-c2cn3ncnc3nc2-c2ccc(CN3CC(c4n[nH]c(-c5ccccn5)n4)C3)cc2)cc1,c1ccc(-c2cn3ncnc3nc2-c2ccc(CN3CC(c4n[nH]c(-c5ccccn5)n4)C3)cc2)cc1,7.779641055,0.906708682,Active,0.739726027,TRUE
NC1(C(=O)NC(c2ccc(F)c(Cl)c2)C2CCCCC2)CCN(c2ncnc3[nH]ccc23)CC1,NC1(C(=O)NC(c2ccc(F)c(Cl)c2)C2CCCCC2)CCN(c2ncnc3[nH]ccc23)CC1,7.935361121,0.906747246,Active,0.616438356,TRUE
N#Cc1cccc(-c2cn(CCN3CCCC3)c(C3CCN(c4ncnc(N)c4Br)CC3)n2)c1,N#Cc1cccc(-c2cn(CCN3CCCC3)c(C3CCN(c4ncnc(N)c4Br)CC3)n2)c1,8.460421121,0.906769717,Active,0.785714286,TRUE
Cc1cc(-c2cn(CCN3CCC3)c(C3CCN(c4cc(N)ncn4)CC3F)n2)ccc1F,Cc1cc(-c2cn(CCN3CCC3)c(C3CCN(c4cc(N)ncn4)CC3F)n2)ccc1F,8.189996942,0.906871283,Active,0.734177215,TRUE
Cc1c(Cl)cccc1-c1cn(CCN2CCC2)c(C2CCN(c3ncnc(N)c3C#N)CC2)n1,Cc1c(Cl)cccc1-c1cn(CCN2CCC2)c(C2CCN(c3ncnc(N)c3C#N)CC2)n1,7.975405175,0.906874442,Active,0.753424658,TRUE
COc1ncc(-c2cc3c(C)nc(N)nc3n(C3CCC(OCC(C)(C)N)CC3)c2=O)cc1F,COc1ncc(-c2cc3c(C)nc(N)nc3n(C3CCC(OCC(C)(C)N)CC3)c2=O)cc1F,8.043872818,0.907042646,Active,0.814285714,TRUE
COc1c(N)ncnc1N1CCC(c2nc(-c3cc(F)cc(Cl)c3)cn2CCN2CCC2)CC1,COc1c(N)ncnc1N1CCC(c2nc(-c3cc(F)cc(Cl)c3)cn2CCN2CCC2)CC1,7.948607744,0.907457078,Active,0.727272727,TRUE
Cc1cc(-c2cn(CCNCC(N)=O)c(C3CCN(c4ncnc(N)c4Br)CC3)n2)ccc1F,Cc1cc(-c2cn(CCNCC(N)=O)c(C3CCN(c4ncnc(N)c4Br)CC3)n2)ccc1F,8.372407794,0.907487178,Active,0.728395062,TRUE
CCN(CC)CCn1cc(-c2ccc(F)c(F)c2)nc1C1CCN(c2ncnc(N)c2C#N)CC1,CCN(CC)CCn1cc(-c2ccc(F)c(F)c2)nc1C1CCN(c2ncnc(N)c2C#N)CC1,8.03634168,0.907514298,Active,0.887323944,TRUE
Cc1cc(-c2cn(CCN(C)C)c(C3CCN(c4ncnc(N)c4Cl)CC3)n2)ccc1F,Cc1cc(-c2cn(CCN(C)C)c(C3CCN(c4ncnc(N)c4Cl)CC3)n2)ccc1F,8.408863755,0.90756526,Active,0.814285714,TRUE
CN(CCn1cc(-c2ccc(F)c(C(F)(F)F)c2)nc1C1CCN(c2ncnc(N)c2F)CC1)C1CC1,CN(CCn1cc(-c2ccc(F)c(C(F)(F)F)c2)nc1C1CCN(c2ncnc(N)c2F)CC1)C1CC1,7.814201052,0.907742763,Active,0.767123288,TRUE
CN(C)CCn1cc(-c2cccc(F)c2)nc1C1CCN(c2ncnc(N)c2Br)CC1,CN(C)CCn1cc(-c2cccc(F)c2)nc1C1CCN(c2ncnc(N)c2Br)CC1,8.025699636,0.907752538,Active,0.782608696,TRUE
N#CCc1ccc(-c2cn(CCN3CCC3)c(C3CCN(c4ncnc(N)c4Br)CC3)n2)c(Cl)c1F,N#CCc1ccc(-c2cn(CCN3CCC3)c(C3CCN(c4ncnc(N)c4Br)CC3)n2)c(Cl)c1F,8.163152274,0.907939458,Active,0.636363636,TRUE
O=C(NC(CC(=O)N1CCC1)c1ccccc1Cl)c1cc(Br)c(-c2ccnc3[nH]ccc23)s1,O=C(NC(CC(=O)N1CCC1)c1ccccc1Cl)c1cc(Br)c(-c2ccnc3[nH]ccc23)s1,7.695613399,0.90796026,Active,0.618421053,TRUE
NC(=O)NCCC(NC(=O)c1cc(Br)c(-c2ccnc3[nH]ccc23)s1)c1ccc(F)cc1,NC(=O)NCCC(NC(=O)c1cc(Br)c(-c2ccnc3[nH]ccc23)s1)c1ccc(F)cc1,7.97143288,0.90813067,Active,0.685714286,TRUE
NC1(c2ccc(-c3nc4n(c3-c3ccccc3)COc3ccc(CO)cc3-4)cc2)CCC1,NC1(c2ccc(-c3nc4n(c3-c3ccccc3)COc3ccc(CO)cc3-4)cc2)CCC1,7.777415653,0.908199155,Active,0.796875,TRUE
CC(C)NCCn1cc(-c2ccc(F)c(C#N)c2)nc1C1CCN(c2ncnc(N)c2C(F)(F)F)CC1,CC(C)NCCn1cc(-c2ccc(F)c(C#N)c2)nc1C1CCN(c2ncnc(N)c2C(F)(F)F)CC1,8.244079371,0.908313417,Active,0.756097561,TRUE
CCCNc1ncc(Br)c(N2CCC(c3nc(-c4ccc(F)c(C)c4)cn3CCN3CCCC3)CC2)n1,CCCNc1ncc(Br)c(N2CCC(c3nc(-c4ccc(F)c(C)c4)cn3CCN3CCCC3)CC2)n1,8.298153052,0.908340061,Active,0.62962963,TRUE
Cc1cc(-c2cn(CCN3CCCC3)c(C3CCN(c4ncnc(N)c4-c4cnsc4)CC3)n2)ccc1F,Cc1cc(-c2cn(CCN3CCCC3)c(C3CCN(c4ncnc(N)c4-c4cnsc4)CC3)n2)ccc1F,8.088788451,0.908401811,Active,0.75308642,TRUE
Cc1[nH]nc2ccc(-c3cncc(OCC(N)Cc4cccnc4Br)c3)cc12,Cc1[nH]nc2ccc(-c3cncc(OCC(N)Cc4cccnc4Br)c3)cc12,7.945356232,0.908604944,Active,0.617647059,TRUE
Cn1ncc(Cl)c1-c1ccc(C(=O)NC2CNCCC2c2ccc(Cl)c(F)c2)s1,Cn1ncc(Cl)c1-c1ccc(C(=O)NC2CNCCC2c2ccc(Cl)c(F)c2)s1,8.522725313,0.908657277,Active,0.808823529,TRUE
NC(=O)NCCCC(NC(=O)c1cc(Br)c(-c2ccnc3[nH]ccc23)s1)c1cccc(F)c1,NC(=O)NCCCC(NC(=O)c1cc(Br)c(-c2ccnc3[nH]ccc23)s1)c1cccc(F)c1,7.900897176,0.908939981,Active,0.689189189,TRUE
Cc1[nH]nc2ccc(-c3cc(OCC(N)Cc4ccccc4F)cnc3-c3ccoc3)cc12,Cc1[nH]nc2ccc(-c3cc(OCC(N)Cc4ccccc4F)cnc3-c3ccoc3)cc12,7.724169786,0.908962154,Active,0.77027027,TRUE
Cc1[nH]nc2cnc(-c3cccc(OCC(N)Cc4ccc(F)c(F)c4F)c3)cc12,Cc1[nH]nc2cnc(-c3cccc(OCC(N)Cc4ccc(F)c(F)c4F)c3)cc12,7.486952663,0.909022474,Active,0.617647059,TRUE
O=C(Nc1csc(-c2nncn2C2CCCCC2)n1)c1cc(-n2cnc(C3CC3)c2)c(N2CCCC2)cn1,O=C(Nc1csc(-c2nncn2C2CCCCC2)n1)c1cc(-n2cnc(C3CC3)c2)c(N2CCCC2)cn1,8.404573417,0.909029686,Active,0.84,TRUE
NC1(C(=O)NC(Cc2ccccc2)C(=O)NCc2ccc(Cl)c(Cl)c2)CCN(c2ncnc3[nH]ccc23)CC1,NC1(C(=O)NC(Cc2ccccc2)C(=O)NCc2ccc(Cl)c(Cl)c2)CCN(c2ncnc3[nH]ccc23)CC1,7.66781639,0.909106994,Active,0.602739726,TRUE
COc1cc(-c2cn(CCN3CCCC3)c(C3CCN(c4ncnc(N)c4Cl)CC3)n2)cc(F)c1F,COc1cc(-c2cn(CCN3CCCC3)c(C3CCN(c4ncnc(N)c4Cl)CC3)n2)cc(F)c1F,8.24506535,0.909107351,Active,0.76056338,TRUE
Cc1[nH]nc2cnc(-c3cncc(OCC(N)Cc4ccc(F)cc4)c3)cc12,Cc1[nH]nc2cnc(-c3cncc(OCC(N)Cc4ccc(F)cc4)c3)cc12,7.866736674,0.909112358,Active,0.630769231,TRUE
Cc1cc(-c2cn(CC3CNC3)c(C3CCN(c4ncnc(N)c4Br)CC3)n2)ccc1F,Cc1cc(-c2cn(CC3CNC3)c(C3CCN(c4ncnc(N)c4Br)CC3)n2)ccc1F,8.38338433,0.90923574,Active,0.816901408,TRUE
Nc1ncnc(N2CCC(c3nc(-c4cccc(C=O)c4)cn3CCN3CCCC3)CC2)c1Br,Nc1ncnc(N2CCC(c3nc(-c4cccc(C=O)c4)cn3CCN3CCCC3)CC2)c1Br,8.479457777,0.909245574,Active,0.785714286,TRUE
c1ccc(-c2cn3c(-c4ccccc4)cnc3nc2-c2ccc(CN3CC(c4n[nH]c(-c5ccccn5)n4)C3)cc2)cc1,c1ccc(-c2cn3c(-c4ccccc4)cnc3nc2-c2ccc(CN3CC(c4n[nH]c(-c5ccccn5)n4)C3)cc2)cc1,7.555424512,0.909336591,Active,0.732394366,TRUE
CNCCn1cc(-c2ccc(F)c(C(F)(F)F)c2)nc1C1CCN(c2ncnc(N)c2Br)CC1,CNCCn1cc(-c2ccc(F)c(C(F)(F)F)c2)nc1C1CCN(c2ncnc(N)c2Br)CC1,8.472787485,0.909374559,Active,0.808219178,TRUE
NC(=O)C(NC(=O)c1cc(Br)c(-c2ccnc3[nH]ccc23)s1)c1ccccc1,NC(=O)C(NC(=O)c1cc(Br)c(-c2ccnc3[nH]ccc23)s1)c1ccccc1,7.944443398,0.9094859,Active,0.754098361,TRUE
CC(NC(=O)CNC(=O)C1(N)CCN(c2ncnc3[nH]ccc23)CC1)c1ccc(Br)cc1,CC(NC(=O)CNC(=O)C1(N)CCN(c2ncnc3[nH]ccc23)CC1)c1ccc(Br)cc1,7.70515552,0.9097875,Active,0.822580645,TRUE
CNC(=O)c1ccc(-c2cn(CCN3CCCC3)c(C3CCN(c4ncnc(N)c4Br)CC3)n2)c(F)c1,CNC(=O)c1ccc(-c2cn(CCN3CCCC3)c(C3CCN(c4ncnc(N)c4Br)CC3)n2)c(F)c1,8.044017797,0.909891987,Active,0.658227848,TRUE
CC(C)CC(CCC(N)=O)NC(=O)c1cc(Br)c(-c2ccnc3[nH]ccc23)s1,CC(C)CC(CCC(N)=O)NC(=O)c1cc(Br)c(-c2ccnc3[nH]ccc23)s1,7.974250978,0.909995341,Active,0.630136986,TRUE
CCc1c(N)ncnc1N1CCC(c2nc(-c3ccc(F)c(C#N)c3)cn2CCN2CCC2)CC1,CCc1c(N)ncnc1N1CCC(c2nc(-c3ccc(F)c(C#N)c3)cn2CCN2CCC2)CC1,8.144046812,0.910082006,Active,0.830985915,TRUE
CNCCn1cc(-c2cc(F)c(Cl)cc2F)nc1C1CCN(c2ncnc(N)c2Br)CC1,CNCCn1cc(-c2cc(F)c(Cl)cc2F)nc1C1CCN(c2ncnc(N)c2Br)CC1,7.975845463,0.910420322,Active,0.641025641,TRUE
Cc1[nH]nc2cnc(-c3cncc(OCC(N)Cc4c(F)cc(F)cc4F)c3)cc12,Cc1[nH]nc2cnc(-c3cncc(OCC(N)Cc4c(F)cc(F)cc4F)c3)cc12,7.476453026,0.910518312,Active,0.671875,TRUE
Oc1cc2c(N3CCC(c4nc(-c5ccc(F)c(F)c5)cn4CCN4CCCCC4)C3)ncnc2[nH]1,Oc1cc2c(N3CCC(c4nc(-c5ccc(F)c(F)c5)cn4CCN4CCCCC4)C3)ncnc2[nH]1,7.749410036,0.910624528,Active,0.636363636,TRUE
CC(C)CC(NC(=O)c1cc(Br)c(-c2ccnc3[nH]ccc23)s1)C(N)=O,CC(C)CC(NC(=O)c1cc(Br)c(-c2ccnc3[nH]ccc23)s1)C(N)=O,7.908609226,0.910688424,Active,0.636363636,TRUE
Cc1cc(-c2cn(CCNC(=O)C3CC3)c(C3CCN(c4ncnc(N)c4F)CC3)n2)ccc1F,Cc1cc(-c2cn(CCNC(=O)C3CC3)c(C3CCN(c4ncnc(N)c4F)CC3)n2)ccc1F,8.098276894,0.910690331,Active,0.730769231,TRUE
Cc1[nH]nc2cnc(-c3cncc(OCC(N)Cc4ccccc4F)c3)cc12,Cc1[nH]nc2cnc(-c3cncc(OCC(N)Cc4ccccc4F)c3)cc12,7.690975772,0.910725796,Active,0.692307692,TRUE
CNc1ccc(-c2cn(CCN3CCCC3)c(C3CCN(c4ncnc(N)c4Br)CC3)n2)cc1F,CNc1ccc(-c2cn(CCN3CCCC3)c(C3CCN(c4ncnc(N)c4Br)CC3)n2)cc1F,7.861045671,0.910899782,Active,0.826086957,TRUE
NC(COc1cncc(-c2ccc3c(c2)C2(CC2)C(=O)N3)c1)Cc1c[nH]c2ccccc12,NC(COc1cncc(-c2ccc3c(c2)C2(CC2)C(=O)N3)c1)Cc1c[nH]c2ccccc12,8.061797856,0.910980487,Active,0.808823529,TRUE
NC1(C(=O)NC(CCS)c2ccc(F)cc2)CCN(c2ncnc3[nH]ccc23)CC1,NC1(C(=O)NC(CCS)c2ccc(F)cc2)CCN(c2ncnc3[nH]ccc23)CC1,7.96282521,0.910996103,Active,0.734375,TRUE
CNC(=O)CCCCCC(NC(=O)c1cc(Br)c(-c2ccnc3[nH]ccc23)s1)c1ccccc1,CNC(=O)CCCCCC(NC(=O)c1cc(Br)c(-c2ccnc3[nH]ccc23)s1)c1ccccc1,7.840717308,0.911017382,Active,0.782608696,TRUE
O=C(Nc1csc(-c2nncn2C2CC2)n1)c1ccc(N2CCOCC2)c(-n2cnc(C3CC3)c2)c1,O=C(Nc1csc(-c2nncn2C2CC2)n1)c1ccc(N2CCOCC2)c(-n2cnc(C3CC3)c2)c1,7.834220676,0.911072755,Active,0.705882353,TRUE
NC1(C(=O)NC(CC(=O)NCc2ccncc2)c2ccc(Cl)cc2)CCN(c2ncnc3[nH]ccc23)CC1,NC1(C(=O)NC(CC(=O)NCc2ccncc2)c2ccc(Cl)cc2)CCN(c2ncnc3[nH]ccc23)CC1,7.845074478,0.911149704,Active,0.757142857,TRUE
O=C(NC1(c2ccccc2)CCN(c2ncnc3[nH]nc(Br)c23)CC1)C1(c2ccc(Cl)cc2)CCNCC1,O=C(NC1(c2ccccc2)CCN(c2ncnc3[nH]nc(Br)c23)CC1)C1(c2ccc(Cl)cc2)CCNCC1,7.547424849,0.911169612,Active,0.720588235,TRUE
Cc1cc(F)cc(-c2cn(CC3CNC3)c(C3CCN(c4ncnc(N)c4OC(F)(F)F)CC3)n2)c1,Cc1cc(F)cc(-c2cn(CC3CNC3)c(C3CCN(c4ncnc(N)c4OC(F)(F)F)CC3)n2)c1,7.777063798,0.911232913,Active,0.662650602,TRUE
COc1cc(Br)ccc1CC(N)COc1cncc(-c2ccc3[nH]nc(C)c3c2)c1,COc1cc(Br)ccc1CC(N)COc1cncc(-c2ccc3[nH]nc(C)c3c2)c1,7.857962922,0.911265039,Active,0.796875,TRUE
Cc1cc(-c2cn(CC3CCCN3)c(C3CCN(c4ncnc(N)c4C#N)CC3)n2)ccc1F,Cc1cc(-c2cn(CC3CCCN3)c(C3CCN(c4ncnc(N)c4C#N)CC3)n2)ccc1F,7.958313104,0.911356175,Active,0.820512821,TRUE
NC(=O)CCC(NC(=O)c1cc(Br)c(-c2ccnc3[nH]ccc23)s1)c1ccc(F)cc1,NC(=O)CCC(NC(=O)c1cc(Br)c(-c2ccnc3[nH]ccc23)s1)c1ccc(F)cc1,7.927368202,0.91135689,Active,0.705882353,TRUE
Cc1cc(-c2cn(CCN3CCC3)c(C3CCN(c4ncnc(N)c4C)CC3)n2)ccc1F,Cc1cc(-c2cn(CCN3CCC3)c(C3CCN(c4ncnc(N)c4C)CC3)n2)ccc1F,8.406575113,0.91143527,Active,0.850746269,TRUE
COc1ccc(-c2cn3ccnc3nc2-c2ccc(CN3CC(c4n[nH]c(-c5ccccn5)n4)C3)cc2)cc1,COc1ccc(-c2cn3ccnc3nc2-c2ccc(CN3CC(c4n[nH]c(-c5ccccn5)n4)C3)cc2)cc1,7.581169333,0.911674762,Active,0.816901408,TRUE
Oc1cc2c(N3CCC(c4nc(-c5cncc(F)c5)ccc4NCCN4CCCC4)CC3)ncnc2[nH]1,Oc1cc2c(N3CCC(c4nc(-c5cncc(F)c5)ccc4NCCN4CCCC4)CC3)ncnc2[nH]1,8.22550093,0.91170665,Active,0.695121951,TRUE
CCc1c(N)ncnc1N1CCC(c2nc(-c3ccc(F)cc3Cl)cn2CCN2CCC2)CC1,CCc1c(N)ncnc1N1CCC(c2nc(-c3ccc(F)cc3Cl)cn2CCN2CCC2)CC1,8.214485264,0.911955678,Active,0.756756757,TRUE
Cc1cc(-c2cn(CCN3CCC3)c(C3CCN(c4ncnc(N)c4Br)CC3O)n2)ccc1F,Cc1cc(-c2cn(CCN3CCC3)c(C3CCN(c4ncnc(N)c4Br)CC3O)n2)ccc1F,8.377721935,0.911960745,Active,0.783783784,TRUE
Cc1c(N)ncnc1N1CCC(c2nc(-c3cc(F)cc(Cl)c3)cn2CCN2CCCC2)CC1,Cc1c(N)ncnc1N1CCC(c2nc(-c3cc(F)cc(Cl)c3)cn2CCN2CCCC2)CC1,7.863854488,0.911973977,Active,0.716216216,TRUE
COC(=O)NCCCC(NC(=O)c1cc(Br)c(-c2ccnc3[nH]ccc23)s1)c1ccccc1,COC(=O)NCCCC(NC(=O)c1cc(Br)c(-c2ccnc3[nH]ccc23)s1)c1ccccc1,7.820827225,0.912007952,Active,0.782608696,TRUE
CNC(=O)c1ccc2c(c1)OCn1c-2nc(-c2ccc(C3CC3)cc2)c1-c1ccccc1,CNC(=O)c1ccc2c(c1)OCn1c-2nc(-c2ccc(C3CC3)cc2)c1-c1ccccc1,7.515412079,0.912160361,Active,0.7,TRUE
NCCNCC(Cc1ccc(F)cc1)NC(=O)c1cc(Br)c(-c2ccnc3ccccc23)s1,NCCNCC(Cc1ccc(F)cc1)NC(=O)c1cc(Br)c(-c2ccnc3ccccc23)s1,8.067911813,0.912298882,Active,0.613333333,TRUE
NC(=O)NCCCCC(NC(=O)c1cc(Br)c(-c2ccnc3[nH]ccc23)s1)c1ccc(F)cc1,NC(=O)NCCCCC(NC(=O)c1cc(Br)c(-c2ccnc3[nH]ccc23)s1)c1ccc(F)cc1,7.929453003,0.912318969,Active,0.684931507,TRUE
Cc1cc(-c2cn(CCN3CCC3)c(C3CCN(c4ncnc(N)c4F)CC3F)n2)ccc1F,Cc1cc(-c2cn(CCN3CCC3)c(C3CCN(c4ncnc(N)c4F)CC3F)n2)ccc1F,8.173033663,0.912469292,Active,0.837837838,TRUE
Cc1cc(-c2cn(CCNCC(C)C)c(C3CCN(c4cc(N)ncn4)CC3)n2)ccc1F,Cc1cc(-c2cn(CCNCC(C)C)c(C3CCN(c4cc(N)ncn4)CC3)n2)ccc1F,8.119056405,0.912479901,Active,0.721518987,TRUE
Cc1c(N)ncnc1N1CCC(c2nc(-c3ccc(Cl)c(C#N)c3)cn2CCN2CCCC2)CC1,Cc1c(N)ncnc1N1CCC(c2nc(-c3ccc(Cl)c(C#N)c3)cn2CCN2CCCC2)CC1,8.012147142,0.912522519,Active,0.723684211,TRUE
O=C(N1CCN(c2ncnc3[nH]cc(Br)c23)CC1)C1(c2ccc(Cl)cc2)CC1,O=C(N1CCN(c2ncnc3[nH]cc(Br)c23)CC1)C1(c2ccc(Cl)cc2)CC1,7.832222676,0.912751698,Active,0.892857143,TRUE
Cc1ccc(-c2cn(CCNCC3CC3)c(C3CCN(c4ncnc(N)c4C)CC3)n2)cc1F,Cc1ccc(-c2cn(CCNCC3CC3)c(C3CCN(c4ncnc(N)c4C)CC3)n2)cc1F,7.633111708,0.912836814,Active,0.730769231,TRUE
Nc1ncnc(N2CCC(c3nc(-c4cc(F)c(O)c(F)c4)cn3CCN3CCCC3)CC2)c1Br,Nc1ncnc(N2CCC(c3nc(-c4cc(F)c(O)c(F)c4)cn3CCN3CCCC3)CC2)c1Br,8.215980884,0.912861729,Active,0.818181818,TRUE
CNCCn1cc(-c2ccc(F)c(C)c2)nc1C1CCN(c2ncnc(N)c2Br)CC1,CNCCn1cc(-c2ccc(F)c(C)c2)nc1C1CCN(c2ncnc(N)c2Br)CC1,8.809326715,0.912917101,Active,0.8,TRUE
N#CCC(Cc1cc(F)cc(F)c1)NC(=O)c1cc(Br)c(-c2ccnc3[nH]ccc23)s1,N#CCC(Cc1cc(F)cc(F)c1)NC(=O)c1cc(Br)c(-c2ccnc3[nH]ccc23)s1,8.154175133,0.91301223,Active,0.714285714,TRUE
CC(=O)c1c(F)ccc(-c2cn(CCN3CCCC3)c(C3CCN(c4ncnc(N)c4C(F)(F)F)CC3)n2)c1F,CC(=O)c1c(F)ccc(-c2cn(CCN3CCCC3)c(C3CCN(c4ncnc(N)c4C(F)(F)F)CC3)n2)c1F,7.875261809,0.913029277,Active,0.623529412,TRUE
Cc1cc(-c2cn(CCN3CCC3)c(C3CCN(c4ncnc5[nH]cc(C#N)c45)CC3)n2)ccc1F,Cc1cc(-c2cn(CCN3CCC3)c(C3CCN(c4ncnc5[nH]cc(C#N)c45)CC3)n2)ccc1F,8.103315303,0.913043165,Active,0.743589744,TRUE
NC(=O)CC(NC(=O)c1cc(Br)c(-c2ccnc3[nH]ccc23)s1)c1cc(F)ccc1F,NC(=O)CC(NC(=O)c1cc(Br)c(-c2ccnc3[nH]ccc23)s1)c1cc(F)ccc1F,7.856614341,0.913255596,Active,0.630136986,TRUE
NC(=O)c1ccc2c(c1)-c1nc(-c3ccc(Cl)cc3)c(-c3ccccc3)n1CO2,NC(=O)c1ccc2c(c1)-c1nc(-c3ccc(Cl)cc3)c(-c3ccccc3)n1CO2,7.41912987,0.913306797,Active,0.707692308,TRUE
O=C(NC1CCCNC1c1cccc(F)c1)c1cc2c(s1)CCCn1ncc(Br)c1-2,O=C(NC1CCCNC1c1cccc(F)c1)c1cc2c(s1)CCCn1ncc(Br)c1-2,9.648252361,0.913440907,Active,0.763157895,TRUE
N#Cc1c(N)ncnc1N1CCC(c2nc(-c3ccc(F)c(F)c3)cn2CCNCC2CC2)CC1,N#Cc1c(N)ncnc1N1CCC(c2nc(-c3ccc(F)c(F)c3)cn2CCNCC2CC2)CC1,8.153915061,0.913504684,Active,0.876712329,TRUE
NC(COc1cncc(-c2ccc3[nH]nc(Cl)c3c2)c1)Cc1ccc(Cl)c(F)c1,NC(COc1cncc(-c2ccc3[nH]nc(Cl)c3c2)c1)Cc1ccc(Cl)c(F)c1,8.092854619,0.913607502,Active,0.852459016,TRUE
Cc1[nH]nc2ccc(-c3cncc(OCC(N)Cc4ccccc4C(F)(F)F)c3)cc12,Cc1[nH]nc2ccc(-c3cncc(OCC(N)Cc4ccccc4C(F)(F)F)c3)cc12,7.908937415,0.913642251,Active,0.611111111,TRUE
Cc1cc(-c2cn(CCN3CCC3)c(C3CCN(c4ncnc(N)c4Cl)CC3)n2)ccc1F,Cc1cc(-c2cn(CCN3CCC3)c(C3CCN(c4ncnc(N)c4Cl)CC3)n2)ccc1F,8.709830339,0.913750494,Active,0.835820896,TRUE
CCNCCC(NC(=O)c1cc(Br)c(-c2ccnc3[nH]ccc23)s1)c1ccccc1,CCNCCC(NC(=O)c1cc(Br)c(-c2ccnc3[nH]ccc23)s1)c1ccccc1,7.800860217,0.913881207,Active,0.8,TRUE
CC(C)CC(NC(=O)C1(N)CCN(c2ncnc3[nH]ccc23)CC1)c1ccc(Cl)cc1,CC(C)CC(NC(=O)C1(N)CCN(c2ncnc3[nH]ccc23)CC1)c1ccc(Cl)cc1,8.147008671,0.913912678,Active,0.838709677,TRUE
Cc1cc(-c2ccc(C(=O)NC3CNCCC3c3cccc(F)c3)s2)nn1C,Cc1cc(-c2ccc(C(=O)NC3CNCCC3c3cccc(F)c3)s2)nn1C,7.793947286,0.914037669,Active,0.739130435,TRUE
Cn1ncc(-c2cn[nH]c2)c1-c1ccc(C(=O)NC2CNCCC2c2cccc(F)c2)s1,Cn1ncc(-c2cn[nH]c2)c1-c1ccc(C(=O)NC2CNCCC2c2cccc(F)c2)s1,7.434106906,0.914146388,Active,0.833333333,TRUE
COc1ccc(-c2cn(CCN3CCC3)c(C3CCN(c4ncnc(N)c4Br)CC3)n2)cc1F,COc1ccc(-c2cn(CCN3CCC3)c(C3CCN(c4ncnc(N)c4Br)CC3)n2)cc1F,7.925548995,0.914158189,Active,0.8,TRUE
Cc1c(F)cc(-c2cn(CCN3CCCC3)c(C3CCN(c4ncnc(N)c4Br)CC3)n2)cc1F,Cc1c(F)cc(-c2cn(CCN3CCCC3)c(C3CCN(c4ncnc(N)c4Br)CC3)n2)cc1F,8.21879889,0.914372647,Active,0.818181818,TRUE
Cn1ncc(Cl)c1-c1ccc(C(=O)NC2CNCCC2c2cccc(Cl)c2)s1,Cn1ncc(Cl)c1-c1ccc(C(=O)NC2CNCCC2c2cccc(Cl)c2)s1,8.623444946,0.914377296,Active,0.848484848,TRUE
O=C(N1CCN(c2ncnc3cccc(Br)c23)CC1)C1(c2ccc(Cl)c(Cl)c2)CCNCC1,O=C(N1CCN(c2ncnc3cccc(Br)c23)CC1)C1(c2ccc(Cl)c(Cl)c2)CCNCC1,7.401033749,0.914394939,Active,0.731343284,TRUE
Cn1nc(-c2ccc(C(=O)NC3CNCCC3c3cccc(F)c3)s2)c2cccnc21,Cn1nc(-c2ccc(C(=O)NC3CNCCC3c3cccc(F)c3)s2)c2cccnc21,7.661790045,0.91453948,Active,0.689189189,TRUE
Cc1c(N)ncnc1N1CCC(c2nc(-c3ccc(F)c(C#N)c3)cn2CCNC(C)C)CC1,Cc1c(N)ncnc1N1CCC(c2nc(-c3ccc(F)c(C#N)c3)cn2CCNC(C)C)CC1,8.241677856,0.914544904,Active,0.769230769,TRUE
CN(C)CCn1cc(-c2cc(Cl)c(F)cc2Cl)nc1C1CCN(c2ncnc(N)c2Br)CC1,CN(C)CCn1cc(-c2cc(Cl)c(F)cc2Cl)nc1C1CCN(c2ncnc(N)c2Br)CC1,8.355575325,0.914599621,Active,0.675324675,TRUE
Cc1cc(-c2cn(CC(=O)NCCCN3CCCC3)c(C3CCN(c4ncnc(N)c4Cl)CC3)n2)ccc1F,Cc1cc(-c2cn(CC(=O)NCCCN3CCCC3)c(C3CCN(c4ncnc(N)c4Cl)CC3)n2)ccc1F,8.138280648,0.914618278,Active,0.662790698,TRUE
CC(=O)c1c(N)ncnc1N1CCC(c2nc(-c3ccc(F)c(C)c3)cn2CCN2CCC2)CC1,CC(=O)c1c(N)ncnc1N1CCC(c2nc(-c3ccc(F)c(C)c3)cn2CCN2CCC2)CC1,8.198303087,0.914675617,Active,0.887323944,TRUE
Nc1cc(N2CCC(c3nc(-c4ccc(F)c(C(F)(F)F)c4)cn3CCN3CCC3)C(F)C2)ncn1,Nc1cc(N2CCC(c3nc(-c4ccc(F)c(C(F)(F)F)c4)cn3CCN3CCC3)C(F)C2)ncn1,8.042081475,0.914844894,Active,0.791666667,TRUE
O=C(NC1CCCNC1c1ccc(F)c(F)c1)c1ccc2c(c1)OCCn1nccc1-2,O=C(NC1CCCNC1c1ccc(F)c(F)c1)c1ccc2c(c1)OCCn1nccc1-2,8.940700125,0.914845133,Active,0.732394366,TRUE
N#Cc1c(N)ncnc1N1CCC(c2c(-c3ccc(F)c(C(F)(F)F)c3)ncn2CC2CCCNC2)CC1,N#Cc1c(N)ncnc1N1CCC(c2c(-c3ccc(F)c(C(F)(F)F)c3)ncn2CC2CCCNC2)CC1,7.928263052,0.914847279,Active,0.651162791,TRUE
Cc1cc(F)c(-c2cn(CCN3CCC3)c(C3CCN(c4ncnc(N)c4Br)CC3)n2)cc1F,Cc1cc(F)c(-c2cn(CCN3CCC3)c(C3CCN(c4ncnc(N)c4Br)CC3)n2)cc1F,8.344840005,0.914911175,Active,0.785714286,TRUE
NC1(c2ccc(-c3nc4n(c3-c3ccccc3)COc3nccnc3-4)cc2)CCOCC1,NC1(c2ccc(-c3nc4n(c3-c3ccccc3)COc3nccnc3-4)cc2)CCOCC1,7.667591241,0.914965713,Active,0.733333333,TRUE
NC1(c2ccc(-c3nc4n(c3-c3ccccc3)COc3nc(CO)ccc3-4)cc2)CC1,NC1(c2ccc(-c3nc4n(c3-c3ccccc3)COc3nc(CO)ccc3-4)cc2)CC1,7.868553638,0.915253007,Active,0.650793651,TRUE
Cc1[nH]nc2ccc(-c3cncc(OCC(N)Cc4c[nH]c5c(F)cccc45)c3)cc12,Cc1[nH]nc2ccc(-c3cncc(OCC(N)Cc4c[nH]c5c(F)cccc45)c3)cc12,8.477058587,0.91529938,Active,0.611111111,TRUE
CC1(C)C(=O)Nc2ncnc(N3CCC(c4nc(CNc5ccc(F)c(F)c5)ccc4NCCN4CCCC4)CC3)c21,CC1(C)C(=O)Nc2ncnc(N3CCC(c4nc(CNc5ccc(F)c(F)c5)ccc4NCCN4CCCC4)CC3)c21,8.679612257,0.915328884,Active,0.674418605,TRUE
O=CC(CC1CCNC1)NC(=O)c1cc(Br)c(-c2ccnc3[nH]ccc23)s1,O=CC(CC1CCNC1)NC(=O)c1cc(Br)c(-c2ccnc3[nH]ccc23)s1,8.037402259,0.915383244,Active,0.626666667,TRUE
CC(C)NCCn1cc(-c2ccnc(C(F)(F)F)c2)nc1C1CCN(c2ncnc(N)c2Cl)CC1,CC(C)NCCn1cc(-c2ccnc(C(F)(F)F)c2)nc1C1CCN(c2ncnc(N)c2Cl)CC1,8.576547514,0.915422881,Active,0.847222222,TRUE
NC(=O)CC(NC(=O)c1cc(Br)c(-c2ccnc3[nH]ccc23)s1)c1ccccc1,NC(=O)CC(NC(=O)c1cc(Br)c(-c2ccnc3[nH]ccc23)s1)c1ccccc1,7.881779753,0.915446126,Active,0.833333333,TRUE
COc1c(N)ncnc1N1CCC(c2nc(-c3ccc(F)c(C)c3)cn2CC2CN(C)C2)CC1,COc1c(N)ncnc1N1CCC(c2nc(-c3ccc(F)c(C)c3)cn2CC2CN(C)C2)CC1,8.262126603,0.915645564,Active,0.833333333,TRUE
Cn1ncc(Br)c1-c1ccc(C(=O)NC2CNCCC2c2ccc(Cl)c(F)c2)s1,Cn1ncc(Br)c1-c1ccc(C(=O)NC2CNCCC2c2ccc(Cl)c(F)c2)s1,8.392973134,0.915715897,Active,0.774647887,TRUE
CNCC(NC(=O)C1(N)CCN(c2ncnc3[nH]cc(Cl)c23)CC1)c1ccc(F)cc1,CNCC(NC(=O)C1(N)CCN(c2ncnc3[nH]cc(Cl)c23)CC1)c1ccc(F)cc1,7.895892138,0.91586175,Active,0.7,TRUE
Cc1[nH]nc2ccc(-c3cncc(OCC(N)Cc4c[nH]c5ccc(F)cc45)c3)cc12,Cc1[nH]nc2ccc(-c3cncc(OCC(N)Cc4c[nH]c5ccc(F)cc45)c3)cc12,8.48848303,0.915948236,Active,0.657142857,TRUE
Nc1ncnc(N2CCC(c3nc(-c4cccc(F)c4Cl)cn3CCN3CCC3)CC2)c1Br,Nc1ncnc(N2CCC(c3nc(-c4cccc(F)c4Cl)cn3CCN3CCC3)CC2)c1Br,8.097243587,0.916117334,Active,0.702702703,TRUE
Cc1cc(-c2cn(CC3CNC3)c(C3CCN(c4ncnc(N)c4Cl)CC3F)n2)ccc1F,Cc1cc(-c2cn(CC3CNC3)c(C3CCN(c4ncnc(N)c4Cl)CC3F)n2)ccc1F,7.932448731,0.916130269,Active,0.818181818,TRUE
COc1c(N)ncnc1N1CCC(c2nc(-c3ccc(F)c(C)c3)cn2CCN2CCC2)CC1,COc1c(N)ncnc1N1CCC(c2nc(-c3ccc(F)c(C)c3)cn2CCN2CCC2)CC1,8.383938267,0.916274869,Active,0.871428571,TRUE
Cc1cc(-c2cn(CCNCC3CC3)c(C3CCN(c4ncnc(N)c4C(F)(F)F)CC3)n2)ccc1F,Cc1cc(-c2cn(CCNCC3CC3)c(C3CCN(c4ncnc(N)c4C(F)(F)F)CC3)n2)ccc1F,8.199813085,0.916378045,Active,0.782051282,TRUE
CNC(=O)C(CCCc1ccccc1)NC(=O)c1cc(Br)c(-c2ccnc3[nH]ccc23)s1,CNC(=O)C(CCCc1ccccc1)NC(=O)c1cc(Br)c(-c2ccnc3[nH]ccc23)s1,7.982760546,0.916476631,Active,0.671232877,TRUE
NC1(C(=O)NC(CO)c2cc(F)c(F)cc2Cl)CCN(c2ncnc3[nH]ccc23)CC1,NC1(C(=O)NC(CO)c2cc(F)c(F)cc2Cl)CCN(c2ncnc3[nH]ccc23)CC1,7.903510553,0.916489148,Active,0.71641791,TRUE
Nc1ncnc(N2CCC(c3nc(-c4cc(Cl)c(O)cc4F)cn3CCN3CCC3)CC2)c1Br,Nc1ncnc(N2CCC(c3nc(-c4cc(Cl)c(O)cc4F)cn3CCN3CCC3)CC2)c1Br,8.188959666,0.916649067,Active,0.706666667,TRUE
Cn1nc(-c2ccc(C(=O)NC3CNCCC3c3cccc(F)c3)s2)c2ccccc21,Cn1nc(-c2ccc(C(=O)NC3CNCCC3c3cccc(F)c3)s2)c2ccccc21,7.512905805,0.916747892,Active,0.694444444,TRUE
N#Cc1ccc(-c2cn(CCN3CCCC3)c(C3CCN(c4ncnc(N)c4Cl)CC3)n2)c(F)c1,N#Cc1ccc(-c2cn(CCN3CCCC3)c(C3CCN(c4ncnc(N)c4Cl)CC3)n2)c(F)c1,8.136978793,0.916803503,Active,0.702702703,TRUE
Cc1cc2c(cn1)OCn1c-2nc(-c2ccc(C3(N)CC3)cc2)c1-c1ccccc1,Cc1cc2c(cn1)OCn1c-2nc(-c2ccc(C3(N)CC3)cc2)c1-c1ccccc1,7.696949655,0.91691407,Active,0.677966102,TRUE
Cn1ncc(Cl)c1-c1cc(C(=O)NC2CNCCC2c2ccccc2Cl)oc1Cl,Cn1ncc(Cl)c1-c1cc(C(=O)NC2CNCCC2c2ccccc2Cl)oc1Cl,7.822958107,0.916988993,Active,0.828125,TRUE
Cc1cc(-c2cn(CCN(C)C(C)C)c(C3CCN(c4cc(N)ncn4)CC3)n2)ccc1F,Cc1cc(-c2cn(CCN(C)C(C)C)c(C3CCN(c4cc(N)ncn4)CC3)n2)ccc1F,8.089293989,0.917188907,Active,0.727272727,TRUE
O=C(NC1CNCCC1c1cccc(F)c1)c1ccc2c(c1)OCCn1nccc1-2,O=C(NC1CNCCC1c1cccc(F)c1)c1ccc2c(c1)OCCn1nccc1-2,8.988245126,0.91723969,Active,0.861538462,TRUE
CNC1(c2ccc(-c3nc4n(c3-c3ccccc3)COc3ccc(C(=O)N(C)C)cc3-4)cc2)CC1,CNC1(c2ccc(-c3nc4n(c3-c3ccccc3)COc3ccc(C(=O)N(C)C)cc3-4)cc2)CC1,7.474705648,0.917252803,Active,0.722222222,TRUE
CN(C)CCn1cc(-c2ccnc(C(F)(F)F)c2)nc1C1CCN(c2ncnc(N)c2Br)CC1,CN(C)CCn1cc(-c2ccnc(C(F)(F)F)c2)nc1C1CCN(c2ncnc(N)c2Br)CC1,8.655340573,0.917485857,Active,0.805555556,TRUE
Nc1cncc(-c2nc3ccc(-c4ccccc4)nc3n2-c2ccc(C3(N)CCC3)cc2)n1,Nc1cncc(-c2nc3ccc(-c4ccccc4)nc3n2-c2ccc(C3(N)CCC3)cc2)n1,8.292273073,0.917667651,Active,0.773584906,TRUE
Nc1ncnc(N2CCC(c3nc(-c4ccnc(C(F)F)c4)cn3CCN3CCC3)CC2)c1Br,Nc1ncnc(N2CCC(c3nc(-c4ccnc(C(F)F)c4)cn3CCN3CCC3)CC2)c1Br,8.853400433,0.917850637,Active,0.855072464,TRUE
N#Cc1c(N)ncnc1N1CCC(c2nc(-c3cccc(Cl)c3)cn2CCNCC2CC2)CC1,N#Cc1c(N)ncnc1N1CCC(c2nc(-c3cccc(Cl)c3)cn2CCNCC2CC2)CC1,8.053428789,0.918024981,Active,0.769230769,TRUE
CCN(CC)CCn1cc(-c2ccc(F)c(F)c2)nc1C1CCN(c2ncnc(N)c2Cl)CC1,CCN(CC)CCn1cc(-c2ccc(F)c(F)c2)nc1C1CCN(c2ncnc(N)c2Cl)CC1,8.285371161,0.918036485,Active,0.757142857,TRUE
CNC(=O)C(NC(=O)C1(N)CCN(c2ncnc3[nH]ccc23)CC1)c1cccc(Cl)c1Cl,CNC(=O)C(NC(=O)C1(N)CCN(c2ncnc3[nH]ccc23)CC1)c1cccc(Cl)c1Cl,7.672670725,0.918113613,Active,0.61971831,TRUE
CCc1c(N)ncnc1N1CCC(c2nc(-c3c(F)cc(C#N)cc3Cl)cn2CCN2CCCC2)CC1,CCc1c(N)ncnc1N1CCC(c2nc(-c3c(F)cc(C#N)cc3Cl)cn2CCN2CCCC2)CC1,8.041724621,0.918209517,Active,0.708860759,TRUE
Cc1[nH]nc2ncc(-c3cc(OCC(N)Cc4c[nH]c5ccc(Cl)cc45)cnc3-c3ccoc3)nc12,Cc1[nH]nc2ncc(-c3cc(OCC(N)Cc4c[nH]c5ccc(Cl)cc45)cnc3-c3ccoc3)nc12,8.357564639,0.918236578,Active,0.666666667,TRUE
NCC(NC(=O)C1(N)CCN(c2ncnc3[nH]ccc23)CC1)c1cccc(Cl)c1,NCC(NC(=O)C1(N)CCN(c2ncnc3[nH]ccc23)CC1)c1cccc(Cl)c1,7.840436265,0.918378556,Active,0.859375,TRUE
NC(=O)c1ncnc(N2CCC(c3nc(-c4ccc(F)c(Cl)c4)cn3CCN3CCCC3)CC2)c1Cl,NC(=O)c1ncnc(N2CCC(c3nc(-c4ccc(F)c(Cl)c4)cn3CCN3CCCC3)CC2)c1Cl,8.388304795,0.918476903,Active,0.797297297,TRUE
Cc1[nH]nc2cnc(-c3cncc(OCC(N)Cc4ccccc4Br)c3)cc12,Cc1[nH]nc2cnc(-c3cncc(OCC(N)Cc4ccccc4Br)c3)cc12,8.092078919,0.918567145,Active,0.651515152,TRUE
NC1(c2ccc(-c3nc4n(c3-c3ccncc3)COc3cccc(F)c3-4)cc2)CC1,NC1(c2ccc(-c3nc4n(c3-c3ccncc3)COc3cccc(F)c3-4)cc2)CC1,7.478498038,0.918592,Active,0.803278689,TRUE
CC(C)NCCn1cc(-c2ccc(F)c(F)c2)nc1C1CCN(c2ncnc(N)c2Cl)CC1,CC(C)NCCn1cc(-c2ccc(F)c(F)c2)nc1C1CCN(c2ncnc(N)c2Cl)CC1,8.245500025,0.918728197,Active,0.771428571,TRUE
Cc1nn(C)c2cnc(-c3cncc(OCC(N)Cc4cc(F)ccc4F)c3)cc12,Cc1nn(C)c2cnc(-c3cncc(OCC(N)Cc4cc(F)ccc4F)c3)cc12,7.590149353,0.918787742,Active,0.605633803,TRUE
Cc1cc(-c2cn(CCN3CCC3)c(C3CCN(c4ncnc(N)c4Cl)CC3)n2)cc(F)c1F,Cc1cc(-c2cn(CCN3CCC3)c(C3CCN(c4ncnc(N)c4Cl)CC3)n2)cc(F)c1F,8.422783688,0.918902063,Active,0.757142857,TRUE
Cc1cn(-c2cc(C(=O)Nc3csc(-c4nncn4C(C)C(F)(F)F)n3)ncc2N2CCC(=O)CC2)cn1,Cc1cn(-c2cc(C(=O)Nc3csc(-c4nncn4C(C)C(F)(F)F)n3)ncc2N2CCC(=O)CC2)cn1,7.752074873,0.918935144,Active,0.704545455,TRUE
CCN(CC)CCn1cc(-c2ccc(F)c(C(F)(F)F)c2)nc1C1CCN(c2ncnc(N)c2Cl)CC1,CCN(CC)CCn1cc(-c2ccc(F)c(C(F)(F)F)c2)nc1C1CCN(c2ncnc(N)c2Cl)CC1,8.352742541,0.91895237,Active,0.773333333,TRUE
Cn1nccc1-c1ccc(C(=O)NC2CNCCC2c2cc(F)cc(Cl)c2)s1,Cn1nccc1-c1ccc(C(=O)NC2CNCCC2c2cc(F)cc(Cl)c2)s1,8.349410544,0.918972874,Active,0.791044776,TRUE
Cc1ccc(-c2cn(CCN3CCC3)c(C3CCN(c4ncnc(N)c4Br)CC3)n2)cc1F,Cc1ccc(-c2cn(CCN3CCC3)c(C3CCN(c4ncnc(N)c4Br)CC3)n2)cc1F,8.486851289,0.919088864,Active,0.880597015,TRUE
CCc1c(N)ncnc1N1CCC(c2nc(-c3ccc(F)c(Cl)c3)cn2CCNC(C)C)CC1,CCc1c(N)ncnc1N1CCC(c2nc(-c3ccc(F)c(Cl)c3)cn2CCNC(C)C)CC1,8.454842877,0.919323409,Active,0.797297297,TRUE
Cc1[nH]nc2cnc(-c3cncc(OCC(N)Cc4cccc(Br)c4)c3)cc12,Cc1[nH]nc2cnc(-c3cncc(OCC(N)Cc4cccc(Br)c4)c3)cc12,8.238088149,0.91934135,Active,0.656716418,TRUE
N#Cc1cc(CCC(NC(=O)C2(N)CCN(c3ncnc4[nH]ccc34)CC2)c2ccc(Cl)cc2)ccc1F,N#Cc1cc(CCC(NC(=O)C2(N)CCN(c3ncnc4[nH]ccc34)CC2)c2ccc(Cl)cc2)ccc1F,8.0248536,0.919353569,Active,0.739726027,TRUE
Cc1cc(-c2cn(CC3CCCN3C(C)C)c(C3CCN(c4ncnc(N)c4C(N)=O)CC3)n2)ccc1F,Cc1cc(-c2cn(CC3CCCN3C(C)C)c(C3CCN(c4ncnc(N)c4C(N)=O)CC3)n2)ccc1F,7.54441362,0.919369602,Active,0.743902439,TRUE
CCn1c(-c2nonc2N)nc2c(C#CC(C)(C)O)nc(C)cc21,CCn1c(-c2nonc2N)nc2c(C#CC(C)(C)O)nc(C)cc21,8.185344009,0.919383013,Active,0.803571429,TRUE
CN(C)CCn1cc(-c2ccc(F)c(C(F)(F)F)c2)nc1C1CCN(c2ncnc(N)c2O)CC1F,CN(C)CCn1cc(-c2ccc(F)c(C(F)(F)F)c2)nc1C1CCN(c2ncnc(N)c2O)CC1F,8.176938698,0.919428968,Active,0.844155844,TRUE
NC1(c2ccc(-c3nc4n(c3-c3ccccc3)COc3nc(C(F)(F)F)ncc3-4)cc2)CCC1,NC1(c2ccc(-c3nc4n(c3-c3ccccc3)COc3nc(C(F)(F)F)ncc3-4)cc2)CCC1,7.63786943,0.919495904,Active,0.709677419,TRUE
CC(CNC(=O)c1cc(Br)c(-c2ccnc3[nH]ccc23)s1)c1ccc(F)cc1,CC(CNC(=O)c1cc(Br)c(-c2ccnc3[nH]ccc23)s1)c1ccc(F)cc1,7.859702593,0.919595265,Active,0.671641791,TRUE
Cn1c(CC(=O)N2CCc3c(Br)cccc32)nc(N2CCOCC2)cc1=S,Cn1c(CC(=O)N2CCc3c(Br)cccc32)nc(N2CCOCC2)cc1=S,7.563803207,0.919615173,Active,0.819672131,TRUE
NC1(C(=O)NC(CC(F)(F)F)c2cccc(Cl)c2)CCN(c2ncnc3[nH]ccc23)CC1,NC1(C(=O)NC(CC(F)(F)F)c2cccc(Cl)c2)CCN(c2ncnc3[nH]ccc23)CC1,7.945132796,0.919719422,Active,0.808823529,TRUE
NC1(c2ccc(-c3nc4n(c3-c3ccccc3)COc3nc(C5CCC5)ncc3-4)cc2)CC1,NC1(c2ccc(-c3nc4n(c3-c3ccccc3)COc3nc(C5CCC5)ncc3-4)cc2)CC1,7.512758048,0.919736946,Active,0.646153846,TRUE
Cc1[nH]nc2cnc(-c3cncc(OCC(N)Cc4ccccc4C(F)(F)F)c3)cc12,Cc1[nH]nc2cnc(-c3cncc(OCC(N)Cc4ccccc4C(F)(F)F)c3)cc12,7.946515543,0.920295322,Active,0.605633803,TRUE
Nc1ncnc(N2CCC(c3nc(-c4ccc(F)c(Cl)c4)cn3CCN3CCC3)CC2)c1C1CC1,Nc1ncnc(N2CCC(c3nc(-c4ccc(F)c(Cl)c4)cn3CCN3CCC3)CC2)c1C1CC1,8.394239602,0.920451963,Active,0.802816901,TRUE
COc1c(N)ncnc1N1CCC(c2nc(-c3ccc(C#N)c(C)c3)cn2CCN2CCCC2)C(F)C1,COc1c(N)ncnc1N1CCC(c2nc(-c3ccc(C#N)c(C)c3)cn2CCN2CCCC2)C(F)C1,7.896195413,0.920547867,Active,0.705882353,TRUE
NC1(c2ccc(-c3nc4n(c3-c3ccsc3)COc3c(F)cccc3-4)cc2)CC1,NC1(c2ccc(-c3nc4n(c3-c3ccsc3)COc3c(F)cccc3-4)cc2)CC1,7.627445103,0.920612061,Active,0.682539683,TRUE
Cc1cc(-c2cn(CCN(C)C)c(C3CCN(c4ncnc(N)c4C)CC3)n2)ccc1F,Cc1cc(-c2cn(CCN(C)C)c(C3CCN(c4ncnc(N)c4C)CC3)n2)ccc1F,8.264351579,0.920661533,Active,0.838235294,TRUE
CC(C)c1c(N)ncnc1N1CCC(c2nc(-c3ccc(F)c(C(F)(F)F)c3)cn2CCN(C)C)CC1,CC(C)c1c(N)ncnc1N1CCC(c2nc(-c3ccc(F)c(C(F)(F)F)c3)cn2CCN(C)C)CC1,7.947270256,0.920691156,Active,0.810810811,TRUE
Cc1ccc(-c2cn(CCNCC3CC3)c(C3CCN(c4ncnc(N)c4Cl)CC3)n2)cc1F,Cc1ccc(-c2cn(CCNCC3CC3)c(C3CCN(c4ncnc(N)c4Cl)CC3)n2)cc1F,7.912088048,0.920692945,Active,0.7125,TRUE
Nc1ncnc(N2CCC(c3nc(-c4ccc(F)c(OC(F)F)c4)cn3CCN3CCC3)CC2)c1Cl,Nc1ncnc(N2CCC(c3nc(-c4ccc(F)c(OC(F)F)c4)cn3CCN3CCC3)CC2)c1Cl,8.604587245,0.920719528,Active,0.794871795,TRUE
Cn1nc(-c2ccc(C(=O)NC3CNCCC3c3ccc(Cl)cc3)s2)c2ccccc21,Cn1nc(-c2ccc(C(=O)NC3CNCCC3c3ccc(Cl)cc3)s2)c2ccccc21,7.780557953,0.920853996,Active,0.666666667,TRUE
Cc1[nH]nc2ccc(-c3cncc(OCC(N)Cc4cc(Cl)cnc4F)c3)cc12,Cc1[nH]nc2ccc(-c3cncc(OCC(N)Cc4cc(Cl)cnc4F)c3)cc12,7.777808009,0.920882726,Active,0.608695652,TRUE
NC1(c2ccc(-c3nc4n(c3-c3ccccc3)COc3nccnc3-4)cc2)CCC1,NC1(c2ccc(-c3nc4n(c3-c3ccccc3)COc3nccnc3-4)cc2)CCC1,7.785467328,0.92090466,Active,0.785714286,TRUE
Cc1cc(-c2cn(CCNC3CCCC3)c(C3CCN(c4ncnc(N)c4Cl)CC3)n2)ccc1F,Cc1cc(-c2cn(CCNC3CCCC3)c(C3CCN(c4ncnc(N)c4Cl)CC3)n2)ccc1F,8.49849194,0.92092731,Active,0.802631579,TRUE
NC(=O)C(CCc1ccccc1)NC(=O)c1cc(Br)c(-c2ccnc3[nH]ccc23)s1,NC(=O)C(CCc1ccccc1)NC(=O)c1cc(Br)c(-c2ccnc3[nH]ccc23)s1,8.038024009,0.920937026,Active,0.701492537,TRUE
CCNCCn1cc(-c2ccc(F)c(C(F)(F)F)c2)nc1C1CCN(c2ncnc(N)c2Cl)CC1,CCNCCn1cc(-c2ccc(F)c(C(F)(F)F)c2)nc1C1CCN(c2ncnc(N)c2Cl)CC1,8.565394513,0.920942926,Active,0.784810127,TRUE
CN(C)CCn1cc(-c2ccc(F)c(C(F)(F)F)c2)nc1C1CCN(c2ncnc(N)c2F)CC1F,CN(C)CCn1cc(-c2ccc(F)c(C(F)(F)F)c2)nc1C1CCN(c2ncnc(N)c2F)CC1F,8.031115121,0.921107972,Active,0.866666667,TRUE
NC1(c2ccc(-c3nc4n(c3-c3ccccc3)COc3cnc(F)cc3-4)cc2)CC1,NC1(c2ccc(-c3nc4n(c3-c3ccccc3)COc3cnc(F)cc3-4)cc2)CC1,7.833911371,0.921128774,Active,0.666666667,TRUE
N#Cc1cc(-c2cn(CCNCC3CC3)c(C3CCN(c4ncnc(N)c4C(F)(F)F)CC3)n2)ccc1F,N#Cc1cc(-c2cn(CCNCC3CC3)c(C3CCN(c4ncnc(N)c4C(F)(F)F)CC3)n2)ccc1F,8.240000644,0.921179616,Active,0.756097561,TRUE
CN(C)CCn1cc(-c2ccc(F)c(F)c2)nc1C1CCN(c2ncnc(N)c2Br)CC1,CN(C)CCn1cc(-c2ccc(F)c(F)c2)nc1C1CCN(c2ncnc(N)c2Br)CC1,8.303814361,0.921220863,Active,0.84057971,TRUE
Cc1cc(-c2cn(CCNC3CCCC3)c(C3CCN(c4ncnc(N)c4C)CC3)n2)ccc1F,Cc1cc(-c2cn(CCNC3CCCC3)c(C3CCN(c4ncnc(N)c4C)CC3)n2)ccc1F,8.274184356,0.921341741,Active,0.824324324,TRUE
Cc1[nH]nc2ccc(-c3cncc(OCC(N)Cc4cc(OC(F)(F)F)ccc4Cl)c3)cc12,Cc1[nH]nc2ccc(-c3cncc(OCC(N)Cc4cc(OC(F)(F)F)ccc4Cl)c3)cc12,7.888037914,0.921377265,Active,0.602739726,TRUE
CCNC(=O)c1c(N)ncnc1N1CCC(c2nc(-c3ccc(F)c(Cl)c3)cn2CCN2CCCC2)CC1,CCNC(=O)c1c(N)ncnc1N1CCC(c2nc(-c3ccc(F)c(Cl)c3)cn2CCN2CCCC2)CC1,7.824365142,0.921410644,Active,0.818181818,TRUE
CNC(=O)C(Cc1ccc(F)cc1)NC(=O)c1cc(Br)c(-c2ccnc3[nH]ccc23)s1,CNC(=O)C(Cc1ccc(F)cc1)NC(=O)c1cc(Br)c(-c2ccnc3[nH]ccc23)s1,8.384041757,0.921673024,Active,0.75,TRUE
CC1(C(N)=O)C(=O)Nc2ncnc(N3CCC(c4nc(-c5cncc(F)c5)ccc4NCCN4CCCC4)CC3)c21,CC1(C(N)=O)C(=O)Nc2ncnc(N3CCC(c4nc(-c5cncc(F)c5)ccc4NCCN4CCCC4)CC3)c21,9.298874934,0.921833479,Active,0.831325301,TRUE
N#Cc1cc(-c2cn(CCN3CCC3)c(C3CCN(c4ncnc(Cl)c4C#N)CC3)n2)ccc1F,N#Cc1cc(-c2cn(CCN3CCC3)c(C3CCN(c4ncnc(Cl)c4C#N)CC3)n2)ccc1F,8.043427499,0.921887004,Active,0.746666667,TRUE
COc1cc(F)ccc1-c1cn(CCN2CCCC2)c(C2CCN(c3ncnc(N)c3Br)CC2)n1,COc1cc(F)ccc1-c1cn(CCN2CCCC2)c(C2CCN(c3ncnc(N)c3Br)CC2)n1,8.489280331,0.92206558,Active,0.742857143,TRUE
Cc1cc(CC(NC(=O)c2cc(Br)c(-c3ccnc4[nH]ccc34)s2)C(N)=O)cc(C)c1F,Cc1cc(CC(NC(=O)c2cc(Br)c(-c3ccnc4[nH]ccc34)s2)C(N)=O)cc(C)c1F,8.379651591,0.922161484,Active,0.630136986,TRUE
NC1(c2ccc(-c3nc4n(c3-c3ccccc3)COc3cc(F)ccc3-4)cc2)CC1,NC1(c2ccc(-c3nc4n(c3-c3ccccc3)COc3cc(F)ccc3-4)cc2)CC1,7.642871341,0.922181273,Active,0.8,TRUE
Cc1[nH]nc2cnc(-c3cncc(OCC(N)Cc4ccc(Cl)cc4)c3)cc12,Cc1[nH]nc2cnc(-c3cncc(OCC(N)Cc4ccc(Cl)cc4)c3)cc12,8.013967204,0.922279978,Active,0.640625,TRUE
CC1CCN1c1cnc(C(=O)Nc2csc(-c3nncn3C(C)CO)n2)cc1-n1cnc(C2CC2)c1,CC1CCN1c1cnc(C(=O)Nc2csc(-c3nncn3C(C)CO)n2)cc1-n1cnc(C2CC2)c1,8.417285951,0.922295535,Active,0.64516129,TRUE
Cc1[nH]nc2cnc(-c3cncc(OCC(N)Cc4ccc(Br)cc4Br)c3)cc12,Cc1[nH]nc2cnc(-c3cncc(OCC(N)Cc4ccc(Br)cc4Br)c3)cc12,8.147484844,0.922391737,Active,0.602941176,TRUE
NC1(C(=O)NC(CC(=O)O)c2ccc(Cl)cc2)CCN(c2ncnc3[nH]c4c(c23)CCCC4)CC1,NC1(C(=O)NC(CC(=O)O)c2ccc(Cl)cc2)CCN(c2ncnc3[nH]c4c(c23)CCCC4)CC1,7.932189471,0.922449911,Active,0.602739726,TRUE
N#Cc1cc(-c2cn(CCN3CCCC3)c(C3CCN(c4ncnc(N)c4Cl)CC3)n2)cc(F)c1Cl,N#Cc1cc(-c2cn(CCN3CCCC3)c(C3CCN(c4ncnc(N)c4Cl)CC3)n2)cc(F)c1Cl,8.105443138,0.922561848,Active,0.76056338,TRUE
NC1(c2ccc(-c3nc4n(c3-c3ccccc3)COc3cc(F)c(F)cc3-4)cc2)CC1,NC1(c2ccc(-c3nc4n(c3-c3ccccc3)COc3cc(F)c(F)cc3-4)cc2)CC1,7.60553901,0.922658646,Active,0.701754386,TRUE
NC1(c2ccc(-c3nc4n(c3-c3ccccc3)COc3ncccc3-4)cc2)CCOCC1,NC1(c2ccc(-c3nc4n(c3-c3ccccc3)COc3ncccc3-4)cc2)CCOCC1,8.069386823,0.922666335,Active,0.857142857,TRUE
CCc1c(N)ncnc1N1CCC(c2nc(-c3cc(F)c(C)c(Cl)c3)cn2CCNC(C)C)CC1,CCc1c(N)ncnc1N1CCC(c2nc(-c3cc(F)c(C)c(Cl)c3)cn2CCNC(C)C)CC1,7.936112684,0.922776186,Active,0.6625,TRUE
NC1(c2ccc(-c3nc4n(c3-c3ccsc3)COc3cnc(Cl)cc3-4)cc2)CC1,NC1(c2ccc(-c3nc4n(c3-c3ccsc3)COc3cnc(Cl)cc3-4)cc2)CC1,7.811553679,0.922809565,Active,0.661538462,TRUE
Cc1[nH]nc2ccc(-c3cncc(OCC(N)Cc4ccc(F)cc4)c3)cc12,Cc1[nH]nc2ccc(-c3cncc(OCC(N)Cc4ccc(F)cc4)c3)cc12,7.763870669,0.92285558,Active,0.625,TRUE
Cc1[nH]nc2ccc(-c3cncc(OCC(N)Cc4c(F)c(F)c(F)c(F)c4F)c3)cc12,Cc1[nH]nc2ccc(-c3cncc(OCC(N)Cc4c(F)c(F)c(F)c(F)c4F)c3)cc12,7.669672794,0.922901118,Active,0.634920635,TRUE
Cc1[nH]nc2cnc(-c3cncc(OCC(N)Cc4c(F)cc(F)c(F)c4F)c3)cc12,Cc1[nH]nc2cnc(-c3cncc(OCC(N)Cc4c(F)cc(F)c(F)c4F)c3)cc12,7.74093316,0.923056149,Active,0.636363636,TRUE
COc1cc(-c2cn(CCN3CCC3)c(C3CCN(c4ncnc(N)c4Br)CC3)n2)ccc1F,COc1cc(-c2cn(CCN3CCC3)c(C3CCN(c4ncnc(N)c4Br)CC3)n2)ccc1F,8.701779452,0.923121357,Active,0.821917808,TRUE
COc1cc(-c2cn(CCN3CCC3)c(C3CCN(c4ncnc(N)c4Br)CC3)n2)cc(Cl)c1F,COc1cc(-c2cn(CCN3CCC3)c(C3CCN(c4ncnc(N)c4Br)CC3)n2)cc(Cl)c1F,8.479884739,0.923135304,Active,0.723684211,TRUE
Cc1cc(-c2cn(CCNC(C)C)c(C3CCN(c4ncnc(N)c4F)CC3)n2)ccc1F,Cc1cc(-c2cn(CCNC(C)C)c(C3CCN(c4ncnc(N)c4F)CC3)n2)ccc1F,8.129869501,0.92326721,Active,0.821917808,TRUE
NC1(c2ccc(-c3nc4n(c3-c3ccsc3)COc3cccnc3-4)cc2)CCC1,NC1(c2ccc(-c3nc4n(c3-c3ccsc3)COc3cccnc3-4)cc2)CCC1,7.518766084,0.923278594,Active,0.793103448,TRUE
NC1(c2ccc(-c3nc4n(c3-c3cscc3Cl)COc3ccccc3-4)cc2)CC1,NC1(c2ccc(-c3nc4n(c3-c3cscc3Cl)COc3ccccc3-4)cc2)CC1,7.607982894,0.923305178,Active,0.693548387,TRUE
Cc1cc(-c2cn(CCNC(C)(C)C)c(C3CCN(c4ncnc(N)c4F)CC3)n2)ccc1F,Cc1cc(-c2cn(CCNC(C)(C)C)c(C3CCN(c4ncnc(N)c4F)CC3)n2)ccc1F,8.235670465,0.923440301,Active,0.769230769,TRUE
CNCCn1cc(-c2ccc(F)c(C(F)(F)F)c2)nc1C1CCN(c2ncnc(N)c2Cl)CC1F,CNCCn1cc(-c2ccc(F)c(C(F)(F)F)c2)nc1C1CCN(c2ncnc(N)c2Cl)CC1F,8.295320793,0.923578465,Active,0.851351351,TRUE
O=C(NC(C(=O)N1CCOCC1)C1CCCCC1)c1cc(Br)c(-c2ccnc3[nH]ccc23)s1,O=C(NC(C(=O)N1CCOCC1)C1CCCCC1)c1cc(Br)c(-c2ccnc3[nH]ccc23)s1,8.039889355,0.923618281,Active,0.618421053,TRUE
NCC(NC(=O)C1(N)CCN(c2ncnc3[nH]ccc23)CC1)c1ccc(Cl)c(F)c1,NCC(NC(=O)C1(N)CCN(c2ncnc3[nH]ccc23)CC1)c1ccc(Cl)c(F)c1,7.883085345,0.923637593,Active,0.784615385,TRUE
Cc1cc(-c2cn(CCNC3CC3)c(C3CCN(c4ncnc(N)c4Cl)CC3)n2)ccc1F,Cc1cc(-c2cn(CCNC3CC3)c(C3CCN(c4ncnc(N)c4Cl)CC3)n2)ccc1F,8.492842764,0.923843586,Active,0.753246753,TRUE
CCOc1cc(-c2ccc(C(=O)NC3CNCCC3c3cccc(F)c3)s2)nn1C,CCOc1cc(-c2ccc(C(=O)NC3CNCCC3c3cccc(F)c3)s2)nn1C,7.650872318,0.924020135,Active,0.684210526,TRUE
CSCCC(NC(=O)C1(N)CCN(c2ncnc3[nH]ccc23)CC1)c1cccc(Cl)c1,CSCCC(NC(=O)C1(N)CCN(c2ncnc3[nH]ccc23)CC1)c1cccc(Cl)c1,8.056327869,0.924098277,Active,0.838235294,TRUE
CCN1CCN(C(=O)CCC(NC(=O)c2cc(Br)c(-c3ccnc4[nH]ccc34)s2)c2ccccc2)CC1,CCN1CCN(C(=O)CCC(NC(=O)c2cc(Br)c(-c3ccnc4[nH]ccc34)s2)c2ccccc2)CC1,7.654957374,0.924114072,Active,0.702702703,TRUE
Nc1ncnc(N2CCC(c3nc(-c4ccc(C(F)(F)F)c(F)c4)cn3CCN3CCC3)C(F)C2)c1Br,Nc1ncnc(N2CCC(c3nc(-c4ccc(C(F)(F)F)c(F)c4)cn3CCN3CCC3)C(F)C2)c1Br,8.083910571,0.924132073,Active,0.75,TRUE
NC1(c2ccc(-c3nc4n(c3-c3ccccc3)COc3c-4ccc(F)c3F)cc2)CC1,NC1(c2ccc(-c3nc4n(c3-c3ccccc3)COc3c-4ccc(F)c3F)cc2)CC1,7.68262402,0.924138987,Active,0.633333333,TRUE
COc1cc(C(N)=O)c2nc(-c3ccc(C4(N)CCC4)cc3)c(-c3ccccc3)n2n1,COc1cc(C(N)=O)c2nc(-c3ccc(C4(N)CCC4)cc3)c(-c3ccccc3)n2n1,7.729051575,0.924261653,Active,0.766666667,TRUE
Cc1ncc(C(N)=O)c(N2CCC(c3nc(-c4ccc(F)c(Cl)c4)cn3CCN3CCCC3)CC2)n1,Cc1ncc(C(N)=O)c(N2CCC(c3nc(-c4ccc(F)c(Cl)c4)cn3CCN3CCCC3)CC2)n1,8.036413369,0.924500668,Active,0.708860759,TRUE
Cc1ccc(-c2cn(CCN3CCCC3)c(C3CCN(c4ncnc(N)c4Cl)CC3)n2)cc1F,Cc1ccc(-c2cn(CCN3CCCC3)c(C3CCN(c4ncnc(N)c4Cl)CC3)n2)cc1F,7.928170208,0.92456516,Active,0.863636364,TRUE
Cc1cc(Br)ccc1CC(N)COc1cncc(-c2cc3c(C)[nH]nc3cn2)c1,Cc1cc(Br)ccc1CC(N)COc1cncc(-c2cc3c(C)[nH]nc3cn2)c1,8.178726508,0.924788857,Active,0.632352941,TRUE
N#Cc1c(N)ncnc1N1CCC(c2nc(-c3ccnc(C(F)(F)F)c3)cn2CCNC2CCCC2)CC1,N#Cc1c(N)ncnc1N1CCC(c2nc(-c3ccnc(C(F)(F)F)c3)cn2CCNC2CCCC2)CC1,8.576637859,0.924829805,Active,0.828947368,TRUE
NC1(c2ccc(-c3nc4n(c3-c3ccccc3)COc3nc(C(=O)N5CCCCC5)ccc3-4)cc2)CC1,NC1(c2ccc(-c3nc4n(c3-c3ccccc3)COc3nc(C(=O)N5CCCCC5)ccc3-4)cc2)CC1,7.813964979,0.924836302,Active,0.608695652,TRUE
CC(=O)c1cc(-c2cn(CCN3CCC3)c(C3CCN(c4ncnc(N)c4Cl)CC3)n2)ccc1F,CC(=O)c1cc(-c2cn(CCN3CCC3)c(C3CCN(c4ncnc(N)c4Cl)CC3)n2)ccc1F,8.395693375,0.924838269,Active,0.777777778,TRUE
Cc1cc(-c2cn(CCNCCC3CC3)c(C3CCN(c4ncnc(N)c4F)CC3)n2)ccc1F,Cc1cc(-c2cn(CCNCCC3CC3)c(C3CCN(c4ncnc(N)c4F)CC3)n2)ccc1F,8.261870653,0.924855018,Active,0.721518987,TRUE
CC(CNC(=O)c1cc(Br)c(-c2ccnc3[nH]ccc23)s1)c1ccccc1,CC(CNC(=O)c1cc(Br)c(-c2ccnc3[nH]ccc23)s1)c1ccccc1,7.657140616,0.924921596,Active,0.803278689,TRUE
Cn1nc(-c2ccc(C(=O)NC3CNCCC3c3cccc(F)c3)s2)c2c(Cl)cccc21,Cn1nc(-c2ccc(C(=O)NC3CNCCC3c3cccc(F)c3)s2)c2c(Cl)cccc21,7.978547674,0.925082052,Active,0.706666667,TRUE
NC1(c2ccc(-c3nc4n(c3-c3ccccc3)COc3ncc(Cl)cc3-4)cc2)CC1,NC1(c2ccc(-c3nc4n(c3-c3ccccc3)COc3ncc(Cl)cc3-4)cc2)CC1,7.910026371,0.92508235,Active,0.677419355,TRUE
CCOc1c(N)ncnc1N1CCC(c2nc(-c3ccc(F)c(F)c3)cn2CCN2CCCC2)CC1,CCOc1c(N)ncnc1N1CCC(c2nc(-c3ccc(F)c(F)c3)cn2CCN2CCCC2)CC1,8.05368255,0.925114894,Active,0.884057971,TRUE
Cn1cc(Cl)nc1C(Cc1ccc(Cl)cc1)NC(=O)C1(N)CCN(c2ncnc3[nH]ccc23)CC1,Cn1cc(Cl)nc1C(Cc1ccc(Cl)cc1)NC(=O)C1(N)CCN(c2ncnc3[nH]ccc23)CC1,7.83013305,0.925119722,Active,0.680555556,TRUE
Nc1ncnc(N2CCC(c3nc(-c4cc(Cl)cc(C=O)c4F)cn3CCN3CCC3)CC2)c1Br,Nc1ncnc(N2CCC(c3nc(-c4cc(Cl)cc(C=O)c4F)cn3CCN3CCC3)CC2)c1Br,8.400750015,0.925164425,Active,0.658227848,TRUE
Nc1ncnc(N2CCC(c3nc(-c4ccc(C(F)(F)F)c(F)c4)cn3CCN3CCC3)C(F)C2)c1Cl,Nc1ncnc(N2CCC(c3nc(-c4ccc(C(F)(F)F)c(F)c4)cn3CCN3CCC3)C(F)C2)c1Cl,7.959075319,0.925379837,Active,0.891891892,TRUE
CC1(O)CC(N)(c2ccc(-c3nc4n(c3-c3ccccc3)COc3cc(OCC5OC(N)C(O)C5O)ccc3-4)cc2)C1,CC1(O)CC(N)(c2ccc(-c3nc4n(c3-c3ccccc3)COc3cc(OCC5OC(N)C(O)C5O)ccc3-4)cc2)C1,7.975694816,0.925596023,Active,0.723684211,TRUE
CC(=O)NCC(Cc1ccc(Cl)cc1Cl)NC(=O)C1(N)CCN(c2ncnc3[nH]ccc23)CC1,CC(=O)NCC(Cc1ccc(Cl)cc1Cl)NC(=O)C1(N)CCN(c2ncnc3[nH]ccc23)CC1,7.800402963,0.925643349,Active,0.712328767,TRUE
CC1(C)C(=O)Nc2ncnc(N3CCC(c4nc(-c5ccc(Cl)c(C(F)(F)F)c5)c(F)cc4NCCO)CC3)c21,CC1(C)C(=O)Nc2ncnc(N3CCC(c4nc(-c5ccc(Cl)c(C(F)(F)F)c5)c(F)cc4NCCO)CC3)c21,8.624399759,0.925695145,Active,0.602150538,TRUE
Cc1cc(-c2cn(CCNCC3CC3)c(C3CCN(c4ncnc(N)c4F)CC3)n2)ccc1F,Cc1cc(-c2cn(CCNCC3CC3)c(C3CCN(c4ncnc(N)c4F)CC3)n2)ccc1F,8.209676288,0.926020348,Active,0.824324324,TRUE
Cc1[nH]nc2ccc(-c3cncc(OCC(N)Cc4cc(Cl)cc(Cl)c4Cl)c3)cc12,Cc1[nH]nc2ccc(-c3cncc(OCC(N)Cc4cc(Cl)cc(Cl)c4Cl)c3)cc12,8.126312082,0.926038587,Active,0.623188406,TRUE
Cc1[nH]nc2ccc(-c3cncc(OCC(N)Cc4c[nH]c5cccc(F)c45)c3)cc12,Cc1[nH]nc2ccc(-c3cncc(OCC(N)Cc4c[nH]c5cccc(F)c45)c3)cc12,8.389903962,0.926072204,Active,0.625,TRUE
Cc1c(Br)cccc1CC(N)COc1cncc(-c2cc3c(C)[nH]nc3cn2)c1,Cc1c(Br)cccc1CC(N)COc1cncc(-c2cc3c(C)[nH]nc3cn2)c1,8.165740542,0.926132941,Active,0.614285714,TRUE
CCN(CC)CCn1cc(-c2ccc(F)c(C)c2)nc1C1CCN(c2ncnc(N)c2F)CC1,CCN(CC)CCn1cc(-c2ccc(F)c(C)c2)nc1C1CCN(c2ncnc(N)c2F)CC1,8.026251412,0.926195645,Active,0.855072464,TRUE
Cc1cn(-c2cc(C(=O)Nc3csc(-c4nncn4C(C)C(F)(F)F)n3)ncc2N2CCC(C#N)CC2)cn1,Cc1cn(-c2cc(C(=O)Nc3csc(-c4nncn4C(C)C(F)(F)F)n3)ncc2N2CCC(C#N)CC2)cn1,7.790643754,0.926229918,Active,0.869047619,TRUE
NC1(c2ccc(-c3nc4n(c3-c3ccccc3)COc3c(F)cccc3-4)cc2)CC1,NC1(c2ccc(-c3nc4n(c3-c3ccccc3)COc3c(F)cccc3-4)cc2)CC1,7.680612607,0.926240766,Active,0.758064516,TRUE
Cc1cc(-c2cn(CCN3CCC(O)C3)c(C3CCN(c4ncnc(N)c4Br)CC3)n2)ccc1F,Cc1cc(-c2cn(CCN3CCC(O)C3)c(C3CCN(c4ncnc(N)c4Br)CC3)n2)ccc1F,8.464824935,0.926365876,Active,0.819444444,TRUE
CC(=O)c1cc(-c2cn(CCN3CCC3)c(C3CCN(c4ncnc(N)c4C)CC3)n2)ccc1F,CC(=O)c1cc(-c2cn(CCN3CCC3)c(C3CCN(c4ncnc(N)c4C)CC3)n2)ccc1F,8.164842807,0.926468396,Active,0.743589744,TRUE
O=Cc1cn2cc(-c3c(F)cccc3F)c(-c3ccc(CN4CC(c5n[nH]c(-c6ccccn6)n5)C4)cc3)nc2n1,O=Cc1cn2cc(-c3c(F)cccc3F)c(-c3ccc(CN4CC(c5n[nH]c(-c6ccccn6)n5)C4)cc3)nc2n1,7.735350807,0.926505053,Active,0.65,TRUE
CC1(O)CC(N)(c2ccc(-c3nc4n(c3-c3ccoc3)COc3ncccc3-4)cc2)C1,CC1(O)CC(N)(c2ccc(-c3nc4n(c3-c3ccoc3)COc3ncccc3-4)cc2)C1,8.249427108,0.926653945,Active,0.80952381,TRUE
Cc1[nH]nc2ccc(-c3cncc(OCC(N)Cc4ccccc4F)c3)cc12,Cc1[nH]nc2ccc(-c3cncc(OCC(N)Cc4ccccc4F)c3)cc12,7.527483291,0.926688874,Active,0.676923077,TRUE
Nc1ncnc(N2CCC(c3nc(-c4cccc(F)c4)cn3CCNCC3CC3)CC2)c1Cl,Nc1ncnc(N2CCC(c3nc(-c4cccc(F)c4)cn3CCNCC3CC3)CC2)c1Cl,7.989664718,0.926820302,Active,0.75,TRUE
Cc1cc2c(nn1)-c1nc(-c3ccc(C4(N)CCC4)cc3)c(-c3ccccc3)n1CO2,Cc1cc2c(nn1)-c1nc(-c3ccc(C4(N)CCC4)cc3)c(-c3ccccc3)n1CO2,7.475900795,0.926825368,Active,0.706896552,TRUE
Cc1cc(-c2cn(CCNC(C)C)c(C3CCN(c4ncnc(N)c4C(F)(F)F)CC3)n2)ccc1F,Cc1cc(-c2cn(CCNC(C)C)c(C3CCN(c4ncnc(N)c4C(F)(F)F)CC3)n2)ccc1F,8.208636204,0.926860058,Active,0.779220779,TRUE
NC1(c2ccc(-c3nc4n(c3-c3ccccc3)COc3ncc(Br)cc3-4)cc2)CC1,NC1(c2ccc(-c3nc4n(c3-c3ccccc3)COc3ncc(Br)cc3-4)cc2)CC1,7.860823245,0.926943028,Active,0.677419355,TRUE
CCN(C)CCn1cc(-c2ccc(F)c(C)c2)nc1C1CCN(c2ncnc(N)c2F)CC1,CCN(C)CCn1cc(-c2ccc(F)c(C)c2)nc1C1CCN(c2ncnc(N)c2F)CC1,8.044756192,0.926985765,Active,0.753424658,TRUE
CC(C)n1cnnc1-c1nc(NC(=O)c2cc(-n3cnc(C4CC4)c3)c(N3CCC(F)C3)cn2)cs1,CC(C)n1cnnc1-c1nc(NC(=O)c2cc(-n3cnc(C4CC4)c3)c(N3CCC(F)C3)cn2)cs1,8.572917427,0.927229846,Active,0.741176471,TRUE
CC(C)n1cnnc1-c1nc(NC(=O)c2cc(-n3cnc(C4CC4)c3)c(N3CCCCC3)cn2)cs1,CC(C)n1cnnc1-c1nc(NC(=O)c2cc(-n3cnc(C4CC4)c3)c(N3CCCCC3)cn2)cs1,8.496203887,0.927272582,Active,0.741176471,TRUE
CC(C)N(C)CCn1cc(-c2ccc(F)c(C(F)(F)F)c2)nc1C1CCN(c2ncnc(N)c2Cl)CC1,CC(C)N(C)CCn1cc(-c2ccc(F)c(C(F)(F)F)c2)nc1C1CCN(c2ncnc(N)c2Cl)CC1,8.308648486,0.927275383,Active,0.820512821,TRUE
CC1CCN(c2cnc(C(=O)Nc3csc(-c4nncn4C(C)C)n3)cc2-n2cnc(C3CC3)c2)C1,CC1CCN(c2cnc(C(=O)Nc3csc(-c4nncn4C(C)C)n3)cc2-n2cnc(C3CC3)c2)C1,8.540298985,0.927346909,Active,0.712643678,TRUE
NCCNC(=O)c1ccc2c(c1)OCn1c-2nc(-c2ccc(C3(N)CC3)cc2)c1-c1ccccc1,NCCNC(=O)c1ccc2c(c1)OCn1c-2nc(-c2ccc(C3(N)CC3)cc2)c1-c1ccccc1,7.882774979,0.927381539,Active,0.746666667,TRUE
CC1(O)CC(N)(c2ccc(-c3nc4n(c3-c3ccoc3)COc3ccncc3-4)cc2)C1,CC1(O)CC(N)(c2ccc(-c3nc4n(c3-c3ccoc3)COc3ccncc3-4)cc2)C1,7.927317434,0.927389944,Active,0.796875,TRUE
CC(=O)c1ccc2c(c1)-c1nc(-c3ccc(C4(N)CC4)cc3)c(-c3ccccc3)n1CO2,CC(=O)c1ccc2c(c1)-c1nc(-c3ccc(C4(N)CC4)cc3)c(-c3ccccc3)n1CO2,7.617395956,0.927493298,Active,0.731343284,TRUE
Nc1ncnc(N2CCC(c3nc(-c4ccnc(C(F)(F)F)c4)cn3CCNCC3CC3)CC2)c1Br,Nc1ncnc(N2CCC(c3nc(-c4ccnc(C(F)(F)F)c4)cn3CCNCC3CC3)CC2)c1Br,8.64451984,0.927608097,Active,0.826666667,TRUE
NC(=O)CC(NC(=O)C1(N)CCN(c2ncnc3[nH]ccc23)CC1)c1ccc(Br)cc1,NC(=O)CC(NC(=O)C1(N)CCN(c2ncnc3[nH]ccc23)CC1)c1ccc(Br)cc1,7.909505807,0.92763778,Active,0.836065574,TRUE
CC(C)(C#N)c1cc(-c2cn(CCN3CCCC3)c(C3CCN(c4cc(N)ncn4)CC3)n2)ccc1F,CC(C)(C#N)c1cc(-c2cn(CCN3CCCC3)c(C3CCN(c4cc(N)ncn4)CC3)n2)ccc1F,8.023183028,0.927646065,Active,0.805555556,TRUE
Nc1ncnc(N2CCC(c3nc(-c4cc(F)cc(C(F)(F)F)c4)cn3CCN3CCC3)CC2)c1Br,Nc1ncnc(N2CCC(c3nc(-c4cc(F)cc(C(F)(F)F)c4)cn3CCN3CCC3)CC2)c1Br,8.274166035,0.927707458,Active,0.743243243,TRUE
NC1(c2ccc(-c3nc4n(c3-c3ccccc3)COc3c(F)cc(F)c(F)c3-4)cc2)CC1,NC1(c2ccc(-c3nc4n(c3-c3ccccc3)COc3c(F)cc(F)c(F)c3-4)cc2)CC1,7.546886738,0.92786088,Active,0.650793651,TRUE
COc1c(N)ncnc1N1CCC(c2nc(-c3cc(F)c(Cl)c(F)c3)cn2CCNCC2CC2)CC1,COc1c(N)ncnc1N1CCC(c2nc(-c3cc(F)c(Cl)c(F)c3)cn2CCNCC2CC2)CC1,8.062885051,0.927868867,Active,0.611764706,TRUE
Cc1[nH]nc2cnc(-c3cncc(OCC(N)Cc4cccc(Cl)c4)c3)cc12,Cc1[nH]nc2cnc(-c3cncc(OCC(N)Cc4cccc(Cl)c4)c3)cc12,8.176883351,0.927879119,Active,0.656716418,TRUE
NC1(c2ccc(-c3nc4n(c3-c3ccsc3)COc3cc(F)ccc3-4)cc2)CCC1,NC1(c2ccc(-c3nc4n(c3-c3ccsc3)COc3cc(F)ccc3-4)cc2)CCC1,7.752705984,0.927886927,Active,0.770491803,TRUE
COc1nc2nc(-c3ccc(CN4CC(c5n[nH]c(-c6ccccn6)n5)C4)cc3)c(-c3ccccc3)cn2n1,COc1nc2nc(-c3ccc(CN4CC(c5n[nH]c(-c6ccccn6)n5)C4)cc3)c(-c3ccccc3)cn2n1,7.696864164,0.927933598,Active,0.783783784,TRUE
Nc1ncnc(N2CCC(c3nc(-c4ccc(F)c(O)c4)cn3CCN3CCCC3)CC2)c1Br,Nc1ncnc(N2CCC(c3nc(-c4ccc(F)c(O)c4)cn3CCN3CCCC3)CC2)c1Br,8.779752523,0.927966201,Active,0.863636364,TRUE
CC(C)n1cnnc1-c1nc(NC(=O)c2cc(-n3cnc(C4CC4)c3)c(N3CCC(N)C3)cn2)cs1,CC(C)n1cnnc1-c1nc(NC(=O)c2cc(-n3cnc(C4CC4)c3)c(N3CCC(N)C3)cn2)cs1,8.592129338,0.928056979,Active,0.704545455,TRUE
COc1ncc(OCC(N)Cc2ccc(F)cc2F)cc1-c1ccc2[nH]nc(C)c2c1,COc1ncc(OCC(N)Cc2ccc(F)cc2F)cc1-c1ccc2[nH]nc(C)c2c1,7.380851716,0.9280599,Active,0.742424242,TRUE
O=C(Nc1csc(-c2nncn2C2CC2)c1)c1cc(-n2cnc(C3CC3)c2)c(N2CCC3(CC2)COC3)cn1,O=C(Nc1csc(-c2nncn2C2CC2)c1)c1cc(-n2cnc(C3CC3)c2)c(N2CCC3(CC2)COC3)cn1,8.129495971,0.928297544,Active,0.632183908,TRUE
CCc1[nH]nc2cnc(-c3cncc(OCC(N)Cc4cccc(C(F)(F)F)c4)c3)cc12,CCc1[nH]nc2cnc(-c3cncc(OCC(N)Cc4cccc(C(F)(F)F)c4)c3)cc12,8.640094543,0.928345525,Active,0.76119403,TRUE
CC(=O)c1ccc(-c2cn(CCN3CCCC3)c(C3CCN(c4ncnc(N)c4Cl)CC3)n2)cc1F,CC(=O)c1ccc(-c2cn(CCN3CCCC3)c(C3CCN(c4ncnc(N)c4Cl)CC3)n2)cc1F,7.938906487,0.928456092,Active,0.802816901,TRUE
NC1(c2ccc(-c3nc4n(c3-c3ccccc3)COc3cccnc3-4)cc2)CCOCC1,NC1(c2ccc(-c3nc4n(c3-c3ccccc3)COc3cccnc3-4)cc2)CCOCC1,7.507677977,0.928464735,Active,0.854545455,TRUE
NC1(c2ccc(-c3nc4n(c3-c3ccccc3)COc3cc(Cl)ccc3-4)cc2)CC1,NC1(c2ccc(-c3nc4n(c3-c3ccccc3)COc3cc(Cl)ccc3-4)cc2)CC1,7.629781761,0.928752208,Active,0.719298246,TRUE
CSc1ccc(-c2cn(CCN3CCC3)c(C3CCN(c4ncnc(N)c4Br)CC3)n2)cc1F,CSc1ccc(-c2cn(CCN3CCC3)c(C3CCN(c4ncnc(N)c4Br)CC3)n2)cc1F,8.157487741,0.928752565,Active,0.8,TRUE
NC(=O)CCC(NC(=O)c1cc(Br)c(-c2ccnc3[nH]ccc23)s1)c1ccccc1Cl,NC(=O)CCC(NC(=O)c1cc(Br)c(-c2ccnc3[nH]ccc23)s1)c1ccccc1Cl,7.909856868,0.928775871,Active,0.661971831,TRUE
CCOc1c(N)ncnc1N1CCC(c2nc(-c3ccc(F)cc3Cl)cn2CCN2CCCC2)C1,CCOc1c(N)ncnc1N1CCC(c2nc(-c3ccc(F)cc3Cl)cn2CCN2CCCC2)C1,8.015956189,0.929022694,Active,0.7,TRUE
N#Cc1ccc(-c2cn(CCNCC3CC3)c(C3CCN(c4ncnc(N)c4Br)CC3)n2)cc1F,N#Cc1ccc(-c2cn(CCNCC3CC3)c(C3CCN(c4ncnc(N)c4Br)CC3)n2)cc1F,8.172675671,0.929056251,Active,0.707317073,TRUE
NC1(c2ccc(-c3nc4n(c3-c3ccccc3)COc3cnc(Cl)cc3-4)cc2)CC1,NC1(c2ccc(-c3nc4n(c3-c3ccccc3)COc3cnc(Cl)cc3-4)cc2)CC1,7.832926095,0.929153764,Active,0.666666667,TRUE
N#Cc1ccc2c(c1)OCn1c-2nc(-c2ccc(C3(N)CC3)cc2)c1-c1ccccc1,N#Cc1ccc2c(c1)OCn1c-2nc(-c2ccc(C3(N)CC3)cc2)c1-c1ccccc1,7.62153479,0.929385805,Active,0.80952381,TRUE
CC(C)NCCn1cc(-c2ccc(F)c(C(F)(F)F)c2)nc1C1CCN(c2ncnc(N)c2Cl)CC1,CC(C)NCCn1cc(-c2ccc(F)c(C(F)(F)F)c2)nc1C1CCN(c2ncnc(N)c2Cl)CC1,8.478014976,0.929411614,Active,0.807692308,TRUE
CC(n1cnnc1-c1nc(NC(=O)c2cc(-n3cnc(C4CC4)c3)c(N3CC(F)C3)cn2)cs1)C(F)(F)F,CC(n1cnnc1-c1nc(NC(=O)c2cc(-n3cnc(C4CC4)c3)c(N3CC(F)C3)cn2)cs1)C(F)(F)F,8.512424533,0.929423356,Active,0.8875,TRUE
N#Cc1cnc(Cl)nc1N1CCC(c2nc(-c3ccc(F)c(Cl)c3)cn2CCN2CCCC2)CC1,N#Cc1cnc(Cl)nc1N1CCC(c2nc(-c3ccc(F)c(Cl)c3)cn2CCN2CCCC2)CC1,8.211957936,0.929550672,Active,0.710526316,TRUE
CC(C(N)=O)n1cnnc1-c1nc(NC(=O)c2cc(-n3cnc(C4CC4)c3)c(N3CCN4CCCC4C3)cn2)cs1,CC(C(N)=O)n1cnnc1-c1nc(NC(=O)c2cc(-n3cnc(C4CC4)c3)c(N3CCN4CCCC4C3)cn2)cs1,8.543224655,0.929584825,Active,0.833333333,TRUE
NC1(c2ccc(-c3nc4n(c3-c3ccccc3)COc3ccc(O)cc3-4)cc2)CC1,NC1(c2ccc(-c3nc4n(c3-c3ccccc3)COc3ccc(O)cc3-4)cc2)CC1,7.744741218,0.92965337,Active,0.719298246,TRUE
O=C(NC(CO)Cc1cccc(F)c1)c1cc(Br)c(-c2ccnc3[nH]ccc23)s1,O=C(NC(CO)Cc1cccc(F)c1)c1cc(Br)c(-c2ccnc3[nH]ccc23)s1,8.645124019,0.930285001,Active,0.876923077,TRUE
NC1(C(=O)NC(Cc2ccc(Cl)cc2)c2nc(Br)c(Br)[nH]2)CCN(c2ncnc3[nH]nc(Br)c23)CC1,NC1(C(=O)NC(Cc2ccc(Cl)cc2)c2nc(Br)c(Br)[nH]2)CCN(c2ncnc3[nH]nc(Br)c23)CC1,7.999174193,0.930308664,Active,0.689189189,TRUE
Nc1ncnc(N2CCC(c3nc(-c4ccc(F)c(Cl)c4)cn3CCN3CCCC3)CC2)c1C1CCC1,Nc1ncnc(N2CCC(c3nc(-c4ccc(F)c(Cl)c4)cn3CCN3CCCC3)CC2)c1C1CCC1,8.37935465,0.930342042,Active,0.865671642,TRUE
NC1(c2ccc(-c3nc4n(c3-c3ccccc3)COc3cnccc3-4)cn2)CCC1,NC1(c2ccc(-c3nc4n(c3-c3ccccc3)COc3cnccc3-4)cn2)CCC1,7.87390664,0.93046459,Active,0.783333333,TRUE
CN1CCC(C(=O)N2CCN(c3ncnc4[nH]cc(Br)c34)CC2)(c2ccccc2)CC1,CN1CCC(C(=O)N2CCN(c3ncnc4[nH]cc(Br)c34)CC2)(c2ccccc2)CC1,7.597333319,0.930552804,Active,0.813559322,TRUE
NCC1(C(=O)NC(CCO)c2ccccc2Cl)CCN(c2ncnc3[nH]ccc23)CC1,NCC1(C(=O)NC(CCO)c2ccccc2Cl)CCN(c2ncnc3[nH]ccc23)CC1,8.19589594,0.930667365,Active,0.764705882,TRUE
CC(C)n1cnnc1-c1nc(NC(=O)c2cc(-n3cnc(C4CC4)c3)c(N3CC4CC4C3)cn2)cs1,CC(C)n1cnnc1-c1nc(NC(=O)c2cc(-n3cnc(C4CC4)c3)c(N3CC4CC4C3)cn2)cs1,8.475371491,0.93077668,Active,0.860759494,TRUE
Cc1[nH]nc2ccc(-c3cncc(OCC(N)Cc4cccc(F)c4C(F)(F)F)c3)cc12,Cc1[nH]nc2ccc(-c3cncc(OCC(N)Cc4cccc(F)c4C(F)(F)F)c3)cc12,8.059563506,0.93084892,Active,0.642857143,TRUE
CC(C)Oc1cc(-c2cn(CCN3CCC3)c(C3CCN(c4ncnc(N)c4C#N)CC3)n2)ccc1F,CC(C)Oc1cc(-c2cn(CCN3CCC3)c(C3CCN(c4ncnc(N)c4C#N)CC3)n2)ccc1F,8.409973968,0.93086853,Active,0.855263158,TRUE
N#Cc1cnn2cc(-c3c(F)cccc3F)c(-c3ccc(CN4CC(c5n[nH]c(-c6ccccn6)n5)C4)cc3)nc12,N#Cc1cnn2cc(-c3c(F)cccc3F)c(-c3ccc(CN4CC(c5n[nH]c(-c6ccccn6)n5)C4)cc3)nc12,7.676333653,0.93097707,Active,0.7875,TRUE
N#Cc1ccc(F)c(-c2cn(CCN3CCCC3)c(C3CCN(c4ncnc(N)c4Cl)CC3)n2)c1,N#Cc1ccc(F)c(-c2cn(CCN3CCCC3)c(C3CCN(c4ncnc(N)c4Cl)CC3)n2)c1,8.246269248,0.931307995,Active,0.726027397,TRUE
Cc1[nH]nc2ccc(-c3cncc(OCC(N)Cc4c(F)cccc4C(F)(F)F)c3)cc12,Cc1[nH]nc2ccc(-c3cncc(OCC(N)Cc4c(F)cccc4C(F)(F)F)c3)cc12,7.957016527,0.931316757,Active,0.661764706,TRUE
NC1(C(=O)NC(CN2CCCC2)c2ccc(F)c(Cl)c2)CCN(c2ncnc3[nH]ccc23)CC1,NC1(C(=O)NC(CN2CCCC2)c2ccc(F)c(Cl)c2)CCN(c2ncnc3[nH]ccc23)CC1,8.036440564,0.93139919,Active,0.712328767,TRUE
NC(=O)C(Cc1ccc(O)cc1)NC(=O)c1cc(Br)c(-c2ccnc3[nH]ccc23)s1,NC(=O)C(Cc1ccc(O)cc1)NC(=O)c1cc(Br)c(-c2ccnc3[nH]ccc23)s1,8.296890325,0.93141129,Active,0.666666667,TRUE
CC(C)(C)NCCn1cc(-c2ccc(F)c(F)c2)nc1C1CCN(c2ncnc(N)c2Cl)CC1,CC(C)(C)NCCn1cc(-c2ccc(F)c(F)c2)nc1C1CCN(c2ncnc(N)c2Cl)CC1,8.27809943,0.931498134,Active,0.746478873,TRUE
Nc1ncnc(N2CCC(c3nc(-c4cc(F)cc(Cl)c4)cn3CCN3CCC3)CC2)c1Br,Nc1ncnc(N2CCC(c3nc(-c4cc(F)cc(Cl)c4)cn3CCN3CCC3)CC2)c1Br,8.324172603,0.931644166,Active,0.76056338,TRUE
Cc1cc(F)ccc1-c1cn(CCN2CCCC2)c(C2CCN(c3ncnc(N)c3Cl)CC2)n1,Cc1cc(F)ccc1-c1cn(CCN2CCCC2)c(C2CCN(c3ncnc(N)c3Cl)CC2)n1,8.518640943,0.931695187,Active,0.764705882,TRUE
Cc1[nH]nc2ccc(-c3cncc(OCC(N)Cc4ccc(Cl)c(N)c4)c3)cc12,Cc1[nH]nc2ccc(-c3cncc(OCC(N)Cc4ccc(Cl)c(N)c4)c3)cc12,8.160861062,0.931695962,Active,0.666666667,TRUE
COc1ccc(CC(NC(=O)C2(N)CCN(c3ncnc4[nH]ccc34)CC2)c2ccc(Cl)cc2)cc1F,COc1ccc(CC(NC(=O)C2(N)CCN(c3ncnc4[nH]ccc34)CC2)c2ccc(Cl)cc2)cc1F,7.982069104,0.931706095,Active,0.702702703,TRUE
NC(=O)NCCCC(NC(=O)c1cc(Br)c(-c2ccnc3[nH]ccc23)s1)c1ccccc1,NC(=O)NCCCC(NC(=O)c1cc(Br)c(-c2ccnc3[nH]ccc23)s1)c1ccccc1,7.810585524,0.931832516,Active,0.818181818,TRUE
O=C(CNC(=O)c1cc(Br)c(-c2ccnc3[nH]ccc23)s1)NC(CO)Cc1ccccc1,O=C(CNC(=O)c1cc(Br)c(-c2ccnc3[nH]ccc23)s1)NC(CO)Cc1ccccc1,8.173199704,0.931845093,Active,0.735294118,TRUE
N#CCc1cc(-c2cn(CCN3CCC3)c(C3CCN(c4ncnc(N)c4Cl)CC3)n2)ccc1F,N#CCc1cc(-c2cn(CCN3CCC3)c(C3CCN(c4ncnc(N)c4Cl)CC3)n2)ccc1F,8.446880921,0.931846106,Active,0.777777778,TRUE
NC1(c2ccc(-c3nc4n(c3-c3ccccc3)COc3cc(Cl)ncc3-4)cc2)CC1,NC1(c2ccc(-c3nc4n(c3-c3ccccc3)COc3cc(Cl)ncc3-4)cc2)CC1,7.759923693,0.931857491,Active,0.666666667,TRUE
O=C(NC(CCC(=O)N1CCCC1)c1ccccc1)c1cc(Br)c(-c2ccnc3[nH]ccc23)s1,O=C(NC(CCC(=O)N1CCCC1)c1ccccc1)c1cc(Br)c(-c2ccnc3[nH]ccc23)s1,7.732165132,0.931963885,Active,0.753623188,TRUE
Cc1[nH]nc2ccc(-c3cncc(OCC(N)Cc4ccc(C(F)(F)F)cc4Cl)c3)cc12,Cc1[nH]nc2ccc(-c3cncc(OCC(N)Cc4ccc(C(F)(F)F)cc4Cl)c3)cc12,8.110634706,0.931980813,Active,0.652777778,TRUE
CCN(C)CCn1cc(-c2ccc(F)c(C)c2)nc1C1CCN(c2ncnc(N)c2OC)CC1,CCN(C)CCn1cc(-c2ccc(F)c(C)c2)nc1C1CCN(c2ncnc(N)c2OC)CC1,8.567121709,0.931988978,Active,0.786666667,TRUE
Cc1cc(-c2cn(CCN3CCCC3)c(C3CCN(c4ncnc(N)c4Cl)CC3F)n2)ccn1,Cc1cc(-c2cn(CCN3CCCC3)c(C3CCN(c4ncnc(N)c4Cl)CC3F)n2)ccn1,8.170957517,0.932048941,Active,0.7125,TRUE
CC(=O)C(Cc1ccccc1)NC(=O)c1cc(Br)c(-c2ccnc3[nH]ccc23)s1,CC(=O)C(Cc1ccccc1)NC(=O)c1cc(Br)c(-c2ccnc3[nH]ccc23)s1,8.037252958,0.932110691,Active,0.765625,TRUE
Cc1cccc(CC(CO)NC(=O)c2cc(Br)c(-c3ccnc4[nH]ccc34)s2)c1,Cc1cccc(CC(CO)NC(=O)c2cc(Br)c(-c3ccnc4[nH]ccc34)s2)c1,8.506045225,0.932114744,Active,0.720588235,TRUE
NC1(c2ccc(-c3nc4n(c3-c3ccccn3)COc3cccnc3-4)cc2)CCC1,NC1(c2ccc(-c3nc4n(c3-c3ccccn3)COc3cccnc3-4)cc2)CCC1,7.589934237,0.93215152,Active,0.821428571,TRUE
NC1(C(=O)NC(CC(=O)N2CCCC2)c2ccc(Cl)cc2)CCN(c2ncnc3[nH]ccc23)CC1,NC1(C(=O)NC(CC(=O)N2CCCC2)c2ccc(Cl)cc2)CCN(c2ncnc3[nH]ccc23)CC1,7.920723904,0.932155752,Active,0.828125,TRUE
CCc1cc2c(nc(-c3nonc3N)n2CC)c(C#CC(C)(C)O)n1,CCc1cc2c(nc(-c3nonc3N)n2CC)c(C#CC(C)(C)O)n1,8.288183835,0.932167315,Active,0.872727273,TRUE
Cc1nc(C(=O)NC(c2ccc(Cl)cc2)C2(N)CCN(c3ncnc4[nH]ccc34)CC2)c(C)s1,Cc1nc(C(=O)NC(c2ccc(Cl)cc2)C2(N)CCN(c3ncnc4[nH]ccc34)CC2)c(C)s1,7.951878339,0.932178104,Active,0.602739726,TRUE
CC(C)(C)OCC(NC(=O)C1(N)CCN(c2ncnc3[nH]ccc23)CC1)c1cccc(Cl)c1,CC(C)(C)OCC(NC(=O)C1(N)CCN(c2ncnc3[nH]ccc23)CC1)c1cccc(Cl)c1,7.938073857,0.932309771,Active,0.774647887,TRUE
Cc1[nH]nc2ccc(-c3cncc(OCC(N)Cc4cc(F)ccc4N)c3)cc12,Cc1[nH]nc2ccc(-c3cncc(OCC(N)Cc4cc(F)ccc4N)c3)cc12,8.01587379,0.932397151,Active,0.656716418,TRUE
Cc1cc(-c2cn(CCNC(C)C)c(C3CCN(c4ncnc(N)c4C)CC3)n2)ccc1F,Cc1cc(-c2cn(CCNC(C)C)c(C3CCN(c4ncnc(N)c4C)CC3)n2)ccc1F,8.274071627,0.93239876,Active,0.821917808,TRUE
N#Cc1ccc(CCC(NC(=O)C2(N)CCN(c3ncnc4[nH]ccc34)CC2)c2ccc(Cl)cc2)nc1,N#Cc1ccc(CCC(NC(=O)C2(N)CCN(c3ncnc4[nH]ccc34)CC2)c2ccc(Cl)cc2)nc1,8.036589334,0.932421231,Active,0.743243243,TRUE
Cc1cc(-c2cn(CCNC3CCCC3)c(C3CCN(c4ncnc(N)c4Br)CC3)n2)ccc1F,Cc1cc(-c2cn(CCNC3CCCC3)c(C3CCN(c4ncnc(N)c4Br)CC3)n2)ccc1F,8.955236152,0.932494843,Active,0.802631579,TRUE
CNC(=O)C(NC(=O)c1cc(Br)c(-c2ccnc3[nH]ccc23)s1)c1ccccc1,CNC(=O)C(NC(=O)c1cc(Br)c(-c2ccnc3[nH]ccc23)s1)c1ccccc1,8.005186816,0.932643735,Active,0.738461538,TRUE
Nc1ncnc(N2CCC(c3nc(-c4ccc(O)c(F)c4)cn3CCN3CCCC3)CC2)c1Br,Nc1ncnc(N2CCC(c3nc(-c4ccc(O)c(F)c4)cn3CCN3CCCC3)CC2)c1Br,8.291504802,0.93273803,Active,0.863636364,TRUE
CSCCC(NC(=O)C1(N)CCN(c2ncnc3[nH]ncc23)CC1)c1ccc(Cl)cc1,CSCCC(NC(=O)C1(N)CCN(c2ncnc3[nH]ncc23)CC1)c1ccc(Cl)cc1,7.753961402,0.932855332,Active,0.818181818,TRUE
Cc1cc(-c2cn(CCNCC3CC3)c(C3CCN(c4ncnc(N)c4Cl)CC3)n2)ccc1F,Cc1cc(-c2cn(CCNCC3CC3)c(C3CCN(c4ncnc(N)c4Cl)CC3)n2)ccc1F,8.519708291,0.932898664,Active,0.802631579,TRUE
NC1(c2ccc(-c3nc4n(c3-c3ccsc3)COc3ccncc3-4)cc2)CCC1,NC1(c2ccc(-c3nc4n(c3-c3ccsc3)COc3ccncc3-4)cc2)CCC1,7.666819694,0.932971084,Active,0.783333333,TRUE
O=C(N1CCN(c2ncnc3[nH]cc(Cl)c23)CC1)C1(c2cc(F)ccc2F)CCNCC1,O=C(N1CCN(c2ncnc3[nH]cc(Cl)c23)CC1)C1(c2cc(F)ccc2F)CCNCC1,8.032436565,0.933013105,Active,0.723076923,TRUE
COc1ccc(CC(N)COc2cncc(-c3ccc4[nH]nc(C)c4c3)c2)cc1F,COc1ccc(CC(N)COc2cncc(-c3ccc4[nH]nc(C)c4c3)c2)cc1F,8.243928942,0.933021748,Active,0.836065574,TRUE
COc1ccc(F)c(F)c1CC(N)COc1cncc(-c2ccc3[nH]nc(C)c3c2)c1,COc1ccc(F)c(F)c1CC(N)COc1cncc(-c2ccc3[nH]nc(C)c3c2)c1,7.745394413,0.93307426,Active,0.769230769,TRUE
Cc1ncc(OCC(N)Cc2ccccc2F)cc1-c1ccc2[nH]nc(C)c2c1,Cc1ncc(OCC(N)Cc2ccccc2F)cc1-c1ccc2[nH]nc(C)c2c1,7.678346494,0.9333547,Active,0.703125,TRUE
N#CCc1cc(-c2cn(CCN3CCC3)c(C3CCN(c4ncnc(N)c4Br)CC3)n2)ccc1F,N#CCc1cc(-c2cn(CCN3CCC3)c(C3CCN(c4ncnc(N)c4Br)CC3)n2)ccc1F,8.859222941,0.933565462,Active,0.777777778,TRUE
CC1(O)CC(N)(c2ccc(-c3nc4n(c3-c3ccoc3)COc3cccnc3-4)cc2)C1,CC1(O)CC(N)(c2ccc(-c3nc4n(c3-c3ccoc3)COc3cccnc3-4)cc2)C1,7.846021529,0.933683419,Active,0.806451613,TRUE
NC1(c2ccc(-c3nc4n(c3-c3ccccc3)COc3ccc(CN5CCNCC5)cc3-4)cc2)CCC1,NC1(c2ccc(-c3nc4n(c3-c3ccccc3)COc3ccc(CN5CCNCC5)cc3-4)cc2)CCC1,7.633995813,0.933763111,Active,0.666666667,TRUE
NC1(c2ccc(-c3nc4n(c3-c3ccccc3)COc3c[nH]nc3-4)cc2)CCC1,NC1(c2ccc(-c3nc4n(c3-c3ccccc3)COc3c[nH]nc3-4)cc2)CCC1,7.558698545,0.933907056,Active,0.719298246,TRUE
Cc1cc(-c2cn(CCNC(C)(C)C)c(C3CCN(c4ncnc(N)c4C)CC3)n2)ccc1F,Cc1cc(-c2cn(CCNC(C)(C)C)c(C3CCN(c4ncnc(N)c4C)CC3)n2)ccc1F,8.383104588,0.934018874,Active,0.769230769,TRUE
Cc1cc(-c2cn(CCN(C)C)c(C3CCN(c4ncnc(N)c4Br)CC3)n2)ccc1F,Cc1cc(-c2cn(CCN(C)C)c(C3CCN(c4ncnc(N)c4Br)CC3)n2)ccc1F,8.948221148,0.934051359,Active,0.816901408,TRUE
Cc1cc(F)ccc1-c1cn(CCNC(C)C)c(C2CCN(c3ncnc(N)c3C#N)CC2)n1,Cc1cc(F)ccc1-c1cn(CCNC(C)C)c(C2CCN(c3ncnc(N)c3C#N)CC2)n1,8.442255603,0.934074068,Active,0.769230769,TRUE
CNCCn1cc(-c2ccc(F)c(C)c2)nc1C1CCN(c2ncnc(N)c2Cl)CC1F,CNCCn1cc(-c2ccc(F)c(C)c2)nc1C1CCN(c2ncnc(N)c2Cl)CC1F,8.263427525,0.93418082,Active,0.815789474,TRUE
NC1(c2ccc(-c3nc4n(c3-c3ccsc3)COc3cccc(F)c3-4)cc2)CC1,NC1(c2ccc(-c3nc4n(c3-c3ccsc3)COc3cccc(F)c3-4)cc2)CC1,7.636028524,0.934311414,Active,0.80952381,TRUE
COCCNC(=O)C(NC(=O)c1cc(Br)c(-c2ccnc3[nH]ccc23)s1)c1ccccc1,COCCNC(=O)C(NC(=O)c1cc(Br)c(-c2ccnc3[nH]ccc23)s1)c1ccccc1,8.025265253,0.934395754,Active,0.671428571,TRUE
CNC(=O)C(Cc1ccc(Br)cc1)NC(=O)c1cc(Br)c(-c2ccnc3[nH]ccc23)s1,CNC(=O)C(Cc1ccc(Br)cc1)NC(=O)c1cc(Br)c(-c2ccnc3[nH]ccc23)s1,8.28248392,0.934498811,Active,0.661971831,TRUE
NC1(c2ccc(-c3nc4n(c3-c3ccccc3)COc3cc(F)cc(F)c3-4)cc2)CC1,NC1(c2ccc(-c3nc4n(c3-c3ccccc3)COc3cc(F)cc(F)c3-4)cc2)CC1,7.528625347,0.934543037,Active,0.733333333,TRUE
NC1(c2ccc(-c3nc4n(c3-c3ccccc3)COc3ncc(Cl)nc3-4)cc2)CCC1,NC1(c2ccc(-c3nc4n(c3-c3ccccc3)COc3ncc(Cl)nc3-4)cc2)CCC1,7.837523072,0.93462857,Active,0.677419355,TRUE
NC1(c2ccc(-c3nc4n(c3-c3ccccc3)COc3ccncc3-4)cn2)CCC1,NC1(c2ccc(-c3nc4n(c3-c3ccccc3)COc3ccncc3-4)cn2)CCC1,7.75228859,0.934714639,Active,0.783333333,TRUE
CN(C)CCn1cc(-c2ccc(F)c(C3CC3)c2)nc1C1CCN(c2ncnc(N)c2Cl)CC1,CN(C)CCn1cc(-c2ccc(F)c(C3CC3)c2)nc1C1CCN(c2ncnc(N)c2Cl)CC1,8.437469311,0.934743667,Active,0.688311688,TRUE
O=C(NC(Cc1ccccc1)C(=O)O)c1cc(Br)c(-c2ccnc3[nH]ccc23)s1,O=C(NC(Cc1ccccc1)C(=O)O)c1cc(Br)c(-c2ccnc3[nH]ccc23)s1,8.124208129,0.934754336,Active,0.790322581,TRUE
Cc1cc(-c2cn(CCN(C(C)C)C(C)C)c(C3CCN(c4ncnc(N)c4OC(C)C)CC3)n2)ccc1F,Cc1cc(-c2cn(CCN(C(C)C)C(C)C)c(C3CCN(c4ncnc(N)c4OC(C)C)CC3)n2)ccc1F,8.134557667,0.934776032,Active,0.876712329,TRUE
Cc1[nH]nc2cnc(-c3cncc(OCC(N)Cc4cc(F)cc(F)c4)c3)cc12,Cc1[nH]nc2cnc(-c3cncc(OCC(N)Cc4cc(F)cc(F)c4)c3)cc12,7.899576621,0.934805059,Active,0.636363636,TRUE
Cc1[nH]nc2cnc(-c3cncc(OCC(N)Cc4cc(F)c(F)c(F)c4)c3)cc12,Cc1[nH]nc2cnc(-c3cncc(OCC(N)Cc4cc(F)c(F)c(F)c4)c3)cc12,7.859350004,0.934846604,Active,0.611940299,TRUE
Cc1[nH]nc2cnc(-c3cncc(OCC(N)Cc4ccc(C(F)(F)F)cc4F)c3)cc12,Cc1[nH]nc2cnc(-c3cncc(OCC(N)Cc4ccc(C(F)(F)F)cc4F)c3)cc12,8.01741912,0.934857154,Active,0.676056338,TRUE
NC1(C(=O)NC(CO)c2ccc(F)c(Cl)c2)CCN(c2ncnc3[nH]cc(Cl)c23)CC1,NC1(C(=O)NC(CO)c2ccc(F)c(Cl)c2)CCN(c2ncnc3[nH]cc(Cl)c23)CC1,8.041420808,0.934916699,Active,0.724637681,TRUE
Cc1[nH]nc2cnc(-c3cncc(OCC(N)Cc4ccc(C(F)(F)F)c(F)c4)c3)cc12,Cc1[nH]nc2cnc(-c3cncc(OCC(N)Cc4ccc(C(F)(F)F)c(F)c4)c3)cc12,8.1967767,0.935123646,Active,0.676056338,TRUE
O=C(N1CCN(c2ncnc3[nH]cnc23)CC1)C1(c2ccc(Cl)c(Cl)c2)CCNCC1,O=C(N1CCN(c2ncnc3[nH]cnc23)CC1)C1(c2ccc(Cl)c(Cl)c2)CCNCC1,7.399542369,0.935153806,Active,0.758064516,TRUE
Cc1cc(-c2cn(CCNC(C)C)c(C3CCN(c4ncnc(N)c4Cl)CC3)n2)ccc1F,Cc1cc(-c2cn(CCNC(C)C)c(C3CCN(c4ncnc(N)c4Cl)CC3)n2)ccc1F,8.442092225,0.935206378,Active,0.8,TRUE
NC1(C(=O)NC(CC(=O)O)c2ccc(Cl)cc2)CCN(c2ncnc3[nH]ccc23)CC1,NC1(C(=O)NC(CC(=O)O)c2ccc(Cl)cc2)CCN(c2ncnc3[nH]ccc23)CC1,7.921223851,0.935257101,Active,0.883333333,TRUE
CC(C)N(C)CCn1cc(-c2ccc(F)c(F)c2)nc1C1CCN(c2ncnc(N)c2C#N)CC1,CC(C)N(C)CCn1cc(-c2ccc(F)c(F)c2)nc1C1CCN(c2ncnc(N)c2C#N)CC1,8.065018987,0.935277367,Active,0.888888889,TRUE
NC1(C(=O)NC(CCCN2CCCCC2)c2ccc(Cl)cc2)CCN(c2ncnc3[nH]nc(Cl)c23)CC1,NC1(C(=O)NC(CCCN2CCCCC2)c2ccc(Cl)cc2)CCN(c2ncnc3[nH]nc(Cl)c23)CC1,7.932151314,0.935355926,Active,0.743243243,TRUE
NC1(C(=O)NC(CS)c2ccc(Cl)cc2)CCN(c2ncnc3[nH]ncc23)CC1,NC1(C(=O)NC(CS)c2ccc(Cl)cc2)CCN(c2ncnc3[nH]ncc23)CC1,7.647008123,0.935539627,Active,0.838709677,TRUE
O=C(NC(CN1CCCC1)c1ccccc1)c1cc(Br)c(-c2ccnc3[nH]ccc23)s1,O=C(NC(CN1CCCC1)c1ccccc1)c1cc(Br)c(-c2ccnc3[nH]ccc23)s1,7.808302572,0.935604894,Active,0.769230769,TRUE
CC(C)NCCn1cc(-c2ccc(F)c(C(F)(F)F)c2)nc1C1CCN(c2ncnc(N)c2Br)CC1,CC(C)NCCn1cc(-c2ccc(F)c(C(F)(F)F)c2)nc1C1CCN(c2ncnc(N)c2Br)CC1,8.537577097,0.935610795,Active,0.807692308,TRUE
NC1(c2ccc(-c3nc4n(c3-c3ccsc3)COc3cnccc3-4)cc2)CCC1,NC1(c2ccc(-c3nc4n(c3-c3ccsc3)COc3cnccc3-4)cc2)CCC1,7.820190548,0.935651207,Active,0.783333333,TRUE
NC1(C(=O)NC(CCO)c2ccc(Cl)cc2)CCN(c2ncnc3[nH]c4c(c23)CCCC4)CC1,NC1(C(=O)NC(CCO)c2ccc(Cl)cc2)CCN(c2ncnc3[nH]c4c(c23)CCCC4)CC1,7.946370672,0.935655141,Active,0.718309859,TRUE
O=C(NC(CO)Cc1ccc(F)cc1)c1cc(Br)c(-c2ccnc3[nH]ccc23)s1,O=C(NC(CO)Cc1ccc(F)cc1)c1cc(Br)c(-c2ccnc3[nH]ccc23)s1,8.52430753,0.935666943,Active,0.870967742,TRUE
CCNCCn1cc(-c2ccc(F)c(C(F)(F)F)c2)nc1C1CCN(c2ncnc(N)c2OC)CC1F,CCNCCn1cc(-c2ccc(F)c(C(F)(F)F)c2)nc1C1CCN(c2ncnc(N)c2OC)CC1F,8.486278792,0.935770655,Active,0.741176471,TRUE
CCc1c(N)ncnc1N1CCC(c2nc(-c3ccc(F)c(C#N)c3)cn2CCNC2CCCC2)CC1,CCc1c(N)ncnc1N1CCC(c2nc(-c3ccc(F)c(C#N)c3)cn2CCNC2CCCC2)CC1,8.353598597,0.936024868,Active,0.731707317,TRUE
CC(C)(C)NCCn1cc(-c2ccc(F)c(C(F)(F)F)c2)nc1C1CCN(c2ncnc(N)c2Cl)CC1,CC(C)(C)NCCn1cc(-c2ccc(F)c(C(F)(F)F)c2)nc1C1CCN(c2ncnc(N)c2Cl)CC1,8.467461063,0.936032557,Active,0.805194805,TRUE
Cc1cc(-c2cn(CCN3CCCC3)c(C3CCN(c4ncnc5[nH]cc(C)c45)C3)n2)ccc1F,Cc1cc(-c2cn(CCN3CCCC3)c(C3CCN(c4ncnc5[nH]cc(C)c45)C3)n2)ccc1F,8.106874148,0.936044717,Active,0.666666667,TRUE
Cc1cc2c(-c3sc(C(=O)NC(CCC(N)=O)c4ccccc4)cc3Br)ccnc2[nH]1,Cc1cc2c(-c3sc(C(=O)NC(CCC(N)=O)c4ccccc4)cc3Br)ccnc2[nH]1,7.773870316,0.936269009,Active,0.633802817,TRUE
CSCCC(NC(=O)C1(N)CCN(c2ncnc3[nH]ccc23)CC1)c1ccc(Cl)cc1,CSCCC(NC(=O)C1(N)CCN(c2ncnc3[nH]ccc23)CC1)c1ccc(Cl)cc1,8.211296202,0.936274493,Active,0.815384615,TRUE
N#Cc1cc(-c2cn(CCN3CCCC3)c(C3CCN(c4ncnc(N)c4F)CC3)n2)ccc1Cl,N#Cc1cc(-c2cn(CCN3CCCC3)c(C3CCN(c4ncnc(N)c4F)CC3)n2)ccc1Cl,8.065146461,0.936337018,Active,0.736842105,TRUE
COc1cc(-c2cn(CCN3CCCC3)c(C3CCN(c4ncnc(N)c4Cl)CC3)n2)ccc1F,COc1cc(-c2cn(CCN3CCCC3)c(C3CCN(c4ncnc(N)c4Cl)CC3)n2)ccc1F,8.544402418,0.936349416,Active,0.826086957,TRUE
CC(C)c1ccc(-c2cn(CCN(C)C)c(C3CCN(c4ncnc(N)c4Br)CC3)n2)cc1F,CC(C)c1ccc(-c2cn(CCN(C)C)c(C3CCN(c4ncnc(N)c4Br)CC3)n2)cc1F,8.269077856,0.936358476,Active,0.76,TRUE
N#Cc1cc(-c2cn(CCN3CCC3)c(C3CCN(c4ncnc(N)c4Br)CC3)n2)ccc1F,N#Cc1cc(-c2cn(CCN3CCC3)c(C3CCN(c4ncnc(N)c4Br)CC3)n2)ccc1F,8.879658497,0.936391914,Active,0.811594203,TRUE
NC1(c2ccc(-c3nc4n(c3-c3ccccc3)COc3ncncc3-4)cc2)CCC1,NC1(c2ccc(-c3nc4n(c3-c3ccccc3)COc3ncncc3-4)cc2)CCC1,7.848950091,0.936435843,Active,0.762711864,TRUE
Cc1[nH]nc2cnc(-c3cncc(OCC(N)Cc4cc(F)c(F)cc4F)c3)cc12,Cc1[nH]nc2cnc(-c3cncc(OCC(N)Cc4cc(F)c(F)cc4F)c3)cc12,7.756833107,0.936521673,Active,0.626865672,TRUE
CC(C)c1c(N)ncnc1N1CCC(c2nc(-c3ccc(C#N)cc3F)cn2CCN2CCCC2)CC1,CC(C)c1c(N)ncnc1N1CCC(c2nc(-c3ccc(C#N)cc3F)cn2CCN2CCCC2)CC1,7.856982637,0.936597311,Active,0.6375,TRUE
NC1(c2ccc(-c3nc4n(c3-c3ccncc3)COc3ccncc3-4)cc2)CCC1,NC1(c2ccc(-c3nc4n(c3-c3ccncc3)COc3ccncc3-4)cc2)CCC1,7.810736816,0.936690772,Active,0.888888889,TRUE
NC1(c2ccc(-c3nc4n(c3-c3ccccc3)COc3ccnc(F)c3-4)cc2)CC1,NC1(c2ccc(-c3nc4n(c3-c3ccccc3)COc3ccnc(F)c3-4)cc2)CC1,7.666420668,0.936776662,Active,0.716666667,TRUE
NC1(c2ccc(-c3nc4n(c3-c3ccncc3)COc3ncccc3-4)cc2)CCC1,NC1(c2ccc(-c3nc4n(c3-c3ccncc3)COc3ncccc3-4)cc2)CCC1,8.097663896,0.936777318,Active,0.872727273,TRUE
CC(C)N(C)CC(Cc1ccccc1F)NC(=O)c1cc(Br)c(-c2ccnc3[nH]ccc23)s1,CC(C)N(C)CC(Cc1ccccc1F)NC(=O)c1cc(Br)c(-c2ccnc3[nH]ccc23)s1,8.082942158,0.936813736,Active,0.8,TRUE
NC(=O)C(Cc1ccc(Cl)cc1)NC(=O)c1cc(Br)c(-c2ccnc3[nH]ccc23)s1,NC(=O)C(Cc1ccc(Cl)cc1)NC(=O)c1cc(Br)c(-c2ccnc3[nH]ccc23)s1,8.427146667,0.936868036,Active,0.657142857,TRUE
CCc1c(N)ncnc1N1CCC(c2nc(-c3ccc(C)c(F)c3)cn2CCN2CCCC2)CC1,CCc1c(N)ncnc1N1CCC(c2nc(-c3ccc(C)c(F)c3)cn2CCN2CCCC2)CC1,7.668664215,0.936868811,Active,0.882352941,TRUE
N#Cc1ccc2c(c1)-c1nc(-c3ccc(C4(N)CC4)cc3)c(-c3ccccc3)n1CO2,N#Cc1ccc2c(c1)-c1nc(-c3ccc(C4(N)CC4)cc3)c(-c3ccccc3)n1CO2,7.695786083,0.936922276,Active,0.80952381,TRUE
NC1(c2ccc(-c3nc4n(c3-c3ccccc3)COc3ccncc3-4)cc2)CCOCC1,NC1(c2ccc(-c3nc4n(c3-c3ccccc3)COc3ccncc3-4)cc2)CCOCC1,7.774756073,0.93698951,Active,0.859649123,TRUE
NC1(c2ccc(-c3nc4n(c3-c3ccccc3)COc3nc(C5CC5)ncc3-4)cc2)CC1,NC1(c2ccc(-c3nc4n(c3-c3ccccc3)COc3nc(C5CC5)ncc3-4)cc2)CC1,7.621313546,0.937058353,Active,0.640625,TRUE
NC1(C(=O)NC(c2ccc(Cl)c(Cl)c2)C2CCCCC2)CCN(c2ncnc3[nH]ccc23)CC1,NC1(C(=O)NC(c2ccc(Cl)c(Cl)c2)C2CCCCC2)CCN(c2ncnc3[nH]ccc23)CC1,8.053776296,0.937066102,Active,0.61971831,TRUE
NC1(c2ccc(-c3nc4n(c3-c3ccsc3)COc3c-4ccc(F)c3F)cc2)CCC1,NC1(c2ccc(-c3nc4n(c3-c3ccsc3)COc3c-4ccc(F)c3F)cc2)CCC1,7.748127491,0.937187874,Active,0.6875,TRUE
Cc1cc(Cl)ccc1CC(N)COc1cncc(-c2cc3c(C)[nH]nc3cn2)c1,Cc1cc(Cl)ccc1CC(N)COc1cncc(-c2cc3c(C)[nH]nc3cn2)c1,8.156290067,0.937193716,Active,0.632352941,TRUE
CCn1c(-c2nonc2N)nc2c(C#CC(C)(C)O)nc(OC)cc21,CCn1c(-c2nonc2N)nc2c(C#CC(C)(C)O)nc(OC)cc21,7.870972411,0.937240624,Active,0.803278689,TRUE
O=C(N1CCN(c2ncnc3[nH]nc(Br)c23)CC1)C1(c2ccccc2)CCNCC1,O=C(N1CCN(c2ncnc3[nH]nc(Br)c23)CC1)C1(c2ccccc2)CCNCC1,7.29955835,0.937256122,Active,0.859649123,TRUE
Cc1cc(-c2cn(CCNCC(C)C)c(C3CCN(c4ncnc(N)c4F)CC3)n2)ccc1F,Cc1cc(-c2cn(CCNCC(C)C)c(C3CCN(c4ncnc(N)c4F)CC3)n2)ccc1F,8.239379085,0.93727895,Active,0.826666667,TRUE
Cc1[nH]nc2cnc(-c3cncc(OCC(N)Cc4ccc(Br)cc4F)c3)cc12,Cc1[nH]nc2cnc(-c3cncc(OCC(N)Cc4ccc(Br)cc4F)c3)cc12,7.976570967,0.937489533,Active,0.666666667,TRUE
Cc1[nH]nc2cnc(-c3cncc(OCC(N)Cc4ccc(F)c(Cl)c4F)c3)cc12,Cc1[nH]nc2cnc(-c3cncc(OCC(N)Cc4ccc(F)c(Cl)c4F)c3)cc12,8.014575934,0.937539601,Active,0.661764706,TRUE
Nc1ncnc(N2CCC(c3nc(-c4ccc(F)c(Cl)c4)cn3CCN3CCC3)C(F)C2)c1Br,Nc1ncnc(N2CCC(c3nc(-c4ccc(F)c(Cl)c4)cn3CCN3CCC3)C(F)C2)c1Br,8.451497212,0.937752569,Active,0.77027027,TRUE
NC(=O)CCC(NC(=O)c1cc(Br)c(-c2ccnc3[nH]ccc23)s1)c1ccccc1,NC(=O)CCC(NC(=O)c1cc(Br)c(-c2ccnc3[nH]ccc23)s1)c1ccccc1,7.843276722,0.937843645,Active,0.838709677,TRUE
Cc1cc(F)cc(-c2cn(CCN3CCCC3)c(C3CCN(c4ncnc(N)c4Br)CC3)n2)c1,Cc1cc(F)cc(-c2cn(CCN3CCCC3)c(C3CCN(c4ncnc(N)c4Br)CC3)n2)c1,8.550339067,0.938008094,Active,0.782608696,TRUE
Cc1[nH]nc2cnc(-c3cncc(OCC(N)Cc4cc(C(F)(F)F)ccc4F)c3)cc12,Cc1[nH]nc2cnc(-c3cncc(OCC(N)Cc4cc(C(F)(F)F)ccc4F)c3)cc12,8.423013192,0.938275301,Active,0.676056338,TRUE
CCc1[nH]nc2ccc(-c3cncc(OCC(N)Cc4cccc(F)c4)c3)cc12,CCc1[nH]nc2ccc(-c3cncc(OCC(N)Cc4cccc(F)c4)c3)cc12,8.199217293,0.938285434,Active,0.746031746,TRUE
Cc1[nH]nc2cnc(-c3cncc(OCC(N)Cc4c(F)ccc(F)c4F)c3)cc12,Cc1[nH]nc2cnc(-c3cncc(OCC(N)Cc4c(F)ccc(F)c4F)c3)cc12,7.798445866,0.938606644,Active,0.6875,TRUE
Cc1[nH]nc2cnc(-c3cncc(OCC(N)Cc4ccc(F)c(Cl)c4)c3)cc12,Cc1[nH]nc2cnc(-c3cncc(OCC(N)Cc4ccc(F)c(Cl)c4)c3)cc12,8.29511166,0.938751364,Active,0.666666667,TRUE
N#Cc1cc(-c2cn(CCN3CCCC3)c(C3CCN(c4ncnc(N)c4Cl)CC3)n2)ccc1F,N#Cc1cc(-c2cn(CCN3CCCC3)c(C3CCN(c4ncnc(N)c4Cl)CC3)n2)ccc1F,8.527114368,0.938844526,Active,0.826086957,TRUE
Cc1cc(-c2cn(CCN(C)C(C)C)c(C3CCN(c4ncnc(N)c4F)CC3)n2)ccc1F,Cc1cc(-c2cn(CCN(C)C(C)C)c(C3CCN(c4ncnc(N)c4F)CC3)n2)ccc1F,8.167124822,0.938876891,Active,0.835616438,TRUE
CNc1ccc(CC(NC(=O)C2(N)CCN(c3ncnc4[nH]ccc34)CC2)c2ccc(Cl)cc2)nc1,CNc1ccc(CC(NC(=O)C2(N)CCN(c3ncnc4[nH]ccc34)CC2)c2ccc(Cl)cc2)nc1,7.923909573,0.939128184,Active,0.732394366,TRUE
N#Cc1cc(F)cc(-c2cn(CCN3CCCC3)c(C3CCN(c4ncnc(N)c4Br)CC3)n2)c1,N#Cc1cc(F)cc(-c2cn(CCN3CCCC3)c(C3CCN(c4ncnc(N)c4Br)CC3)n2)c1,8.492878501,0.939157033,Active,0.75,TRUE
Cc1[nH]nc2ccc(-c3cncc(OCC(N)Cc4cc(N)ccc4F)c3)cc12,Cc1[nH]nc2ccc(-c3cncc(OCC(N)Cc4cc(N)ccc4F)c3)cc12,7.659294502,0.939316535,Active,0.61971831,TRUE
CCCCNC(=O)C(Cc1ccccc1)NC(=O)c1cc(Br)c(-c2ccnc3[nH]ccc23)s1,CCCCNC(=O)C(Cc1ccccc1)NC(=O)c1cc(Br)c(-c2ccnc3[nH]ccc23)s1,8.111000545,0.939391696,Active,0.680555556,TRUE
O=C(Nc1csc(-c2nncn2C2CC2)n1)c1cnc(N2CC(F)C2)c(-n2cnc(C3CC3)c2)c1,O=C(Nc1csc(-c2nncn2C2CC2)n1)c1cnc(N2CC(F)C2)c(-n2cnc(C3CC3)c2)c1,8.275767394,0.939496481,Active,0.703703704,TRUE
Cc1[nH]nc2cnc(-c3cncc(OCC(N)Cc4ccccc4Cl)c3)cc12,Cc1[nH]nc2cnc(-c3cncc(OCC(N)Cc4ccccc4Cl)c3)cc12,7.998196445,0.939676666,Active,0.651515152,TRUE
Cc1cc(-c2cn(CCN(C(C)C)C(C)C)c(C3CCN(c4ncnc(N)c4Cl)CC3)n2)ccc1F,Cc1cc(-c2cn(CCN(C(C)C)C(C)C)c(C3CCN(c4ncnc(N)c4Cl)CC3)n2)ccc1F,8.183579319,0.939786279,Active,0.708860759,TRUE
NC1(C(=O)NC(CNC=O)c2ccc(Cl)cc2)CCN(c2ncnc3[nH]ccc23)CC1,NC1(C(=O)NC(CNC=O)c2ccc(Cl)cc2)CCN(c2ncnc3[nH]ccc23)CC1,7.762214485,0.939889991,Active,0.796875,TRUE
CCOc1cc(-c2cn(CCN3CCCC3)c(C3CCN(c4ncnc(N)c4Cl)CC3)n2)ccc1F,CCOc1cc(-c2cn(CCN3CCCC3)c(C3CCN(c4ncnc(N)c4Cl)CC3)n2)ccc1F,8.531237047,0.939945483,Active,0.814285714,TRUE
Cc1[nH]nc2cnc(-c3cncc(OCC(N)Cc4ccc(F)c(C(F)(F)F)c4)c3)cc12,Cc1[nH]nc2cnc(-c3cncc(OCC(N)Cc4ccc(F)c(C(F)(F)F)c4)c3)cc12,8.574187125,0.93997159,Active,0.676056338,TRUE
Cc1cc(-c2cn(CCN(C)C3CC3)c(C3CCN(c4ncnc(N)c4Cl)CC3)n2)ccc1F,Cc1cc(-c2cn(CCN(C)C3CC3)c(C3CCN(c4ncnc(N)c4Cl)CC3)n2)ccc1F,8.580457553,0.939975286,Active,0.710526316,TRUE
Cn1cc(-c2ccc3c(n2)-c2nc(-c4ccc(C5(N)CC(C)(O)C5)cc4)c(-c4ccccc4)n2CO3)cn1,Cn1cc(-c2ccc3c(n2)-c2nc(-c4ccc(C5(N)CC(C)(O)C5)cc4)c(-c4ccccc4)n2CO3)cn1,7.891109152,0.940018618,Active,0.742424242,TRUE
O=C(NC(Cc1ccccc1)C(=O)N1CCC1)c1cc(Br)c(-c2ccnc3[nH]ccc23)s1,O=C(NC(Cc1ccccc1)C(=O)N1CCC1)c1cc(Br)c(-c2ccnc3[nH]ccc23)s1,7.971449815,0.940075779,Active,0.710144928,TRUE
Cc1[nH]nc2cnc(-c3cncc(OCC(N)Cc4cccc(F)c4Cl)c3)cc12,Cc1[nH]nc2cnc(-c3cncc(OCC(N)Cc4cccc(F)c4Cl)c3)cc12,8.266748551,0.940084302,Active,0.676470588,TRUE
CC(C)N(C)CCn1cc(-c2ccc(F)c(F)c2)nc1C1CCN(c2ncnc(N)c2Cl)CC1,CC(C)N(C)CCn1cc(-c2ccc(F)c(F)c2)nc1C1CCN(c2ncnc(N)c2Cl)CC1,8.203059716,0.940109992,Active,0.736111111,TRUE
CCc1cncnc1N1CCC(c2nc(-c3ccc(F)c(C)c3)cn2CCNCC2CC2)CC1,CCc1cncnc1N1CCC(c2nc(-c3ccc(F)c(C)c3)cn2CCNCC2CC2)CC1,7.999923203,0.940243328,Active,0.721518987,TRUE
Cc1cc(-c2cn(CCNC(C)C)c(C3CCN(c4ncnc(N)c4OC(F)(F)F)CC3)n2)ccc1F,Cc1cc(-c2cn(CCNC(C)C)c(C3CCN(c4ncnc(N)c4OC(F)(F)F)CC3)n2)ccc1F,8.508582227,0.940296972,Active,0.75,TRUE
Cc1[nH]nc2cnc(-c3cncc(OCC(N)Cc4c(F)ccc(F)c4Cl)c3)cc12,Cc1[nH]nc2cnc(-c3cncc(OCC(N)Cc4c(F)ccc(F)c4Cl)c3)cc12,8.071602929,0.940350318,Active,0.656716418,TRUE
Cc1[nH]nc2cnc(-c3cncc(OCC(N)Cc4ccc(Cl)cc4F)c3)cc12,Cc1[nH]nc2cnc(-c3cncc(OCC(N)Cc4ccc(Cl)cc4F)c3)cc12,7.934015096,0.940456235,Active,0.637681159,TRUE
Cc1[nH]nc2cnc(-c3cncc(OCC(N)Cc4c(F)cccc4Cl)c3)cc12,Cc1[nH]nc2cnc(-c3cncc(OCC(N)Cc4c(F)cccc4Cl)c3)cc12,7.992624077,0.940537953,Active,0.696969697,TRUE
Cc1ccc(F)cc1C1CCNCC1NC(=O)c1ccc(-c2ccnn2C)s1,Cc1ccc(F)cc1C1CCNCC1NC(=O)c1ccc(-c2ccnn2C)s1,7.769714101,0.940616989,Active,0.75,TRUE
O=C(Nc1csc(-c2nncn2C2CC2)n1)c1cnc(N2CC(F)(F)C2)c(-n2cnc(C3CC3)c2)c1,O=C(Nc1csc(-c2nncn2C2CC2)n1)c1cnc(N2CC(F)(F)C2)c(-n2cnc(C3CC3)c2)c1,8.297721733,0.940677309,Active,0.772151899,TRUE
Cc1[nH]nc2ccc(-c3cncc(OCC(N)Cc4c(F)cc(F)cc4CN)c3)cc12,Cc1[nH]nc2ccc(-c3cncc(OCC(N)Cc4c(F)cc(F)cc4CN)c3)cc12,7.693088121,0.940739477,Active,0.671641791,TRUE
CC(CC(F)(F)F)n1cnnc1-c1nc(NC(=O)c2cc(-n3cnc(C4CC4)c3)c(N3CCCCC3)cn2)cs1,CC(CC(F)(F)F)n1cnnc1-c1nc(NC(=O)c2cc(-n3cnc(C4CC4)c3)c(N3CCCCC3)cn2)cs1,8.537924837,0.941015863,Active,0.733333333,TRUE
CC(c1ccc2c(c1)OCn1c-2nc(-c2ccc(C3(N)CC3)cc2)c1-c1ccccc1)N1CCN(C)CC1,CC(c1ccc2c(c1)OCn1c-2nc(-c2ccc(C3(N)CC3)cc2)c1-c1ccccc1)N1CCN(C)CC1,7.594248887,0.941018903,Active,0.602941176,TRUE
Cc1[nH]nc2cnc(-c3cncc(OCC(N)Cc4cccc(Cl)c4F)c3)cc12,Cc1[nH]nc2cnc(-c3cncc(OCC(N)Cc4cccc(Cl)c4F)c3)cc12,8.099275084,0.941141152,Active,0.676470588,TRUE
CC(n1cnnc1-c1nc(NC(=O)c2cc(-n3cnc(C4CC4)c3)c(N3CCC3)cn2)cs1)C(F)(F)F,CC(n1cnnc1-c1nc(NC(=O)c2cc(-n3cnc(C4CC4)c3)c(N3CCC3)cn2)cs1)C(F)(F)F,8.695852353,0.941177213,Active,0.87654321,TRUE
Cc1[nH]nc2cnc(-c3cncc(OCC(N)Cc4ccc(F)cc4F)c3)cc12,Cc1[nH]nc2cnc(-c3cncc(OCC(N)Cc4ccc(F)cc4F)c3)cc12,7.693422229,0.941414738,Active,0.681818182,TRUE
Cc1[nH]nc2ccc(-c3cncc(OCC(N)Cc4cc(F)c(F)c(F)c4)c3)cc12,Cc1[nH]nc2ccc(-c3cncc(OCC(N)Cc4cc(F)c(F)c(F)c4)c3)cc12,7.877780647,0.941443646,Active,0.646153846,TRUE
Cc1[nH]nc2ccc(-c3cncc(OCC(N)Cc4cc(C(F)(F)F)ccc4Cl)c3)cc12,Cc1[nH]nc2ccc(-c3cncc(OCC(N)Cc4cc(C(F)(F)F)ccc4Cl)c3)cc12,8.276887411,0.941608751,Active,0.652777778,TRUE
NC1(c2ccc(-c3nc4n(c3-c3ccsc3)COc3cccc(F)c3-4)cc2)CCC1,NC1(c2ccc(-c3nc4n(c3-c3ccsc3)COc3cccc(F)c3-4)cc2)CCC1,7.68585075,0.941678905,Active,0.8,TRUE
Cc1cc(-c2cn(CCNC(C)(C)C)c(C3CCN(c4ncnc(N)c4Cl)CC3)n2)ccc1F,Cc1cc(-c2cn(CCNC(C)(C)C)c(C3CCN(c4ncnc(N)c4Cl)CC3)n2)ccc1F,8.58500414,0.941683018,Active,0.75,TRUE
Cc1c(N)ncnc1N1CCC(c2nc(-c3ccc(F)c(Cl)c3)cn2CCN2CCCC2)CC1,Cc1c(N)ncnc1N1CCC(c2nc(-c3ccc(F)c(Cl)c3)cn2CCN2CCCC2)CC1,8.631456775,0.941790545,Active,0.828571429,TRUE
CCC1CN(c2ncnc3[nH]ccc23)CCN1C(=O)C1(c2ccc(Cl)cc2)CCNCC1,CCC1CN(c2ncnc3[nH]ccc23)CCN1C(=O)C1(c2ccc(Cl)cc2)CCNCC1,7.953864437,0.942025745,Active,0.701492537,TRUE
CCc1[nH]nc2ccc(-c3cncc(OCC(N)Cc4c(F)cccc4Cl)c3)cc12,CCc1[nH]nc2ccc(-c3cncc(OCC(N)Cc4c(F)cccc4Cl)c3)cc12,7.966680653,0.942056262,Active,0.656716418,TRUE
NC(=O)CC(Cc1ccccc1)NC(=O)c1cc(Br)c(-c2ccnc3[nH]ccc23)s1,NC(=O)CC(Cc1ccccc1)NC(=O)c1cc(Br)c(-c2ccnc3[nH]ccc23)s1,8.307338773,0.942209566,Active,0.838709677,TRUE
CCN(CC)CCn1cc(-c2ccc(F)c(C)c2)nc1C1CCN(c2ncnc(N)c2Cl)CC1,CCN(CC)CCn1cc(-c2ccc(F)c(C)c2)nc1C1CCN(c2ncnc(N)c2Cl)CC1,8.563920484,0.942238593,Active,0.830985915,TRUE
Cc1cc(-c2cn(CCNC3CCCC3)c(C3CCN(c4ncnc(N)c4Cl)CC3F)n2)ccc1F,Cc1cc(-c2cn(CCNC3CCCC3)c(C3CCN(c4ncnc(N)c4Cl)CC3F)n2)ccc1F,8.331574705,0.942257011,Active,0.772151899,TRUE
Cc1cc(-c2cn(CCN(C)C(C)C)c(C3CCN(c4ncnc(N)c4C)CC3)n2)ccc1F,Cc1cc(-c2cn(CCN(C)C(C)C)c(C3CCN(c4ncnc(N)c4C)CC3)n2)ccc1F,8.374241975,0.942275965,Active,0.835616438,TRUE
Cc1[nH]nc2cnc(-c3cncc(OCC(N)Cc4cc(F)cc(F)c4F)c3)cc12,Cc1[nH]nc2cnc(-c3cncc(OCC(N)Cc4cc(F)cc(F)c4F)c3)cc12,7.846150298,0.942309761,Active,0.632352941,TRUE
NC1(c2ccc(-c3nc4n(c3-c3ccccc3)COc3ccccc3-4)cn2)CCC1,NC1(c2ccc(-c3nc4n(c3-c3ccccc3)COc3ccccc3-4)cn2)CCC1,7.701190375,0.942347789,Active,0.75,TRUE
Cc1cc(-c2cn(CCN3CCC3)c(C3CCN(c4ncnc(N)c4C4CC4)CC3)n2)ccc1F,Cc1cc(-c2cn(CCN3CCC3)c(C3CCN(c4ncnc(N)c4C4CC4)CC3)n2)ccc1F,8.258009847,0.942369664,Active,0.826086957,TRUE
CCn1c(-c2nonc2N)nc2c(C#CC(C)(C)O)nc(OCC(=O)NC(C)(C)C)cc21,CCn1c(-c2nonc2N)nc2c(C#CC(C)(C)O)nc(OCC(=O)NC(C)(C)C)cc21,8.199902804,0.942418838,Active,0.739130435,TRUE
O=CC(Cc1ccccc1)NC(=O)c1cc(Br)c(-c2ccnc3[nH]ccc23)s1,O=CC(Cc1ccccc1)NC(=O)c1cc(Br)c(-c2ccnc3[nH]ccc23)s1,8.173478677,0.942590141,Active,0.765625,TRUE
NC(=O)C(Cc1ccc(F)cc1)NC(=O)c1cc(Br)c(-c2ccnc3[nH]ccc23)s1,NC(=O)C(Cc1ccc(F)cc1)NC(=O)c1cc(Br)c(-c2ccnc3[nH]ccc23)s1,8.494751157,0.942606413,Active,0.784615385,TRUE
Cc1cc(-c2cn(CCN3CCCC3)c(C3CCN(c4ncnc(N)c4C#N)CC3)n2)cc(F)c1OC(F)F,Cc1cc(-c2cn(CCN3CCCC3)c(C3CCN(c4ncnc(N)c4C#N)CC3)n2)cc(F)c1OC(F)F,8.226950985,0.942918384,Active,0.759493671,TRUE
Cc1[nH]nc2cnc(-c3cncc(OCC(N)Cc4cc(Cl)ccc4F)c3)cc12,Cc1[nH]nc2cnc(-c3cncc(OCC(N)Cc4cc(Cl)ccc4F)c3)cc12,7.983740642,0.942989314,Active,0.623188406,TRUE
Nc1ncnc(N2CCC(c3nc(-c4ccnc(C5CC5)c4)cn3CCN3CCC3)C(F)C2)c1Cl,Nc1ncnc(N2CCC(c3nc(-c4ccnc(C5CC5)c4)cn3CCN3CCC3)C(F)C2)c1Cl,8.238436271,0.943036819,Active,0.734177215,TRUE
Nc1ncnc(N2CCC(c3nc(-c4ccc(Cl)c(F)c4)cn3CCNCC3CC3)CC2)c1Br,Nc1ncnc(N2CCC(c3nc(-c4ccc(Cl)c(F)c4)cn3CCNCC3CC3)CC2)c1Br,8.033000074,0.943078244,Active,0.756756757,TRUE
O=C(Nc1csc(-c2nncn2C2CCNCC2)n1)c1cc(-n2cnc(C3CC3)c2)c(N2CCCC2)cn1,O=C(Nc1csc(-c2nncn2C2CCNCC2)n1)c1cc(-n2cnc(C3CC3)c2)c(N2CCCC2)cn1,8.551966137,0.943306112,Active,0.807692308,TRUE
N#Cc1ccc(-c2cn(CCN3CCCC3)c(C3CCN(c4ncnc(N)c4Br)CC3)n2)cc1F,N#Cc1ccc(-c2cn(CCN3CCCC3)c(C3CCN(c4ncnc(N)c4Br)CC3)n2)cc1F,8.299768531,0.943335497,Active,0.826086957,TRUE
Cc1[nH]nc2ccc(-c3cncc(OCC(N)Cc4cc(F)cc(F)c4)c3)cc12,Cc1[nH]nc2ccc(-c3cncc(OCC(N)Cc4cc(F)cc(F)c4)c3)cc12,7.882808676,0.943356538,Active,0.656716418,TRUE
NC(=O)c1ccc2c(c1)OCn1c-2nc(-c2ccc(C3(N)CC3)cc2)c1-c1ccccc1,NC(=O)c1ccc2c(c1)OCn1c-2nc(-c2ccc(C3(N)CC3)cc2)c1-c1ccccc1,7.942194611,0.94336983,Active,0.825396825,TRUE
CN(C)CCNC(=O)c1ccc2c(c1)-c1nc(-c3ccc(C4(N)CCC4)cc3)c(-c3ccccc3)n1CO2,CN(C)CCNC(=O)c1ccc2c(c1)-c1nc(-c3ccc(C4(N)CCC4)cc3)c(-c3ccccc3)n1CO2,7.83534877,0.943389559,Active,0.7125,TRUE
CC(C)c1c(N)ncnc1N1CCC(c2nc(-c3ccc(C#N)c(F)c3)cn2CCN2CCCC2)CC1,CC(C)c1c(N)ncnc1N1CCC(c2nc(-c3ccc(C#N)c(F)c3)cn2CCN2CCCC2)CC1,7.705073866,0.943658137,Active,0.714285714,TRUE
NC1(C(=O)NC(CC(=O)N2CCOCC2)c2ccc(Cl)cc2)CCN(c2ncnc3[nH]ccc23)CC1,NC1(C(=O)NC(CC(=O)N2CCOCC2)c2ccc(Cl)cc2)CCN(c2ncnc3[nH]ccc23)CC1,7.762620119,0.943658435,Active,0.791044776,TRUE
CNC(=O)C(Cc1ccccc1)NC(=O)c1cc(Br)c(-c2ccnc3[nH]ccc23)s1,CNC(=O)C(Cc1ccccc1)NC(=O)c1cc(Br)c(-c2ccnc3[nH]ccc23)s1,8.255581701,0.943792248,Active,0.76119403,TRUE
NC(=O)CC(NC(=O)C1(N)CCN(c2ncnc3[nH]ccc23)CC1)c1ccccc1Cl,NC(=O)CC(NC(=O)C1(N)CCN(c2ncnc3[nH]ccc23)CC1)c1ccccc1Cl,7.896228285,0.943986797,Active,0.753846154,TRUE
Cc1[nH]nc2cnc(-c3cncc(OCC(N)Cc4ccc(Cl)c(F)c4)c3)cc12,Cc1[nH]nc2cnc(-c3cncc(OCC(N)Cc4ccc(Cl)c(F)c4)c3)cc12,8.367603488,0.944101059,Active,0.666666667,TRUE
Cc1[nH]nc2cnc(-c3cncc(OCC(N)Cc4ccc(Br)c(F)c4F)c3)cc12,Cc1[nH]nc2cnc(-c3cncc(OCC(N)Cc4ccc(Br)c(F)c4F)c3)cc12,8.135221663,0.944169366,Active,0.647058824,TRUE
Cc1[nH]nc2ccc(-c3cncc(OCC(N)Cc4cccc(Br)c4F)c3)cc12,Cc1[nH]nc2ccc(-c3cncc(OCC(N)Cc4cccc(Br)c4F)c3)cc12,8.017957446,0.944364095,Active,0.656716418,TRUE
Cc1ncc(OCC(N)Cc2cccc(F)c2F)cc1-c1ccc2[nH]nc(C)c2c1,Cc1ncc(OCC(N)Cc2cccc(F)c2F)cc1-c1ccc2[nH]nc(C)c2c1,7.905608858,0.944476807,Active,0.803278689,TRUE
Cc1cc(-c2cn(CCNC(C)C)c(C3CCN(c4ncnc(N)c4OCCF)CC3)n2)ccc1F,Cc1cc(-c2cn(CCNC(C)C)c(C3CCN(c4ncnc(N)c4OCCF)CC3)n2)ccc1F,8.640106044,0.94466939,Active,0.75,TRUE
Cc1cc(-c2cn(CCNCC(C)C)c(C3CCN(c4ncnc(N)c4Cl)CC3)n2)ccc1F,Cc1cc(-c2cn(CCNCC(C)C)c(C3CCN(c4ncnc(N)c4Cl)CC3)n2)ccc1F,8.55355853,0.944675767,Active,0.805194805,TRUE
CNC(=O)c1ccc2c(c1)-c1nc(-c3ccc(C4(N)CCC(C)C4)cc3)c(-c3ccccc3)n1CO2,CNC(=O)c1ccc2c(c1)-c1nc(-c3ccc(C4(N)CCC(C)C4)cc3)c(-c3ccccc3)n1CO2,8.024551721,0.944779003,Active,0.756756757,TRUE
Cc1cc(-c2cn(CCNCC3CC3)c(C3CCN(c4ncnc(N)c4C)CC3)n2)ccc1F,Cc1cc(-c2cn(CCNCC3CC3)c(C3CCN(c4ncnc(N)c4C)CC3)n2)ccc1F,8.451664199,0.945072913,Active,0.824324324,TRUE
CC(n1cnnc1-c1nc(NC(=O)c2cc(-n3cnc(C4CC4)c3)c(N3CCC(F)(F)C3)cn2)cs1)C(F)(F)F,CC(n1cnnc1-c1nc(NC(=O)c2cc(-n3cnc(C4CC4)c3)c(N3CCC(F)(F)C3)cn2)cs1)C(F)(F)F,8.617951063,0.945114219,Active,0.825581395,TRUE
Cc1cc(-c2cn(CCN3CCCC3)c(C3CCN(c4ncnc(N)c4OC(F)F)CC3)n2)ccc1F,Cc1cc(-c2cn(CCN3CCCC3)c(C3CCN(c4ncnc(N)c4OC(F)F)CC3)n2)ccc1F,8.198761161,0.945163155,Active,0.888888889,TRUE
CC(C)n1cnnc1-c1nc(NC(=O)c2cc(-n3cnc(C4CC4)c3)c(N3CCC(CCCF)CC3)cn2)cs1,CC(C)n1cnnc1-c1nc(NC(=O)c2cc(-n3cnc(C4CC4)c3)c(N3CCC(CCCF)CC3)cn2)cs1,8.458891972,0.945285165,Active,0.739130435,TRUE
CC(CCO)n1cnnc1-c1nc(NC(=O)c2cc(-n3cnc(C4CC4)c3)c(N3CC4CC4C3)cn2)cs1,CC(CCO)n1cnnc1-c1nc(NC(=O)c2cc(-n3cnc(C4CC4)c3)c(N3CC4CC4C3)cn2)cs1,8.504410963,0.945401752,Active,0.80952381,TRUE
Cc1[nH]nc2ccc(-c3cncc(OCC(N)Cc4cc(F)c(F)cc4F)c3)cc12,Cc1[nH]nc2ccc(-c3cncc(OCC(N)Cc4cc(F)c(F)cc4F)c3)cc12,7.756575033,0.945550764,Active,0.636363636,TRUE
Cc1[nH]nc2cnc(-c3cncc(OCC(N)Cc4ccc(Cl)c(Cl)c4)c3)cc12,Cc1[nH]nc2cnc(-c3cncc(OCC(N)Cc4ccc(Cl)c(Cl)c4)c3)cc12,8.409447333,0.945645535,Active,0.651515152,TRUE
Cc1[nH]nc2ccc(-c3cncc(OCC(N)Cc4c(F)ccc(F)c4F)c3)cc12,Cc1[nH]nc2ccc(-c3cncc(OCC(N)Cc4c(F)ccc(F)c4F)c3)cc12,7.784803504,0.945740485,Active,0.65625,TRUE
Cc1[nH]nc2ccc(-c3cncc(OCC(N)Cc4c(Cl)ccc(F)c4Cl)c3)cc12,Cc1[nH]nc2ccc(-c3cncc(OCC(N)Cc4c(Cl)ccc(F)c4Cl)c3)cc12,8.25694482,0.94575932,Active,0.605633803,TRUE
COc1c(N)ncnc1N1CCC(c2nc(-c3ccc(F)c(C)c3)cn2CCNC(C)C)CC1,COc1c(N)ncnc1N1CCC(c2nc(-c3ccc(F)c(C)c3)cn2CCNC(C)C)CC1,8.62760522,0.945832276,Active,0.779220779,TRUE
CCOc1cc(-c2cn(CCN3CCCC3)c(C3CCN(c4ncnc(N)c4Br)CC3)n2)ccc1F,CCOc1cc(-c2cn(CCN3CCCC3)c(C3CCN(c4ncnc(N)c4Br)CC3)n2)ccc1F,8.74195931,0.945903504,Active,0.814285714,TRUE
Cc1cc(-c2cn(CCNCC3CC3)c(C3CCN(c4ncnc(N)c4Br)CC3)n2)ccc1F,Cc1cc(-c2cn(CCNCC3CC3)c(C3CCN(c4ncnc(N)c4Br)CC3)n2)ccc1F,9.02337087,0.946065688,Active,0.802631579,TRUE
N#Cc1c(N)ncnc1N1CCC(c2nc(-c3ccc(F)c(Cl)c3)cn2CCNCC2CC2)CC1,N#Cc1c(N)ncnc1N1CCC(c2nc(-c3ccc(F)c(Cl)c3)cn2CCNCC2CC2)CC1,8.722337396,0.946091497,Active,0.842105263,TRUE
Cc1[nH]nc2cnc(-c3cncc(OCC(N)Cc4ccc(F)c(F)c4Cl)c3)cc12,Cc1[nH]nc2cnc(-c3cncc(OCC(N)Cc4ccc(F)c(F)c4Cl)c3)cc12,8.243691147,0.946118617,Active,0.661764706,TRUE
Cc1[nH]nc2cnc(-c3cncc(OCC(N)Cc4ccc(F)c(F)c4)c3)cc12,Cc1[nH]nc2cnc(-c3cncc(OCC(N)Cc4ccc(F)c(F)c4)c3)cc12,8.133080879,0.94659152,Active,0.681818182,TRUE
COc1c(N)ncnc1N1CCC(c2nc(-c3ccc(F)c(C)c3)cn2CCNC(C)C)C(F)C1,COc1c(N)ncnc1N1CCC(c2nc(-c3ccc(F)c(C)c3)cn2CCNC(C)C)C(F)C1,8.368864888,0.946642065,Active,0.82278481,TRUE
Cc1cc(-c2cn(CCN(C)C)c(C3CCN(c4ncnc(N)c4Br)CC3F)n2)ccc1F,Cc1cc(-c2cn(CCN(C)C)c(C3CCN(c4ncnc(N)c4Br)CC3F)n2)ccc1F,8.490169723,0.946668768,Active,0.837837838,TRUE
Cc1[nH]nc2ccc(-c3cncc(OCC(N)Cc4c(F)cc(F)cc4Cl)c3)cc12,Cc1[nH]nc2ccc(-c3cncc(OCC(N)Cc4c(F)cc(F)cc4Cl)c3)cc12,7.709344163,0.946692193,Active,0.681818182,TRUE
NC1(c2ccc(-c3nc4n(c3-c3ccccn3)COc3ccccc3-4)cc2)CCC1,NC1(c2ccc(-c3nc4n(c3-c3ccccn3)COc3ccccc3-4)cc2)CCC1,7.666822158,0.947368765,Active,0.767857143,TRUE
CNC(=O)C(Cc1c[nH]c2ccccc12)NC(=O)c1cc(Br)c(-c2ccnc3[nH]ccc23)s1,CNC(=O)C(Cc1c[nH]c2ccccc12)NC(=O)c1cc(Br)c(-c2ccnc3[nH]ccc23)s1,8.356933455,0.947396123,Active,0.61038961,TRUE
O=C(NC(CO)Cc1ccccc1)c1cc(Br)c(-c2ccnc3[nH]ccc23)s1,O=C(NC(CO)Cc1ccccc1)c1cc(Br)c(-c2ccnc3[nH]ccc23)s1,8.329424845,0.947433734,Active,0.866666667,TRUE
Cc1cc(-c2cn(CCN(C)C(C)C)c(C3CCN(c4ncnc(N)c4Cl)CC3)n2)ccc1F,Cc1cc(-c2cn(CCN(C)C(C)C)c(C3CCN(c4ncnc(N)c4Cl)CC3)n2)ccc1F,8.592897402,0.947603965,Active,0.813333333,TRUE
COc1c(N)ncnc1N1CCC(c2nc(-c3ccc(F)c(C)c3)cn2CCNC2CCCC2)CC1,COc1c(N)ncnc1N1CCC(c2nc(-c3ccc(F)c(C)c3)cn2CCNC2CCCC2)CC1,8.539111001,0.947638237,Active,0.782051282,TRUE
CCn1c(-c2nonc2N)nc2c(C#CC(C)(C)O)nc(OCCOC)cc21,CCn1c(-c2nonc2N)nc2c(C#CC(C)(C)O)nc(OCCOC)cc21,7.751076388,0.947657251,Active,0.85483871,TRUE
CC(C)n1cnnc1-c1nc(NC(=O)c2cc(-n3cnc(C4CC4)c3)c(N3CCN4CCCC4C3)cn2)cs1,CC(C)n1cnnc1-c1nc(NC(=O)c2cc(-n3cnc(C4CC4)c3)c(N3CCN4CCCC4C3)cn2)cs1,8.507549631,0.947688127,Active,0.872093023,TRUE
Cc1cc(-c2cn(CCNCC(C)C)c(C3CCN(c4ncnc(N)c4C)CC3)n2)ccc1F,Cc1cc(-c2cn(CCNCC(C)C)c(C3CCN(c4ncnc(N)c4C)CC3)n2)ccc1F,8.54003627,0.948141539,Active,0.826666667,TRUE
Cc1cc(F)cc(-c2cn(CCN3CCCC3)c(C3CCN(c4ncnc(N)c4C#N)CC3)n2)c1,Cc1cc(F)cc(-c2cn(CCN3CCCC3)c(C3CCN(c4ncnc(N)c4C#N)CC3)n2)c1,7.928542285,0.948155546,Active,0.791666667,TRUE
Cc1[nH]nc2ccc(-c3cncc(OCC(N)Cc4c(F)ccc(F)c4Cl)c3)cc12,Cc1[nH]nc2ccc(-c3cncc(OCC(N)Cc4c(F)ccc(F)c4Cl)c3)cc12,8.002486357,0.94835403,Active,0.626865672,TRUE
NC(=O)c1ccc2c(c1)-c1nc(-c3ccc(C4(N)CC(F)(F)C4)cc3)c(-c3ccccc3)n1CO2,NC(=O)c1ccc2c(c1)-c1nc(-c3ccc(C4(N)CC(F)(F)C4)cc3)c(-c3ccccc3)n1CO2,7.994924723,0.948562109,Active,0.830769231,TRUE
CCC1(O)CCC(N)(c2ccc(-c3nc4n(c3-c3ccccc3)COc3cc(C(=O)N(C)C)ccc3-4)cc2)C1,CCC1(O)CCC(N)(c2ccc(-c3nc4n(c3-c3ccccc3)COc3cc(C(=O)N(C)C)ccc3-4)cc2)C1,7.85804692,0.948618019,Active,0.783783784,TRUE
Cc1[nH]nc2cnc(-c3cncc(OCC(N)Cc4cc(F)ccc4F)c3)cc12,Cc1[nH]nc2cnc(-c3cncc(OCC(N)Cc4cc(F)ccc4F)c3)cc12,7.974086584,0.948621893,Active,0.671641791,TRUE
Cc1[nH]nc2ccc(-c3cncc(OCC(N)Cc4ccc(F)c(Br)c4)c3)cc12,Cc1[nH]nc2ccc(-c3cncc(OCC(N)Cc4ccc(F)c(Br)c4)c3)cc12,8.440712353,0.948646986,Active,0.676470588,TRUE
NC1(c2ccc(-c3nc4n(c3-c3ccccc3)COc3cccnc3-4)cc2F)CCC1,NC1(c2ccc(-c3nc4n(c3-c3ccccc3)COc3cccnc3-4)cc2F)CCC1,7.573116548,0.948757732,Active,0.737704918,TRUE
Cc1[nH]nc2cnc(-c3cncc(OCC(N)Cc4ccc(F)cc4Cl)c3)cc12,Cc1[nH]nc2cnc(-c3cncc(OCC(N)Cc4ccc(F)cc4Cl)c3)cc12,8.073545336,0.948828542,Active,0.661764706,TRUE
Cc1[nH]nc2cnc(-c3cncc(OCC(N)Cc4ccc(Br)c(F)c4)c3)cc12,Cc1[nH]nc2cnc(-c3cncc(OCC(N)Cc4ccc(Br)c(F)c4)c3)cc12,8.456836467,0.948918664,Active,0.666666667,TRUE
NCC(Cc1ccsc1)NC(=O)c1cc(Br)c(-c2ccnc3[nH]ccc23)s1,NCC(Cc1ccsc1)NC(=O)c1cc(Br)c(-c2ccnc3[nH]ccc23)s1,8.666560579,0.94896313,Active,0.796875,TRUE
CNC(=O)SCCC(NC(=O)C1(N)CCN(c2ncnc3[nH]ccc23)CC1)c1ccc(Cl)cc1,CNC(=O)SCCC(NC(=O)C1(N)CCN(c2ncnc3[nH]ccc23)CC1)c1ccc(Cl)cc1,8.053587214,0.949277782,Active,0.785714286,TRUE
CCn1c(-c2nonc2N)nc2c(C#CC(C)(C)O)nc(OCC(C)NC)cc21,CCn1c(-c2nonc2N)nc2c(C#CC(C)(C)O)nc(OCC(C)NC)cc21,7.974346975,0.949317002,Active,0.833333333,TRUE
CC1CCC(N)(c2ccc(-c3nc4n(c3-c3ccccc3)COc3ccc(C(N)=O)cc3-4)cc2)C1,CC1CCC(N)(c2ccc(-c3nc4n(c3-c3ccccc3)COc3ccc(C(N)=O)cc3-4)cc2)C1,8.105574553,0.949399436,Active,0.746478873,TRUE
NC(=O)c1ccc2c(c1)-c1nc(-c3ccc(C4(N)CCC(N)C4)cc3)c(-c3ccccc3)n1CO2,NC(=O)c1ccc2c(c1)-c1nc(-c3ccc(C4(N)CCC(N)C4)cc3)c(-c3ccccc3)n1CO2,8.209379934,0.949417198,Active,0.732394366,TRUE
COc1c(N)ncnc1N1CCC(c2nc(-c3ccc(F)c(C)c3)cn2CCNCC2CC2)CC1,COc1c(N)ncnc1N1CCC(c2nc(-c3ccc(F)c(C)c3)cn2CCNCC2CC2)CC1,8.542829166,0.949546838,Active,0.782051282,TRUE
O=C(Nc1csc(-c2nncn2C2CC2)n1)c1cc(-n2cnc(C3CC3)c2)c(N2CCC(O)C2)cn1,O=C(Nc1csc(-c2nncn2C2CC2)n1)c1cc(-n2cnc(C3CC3)c2)c(N2CCC(O)C2)cn1,8.564109467,0.949617589,Active,0.842105263,TRUE
Cc1[nH]nc2ccc(-c3cncc(OCC(N)Cc4cccc(F)c4Cl)c3)cc12,Cc1[nH]nc2ccc(-c3cncc(OCC(N)Cc4cccc(F)c4Cl)c3)cc12,8.256879117,0.949650848,Active,0.661764706,TRUE
CCn1c(-c2nonc2N)nc2c(C#CC(C)(C)O)nc(OC(C)CNC)cc21,CCn1c(-c2nonc2N)nc2c(C#CC(C)(C)O)nc(OC(C)CNC)cc21,8.01945414,0.949769759,Active,0.768115942,TRUE
NC(=O)C(Cc1ccccc1)NC(=O)c1cc(Br)c(-c2ccnc3[nH]ccc23)s1,NC(=O)C(Cc1ccccc1)NC(=O)c1cc(Br)c(-c2ccnc3[nH]ccc23)s1,8.368338699,0.950042391,Active,0.777777778,TRUE
CCOc1c(N)ncnc1N1CCC(c2nc(-c3ccc(F)c(C)c3)cn2CCNC(C)C)C(F)C1,CCOc1c(N)ncnc1N1CCC(c2nc(-c3ccc(F)c(C)c3)cn2CCNC(C)C)C(F)C1,8.418798342,0.950282478,Active,0.8125,TRUE
CC(n1cnnc1-c1nc(NC(=O)c2cc(-n3cnc(C4CC4)c3)c(N3CCC(F)C3)cn2)cs1)C(F)(F)F,CC(n1cnnc1-c1nc(NC(=O)c2cc(-n3cnc(C4CC4)c3)c(N3CCC(F)C3)cn2)cs1)C(F)(F)F,8.674234286,0.950289214,Active,0.853658537,TRUE
CCc1c(N)ncnc1N1CCC(c2nc(-c3ccc(F)c(C)c3)cn2CCNC(C)C)CC1,CCc1c(N)ncnc1N1CCC(c2nc(-c3ccc(F)c(C)c3)cn2CCNC(C)C)CC1,8.371524047,0.950380051,Active,0.794520548,TRUE
Cc1cc(-c2cn(CCNC(C)C)c(C3CCN(c4ncnc(N)c4Br)CC3)n2)ccc1F,Cc1cc(-c2cn(CCNC(C)C)c(C3CCN(c4ncnc(N)c4Br)CC3)n2)ccc1F,8.971469362,0.950385535,Active,0.8,TRUE
Cc1cc(-c2cn(CCN3CCCC3)c(C3CCN(c4ncnc(N)c4Cl)CC3F)n2)ccc1F,Cc1cc(-c2cn(CCN3CCCC3)c(C3CCN(c4ncnc(N)c4Cl)CC3F)n2)ccc1F,8.426815258,0.950709546,Active,0.813333333,TRUE
Cc1[nH]nc2ccc(-c3cncc(OCC(N)Cc4cc(F)cc(F)c4F)c3)cc12,Cc1[nH]nc2ccc(-c3cncc(OCC(N)Cc4cc(F)cc(F)c4F)c3)cc12,7.860238146,0.950847054,Active,0.641791045,TRUE
COc1ccc2c(c1)OCn1c-2nc(-c2ccc(C3(N)CC(C)(O)C3)cc2)c1-c1ccoc1,COc1ccc2c(c1)OCn1c-2nc(-c2ccc(C3(N)CC(C)(O)C3)cc2)c1-c1ccoc1,8.117809691,0.950857484,Active,0.805970149,TRUE
Cc1cc(-c2cn(CCNC(C)C)c(C3CCN(c4ncnc(N)c4Cl)CC3F)n2)ccc1F,Cc1cc(-c2cn(CCNC(C)C)c(C3CCN(c4ncnc(N)c4Cl)CC3F)n2)ccc1F,8.349698843,0.950925314,Active,0.844155844,TRUE
NC(CNC(=O)c1cc(Br)c(-c2ccnc3[nH]ccc23)s1)Cc1ccc(F)cc1,NC(CNC(=O)c1cc(Br)c(-c2ccnc3[nH]ccc23)s1)Cc1ccc(F)cc1,8.624103073,0.951003158,Active,0.746268657,TRUE
Cc1[nH]nc2ccc(-c3cncc(OCC(N)Cc4cc(F)cc(Br)c4)c3)cc12,Cc1[nH]nc2ccc(-c3cncc(OCC(N)Cc4cc(F)cc(Br)c4)c3)cc12,8.376230734,0.951112235,Active,0.611111111,TRUE
Cc1[nH]nc2ccc(-c3cncc(OCC(N)Cc4c(Cl)cccc4Cl)c3)cc12,Cc1[nH]nc2ccc(-c3cncc(OCC(N)Cc4c(Cl)cccc4Cl)c3)cc12,7.954727667,0.951118672,Active,0.626865672,TRUE
CC1(O)CC(N)(c2ccc(-c3nc4n(c3-c3ccsc3)COc3cc(C(=O)NCCO)ncc3-4)cc2)C1,CC1(O)CC(N)(c2ccc(-c3nc4n(c3-c3ccsc3)COc3cc(C(=O)NCCO)ncc3-4)cc2)C1,8.313188161,0.95113095,Active,0.666666667,TRUE
NC(=O)CCC(Cc1ccccc1)NC(=O)c1cc(Br)c(-c2ccnc3[nH]ccc23)s1,NC(=O)CCC(Cc1ccccc1)NC(=O)c1cc(Br)c(-c2ccnc3[nH]ccc23)s1,8.265073812,0.951187634,Active,0.8125,TRUE
Cc1cc(-c2cn(CCN3CCC3)c(C3CCN(c4ncnc(N)c4Br)CC3F)n2)ccc1F,Cc1cc(-c2cn(CCN3CCC3)c(C3CCN(c4ncnc(N)c4Br)CC3F)n2)ccc1F,8.779896458,0.951626325,Active,0.815789474,TRUE
CNCCn1cc(-c2ccc(F)c(C)c2)nc1C1CCN(c2ncnc(N)c2OC(C)C)CC1,CNCCn1cc(-c2ccc(F)c(C)c2)nc1C1CCN(c2ncnc(N)c2OC(C)C)CC1,8.619002247,0.951629961,Active,0.813333333,TRUE
CC1(O)CC(N)(c2ccc(-c3nc4n(c3-c3ccoc3)COc3ccc(F)cc3-4)cc2)C1,CC1(O)CC(N)(c2ccc(-c3nc4n(c3-c3ccoc3)COc3ccc(F)cc3-4)cc2)C1,8.117550737,0.951742077,Active,0.8,TRUE
CC1CC(N)(c2ccc(-c3nc4n(c3-c3ccccc3)COc3ccc(C(N)=O)cc3-4)cc2)CS1,CC1CC(N)(c2ccc(-c3nc4n(c3-c3ccccc3)COc3ccc(C(N)=O)cc3-4)cc2)CS1,8.048908764,0.951787317,Active,0.736111111,TRUE
NC(=O)c1cc(F)c2c(c1)-c1nc(-c3ccc(C4(N)CC(F)(F)C4)cc3)c(-c3ccccc3)n1CO2,NC(=O)c1cc(F)c2c(c1)-c1nc(-c3ccc(C4(N)CC(F)(F)C4)cc3)c(-c3ccccc3)n1CO2,7.955955175,0.95186522,Active,0.657534247,TRUE
Cc1ccc(F)c(F)c1CC(N)COc1cncc(-c2ccc3[nH]nc(C)c3c2)c1,Cc1ccc(F)c(F)c1CC(N)COc1cncc(-c2ccc3[nH]nc(C)c3c2)c1,7.955041698,0.951920235,Active,0.8,TRUE
O=C(N1CCN(c2ncnc3[nH]cc(Cl)c23)CC1)C1(c2ccc(Cl)cc2Cl)CCNCC1,O=C(N1CCN(c2ncnc3[nH]cc(Cl)c23)CC1)C1(c2ccc(Cl)cc2Cl)CCNCC1,8.500725901,0.952044392,Active,0.786885246,TRUE
O=C(N1CCN(c2ncnc3[nH]cc(Cl)c23)CC1)C1(c2ccccc2)CCNCC1,O=C(N1CCN(c2ncnc3[nH]cc(Cl)c23)CC1)C1(c2ccccc2)CCNCC1,8.13511622,0.952110016,Active,0.859649123,TRUE
NC(CNC(=O)c1cc(Br)c(-c2ccnc3[nH]ccc23)s1)c1cccc(Cl)c1,NC(CNC(=O)c1cc(Br)c(-c2ccnc3[nH]ccc23)s1)c1cccc(Cl)c1,8.114389774,0.952113652,Active,0.825396825,TRUE
NC1(c2ccc(-c3nc4n(c3-c3ccccc3)COc3c(F)ccc(F)c3-4)cc2)CCC1,NC1(c2ccc(-c3nc4n(c3-c3ccccc3)COc3c(F)ccc(F)c3-4)cc2)CCC1,7.732261243,0.95238235,Active,0.775862069,TRUE
CC1CCC(N)(c2ccc(-c3nc4n(c3-c3ccccc3)COc3cc(C(N)=O)ccc3-4)cc2)C1,CC1CCC(N)(c2ccc(-c3nc4n(c3-c3ccccc3)COc3cc(C(N)=O)ccc3-4)cc2)C1,8.055829333,0.952454472,Active,0.757142857,TRUE
O=C(N1CCN(c2ncnc3[nH]ccc23)CC1)C1(c2cccc(Cl)c2)CCNCC1,O=C(N1CCN(c2ncnc3[nH]ccc23)CC1)C1(c2cccc(Cl)c2)CCNCC1,7.843557029,0.952496254,Active,0.8,TRUE
CC1(O)CC(N)(c2ccc(-c3nc4n(c3-c3ccoc3)COc3ccccc3-4)cc2)C1,CC1(O)CC(N)(c2ccc(-c3nc4n(c3-c3ccoc3)COc3ccccc3-4)cc2)C1,8.1200915,0.952597225,Active,0.813559322,TRUE
Cc1[nH]nc2ccc(-c3cncc(OCC(N)Cc4cc(Cl)ccc4F)c3)cc12,Cc1[nH]nc2ccc(-c3cncc(OCC(N)Cc4cc(Cl)ccc4F)c3)cc12,7.973939976,0.952657664,Active,0.61971831,TRUE
CC1(O)CC(N)(c2ccc(-c3nc4n(c3-c3cccnc3)COc3ccc(C(N)=O)cc3-4)cc2)C1,CC1(O)CC(N)(c2ccc(-c3nc4n(c3-c3cccnc3)COc3ccc(C(N)=O)cc3-4)cc2)C1,8.503631829,0.952702665,Active,0.838235294,TRUE
OCC1(c2ccc(-c3nc4n(c3-c3ccccc3)COc3cnccc3-4)cc2)CC(O)C1,OCC1(c2ccc(-c3nc4n(c3-c3ccccc3)COc3cnccc3-4)cc2)CC(O)C1,7.926127278,0.953415298,Active,0.661538462,TRUE
Cc1cc(-c2cn(CCNCC(C)C)c(C3CCN(c4ncnc(N)c4Br)CC3)n2)ccc1F,Cc1cc(-c2cn(CCNCC(C)C)c(C3CCN(c4ncnc(N)c4Br)CC3)n2)ccc1F,9.006461674,0.953508937,Active,0.805194805,TRUE
CCNC(=O)c1ccc2c(c1)OCn1c-2nc(-c2ccc(C3(N)CC(C)CC(C)C3)cc2)c1-c1ccccc1,CCNC(=O)c1ccc2c(c1)OCn1c-2nc(-c2ccc(C3(N)CC(C)CC(C)C3)cc2)c1-c1ccccc1,7.84925601,0.953637743,Active,0.705128205,TRUE
Cc1cc(-c2cn(CCNC(C)(C)C)c(C3CCN(c4ncnc(N)c4C#N)CC3)n2)ccc1F,Cc1cc(-c2cn(CCNC(C)(C)C)c(C3CCN(c4ncnc(N)c4C#N)CC3)n2)ccc1F,8.674190599,0.953718328,Active,0.849315068,TRUE
NC(CNC(=O)c1cc(Br)c(-c2ccnc3[nH]ccc23)s1)Cc1ccccc1,NC(CNC(=O)c1cc(Br)c(-c2ccnc3[nH]ccc23)s1)Cc1ccccc1,8.243077377,0.953790748,Active,0.777777778,TRUE
CNC(=O)c1ccc2c(c1)OCn1c-2nc(-c2ccc(C3(N)CCC3)cc2)c1-c1ccccc1,CNC(=O)c1ccc2c(c1)OCn1c-2nc(-c2ccc(C3(N)CCC3)cc2)c1-c1ccccc1,7.948986731,0.953894043,Active,0.823529412,TRUE
Cc1[nH]nc2ccc(-c3cncc(OCC(N)Cc4cccc(Cl)c4F)c3)cc12,Cc1[nH]nc2ccc(-c3cncc(OCC(N)Cc4cccc(Cl)c4F)c3)cc12,8.029727627,0.953928852,Active,0.661764706,TRUE
O=C(Nc1csc(-c2nncn2C2CC2)n1)c1cc(-n2cnc(C3CC3)c2)c(N2CCNCC2)cn1,O=C(Nc1csc(-c2nncn2C2CC2)n1)c1cc(-n2cnc(C3CC3)c2)c(N2CCNCC2)cn1,8.561008175,0.95406791,Active,0.853333333,TRUE
Cc1cccc2c1OCn1c-2nc(-c2ccc(C3(N)CCC3)cc2)c1-c1ccncc1,Cc1cccc2c1OCn1c-2nc(-c2ccc(C3(N)CCC3)cc2)c1-c1ccncc1,7.546447904,0.954141045,Active,0.745762712,TRUE
Cc1[nH]nc2ccc(-c3cncc(OCC(N)Cc4c(F)cccc4Cl)c3)cc12,Cc1[nH]nc2ccc(-c3cncc(OCC(N)Cc4c(F)cccc4Cl)c3)cc12,7.913223582,0.954217517,Active,0.681818182,TRUE
Cc1cc(-c2cn(CCN(C)C(C)C)c(C3CCN(c4ncnc(N)c4Br)CC3)n2)ccc1F,Cc1cc(-c2cn(CCN(C)C(C)C)c(C3CCN(c4ncnc(N)c4Br)CC3)n2)ccc1F,9.093769788,0.954409444,Active,0.813333333,TRUE
CCOc1cc2c(nc(-c3nonc3N)n2CC)c(C#CC(C)(C)O)n1,CCOc1cc2c(nc(-c3nonc3N)n2CC)c(C#CC(C)(C)O)n1,7.983047467,0.954491222,Active,0.86440678,TRUE
CN1CCN(c2cnc(C(=O)Nc3csc(-c4nncn4C4CC4)n3)cc2-n2cnc(C3CC3)c2)CC1,CN1CCN(c2cnc(C(=O)Nc3csc(-c4nncn4C4CC4)n3)cc2-n2cnc(C3CC3)c2)CC1,8.52958789,0.954610908,Active,0.853333333,TRUE
CC(n1cnnc1-c1nc(NC(=O)c2cc(-n3cnc(C4CC4)c3)c(N3CC(N4CCCCC4)C3)cn2)cs1)C(F)(F)F,CC(n1cnnc1-c1nc(NC(=O)c2cc(-n3cnc(C4CC4)c3)c(N3CC(N4CCCCC4)C3)cn2)cs1)C(F)(F)F,8.713341363,0.954716766,Active,0.885057471,TRUE
O=C(Nc1csc(-c2nncn2C2CCCC2)n1)c1cnc(N2CCC3(CCCO3)CC2)c(-n2cnc(C3CC3)c2)c1,O=C(Nc1csc(-c2nncn2C2CCCC2)n1)c1cnc(N2CCC3(CCCO3)CC2)c(-n2cnc(C3CC3)c2)c1,8.22160225,0.954985166,Active,0.604166667,TRUE
NC(=O)NCC(NC(=O)c1cc(Br)c(-c2ccnc3[nH]ccc23)s1)c1ccccc1,NC(=O)NCC(NC(=O)c1cc(Br)c(-c2ccnc3[nH]ccc23)s1)c1ccccc1,8.094802976,0.955028975,Active,0.825396825,TRUE
Cc1[nH]nc2ccc(-c3cncc(OCC(N)Cc4ccc(F)c(F)c4)c3)cc12,Cc1[nH]nc2ccc(-c3cncc(OCC(N)Cc4ccc(F)c(F)c4)c3)cc12,8.249949134,0.955298448,Active,0.676923077,TRUE
NC1(c2ccc(-c3nc4n(c3-c3ccccc3)COc3cc(F)c(F)cc3-4)cc2)CCC1,NC1(c2ccc(-c3nc4n(c3-c3ccccc3)COc3cc(F)c(F)cc3-4)cc2)CCC1,7.784533275,0.955405498,Active,0.767857143,TRUE
Cc1[nH]nc2ccc(-c3cncc(OCC(N)Cc4ccc(Cl)cc4Cl)c3)cc12,Cc1[nH]nc2ccc(-c3cncc(OCC(N)Cc4ccc(Cl)cc4Cl)c3)cc12,8.101850173,0.955444181,Active,0.626865672,TRUE
O=C(Nc1csc(-c2nncn2C2CC2)n1)c1cc(-n2cnc(C3CC3)c2)c(N2CCC2)cn1,O=C(Nc1csc(-c2nncn2C2CC2)n1)c1cc(-n2cnc(C3CC3)c2)c(N2CCC2)cn1,8.547022908,0.955498242,Active,0.888888889,TRUE
Cc1[nH]nc2ccc(-c3cncc(OCC(N)Cc4ccc(Cl)cc4F)c3)cc12,Cc1[nH]nc2ccc(-c3cncc(OCC(N)Cc4ccc(Cl)cc4F)c3)cc12,7.956612756,0.955529416,Active,0.647058824,TRUE
Cc1[nH]nc2ccc(-c3cncc(OCC(N)Cc4cc(F)ccc4F)c3)cc12,Cc1[nH]nc2ccc(-c3cncc(OCC(N)Cc4cc(F)ccc4F)c3)cc12,7.976290186,0.955562377,Active,0.666666667,TRUE
CNCC(NC(=O)C1(N)CCN(c2ncnc3[nH]ccc23)CC1)c1ccc(Cl)c(Cl)c1,CNCC(NC(=O)C1(N)CCN(c2ncnc3[nH]ccc23)CC1)c1ccc(Cl)c(Cl)c1,7.979704275,0.955591166,Active,0.704225352,TRUE
Cc1[nH]nc2ccc(-c3cncc(OCC(N)Cc4cc(F)cc(Cl)c4)c3)cc12,Cc1[nH]nc2ccc(-c3cncc(OCC(N)Cc4cc(F)cc(Cl)c4)c3)cc12,8.231864666,0.956119442,Active,0.676923077,TRUE
Cc1cc(-c2cn(CCNCC(C)C)c(C3CCN(c4ncnc(N)c4C(C)C)CC3)n2)ccc1F,Cc1cc(-c2cn(CCNCC(C)C)c(C3CCN(c4ncnc(N)c4C(C)C)CC3)n2)ccc1F,8.391229246,0.956154013,Active,0.805194805,TRUE
Cc1c(F)cccc1CC(N)COc1cncc(-c2ccc3[nH]nc(C)c3c2)c1,Cc1c(F)cccc1CC(N)COc1cncc(-c2ccc3[nH]nc(C)c3c2)c1,8.234025251,0.956159616,Active,0.881355932,TRUE
NC1(c2ccc(-c3nc4n(c3-c3ccccc3)COc3ccc(F)cc3-4)cc2)CCC1,NC1(c2ccc(-c3nc4n(c3-c3ccccc3)COc3ccc(F)cc3-4)cc2)CCC1,7.846951731,0.956168497,Active,0.785714286,TRUE
NC1(c2ccc(-c3nc4n(c3-c3ccncc3)COc3cccc(F)c3-4)cc2)CCC1,NC1(c2ccc(-c3nc4n(c3-c3ccncc3)COc3cccc(F)c3-4)cc2)CCC1,7.610829354,0.95623126,Active,0.859649123,TRUE
NCC(=O)NCC(NC(=O)c1cc(Br)c(-c2ccnc3[nH]ccc23)s1)c1ccccc1,NCC(=O)NCC(NC(=O)c1cc(Br)c(-c2ccnc3[nH]ccc23)s1)c1ccccc1,8.092948331,0.956353033,Active,0.80952381,TRUE
N#Cc1ccc2c(c1)OCn1c-2nc(-c2ccc(C3(N)CCC3)cc2)c1-c1ccccc1,N#Cc1ccc2c(c1)OCn1c-2nc(-c2ccc(C3(N)CCC3)cc2)c1-c1ccccc1,7.791844065,0.956516945,Active,0.784615385,TRUE
CCOc1c(N)ncnc1N1CCC(c2nc(-c3ccc(F)c(C)c3)cn2CCNC(C)C)CC1,CCOc1c(N)ncnc1N1CCC(c2nc(-c3ccc(F)c(C)c3)cn2CCNC(C)C)CC1,8.774296186,0.956634963,Active,0.831168831,TRUE
Cc1ccc2c(c1)OCn1c-2nc(-c2ccc(C3(N)CCC3)cc2)c1-c1ccccc1,Cc1ccc2c(c1)OCn1c-2nc(-c2ccc(C3(N)CCC3)cc2)c1-c1ccccc1,7.705443197,0.956945622,Active,0.8,TRUE
CC1(O)CC(N)(c2ccc(-c3nc4n(c3-c3ccccc3)COc3nc(C(N)=O)ncc3-4)cc2)C1,CC1(O)CC(N)(c2ccc(-c3nc4n(c3-c3ccccc3)COc3nc(C(N)=O)ncc3-4)cc2)C1,8.168935398,0.957337642,Active,0.731343284,TRUE
NC1(c2ccc(-c3nc4n(c3-c3ccsc3)COc3cnccc3-4)cc2)CC(O)(C2CC2)C1,NC1(c2ccc(-c3nc4n(c3-c3ccsc3)COc3cnccc3-4)cc2)CC(O)(C2CC2)C1,8.211104595,0.957480037,Active,0.704225352,TRUE
Cc1cc(CC(N)COc2cncc(-c3ccc4[nH]nc(C)c4c3)c2)c(Cl)cc1Cl,Cc1cc(CC(N)COc2cncc(-c3ccc4[nH]nc(C)c4c3)c2)c(Cl)cc1Cl,8.17450712,0.957806253,Active,0.786885246,TRUE
Cc1cc(-c2cn(CCNCC3CC3)c(C3CCN(c4ncnc(N)c4Cl)CC3F)n2)ccc1F,Cc1cc(-c2cn(CCNCC3CC3)c(C3CCN(c4ncnc(N)c4Cl)CC3F)n2)ccc1F,8.412230362,0.957932556,Active,0.772151899,TRUE
CC1CC(F)(F)CC(N)(c2ccc(-c3nc4n(c3-c3ccccc3)COc3ccc(C(N)=O)cc3-4)cc2)C1,CC1CC(F)(F)CC(N)(c2ccc(-c3nc4n(c3-c3ccccc3)COc3ccc(C(N)=O)cc3-4)cc2)C1,8.003944958,0.958483124,Active,0.739726027,TRUE
CNC(=O)c1c(F)c(F)c(F)c2c1-c1nc(-c3ccc(C4(N)CC(C)(O)C4)cc3)c(-c3ccccc3)n1CO2,CNC(=O)c1c(F)c(F)c(F)c2c1-c1nc(-c3ccc(C4(N)CC(C)(O)C4)cc3)c(-c3ccccc3)n1CO2,8.065503157,0.958658183,Active,0.671052632,TRUE
CC1(O)CC(N)(c2ccc(-c3nc4n(c3-c3ccsc3)COc3cccnc3-4)cc2)C1,CC1(O)CC(N)(c2ccc(-c3nc4n(c3-c3ccsc3)COc3cccnc3-4)cc2)C1,7.924589144,0.958953285,Active,0.806451613,TRUE
Cc1nc(N)c2c(n1)OCn1c-2nc(-c2ccc(C3(N)CC(C)(O)C3)cc2)c1-c1ccccc1,Cc1nc(N)c2c(n1)OCn1c-2nc(-c2ccc(C3(N)CC(C)(O)C3)cc2)c1-c1ccccc1,8.085129085,0.958999181,Active,0.703125,TRUE
NC(=O)c1ccc2c(c1)-c1nc(-c3ccc(C4(N)CCC4)cc3)c(-c3ccccc3)n1CO2,NC(=O)c1ccc2c(c1)-c1nc(-c3ccc(C4(N)CCC4)cc3)c(-c3ccccc3)n1CO2,8.07642484,0.959067428,Active,0.8,TRUE
Cc1[nH]nc2ccc(-c3cncc(OCC(N)Cc4ccc(F)cc4Cl)c3)cc12,Cc1[nH]nc2ccc(-c3cncc(OCC(N)Cc4ccc(F)cc4Cl)c3)cc12,8.097043178,0.960703516,Active,0.656716418,TRUE
CCCOc1c(N)ncnc1N1CCC(c2nc(-c3ccc(F)c(C)c3)cn2CCNC(C)C)CC1,CCCOc1c(N)ncnc1N1CCC(c2nc(-c3ccc(F)c(C)c3)cn2CCNC(C)C)CC1,8.813337968,0.961143994,Active,0.75,TRUE
CC1(O)CC(N)(c2ccc(-c3nc4n(c3-c3ccsc3)COc3ccncc3-4)cc2)C1,CC1(O)CC(N)(c2ccc(-c3nc4n(c3-c3ccsc3)COc3ccncc3-4)cc2)C1,8.111944099,0.961308026,Active,0.796875,TRUE
CNC(=O)c1cc2c(cn1)-c1nc(-c3ccc(C4(N)CC(C)(O)C4)cc3)c(-c3ccccc3)n1CO2,CNC(=O)c1cc2c(cn1)-c1nc(-c3ccc(C4(N)CC(C)(O)C4)cc3)c(-c3ccccc3)n1CO2,8.439833186,0.961309338,Active,0.777777778,TRUE
CCc1c(N)ncnc1N1CCC(c2nc(-c3ccc(F)c(C)c3)cn2CCNCC2CC2)CC1,CCc1c(N)ncnc1N1CCC(c2nc(-c3ccc(F)c(C)c3)cn2CCNCC2CC2)CC1,8.495621738,0.961392546,Active,0.792207792,TRUE
O=C(N1CCN(c2ncnc3[nH]ccc23)CC1)C1(c2ccc(Cl)c(Cl)c2)CCNCC1,O=C(N1CCN(c2ncnc3[nH]ccc23)CC1)C1(c2ccc(Cl)c(Cl)c2)CCNCC1,8.206019346,0.962587738,Active,0.813559322,TRUE
CC1CC(C)(F)CC(N)(c2ccc(-c3nc4n(c3-c3ccccc3)COc3ccc(C(N)=O)cc3-4)cc2)C1,CC1CC(C)(F)CC(N)(c2ccc(-c3nc4n(c3-c3ccccc3)COc3ccc(C(N)=O)cc3-4)cc2)C1,8.088895659,0.96262517,Active,0.753424658,TRUE
CC1(O)CC(N)(c2ccc(-c3nc4n(c3-c3ccsc3)COc3ccc(C(N)=O)cc3-4)cc2)C1,CC1(O)CC(N)(c2ccc(-c3nc4n(c3-c3ccsc3)COc3ccc(C(N)=O)cc3-4)cc2)C1,8.553345275,0.962651813,Active,0.808823529,TRUE
COC(=O)c1ccc2c(c1)-c1nc(-c3ccc(C4(N)CC(C)(O)C4)cc3)c(-c3ccccc3)n1CO2,COC(=O)c1ccc2c(c1)-c1nc(-c3ccc(C4(N)CC(C)(O)C4)cc3)c(-c3ccccc3)n1CO2,8.432488535,0.96275624,Active,0.835820896,TRUE
COc1cccc2c1-c1nc(-c3ccc(C4(N)CCC4)cc3)c(-c3ccccc3)n1CO2,COc1cccc2c1-c1nc(-c3ccc(C4(N)CCC4)cc3)c(-c3ccccc3)n1CO2,7.77053046,0.962826097,Active,0.754098361,TRUE
O=C(Nc1csc(-c2nncn2C2CC2)n1)c1cc(-n2cnc(C3CC3)c2)c(N2CC(CO)C2)cn1,O=C(Nc1csc(-c2nncn2C2CC2)n1)c1cc(-n2cnc(C3CC3)c2)c(N2CC(CO)C2)cn1,8.646415135,0.963078582,Active,0.820512821,TRUE
Nc1ccc2c(c1)OCn1c-2nc(-c2ccc(C3(N)CCC3)cc2)c1-c1ccccc1,Nc1ccc2c(c1)OCn1c-2nc(-c2ccc(C3(N)CCC3)cc2)c1-c1ccccc1,7.844206098,0.963777983,Active,0.8,TRUE
NC1(C(=O)NC(CCN2CCOCC2)c2ccc(Cl)c(Cl)c2)CCN(c2ncnc3[nH]ccc23)CC1,NC1(C(=O)NC(CCN2CCOCC2)c2ccc(Cl)c(Cl)c2)CCN(c2ncnc3[nH]ccc23)CC1,8.117602051,0.963947022,Active,0.845070423,TRUE
NC1(c2ccc(-c3nc4n(c3-c3ccccc3)COc3cccc(O)c3-4)cc2)CCC1,NC1(c2ccc(-c3nc4n(c3-c3ccccc3)COc3cccc(O)c3-4)cc2)CCC1,7.845444497,0.963952744,Active,0.793103448,TRUE
CC1(O)CC(N)(c2ccc(-c3nc4n(c3-c3ccncc3)COc3cc(C(N)=O)ccc3-4)cc2)C1,CC1(O)CC(N)(c2ccc(-c3nc4n(c3-c3ccncc3)COc3cc(C(N)=O)ccc3-4)cc2)C1,8.535176733,0.964018011,Active,0.861538462,TRUE
CC1(O)CC(N)(c2ccc(-c3nc4n(c3-c3ccncc3)COc3cccnc3-4)cc2)C1,CC1(O)CC(N)(c2ccc(-c3nc4n(c3-c3ccncc3)COc3cccnc3-4)cc2)C1,7.903744581,0.964417362,Active,0.879310345,TRUE
NC(=O)c1ccc2c(c1)OCn1c-2nc(-c2ccc(C3(N)CCC3)cc2)c1-c1ccccc1,NC(=O)c1ccc2c(c1)OCn1c-2nc(-c2ccc(C3(N)CCC3)cc2)c1-c1ccccc1,8.070579942,0.965029979,Active,0.8,TRUE
CC1(O)CN(c2cnc(C(=O)Nc3csc(-c4nncn4C4CC4)n3)cc2-n2cnc(C3CC3)c2)C1,CC1(O)CN(c2cnc(C(=O)Nc3csc(-c4nncn4C4CC4)n3)cc2-n2cnc(C3CC3)c2)C1,8.630997153,0.96508553,Active,0.858974359,TRUE
CC1(O)CC(N)(c2ccc(-c3nc4n(c3-c3ccsc3)COc3cc(F)ccc3-4)cc2)C1,CC1(O)CC(N)(c2ccc(-c3nc4n(c3-c3ccsc3)COc3cc(F)ccc3-4)cc2)C1,8.129871002,0.965098584,Active,0.8,TRUE
CCCNC(=O)c1ccc2c(c1)-c1nc(-c3ccc(C4(N)CC(C)(O)C4)cc3)c(-c3cccnc3)n1CO2,CCCNC(=O)c1ccc2c(c1)-c1nc(-c3ccc(C4(N)CC(C)(O)C4)cc3)c(-c3cccnc3)n1CO2,8.463503407,0.965402567,Active,0.7625,TRUE
CC1(O)CC(N)(c2ccc(-c3nc4n(c3-c3ccccc3)COc3nc(Cl)ncc3-4)cc2)C1,CC1(O)CC(N)(c2ccc(-c3nc4n(c3-c3ccccc3)COc3nc(Cl)ncc3-4)cc2)C1,8.289055843,0.965783083,Active,0.738461538,TRUE
CC1(O)CC(N)(c2ccc(-c3nc4n(c3-c3ccsc3)COc3ccc(F)cc3-4)cc2)C1,CC1(O)CC(N)(c2ccc(-c3nc4n(c3-c3ccsc3)COc3ccc(F)cc3-4)cc2)C1,8.161588725,0.965816283,Active,0.8,TRUE
O=C(Nc1csc(-c2nncn2C2CC2)n1)c1cc(-n2cnc(C3CC3)c2)c(N2CCC3(CC2)CC3)cn1,O=C(Nc1csc(-c2nncn2C2CC2)n1)c1cc(-n2cnc(C3CC3)c2)c(N2CCC3(CC2)CC3)cn1,8.527770597,0.965995872,Active,0.853333333,TRUE
CC(C)(C)NCCNc1ccc(-c2cnc(F)c(F)c2)nc1C1CCN(c2ncnc3c2C(C)(C)C(=O)N3)CC1,CC(C)(C)NCCNc1ccc(-c2cnc(F)c(F)c2)nc1C1CCN(c2ncnc3c2C(C)(C)C(=O)N3)CC1,9.500495076,0.966092968,Active,0.825,TRUE
CC1(O)CC(N)(c2ccc(-c3nc4n(c3-c3ccsc3)COc3c(F)cccc3-4)cc2)C1,CC1(O)CC(N)(c2ccc(-c3nc4n(c3-c3ccsc3)COc3c(F)cccc3-4)cc2)C1,8.106346728,0.966103697,Active,0.776119403,TRUE
CNC(=O)c1cc(Cl)c2c(c1)OCn1c-2nc(-c2ccc(C3(N)CC(C)(O)C3)cc2)c1-c1ccccc1,CNC(=O)c1cc(Cl)c2c(c1)OCn1c-2nc(-c2ccc(C3(N)CC(C)(O)C3)cc2)c1-c1ccccc1,8.310959515,0.966227257,Active,0.777777778,TRUE
NC1(c2ccc(-c3nc4n(c3-c3ccsc3)COc3ccccc3-4)cc2)CC(O)(C2CC2)C1,NC1(c2ccc(-c3nc4n(c3-c3ccsc3)COc3ccccc3-4)cc2)CC(O)(C2CC2)C1,8.123258317,0.966341102,Active,0.822580645,TRUE
CCNC(=O)c1cc(Cl)c2c(c1)OCn1c-2nc(-c2ccc(C3(N)CC(C)(O)C3)cc2)c1-c1ccccc1,CCNC(=O)c1cc(Cl)c2c(c1)OCn1c-2nc(-c2ccc(C3(N)CC(C)(O)C3)cc2)c1-c1ccccc1,8.291519076,0.966478252,Active,0.763157895,TRUE
CN(C)CCN(C)C(=O)c1ccc2c(c1)OCn1c-2nc(-c2ccc(C3(N)CC(C)(O)C3)cc2)c1-c1ccccc1,CN(C)CCN(C)C(=O)c1ccc2c(c1)OCn1c-2nc(-c2ccc(C3(N)CC(C)(O)C3)cc2)c1-c1ccccc1,8.086460571,0.966572607,Active,0.833333333,TRUE
CC(n1cnnc1-c1nc(NC(=O)c2cc(-n3cnc(C4CC4)c3)c(N3CCC4(C)CC3C4)cn2)cs1)C(F)(F)F,CC(n1cnnc1-c1nc(NC(=O)c2cc(-n3cnc(C4CC4)c3)c(N3CCC4(C)CC3C4)cn2)cs1)C(F)(F)F,8.590870299,0.966730022,Active,0.758241758,TRUE
CCN1CCC(NC(=O)c2ccc3c(c2)-c2nc(-c4ccc(C5(N)CC(C)(O)C5)cc4)c(-c4ccccc4)n2CO3)CC1,CCN1CCC(NC(=O)c2ccc3c(c2)-c2nc(-c4ccc(C5(N)CC(C)(O)C5)cc4)c(-c4ccccc4)n2CO3)CC1,8.357936731,0.96700176,Active,0.7625,TRUE
CC1(O)CC(N)(c2ccc(-c3nc4n(c3-c3ccsc3)COc3ccccc3-4)cc2)C1,CC1(O)CC(N)(c2ccc(-c3nc4n(c3-c3ccsc3)COc3ccccc3-4)cc2)C1,8.133891598,0.967415774,Active,0.813559322,TRUE
O=C(Nc1csc(-c2nncn2C2CC2)n1)c1cc(-n2cnc(C3CC3)c2)c(N2CCCC(O)C2)cn1,O=C(Nc1csc(-c2nncn2C2CC2)n1)c1cc(-n2cnc(C3CC3)c2)c(N2CCCC(O)C2)cn1,8.603205684,0.967882299,Active,0.827160494,TRUE
CC1(O)CC(N)(c2ccc(-c3nc4n(c3-c3ccccc3)COc3cc(C(=O)N5CCOCC5)ccc3-4)cc2)C1,CC1(O)CC(N)(c2ccc(-c3nc4n(c3-c3ccccc3)COc3cc(C(=O)N5CCOCC5)ccc3-4)cc2)C1,8.223331929,0.968099141,Active,0.788732394,TRUE
CC1(O)CC(N)(c2ccc(-c3nc4n(c3-c3ccccc3)COc3ccc(C(=O)NCC(F)(F)F)cc3-4)cc2)C1,CC1(O)CC(N)(c2ccc(-c3nc4n(c3-c3ccccc3)COc3ccc(C(=O)NCC(F)(F)F)cc3-4)cc2)C1,8.524727191,0.968208277,Active,0.837837838,TRUE
CC1(Cn2cncn2)CCN(c2cnc(C(=O)Nc3csc(-c4nncn4C4CC4)n3)cc2-n2cnc(C3CC3)c2)CC1,CC1(Cn2cncn2)CCN(c2cnc(C(=O)Nc3csc(-c4nncn4C4CC4)n3)cc2-n2cnc(C3CC3)c2)CC1,8.434773326,0.968449914,Active,0.755555556,TRUE
NC1(c2ccc(-c3nc4n(c3-c3cccc(C(F)(F)F)c3)COc3ccc(Cl)cc3-4)cc2)CC(O)(C2CC2)C1,NC1(c2ccc(-c3nc4n(c3-c3cccc(C(F)(F)F)c3)COc3ccc(Cl)cc3-4)cc2)CC(O)(C2CC2)C1,8.072576486,0.96852299,Active,0.657534247,TRUE
CC1CN(c2cnc(C(=O)Nc3csc(-c4nncn4C4CC4)n3)cc2-n2cnc(C3CC3)c2)C1,CC1CN(c2cnc(C(=O)Nc3csc(-c4nncn4C4CC4)n3)cc2-n2cnc(C3CC3)c2)C1,8.610982343,0.968682432,Active,0.842105263,TRUE
CNC(=O)c1ccc2c(c1)-c1nc(-c3ccc(C4(N)CC(C)(F)C4)cc3)c(-c3ccccc3)n1CO2,CNC(=O)c1ccc2c(c1)-c1nc(-c3ccc(C4(N)CC(C)(F)C4)cc3)c(-c3ccccc3)n1CO2,8.248009748,0.969799066,Active,0.867647059,TRUE
CC1(O)CC(N)(c2ccc(-c3nc4n(c3-c3ccccc3)COc3ccc(C(=O)N5CCOCC5)cc3-4)cc2)C1,CC1(O)CC(N)(c2ccc(-c3nc4n(c3-c3ccccc3)COc3ccc(C(=O)N5CCOCC5)cc3-4)cc2)C1,8.292922671,0.969893777,Active,0.788732394,TRUE
Cc1ccc2c(c1F)-c1nc(-c3ccc(C4(N)CC(C)(O)C4)cc3)c(-c3ccccc3)n1CO2,Cc1ccc2c(c1F)-c1nc(-c3ccc(C4(N)CC(C)(O)C4)cc3)c(-c3ccccc3)n1CO2,8.097802155,0.970356309,Active,0.793650794,TRUE
COCCNC(=O)c1ccc2c(c1)-c1nc(-c3ccc(C4(N)CC(C)(O)C4)cc3)c(-c3ccccc3)n1CO2,COCCNC(=O)c1ccc2c(c1)-c1nc(-c3ccc(C4(N)CC(C)(O)C4)cc3)c(-c3ccccc3)n1CO2,8.591922878,0.970377409,Active,0.864864865,TRUE
CC1(O)CC(N)(c2ccc(-c3nc4n(c3-c3ccccc3)COc3cc(C#N)cc(F)c3-4)cc2)C1,CC1(O)CC(N)(c2ccc(-c3nc4n(c3-c3ccccc3)COc3cc(C#N)cc(F)c3-4)cc2)C1,8.10157846,0.970445895,Active,0.757142857,TRUE
CN(C)CCNC(=O)c1ccc2c(c1)-c1nc(-c3ccc(C4(N)CC(C)(O)C4)cc3)c(-c3ccccc3)n1CO2,CN(C)CCNC(=O)c1ccc2c(c1)-c1nc(-c3ccc(C4(N)CC(C)(O)C4)cc3)c(-c3ccccc3)n1CO2,8.45099099,0.970468426,Active,0.853333333,TRUE
Cc1ncc2c(n1)OCn1c-2nc(-c2ccc(C3(N)CC(C)(O)C3)cc2)c1-c1ccccc1,Cc1ncc2c(n1)OCn1c-2nc(-c2ccc(C3(N)CC(C)(O)C3)cc2)c1-c1ccccc1,8.160051659,0.970763588,Active,0.761904762,TRUE
NC1(c2ccc(-c3nc4n(c3-c3ccccc3)COc3ccc(F)cc3-4)cc2)CC(O)C1,NC1(c2ccc(-c3nc4n(c3-c3ccccc3)COc3ccc(F)cc3-4)cc2)CC(O)C1,8.123490617,0.971029842,Active,0.765625,TRUE
Cc1cc(-c2cn(CCNCC3CC3)c(C3CCN(c4ncnc(N)c4OC(C)C)CC3)n2)ccc1F,Cc1cc(-c2cn(CCNCC3CC3)c(C3CCN(c4ncnc(N)c4OC(C)C)CC3)n2)ccc1F,8.60272477,0.971274757,Active,0.772151899,TRUE
CC1(O)CC(N)(c2ccc(-c3nc4n(c3-c3ccccc3)COc3ccc(C(=O)NC(C)(C)C)cc3-4)cc2)C1,CC1(O)CC(N)(c2ccc(-c3nc4n(c3-c3ccccc3)COc3ccc(C(=O)NC(C)(C)C)cc3-4)cc2)C1,8.529892103,0.971801364,Active,0.842857143,TRUE
CC1(O)CC(N)(c2ccc(-c3nc4n(c3-c3ccncc3)COc3cc(F)ccc3-4)cc2)C1,CC1(O)CC(N)(c2ccc(-c3nc4n(c3-c3ccncc3)COc3cc(F)ccc3-4)cc2)C1,8.122450006,0.972130382,Active,0.85483871,TRUE
COc1ccc2c(c1)-c1nc(-c3ccc(C4(N)CC(O)C4)cc3)c(-c3ccccc3)n1CO2,COc1ccc2c(c1)-c1nc(-c3ccc(C4(N)CC(O)C4)cc3)c(-c3ccccc3)n1CO2,8.23243792,0.972269082,Active,0.787878788,TRUE
CC1(O)CC(N)(c2ccc(-c3nc4n(c3-c3ccccc3)COc3ccc(Br)nc3-4)cc2)C1,CC1(O)CC(N)(c2ccc(-c3nc4n(c3-c3ccccc3)COc3ccc(Br)nc3-4)cc2)C1,7.958382184,0.972274268,Active,0.830508475,TRUE
CC1(O)CC(N)(c2ccc(-c3nc4n(c3-c3ccccc3)COc3ccc(C#N)c(O)c3-4)cc2)C1,CC1(O)CC(N)(c2ccc(-c3nc4n(c3-c3ccccc3)COc3ccc(C#N)c(O)c3-4)cc2)C1,8.302531336,0.972409332,Active,0.704225352,TRUE
NC1(c2ccc(-c3nc4n(c3-c3ccccc3)COc3cc([N+](=O)[O-])ccc3-4)cc2)CC(O)(C2CC2)C1,NC1(c2ccc(-c3nc4n(c3-c3ccccc3)COc3cc([N+](=O)[O-])ccc3-4)cc2)CC(O)(C2CC2)C1,8.369174414,0.972415113,Active,0.76119403,TRUE
CC1(O)CC(N)(c2ccc(-c3nc4n(c3-c3ccncc3)COc3cc(C#N)ccc3-4)cc2)C1,CC1(O)CC(N)(c2ccc(-c3nc4n(c3-c3ccncc3)COc3cc(C#N)ccc3-4)cc2)C1,8.135546516,0.972490752,Active,0.861538462,TRUE
CC1(O)CC(N)(c2ccc(-c3nc4n(c3-c3ccccc3)COc3ccc(C(=O)NC5CCCNC5)cc3-4)cc2)C1,CC1(O)CC(N)(c2ccc(-c3nc4n(c3-c3ccccc3)COc3ccc(C(=O)NC5CCCNC5)cc3-4)cc2)C1,8.44351084,0.972532117,Active,0.7375,TRUE
CC1(O)CC(N)(c2ccc(-c3nc4n(c3-c3ccccc3)COc3ccc(Cl)nc3-4)cc2)C1,CC1(O)CC(N)(c2ccc(-c3nc4n(c3-c3ccccc3)COc3ccc(Cl)nc3-4)cc2)C1,7.960655651,0.972659373,Active,0.830508475,TRUE
O=C(Nc1csc(-c2nncn2C2CC2)n1)c1cc(-n2cnc(C3CC3)c2)c(N2CCC3(CCCO3)CC2)cn1,O=C(Nc1csc(-c2nncn2C2CC2)n1)c1cc(-n2cnc(C3CC3)c2)c(N2CCC3(CCCO3)CC2)cn1,8.250692575,0.973910415,Active,0.780487805,TRUE
CC(C)NC(=O)c1ccc2c(c1)-c1nc(-c3ccc(C4(N)CC(C)(O)C4)cc3)c(-c3ccccc3)n1CO2,CC(C)NC(=O)c1ccc2c(c1)-c1nc(-c3ccc(C4(N)CC(C)(O)C4)cc3)c(-c3ccccc3)n1CO2,8.54430744,0.974026108,Active,0.842857143,TRUE
CC1(O)CC(N)(c2ccc(-c3nc4n(c3-c3ccccc3)COc3cccc(Cl)c3-4)cc2)C1,CC1(O)CC(N)(c2ccc(-c3nc4n(c3-c3ccccc3)COc3cccc(Cl)c3-4)cc2)C1,8.069176777,0.975444698,Active,0.819672131,TRUE
CC1(O)CC(N)(c2ccc(-c3nc4n(c3-c3ccccc3)COc3cc(CC(N)=O)ccc3-4)cc2)C1,CC1(O)CC(N)(c2ccc(-c3nc4n(c3-c3ccccc3)COc3cc(CC(N)=O)ccc3-4)cc2)C1,8.489777245,0.975843751,Active,0.820895522,TRUE
CCNC(=O)c1ccc2c(c1)OCn1c-2nc(-c2ccc(C3(N)CC(C)(O)C3)cc2)c1-c1ccccc1,CCNC(=O)c1ccc2c(c1)OCn1c-2nc(-c2ccc(C3(N)CC(C)(O)C3)cc2)c1-c1ccccc1,8.519009439,0.975892389,Active,0.885714286,TRUE
CC1(O)CC(N)(c2ccc(-c3nc4n(c3-c3ccccc3)COc3ccc(C(=O)NCCN5CCCC5)cc3-4)cc2)C1,CC1(O)CC(N)(c2ccc(-c3nc4n(c3-c3ccccc3)COc3ccc(C(=O)NCCN5CCCC5)cc3-4)cc2)C1,8.400709946,0.976068401,Active,0.831168831,TRUE
COc1cccc2c1-c1nc(-c3ccc(C4(N)CC(O)(C5CC5)C4)cc3)c(-c3cccnc3)n1CO2,COc1cccc2c1-c1nc(-c3ccc(C4(N)CC(O)(C5CC5)C4)cc3)c(-c3cccnc3)n1CO2,8.166566379,0.976188445,Active,0.842857143,TRUE
CNc1ccc2c(c1)OCn1c-2nc(-c2ccc(C3(N)CC(C)(O)C3)cc2)c1-c1ccccc1,CNc1ccc2c(c1)OCn1c-2nc(-c2ccc(C3(N)CC(C)(O)C3)cc2)c1-c1ccccc1,8.13181763,0.976271057,Active,0.784615385,TRUE
CC1(O)CC(N)(c2ccc(-c3nc4n(c3-c3ccccc3)COc3ccc(OCCN)cc3-4)cc2)C1,CC1(O)CC(N)(c2ccc(-c3nc4n(c3-c3ccccc3)COc3ccc(OCCN)cc3-4)cc2)C1,8.437510706,0.976918066,Active,0.808823529,TRUE
CC1(O)CC(N)(c2ccc(-c3nc4n(c3-c3ccccc3)COc3cccc(O)c3-4)cc2)C1,CC1(O)CC(N)(c2ccc(-c3nc4n(c3-c3ccccc3)COc3cccc(O)c3-4)cc2)C1,8.194474184,0.977149451,Active,0.819672131,TRUE
NC(=O)c1cc2c(cc1Cl)OCn1c-2nc(-c2ccc(C3(N)CC(O)(C4CC4)C3)cc2)c1-c1ccccc1,NC(=O)c1cc2c(cc1Cl)OCn1c-2nc(-c2ccc(C3(N)CC(O)(C4CC4)C3)cc2)c1-c1ccccc1,8.58707491,0.977172697,Active,0.724637681,TRUE
CCC1(O)CC(N)(c2ccc(-c3nc4n(c3-c3ccccc3)COc3ccc(C(=O)NC)cc3-4)cc2)C1,CCC1(O)CC(N)(c2ccc(-c3nc4n(c3-c3ccccc3)COc3ccc(C(=O)NC)cc3-4)cc2)C1,8.597641723,0.977284873,Active,0.842857143,TRUE
CC1(O)CC(N)(c2ccc(-c3nc4n(c3-c3ccncc3)COc3ccccc3-4)cc2)C1,CC1(O)CC(N)(c2ccc(-c3nc4n(c3-c3ccncc3)COc3ccccc3-4)cc2)C1,8.204235543,0.978400373,Active,0.875,TRUE
CC(=O)c1ccc2c(c1)OCn1c-2nc(-c2ccc(C3(N)CC(O)(C4CC4)C3)cc2)c1-c1ccccc1,CC(=O)c1ccc2c(c1)OCn1c-2nc(-c2ccc(C3(N)CC(O)(C4CC4)C3)cc2)c1-c1ccccc1,8.236179288,0.979539537,Active,0.772727273,TRUE
CNC(=O)c1ccc2c(c1)OCn1c-2nc(-c2ccc(C3(N)CC(O)(C4CC4)C3)cc2)c1-c1ccccc1,CNC(=O)c1ccc2c(c1)OCn1c-2nc(-c2ccc(C3(N)CC(O)(C4CC4)C3)cc2)c1-c1ccccc1,8.51282661,0.979956949,Active,0.842857143,TRUE
COc1cccc2c1-c1nc(-c3ccc(C4(N)CC(C)(O)C4)cc3)c(-c3ccccc3)n1CO2,COc1cccc2c1-c1nc(-c3ccc(C4(N)CC(C)(O)C4)cc3)c(-c3ccccc3)n1CO2,8.047718939,0.980473602,Active,0.830769231,TRUE
CNC(=O)c1ccc2c(c1)-c1nc(-c3ccc(C4(N)CC(O)(C5CC5)C4)cc3)c(-c3ccccc3)n1CO2,CNC(=O)c1ccc2c(c1)-c1nc(-c3ccc(C4(N)CC(O)(C5CC5)C4)cc3)c(-c3ccccc3)n1CO2,8.640996524,0.980588639,Active,0.830985915,TRUE
CC1(O)CC(N)(c2ccc(-c3nc4n(c3-c3ccccc3)COc3ccc(C(=O)NC5CC5)cc3-4)cc2)C1,CC1(O)CC(N)(c2ccc(-c3nc4n(c3-c3ccccc3)COc3ccc(C(=O)NC5CC5)cc3-4)cc2)C1,8.600037334,0.980839992,Active,0.830985915,TRUE
NC(=O)c1ccc2c(c1)OCn1c-2nc(-c2ccc(C3(N)CC(O)(C4CC4)C3)cc2)c1-c1ccccc1,NC(=O)c1ccc2c(c1)OCn1c-2nc(-c2ccc(C3(N)CC(O)(C4CC4)C3)cc2)c1-c1ccccc1,8.573749571,0.981011295,Active,0.820895522,TRUE
NC(=O)c1ccc2c(c1)-c1nc(-c3ccc(C4(N)CC(O)(C5CC5)C4)cc3)c(-c3ccccc3)n1CO2,NC(=O)c1ccc2c(c1)-c1nc(-c3ccc(C4(N)CC(O)(C5CC5)C4)cc3)c(-c3ccccc3)n1CO2,8.656274686,0.98110261,Active,0.808823529,TRUE
NC1(c2ccc(-c3nc4n(c3-c3ccccc3)COc3cc(C=O)ccc3-4)cc2)CC(O)(C2CC2)C1,NC1(c2ccc(-c3nc4n(c3-c3ccccc3)COc3cc(C=O)ccc3-4)cc2)CC(O)(C2CC2)C1,8.408541578,0.981894934,Active,0.796875,TRUE
