canonical_smiles,molecule_chembl_id,pchembl_value,standard_units,standard_value,units,value,target,IC50_nM,pIC50,inchikey,MW,LogP,HBD,HBA,ro5_violations,TPSA,RotBonds,HeavyAtoms
Cl.O=C(N[C@@H]1CNCC[C@H]1c1cccc(F)c1)c1cc2c(s1)CCCn1ncc(Cl)c1-2,CHEMBL5407182,10.7,nM,0.02,nM,0.02,AKT1,0.02,10.698970004336019,KXQPBSLMZVNGEV-MAUKXSAKSA-N,481.42400000000026,4.647600000000004,2,4,0,58.95,3,31
Cl.O=C(N[C@@H]1CNCC[C@H]1c1ccc(F)c(F)c1)c1cc2c(s1)OCCn1ncc(Br)c1-2,CHEMBL5406146,10.64,nM,0.023,nM,0.023,AKT1,0.023,10.638272163982407,YEYGCAOMGAHTST-YVEFUNNKSA-N,545.8370000000002,4.342000000000003,2,5,1,68.18,3,32
Cl.O=C(N[C@@H]1CNCC[C@H]1c1cc(F)c(F)c(F)c1)c1ccc2c(c1)OCCn1nccc1-2,CHEMBL5414576,10.46,nM,0.035,nM,0.035,AKT1,0.035,10.455931955649724,APAMRVUFSPSIFZ-HNAYVOBHSA-N,478.9020000000002,3.6571000000000016,2,4,0,68.18,3,33
Cl.O=C(N[C@@H]1CNCC[C@H]1c1cccc(F)c1)c1cc2c(s1)CCCn1ncc(Br)c1-2,CHEMBL5398425,10.44,nM,0.036,nM,0.036,AKT1,0.036,10.443697499232712,YGYRWJDCUMRXMJ-MAUKXSAKSA-N,525.8750000000002,4.756700000000004,2,4,1,58.95,3,31
Cl.O=C(N[C@@H]1CNCC[C@H]1c1ccc(F)c(F)c1)c1cc2c(s1)OCCn1ncc(Cl)c1-2,CHEMBL5437264,10.28,nM,0.053,nM,0.053,AKT1,0.053,10.275724130399212,ILGPOMJJRVJTEL-YVEFUNNKSA-N,501.38600000000025,4.2329000000000025,2,5,1,68.18,3,32
Cl.O=C(N[C@@H]1CNCC[C@H]1c1cc(F)cc(F)c1)c1cc2c(s1)CCCn1ncc(Br)c1-2,CHEMBL5428430,10.27,nM,0.054,nM,0.054,AKT1,0.054,10.267606240177031,IBWDJNVWCDSMLK-MAUKXSAKSA-N,543.8650000000002,4.895800000000003,2,4,1,58.95,3,32
Cn1ncc(Cl)c1-c1cc(C(=O)N[C@H](CN)Cc2ccc(F)c(F)c2)oc1Cl,CHEMBL3137336,10.18,nM,0.066,nM,0.066,AKT1,0.066,10.18045606445813,AXTAPYRUEKNRBA-JTQLQIEISA-N,429.25400000000013,3.5649000000000015,2,4,0,86.08,6,28
Cn1ncc(Cl)c1-c1cc(C(=O)N[C@H](CN)Cc2cccc(F)c2)sc1Cl,CHEMBL2219422,10.1,nM,0.08,nM,0.08,AKT1,0.08,10.096910013008056,AFJRDFWMXUECEW-LBPRGKRZSA-N,427.3320000000001,3.894300000000002,2,4,0,72.94,6,27
Cl.O=C(N[C@@H]1CNCC[C@H]1c1cc(F)c(F)c(F)c1)c1cc2c(s1)OCCn1ncc(Br)c1-2,CHEMBL5400934,10.08,nM,0.083,nM,0.083,AKT1,0.083,10.080921907623926,CPNKDRYVQOIHBT-MEDUHNTESA-N,563.8270000000002,4.481100000000003,2,5,1,68.18,3,33
Cl.O=C(N[C@@H]1CNCC[C@H]1c1ccc(F)c(F)c1)c1cc2c(s1)CCCn1ncc(Br)c1-2,CHEMBL5408482,10.04,nM,0.091,nM,0.091,AKT1,0.091,10.040958607678906,CEEODNJYPPDYNU-SCLBCKFNSA-N,543.8650000000002,4.895800000000003,2,4,1,58.95,3,32
Cc1cc(-c2cn(CCN3CCC3)c(C3CCN(c4ncnc(N)c4Br)CC3)n2)ccc1F,CHEMBL3899716,10.0,nM,0.1,nM,0.1,AKT1,0.1,10.0,LCTSWTGAHKAMHA-UHFFFAOYSA-N,514.4470000000001,4.222020000000003,1,6,1,76.1,6,33
Cl.O=C(N[C@@H]1CNCC[C@H]1c1cc(F)c(F)c(F)c1)c1cc2c(s1)OCCn1ncc(Cl)c1-2,CHEMBL5438374,9.92,nM,0.12,nM,0.12,AKT1,0.12,9.920818753952375,UPRMJRLIYMEINE-MEDUHNTESA-N,519.3760000000002,4.3720000000000026,2,5,1,68.18,3,33
CC(C)c1cc(-c2cn(CCN3CCC3)c(C3CCN(c4ncnc(N)c4Br)CC3)n2)ccn1,CHEMBL3966806,9.82,nM,0.15,nM,0.15,AKT1,0.15,9.823908740944319,XHEDMNVAFNSTPV-UHFFFAOYSA-N,525.4990000000001,4.292900000000003,1,7,1,88.99,7,34
Cc1n[nH]c2ccc(-c3cncc(OC[C@@H](N)Cc4c[nH]c5ccccc45)c3)cc12,CHEMBL379300,9.8,nM,0.16,nM,0.16,AKT1,0.16,9.795880017344075,YWTBGJGMTBHQTM-IBGZPJMESA-N,397.482,4.363420000000002,3,4,0,92.60999999999999,6,30
N[C@H](COc1cncc(-c2ccc3c(c2)C(c2ccco2)C(=O)N3)c1)Cc1c[nH]c2ccccc12,CHEMBL573326,9.77,nM,0.17,nM,0.17,AKT1,0.17,9.769551078621726,HJDIZUFUHXKASW-SVQMELKDSA-N,464.5250000000002,4.855700000000003,3,5,0,106.16999999999999,7,35
CCc1cnn2c1-c1cc(C(=O)N[C@@H]3CNCC[C@H]3c3ccc(F)c(F)c3)sc1OCC2.Cl,CHEMBL5411877,9.66,nM,0.22,nM,0.22,AKT1,0.22,9.657577319177793,OERDIQQYFKMTRX-HNAYVOBHSA-N,494.9950000000002,4.141900000000003,2,5,0,68.18,4,33
CCc1c(N)ncnc1N1CCC(c2nc(-c3ccc(F)c(C)c3)cn2CC2CN(C)C2)CC1,CHEMBL3936990,9.52,nM,0.3,nM,0.3,AKT1,0.3,9.522878745280337,SKFWPKNHRNPQQX-UHFFFAOYSA-N,463.6050000000003,3.8778200000000034,1,6,0,76.10000000000001,6,34
CCNCCNc1ccc(-c2cncc(F)c2)nc1C1CCN(c2ncnc3c2C(C)(C)C(=O)N3)CC1,CHEMBL5995978,9.52,nM,0.3,nM,0.3,AKT1,0.3,9.522878745280337,UQROQVVPXLGCTI-UHFFFAOYSA-N,504.6140000000004,3.7078000000000024,3,8,1,107.96000000000001,8,37
Cl.O=C(N[C@@H]1CNCC[C@H]1c1cc(F)cc(F)c1)c1ccc2c(c1)OCCn1nccc1-2,CHEMBL5405650,9.52,nM,0.3,nM,0.3,AKT1,0.3,9.522878745280337,ODSQTWCZWOSQFL-AZUAARDMSA-N,460.9120000000002,3.5180000000000025,2,4,0,68.18,3,32
CN(C)CCNc1ccc(-c2cc(Cl)nn2C)nc1C1CCN(c2ncnc3c2C(C)(C)C(=O)N3)CC1,CHEMBL6009143,9.52,nM,0.3,nM,0.3,AKT1,0.3,9.522878745280337,BGXAKEYZRXIHGZ-UHFFFAOYSA-N,524.0730000000003,3.5127000000000015,2,8,1,104.1,7,37
CC(C)NCCNc1ccc(-c2cc(C(F)(F)F)nn2C)nc1C1CCN(c2ncnc3c2C(C)(C)C(=O)N3)CC1,CHEMBL5805382,9.52,nM,0.3,nM,0.3,AKT1,0.3,9.522878745280337,LKEPUSYXXXTDQI-UHFFFAOYSA-N,571.6520000000002,4.314500000000003,3,8,1,112.89000000000001,8,41
CC1(C)C(=O)Nc2ncnc(N3CCC(c4nc(-c5cncc(F)c5)ccc4NCCN4CCCC4)CC3)c21,CHEMBL6038712,9.52,nM,0.3,nM,0.3,AKT1,0.3,9.522878745280337,BZKRFBALBPSKAK-UHFFFAOYSA-N,530.6520000000003,4.194100000000003,2,8,1,99.17,7,39
CC(C)NCCNc1ccc(-c2cc(Cl)nn2C)nc1C1CCN(c2ncnc3c2C(C)(C)C(=O)N3)CC1,CHEMBL5740682,9.52,nM,0.3,nM,0.3,AKT1,0.3,9.522878745280337,MACWQTHSUCWPOE-UHFFFAOYSA-N,538.1000000000003,3.9491000000000023,3,8,1,112.89000000000001,8,38
CC(C)(C)NCCNc1ccc(-c2nnc(C(F)F)s2)nc1C1CCN(c2ncnc3c2C(C)(C)C(=O)N3)CC1,CHEMBL5864230,9.52,nM,0.3,nM,0.3,AKT1,0.3,9.522878745280337,HWENSJQGPPXSPG-UHFFFAOYSA-N,571.7020000000002,4.741400000000004,3,10,1,120.85,8,40
CN(C)CCNc1ccc(-c2nnc(C(F)F)s2)nc1C1CCN(c2ncnc3c2C(C)(C)C(=O)N3)CC1,CHEMBL5823407,9.52,nM,0.3,nM,0.3,AKT1,0.3,9.522878745280337,POWFJUCHFPYCRU-UHFFFAOYSA-N,543.6480000000001,3.914900000000002,2,10,1,112.06,8,38
CC1(C)C(=O)Nc2ncnc(N3CCC(c4nc(-c5ccc(F)nc5)ccc4NCCN4CCCC4)CC3)c21,CHEMBL5748077,9.52,nM,0.3,nM,0.3,AKT1,0.3,9.522878745280337,ZEFSHHCIZUSSQS-UHFFFAOYSA-N,530.6520000000003,4.194100000000003,2,8,1,99.17,7,39
CC(C)(C)NCCNc1ccc(-c2noc(C(F)F)n2)nc1C1CCN(c2ncnc3c2C(C)(C)C(=O)N3)CC1,CHEMBL6005110,9.52,nM,0.3,nM,0.3,AKT1,0.3,9.522878745280337,ZMXMTLXHUISIRF-UHFFFAOYSA-N,555.6340000000001,4.2729000000000035,3,10,1,133.99,8,40
CC(C)NCCNc1cc(F)c(-c2cncc(F)c2)nc1C1CCN(c2ncnc3c2C(C)(C)C(=O)N3)CC1,CHEMBL5753779,9.52,nM,0.3,nM,0.3,AKT1,0.3,9.522878745280337,QQNVOXBXTWGNGF-UHFFFAOYSA-N,536.6310000000002,4.235400000000003,3,8,1,107.96000000000001,8,39
COc1cncc(-c2ccc(NCCN3CCCC3)c(C3CCN(c4ncnc5c4C(C)(C)C(=O)N5)CC3)n2)c1,CHEMBL5842594,9.52,nM,0.3,nM,0.3,AKT1,0.3,9.522878745280337,PILSAMURLMDHHO-UHFFFAOYSA-N,542.6880000000002,4.063600000000003,2,9,1,108.39999999999999,8,40
CC(C)NCCNc1ccc(-c2cnc(F)c(F)c2)nc1C1CCN(c2ncnc3c2C(C)(C)C(=O)N3)CC1,CHEMBL5884975,9.52,nM,0.3,nM,0.3,AKT1,0.3,9.522878745280337,RJHWXUSDSADOOD-UHFFFAOYSA-N,536.6310000000002,4.235400000000003,3,8,1,107.96000000000001,8,39
CC(C)NCCNc1ccc(-c2nnc(C(F)F)s2)nc1C1CCN(c2ncnc3c2C(C)(C)C(=O)N3)CC1,CHEMBL5741074,9.52,nM,0.3,nM,0.3,AKT1,0.3,9.522878745280337,XGVWHMVZYCTASP-UHFFFAOYSA-N,557.6750000000002,4.351300000000003,3,10,1,120.85,9,39
CC(C)(C)NCCNc1ccc(-c2nnc(C3CC3)s2)nc1C1CCN(c2ncnc3c2C(C)(C)C(=O)N3)CC1,CHEMBL5866601,9.52,nM,0.3,nM,0.3,AKT1,0.3,9.522878745280337,QWHJEDGXVYDZGR-UHFFFAOYSA-N,561.7600000000002,4.681200000000004,3,10,1,120.85,8,40
Cc1n[nH]c2cnc(-c3cncc(OC[C@@H](N)Cc4c[nH]c5ccccc45)c3)cc12,CHEMBL376569,9.47,nM,0.34,nM,0.34,AKT1,0.34,9.468521082957745,BNFMNOMUDQORMA-KRWDZBQOSA-N,398.4700000000001,3.758420000000001,3,5,0,105.5,6,30
N[C@]1(c2ccc(-c3nc4ccc5nnc(C(F)F)n5c4cc3-c3ccccc3)cc2)C[C@](O)(C2CC2)C1,CHEMBL3679636,9.47,nM,0.34,nM,0.34,AKT1,0.34,9.468521082957745,KCSVSPPGRPELGP-OGESRWMOSA-N,497.5490000000003,5.638000000000005,2,5,1,89.33,5,37
C[C@]1(O)C[C@@](N)(c2ccc(-c3nc4ccc5nnc(C(F)F)n5c4cc3-c3ccccc3)cc2)C1,CHEMBL3679632,9.42,nM,0.38,nM,0.38,AKT1,0.38,9.42021640338319,MWUMSPLWAFDYMT-MCZWQBSQSA-N,471.51100000000014,5.247900000000004,2,5,1,89.33,4,35
CNC(=O)C1CCN(c2cnc(C(=O)Nc3csc(-c4nncn4C4CC4)n3)cc2-n2cnc(C3CC3)c2)CC1,CHEMBL3969572,9.4,nM,0.4,nM,0.4,AKT1,0.4,9.397940008672037,HOYJVUGIPWXZQG-UHFFFAOYSA-N,558.6720000000001,3.4093000000000018,2,9,1,135.75,8,40
CCc1c(N)ncnc1N1CCC(c2nc(-c3ccc(F)c(Cl)c3)cn2CCN2CCCC2)CC1,CHEMBL3906990,9.4,nM,0.4,nM,0.4,AKT1,0.4,9.397940008672037,LIHXUIBRFWFAPL-UHFFFAOYSA-N,498.0500000000004,4.757000000000004,1,6,0,76.10000000000001,7,35
Cc1nc(C)c(-c2ccc(NCCNC(C)C)c(C3CCN(c4ncnc5c4C(C)(C)C(=O)N5)CC3)n2)s1,CHEMBL6062151,9.4,nM,0.4,nM,0.4,AKT1,0.4,9.397940008672037,GZBVSECJBWKOFI-UHFFFAOYSA-N,534.7340000000003,4.635540000000004,3,9,1,107.96,8,38
CC(C)(C)NCCNc1ccc(-c2nc(C(F)(F)F)no2)nc1C1CCN(c2ncnc3c2C(C)(C)C(=O)N3)CC1,CHEMBL5749375,9.4,nM,0.4,nM,0.4,AKT1,0.4,9.397940008672037,MXSRCGHETGMNGI-UHFFFAOYSA-N,573.6240000000001,4.354100000000003,3,10,1,133.99,7,41
CC1C(=O)Nc2ncnc(N3CCC(c4nc(-c5ccsc5)ccc4NCCN(C)C)CC3)c21,CHEMBL5979579,9.4,nM,0.4,nM,0.4,AKT1,0.4,9.397940008672037,SENHYTFMMJPFHA-UHFFFAOYSA-N,477.63800000000026,4.013200000000003,2,8,0,86.28,7,34
CC(C)(C)NCCNc1ccc(-c2cnn(C(F)F)c2)nc1C1CCN(c2ncnc3c2C(C)(C)C(=O)N3)CC1,CHEMBL6031186,9.4,nM,0.4,nM,0.4,AKT1,0.4,9.397940008672037,JBJISNYJFCRFKC-UHFFFAOYSA-N,553.6620000000003,4.543900000000003,3,8,1,112.89000000000001,8,40
CC1(C)C(=O)Nc2ncnc(N3CCC(c4nc(-c5nc(C(F)(F)F)no5)ccc4NCCN4CCCC4)CC3)c21,CHEMBL5890153,9.4,nM,0.4,nM,0.4,AKT1,0.4,9.397940008672037,AXONTVKFBHBALT-UHFFFAOYSA-N,571.608,4.061800000000003,2,10,1,125.2,7,41
Cl.O=C(N[C@@H]1CNCC[C@H]1c1ccc(F)c(F)c1)c1ccc2c(c1)OCCn1nccc1-2,CHEMBL5422811,9.4,nM,0.4,nM,0.4,AKT1,0.4,9.397940008672037,ZSMVURLDUKAKHA-OXJNMPFZSA-N,460.9120000000002,3.5180000000000025,2,4,0,68.18,3,32
CC(C)(C)NCCNc1ccc(-c2nnc(C(F)(F)F)o2)nc1C1CCN(c2ncnc3c2C(C)(C)C(=O)N3)CC1,CHEMBL5789687,9.4,nM,0.4,nM,0.4,AKT1,0.4,9.397940008672037,JXSXWPCGHMFVGR-UHFFFAOYSA-N,573.6240000000001,4.354100000000003,3,10,1,133.99,7,41
CC1C(=O)Nc2ncnc(N3CCC(c4nc(-c5ccnc(F)c5)ccc4NCCN4CCCC4)CC3)c21,CHEMBL6008954,9.4,nM,0.4,nM,0.4,AKT1,0.4,9.397940008672037,FNPBMTZGHSTSCD-UHFFFAOYSA-N,516.6250000000003,4.020000000000003,2,8,1,99.17,7,38
CC1(C)C(=O)Nc2ncnc(N3CCC(c4nc(-c5nnc(C(F)(F)F)o5)ccc4NCC4CCCN4)CC3)c21,CHEMBL5833393,9.4,nM,0.4,nM,0.4,AKT1,0.4,9.397940008672037,ZZMROTDWVPXWJA-UHFFFAOYSA-N,557.581,3.7180000000000017,3,10,1,133.99,6,40
CC(C)NC[C@@H](C(=O)N1CCN(c2ncnc3c2[C@H](C)CC(=O)N3)[C@H]2C[C@H]21)c1ccc(Cl)cc1,CHEMBL5169427,9.4,nM,0.4,nM,0.4,AKT1,0.4,9.397940008672037,RXNPEQZHMGFNAY-GEALJGNFSA-N,483.0160000000002,3.147000000000002,2,6,0,90.46000000000001,6,34
CN(CCNc1ccc(-c2nnc(C(F)(F)F)o2)nc1C1CCN(c2ncnc3c2C(C)(C)C(=O)N3)CC1)C(C)(C)C,CHEMBL5767678,9.4,nM,0.4,nM,0.4,AKT1,0.4,9.397940008672037,XJSPSRRPVKOQCW-UHFFFAOYSA-N,587.6510000000001,4.696300000000004,2,10,1,125.19999999999999,7,42
Cc1nnc(-c2ccc(NCCN3CCCC3)c(C3CCN(c4ncnc5c4C(C)(C)C(=O)N5)CC3)n2)s1,CHEMBL5908330,9.4,nM,0.4,nM,0.4,AKT1,0.4,9.397940008672037,BNNSXJXPISDBPT-UHFFFAOYSA-N,533.7060000000002,3.8199200000000024,2,10,1,112.06000000000002,7,38
Cc1cc(-c2ccc(NCCN3CCCC3)c(C3CCN(c4ncnc5c4C(C)(C)C(=O)N5)CC3)n2)n(C)n1,CHEMBL5841437,9.4,nM,0.4,nM,0.4,AKT1,0.4,9.397940008672037,MLRSQTBGBMBQJK-UHFFFAOYSA-N,529.6930000000002,3.701920000000002,2,8,1,104.10000000000001,7,39
CC(C)(C)NCCNc1ccc(-c2cncc(F)c2)nc1C1CCN(c2ncnc3c2C(C)(C)C(=O)N3)CC1,CHEMBL5897793,9.4,nM,0.4,nM,0.4,AKT1,0.4,9.397940008672037,RJCVQFMGMSMVAX-UHFFFAOYSA-N,532.6680000000002,4.486400000000004,3,8,1,107.96000000000001,7,39
Cl.O=C(N[C@@H]1CNCC[C@H]1c1ccc(F)c(F)c1)c1cc2c(s1)OCCn1ncc(CCO)c1-2,CHEMBL5430096,9.38,nM,0.42,nM,0.42,AKT1,0.42,9.3767507096021,JGIUDZWKRBMKCR-HNAYVOBHSA-N,510.9940000000003,3.1143000000000014,3,6,1,88.41000000000001,5,34
Cl.O=C(N[C@@H]1CNCC[C@H]1c1ccc(Cl)cc1)c1cc2c(s1)OCCn1ncc(Br)c1-2,CHEMBL5405389,9.35,nM,0.45,nM,0.45,AKT1,0.45,9.346787486224656,PLHHYRVOBRSHCD-WMLDXEAASA-N,544.3020000000001,4.717200000000004,2,5,1,68.18,3,31
CCc1c[nH]c2ncnc(N3CC[C@](N)(CNC(=O)c4ccc(F)cc4F)C3)c12,CHEMBL1171647,9.3,nM,0.5,nM,0.5,AKT1,0.5,9.301029995663981,MOZRQQTUYAYCQT-FQEVSTJZSA-N,400.4330000000001,2.1361,3,5,0,99.93,5,29
CC(C)NCCNc1ccc(-c2nnc(C(F)(F)F)o2)nc1C1CCN(c2ncnc3c2C(C)(C)C(=O)N3)CC1,CHEMBL5797313,9.3,nM,0.5,nM,0.5,AKT1,0.5,9.301029995663981,XMJMYXPPWSLYBN-UHFFFAOYSA-N,559.5970000000002,3.964000000000002,3,10,1,133.99,8,40
CC1C(=O)Nc2ncnc(N3CCC(c4nc(-c5cncc(F)c5)ccc4NCCN4CCCC4)CC3)c21,CHEMBL5956719,9.3,nM,0.5,nM,0.5,AKT1,0.5,9.301029995663981,HVOCYKRGXDBAPR-UHFFFAOYSA-N,516.6250000000003,4.020000000000003,2,8,1,99.17,7,38
CC(C)NCCNc1ccc(-c2noc(C(F)(F)F)n2)nc1C1CCN(c2ncnc3c2C(C)(C)C(=O)N3)CC1,CHEMBL5891816,9.3,nM,0.5,nM,0.5,AKT1,0.5,9.301029995663981,BWGRHTJKFKCSGW-UHFFFAOYSA-N,559.5970000000001,3.964000000000002,3,10,1,133.99,8,40
CC1(C)C(=O)Nc2ncnc(N3CCC(c4nc(-c5nnc(C(F)F)o5)ccc4NCCN4CCCC4)CC3)c21,CHEMBL5822890,9.3,nM,0.5,nM,0.5,AKT1,0.5,9.301029995663981,CJROUFPGIGKBGZ-UHFFFAOYSA-N,553.618,3.9806000000000026,2,10,1,125.2,8,40
CCNCCn1cc(-c2ccc(F)c(C(F)(F)F)c2)nc1C1CCN(c2ncnc(N)c2OC(C)C)CC1,CHEMBL3943127,9.28,nM,0.52,nM,0.52,AKT1,0.52,9.2839966563652,RGZTUPDJESIZJE-UHFFFAOYSA-N,535.5900000000001,4.8609000000000036,2,7,1,94.12,9,38
CC1C(=O)Nc2ncnc(N3CC=C(c4nc(-c5cncc(F)c5)ccc4NCCN4CCCC4)CC3)c21,CHEMBL5814683,9.22,nM,0.6,nM,0.6,AKT1,0.6,9.221848749616356,ODJSVDFNMHNNSU-UHFFFAOYSA-N,514.6090000000004,3.929700000000003,2,8,1,99.17,7,38
CCn1c(-c2nonc2N)nc2c(C#CC(C)(C)O)nc(OC[C@H](N)Cc3ccccc3)cc21,CHEMBL1098938,9.22,nM,0.6,nM,0.6,AKT1,0.6,9.221848749616356,YFXZFROOGCONFB-MRXNPFEDSA-N,461.5260000000002,2.1546000000000003,3,9,0,151.13000000000002,7,34
CCn1c(-c2nonc2N)nc2c(C#CC(C)(C)O)ncc(OC[C@H]3CCCNC3)c21,CHEMBL494089,9.22,nM,0.6,uM,0.0006,AKT1,0.6,9.221848749616356,KGPGFQWBCSZGEL-ZDUSSCGKSA-N,425.4930000000002,1.5841999999999998,3,9,0,137.14000000000001,5,31
CC1C(=O)Nc2ncnc(N3CCC(c4nc(-c5cc(C(F)(F)F)nn5C)ccc4NCCN4CCCC4)CC3)c21,CHEMBL5994226,9.22,nM,0.6,nM,0.6,AKT1,0.6,9.221848749616356,MTAFDCDGNPHAKS-UHFFFAOYSA-N,569.636,4.2382000000000035,2,8,1,104.10000000000001,7,41
CC1C(=O)Nc2ncnc(N3CCC(c4nc(-c5nccs5)ccc4NCCN4CCCC4)CC3)c21,CHEMBL5888865,9.22,nM,0.6,nM,0.6,AKT1,0.6,9.221848749616356,VANVVQOKOBHKMX-UHFFFAOYSA-N,504.6640000000004,3.942400000000003,2,9,1,99.17,7,36
CC(C)NC[C@@H](C(=O)N1[C@@H]2CC[C@H]1CN(c1ncnc3c1[C@H](C)OC(=O)N3)C2)c1ccc(Cl)cc1,CHEMBL5189707,9.22,nM,0.6,nM,0.6,AKT1,0.6,9.221848749616356,RFIULMNQQUABKQ-KCUHQSDYSA-N,499.0150000000002,3.714500000000002,2,7,0,99.69,6,35
CC(C)NC[C@@H](C(=O)N1CCN(c2ncnc3c2[C@H](C)OC(=O)N3)[C@H]2C[C@H]21)c1ccc(Cl)cc1,CHEMBL5197007,9.22,nM,0.6,nM,0.6,AKT1,0.6,9.221848749616356,UHWWJBSCMVJFFQ-KLIQENQMSA-N,484.98800000000017,3.3244000000000016,2,7,0,99.69,6,34
Cc1n[nH]c2cnc(-c3cncc(OC[C@@H](N)Cc4cccc(C(F)(F)F)c4)c3)cc12,CHEMBL226898,9.22,nM,0.6,nM,0.6,AKT1,0.6,9.221848749616356,UMTWTCVTRDYHQQ-KRWDZBQOSA-N,427.43000000000006,4.295920000000002,2,5,0,89.71,6,31
N[C@H](COc1cncc(-c2cc3cn[nH]c3cn2)c1)Cc1c[nH]c2ccccc12,CHEMBL226330,9.22,nM,0.6,nM,0.6,AKT1,0.6,9.221848749616356,XKFSQFMROSGGGZ-KRWDZBQOSA-N,384.44300000000015,3.450000000000001,3,5,0,105.5,6,29
CC(C)NCCNc1ccc(-c2nnc(C(F)F)o2)nc1C1CCN(c2ncnc3c2C(C)(C)C(=O)N3)CC1,CHEMBL6049824,9.22,nM,0.6,nM,0.6,AKT1,0.6,9.221848749616356,NBCDCMYRULBOTN-UHFFFAOYSA-N,541.6070000000002,3.8828000000000022,3,10,1,133.99,9,39
N[C@H](COc1cncc(-c2ccc3c(c2)/C(=C/c2ccc[nH]2)C(=O)N3)c1)Cc1ccccc1,CHEMBL388311,9.22,nM,0.6,nM,0.6,AKT1,0.6,9.221848749616356,NWMPVMMGSHXANZ-RWFYVVHNSA-N,436.5150000000001,4.518200000000003,3,4,0,93.03,7,33
N[C@]1(c2ccc(-c3nc4ccc5nnc(C6NCNN6)n5c4cc3-c3ccccc3)cc2)C[C@](O)(C2CC2)C1,CHEMBL3679635,9.15,nM,0.7,nM,0.7,AKT1,0.7,9.154901959985743,ZRAVSJSOSCTVLX-NKGMRHDPSA-N,518.6250000000002,3.353900000000002,5,8,1,125.42,5,39
COc1cncc(-c2ccc(NCCNC(C)C)c(C3CCN(c4ncnc5c4C(C)C(=O)N5)CC3)n2)c1,CHEMBL5892762,9.15,nM,0.7,nM,0.7,AKT1,0.7,9.154901959985743,AIZHXUUSVDWSRD-UHFFFAOYSA-N,516.6500000000003,3.7917000000000023,3,9,1,117.19000000000001,9,38
COc1cc(-c2ccc(NCCN3CCCC3)c(C3CCN(c4ncnc5c4C(C)C(=O)N5)CC3)n2)c(F)cn1,CHEMBL6032470,9.15,nM,0.7,nM,0.7,AKT1,0.7,9.154901959985743,NNEGEHDJOHHIGP-UHFFFAOYSA-N,546.6510000000002,4.028600000000003,2,9,1,108.4,8,40
Cc1cc(-c2cn(CCNC3CCCC3)c(C3CCN(c4ncnc(N)c4C#N)CC3)n2)ccc1F,CHEMBL3927358,9.15,nM,0.7,nM,0.7,AKT1,0.7,9.154901959985743,DCGJPYQDBNQMHR-UHFFFAOYSA-N,488.61500000000024,4.157700000000003,2,7,0,108.67999999999999,7,36
CC(C)CNCCn1cc(-c2ccc(F)c(C(F)(F)F)c2)nc1C1CCN(c2ncnc(N)c2C#N)CC1,CHEMBL3980521,9.15,nM,0.7,nM,0.7,AKT1,0.7,9.154901959985743,FCRMIQHGMSYNNQ-UHFFFAOYSA-N,530.5740000000001,4.581480000000003,2,7,1,108.68,8,38
Cc1ccc(C2C(=O)Nc3ccc(-c4cncc(OC[C@@H](N)Cc5c[nH]c6ccccc56)c4)cc32)o1,CHEMBL575631,9.15,nM,0.7,nM,0.7,AKT1,0.7,9.154901959985743,SWEIGEVGEYGUOU-QDLLFRBVSA-N,478.55200000000025,5.164120000000003,3,5,1,106.17,7,36
CC1C(=O)Nc2ncnc(N3CCC(c4nc(-c5cccnc5F)ccc4NCCN4CCCC4)CC3)c21,CHEMBL5988357,9.15,nM,0.7,nM,0.7,AKT1,0.7,9.154901959985743,ZASQNOFKMXADOA-UHFFFAOYSA-N,516.6250000000003,4.020000000000003,2,8,1,99.17,7,38
C[C@@H]1CC(=O)Nc2ncnc(N3CCN(C(=O)[C@H](CNC4CC4)c4ccc(Cl)cc4)[C@@H]4C[C@@H]43)c21,CHEMBL5182446,9.15,nM,0.7,nM,0.7,AKT1,0.7,9.154901959985743,DOJSODPNZWPNBR-PPRPKMEESA-N,481.00000000000017,2.9010000000000016,2,6,0,90.46000000000001,6,34
COc1cncc(-c2ccc(NCCN(C)C)c(C3CCN(c4ncnc5c4C(C)C(=O)N5)CC3)n2)c1,CHEMBL5790375,9.15,nM,0.7,nM,0.7,AKT1,0.7,9.154901959985743,BWNZRZRECKJDGL-UHFFFAOYSA-N,502.6230000000003,3.3553000000000015,2,9,1,108.39999999999999,8,37
CC1C(=O)Nc2ncnc(N3CCC(c4nc(-c5ccsc5)ccc4NCCN4CCCC4)CC3)c21,CHEMBL5776408,9.1,nM,0.8,nM,0.8,AKT1,0.8,9.096910013008056,JOMGWMSWUXJNHR-UHFFFAOYSA-N,503.6760000000004,4.547400000000003,2,8,1,86.28,7,36
CC1(O)CC(N)(c2ccc(-c3nc4n(c3-c3ccccc3)COc3ccc(-c5ccn[nH]5)cc3-4)cc2)C1,CHEMBL3701762,9.1,nM,0.8,nM,0.8,AKT1,0.8,9.096910013008056,INAQLFYULDZTOX-UHFFFAOYSA-N,489.57900000000024,5.322900000000003,3,5,1,101.97999999999999,4,37
CCOc1c(N)ncnc1N1CCC(c2nc(-c3ccc(F)c(C)c3)cn2CCN(CC)CC)CC1,CHEMBL3986943,9.1,nM,0.8,nM,0.8,AKT1,0.8,9.096910013008056,GYYUJPVOODOEGB-UHFFFAOYSA-N,495.6470000000004,4.4943200000000045,1,7,0,85.33,10,36
CC1C(=O)Nc2ncnc(N3CCN(c4nc(-c5cncc(F)c5)ccc4NCCN(C)C)CC3)c21,CHEMBL5850573,9.1,nM,0.8,nM,0.8,AKT1,0.8,9.096910013008056,GPFHLXMWVVJSMQ-UHFFFAOYSA-N,491.5750000000003,2.4284,2,9,0,102.41,7,36
C#Cc1ncc(OC[C@@H](N)Cc2c[nH]c3ccccc23)cc1-c1ccc2cnccc2c1,CHEMBL207544,9.1,nM,0.8,nM,0.8,AKT1,0.8,9.096910013008056,KYCYRGUYNYCBAH-QFIPXVFZSA-N,418.5000000000001,4.708200000000002,2,4,0,76.82,6,32
N#Cc1c(N)ncnc1N1CCC(c2nc(-c3ccc(F)c(C(F)(F)F)c3)cn2CCNC2CCCC2)CC1,CHEMBL3960355,9.1,nM,0.8,nM,0.8,AKT1,0.8,9.096910013008056,CDOPSCORKPCGMU-UHFFFAOYSA-N,542.585,4.868080000000004,2,7,1,108.68,7,39
Cc1occc1-c1ncc(OC[C@@H](N)Cc2c[nH]c3ccccc23)cc1-c1ccc2[nH]nc(C)c2c1,CHEMBL595939,9.1,nM,0.8,uM,0.0008,AKT1,0.8,9.096910013008056,HBTLOTJSWHAONE-NRFANRHFSA-N,477.5680000000002,5.931840000000005,3,5,1,105.74999999999999,7,36
Cc1n[nH]c2ccc(-c3cc(OC[C@@H](N)Cc4c[nH]c5cc(F)ccc45)cnc3-c3ccoc3)cc12,CHEMBL607374,9.1,nM,0.8,uM,0.0008,AKT1,0.8,9.096910013008056,ZOIKPWQCQBPTJF-NRFANRHFSA-N,481.5310000000002,5.762520000000004,3,5,1,105.75,7,36
CCc1ncc(OC[C@@H](N)Cc2c[nH]c3ccccc23)cc1-c1ccc2cnccc2c1,CHEMBL572908,9.1,nM,0.8,nM,0.8,AKT1,0.8,9.096910013008056,OEHOCIQYICKICV-QFIPXVFZSA-N,422.53200000000015,5.289300000000004,2,4,1,76.82,7,32
N[C@H](COc1cncc(-c2ccc3c(c2)C(c2cccs2)C(=O)N3)c1)Cc1c[nH]c2ccccc12,CHEMBL572884,9.05,nM,0.9,nM,0.9,AKT1,0.9,9.045757490560675,VHKOLGNBWBIWAS-SVQMELKDSA-N,480.5930000000002,5.324200000000004,3,5,1,93.03,7,35
N#CC1CN(c2cnc(C(=O)Nc3csc(-c4nncn4C4CC4)n3)cc2-n2cnc(C3CC3)c2)C1,CHEMBL3975211,9.05,nM,0.9,nM,0.9,AKT1,0.9,9.045757490560675,UTWWORAHCAYQGO-UHFFFAOYSA-N,498.5760000000003,3.4066800000000024,1,9,0,130.44,7,36
NC(=O)c1ccc2nc(-c3ccc(C4(N)CCC4)cc3)c(-c3ccccc3)n2n1,CHEMBL4751394,9.05,nM,0.9,nM,0.9,AKT1,0.9,9.045757490560675,JBGYKRAZYDNCNV-UHFFFAOYSA-N,383.45500000000004,3.5001000000000024,2,4,0,99.3,4,29
CC1C(=O)Nc2ncnc(N3CCC(c4nc(-c5ccoc5)ccc4NCCN4CCCC4)CC3)c21,CHEMBL6009652,9.05,nM,0.9,nM,0.9,AKT1,0.9,9.045757490560675,PAOJZRPLNNXONF-UHFFFAOYSA-N,487.6080000000004,4.0789000000000035,2,8,0,99.42,7,36
Cc1cc(-c2cn(CCN(C)C)c(C3CCN(c4ncnc(N)c4C#N)CC3)n2)ccc1F,CHEMBL3971598,9.05,nM,0.9,nM,0.9,AKT1,0.9,9.045757490560675,PANNEFPLJLKPJS-UHFFFAOYSA-N,448.5500000000002,3.187100000000001,1,7,0,99.89,6,33
Cc1n[nH]c2ccc(-c3cncc(OC[C@@H](N)Cc4cccc(I)c4)c3)cc12,CHEMBL229320,9.05,nM,0.9,nM,0.9,AKT1,0.9,9.045757490560675,FSLZSZADDNCEFZ-IBGZPJMESA-N,484.341,4.486720000000003,2,4,0,76.82,6,28
NC1(C(=O)N[C@@H](CCO)c2ccc(Cl)cc2)CCN(c2nc[nH]c3nccc2-3)CC1,CHEMBL2325741,9.05,nM,0.9,nM,0.9,AKT1,0.9,9.045757490560675,JDUBGYFRJFOXQC-KRWDZBQOSA-N,428.9240000000002,2.1004999999999994,4,6,0,120.16000000000001,6,30
Cn1ncc(Cl)c1-c1cc(C(=O)N[C@@H]2CN[C@H](CCO)C[C@H]2c2ccc(F)c(F)c2)oc1Cl,CHEMBL4441825,9.01,nM,0.98,nM,0.98,AKT1,0.98,9.008773924307505,CXSQMXRQOZZFLD-FHSNZYRGSA-N,499.34500000000025,3.891600000000002,3,5,0,92.32000000000001,6,33
Cc1c[nH]c2ncnc(N3CCN(C(=O)[C@H](N)Cc4ccc(Cl)cc4)CC3)c12,CHEMBL1258664,9.0,nM,1.0,nM,1.0,AKT1,1.0,9.0,COZRJRQGTYHRBB-MRXNPFEDSA-N,398.8980000000001,2.13832,2,5,0,91.14,4,28
O=C(Cc1nc(N2CCOCC2)cc(=O)[nH]1)N1CCc2c(Br)cccc21,CHEMBL3112850,9.0,nM,1.0,nM,1.0,AKT1,1.0,9.0,VLUJVXBQLNFVKM-UHFFFAOYSA-N,419.2790000000001,1.5007999999999997,1,5,0,78.53,3,26
Cc1c(NCCN2CCCC2)cc(C(=O)CCC(F)(F)F)cc1N1CCN(c2ncnc3[nH]nc(Br)c23)CC1,CHEMBL2016893,9.0,nM,1.0,nM,1.0,AKT1,1.0,9.0,IKBSEBRGSVFUHM-UHFFFAOYSA-N,609.4949999999999,4.783320000000004,2,8,1,93.28000000000002,9,39
NCC(Cc1ccccc1)NC(=O)c1cc(Br)c(-c2ccnc3[nH]ccc23)s1,CHEMBL469590,9.0,nM,1.0,nM,1.0,AKT1,1.0,9.0,FLJNUPIJNHQZPV-UHFFFAOYSA-N,455.3810000000001,4.353700000000003,3,4,0,83.79999999999998,6,28
Nc1ncnc(N2CCC(c3nc(-c4ccc(F)c(C(F)(F)F)c4)cn3CCN3CCCC3)CC2)c1C=O,CHEMBL3941283,9.0,nM,1.0,nM,1.0,AKT1,1.0,9.0,AWDSGNQQQIADCU-UHFFFAOYSA-N,531.5580000000004,4.372500000000003,1,7,1,93.17000000000002,7,38
Cc1c[nH]c2ncnc(N3CC[C@](N)(CNC(=O)c4ccc(F)cc4F)C3)c12,CHEMBL1170448,9.0,nM,1.0,nM,1.0,AKT1,1.0,9.0,BAYGQIFIHYGSEE-IBGZPJMESA-N,386.40600000000006,1.88212,3,5,0,99.93,4,28
Cl.Cn1ncc(Cl)c1-c1ccc(C(=O)N[C@@H]2CNCC[C@H]2c2cccc(F)c2)s1,CHEMBL4435124,9.0,nM,1.0,nM,1.0,AKT1,1.0,9.0,JJMLRFOVMWSDMF-GOEBONIOSA-N,455.3860000000002,4.238400000000003,2,4,0,58.95,4,29
CCn1c(-c2nonc2N)nc2c(C#CC(C)(C)O)nc(O[C@@H](CN)c3ccccc3)cc21,CHEMBL1099276,9.0,nM,1.0,nM,1.0,AKT1,1.0,9.0,VLGIYSJSJHPDHN-KRWDZBQOSA-N,447.49900000000014,2.2846,3,9,0,151.13000000000002,6,33
N[C@H](Cc1ccc(Cl)cc1)C(=O)N1CCN(c2ncnc3[nH]cc(Cl)c23)CC1,CHEMBL1258781,9.0,nM,1.0,nM,1.0,AKT1,1.0,9.0,FWJTWPCUYOVBNF-OAHLLOKOSA-N,419.3160000000001,2.4833000000000007,2,5,0,91.14000000000001,4,28
Nc1ncnc(N2CCC(c3nc(-c4ccc(F)c(C(F)(F)F)c4)cn3CCN3CCC3)CC2)c1Cl,CHEMBL3919089,9.0,nM,1.0,nM,1.0,AKT1,1.0,9.0,ARGMPCCCUNPEOG-UHFFFAOYSA-N,523.9660000000003,4.823300000000004,1,6,1,76.10000000000001,6,36
NC[C@H](CC1CCCCC1)NC(=O)c1cc(Br)c(-c2ccnc3[nH]ccc23)s1,CHEMBL470598,9.0,nM,1.0,nM,1.0,AKT1,1.0,9.0,GHUNSPMEIRXTBW-AWEZNQCLSA-N,461.42900000000014,5.081400000000004,3,4,1,83.79999999999998,6,28
NC[C@H](Cc1ccccc1)NC(=O)c1cc(Br)c(-c2ccnc3[nH]ccc23)s1,CHEMBL470597,9.0,nM,1.0,nM,1.0,AKT1,1.0,9.0,FLJNUPIJNHQZPV-AWEZNQCLSA-N,455.3810000000001,4.353700000000003,3,4,0,83.79999999999998,6,28
NC[C@H](Cc1ccccc1F)NC(=O)c1cc(Br)c(-c2ccnc3[nH]ccc23)s1,CHEMBL498052,9.0,nM,1.0,nM,1.0,AKT1,1.0,9.0,RPLOLSBTEYRLOE-ZDUSSCGKSA-N,473.37100000000004,4.492800000000003,3,4,0,83.79999999999998,6,29
NC[C@H](Cc1cccc(F)c1)NC(=O)c1cc(Br)c(-c2ccnc3[nH]ccc23)s1,CHEMBL523586,9.0,nM,1.0,nM,1.0,AKT1,1.0,9.0,KEBMSGAJMPWLNS-AWEZNQCLSA-N,473.3710000000001,4.492800000000003,3,4,0,83.79999999999998,6,29
NC[C@H](Cc1ccc(F)cc1)NC(=O)c1cc(Br)c(-c2ccnc3[nH]ccc23)s1,CHEMBL496690,9.0,nM,1.0,nM,1.0,AKT1,1.0,9.0,MVWYIUZSZIETFZ-AWEZNQCLSA-N,473.37100000000015,4.492800000000003,3,4,0,83.79999999999998,6,29
CC1Cc2c(ccc(F)c2Cl)N1C(=O)Cc1nc(N2CCOCC2)cc(=O)[nH]1,CHEMBL3930708,9.0,nM,1.0,nM,1.0,AKT1,1.0,9.0,ANKVPRIAUHXGIA-UHFFFAOYSA-N,406.8450000000002,1.9192999999999998,1,5,0,78.53,3,28
Cc1n[nH]c2cnc(-c3cc(OC[C@@H](N)Cc4c[nH]c5ccccc45)cnc3-c3ccoc3)cc12,CHEMBL594933,9.0,nM,1.0,uM,0.001,AKT1,1.0,9.0,KFUFYKHPONJLKZ-IBGZPJMESA-N,464.5290000000001,5.018420000000003,3,6,1,118.63999999999999,7,35
Cc1n[nH]c2cnc(-c3cc(OC[C@@H](N)Cc4c[nH]c5ccccc45)cnc3-c3ccoc3)nc12,CHEMBL603197,9.0,nM,1.0,uM,0.001,AKT1,1.0,9.0,ZUFPYCGWUXYDBH-SFHVURJKSA-N,465.5170000000001,4.413420000000003,3,7,0,131.52999999999997,7,35
Cc1n[nH]c2ncc(-c3cc(OC[C@@H](N)Cc4c[nH]c5ccccc45)cnc3-c3ccoc3)cc12,CHEMBL596072,9.0,nM,1.0,uM,0.001,AKT1,1.0,9.0,BJSFTYZWWXFKSH-FQEVSTJZSA-N,464.5290000000001,5.018420000000003,3,6,1,118.63999999999999,7,35
CC1Cc2c(Cl)cccc2N1C(=O)Cc1nc(N2CCOCC2)cc(=O)[nH]1,CHEMBL3970476,9.0,nM,1.0,nM,1.0,AKT1,1.0,9.0,SVMTVHQLNWNACT-UHFFFAOYSA-N,388.8550000000002,1.7801999999999993,1,5,0,78.53,3,27
CC1Cc2c(ccc(F)c2F)N1C(=S)Cc1nc(N2CCOCC2)c(F)c(=S)[nH]1,CHEMBL3900870,9.0,nM,1.0,nM,1.0,AKT1,1.0,9.0,RUVHXBWKJPVIBF-UHFFFAOYSA-N,440.5160000000002,3.714190000000002,1,5,0,44.39,3,29
CC1Cc2c(ccc(F)c2F)N1C(=O)Cc1nc(N2CCOCC2)cc(=O)[nH]1,CHEMBL3910755,9.0,nM,1.0,nM,1.0,AKT1,1.0,9.0,AGNKBQLRLMMWGO-UHFFFAOYSA-N,390.39000000000016,1.405,1,5,0,78.53,3,28
Cn1ncc(Cl)c1-c1cc(C(=O)N[C@H](CN)Cc2cccc(F)c2)oc1Cl,CHEMBL3953878,9.0,nM,1.0,,9.0,AKT1,1.0,9.0,YXVKCDFTJDTHCC-LBPRGKRZSA-N,411.2640000000001,3.4258000000000015,2,4,0,86.08,6,27
Cc1[nH]nc2ccc(-c3cc(OC[C@@H](N)Cc4c[nH]c5ccccc45)cnc3-c3ccoc3)cc12,CHEMBL593490,9.0,nM,1.0,uM,0.001,AKT1,1.0,9.0,XONRTPBYDAFIRW-NRFANRHFSA-N,463.54100000000017,5.623420000000004,3,5,1,105.75,7,35
N[C@H](COc1cncc(-c2ccc3[nH]nc(Cl)c3c2)c1)Cc1c[nH]c2ccccc12,CHEMBL226148,9.0,nM,1.0,nM,1.0,AKT1,1.0,9.0,ZWPLUYQDKWPRGX-KRWDZBQOSA-N,417.90000000000015,4.708400000000003,3,4,0,92.60999999999999,6,30
Cc1occc1-c1nc(N)c(OC[C@@H](N)Cc2c(C#N)[nH]c3ccccc23)cc1-c1cnc2[nH]nc(C)c2n1,CHEMBL605410,9.0,nM,1.0,uM,0.001,AKT1,1.0,9.0,AGYJPEBXFSGBHP-INIZCTEOSA-N,519.5690000000002,4.175720000000002,4,9,1,181.33999999999997,7,39
Cc1occc1-c1nc(N)c(OC[C@@H](N)Cc2c(C(N)=O)[nH]c3ccccc23)cc1-c1cnc2[nH]nc(C)c2n1,CHEMBL594072,9.0,nM,1.0,uM,0.001,AKT1,1.0,9.0,LJVDXVHUFXOWBO-HNNXBMFYSA-N,537.5840000000002,3.402940000000002,5,9,1,200.64,8,40
Cc1n[nH]c2ccc(-c3cc(OC[C@@H](N)Cc4c[nH]c5c(F)cccc45)cnc3-c3ccoc3)cc12,CHEMBL594309,9.0,nM,1.0,uM,0.001,AKT1,1.0,9.0,QSOVJRDSOIJUES-FQEVSTJZSA-N,481.5310000000002,5.762520000000004,3,5,1,105.75,7,36
Cc1occc1-c1nc(N)c(OC[C@@H](N)Cc2c(Cl)[nH]c3ccccc23)cc1-c1cnc2[nH]nc(C)c2n1,CHEMBL593813,9.0,nM,1.0,uM,0.001,AKT1,1.0,9.0,XMNABEGDUNNDFW-HNNXBMFYSA-N,529.0040000000001,4.957440000000002,4,8,1,157.55,7,38
Cc1occc1-c1ncc(OC[C@@H](N)Cc2c[nH]c3ccccc23)cc1-c1cnc2[nH]nc(C)c2n1,CHEMBL596583,9.0,nM,1.0,uM,0.001,AKT1,1.0,9.0,WVXVZSIOYIMDMF-SFHVURJKSA-N,479.5440000000002,4.721840000000002,3,7,0,131.53,7,36
Cc1n[nH]c2ccc(-c3cc(OC[C@@H](N)Cc4c[nH]c5ccc(F)cc45)cnc3-c3ccoc3)cc12,CHEMBL605528,9.0,nM,1.0,uM,0.001,AKT1,1.0,9.0,RQDVBCMBFIRGJD-NRFANRHFSA-N,481.5310000000002,5.762520000000004,3,5,1,105.75,7,36
Cc1occc1-c1nc(N)c(OC[C@@H](N)Cc2c[nH]c3ccccc23)cc1-c1cnc2[nH]nc(C)c2c1,CHEMBL593375,9.0,nM,1.0,uM,0.001,AKT1,1.0,9.0,NANAONFNJKBZQE-IBGZPJMESA-N,493.57100000000014,4.909040000000003,4,7,0,144.66000000000003,7,37
Cc1occc1-c1nc(N)c(OC[C@@H](N)Cc2c[nH]c3ccccc23)cc1-c1cnc2[nH]nc(C)c2n1,CHEMBL595944,9.0,nM,1.0,uM,0.001,AKT1,1.0,9.0,CMPFTOKTVXYPFY-KRWDZBQOSA-N,494.55900000000014,4.304040000000001,4,8,0,157.55,7,37
Cc1occc1-c1nc(N)c(OC[C@@H](N)Cc2c[nH]c3ccccc23)cc1-c1cc2c(C)n[nH]c2cn1,CHEMBL595459,9.0,nM,1.0,uM,0.001,AKT1,1.0,9.0,AQJWACKPYCXBCF-SFHVURJKSA-N,493.57100000000014,4.909040000000003,4,7,0,144.66000000000003,7,37
CC(C)NC[C@H](Cc1ccc(Cl)cc1)C(=O)N1CCN(c2ncnc3c2[C@H](C)SC3)CC1,CHEMBL1632384,9.0,nM,1.0,nM,1.0,AKT1,1.0,9.0,KTOSTKQYNJBYHF-HKUYNNGSSA-N,474.07400000000035,3.9433000000000034,1,6,0,61.36000000000001,7,32
C[C@@H]1SCc2ncnc(N3CCN(C(=O)[C@H](N)Cc4ccc(Cl)cc4)CC3)c21,CHEMBL1632373,9.0,nM,1.0,nM,1.0,AKT1,1.0,9.0,UDCLTQDGBYLTCA-XJKSGUPXSA-N,417.9660000000002,2.6564000000000005,1,6,0,75.35000000000001,4,28
N[C@]1(CNC(=O)c2ccc(F)cc2F)CCN(c2ncnc3[nH]cc(Cl)c23)C1,CHEMBL1169623,8.96,nM,1.1,nM,1.1,AKT1,1.1,8.958607314841775,NYXVMGDGFFQGFZ-SFHVURJKSA-N,406.824,2.2271,3,5,0,99.93,4,28
Cl.O=C(N[C@H]1CNCC[C@@H]1c1ccc(F)c(F)c1)c1cc2c(s1)OCCn1ncc(Br)c1-2,CHEMBL5425811,8.96,nM,1.1,nM,1.1,AKT1,1.1,8.958607314841775,YEYGCAOMGAHTST-PXAZEXFGSA-N,545.8370000000002,4.342000000000003,2,5,1,68.18,3,32
O=C(Nc1csc(-c2nncn2C2CC2)n1)c1cc(-n2cnc(C3CC3)c2)c(N2CC3CC3C2)cn1,CHEMBL3922577,8.96,nM,1.1,nM,1.1,AKT1,1.1,8.958607314841775,SGSIUCNJMVKMOM-UHFFFAOYSA-N,499.6040000000003,3.9030000000000022,1,8,0,106.64999999999999,7,36
CC(C)NC[C@@H](C(=O)N1CCN(c2ncnc3c2N(C)CC(=O)N3)CC1)c1ccc(Cl)cc1.Cl,CHEMBL5195664,8.96,nM,1.1,nM,1.1,AKT1,1.1,8.958607314841775,UZOFVBZSVKGUCA-GOSISDBHSA-N,508.45400000000024,2.3705000000000003,2,7,1,93.70000000000002,6,34
CCc1n[nH]c2ccc(-c3cncc(OC[C@@H](N)Cc4c[nH]c5ccccc45)c3)cc12,CHEMBL574087,8.94,nM,1.15,nM,1.15,AKT1,1.15,8.939302159646388,LXOWCBOCRHDOIH-IBGZPJMESA-N,411.50900000000007,4.6174000000000035,3,4,0,92.60999999999999,7,31
C[C@H](n1cnnc1-c1nc(NC(=O)c2cc(-n3cnc(C4CC4)c3)c(N3CCN(CC(F)(F)F)CC3)cn2)cs1)C(F)(F)F,CHEMBL3902880,8.92,nM,1.2,nM,1.2,AKT1,1.2,8.920818753952375,UNFXQAIBILVROM-HNNXBMFYSA-N,640.6180000000005,4.919600000000004,1,9,1,109.88999999999999,8,44
Cc1n[nH]c2ccc(-c3cncc(OC[C@@H](N)Cc4cc(C(F)(F)F)ccc4F)c3)cc12,CHEMBL227322,8.92,nM,1.2,nM,1.2,AKT1,1.2,8.920818753952375,CIYJMYQAULVQHO-SFHVURJKSA-N,444.432,5.040020000000003,2,4,1,76.82,6,32
C[C@H](NC(=O)C1(CN)CCN(c2ncnc3[nH]ccc23)CC1)c1ccc(Cl)cc1,CHEMBL6061476,8.92,nM,1.2,nM,1.2,AKT1,1.2,8.920818753952375,WIOQKVBIOWBQKL-AWEZNQCLSA-N,412.9250000000002,3.0340000000000016,3,5,0,99.93,5,29
N[C@H](COc1cncc(-c2ccc3[nH]nc(-c4ccc[nH]4)c3c2)c1)Cc1c[nH]c2ccccc12,CHEMBL572670,8.92,nM,1.2,nM,1.2,AKT1,1.2,8.920818753952375,YIQMXPTWYACPKW-FQEVSTJZSA-N,448.53000000000014,5.050100000000003,4,4,1,108.39999999999998,7,34
Cc1n[nH]c2ccc(-c3cncc(OC[C@@H](N)Cc4cccc(C(F)(F)F)c4)c3)cc12,CHEMBL226625,8.92,nM,1.2,nM,1.2,AKT1,1.2,8.920818753952375,YBFUTVSSQNLDCI-IBGZPJMESA-N,426.442,4.900920000000003,2,4,0,76.82,6,31
Cl.Cn1ncc(Cl)c1-c1csc(C(=O)N[C@@H]2CNCC[C@H]2c2cccc(F)c2)c1,CHEMBL4451854,8.9,nM,1.26,nM,1.26,AKT1,1.26,8.899629454882437,BZCFMWFRGAKCPJ-DOTOQJQBSA-N,455.38600000000014,4.238400000000003,2,4,0,58.95,4,29
NCC1(C(=O)N[C@@H](CCO)c2ccc(Cl)cc2)CCN(c2ncnc3[nH]ccc23)CC1,CHEMBL5798563,8.89,nM,1.3,nM,1.3,AKT1,1.3,8.886056647693163,RTMJCNWUUFZBCR-SFHVURJKSA-N,442.95100000000025,2.3965000000000005,4,6,0,120.16,7,31
N[C@H](COc1cncc(-c2ccc3cnccc3c2)c1)Cc1c[nH]c2ccccc12,CHEMBL383264,8.89,nM,1.3,nM,1.3,AKT1,1.3,8.886056647693163,LHQWPYOYDRVMFI-QFIPXVFZSA-N,394.4780000000001,4.726900000000003,2,4,0,76.82,6,30
CC1(O)CC(N)(c2ccc(-c3nc4n(c3-c3ccccc3)COc3cc(C(N)=O)ccc3-4)cc2)C1,CHEMBL3701776,8.89,nM,1.3,nM,1.3,AKT1,1.3,8.886056647693163,OIZPCNODPMXFQK-UHFFFAOYSA-N,466.5410000000003,4.0317000000000025,3,5,0,116.38999999999999,4,35
Nc1ncccc1-c1nc2ccc(-c3ccccc3)nc2n1-c1ccc(C2(N)CCC2)cc1,CHEMBL4297188,8.89,nM,1.3,nM,1.3,AKT1,1.3,8.886056647693163,HNFMVVHMKGFCMB-UHFFFAOYSA-N,432.5310000000003,5.069600000000003,2,5,1,95.64,4,33
CC1(O)CC(N)(c2ccc(-c3nc4n(c3-c3ccccc3)COc3ccc(-c5cn[nH]c5)cc3-4)cc2)C1,CHEMBL3701763,8.89,nM,1.3,nM,1.3,AKT1,1.3,8.886056647693163,YTWTVQHWLVSHFR-UHFFFAOYSA-N,489.57900000000024,5.322900000000003,3,5,1,101.97999999999999,4,37
N[C@H](COc1cncc(-c2ccc3[nH]nc(-c4cccs4)c3c2)c1)Cc1c[nH]c2ccccc12,CHEMBL576733,8.89,nM,1.3,nM,1.3,AKT1,1.3,8.886056647693163,XNTHEVROOFPCLS-FQEVSTJZSA-N,465.58200000000016,5.783500000000004,3,5,1,92.60999999999999,7,34
N#Cc1c(N)ncnc1N1CCC(c2nc(-c3cnc(F)c(Cl)c3)cn2CCN2CCC2)CC1,CHEMBL3966203,8.89,nM,1.3,nM,1.3,AKT1,1.3,8.886056647693163,DLFSJMCJAANTKH-UHFFFAOYSA-N,481.9670000000003,3.071180000000002,1,8,0,112.77999999999999,6,34
Cc1n[nH]c2ccc(-c3cncc(OC[C@@H](N)Cc4ccc(Br)c(F)c4)c3)cc12,CHEMBL227367,8.89,nM,1.3,nM,1.3,AKT1,1.3,8.886056647693163,MAWDKPLREVVLBP-KRWDZBQOSA-N,455.331,4.783720000000003,2,4,0,76.82,6,29
CC(C)NC[C@@H](C(=O)N1CCN(c2ncnc3c2[C@H](C)C[C@H]3O)CC1)c1ccc(Cl)cc1,CHEMBL2177390,8.89,nM,1.3,nM,1.3,AKT1,1.3,8.886056647693163,GRZXWCHAXNAUHY-NSISKUIASA-N,458.0060000000002,3.1010000000000018,2,6,0,81.59,6,32
COC1CCC(NC[C@@H](C(=O)N2CCN(c3ncnc4c3[C@H](C)CC(=O)N4)[C@H]3C[C@H]32)c2ccc(Cl)cc2)CC1,CHEMBL5193325,8.89,nM,1.3,nM,1.3,AKT1,1.3,8.886056647693163,WZXPKDANYCNRFJ-HRZJXZCXSA-N,553.1070000000001,3.696200000000003,2,7,1,99.69,7,39
CNC(=O)C[C@@H]1C[C@@H](c2ccc(F)c(F)c2)[C@H](NC(=O)c2cc(-c3c(Cl)cnn3C)c(Cl)o2)CN1,CHEMBL4440965,8.86,nM,1.37,nM,1.37,AKT1,1.37,8.863279432843592,SXDPQGRNHSLZPC-ZJNRKIDTSA-N,526.3710000000002,3.6453000000000015,3,5,1,101.19000000000001,6,35
C[C@H](n1cnnc1-c1nc(NC(=O)c2cc(-n3cnc(C4CC4)c3)c(N3CC(C)(C#N)C3)cn2)cs1)C(F)(F)F,CHEMBL3893968,8.85,nM,1.4,nM,1.4,AKT1,1.4,8.853871964321762,IXEYSARKPAVONO-AWEZNQCLSA-N,568.5890000000005,4.585180000000004,1,9,1,130.44,7,40
Nc1ncnc(N2CCC(c3nc(-c4ccc(F)c(C(F)(F)F)c4)cn3CCN3CCC3)CC2)c1C=O,CHEMBL3890352,8.85,nM,1.4,nM,1.4,AKT1,1.4,8.853871964321762,TYXBLVVBDICGSW-UHFFFAOYSA-N,517.5310000000003,3.982400000000003,1,7,1,93.17000000000002,7,37
CC1(O)CC(N)(c2ccc(-c3nc4n(c3-c3ccccc3)COc3ncccc3-4)cc2)C1,CHEMBL3701753,8.85,nM,1.4,nM,1.4,AKT1,1.4,8.853871964321762,KJDKQSPIYGRKFY-UHFFFAOYSA-N,424.5040000000002,4.327800000000003,2,5,0,86.19,3,32
N[C@H](COc1cncc(-c2ccc3c(c2)C(Cc2ccco2)C(=O)N3)c1)Cc1ccccc1,CHEMBL575811,8.85,nM,1.4,nM,1.4,AKT1,1.4,8.853871964321762,GGSHYVNRNBBHSC-BWDMCYIDSA-N,439.51500000000016,4.568800000000004,2,5,0,90.38,8,33
N[C@H](COc1cncc(-c2ccc3c(c2)/C(=C\c2ccco2)C(=O)N3)c1)Cc1ccccc1,CHEMBL226849,8.85,nM,1.4,nM,1.4,AKT1,1.4,8.853871964321762,RHOXUCVDAMLMFG-NFCNUSAFSA-N,437.49900000000014,4.783100000000004,2,5,0,90.38,7,33
Cc1cc(-c2cn(CCNCC(C)C)c(C3CCN(c4ncnc(N)c4C#N)CC3)n2)ccc1F,CHEMBL3954981,8.85,nM,1.4,nM,1.4,AKT1,1.4,8.853871964321762,GVXVELAMVOVTAS-UHFFFAOYSA-N,476.6040000000002,3.871100000000002,2,7,0,108.67999999999999,8,35
CCc1c[nH]c2ncnc(N3CC[C@](N)(CNC(=O)c4ccc(F)cc4)C3)c12,CHEMBL1170261,8.85,nM,1.4,nM,1.4,AKT1,1.4,8.853871964321762,MACTYDWFDZZTGD-FQEVSTJZSA-N,382.4430000000001,1.9969999999999999,3,5,0,99.93,5,28
CNCCn1cc(-c2ccnc(C(F)(F)F)c2)nc1C1CCN(c2ncnc(N)c2Cl)CC1,CHEMBL3948454,8.85,nM,1.4,nM,1.4,AKT1,1.4,8.853871964321762,UOFRCDSWOWULBQ-UHFFFAOYSA-N,480.9260000000003,3.592900000000001,2,7,0,97.78,6,33
NC1(c2ccc(-c3nc4n(c3-c3ccccc3)COc3ncccc3-4)cc2)CC(O)(C2CC2)C1,CHEMBL3701752,8.85,nM,1.4,nM,1.4,AKT1,1.4,8.853871964321762,CMDBZDYAVRNJFJ-UHFFFAOYSA-N,450.54200000000026,4.717900000000004,2,5,0,86.19,4,34
Cn1ncc(Cl)c1-c1cc(C(=O)N[C@@H]2CN[C@H](CC(=O)NCCO)C[C@H]2c2ccc(Cl)c(Cl)c2)oc1Cl,CHEMBL4554668,8.85,nM,1.41,nM,1.41,AKT1,1.41,8.85078088734462,LEXCGNOEXRHSAU-CKFHNAJUSA-N,589.3070000000004,4.036400000000002,4,6,1,121.42000000000002,8,37
O=C(N1CCN(c2ncnc3[nH]cc(Br)c23)CC1)C1(c2ccc(Cl)cc2)CCNCC1,CHEMBL4207231,8.82,nM,1.5,nM,1.5,AKT1,1.5,8.823908740944319,MMLVKFZZQNHEFO-UHFFFAOYSA-N,503.83200000000033,3.3438000000000017,2,5,1,77.15,3,31
C[C@@H](O)CNC(=O)c1cccc(-c2ccc3nc(-c4cccnc4N)n(-c4ccc(C5(N)CCC5)cc4)c3n2)c1,CHEMBL3640737,8.82,nM,1.5,nM,1.5,AKT1,1.5,8.823908740944319,DOCHXEHAHKHVRX-LJQANCHMSA-N,533.6360000000003,4.180200000000002,4,7,1,144.97000000000003,7,40
N[C@H](COc1cnc(-c2ccco2)c(-c2ccc3cnccc3c2)c1)Cc1c[nH]c2ccccc12,CHEMBL378843,8.82,nM,1.5,nM,1.5,AKT1,1.5,8.823908740944319,FLJJFPVRCWLXIM-QHCPKHFHSA-N,460.53700000000015,5.986900000000004,2,5,1,89.96000000000001,7,35
CN[C@@H]1C[C@H]2O[C@@](C)([C@@H]1OC)n1c3ccccc3c3c4c(c5c6ccccc6n2c5c31)C(=O)NC4,CHEMBL388978,8.82,nM,1.5,nM,1.5,AKT1,1.5,8.823908740944319,HKSZLNNOFSGOKW-FYTWVXJKSA-N,466.5410000000003,4.354000000000003,2,4,0,69.45,2,35
CC(C)NC[C@@H](C(=O)N1CCN(c2ncnc3c2[C@H](C)OC(=O)N3)CC1)c1ccc(Cl)cc1,CHEMBL5175332,8.82,nM,1.5,nM,1.5,AKT1,1.5,8.823908740944319,DHMFFVNUPLZBKN-MAUKXSAKSA-N,472.9770000000002,3.1835000000000013,2,7,0,99.69,6,33
CNCCn1cc(-c2ccnc(C(F)(F)F)c2)nc1C1CCN(c2ncnc(N)c2Br)CC1,CHEMBL3899490,8.82,nM,1.5,nM,1.5,AKT1,1.5,8.823908740944319,BMPTUVXOIJURIA-UHFFFAOYSA-N,525.3770000000002,3.7020000000000017,2,7,1,97.78,6,33
CCOc1c(N)ncnc1N1CCC(c2nc(-c3ccc(F)c(C(F)(F)F)c3)cn2CCNC(C)C)CC1,CHEMBL3912471,8.82,nM,1.5,nM,1.5,AKT1,1.5,8.823908740944319,MGYJNZHGAIGKBJ-UHFFFAOYSA-N,535.59,4.8609000000000036,2,7,1,94.12,9,38
N[C@H](COc1cncc(-c2ccc3c(c2)C(c2ccc[nH]2)C(=O)N3)c1)Cc1c[nH]c2ccccc12,CHEMBL576348,8.82,nM,1.5,nM,1.5,AKT1,1.5,8.823908740944319,RBWUXWWAEJZVGW-SVQMELKDSA-N,463.54100000000017,4.590800000000002,4,4,0,108.82,7,35
N[C@H](COc1cncc(-c2ccc3c(c2)C(F)(F)C(=O)N3)c1)Cc1c[nH]c2ccccc12,CHEMBL577377,8.82,nM,1.5,nM,1.5,AKT1,1.5,8.823908740944319,ZMAFYLOMUUDBHH-KRWDZBQOSA-N,434.44600000000014,4.222600000000003,3,4,0,93.03,6,32
CNC(=O)c1ccc2c(c1)-c1nc(-c3ccc(C4(N)CC(C)(O)C4)cc3)c(-c3ccccc3)n1CO2,CHEMBL3701766,8.82,nM,1.5,nM,1.5,AKT1,1.5,8.823908740944319,GHBYOUKRXQKXBR-UHFFFAOYSA-N,480.56800000000027,4.292400000000002,3,5,0,102.40000000000002,4,36
CNCCn1cc(-c2ccc(F)c(C(F)(F)F)c2)nc1C1CCN(c2ncnc(N)c2C#N)CC1,CHEMBL3894849,8.82,nM,1.5,nM,1.5,AKT1,1.5,8.823908740944319,XPDILXVPINMDCE-UHFFFAOYSA-N,488.4930000000003,3.5552800000000007,2,7,0,108.68,6,35
N#Cc1c(N)ncnc1N1CCC(c2nc(-c3ccc(F)c(Cl)c3)cn2CCN2CCCC2)CC1,CHEMBL3967010,8.82,nM,1.5,nM,1.5,AKT1,1.5,8.823908740944319,BQJKHAVFMIHHLG-UHFFFAOYSA-N,495.0060000000004,4.0662800000000034,1,7,0,99.89,6,35
N[C@H](COc1cncc(-c2ccc3[nH]ncc3c2)c1)Cc1c[nH]c2ccccc12,CHEMBL374805,8.82,nM,1.5,nM,1.5,AKT1,1.5,8.823908740944319,GQEPXNDANQTLHI-IBGZPJMESA-N,383.45500000000015,4.055000000000002,3,4,0,92.60999999999999,6,29
N#Cc1c(N)ncnc1N1CCC(c2nc(-c3ccc(F)c(C(F)(F)F)c3)cn2CCNCC2CC2)CC1,CHEMBL3983282,8.8,nM,1.6,nM,1.6,AKT1,1.6,8.795880017344075,RGACXOZZMADIOP-UHFFFAOYSA-N,528.5580000000001,4.335480000000003,2,7,1,108.68,8,38
NC1(c2ccc(-c3nc4n(c3-c3ccccc3)COc3cnccc3-4)cc2)CC(O)(C2CC2)C1,CHEMBL3701749,8.8,nM,1.6,nM,1.6,AKT1,1.6,8.795880017344075,VFLUPGZLSMWBLD-UHFFFAOYSA-N,450.54200000000026,4.717900000000004,2,5,0,86.19,4,34
Nc1ncnc(N2CCC(c3nc(-c4ccc(F)c(C(F)(F)F)c4)cn3CCN3CCC3)CC2)c1-c1cnoc1,CHEMBL3941451,8.8,nM,1.6,nM,1.6,AKT1,1.6,8.795880017344075,WMGWBZXIQPUBFV-UHFFFAOYSA-N,556.5680000000003,4.824900000000004,1,8,1,102.13000000000001,7,40
CC1(O)CC(N)(c2ccc(-c3nc4n(c3-c3ccccc3)COc3ccc(C(N)=O)cc3-4)cc2)C1,CHEMBL3701767,8.8,nM,1.6,nM,1.6,AKT1,1.6,8.795880017344075,OVYJFJXATSHOSL-UHFFFAOYSA-N,466.5410000000003,4.0317000000000025,3,5,0,116.38999999999999,4,35
CC(C)NC[C@@H](C(=O)N1C[C@H]2CC[C@@H](C1)N2c1ncnc2c1[C@H](C)OC(=O)N2)c1ccc(Cl)cc1,CHEMBL5180219,8.8,nM,1.6,nM,1.6,AKT1,1.6,8.795880017344075,NDWJXNZFXDTBIZ-KCUHQSDYSA-N,499.0150000000002,3.714500000000002,2,7,0,99.69,6,35
CC(C)NC[C@@H](C(=O)N1CCN(c2ncnc3c2[C@H](C)CC(=O)N3)CC1)c1ccc(Cl)cc1,CHEMBL5206905,8.8,nM,1.6,nM,1.6,AKT1,1.6,8.795880017344075,MTIVHEGAZSBQQQ-VQIMIIECSA-N,471.0050000000002,3.0061000000000018,2,6,0,90.46000000000001,6,33
[2H]C1([2H])N(C(=O)[C@H](CNC(C)C)c2ccc(Cl)cc2)C([2H])([2H])C([2H])([2H])N(c2ncnc3c2[C@H](C)CC(=O)N3)C1([2H])[2H],CHEMBL5175628,8.8,nM,1.6,nM,1.6,AKT1,1.6,8.795880017344075,MTIVHEGAZSBQQQ-YOLYSNTFSA-N,479.05381422400023,3.006100000000001,2,6,0,90.46000000000001,6,33
CC(C)(O)C(=O)Nc1cccc(-c2ccc3nc(-c4cccnc4N)n(-c4ccc(C5(N)CCC5)cc4)c3n2)c1,CHEMBL3640735,8.79,nM,1.63,nM,1.63,AKT1,1.63,8.787812395596042,GRDNCQFNSUBTSA-UHFFFAOYSA-N,533.6360000000003,4.779000000000003,4,7,1,144.97000000000003,6,40
Nc1nccnc1-c1nc2ccc(-c3ccccc3)nc2n1-c1ccc(C2(N)CCC2)cc1,CHEMBL3649671,8.77,nM,1.69,nM,1.69,AKT1,1.69,8.772113295386326,ANASEKUNMNMRQZ-UHFFFAOYSA-N,433.5190000000003,4.464600000000003,2,6,0,108.52999999999999,4,33
C[C@H](n1cnnc1-c1nc(NC(=O)c2cc(-n3cnc(C4CC4)c3)c(N3CCC(C#N)CC3)cn2)cs1)C(F)(F)F,CHEMBL3917308,8.77,nM,1.7,nM,1.7,AKT1,1.7,8.769551078621726,VPHMCGNTEDIZJX-HNNXBMFYSA-N,582.6160000000004,4.975280000000004,1,9,1,130.44,7,41
CNCCn1cc(-c2ccc(F)c(C)c2)nc1C1CCN(c2ncnc(N)c2C#N)CC1,CHEMBL3969016,8.77,nM,1.7,nM,1.7,AKT1,1.7,8.769551078621726,LDOJECIQNJBVHE-UHFFFAOYSA-N,434.52300000000025,2.8449,2,7,0,108.68,6,32
Nc1ncnc(N2CCC(c3nc(-c4ccc(F)c(F)c4)cn3CCN3CCCC3)CC2)c1Br,CHEMBL3944201,8.77,nM,1.7,nM,1.7,AKT1,1.7,8.769551078621726,CGTSDPKWWBJGPO-UHFFFAOYSA-N,532.4370000000004,4.442800000000004,1,6,1,76.10000000000001,6,34
CNCCn1cc(-c2ccnc(C(F)(F)F)c2)nc1C1CCN(c2ncnc(N)c2C#N)CC1,CHEMBL3949795,8.77,nM,1.7,nM,1.7,AKT1,1.7,8.769551078621726,HQPYWCQKQNPHGR-UHFFFAOYSA-N,471.49100000000027,2.8111800000000002,2,8,0,121.57,6,34
CCOc1c(N)ncnc1N1CCC(c2nc(-c3ccc(F)c(C)c3)cn2CCN(C)C)CC1,CHEMBL3948085,8.77,nM,1.7,nM,1.7,AKT1,1.7,8.769551078621726,KMAREWFGYUHLEK-UHFFFAOYSA-N,467.5930000000003,3.714120000000003,1,7,0,85.33,8,34
C[C@H](n1cnnc1-c1nc(NC(=O)c2cc(-n3cnc(C4CC4)c3)c(N3CC(C(F)F)C3)cn2)cs1)C(F)(F)F,CHEMBL3930015,8.77,nM,1.7,nM,1.7,AKT1,1.7,8.769551078621726,KRYLADYSTZJSPE-LBPRGKRZSA-N,579.5590000000004,4.936600000000004,1,8,1,106.64999999999999,8,40
CCOC(=O)c1c(C)nc(NNC(=O)c2cccc3c(=O)c4ccccc4[nH]c23)nc1-c1ccc(OC)cc1,CHEMBL4169791,8.76,nM,1.72,nM,1.72,AKT1,1.72,8.76447155309245,HGNJYOKCMJJIST-UHFFFAOYSA-N,523.5490000000003,4.388920000000002,3,8,1,135.29999999999998,7,39
Nc1ncccc1-c1nc2ccc(-c3cccc(N4CCS(=O)(=O)CC4)c3)nc2n1-c1ccc(C2(N)CCC2)cc1,CHEMBL3640747,8.75,nM,1.79,nM,1.79,AKT1,1.79,8.747146969020108,MHXDFKXYTDYTRJ-UHFFFAOYSA-N,565.7030000000003,4.304400000000003,2,8,1,133.02,5,41
COC1(C)CN(c2cnc(C(=O)Nc3csc(-c4nncn4C4CC4)n3)cc2-n2cnc(C3CC3)c2)C1,CHEMBL3905950,8.74,nM,1.8,nM,1.8,AKT1,1.8,8.744727494896694,UNYRWSBHWKLEPE-UHFFFAOYSA-N,517.6190000000003,3.6720000000000024,1,9,1,115.87999999999998,8,37
C[C@H](n1cnnc1-c1nc(NC(=O)c2cc(-n3cnc(C4CC4)c3)c(N3CCN(CC4CC4)CC3)cn2)cs1)C(F)(F)F,CHEMBL3897512,8.74,nM,1.8,nM,1.8,AKT1,1.8,8.744727494896694,XWAWCQYTWRWPDA-KRWDZBQOSA-N,612.6860000000006,4.767300000000005,1,9,1,109.88999999999999,9,43
O=C(N1CCN(c2ncnc3[nH]cc(Cl)c23)CC1)C1(c2ccc(Br)cc2)CCNCC1,CHEMBL4202879,8.74,nM,1.8,nM,1.8,AKT1,1.8,8.744727494896694,DEBARHNBNHJMSJ-UHFFFAOYSA-N,503.8320000000003,3.3438000000000017,2,5,1,77.15,3,31
C[C@H](n1cnnc1-c1nc(NC(=O)c2cc(-n3cnc(C4CC4)c3)c(N3CCN4CCCC4C3)cn2)cs1)C(F)(F)F,CHEMBL3979677,8.74,nM,1.8,nM,1.8,AKT1,1.8,8.744727494896694,BCXQHMGDFSWAGI-ATNAJCNCSA-N,598.6590000000006,4.519700000000005,1,9,1,109.88999999999999,7,42
C[C@H](n1cnnc1-c1nc(NC(=O)c2cc(-n3cnc(C4CC4)c3)c(N3CCN(C4CC4)CC3)cn2)cs1)C(F)(F)F,CHEMBL3925596,8.74,nM,1.8,nM,1.8,AKT1,1.8,8.744727494896694,DLDZDZXEDKRYGO-INIZCTEOSA-N,598.6590000000006,4.519700000000005,1,9,1,109.88999999999999,8,42
Cc1n[nH]c2ccc(-c3cncc(OC[C@@H](N)Cc4ccc(Cl)c(Cl)c4)c3)cc12,CHEMBL229968,8.74,nM,1.8,nM,1.8,AKT1,1.8,8.744727494896694,CHTMRWQLNNRRFJ-KRWDZBQOSA-N,427.3350000000001,5.188920000000003,2,4,1,76.82,6,29
Nc1ncnc(N2CCC(c3nc(-c4ccc(F)c(Cl)c4)cn3CCN3CCCC3)CC2)c1Br,CHEMBL3980219,8.74,nM,1.8,nM,1.8,AKT1,1.8,8.744727494896694,OIPUWMRXDFZHSB-UHFFFAOYSA-N,548.8920000000004,4.957100000000005,1,6,1,76.10000000000001,6,34
Cc1n[nH]c2ccc(-c3cncc(OC[C@@H](N)Cc4ccc(F)c(C(F)(F)F)c4)c3)cc12,CHEMBL226627,8.74,nM,1.8,nM,1.8,AKT1,1.8,8.744727494896694,YSODHSZRRBCDHP-KRWDZBQOSA-N,444.432,5.040020000000004,2,4,1,76.82,6,32
COc1ccc2c(c1)-c1nc(-c3ccc(C4(N)CC(O)(C5CC5)C4)cc3)c(-c3ccccc3)n1CO2,CHEMBL3701733,8.74,nM,1.8,nM,1.8,AKT1,1.8,8.744727494896694,HSHUBMQAZCRYQJ-UHFFFAOYSA-N,479.5800000000002,5.3315000000000055,2,5,1,82.53000000000002,5,36
N[C@H](COc1cnc(Cl)c(-c2ccc3cnccc3c2)c1)Cc1c[nH]c2ccccc12,CHEMBL378963,8.74,nM,1.8,nM,1.8,AKT1,1.8,8.744727494896694,KLSYPIQWMFSSJW-FQEVSTJZSA-N,428.9230000000002,5.380300000000003,2,4,1,76.82,6,31
N[C@H](COc1cncc(-c2ccc3[nH]nc(C(F)(F)F)c3c2)c1)Cc1c[nH]c2ccccc12,CHEMBL374808,8.74,nM,1.8,nM,1.8,AKT1,1.8,8.744727494896694,GIPRMCJMIWRNNH-KRWDZBQOSA-N,451.45200000000017,5.073800000000002,3,4,1,92.60999999999999,6,33
CNC(=O)c1ccc2c(c1)OCn1c-2nc(-c2ccc(C3(N)CC(C)(O)C3)cc2)c1-c1ccccc1,CHEMBL3701770,8.74,nM,1.8,nM,1.8,AKT1,1.8,8.744727494896694,CRSVALMQETXTPS-UHFFFAOYSA-N,480.56800000000027,4.292400000000003,3,5,0,102.4,4,36
CCNC(=O)c1ccc2c(c1)-c1nc(-c3ccc(C4(N)CC(C)(O)C4)cc3)c(-c3ccccc3)n1CO2,CHEMBL3701769,8.74,nM,1.8,nM,1.8,AKT1,1.8,8.744727494896694,DYWUNBIFOFLAJL-UHFFFAOYSA-N,494.59500000000025,4.682500000000003,3,5,0,102.40000000000002,5,37
Cl.Cn1ncc(Cl)c1-c1ccc(C(=O)N[C@@H]2CNCC[C@H]2c2ccc(Cl)cc2)s1,CHEMBL4454791,8.74,nM,1.8,nM,1.8,AKT1,1.8,8.744727494896694,TYZQOJAKKLYVJO-GOEBONIOSA-N,471.84100000000024,4.7527000000000035,2,4,0,58.95,4,29
CCONC(=O)c1ccc2c(c1)-c1nc(-c3ccc(C4(N)CC(C)(O)C4)cc3)c(-c3ccccc3)n1CO2,CHEMBL3701775,8.74,nM,1.8,nM,1.8,AKT1,1.8,8.744727494896694,JTLHCOXJAPDRRG-UHFFFAOYSA-N,510.59400000000034,4.614100000000003,3,6,1,111.63000000000001,6,38
Cl.Cn1nccc1-c1ccc(C(=O)N[C@@H]2CNCC[C@H]2c2cc(F)cc(F)c2)cc1F,CHEMBL4874391,8.74,nM,1.8,nM,1.8,AKT1,1.8,8.744727494896694,HRFDQCXZOUKOIL-FXAWDEMLSA-N,450.89200000000017,3.801700000000002,2,3,0,58.95,4,31
CCc1c[nH]c2ncnc(N3CC[C@](N)(CNC(=O)c4ccc(Cl)cc4)C3)c12,CHEMBL1170446,8.74,nM,1.8,nM,1.8,AKT1,1.8,8.744727494896694,XDBJHHAFLGPGOE-FQEVSTJZSA-N,398.8980000000001,2.511300000000001,3,5,0,99.93,5,28
O=C(Nc1csc(-c2nncn2C2CC2)n1)c1cc(-n2cnc(C3CC3)c2)c(N2CCC3(CC2)COC3)cn1,CHEMBL3948895,8.72,nM,1.9,nM,1.9,AKT1,1.9,8.721246399047171,MLKBIPNUPIWFRD-UHFFFAOYSA-N,543.6570000000004,4.0637000000000025,1,9,1,115.88,7,39
C[C@H](n1cnnc1-c1nc(NC(=O)c2cc(-n3cnc(C4CC4)c3)c(N3CCCOCC3)cn2)cs1)C(F)(F)F,CHEMBL3954144,8.72,nM,1.9,nM,1.9,AKT1,1.9,8.721246399047171,FOEIQLJTWGNMAF-HNNXBMFYSA-N,573.6050000000006,4.462000000000004,1,9,1,115.88,7,40
Cl.Nc1cccc(-c2ccc3nc(-c4cccnc4N)n(-c4ccc(C5(N)CCC5)cc4)c3n2)c1,CHEMBL4574111,8.72,nM,1.9,uM,0.0019,AKT1,1.9,8.721246399047171,UHXVRMFFZLLZNC-UHFFFAOYSA-N,484.00700000000035,5.073600000000003,3,6,1,121.66,4,35
Cl.O=C(N[C@@H]1CNCC[C@H]1c1cccc(F)c1)c1cc2c(s1)CCCn1nccc1-2,CHEMBL5440366,8.72,nM,1.9,nM,1.9,AKT1,1.9,8.721246399047171,UWIJAPHJIJJGFJ-FUHWJXTLSA-N,446.9790000000002,3.994200000000003,2,4,0,58.95,3,30
Cc1cc(-c2cn(CCN(C)C)c(C3CCN(c4ncnc(N)c4OC(C)C)CC3)n2)ccc1F,CHEMBL3984164,8.72,nM,1.9,nM,1.9,AKT1,1.9,8.721246399047171,GOPVGMUVSGFICI-UHFFFAOYSA-N,481.62000000000023,4.102620000000003,1,7,0,85.33,8,35
C[C@H](n1cnnc1-c1nc(NC(=O)c2cc(-n3cnc(C4CC4)c3)c(N3CC(N4CCOCC4)C3)cn2)cs1)C(F)(F)F,CHEMBL3924482,8.72,nM,1.9,nM,1.9,AKT1,1.9,8.721246399047171,UVUZEPPXWNQQIU-INIZCTEOSA-N,614.6580000000006,3.7561000000000027,1,10,1,119.11999999999999,8,43
O=C(N1CCN(c2ncnc3[nH]cc(Cl)c23)CC1)C1(c2ccc(Cl)cc2)CCNCC1,CHEMBL4204854,8.72,nM,1.9,nM,1.9,AKT1,1.9,8.721246399047171,MYEGWIZMGVCWPY-UHFFFAOYSA-N,459.3810000000003,3.234700000000001,2,5,0,77.15,3,31
COC1CCN(c2cnc(C(=O)Nc3csc(-c4nncn4[C@@H](C)C(F)(F)F)n3)cc2-n2cnc(C3CC3)c2)C1,CHEMBL3909615,8.72,nM,1.9,nM,1.9,AKT1,1.9,8.721246399047171,OLVJZBVBICDNDZ-LBAUFKAWSA-N,573.605,4.4604000000000035,1,9,1,115.87999999999998,8,40
N#Cc1c(N)ncnc1N1CCC(c2nc(-c3ccc(F)c(Cl)c3)cn2CCN2CCC2)CC1,CHEMBL3940867,8.72,nM,1.9,nM,1.9,AKT1,1.9,8.721246399047171,FECIECQDFIPTFY-UHFFFAOYSA-N,480.9790000000004,3.6761800000000022,1,7,0,99.89,6,34
CC(C)NC[C@@H](C(=O)N1C2CCC1CN(c1ncnc3c1N(C)CC(=O)N3)C2)c1ccc(Cl)cc1.O=CO,CHEMBL5190230,8.72,nM,1.9,nM,1.9,AKT1,1.9,8.721246399047171,XXRGZDXOOCOHFK-SOAGJPPSSA-N,544.0560000000004,2.1805,3,8,1,131.0,6,38
CC1(C#N)CN(c2cnc(C(=O)Nc3csc(-c4nncn4C4CC4)n3)cc2-n2cnc(C3CC3)c2)C1,CHEMBL3935565,8.72,nM,1.9,nM,1.9,AKT1,1.9,8.721246399047171,HBEJNSXVGAQKPV-UHFFFAOYSA-N,512.6030000000003,3.7967800000000027,1,9,1,130.44,7,37
CC(C)(C)NCCn1cc(-c2ccc(F)c(C(F)(F)F)c2)nc1C1CCN(c2ncnc(N)c2C#N)CC1,CHEMBL3895898,8.72,nM,1.9,nM,1.9,AKT1,1.9,8.721246399047171,VSYXMJKNSDTUDZ-UHFFFAOYSA-N,530.5740000000002,4.723980000000004,2,7,1,108.68,6,38
NC1(c2ccc(-n3c(C4CC4)nc4ccc(-c5cccc(N6CCOCC6)c5)nc43)cc2)CCC1,CHEMBL3649668,8.7,nM,1.99,nM,1.99,AKT1,1.99,8.701146923590294,UUDGMWJXXJRQBJ-UHFFFAOYSA-N,465.6010000000004,5.139400000000005,1,5,1,69.2,5,35
CCc1c[nH]c2ncnc(N3CCN(C(=O)[C@H](N)Cc4ccc(Cl)cc4)CC3)c12,CHEMBL1258665,8.7,nM,2.0,nM,2.0,AKT1,2.0,8.698970004336019,GZDYURDDXXJAFS-QGZVFWFLSA-N,412.9250000000001,2.3923000000000005,2,5,0,91.14,5,29
COCC1CN(c2cnc(C(=O)Nc3csc(-c4nncn4[C@@H](C)C(F)(F)F)n3)cc2-n2cnc(C3CC3)c2)C1,CHEMBL3946920,8.7,nM,2.0,nM,2.0,AKT1,2.0,8.698970004336019,CWJRIYQTZCOZMG-AWEZNQCLSA-N,573.605,4.317900000000003,1,9,1,115.87999999999998,9,40
CCOCCN(C[C@@H](O)CN1CCCC2(CCN(c3ncnc4[nH]cc(C)c34)C2)C1)S(=O)(=O)c1c(C)cccc1C,CHEMBL1760759,8.7,nM,2.0,uM,0.002,AKT1,2.0,8.698970004336019,DXSLUHIZCAMHTD-SUHMBNCMSA-N,584.7870000000001,3.263760000000002,2,8,1,114.88999999999999,11,41
O=C(Cc1nc(N2CCOCC2)cc(=O)[nH]1)N1c2ccccc2CC1c1ccc(F)cc1,CHEMBL3914007,8.7,nM,2.0,nM,2.0,AKT1,2.0,8.698970004336019,WTJXYVKIGJQVOM-UHFFFAOYSA-N,434.4710000000001,2.6187000000000005,1,5,0,78.53,4,32
Cc1c[nH]c2ncnc(N3CCN(C(=O)[C@H](CN)Cc4ccc(Cl)cc4)CC3)c12,CHEMBL1258900,8.7,nM,2.0,nM,2.0,AKT1,2.0,8.698970004336019,AZNVXQYYCANOTA-INIZCTEOSA-N,412.9250000000001,2.3859200000000005,2,5,0,91.14,5,29
C[C@@H]1SCc2ncnc(N3CCN(C(=O)[C@H](N)Cc4ccc(Cl)c(F)c4)CC3)c21,CHEMBL1632375,8.7,nM,2.0,nM,2.0,AKT1,2.0,8.698970004336019,MGUZARQONFVYEN-BLLLJJGKSA-N,435.9560000000002,2.7955000000000005,1,6,0,75.35000000000001,4,29
C=C[C@@H]1CCc2ncnc(N3CCN(C(=O)[C@H](CNC(C)C)c4ccc(Cl)cc4)CC3)c21,CHEMBL2177387,8.7,nM,2.0,nM,2.0,AKT1,2.0,8.698970004336019,XDQKFRGGLYEIJJ-WIYYLYMNSA-N,454.0180000000002,3.776200000000002,1,5,0,61.36000000000001,7,32
CN(C)CCC(NC(=O)C1(N)CCN(c2ncnc3[nH]ccc23)CC1)c1ccc(Cl)cc1,CHEMBL2325992,8.7,nM,2.0,nM,2.0,AKT1,2.0,8.698970004336019,VZOXJFOAJQVTTK-UHFFFAOYSA-N,455.99400000000014,2.7182000000000013,3,6,0,103.17000000000002,7,32
CCn1c(-c2nonc2N)nc2c(C#CC(C)(C)O)ncc(OC[C@@H]3CCCNC3)c21,CHEMBL521642,8.7,nM,2.0,nM,2.0,AKT1,2.0,8.698970004336019,KGPGFQWBCSZGEL-CYBMUJFWSA-N,425.4930000000002,1.5841999999999998,3,9,0,137.14000000000001,5,31
Cc1n[nH]c2ncc(-c3cc(OC[C@@H](N)Cc4c[nH]c5ccccc45)cnc3-c3ccoc3)nc12,CHEMBL596290,8.7,nM,2.0,uM,0.002,AKT1,2.0,8.698970004336019,FULBTJANHDAKTA-SFHVURJKSA-N,465.5170000000001,4.413420000000003,3,7,0,131.52999999999997,7,35
CC(C)Oc1c(N)ncnc1N1CCC(c2nc(-c3ccc(F)c(Cl)c3)cn2CCN2CCCC2)CC1,CHEMBL3904291,8.7,nM,2.0,nM,2.0,AKT1,2.0,8.698970004336019,CIVKYRVMDOHDLK-UHFFFAOYSA-N,528.0760000000001,4.981800000000004,1,7,1,85.33,8,37
CC1Cc2cc(F)c(F)cc2N1C(=O)Cc1nc(N2CCOCC2)cc(=O)[nH]1,CHEMBL3925163,8.7,nM,2.0,nM,2.0,AKT1,2.0,8.698970004336019,WLHPEHQBBZSUNY-UHFFFAOYSA-N,390.3900000000002,1.4049999999999998,1,5,0,78.53,3,28
C=Cc1ncc(OC[C@@H](N)Cc2c[nH]c3ccccc23)cc1-c1ccc2cnccc2c1,CHEMBL209513,8.7,nM,2.0,nM,2.0,AKT1,2.0,8.698970004336019,RHUOKRYZBHJUHU-QFIPXVFZSA-N,420.51600000000013,5.369900000000004,2,4,1,76.82,7,32
CCn1c(-c2nonc2N)nc2c(C#CC(C)(C)O)nc(CN(C)C)cc21,CHEMBL1099290,8.7,nM,2.0,nM,2.0,AKT1,2.0,8.698970004336019,GFWBYAUCYFKBRF-UHFFFAOYSA-N,369.4290000000001,1.2673999999999999,2,8,0,119.12,4,27
CC1Cc2c(cccc2C(F)(F)F)N1C(=O)Cc1nc(N2CCOCC2)cc(=O)[nH]1,CHEMBL3940961,8.7,nM,2.0,nM,2.0,AKT1,2.0,8.698970004336019,UXFONSDTPCWHSS-UHFFFAOYSA-N,422.40700000000015,2.1456,1,5,0,78.53,3,30
NC[C@@H](C(=O)N1CCN(c2ncnc3[nH]ccc23)CC1)c1ccc(Cl)cc1,CHEMBL1257402,8.7,nM,2.0,nM,2.0,AKT1,2.0,8.698970004336019,SBRSSMHWCHVBFI-MRXNPFEDSA-N,384.8710000000002,2.002400000000001,2,5,0,91.14000000000001,4,27
CCn1c(-c2nonc2N)nc2c(C#CCO)ncc(OCCCN)c21,CHEMBL523523,8.7,nM,2.0,uM,0.002,AKT1,2.0,8.698970004336019,LWLOLQIXHMFYND-UHFFFAOYSA-N,357.3740000000002,0.15479999999999927,3,9,0,151.13000000000002,6,26
CCn1c(-c2nonc2N)nc2c(C#CC(C)(C)O)ncc(OCCN)c21,CHEMBL453510,8.7,nM,2.0,uM,0.002,AKT1,2.0,8.698970004336019,YHFGSBURESFKPZ-UHFFFAOYSA-N,371.4010000000001,0.5433,3,9,0,151.13000000000002,5,27
CC(C)NCC(Cc1ccc(Cl)c(F)c1)C(=O)N1CCN(c2ncnc3c2[C@H](C)SC3)CC1,CHEMBL1632368,8.7,nM,2.0,nM,2.0,AKT1,2.0,8.698970004336019,ZONXJTCZULSZOX-ATNAJCNCSA-N,492.06400000000036,4.082400000000003,1,6,0,61.36000000000001,7,33
NC[C@@H](C(=O)N1CCN(c2ncnc3[nH]cc(Cl)c23)CC1)c1ccc(Cl)c(Cl)c1,CHEMBL1257512,8.7,nM,2.0,nM,2.0,AKT1,2.0,8.698970004336019,AWYWQTNURRPJKK-GFCCVEGCSA-N,453.7610000000003,3.3092000000000024,2,5,0,91.14000000000001,4,29
CNCC(Cc1ccccc1)NC(=O)c1cc(Br)c(-c2ccnc3[nH]ccc23)s1,CHEMBL469591,8.7,nM,2.0,nM,2.0,AKT1,2.0,8.698970004336019,BRLXUPIHNDAEAI-UHFFFAOYSA-N,469.4080000000001,4.6144000000000025,3,4,0,69.81,7,29
N#Cc1c[nH]c2ncnc(N3CC4(CCNCC4)c4ccccc43)c12,CHEMBL258837,8.7,nM,2.0,nM,2.0,AKT1,2.0,8.698970004336019,PXAOTHLXABAQIT-UHFFFAOYSA-N,330.395,2.602480000000001,2,5,0,80.63,1,25
COC1(C)CN(c2cnc(C(=O)Nc3csc(-c4nncn4[C@@H](C)C(F)(F)F)n3)cc2-n2cnc(C3CC3)c2)C1,CHEMBL3953748,8.7,nM,2.0,nM,2.0,AKT1,2.0,8.698970004336019,MRKVWLRJTICKRW-AWEZNQCLSA-N,573.605,4.4604000000000035,1,9,1,115.87999999999998,8,40
CC1Cc2c(ccc(F)c2Cl)N1C(=O)Cc1nc(N2CCOCC2)c(F)c(=O)[nH]1,CHEMBL3970127,8.7,nM,2.0,nM,2.0,AKT1,2.0,8.698970004336019,MJWAFJUDGWGMGM-UHFFFAOYSA-N,424.8350000000002,2.0584,1,5,0,78.53,3,29
N[C@H](Cc1ccc(Cl)cc1)C(=O)N1CCN(c2ncnc3[nH]cc(C4CC4)c23)CC1,CHEMBL1258780,8.7,nM,2.0,nM,2.0,AKT1,2.0,8.698970004336019,GBBWFHPTHGVTTM-GOSISDBHSA-N,424.9360000000002,2.707300000000001,2,5,0,91.14000000000001,5,30
CC1Cc2cc(F)ccc2N1C(=O)Cc1nc(N2CCOCC2)cc(=O)[nH]1,CHEMBL3932198,8.7,nM,2.0,nM,2.0,AKT1,2.0,8.698970004336019,MPDYAFPDVSCPTE-UHFFFAOYSA-N,372.4000000000002,1.2658999999999998,1,5,0,78.53,3,27
Cc1cc(-c2cn(CCN3CCC3)c(C3CCN(c4ncnc(N)c4C#N)CC3)n2)ccc1F,CHEMBL3961056,8.7,nM,2.0,nM,2.0,AKT1,2.0,8.698970004336019,GIMRLCRHTAIQJM-UHFFFAOYSA-N,460.56100000000015,3.331200000000001,1,7,0,99.89,6,34
CC1(O)CC(N)(c2ccc(-c3nc4n(c3-c3ccccc3)COc3cnccc3-4)cc2)C1,CHEMBL3701750,8.7,nM,2.0,nM,2.0,AKT1,2.0,8.698970004336019,CGZPNBUBJPIWBN-UHFFFAOYSA-N,424.5040000000002,4.327800000000003,2,5,0,86.19,3,32
C[C@@H]1C[C@@H](O)c2ncnc(N3CCN(C(=O)[C@H](CNC(C)(C)CO)c4ccc(Cl)cc4)CC3)c21,CHEMBL2177378,8.7,nM,2.0,nM,2.0,AKT1,2.0,8.698970004336019,FYEWVYNHLZNOSJ-NSISKUIASA-N,488.0320000000002,2.4635000000000007,3,7,0,101.82000000000001,7,34
CCn1c(-c2nonc2N)nc2c(C#CC(C)(C)O)nc(O[C@@H](CCN)c3ccccc3)cc21,CHEMBL1099297,8.7,nM,2.0,nM,2.0,AKT1,2.0,8.698970004336019,NLAQVSZYBUGULE-SFHVURJKSA-N,461.5260000000002,2.6747000000000005,3,9,0,151.13000000000002,7,34
CC1Cc2c(ccc(F)c2F)N1C(=O)Cc1nc(N2CCOCC2)c(F)c(=O)[nH]1,CHEMBL3931890,8.7,nM,2.0,nM,2.0,AKT1,2.0,8.698970004336019,NBJUKXMPPGSNOB-UHFFFAOYSA-N,408.38000000000017,1.5441,1,5,0,78.53,3,29
C[C@H](n1cnnc1-c1nc(NC(=O)c2cc(-n3cnc(C4CC4)c3)c(N3CCC4(CC3)COC4)cn2)cs1)C(F)(F)F,CHEMBL3961404,8.68,nM,2.1,nM,2.1,AKT1,2.1,8.67778070526608,HUOHJWLXQDDAQX-INIZCTEOSA-N,599.6430000000006,4.8521000000000045,1,9,1,115.88,7,42
CCOc1c(N)ncnc1N1CCC(c2nc(-c3ccc(F)c(Cl)c3)cn2CCN2CCCC2)CC1,CHEMBL3928772,8.68,nM,2.1,nM,2.1,AKT1,2.1,8.67778070526608,IDVXLGVNCNGJLE-UHFFFAOYSA-N,514.0490000000003,4.593300000000004,1,7,1,85.33,8,36
CCc1c(N)ncnc1N1CCC(c2nc(-c3ccnc(C(F)(F)F)c3)cn2CCNC)CC1,CHEMBL3910789,8.68,nM,2.1,nM,2.1,AKT1,2.1,8.67778070526608,QWYFZEWKZWQGDU-UHFFFAOYSA-N,474.5350000000002,3.501900000000002,2,7,0,97.78,7,34
CCOc1c(N)ncnc1N1CCC(c2nc(-c3ccc(F)c(C)c3)cn2CCN2CCC2)CC1,CHEMBL3916178,8.68,nM,2.1,nM,2.1,AKT1,2.1,8.67778070526608,YFPFHMOVBQYQHX-UHFFFAOYSA-N,479.6040000000004,3.858220000000003,1,7,0,85.33,8,35
Cc1n[nH]c2ccc(-c3cncc(OC[C@@H](N)Cc4cccc(Br)c4)c3)cc12,CHEMBL390372,8.68,nM,2.1,nM,2.1,AKT1,2.1,8.67778070526608,KODVNMIRYZAUSU-IBGZPJMESA-N,437.341,4.644620000000002,2,4,0,76.82,6,28
CCONC(=O)c1ccc2c(c1)OCn1c-2nc(-c2ccc(C3(N)CC(C)(O)C3)cc2)c1-c1ccccc1,CHEMBL3701773,8.68,nM,2.1,nM,2.1,AKT1,2.1,8.67778070526608,WIHDTFSONPAPTN-UHFFFAOYSA-N,510.5940000000003,4.614100000000004,3,6,1,111.63,6,38
CS(=O)(=O)O.O=C(NCc1cccc(O)c1)Nc1nc(-c2ccncc2)cs1,CHEMBL3218297,8.67,nM,2.16,nM,2.16,AKT1,2.16,8.665546248849068,GDVRVPIXWXOKQO-UHFFFAOYSA-N,422.4880000000001,2.7364000000000006,4,7,0,141.51,4,28
O=C(Nc1csc(-c2nncn2C2CC2)n1)c1cc(-n2cnc(C3CC3)c2)c(N2CC(C(F)F)C2)cn1,CHEMBL3908126,8.66,nM,2.2,nM,2.2,AKT1,2.2,8.657577319177793,LCFPCLKTQXMUGV-UHFFFAOYSA-N,523.5730000000002,4.148200000000003,1,8,1,106.64999999999999,8,37
N#CC1CCN(c2cnc(C(=O)Nc3csc(-c4nncn4C4CC4)n3)cc2-n2cnc(C3CC3)c2)CC1,CHEMBL3898363,8.66,nM,2.2,nM,2.2,AKT1,2.2,8.657577319177793,IGIYTPHNJWHEHH-UHFFFAOYSA-N,526.6300000000002,4.186880000000003,1,9,1,130.44,7,38
NC1(C(=O)N[C@@H](CCO)c2ccc(Br)cc2)CCN(c2ncnc3[nH]ccc23)CC1,CHEMBL5948798,8.66,nM,2.2,nM,2.2,AKT1,2.2,8.657577319177793,KSVPMEDNUMSSCU-KRWDZBQOSA-N,473.3750000000003,2.258,4,6,0,120.16,6,30
C[C@H](n1cnnc1-c1nc(NC(=O)c2cc(-n3cnc(C4CC4)c3)c(N3CC4CC4C3)cn2)cs1)C(F)(F)F,CHEMBL3953359,8.66,nM,2.2,nM,2.2,AKT1,2.2,8.657577319177793,QRWVAFRLJZTAJZ-JEYLPNPQSA-N,555.5900000000005,4.691400000000004,1,8,1,106.64999999999999,7,39
C=Cc1c(N)ncnc1N1CCC(c2nc(-c3ccnc(C(C)C)c3)cn2CCN2CCC2)CC1,CHEMBL3891980,8.66,nM,2.2,nM,2.2,AKT1,2.2,8.657577319177793,XDCFPLHPOOPKGK-UHFFFAOYSA-N,472.64100000000036,4.1734000000000036,1,7,0,88.99,8,35
Nc1ncnc(N2CCC(c3nc(-c4ccnc(C(F)(F)F)c4)cn3CCN3CCC3)CC2)c1Br,CHEMBL3977147,8.66,nM,2.2,nM,2.2,AKT1,2.2,8.657577319177793,XCVFPZYBAGFIKJ-UHFFFAOYSA-N,551.4150000000004,4.1883000000000035,1,7,1,88.99,6,35
CC1(O)CC(N)(c2ccc(-c3nc4n(c3-c3ccccc3)COc3ccc(CO)cc3-4)cc2)C1,CHEMBL3701758,8.66,nM,2.2,nM,2.2,AKT1,2.2,8.657577319177793,XHQAOCRKKBUCMA-UHFFFAOYSA-N,453.54200000000026,4.425100000000003,3,5,0,93.53,4,34
O=C(Nc1csc(-c2nncn2C2CC2)n1)c1cc(-n2cnc(C3CC3)c2)c(N2CC(N3CCOCC3)C2)cn1,CHEMBL3986247,8.64,nM,2.3,nM,2.3,AKT1,2.3,8.638272163982407,LMCHECNDQKZNCD-UHFFFAOYSA-N,558.6720000000003,2.9677000000000007,1,10,1,119.11999999999999,8,40
N=C(c1ccccc1)n1c(=N)ccc2nc(-c3ccc(C4(N)CCC4)cc3)c(-c3ccccc3)cc21,CHEMBL3679633,8.64,nM,2.3,nM,2.3,AKT1,2.3,8.638272163982407,OJYYSYFDWJGZQE-UHFFFAOYSA-N,469.5920000000003,6.061340000000004,3,4,1,91.54,4,36
C[C@H](n1cnnc1-c1nc(NC(=O)c2cc(-n3cnc(C4CC4)c3)c(N3CCN4C(=O)OCC4C3)cn2)cs1)C(F)(F)F,CHEMBL3926976,8.64,nM,2.3,nM,2.3,AKT1,2.3,8.638272163982407,FUIPXUTXHGPFCR-LBAUFKAWSA-N,614.6140000000006,3.8761000000000028,1,10,1,136.19,7,43
COC1CCN(c2cnc(C(=O)Nc3csc(-c4nncn4[C@@H](C)C(F)(F)F)n3)cc2-n2cnc(C3CC3)c2)CC1,CHEMBL3904498,8.64,nM,2.3,nM,2.3,AKT1,2.3,8.638272163982407,JCNKIUAZQBRFLI-HNNXBMFYSA-N,587.632,4.850500000000005,1,9,1,115.87999999999998,8,41
CCc1c(N)ncnc1N1CCC(c2nc(-c3ccc(F)c(C)c3)cn2CC2CNC2)CC1,CHEMBL3967750,8.64,nM,2.3,nM,2.3,AKT1,2.3,8.638272163982407,SARBPKFLMZQUBL-UHFFFAOYSA-N,449.57800000000026,3.5356200000000015,2,6,0,84.89000000000001,6,33
COc1c(N)ncnc1N1CCC(c2nc(-c3ccc(F)c(C)c3)cn2CC2CNC2)CC1,CHEMBL3981085,8.64,nM,2.3,nM,2.3,AKT1,2.3,8.638272163982407,KVMVAUMDSYMRST-UHFFFAOYSA-N,451.55000000000024,2.981820000000001,2,7,0,94.12,6,33
CNC(=O)C1CCN(c2cnc(C(=O)Nc3csc(-c4nncn4[C@@H](C)C(F)(F)F)n3)cc2-n2cnc(C3CC3)c2)CC1,CHEMBL3908356,8.64,nM,2.3,nM,2.3,AKT1,2.3,8.638272163982407,RUMKPGLTVNIODO-HNNXBMFYSA-N,614.6579999999998,4.197700000000003,2,9,1,135.75,8,43
Nc1ncnc(N2CCC(c3nc(-c4ccc(F)c(C(F)(F)F)c4)cn3CCN3CCC3)CC2)c1Br,CHEMBL3894578,8.64,nM,2.3,nM,2.3,AKT1,2.3,8.638272163982407,DYERZMIJULWDJN-UHFFFAOYSA-N,568.4170000000004,4.932400000000005,1,6,1,76.10000000000001,6,36
N#Cc1c(N)ncnc1N1CCC(c2nc(-c3ccc(F)c(C(F)(F)F)c3)cn2CCN2CCCCC2)CC1,CHEMBL3927877,8.64,nM,2.3,nM,2.3,AKT1,2.3,8.638272163982407,IKNUWQGXRGMLOY-UHFFFAOYSA-N,542.5850000000002,4.821780000000004,1,7,1,99.89,6,39
NC1(c2ccc(-c3nc4n(c3-c3ccccc3)COc3c(F)cccc3-4)cc2)CC(O)(C2CC2)C1,CHEMBL3701726,8.64,nM,2.3,nM,2.3,AKT1,2.3,8.638272163982407,MMUXGKIVENLORJ-UHFFFAOYSA-N,467.54400000000027,5.462000000000005,2,4,1,73.3,4,35
Cc1cc(-c2cn(CCNCC3CC3)c(C3CCN(c4ncnc(N)c4C#N)CC3)n2)ccc1F,CHEMBL3972479,8.64,nM,2.3,nM,2.3,AKT1,2.3,8.638272163982407,KVGXNQBHBACSGG-UHFFFAOYSA-N,474.5880000000002,3.6251000000000015,2,7,0,108.67999999999999,8,35
CC1(O)CC(N)(c2ccc(-c3nc4n(c3-c3ccccc3)COc3ccc(C(=O)NCCO)cc3-4)cc2)C1,CHEMBL3701774,8.62,nM,2.4,nM,2.4,AKT1,2.4,8.619788758288394,DSGJESMBJIIZPG-UHFFFAOYSA-N,510.59400000000034,3.6549000000000023,4,6,1,122.63000000000001,6,38
COc1cc(-c2cn(CCN3CCC3)c(C3CCN(c4ncnc(N)c4C#N)CC3)n2)ccc1F,CHEMBL3938454,8.62,nM,2.4,nM,2.4,AKT1,2.4,8.619788758288394,HJFIIHVQWRUIBJ-UHFFFAOYSA-N,476.5600000000002,3.0313800000000013,1,8,0,109.11999999999999,7,35
C[C@H](n1cnnc1-c1nc(NC(=O)c2cc(-n3cnc(C4CC4)c3)c(N3CC4CN(C)CC4C3)cn2)cs1)C(F)(F)F,CHEMBL3899813,8.62,nM,2.4,nM,2.4,AKT1,2.4,8.619788758288394,MUZYCIOUSKICFY-ZLPCBKJTSA-N,598.6590000000004,4.233100000000004,1,9,1,109.88999999999999,7,42
CC(C)c1cc(-c2cn(CCN3CCC3)c(C3CCN(c4ncnc(N)c4Cl)CC3)n2)ccn1,CHEMBL3912769,8.62,nM,2.4,nM,2.4,AKT1,2.4,8.619788758288394,BBTVEWXIIOMQJE-UHFFFAOYSA-N,481.0480000000001,4.183800000000002,1,7,0,88.99,7,34
Cc1ccc(C[C@H](N)COc2cncc(-c3ccc4[nH]nc(C)c4c3)c2)cc1F,CHEMBL227050,8.62,nM,2.4,nM,2.4,AKT1,2.4,8.619788758288394,AYHSIFYQYXUXBQ-IBGZPJMESA-N,390.4620000000001,4.329640000000003,2,4,0,76.82,6,29
CC(C)NC[C@@H](C(=O)N1CCN(c2ncnc3c2C(C)CC(=O)N3)CC1)c1ccc(Cl)cc1,CHEMBL5187287,8.62,nM,2.4,nM,2.4,AKT1,2.4,8.619788758288394,MTIVHEGAZSBQQQ-LRTDYKAYSA-N,471.0050000000002,3.0061000000000018,2,6,0,90.46000000000001,6,33
COc1cc(-c2cn(CCN3CCC3)c(C3CCN(c4ncnc(N)c4C(N)=O)CC3)n2)ccc1F,CHEMBL3933597,8.62,nM,2.4,nM,2.4,AKT1,2.4,8.619788758288394,JNORLXPNXUUQIG-UHFFFAOYSA-N,494.5750000000002,2.2586000000000004,2,8,0,128.42000000000002,8,36
C[C@H](O)CNC(=O)c1cccc(-c2ccc3nc(-c4cccnc4N)n(-c4ccc(C5(N)CCC5)cc4)c3n2)c1,CHEMBL3640736,8.61,nM,2.45,nM,2.45,AKT1,2.45,8.610833915635467,DOCHXEHAHKHVRX-IBGZPJMESA-N,533.6360000000003,4.180200000000002,4,7,1,144.97000000000003,7,40
CC(=O)NCC[C@@H]1C[C@@H](c2ccc(F)c(F)c2)[C@H](NC(=O)c2cc(-c3c(Cl)cnn3C)c(Cl)o2)CN1,CHEMBL4460525,8.6,nM,2.49,nM,2.49,AKT1,2.49,8.603800652904264,HOWUBAQZDOOOAH-QEEYODRMSA-N,540.3980000000001,4.035400000000002,3,5,1,101.19000000000001,7,36
O=C(Nc1csc(-c2nncn2C2CC2)n1)c1cc(-n2cnc(C3CC3)c2)c(N2CCC(F)CC2)cn1,CHEMBL3920406,8.6,nM,2.5,nM,2.5,AKT1,2.5,8.602059991327963,GMPZDJRNJKFIAT-UHFFFAOYSA-N,519.6100000000004,4.385200000000004,1,8,1,106.64999999999999,7,37
COc1cc2c(cc1Nc1nc(Nc3cccc4c3C(=O)NC4)c3cc[nH]c3n1)N(C(=O)CN(C)C)CC2,CHEMBL517163,8.6,nM,2.5,nM,2.5,AKT1,2.5,8.602059991327963,KTQGBACJIGNCAB-UHFFFAOYSA-N,512.5740000000003,3.147800000000001,4,8,1,127.50999999999998,7,38
COCCNCCn1cc(-c2ccc(F)c(C(F)(F)F)c2)nc1C1CCN(c2ncnc(N)c2C#N)CC1,CHEMBL3903066,8.6,nM,2.5,nM,2.5,AKT1,2.5,8.602059991327963,WTXODCJICMVXLA-UHFFFAOYSA-N,532.5460000000002,3.571880000000001,2,8,1,117.91,9,38
CCN(CC)CCn1cc(-c2ccc(F)c(C)c2)nc1C1CCN(c2ncnc(N)c2C#N)CC1,CHEMBL3896910,8.6,nM,2.5,nM,2.5,AKT1,2.5,8.602059991327963,WQRREPRLHYMJEK-UHFFFAOYSA-N,476.6040000000003,3.9673000000000025,1,7,0,99.89000000000001,8,35
O=C(Nc1csc(-c2nncn2C2CC2)n1)c1cc(-n2cnc(C3CC3)c2)c(N2CCN(CC3CC3)CC2)cn1,CHEMBL3978053,8.6,nM,2.5,nM,2.5,AKT1,2.5,8.602059991327963,DWYBGTYDUKJJIY-UHFFFAOYSA-N,556.7000000000003,3.978900000000003,1,9,1,109.88999999999999,9,40
CC(C)NCCn1cc(-c2ccc(F)c(C(F)(F)F)c2)nc1C1CCN(c2ncnc(N)c2C(N)=O)CC1,CHEMBL3919834,8.6,nM,2.5,nM,2.5,AKT1,2.5,8.602059991327963,MOQRMWMUHUDDJL-UHFFFAOYSA-N,534.5620000000001,3.5610999999999997,3,7,1,127.97999999999999,8,38
Cc1cc(C[C@H](N)COc2cncc(-c3cc4c(C)n[nH]c4cn3)c2)ccc1F,CHEMBL573359,8.6,nM,2.5,nM,2.5,AKT1,2.5,8.602059991327963,FBUXWNVDUZTLKE-KRWDZBQOSA-N,391.45000000000005,3.7246400000000017,2,5,0,89.71,6,29
Cn1ncc(Cl)c1-c1cc(C(=O)N[C@@H]2CNCC[C@@H]2c2ccc(F)c(F)c2)oc1Cl,CHEMBL4552655,8.6,nM,2.5,nM,2.5,AKT1,2.5,8.602059991327963,CZIVUSJISIAXJB-BDJLRTHQSA-N,455.29200000000014,4.140600000000003,2,4,0,72.09,4,30
Nc1ncnc(N2CCC(c3nc(-c4ccnc(C(F)(F)F)c4)cn3CCN3CCC3)CC2)c1Cl,CHEMBL3980922,8.6,nM,2.5,nM,2.5,AKT1,2.5,8.602059991327963,MERNKFHEABWVHR-UHFFFAOYSA-N,506.9640000000004,4.079200000000004,1,7,1,88.99,6,35
Cc1cc(C[C@H](N)COc2cncc(-c3ccc4[nH]nc(C)c4c3)c2)ccc1Br,CHEMBL226996,8.6,nM,2.5,nM,2.5,AKT1,2.5,8.602059991327963,FEYCHMPYFOYUSY-IBGZPJMESA-N,451.36800000000017,4.953040000000003,2,4,0,76.82,6,29
COc1cc(C(C)=O)nn2c(-c3ccccc3)c(-c3ccc(C4(N)CCC4)cc3)nc12,CHEMBL5877555,8.59,nM,2.6,nM,2.6,AKT1,2.6,8.585026652029182,QJQZFOLVUJYZMK-UHFFFAOYSA-N,412.4930000000002,4.612400000000004,1,5,0,82.50999999999999,5,31
CC[C@H](NC(=O)C1(N)CCN(c2ncnc3[nH]ccc23)CC1)c1ccc(Cl)cc1,CHEMBL5804752,8.59,nM,2.6,nM,2.6,AKT1,2.6,8.585026652029182,ZFMRDRXPXZUHDB-KRWDZBQOSA-N,412.9250000000002,3.1765000000000017,3,5,0,99.93,5,29
CCc1c(N)ncnc1N1CCC(c2nc(-c3ccc(F)c(C)c3)cn2CCN(CC)CC)CC1,CHEMBL3891820,8.59,nM,2.6,nM,2.6,AKT1,2.6,8.585026652029182,BAOLTBUSJGESBU-UHFFFAOYSA-N,479.64800000000037,4.658020000000005,1,6,0,76.10000000000001,9,35
CCN(CC)CCn1cc(-c2ccc(F)c(C)c2)nc1C1CCN(c2ncnc(N)c2OC(C)C)CC1,CHEMBL3913659,8.59,nM,2.6,nM,2.6,AKT1,2.6,8.585026652029182,RLUCUWZCWXANSZ-UHFFFAOYSA-N,509.6740000000004,4.882820000000004,1,7,1,85.33000000000001,10,37
C[C@H](n1cnnc1-c1nc(NC(=O)c2cc(-n3cnc(C4CC4)c3)c(N3CC4(CCOCC4)C3)cn2)cs1)C(F)(F)F,CHEMBL3903012,8.59,nM,2.6,nM,2.6,AKT1,2.6,8.585026652029182,FCAMTRIQYPAGBH-INIZCTEOSA-N,599.6430000000006,4.8521000000000045,1,9,1,115.88,7,42
N[C@H](COc1cncc(-c2ccc3[nH]nc(C4CC4)c3c2)c1)Cc1c[nH]c2ccccc12,CHEMBL572907,8.59,nM,2.6,nM,2.6,AKT1,2.6,8.585026652029182,XFSGQISORHPKEK-FQEVSTJZSA-N,423.52000000000015,4.932400000000004,3,4,0,92.60999999999999,7,32
N[C@]1(CNC(=O)c2ccc(F)cc2)CCN(c2ncnc3[nH]cc(Cl)c23)C1,CHEMBL1169610,8.59,nM,2.6,nM,2.6,AKT1,2.6,8.585026652029182,CIUDTEMUAJXOJA-SFHVURJKSA-N,388.8340000000001,2.087999999999999,3,5,0,99.93,4,27
N#Cc1c(N)ncnc1N1CCC(c2nc(-c3ccc(F)c(C(F)(F)F)c3)cn2CCN2CCC2)CC1,CHEMBL3962807,8.59,nM,2.6,nM,2.6,AKT1,2.6,8.585026652029182,BVYUJCVPGYLIMY-UHFFFAOYSA-N,514.5310000000003,4.041580000000003,1,7,1,99.89,6,37
CNC(=O)C[C@@H]1C[C@@H](c2ccc(Cl)c(Cl)c2)[C@H](NC(=O)c2cc(-c3c(Cl)cnn3C)c(Cl)o2)CN1,CHEMBL4475923,8.58,nM,2.64,nM,2.64,AKT1,2.64,8.578396073130168,GDDUFMLQAAXISM-ZJNRKIDTSA-N,559.2810000000001,4.673900000000003,3,5,1,101.19000000000001,6,35
Cc1cc(-c2cn(CCN3CCC3)c(C3CCN(c4ncnc(N)c4OC(C)C)CC3)n2)ccc1F,CHEMBL3985943,8.57,nM,2.7,nM,2.7,AKT1,2.7,8.568636235841012,FQHMWPOPJGVXKJ-UHFFFAOYSA-N,493.6310000000002,4.2467200000000025,1,7,0,85.33,8,36
Nc1ncnc(N2CCC(c3nc(-c4ccc(F)c(C(F)(F)F)c4)cn3CCN3CCC3)CC2)c1[N+](=O)[O-],CHEMBL3927590,8.57,nM,2.7,nM,2.7,AKT1,2.7,8.568636235841012,ZRGLOCZGYSBBDT-UHFFFAOYSA-N,534.5180000000004,4.078100000000003,1,8,1,119.24000000000001,7,38
NCC1(C(=O)NC(CCO)c2ccc(Cl)cc2)CCN(c2ncnc3[nH]ccc23)CC1,CHEMBL5818600,8.57,nM,2.7,nM,2.7,AKT1,2.7,8.568636235841012,RTMJCNWUUFZBCR-UHFFFAOYSA-N,442.95100000000025,2.3965000000000005,4,6,0,120.16,7,31
O=C(Nc1csc(-c2nncn2C2CC2)n1)c1cc(-n2cnc(C3CC3)c2)c(N2CCN3CCCC3C2)cn1,CHEMBL3964706,8.57,nM,2.7,nM,2.7,AKT1,2.7,8.568636235841012,UZZFEAONZIHMSX-UHFFFAOYSA-N,542.6730000000003,3.7313000000000027,1,9,1,109.88999999999999,7,39
Cl.Cn1nccc1-c1ccc(C(=O)N[C@@H]2CNCC[C@H]2c2ccc(F)c(F)c2)cc1F,CHEMBL4867422,8.57,nM,2.7,nM,2.7,AKT1,2.7,8.568636235841012,JWZHIBRRVXMBJJ-MGPUTAFESA-N,450.89200000000017,3.801700000000002,2,3,0,58.95,4,31
O=C(Nc1csc(-c2nncn2C2CC2)n1)c1cc(-n2cnc(C3CC3)c2)c(N2CCN3C(=O)OCC3C2)cn1,CHEMBL3963748,8.57,nM,2.7,nM,2.7,AKT1,2.7,8.568636235841012,AFELNRHIXXVTNY-UHFFFAOYSA-N,558.6280000000003,3.0877000000000017,1,10,1,136.19,7,40
CC(C)N(C)CCn1cc(-c2ccc(F)c(C(F)(F)F)c2)nc1C1CCN(c2ncnc(N)c2C#N)CC1,CHEMBL3909180,8.57,nM,2.7,nM,2.7,AKT1,2.7,8.568636235841012,MOYOONIFAFLCQH-UHFFFAOYSA-N,530.5740000000002,4.676080000000003,1,7,1,99.89000000000001,7,38
Nc1ncnc(N2CCC(c3nc(-c4ccnc(C(F)(F)F)c4)cn3CCN3CCC3)CC2)c1-c1cnoc1,CHEMBL3908552,8.57,nM,2.7,nM,2.7,AKT1,2.7,8.568636235841012,MNAVNDWRKFKOGX-UHFFFAOYSA-N,539.5660000000004,4.0808000000000035,1,9,1,115.02,7,39
Cc1cc(-c2cn(CCN(C)C(C)C)c(C3CCN(c4ncnc(N)c4C#N)CC3)n2)ccc1F,CHEMBL3963056,8.57,nM,2.7,nM,2.7,AKT1,2.7,8.568636235841012,JKACOTYFJGVPGL-UHFFFAOYSA-N,476.6040000000002,3.965700000000002,1,7,0,99.89,7,35
Cn1ncc(Cl)c1-c1cc(C(=O)N[C@@H]2CN[C@H](CCO)C[C@H]2c2ccc(Cl)c(Cl)c2)oc1Cl,CHEMBL4517950,8.56,nM,2.74,nM,2.74,AKT1,2.74,8.562249437179611,HFGBVWTXXVVLHG-FHSNZYRGSA-N,532.2550000000003,4.920200000000005,3,5,1,92.32000000000001,6,33
CCN(CCn1cc(-c2ccc(F)c(C)c2)nc1C1CCN(c2ncnc(N)c2C#N)CC1)C(C)C,CHEMBL3957053,8.55,nM,2.8,nM,2.8,AKT1,2.8,8.55284196865778,AKLMWTZNFKEMQK-UHFFFAOYSA-N,490.63100000000037,4.355800000000003,1,7,0,99.89000000000001,8,36
Nc1ncnc(N2CCC(c3nc(-c4ccnc(C(F)(F)F)c4)cn3CCNCCCCl)CC2)c1Br,CHEMBL3951747,8.55,nM,2.8,nM,2.8,AKT1,2.8,8.55284196865778,KIOZCJFPASJAIE-UHFFFAOYSA-N,587.8760000000004,4.701100000000004,2,7,1,97.78,9,36
CN(C)CC[C@@H](NC(=O)C1(N)CCN(c2ncnc3[nH]ccc23)CC1)c1ccc(Cl)cc1,CHEMBL5782008,8.55,nM,2.8,nM,2.8,AKT1,2.8,8.55284196865778,VZOXJFOAJQVTTK-LJQANCHMSA-N,455.99400000000014,2.7182000000000013,3,6,0,103.17000000000002,7,32
O=C(Nc1csc(-c2nncn2C2CC2)n1)c1cc(-n2cnc(C3CC3)c2)c(N2CCN(C3CC3)CC2)cn1,CHEMBL3954180,8.55,nM,2.8,nM,2.8,AKT1,2.8,8.55284196865778,GGXVCKICZMCCLV-UHFFFAOYSA-N,542.6730000000003,3.7313000000000027,1,9,1,109.88999999999999,8,39
O=C(Nc1csc(-c2nncn2C2CC2)n1)c1cc(-n2cnc(C3CC3)c2)c(N2CC(F)(F)C2)cn1,CHEMBL3957940,8.55,nM,2.8,nM,2.8,AKT1,2.8,8.55284196865778,VWVSGSNEMFMEAE-UHFFFAOYSA-N,509.5460000000003,3.9022000000000023,1,8,1,106.64999999999999,7,36
COC1CCN(c2cnc(C(=O)Nc3csc(-c4nncn4C4CC4)n3)cc2-n2cnc(C3CC3)c2)C1,CHEMBL3895494,8.55,nM,2.8,nM,2.8,AKT1,2.8,8.55284196865778,RMDQTUKUWQKGFZ-UHFFFAOYSA-N,517.6190000000003,3.6720000000000024,1,9,1,115.87999999999998,8,37
CCCc1cc(-c2cncc(OC[C@@H](N)Cc3c[nH]c4ccccc34)c2)cc2c(C)n[nH]c12,CHEMBL1254114,8.55,nM,2.8,nM,2.8,AKT1,2.8,8.55284196865778,FYXLHXKTNFICLL-QFIPXVFZSA-N,439.5630000000001,5.315920000000003,3,4,1,92.60999999999999,8,33
CC(C)NC[C@@H](C(=O)N1C2CCC1CN(c1ncnc3c1[C@H](C)CC(=O)N3)C2)c1ccc(Cl)cc1,CHEMBL5195745,8.55,nM,2.8,nM,2.8,AKT1,2.8,8.55284196865778,WIFZRCVAOWEYQE-XZSMBWTPSA-N,497.04300000000023,3.5371000000000015,2,6,0,90.46000000000001,6,35
CN(C)CC[C@H](NC(=O)C1(N)CCN(c2ncnc3[nH]ccc23)CC1)c1ccc(Cl)cc1,CHEMBL2325727,8.55,nM,2.8,nM,2.8,AKT1,2.8,8.55284196865778,VZOXJFOAJQVTTK-IBGZPJMESA-N,455.99400000000014,2.7182000000000013,3,6,0,103.17000000000002,7,32
Cl.O=C(N[C@@H]1CNCC[C@H]1c1cc(F)cc(F)c1)c1ccc2c(c1)OCCn1ncc(Cl)c1-2,CHEMBL5409113,8.55,nM,2.8,nM,2.8,AKT1,2.8,8.55284196865778,XEBULUKGHLMGFH-FXAWDEMLSA-N,495.35700000000026,4.171400000000003,2,4,0,68.18,3,33
COc1ccc2c(c1)-c1nc(-c3ccc(C4(N)CC(C)(O)C4)cc3)c(-c3ccccc3)n1CO2,CHEMBL3701735,8.54,nM,2.9,nM,2.9,AKT1,2.9,8.537602002101044,RMBLXWOYENNPNV-UHFFFAOYSA-N,453.54200000000014,4.941400000000004,2,5,0,82.53000000000002,4,34
Nc1ncnc(N2CCC(c3nc(-c4ccc(F)cc4)cn3CCN3CCCC3)CC2)c1Br,CHEMBL3911853,8.54,nM,2.9,nM,2.9,AKT1,2.9,8.537602002101044,KRASTSBCSPTMCM-UHFFFAOYSA-N,514.4470000000003,4.303700000000004,1,6,1,76.10000000000001,6,33
CN(C)CCCC(NC(=O)C1(N)CCN(c2ncnc3[nH]ccc23)CC1)c1ccc(Cl)cc1,CHEMBL2325993,8.54,nM,2.9,nM,2.9,AKT1,2.9,8.537602002101044,RVLXAFFPKAXSFU-UHFFFAOYSA-N,470.0210000000002,3.1083000000000016,3,6,0,103.17000000000002,8,33
Nc1n[nH]c2ccc(-c3cncc(OC[C@@H](N)Cc4c[nH]c5ccccc45)c3)cc12,CHEMBL577795,8.54,nM,2.9,nM,2.9,AKT1,2.9,8.537602002101044,AWGLCZVLVUELKQ-KRWDZBQOSA-N,398.4700000000001,3.6372000000000018,4,5,0,118.63,6,30
O=C(N1CCN(c2ncnc3[nH]cc(Cl)c23)CC1)C1(c2ccc(Cl)c(Cl)c2)CCNCC1,CHEMBL4213657,8.54,nM,2.9,nM,2.9,AKT1,2.9,8.537602002101044,JTSYEFFXDXXYAL-UHFFFAOYSA-N,493.82600000000036,3.8881000000000014,2,5,0,77.15,3,32
Cn1ncc(Cl)c1-c1cc(C(=O)N[C@@H]2CNCC[C@H]2c2ccc(Cl)c(Cl)c2)oc1Cl,CHEMBL4445510,8.54,nM,2.9,nM,2.9,AKT1,2.9,8.537602002101044,NFCORFXNZAURBM-MEDUHNTESA-N,488.2020000000002,5.169200000000004,2,4,1,72.09,4,30
N#Cc1c(N)ncnc1N1CCC(c2nc(-c3ccc(F)c(C(F)(F)F)c3)cn2CC2CCCN2)CC1,CHEMBL3968352,8.54,nM,2.9,nM,2.9,AKT1,2.9,8.537602002101044,BKWJTVGUNLNJRS-UHFFFAOYSA-N,514.5310000000002,4.087880000000003,2,7,1,108.68,5,37
N[C@H](COc1cncc(-c2cc3c(Cl)n[nH]c3cn2)c1)Cc1cccc(C(F)(F)F)c1,CHEMBL388312,8.54,nM,2.9,nM,2.9,AKT1,2.9,8.537602002101044,WHPGUDAVAIYVRR-HNNXBMFYSA-N,447.8480000000001,4.640900000000003,2,5,0,89.71,6,31
Cc1cc(-c2cn(CCNC(C)C)c(C3CCN(c4ncnc(N)c4C#N)CC3)n2)ccc1F,CHEMBL3890076,8.54,nM,2.9,nM,2.9,AKT1,2.9,8.537602002101044,AUVWKQGXLMJMFV-UHFFFAOYSA-N,462.5770000000002,3.6235000000000017,2,7,0,108.67999999999999,7,34
O=C(Nc1csc(-c2nncn2C2CC2)n1)c1cc(-n2cnc(C3CC3)c2)c(N2CCN(CC(F)(F)F)CC2)cn1,CHEMBL3953443,8.54,nM,2.9,nM,2.9,AKT1,2.9,8.537602002101044,VOMQQXSMYIYUPK-UHFFFAOYSA-N,584.6320000000002,4.131200000000003,1,9,1,109.88999999999999,8,41
C[C@@H]1C[C@@H](O)c2ncnc(N3CCN(C(=O)[C@H](CNCC4CCOCC4)c4ccc(Cl)cc4)CC3)c21,CHEMBL2177368,8.52,nM,3.0,nM,3.0,AKT1,3.0,8.522878745280337,ROHAVZMZAUESFZ-SXSPYAJSSA-N,514.0700000000003,3.119200000000002,2,7,1,90.82000000000001,7,36
C[C@@H]1C[C@@H](O)c2ncnc(N3CCN(C(=O)[C@@H](c4ccc(Cl)cc4)[C@@H]4CCCN4)CC3)c21,CHEMBL2177379,8.52,nM,3.0,nM,3.0,AKT1,3.0,8.522878745280337,NEEIYKGPXDSGBL-LKRGOLFISA-N,455.9900000000003,2.8550000000000013,2,6,0,81.59,4,32
CC(C)NC[C@@H](C(=O)N1CCN(c2ncnc3c2[C@H](CF)CC3)CC1)c1ccc(Cl)cc1,CHEMBL2177388,8.52,nM,3.0,nM,3.0,AKT1,3.0,8.522878745280337,WWGYSLWSIAEYKJ-AZUAARDMSA-N,459.9970000000003,3.559700000000002,1,5,0,61.36000000000001,7,32
NCCC(NC(=O)C1(N)CCN(c2ncnc3[nH]ccc23)CC1)c1ccc(Cl)cc1,CHEMBL5762410,8.52,nM,3.0,nM,3.0,AKT1,3.0,8.522878745280337,CLFKFNXPIRYYMC-UHFFFAOYSA-N,427.94000000000017,2.1153000000000004,4,6,0,125.94999999999999,6,30
CC(C)NC[C@H](Cc1ccc(Cl)cc1)C(=O)N1CCN(c2ncnc3c2[C@H](C)OC3)CC1,CHEMBL1632391,8.52,nM,3.0,nM,3.0,AKT1,3.0,8.522878745280337,AWTRAMMHFMCVHF-HKUYNNGSSA-N,458.00600000000037,3.226700000000002,1,6,0,70.59,7,32
Cc1noc(C)c1S(=O)(=O)NC[C@@H](O)CN1CCC[C@@]2(CCN(c3ncnc(N)c3C3CC3)C2)C1,CHEMBL1760776,8.52,nM,3.0,uM,0.003,AKT1,3.0,8.522878745280337,VWAPTRBPESSVKG-WZONZLPQSA-N,505.6450000000005,1.1727400000000003,3,10,1,150.71,8,35
Cc1nc(-c2ccoc2)c(-c2cnc3[nH]nc(C)c3n2)cc1OC[C@@H](N)Cc1c[nH]c2ccccc12,CHEMBL594523,8.52,nM,3.0,uM,0.003,AKT1,3.0,8.522878745280337,XKNDLPMAXNMALL-IBGZPJMESA-N,479.5440000000002,4.721840000000003,3,7,0,131.53,7,36
N[C@H](CNc1nnc(-c2ccc3cnccc3c2)s1)Cc1ccc(C(F)(F)F)cc1,CHEMBL1080569,8.52,nM,3.0,uM,0.003,AKT1,3.0,8.522878745280337,WZOVTPHXONVIIJ-SFHVURJKSA-N,429.4710000000001,4.754000000000003,2,6,0,76.72,6,30
C[C@@H]1C[C@@H](O)c2ncnc(N3CCN(C(=O)[C@H](CNCC4CC4)c4ccc(C(F)(F)F)c(F)c4)CC3)c21,CHEMBL2177361,8.52,nM,3.0,nM,3.0,AKT1,3.0,8.522878745280337,NRRILVLCPJUGCY-FQELHTAISA-N,521.5590000000002,3.6071000000000026,2,6,1,81.59,7,37
Cc1ccc(CC(CNC(C)C)C(=O)N2CCN(c3ncnc4c3[C@H](C)SC4)CC2)cc1,CHEMBL1632382,8.52,nM,3.0,nM,3.0,AKT1,3.0,8.522878745280337,FPCQIAFSAOSSKP-ZQRQZVKFSA-N,453.65600000000023,3.598320000000002,1,6,0,61.36000000000001,7,32
CCn1c(-c2nonc2N)nc2c(C#CC(C)(C)O)ncc(OCCCNC[C@H](O)CO)c21,CHEMBL522351,8.52,nM,3.0,uM,0.003,AKT1,3.0,8.522878745280337,XMRDIROQMJMYRD-ZDUSSCGKSA-N,459.50700000000023,-0.08249999999999852,5,11,1,177.6,10,33
Cc1occc1-c1nc(N)c(OC[C@@H](N)Cc2c[nH]c3ccccc23)cc1-c1ccc2[nH]nc(C)c2c1,CHEMBL593374,8.52,nM,3.0,uM,0.003,AKT1,3.0,8.522878745280337,NNIFDNQGXRCFDV-FQEVSTJZSA-N,492.58300000000014,5.514040000000003,4,6,1,131.76999999999998,7,37
O=C(Cc1nc(N2CCOCC2)cc(=O)[nH]1)N1CCc2c(Cl)cccc21,CHEMBL3112849,8.52,nM,3.0,nM,3.0,AKT1,3.0,8.522878745280337,IADWZPWKRCWMPE-UHFFFAOYSA-N,374.82800000000015,1.3916999999999997,1,5,0,78.53,3,26
COc1ccc(C[C@@H](CN)NC(=O)c2cc(Br)c(-c3ccnc4[nH]ccc34)s2)cc1,CHEMBL524998,8.52,nM,3.0,nM,3.0,AKT1,3.0,8.522878745280337,NFDAXVLLAADPOQ-AWEZNQCLSA-N,485.4070000000001,4.362300000000002,3,5,0,93.03,7,30
Cc1n[nH]c2ccc(-c3cc(OC[C@@H](N)Cc4ccccc4)cnc3-c3cc(Cl)ccc3O)cc12,CHEMBL605733,8.52,nM,3.0,uM,0.003,AKT1,3.0,8.522878745280337,JGRVNYCDFQYPQZ-NRFANRHFSA-N,484.98700000000014,5.908120000000005,3,5,1,97.05,7,35
Nc1ncnc(N2CCC(c3nc(-c4ccc(O)c(C(F)(F)F)c4)cn3CCN3CCCC3)CC2)c1Cl,CHEMBL3961556,8.52,nM,3.0,nM,3.0,AKT1,3.0,8.522878745280337,MCLSMBVMAJFHIH-UHFFFAOYSA-N,536.0020000000004,4.779900000000004,2,7,1,96.33,6,37
CC1Cc2cc(F)ccc2N1C(=O)Cc1nc(N2CCOCC2)c(F)c(=O)[nH]1,CHEMBL3918391,8.52,nM,3.0,nM,3.0,AKT1,3.0,8.522878745280337,NRBWFVPYKPPSPU-UHFFFAOYSA-N,390.3900000000002,1.4049999999999998,1,5,0,78.53,3,28
Cc1cccc2c1CCN2C(=O)Cc1nc(N2CCOCC2)cc(=O)[nH]1,CHEMBL3112851,8.52,nM,3.0,nM,3.0,AKT1,3.0,8.522878745280337,XJNOEUSVGFJGLV-UHFFFAOYSA-N,354.4100000000001,1.0467199999999999,1,5,0,78.53,3,26
CC1Cc2c(Br)cccc2N1C(=O)Cc1nc(N2CCOCC2)cc(=O)[nH]1,CHEMBL3971065,8.52,nM,3.0,nM,3.0,AKT1,3.0,8.522878745280337,FYXVPLVTOKFUQO-UHFFFAOYSA-N,433.30600000000027,1.8892999999999993,1,5,0,78.53,3,27
NCC(C(=O)Nc1ccc(-c2ccnc3[nH]ccc23)s1)c1ccccc1,CHEMBL512480,8.52,nM,3.0,nM,3.0,AKT1,3.0,8.522878745280337,SZPYEVURGKSXEH-UHFFFAOYSA-N,362.458,3.972400000000002,3,4,0,83.80000000000001,5,26
CCn1c(-c2nonc2N)nc2c(C#CC(C)(C)O)ncc(OCC[C@@H](N)Cc3ccccc3)c21,CHEMBL523859,8.52,nM,3.0,uM,0.003,AKT1,3.0,8.522878745280337,YZFPZLRYEFAFRR-QGZVFWFLSA-N,475.5530000000002,2.5447000000000006,3,9,0,151.13000000000002,8,35
CCn1c(-c2nonc2N)nc2c(C#CC(C)(C)O)nc(CNC)cc21,CHEMBL1098316,8.52,nM,3.0,nM,3.0,AKT1,3.0,8.522878745280337,AXILYJJKIDQSFE-UHFFFAOYSA-N,355.40200000000004,0.9251999999999998,3,8,0,127.91000000000001,4,26
CCn1c(-c2nonc2N)nc2c(C#CC(C)(C)O)nc(O[C@H](CN)c3ccccc3)cc21,CHEMBL1099296,8.52,nM,3.0,nM,3.0,AKT1,3.0,8.522878745280337,VLGIYSJSJHPDHN-QGZVFWFLSA-N,447.49900000000014,2.2846,3,9,0,151.13000000000002,6,33
CCn1c(-c2nonc2N)nc2c(C#CC(C)(C)O)nc(OC[C@@H](N)Cc3ccccc3)cc21,CHEMBL1098939,8.52,nM,3.0,nM,3.0,AKT1,3.0,8.522878745280337,YFXZFROOGCONFB-INIZCTEOSA-N,461.5260000000002,2.1546000000000003,3,9,0,151.13000000000002,7,34
CCn1c(-c2nonc2N)nc2c(C#CC(C)(C)O)nc(OC[C@H](N)c3ccccc3)cc21,CHEMBL1096634,8.52,nM,3.0,nM,3.0,AKT1,3.0,8.522878745280337,NPRGDRYIMFLLIG-HNNXBMFYSA-N,447.49900000000014,2.2846,3,9,0,151.13000000000002,6,33
CNCC(NC(=O)c1cc(Br)c(-c2ccnc3[nH]ccc23)s1)c1ccccc1,CHEMBL470410,8.52,nM,3.0,nM,3.0,AKT1,3.0,8.522878745280337,WKQCDXUGFQSMAF-UHFFFAOYSA-N,455.3810000000001,4.744400000000002,3,4,0,69.81,6,28
C[C@@H]1SCc2ncnc(N3CCN(C(=O)C(Cc4ccc(Cl)c(F)c4)CC4(N)CC4)CC3)c21,CHEMBL1632386,8.52,nM,3.0,nM,3.0,AKT1,3.0,8.522878745280337,WDUQEQSHKQERBV-MYJWUSKBSA-N,490.04800000000034,3.9658000000000024,1,6,0,75.35000000000001,6,33
Cc1c[nH]c2ncnc(N3CC[C@](N)(CNC(=O)c4ccc(F)cc4)C3)c12,CHEMBL1171994,8.52,nM,3.0,nM,3.0,AKT1,3.0,8.522878745280337,VOALQSCHGCHZEL-IBGZPJMESA-N,368.41600000000005,1.74302,3,5,0,99.93,4,27
C[C@@H]1SCc2ncnc(N3CCN(C(=O)C(Cc4ccc(Cl)cc4)CN4CCCC4)CC3)c21,CHEMBL1632381,8.52,nM,3.0,nM,3.0,AKT1,3.0,8.522878745280337,GNCYYLVUGXSYJS-LROBGIAVSA-N,486.0850000000004,4.041100000000004,0,6,0,52.57000000000001,6,33
Cc1c[nH]c2ncnc(N3CCN(C(=O)[C@H](N)Cc4ccc(F)cc4)CC3)c12,CHEMBL1257282,8.52,nM,3.0,nM,3.0,AKT1,3.0,8.522878745280337,NROLMFHMWLAKRA-MRXNPFEDSA-N,382.4430000000001,1.62402,2,5,0,91.14,4,28
CC(C)NCC(Cc1ccc(Cl)cc1)C(=O)N1CCN(c2ncnc3c2[C@H](C)SC3)CC1,CHEMBL1632380,8.52,nM,3.0,nM,3.0,AKT1,3.0,8.522878745280337,KTOSTKQYNJBYHF-KKFHFHRHSA-N,474.07400000000035,3.9433000000000034,1,6,0,61.36000000000001,7,32
CC(C)NC[C@@H](C(=O)N1CCN(c2ncnc3c2[C@H](C)C[C@H]3O)CC1)c1ccc(Cl)c(F)c1,CHEMBL2177372,8.52,nM,3.0,nM,3.0,AKT1,3.0,8.522878745280337,ACYVWONXYYNPDK-WRWLIDTKSA-N,475.9960000000002,3.2401000000000018,2,6,0,81.59,6,33
CCn1c(-c2nonc2N)nc2c(C#CC(C)(C)O)nc(CCCN)cc21,CHEMBL1097974,8.52,nM,3.0,nM,3.0,AKT1,3.0,8.522878745280337,RSPNZJWTRZTYCY-UHFFFAOYSA-N,369.42900000000014,1.0971000000000002,3,8,0,141.9,5,27
C[C@@H]1C[C@@H](O)c2ncnc(N3CCN(C(=O)[C@H](CNC(C)(C)C)c4ccc(C(F)(F)F)c(F)c4)CC3)c21,CHEMBL2178597,8.52,nM,3.0,nM,3.0,AKT1,3.0,8.522878745280337,OSDYJCFGRBVWAT-WRWLIDTKSA-N,523.5750000000002,3.995600000000003,2,6,1,81.59,5,37
CC1(O)CC(O)(c2ccc(-c3nc4n(c3-c3ccccc3)COc3cc(C(=O)O)ccc3-4)cc2)C1,CHEMBL3701778,8.51,nM,3.1,nM,3.1,AKT1,3.1,8.508638306165727,OWOHMQRWTOYGDX-UHFFFAOYSA-N,468.50900000000024,4.664600000000003,3,5,0,104.81000000000002,4,35
Cc1n[nH]c2ccc(-c3cncc(OC[C@@H](N)Cc4ccc(F)c(Cl)c4)c3)cc12,CHEMBL375919,8.51,nM,3.1,nM,3.1,AKT1,3.1,8.508638306165727,FCRDIOYBVVUQPV-KRWDZBQOSA-N,410.88000000000005,4.674620000000003,2,4,0,76.82,6,29
CNC(=O)c1cc(-c2cc[nH]n2)c2nc(-c3ccc(C4(N)CCC4)cc3)c(-c3ccccc3)n2n1,CHEMBL5869641,8.51,nM,3.1,nM,3.1,AKT1,3.1,8.508638306165727,NQEQTCICWVMQMO-UHFFFAOYSA-N,463.54500000000024,4.150900000000002,3,5,0,113.99,5,35
Fc1ccc2c(c1)C1(CCNCC1)CN2c1ncnc2[nH]ccc12,CHEMBL407718,8.51,nM,3.1,nM,3.1,AKT1,3.1,8.508638306165727,MYTFOQDJGMLDRY-UHFFFAOYSA-N,323.375,2.8699000000000003,2,4,0,56.839999999999996,1,24
Cc1n[nH]c2ccc(-c3cncc(OC[C@@H](N)Cc4ccc(C(F)(F)F)c(F)c4)c3)cc12,CHEMBL375717,8.51,nM,3.1,nM,3.1,AKT1,3.1,8.508638306165727,LVEJWDYIDONWTK-KRWDZBQOSA-N,444.432,5.040020000000004,2,4,1,76.82,6,32
CC1(O)CC(N)(c2ccc(-c3nc4n(c3-c3ccccc3)COc3cc(C(=O)NCCO)ccc3-4)cc2)C1,CHEMBL3701772,8.51,nM,3.1,nM,3.1,AKT1,3.1,8.508638306165727,YQYPEKJWQWODNB-UHFFFAOYSA-N,510.59400000000034,3.6549000000000023,4,6,1,122.63000000000001,6,38
Cn1ncc(Cl)c1-c1cc(C(=O)N[C@@H]2CN[C@H](CC(=O)NCC(O)CO)C[C@H]2c2ccc(Cl)c(Cl)c2)oc1Cl,CHEMBL4593086,8.5,nM,3.13,nM,3.13,AKT1,3.13,8.504455662453552,IOWSTFAYUKKZSF-JKILBWCZSA-N,619.3330000000003,3.397300000000002,5,7,1,141.65000000000003,9,39
COC1CCN(c2cnc(C(=O)Nc3csc(-c4nncn4C4CC4)n3)cc2-n2cnc(C3CC3)c2)CC1,CHEMBL3943452,8.49,nM,3.2,nM,3.2,AKT1,3.2,8.494850021680094,NHHMVQGTXMGSAE-UHFFFAOYSA-N,531.6460000000002,4.062100000000004,1,9,1,115.87999999999998,8,38
N#Cc1c(N)ncnc1N1CCC(c2nc(-c3ccc(F)c(C(F)(F)F)c3)cn2CCN2CCCC2)CC1,CHEMBL3959291,8.49,nM,3.2,nM,3.2,AKT1,3.2,8.494850021680094,FMBXWBOUJFSHEK-UHFFFAOYSA-N,528.5580000000002,4.431680000000004,1,7,1,99.89,6,38
Nc1ncnc(N2CCC(c3nc(-c4ccc(F)c(F)c4)cn3CCN3CCCC3)CC2)c1Cl,CHEMBL3940627,8.49,nM,3.2,nM,3.2,AKT1,3.2,8.494850021680094,AJHYNXPIENOPCI-UHFFFAOYSA-N,487.98600000000044,4.333700000000004,1,6,0,76.10000000000001,6,34
NC1(C(=O)N[C@H](CCO)c2ccc(Cl)cc2)CCN(c2ncnc3[nH]ccc23)CC1,CHEMBL6010915,8.49,nM,3.2,nM,3.2,AKT1,3.2,8.494850021680094,JDUBGYFRJFOXQC-QGZVFWFLSA-N,428.9240000000002,2.1489000000000003,4,6,0,120.16,6,30
Cl.O=C(N[C@@H]1CNCC[C@H]1c1cc(F)cc(F)c1)c1cc2c(s1)OCCn1nccc1-2,CHEMBL5407425,8.49,nM,3.2,nM,3.2,AKT1,3.2,8.494850021680094,PSBJHPFYKVTDPC-DOTOQJQBSA-N,466.9410000000002,3.579500000000002,2,5,0,68.18,3,31
N[C@H](COc1cncc(-c2ccc3c(c2)CC(=O)N3)c1)Cc1c[nH]c2ccccc12,CHEMBL579246,8.49,nM,3.2,nM,3.2,AKT1,3.2,8.494850021680094,ORUUEFDGYYTXAF-IBGZPJMESA-N,398.4660000000001,3.673300000000002,3,4,0,93.03,6,30
Cn1ncc(Cl)c1-c1cc(C(=O)N[C@@H]2CN[C@H](CC(N)=O)C[C@H]2c2ccc(Cl)c(Cl)c2)oc1Cl,CHEMBL4438877,8.49,nM,3.24,nM,3.24,AKT1,3.24,8.489454989793387,WBSIGNSYHUWOKA-NVGCLXPQSA-N,545.2540000000004,4.413200000000002,3,5,1,115.17999999999999,6,34
Cn1ncc(Cl)c1-c1cc(C(=O)N[C@@H]2CN[C@H](CCNS(C)(=O)=O)C[C@H]2c2ccc(F)c(F)c2)oc1Cl,CHEMBL4441416,8.48,nM,3.29,nM,3.29,AKT1,3.29,8.482804102050025,IFEZKPVXFMCRIB-BIENJYKASA-N,576.4530000000003,3.448500000000003,3,6,1,118.26,8,37
Nc1ncnc(N2CCC(c3nc(-c4ccc(F)cc4)cn3CCN3CCCC3)CC2)c1Cl,CHEMBL3912632,8.48,nM,3.3,nM,3.3,AKT1,3.3,8.481486060122112,WJQJOCPGZFNQLW-UHFFFAOYSA-N,469.99600000000044,4.194600000000004,1,6,0,76.10000000000001,6,33
Cc1n[nH]c2ccc(-c3cncc(OC[C@@H](N)Cc4cccc(OC(F)(F)F)c4)c3)cc12,CHEMBL227271,8.48,nM,3.3,nM,3.3,AKT1,3.3,8.481486060122112,VXYDJXMHISGSDA-SFHVURJKSA-N,442.44100000000003,4.780720000000003,2,5,0,86.05,7,32
NC1(C(=O)N[C@@H](CCCN2CCCCC2)c2ccc(Cl)cc2)CCN(c2ncnc3[nH]ccc23)CC1,CHEMBL6064010,8.48,nM,3.3,nM,3.3,AKT1,3.3,8.481486060122112,YHWQEGXKPZBDKS-QHCPKHFHSA-N,510.08600000000024,4.032600000000003,3,6,1,103.17000000000002,8,36
CC(C)(CC1CC1)C1C(=O)Nc2ccc(-c3cncc(OC[C@@H](N)Cc4c[nH]c5ccccc45)c3)cc21,CHEMBL378827,8.48,nM,3.3,nM,3.3,AKT1,3.3,8.481486060122112,IRPYMAQUPRZZML-QASNXKAYSA-N,494.6390000000003,6.040700000000005,3,4,1,93.03,9,37
NC1(C(=O)N[C@H](CCCN2CCCCC2)c2ccc(Cl)cc2)CCN(c2ncnc3[nH]ccc23)CC1,CHEMBL5914899,8.48,nM,3.3,nM,3.3,AKT1,3.3,8.481486060122112,YHWQEGXKPZBDKS-HSZRJFAPSA-N,510.08600000000024,4.032600000000003,3,6,1,103.17000000000002,8,36
N[C@]1(CNC(=O)c2ccc(Cl)cc2)CCN(c2ncnc3[nH]cc(Cl)c23)C1,CHEMBL1170445,8.48,nM,3.3,nM,3.3,AKT1,3.3,8.481486060122112,OSIJXFXWDRIUIH-SFHVURJKSA-N,405.28900000000004,2.6023000000000005,3,5,0,99.93,4,27
N[C@H](COc1cncc(-c2ccc3c(c2)C(C2CC2)C(=O)N3)c1)Cc1c[nH]c2ccccc12,CHEMBL574269,8.48,nM,3.3,nM,3.3,AKT1,3.3,8.481486060122112,JHQZSPAWMMVUEC-DQUNLGLBSA-N,438.5310000000001,4.624400000000003,3,4,0,93.03,7,33
Cn1ncc(Cl)c1-c1cc(C(=O)N[C@@H]2CN[C@H](CC(O)CO)C[C@H]2c2ccc(F)c(F)c2)oc1Cl,CHEMBL4567295,8.48,nM,3.31,nM,3.31,AKT1,3.31,8.480172006224281,XZJYUZOFUXTXML-UAEOXFLFSA-N,529.3710000000003,3.2525000000000013,4,6,1,112.55000000000001,7,35
Nc1cc2cc(-c3cncc(OC[C@@H](N)Cc4c[nH]c5ccccc45)c3)ccc2cn1,CHEMBL210390,8.47,nM,3.4,nM,3.4,AKT1,3.4,8.468521082957745,OARXLGLBMAHALM-NRFANRHFSA-N,409.4930000000001,4.309100000000003,3,5,0,102.83999999999999,6,31
CC(=O)OCC[C@@H]1C[C@@H](c2ccc(F)c(F)c2)[C@H](NC(=O)c2cc(-c3c(Cl)cnn3C)c(Cl)o2)CN1,CHEMBL4531735,8.47,nM,3.4,nM,3.4,AKT1,3.4,8.468521082957745,QNCSMZPTSOKKDN-QEEYODRMSA-N,541.3820000000001,4.462400000000002,2,6,1,98.39,7,36
CN1CCN(C(C(=O)N2CCN(c3ncnc4[nH]cc(Br)c34)CC2)c2ccc(Cl)cc2)CC1,CHEMBL5286570,8.47,nM,3.4,nM,3.4,AKT1,3.4,8.468521082957745,MECMVUIPPJEYFL-UHFFFAOYSA-N,532.874,3.0111000000000017,1,6,1,71.6,4,33
NC1(C(=O)N[C@@H](CCn2ccnc2)c2ccc(Cl)cc2)CCN(c2ncnc3[nH]ccc23)CC1,CHEMBL5962920,8.47,nM,3.4,nM,3.4,AKT1,3.4,8.468521082957745,MELCCQGIIFATSV-FQEVSTJZSA-N,478.9880000000003,3.053300000000001,3,6,0,117.75,7,34
CC(C)NC[C@@H](C(=O)N1CC2CCC(C1)N2c1ncnc2c1[C@H](C)CC(=O)N2)c1ccc(Cl)cc1,CHEMBL5177491,8.46,nM,3.5,nM,3.5,AKT1,3.5,8.455931955649724,SNLWDLYTQZSZKP-XZSMBWTPSA-N,497.04300000000023,3.5371000000000015,2,6,0,90.46000000000001,6,35
Cc1cc(-c2cn(CCN3CCCC3)c(C3CCN(c4ncnc(N)c4C#N)CC3)n2)ccc1F,CHEMBL3972635,8.46,nM,3.5,nM,3.5,AKT1,3.5,8.455931955649724,URIUMRYBFCLNMT-UHFFFAOYSA-N,474.5880000000002,3.721300000000002,1,7,0,99.89,6,35
N[C@H](COc1cncc(-c2ccc3cnc(F)cc3c2)c1)Cc1c[nH]c2ccccc12,CHEMBL210246,8.46,nM,3.5,nM,3.5,AKT1,3.5,8.455931955649724,PQHAJHBMGVFBAP-NRFANRHFSA-N,412.46800000000013,4.866000000000003,2,4,0,76.82,6,31
NC1(C(=O)NC(CCCN2CCCC2)c2ccc(Cl)cc2)CCN(c2ncnc3[nH]ccc23)CC1,CHEMBL2325994,8.44,nM,3.6,nM,3.6,AKT1,3.6,8.443697499232712,PUOMPMDYBUMBMJ-UHFFFAOYSA-N,496.0590000000002,3.642500000000002,3,6,0,103.17000000000002,8,35
N#Cc1c(N)ncnc1N1CCC(c2nc(-c3ccc(F)c(C(F)(F)F)c3)cn2CCN)CC1,CHEMBL3899777,8.44,nM,3.6,nM,3.6,AKT1,3.6,8.443697499232712,SPGIFTJYQFCUFV-UHFFFAOYSA-N,474.46600000000024,3.2945800000000016,2,7,0,122.67,5,34
Nc1ncnc(N2CCC(c3nc(-c4ccnc(C(F)(F)F)c4)cn3CCNC3CC3)CC2)c1Cl,CHEMBL3931731,8.44,nM,3.6,nM,3.6,AKT1,3.6,8.443697499232712,GNOBRAMAIHJFOP-UHFFFAOYSA-N,506.9640000000003,4.125500000000003,2,7,1,97.78,7,35
Cc1n[nH]c2ccc(-c3cncc(OC[C@@H](N)Cc4ccc(Cl)c(F)c4)c3)cc12,CHEMBL229917,8.44,nM,3.6,nM,3.6,AKT1,3.6,8.443697499232712,VUDFVJOMOPUVQE-KRWDZBQOSA-N,410.88000000000005,4.674620000000003,2,4,0,76.82,6,29
NC1(C(=O)N[C@@H](CCN2CCCCC2)c2ccc(Cl)cc2)CCN(c2ncnc3[nH]ccc23)CC1,CHEMBL2325729,8.43,nM,3.7,nM,3.7,AKT1,3.7,8.431798275933005,GWYVKALUKYVOPI-QFIPXVFZSA-N,496.0590000000002,3.642500000000002,3,6,0,103.17000000000002,7,35
Cl.NCc1ccc(-n2c(-c3cccnc3N)nc3ccc(-c4ccccc4)nc32)cc1,CHEMBL4513257,8.43,nM,3.7,uM,0.0037,AKT1,3.7,8.431798275933005,JAARXSVCUDUSTR-UHFFFAOYSA-N,428.92700000000013,4.612200000000002,2,5,0,95.64,4,31
NC1(c2ccc(-c3nc4n(c3-c3ccccc3)COc3cccc(F)c3-4)cc2)CC(O)(C2CC2)C1,CHEMBL3701717,8.43,nM,3.7,nM,3.7,AKT1,3.7,8.431798275933005,LKJRNFINSRGLBU-UHFFFAOYSA-N,467.54400000000027,5.462000000000005,2,4,1,73.3,4,35
COc1ccc2c(c1)OCn1c-2nc(-c2ccc(C3(N)CC(O)(C4CC4)C3)cc2)c1-c1ccccc1,CHEMBL3701734,8.43,nM,3.7,nM,3.7,AKT1,3.7,8.431798275933005,ROXLIZSDQLQVST-UHFFFAOYSA-N,479.58000000000027,5.331500000000004,2,5,1,82.53,5,36
Nc1ncccc1-c1nc2ccc(Nc3ccccc3)nc2n1-c1ccc(C2(N)CCC2)cc1,CHEMBL3640748,8.42,nM,3.77,nM,3.77,AKT1,3.77,8.423658649794207,OLTCJMURNYJUTO-UHFFFAOYSA-N,447.5460000000003,5.146200000000003,3,6,1,107.67,5,34
Cn1ncc(Cl)c1-c1cc(C(=O)N[C@@H]2CN[C@H](CC(O)CO)C[C@H]2c2ccc(Cl)c(Cl)c2)oc1Cl,CHEMBL4470606,8.42,nM,3.79,nM,3.79,AKT1,3.79,8.421360790031928,UCAWPBIKNIGWBB-UAEOXFLFSA-N,562.2810000000003,4.281100000000003,4,6,1,112.55000000000001,7,35
C[C@H](NC(=O)C1(N)CCN(c2ncnc3[nH]ccc23)CC1)c1ccc(Cl)cc1,CHEMBL2325743,8.42,nM,3.8,nM,3.8,AKT1,3.8,8.42021640338319,RCUDMUZVZCVJCO-ZDUSSCGKSA-N,398.89800000000025,2.7864000000000013,3,5,0,99.93,4,28
COc1ccc(-c2cc3c(C)nc(N)nc3n(C3CCC(OCCO)CC3)c2=O)cn1,CHEMBL5278357,8.42,nM,3.8,nM,3.8,AKT1,3.8,8.42021640338319,XDLYKKIQACFMJG-UHFFFAOYSA-N,425.48900000000026,2.2453200000000004,2,8,0,125.38000000000001,6,31
O=C(Nc1csc(-c2nncn2C2CC2)n1)c1cc(-n2cnc(C3CC3)c2)c(N2CCCOCC2)cn1,CHEMBL3893943,8.42,nM,3.8,nM,3.8,AKT1,3.8,8.42021640338319,RHBNPXMMGYHEMX-UHFFFAOYSA-N,517.6190000000004,3.673600000000002,1,9,1,115.88,7,37
NC1(c2ccc(-c3nc4n(c3-c3ccccc3)COc3ncccc3-4)cc2)CCC1,CHEMBL3701754,8.41,nM,3.9,nM,3.9,AKT1,3.9,8.4089353929735,LGQONMWQDOJDKI-UHFFFAOYSA-N,394.4780000000002,4.966900000000003,1,4,0,65.96,3,30
Cc1ccc(F)cc1C[C@H](N)COc1cncc(-c2ccc3[nH]nc(C)c3c2)c1,CHEMBL227368,8.41,nM,3.9,nM,3.9,AKT1,3.9,8.4089353929735,QYMKAFLUGMIEQN-FQEVSTJZSA-N,390.4620000000001,4.329640000000002,2,4,0,76.82,6,29
COc1cc(OC)c2nc(-c3ccc(C4(N)CCC4)cc3)c(-c3ccccc3)n2n1,CHEMBL5773950,8.41,nM,3.9,nM,3.9,AKT1,3.9,8.4089353929735,UDOCSVQGGAZSQP-UHFFFAOYSA-N,400.4820000000001,4.418400000000003,1,5,0,74.67,5,30
NC(=O)c1cc(C(N)=O)c2nc(-c3ccc(C4(N)CCC4)cc3)c(-c3ccccc3)n2n1,CHEMBL5960399,8.41,nM,3.9,nM,3.9,AKT1,3.9,8.4089353929735,SYYCIJCBSSCTSQ-UHFFFAOYSA-N,426.48000000000013,2.599,3,5,0,142.39,5,32
NC1(c2ccc(-c3nc4n(c3-c3ccccc3)COc3ccccc3-4)cc2)CC(O)(C2CC2)C1,CHEMBL3701727,8.41,nM,3.9,nM,3.9,AKT1,3.9,8.4089353929735,WXAOGAQSUJSHFI-UHFFFAOYSA-N,449.55400000000026,5.322900000000005,2,4,1,73.3,4,34
NC1(C(=O)N[C@@H](CCN2CCCC2)c2ccc(Cl)cc2)CCN(c2ncnc3[nH]ccc23)CC1,CHEMBL2325728,8.41,nM,3.9,nM,3.9,AKT1,3.9,8.4089353929735,KSXFPISTQAHGIE-NRFANRHFSA-N,482.03200000000027,3.2524000000000006,3,6,0,103.17000000000002,7,34
N[C@H](COc1cncc(-c2ccc3[nH]nc(-c4ccccc4)c3c2)c1)Cc1c[nH]c2ccccc12,CHEMBL574764,8.41,nM,3.9,nM,3.9,AKT1,3.9,8.4089353929735,YFSJPNKAWKKQSL-QHCPKHFHSA-N,459.55300000000017,5.722000000000003,3,4,1,92.60999999999999,7,35
Cc1ccc(F)cc1C[C@H](N)COc1cncc(-c2cc3c(C)n[nH]c3cn2)c1,CHEMBL573133,8.41,nM,3.9,nM,3.9,AKT1,3.9,8.4089353929735,UMFUWYMQLGBAES-SFHVURJKSA-N,391.4500000000001,3.7246400000000017,2,5,0,89.71,6,29
C[C@H](NC(=O)C1(N)CCN(c2ncnc3[nH]cc(Br)c23)CC1)c1ccc(Cl)cc1,CHEMBL5767632,8.4,nM,4.0,nM,4.0,AKT1,4.0,8.397940008672037,OBIJPRUJRILAHD-LBPRGKRZSA-N,477.7940000000002,3.5489000000000024,3,5,0,99.93,4,29
C[C@H]1Cc2ccccc2N1C(=S)Cc1nc(N2CCOCC2)cc(=S)[nH]1,CHEMBL3971967,8.4,nM,4.0,nM,4.0,AKT1,4.0,8.397940008672037,HCJMLXHVBILVJU-ZDUSSCGKSA-N,386.5460000000001,3.296890000000002,1,5,0,44.39,3,26
NC(=O)c1cccc2c(N[C@H](CN3CCC3)c3ccc(F)c(F)c3)ncnc12,CHEMBL4860970,8.4,nM,4.0,nM,4.0,AKT1,4.0,8.397940008672037,FJZFOTKMZCYJDF-QGZVFWFLSA-N,383.402,2.865800000000002,2,5,0,84.14,6,28
Cl.Cn1nccc1-c1ccc(C(=O)N[C@@H]2CNCC[C@H]2c2ccc(F)c(F)c2)c(F)c1,CHEMBL4556790,8.4,nM,4.0,nM,4.0,AKT1,4.0,8.397940008672037,PALTUSLCLFDFQQ-MGPUTAFESA-N,450.89200000000017,3.801700000000002,2,3,0,58.95,4,31
COC(=O)c1cccc(-c2cnc3cc(-c4ccccc4)c(-c4ccc(C5(N)CCC5)cc4)nn23)c1,CHEMBL3672483,8.4,nM,4.0,nM,4.0,AKT1,4.0,8.397940008672037,GKQGZDHOZXJUMQ-UHFFFAOYSA-N,474.5640000000003,5.854800000000006,1,5,1,82.50999999999999,5,36
NC(=O)c1cccc2c(N[C@H](CN3CCC3)c3ccc(Cl)c(C(F)(F)F)c3)ncnc12,CHEMBL4871106,8.4,nM,4.0,nM,4.0,AKT1,4.0,8.397940008672037,HXAUJHZZPCBFPN-QGZVFWFLSA-N,449.86400000000003,4.259800000000003,2,5,0,84.14,6,31
CC(C)C1Cc2ccccc2N1C(=O)Cc1nc(N2CCOCC2)cc(=O)[nH]1,CHEMBL3918242,8.4,nM,4.0,nM,4.0,AKT1,4.0,8.397940008672037,IUTOJDAGKGQKII-UHFFFAOYSA-N,382.46400000000017,1.7629000000000001,1,5,0,78.53,4,28
CNC[C@@H](Nc1ncnc2c(C(N)=O)cccc12)c1cccc(F)c1,CHEMBL3685329,8.4,nM,4.0,nM,4.0,AKT1,4.0,8.397940008672037,RBMOLIOJAWRTIV-OAHLLOKOSA-N,339.374,2.2404,3,5,0,92.93,6,25
CCn1c(-c2nonc2N)nc2c(C#CC(C)(C)O)nc(CCN)cc21,CHEMBL1095624,8.4,nM,4.0,nM,4.0,AKT1,4.0,8.397940008672037,GXNBGLREIKBKRC-UHFFFAOYSA-N,355.4020000000001,0.7070000000000001,3,8,0,141.9,4,26
CC1Cc2c(F)cccc2N1C(=O)Cc1nc(N2CCOCC2)cc(=O)[nH]1,CHEMBL3965878,8.4,nM,4.0,nM,4.0,AKT1,4.0,8.397940008672037,KGUZYQJZKGJLDW-UHFFFAOYSA-N,372.4000000000002,1.2658999999999998,1,5,0,78.53,3,27
c1ccc(-c2cn3ccnc3nc2-c2ccc(CN3CCC(c4cnc5ccccc5n4)CC3)cc2)cc1,CHEMBL3672012,8.4,nM,4.0,nM,4.0,AKT1,4.0,8.397940008672037,GFMMFLJMEQGZKC-UHFFFAOYSA-N,496.6180000000003,6.386100000000006,0,5,1,59.21,5,38
O=C(Cc1nc(N2CCOCC2)cc(=O)[nH]1)N1CCc2cc(F)c(F)cc21,CHEMBL3699804,8.4,nM,4.0,nM,4.0,AKT1,4.0,8.397940008672037,KKEAGYTZUKDUEG-UHFFFAOYSA-N,376.3630000000001,1.0164999999999997,1,5,0,78.53,3,27
CCn1c(-c2nonc2N)nc2c(C#CC(C)(C)O)nc(O[C@H](CCN)c3ccccc3)cc21,CHEMBL1099298,8.4,nM,4.0,nM,4.0,AKT1,4.0,8.397940008672037,NLAQVSZYBUGULE-GOSISDBHSA-N,461.5260000000002,2.6747000000000005,3,9,0,151.13000000000002,7,34
COc1ccc(O)c(C(=O)c2ccc(C(=O)N[C@@H]3CCCNC[C@H]3NC(=O)c3ccncc3)cc2)c1F.Cl.Cl,CHEMBL4468352,8.4,nM,4.0,nM,4.0,AKT1,4.0,8.397940008672037,KGSQEYHTCBVKAX-WOJBJXKFSA-N,579.4560000000004,3.289900000000001,4,7,1,129.64999999999998,7,39
C[C@@H]1CC(=O)Nc2ncnc(N3CCC(c4nc(C5CCOCC5)cn4CCN4CCCC4)CC3)c21,CHEMBL4126067,8.4,nM,4.0,uM,0.004,AKT1,4.0,8.397940008672037,UFJUPXKMZSBZPZ-LJQANCHMSA-N,493.6560000000005,3.492600000000002,1,7,0,88.41000000000001,6,36
CC1SCc2ncnc(N3CCN(C(=O)[C@H](N)Cc4ccc(Cl)cc4)CC3)c21,CHEMBL1632371,8.4,nM,4.0,nM,4.0,AKT1,4.0,8.397940008672037,UDCLTQDGBYLTCA-FQNRMIAFSA-N,417.9660000000002,2.6564000000000005,1,6,0,75.35000000000001,4,28
C[C@@H]1SCc2ncnc(N3CCN(C(=O)[C@H](N)Cc4ccc(F)c(F)c4)CC3)c21,CHEMBL1632377,8.4,nM,4.0,nM,4.0,AKT1,4.0,8.397940008672037,DJVNBIYWLMRTEL-BLLLJJGKSA-N,419.5010000000002,2.2812,1,6,0,75.35000000000001,4,29
Clc1c[nH]c2ncnc(N3CCC4(CCNCC4)C3)c12,CHEMBL1173350,8.4,nM,4.0,nM,4.0,AKT1,4.0,8.397940008672037,UFQMVEIAGMGCOD-UHFFFAOYSA-N,291.786,2.1912000000000003,2,4,0,56.84,1,20
CCNCC(Cc1ccccc1)NC(=O)c1cc(Br)c(-c2ccnc3[nH]ccc23)s1,CHEMBL471059,8.4,nM,4.0,nM,4.0,AKT1,4.0,8.397940008672037,YGTDSYGYZFQKOY-UHFFFAOYSA-N,483.4350000000001,5.004500000000005,3,4,1,69.81,8,30
CC1C(=O)Nc2ccc(-c3cncc(OC[C@@H](N)Cc4c[nH]c5ccccc45)c3)cc21,CHEMBL574262,8.4,nM,4.0,nM,4.0,AKT1,4.0,8.397940008672037,KMCCWLYZWXETDV-FUBQLUNQSA-N,412.4930000000001,4.234300000000002,3,4,0,93.03,6,31
CC(C)NC[C@@H](C(=O)N1CCN(c2ncnc3c2[C@H](C)C[C@H]3F)CC1)c1ccc(Cl)cc1,CHEMBL2177381,8.4,nM,4.0,nM,4.0,AKT1,4.0,8.397940008672037,IHENXLOGIPZEHH-NSISKUIASA-N,459.9970000000002,4.0782000000000025,1,5,0,61.36000000000001,6,32
Cc1cccc(C)c1S(=O)(=O)NC[C@@H](O)CN1CCC[C@@]2(CCN(c3ncnc(N)c3C3CC3)C2)C1,CHEMBL1760768,8.4,nM,4.0,uM,0.004,AKT1,4.0,8.397940008672037,PFGJICLHMSNKCO-QFQXNSOFSA-N,514.6960000000005,2.1847400000000006,3,8,1,124.67999999999999,8,36
NC1(C(=O)NC(CCO)c2ccc(Cl)cc2)CCN(c2ncnc3[nH]ccc23)CC1,CHEMBL2325738,8.4,nM,4.0,nM,4.0,AKT1,4.0,8.397940008672037,JDUBGYFRJFOXQC-UHFFFAOYSA-N,428.9240000000002,2.1489000000000003,4,6,0,120.16,6,30
COc1ccc(O)c(C(=O)c2ccc(C(=O)N[C@@H]3CCCNCC3NC(=O)c3ccncc3)cc2)c1F.Cl.Cl,CHEMBL1202518,8.4,nM,4.0,nM,4.0,AKT1,4.0,8.397940008672037,KGSQEYHTCBVKAX-FIWHBWSRSA-N,579.4560000000004,3.289900000000001,4,7,1,129.64999999999998,7,39
CCc1c(N)ncnc1N1CCC(c2nc(-c3ccc(F)c(C(F)(F)F)c3)cn2CCN2CCC2)CC1,CHEMBL3922798,8.39,nM,4.1,nM,4.1,AKT1,4.1,8.387216143280265,DPOINXAMYFWFQQ-UHFFFAOYSA-N,517.5750000000003,4.732300000000004,1,6,1,76.10000000000001,7,37
CCOc1c(N)ncnc1N1CCC(c2nc(-c3ccc(F)c(C(F)(F)F)c3)cn2CCN2CCC2)CC1,CHEMBL3932390,8.39,nM,4.1,nM,4.1,AKT1,4.1,8.387216143280265,LYWHOKPGLIJYCR-UHFFFAOYSA-N,533.5740000000002,4.5686000000000035,1,7,1,85.33,8,38
C[C@@H]1CC(=O)Nc2ncnc(N3CCN(C(=O)[C@H](CNC4C5COCC54)c4ccc(Cl)cc4)[C@@H]4C[C@@H]43)c21,CHEMBL5199199,8.39,nM,4.1,nM,4.1,AKT1,4.1,8.387216143280265,CMAWINZBRBLNOW-GKTDGSLASA-N,523.0370000000001,2.3834,2,7,1,99.69000000000001,6,37
CCOc1cc(C(N)=O)nn2c(-c3ccccc3)c(-c3ccc(C4(N)CCC4)cc3)nc12,CHEMBL5778261,8.39,nM,4.1,nM,4.1,AKT1,4.1,8.387216143280265,DUQDBTOCPUZHNI-UHFFFAOYSA-N,427.50800000000027,3.8988000000000023,2,5,0,108.53,6,32
N#Cc1c(N)ncnc1N1CCC(c2nc(-c3ccc(OC(F)F)c(F)c3)cn2CCN2CCC2)CC1,CHEMBL3972741,8.39,nM,4.1,nM,4.1,AKT1,4.1,8.387216143280265,HNNYZFMEBYIBQI-UHFFFAOYSA-N,512.5400000000003,3.6241800000000026,1,8,1,109.11999999999999,8,37
NC1(c2ccc(-n3c(-c4ccccc4)nc4ccc(Nc5ccccc5)nc43)cc2)CCC1,CHEMBL3649688,8.38,nM,4.13,nM,4.13,AKT1,4.13,8.384049948343598,GUBONGHIIKURSM-UHFFFAOYSA-N,431.54300000000023,6.169000000000004,2,4,1,68.76,5,33
CCc1c(N)ncnc1N1CCC(c2nc(-c3ccnc(C(C)C)c3)cn2CCN2CCC2)CC1,CHEMBL3944209,8.38,nM,4.2,nM,4.2,AKT1,4.2,8.3767507096021,CLVJQNXBLQVWOL-UHFFFAOYSA-N,474.6570000000004,4.092800000000004,1,7,0,88.99,8,35
CC(=O)NCCC(NC(=O)C1(N)CCN(c2ncnc3[nH]ccc23)CC1)c1ccc(Cl)cc1,CHEMBL5849470,8.38,nM,4.2,nM,4.2,AKT1,4.2,8.3767507096021,LZVWTWAMUBSVKZ-UHFFFAOYSA-N,469.9770000000002,2.292700000000001,4,6,0,129.03,7,33
C=Cc1c(N)ncnc1N1CCC(c2nc(-c3ccc(F)c(C(F)(F)F)c3)cn2CCN2CCC2)CC1,CHEMBL3931504,8.38,nM,4.2,nM,4.2,AKT1,4.2,8.3767507096021,ALUYNNMYLAIVQS-UHFFFAOYSA-N,515.5590000000002,4.812900000000004,1,6,1,76.10000000000001,7,37
NC1(c2ccc(-c3nc4n(c3-c3ccccc3)COc3ccncc3-4)cc2)CC(O)(C2CC2)C1,CHEMBL5316198,8.38,nM,4.2,nM,4.2,AKT1,4.2,8.3767507096021,ONXIJCIYPGVUFW-UHFFFAOYSA-N,450.54200000000026,4.717900000000003,2,5,0,86.19,4,34
COc1ccc2nc(-c3ccc(C4(N)CCC4)cc3)c(-c3ccccc3)n2n1,CHEMBL5740367,8.38,nM,4.2,nM,4.2,AKT1,4.2,8.3767507096021,QMQUPRKOOFZYNJ-UHFFFAOYSA-N,370.456,4.409800000000003,1,4,0,65.44,4,28
CC(C)c1c(Oc2ccc(CN)cc2Cl)ccc2c1B(O)OC2,CHEMBL5273774,8.38,nM,4.22,nM,4.22,AKT1,4.22,8.374687549038326,ZIIWGJMMDJWIKB-UHFFFAOYSA-N,331.60800000000006,2.932100000000001,2,4,0,64.71000000000001,4,23
CN(C)C(=O)c1cccc(-c2ccc3nc(-c4ccccc4)n(-c4ccc(C5(N)CCC5)cc4)c3n2)c1,CHEMBL3649686,8.37,nM,4.27,nM,4.27,AKT1,4.27,8.369572124974976,WOUGLXJNCVQYLP-UHFFFAOYSA-N,487.60700000000026,5.794200000000005,1,4,1,77.04,5,37
CN1CCN(CC[C@H](NC(=O)C2(N)CCN(c3ncnc4[nH]ccc34)CC2)c2ccc(Cl)cc2)CC1,CHEMBL5909930,8.37,nM,4.3,nM,4.3,AKT1,4.3,8.366531544420413,QZMUZJDHBGTMSJ-QFIPXVFZSA-N,511.0740000000003,2.4040000000000026,3,7,1,106.41,7,36
COc1cc(-c2cc[nH]n2)c2nc(-c3ccc(C4(N)CCC4)cc3)c(-c3ccccc3)n2n1,CHEMBL5912239,8.37,nM,4.3,nM,4.3,AKT1,4.3,8.366531544420413,HYHFOSHYAGFEPD-UHFFFAOYSA-N,436.5190000000002,4.799900000000003,2,5,0,94.11999999999999,5,33
NC1(c2ccc(-n3c(-c4cccnc4)nc4ccc(-c5ccccc5)nc43)cc2)CCC1,CHEMBL3649672,8.37,nM,4.3,nM,4.3,AKT1,4.3,8.366531544420413,QULMQJDBBZAZJL-UHFFFAOYSA-N,417.51600000000025,5.487400000000003,1,4,1,69.62,4,32
O=C(N1CCN(c2ncnc3[nH]cc(Br)c23)CC1)C1(c2ccc(Cl)c(Cl)c2)CCNCC1,CHEMBL4207643,8.37,nM,4.3,nM,4.3,AKT1,4.3,8.366531544420413,MZYIZWRBIPCLLL-UHFFFAOYSA-N,538.2770000000002,3.997200000000002,2,5,1,77.15,3,32
N[C@H](COc1cncc(-c2ccc3[nH]c(=O)oc3c2)c1)Cc1c[nH]c2ccccc12,CHEMBL575824,8.37,nM,4.3,nM,4.3,AKT1,4.3,8.366531544420413,KAKGFGCTONHQJW-KRWDZBQOSA-N,400.4380000000001,3.6132000000000017,3,5,0,109.93,6,30
CC1(O)CC(N)(c2ccc(-c3nc4n(c3-c3ccccc3)COc3ccc(C#N)cc3-4)cc2)C1,CHEMBL3701761,8.36,nM,4.4,nM,4.4,AKT1,4.4,8.356547323513812,XWLHFAMNURGZPO-UHFFFAOYSA-N,448.52600000000024,4.804480000000003,2,5,0,97.09,3,34
CN(C)C(=O)c1ccc2c(c1)-c1nc(-c3ccc(C4(N)CC(C)(O)C4)cc3)c(-c3ccccc3)n1CO2,CHEMBL3701768,8.36,nM,4.4,nM,4.4,AKT1,4.4,8.356547323513812,FIZJSLYYMQWTHP-UHFFFAOYSA-N,494.59500000000025,4.634600000000003,2,5,0,93.61,4,37
COc1cc(-c2cn[nH]c2)c2nc(-c3ccc(C4(N)CCC4)cc3)c(-c3ccccc3)n2n1,CHEMBL5883799,8.36,nM,4.4,nM,4.4,AKT1,4.4,8.356547323513812,UJWIEWMVOVCVOI-UHFFFAOYSA-N,436.51900000000023,4.799900000000003,2,5,0,94.11999999999999,5,33
Cc1cc(-c2cn(CC3CNC3)c(C3CCN(c4ncnc(N)c4C(C)C)CC3)n2)ccc1F,CHEMBL3974201,8.35,nM,4.5,nM,4.5,AKT1,4.5,8.346787486224656,SXNSPDSUPXINEH-UHFFFAOYSA-N,463.6050000000002,4.096620000000002,2,6,0,84.89,6,34
CNCCC(NC(=O)C1(N)CCN(c2ncnc3[nH]ccc23)CC1)c1ccc(Cl)cc1,CHEMBL5998995,8.35,nM,4.5,nM,4.5,AKT1,4.5,8.346787486224656,PHGYSGFLTAWYRQ-UHFFFAOYSA-N,441.9670000000001,2.3760000000000003,4,6,0,111.95999999999998,7,31
NC1(C(=O)N[C@@H](CCCO)c2ccc(Cl)cc2)CCN(c2ncnc3[nH]ccc23)CC1,CHEMBL5914656,8.35,nM,4.5,nM,4.5,AKT1,4.5,8.346787486224656,LDSYQXFMCPTTQM-SFHVURJKSA-N,442.95100000000025,2.5390000000000006,4,6,0,120.16,7,31
O=C(Nc1csc(-c2nncn2C2CC2)n1)c1cc(-n2cnc(C3CC3)c2)c(N2CC3(CCOCC3)C2)cn1,CHEMBL3973753,8.35,nM,4.5,nM,4.5,AKT1,4.5,8.346787486224656,RBWSGKOQHNYLTK-UHFFFAOYSA-N,543.6570000000004,4.0637000000000025,1,9,1,115.88,7,39
CC(C)Oc1c(N)ncnc1N1CCC(c2nc(-c3ccc(F)c(C(F)(F)F)c3)cn2CC2CNC2)CC1,CHEMBL3925183,8.35,nM,4.5,nM,4.5,AKT1,4.5,8.346787486224656,FWGSFILZFNXMHO-UHFFFAOYSA-N,533.5740000000001,4.470800000000003,2,7,1,94.12,7,38
Cl.Cn1nccc1-c1ccc(C(=O)N[C@@H]2CNCC[C@H]2c2cc(F)cc(F)c2)c(F)c1,CHEMBL4866810,8.34,nM,4.6,nM,4.6,AKT1,4.6,8.337242168318426,ZEHRPFMNXXRZGJ-FXAWDEMLSA-N,450.89200000000017,3.801700000000002,2,3,0,58.95,4,31
N#Cc1ncc(OC[C@@H](N)Cc2c[nH]c3ccccc23)cc1-c1ccc2cnccc2c1,CHEMBL379209,8.34,nM,4.6,nM,4.6,AKT1,4.6,8.337242168318426,LPFSLLFZNNAVHL-NRFANRHFSA-N,419.4880000000001,4.598580000000002,2,5,0,100.61,6,32
CC1(O)CC(N)(c2ccc(-c3nc4n(c3-c3ccccc3)COc3cccc(F)c3-4)cc2)C1,CHEMBL3701718,8.34,nM,4.6,nM,4.6,AKT1,4.6,8.337242168318426,OMHKRUKICMAVEQ-UHFFFAOYSA-N,441.5060000000002,5.071900000000004,2,4,1,73.3,3,33
CCOC(=O)c1c(C)nc(NNC(=O)c2cccc3c(=O)c4ccccc4[nH]c23)nc1-c1ccccc1,CHEMBL4163627,8.33,nM,4.7,nM,4.7,AKT1,4.7,8.327902142064282,WTCBUZCDFCWVES-UHFFFAOYSA-N,493.52300000000025,4.380320000000003,3,7,0,126.06999999999998,6,37
NC1(c2ccc(-n3c(-c4ccccc4O)nc4ccc(-c5ccccc5)nc43)cc2)CCC1,CHEMBL3649674,8.32,nM,4.74,nM,4.74,AKT1,4.74,8.324221658325914,FFZRJRJBNRBCEZ-UHFFFAOYSA-N,432.52700000000027,5.798000000000004,2,4,1,76.96,4,33
COc1cccc2c1-c1nc(-c3ccc(C4(N)CC(O)(C5CC5)C4)cc3)c(-c3ccccc3)n1CO2,CHEMBL3701732,8.32,nM,4.8,nM,4.8,AKT1,4.8,8.318758762624412,BDUBOZLXQLKVFH-UHFFFAOYSA-N,479.5800000000002,5.3315000000000055,2,5,1,82.53000000000002,5,36
Cc1cc(-c2cn(CCN(C)C)c(C3CCN(c4ncnc(N)c4-c4cn[nH]c4)CC3)n2)ccc1F,CHEMBL3957657,8.32,nM,4.8,nM,4.8,AKT1,4.8,8.318758762624412,NUPWMMJWFAYJED-UHFFFAOYSA-N,489.6030000000002,3.7055200000000017,2,7,0,104.77999999999999,7,36
Cc1c[nH]c2ncnc(N3CC4(CCNCC4)c4ccccc43)c12,CHEMBL259163,8.32,nM,4.8,nM,4.8,AKT1,4.8,8.318758762624412,ARIHYXITNVJHJL-UHFFFAOYSA-N,319.412,3.039220000000002,2,4,0,56.84,1,24
CCc1c(N)ncnc1N1CCC(c2nc(-c3ccc(F)c(OC)c3)cn2CCN2CCC2)CC1,CHEMBL3935483,8.32,nM,4.8,nM,4.8,AKT1,4.8,8.318758762624412,UZGVQLRDYZTKCP-UHFFFAOYSA-N,479.6040000000004,3.722100000000003,1,7,0,85.33,8,35
CN(C)CCn1cc(-c2ccc(F)c(C(F)(F)F)c2)nc1C1CCN(c2ncnc(N)c2C2CC2)CC1,CHEMBL3900512,8.32,nM,4.8,nM,4.8,AKT1,4.8,8.318758762624412,GIAKGRDDSYYQQS-UHFFFAOYSA-N,517.5750000000003,4.9032000000000036,1,6,1,76.10000000000001,7,37
CNC(=O)c1cc(OCC2CC2)c2nc(-c3ccc(C4(N)CCC4)cc3)c(-c3ccccc3)n2n1,CHEMBL6063748,8.32,nM,4.8,nM,4.8,AKT1,4.8,8.318758762624412,ZDRLRDKZIJDUJJ-UHFFFAOYSA-N,467.5730000000002,4.5496000000000025,2,5,0,94.53999999999999,7,35
Clc1ccc2c(c1)C1(CCNCC1)CN2c1ncnc2[nH]ccc12,CHEMBL449964,8.32,nM,4.8,nM,4.8,AKT1,4.8,8.318758762624412,SYJAQTIUQWZRLK-UHFFFAOYSA-N,339.83,3.3842000000000017,2,4,0,56.839999999999996,1,24
N[C@H](CNc1ncc(-c2ccc3cnccc3c2)s1)Cc1ccc(C(F)(F)F)cc1,CHEMBL1081263,8.31,nM,4.9,nM,4.9,AKT1,4.9,8.309803919971486,RUQPVADMLMMXDR-IBGZPJMESA-N,428.4830000000001,5.359000000000003,2,5,1,63.83,6,30
CC(=O)Nc1nc2ccc(-c3cnc(Cl)c(NS(=O)(=O)c4ccccc4Cl)c3)cc2s1,CHEMBL1773730,8.31,nM,4.9,nM,4.9,AKT1,4.9,8.309803919971486,CNNMZNARDXPHPB-UHFFFAOYSA-N,493.3970000000001,5.424300000000002,2,6,1,101.04999999999998,5,31
NC1(c2ccc(-n3c(-c4ccnnc4)nc4ccc(-c5cccc(N6CCOCC6)c5)nc43)cc2)CCC1,CHEMBL3649685,8.3,nM,4.96,nM,4.96,AKT1,4.96,8.304518323509802,HTGUOCBSJXJZJY-UHFFFAOYSA-N,503.61000000000047,4.719000000000005,1,7,1,94.98,5,38
NC1(C(=O)NC(CCCN2CCCCC2)c2ccc(Cl)cc2)CCN(c2ncnc3[nH]ccc23)CC1,CHEMBL2325996,8.3,nM,5.0,nM,5.0,AKT1,5.0,8.301029995663981,YHWQEGXKPZBDKS-UHFFFAOYSA-N,510.08600000000024,4.032600000000003,3,6,1,103.17000000000002,8,36
COc1ccc(O)c(C(=O)c2ccc(C(=O)O[C@@H]3CCCNCC3NC(=O)c3ccncc3)cc2)c1F.Cl.Cl,CHEMBL3216643,8.3,nM,5.0,nM,5.0,AKT1,5.0,8.301029995663981,VYPRIFLEMOQRJK-VGAJERRHSA-N,580.4400000000003,3.7169000000000025,3,8,1,126.85000000000001,7,39
NC1(C(=O)NC(c2ccc(Cl)cc2)C2CC2)CCN(c2ncnc3[nH]ccc23)CC1,CHEMBL2325983,8.3,nM,5.0,nM,5.0,AKT1,5.0,8.301029995663981,BMNSOVCKJXEHNM-UHFFFAOYSA-N,424.93600000000015,3.1765000000000017,3,5,0,99.93,5,30
C[C@@H]1C[C@@H](O)c2ncnc(N3CCN(C(=O)[C@H](CNC4CCOCC4)c4ccc(Cl)cc4)CC3)c21,CHEMBL2177366,8.3,nM,5.0,nM,5.0,AKT1,5.0,8.301029995663981,UVHCRURXEOGIOT-ZPMCFJSWSA-N,500.0430000000003,2.8716000000000017,2,7,1,90.82000000000001,6,35
C[C@@H]1Cc2ccccc2N1C(=O)Cc1nc(N2CCOCC2)cc(=O)[nH]1,CHEMBL3112867,8.3,nM,5.0,nM,5.0,AKT1,5.0,8.301029995663981,UAXHPOBBKRWJGA-CYBMUJFWSA-N,354.41,1.1268,1,5,0,78.53,3,26
COc1ccc(S(=O)(=O)Nc2cc(-c3ccc4nc(NC(C)=O)sc4c3)cnc2Cl)cc1,CHEMBL1773604,8.3,nM,5.0,nM,5.0,AKT1,5.0,8.301029995663981,FJEZIFXPFQZBFH-UHFFFAOYSA-N,488.9780000000002,4.779500000000003,2,7,0,110.28000000000002,6,32
Cc1n[nH]c2cnc(-c3cncc(OC[C@@H](N)Cc4ccc(Br)cc4)c3)cc12,CHEMBL573778,8.3,nM,5.0,nM,5.0,AKT1,5.0,8.301029995663981,GEQPMBZMQHOKIK-KRWDZBQOSA-N,438.32900000000006,4.039620000000002,2,5,0,89.71,6,28
CCOc1c(N)ncnc1N1CCC(c2nc(-c3ccc(F)c(C(F)(F)F)c3)cn2CC2CNC2)CC1,CHEMBL3900660,8.3,nM,5.0,nM,5.0,AKT1,5.0,8.301029995663981,WSLCBKLAKWPNRS-UHFFFAOYSA-N,519.5470000000001,4.082300000000003,2,7,1,94.12,7,37
CC1(O)CC(O)(c2ccc(-c3nc4n(c3-c3ccccc3)COc3ccc(C(=O)O)cc3-4)cc2)C1,CHEMBL3701777,8.3,nM,5.0,nM,5.0,AKT1,5.0,8.301029995663981,GJNXOKXGJJITSP-UHFFFAOYSA-N,468.50900000000024,4.664600000000003,3,5,0,104.81000000000002,4,35
N[C@H](Cc1ccc(Cl)cc1)C(=O)N1CCN(c2ncnc3[nH]ccc23)CC1,CHEMBL1258552,8.3,nM,5.0,nM,5.0,AKT1,5.0,8.301029995663981,RSNRNSBITFXNKL-MRXNPFEDSA-N,384.8710000000001,1.8298999999999999,2,5,0,91.14000000000001,4,27
C[C@@H]1CC(=O)Nc2ncnc(N3CCC(c4nc(CCC(F)(F)F)cn4CCN4CCCC4)CC3)c21,CHEMBL4129379,8.3,nM,5.0,uM,0.005,AKT1,5.0,8.301029995663981,QRULDXBXPXGMQS-QGZVFWFLSA-N,505.5890000000004,4.093500000000003,1,6,1,79.17999999999999,7,36
NC[C@H](Cc1ccc(Cl)cc1)C(=O)N1CCN(c2ncnc3[nH]ccc23)CC1,CHEMBL1236822,8.3,nM,5.0,nM,5.0,AKT1,5.0,8.301029995663981,IYQSFRNHWXBIKV-HNNXBMFYSA-N,398.89800000000014,2.0774999999999997,2,5,0,91.14000000000001,5,28
CO[C@H]1CC[C@H](NC[C@@H](C(=O)N2CCN(c3ncnc4c3[C@H](C)C[C@H]4O)CC2)c2ccc(Cl)cc2)CC1,CHEMBL2177367,8.3,nM,5.0,nM,5.0,AKT1,5.0,8.301029995663981,IHLLUUVHYRQMCS-YHBXUWTPSA-N,528.0970000000001,3.6502000000000034,2,7,1,90.82000000000001,7,37
COC(=O)c1cc(NCCN2CCCC2)c(C)c(N2CCN(c3ncnc4[nH]nc(Br)c34)CC2)c1,CHEMBL2016891,8.3,nM,5.0,nM,5.0,AKT1,5.0,8.301029995663981,UUZYXVMMMLOUNS-UHFFFAOYSA-N,543.47,3.0447200000000008,2,9,1,102.51,7,35
NC1(c2ccc(-c3nc4c(Br)cc(Cl)cn4c3-c3ccccc3)cc2)CCC1,CHEMBL3699759,8.3,nM,5.0,nM,5.0,AKT1,5.0,8.301029995663981,LUQGCKHERCEPQN-UHFFFAOYSA-N,452.7830000000002,6.422100000000005,1,2,1,43.31999999999999,3,28
CSc1nc2nc(-c3ccc(CN4CC(c5n[nH]c(-c6ccccn6)n5)C4)cc3)c(-c3ccccc3)cn2n1,CHEMBL3672084,8.3,nM,5.0,nM,5.0,AKT1,5.0,8.301029995663981,KXVGDOGLFUKMBR-UHFFFAOYSA-N,531.6490000000001,4.959700000000004,1,8,1,100.78,7,39
N#Cc1cccc(-c2cnc3cc(-c4ccccc4)c(-c4ccc(C5(N)CCC5)cc4)nn23)c1,CHEMBL3672480,8.3,nM,5.0,nM,5.0,AKT1,5.0,8.301029995663981,LBGQXJAFOKRAKR-UHFFFAOYSA-N,441.53800000000024,5.939880000000006,1,4,1,80.0,4,34
CCC(=O)c1cc(NCCN2CCCC2)c(C)c(N2CCN(c3ncnc4[nH]nc(Br)c34)CC2)c1,CHEMBL2016892,8.3,nM,5.0,nM,5.0,AKT1,5.0,8.301029995663981,DEJZGAXRKVTAOI-UHFFFAOYSA-N,541.498,3.8508200000000024,2,8,1,93.28000000000002,8,35
COc1cncc(-c2cnc3cc(-c4ccccc4)c(-c4ccc(C5(N)CCC5)cc4)nn23)c1,CHEMBL3672499,8.3,nM,5.0,nM,5.0,AKT1,5.0,8.301029995663981,KQZBXCXKBYXCNQ-UHFFFAOYSA-N,447.54200000000026,5.471800000000005,1,5,1,78.33,5,34
O=C(Cc1nc(N2CCOCC2)cc(=O)[nH]1)N1CCc2c(F)cccc21,CHEMBL3112848,8.3,nM,5.0,nM,5.0,AKT1,5.0,8.301029995663981,NNXWAJVWAVPAPZ-UHFFFAOYSA-N,358.3730000000001,0.8774000000000002,1,5,0,78.53,3,26
CC(=O)Nc1nc2ccc(-c3cnc(Cl)c(NS(=O)(=O)c4ccccc4)c3)cc2s1,CHEMBL1773605,8.3,nM,5.0,nM,5.0,AKT1,5.0,8.301029995663981,YBKJDNVXZBTIRO-UHFFFAOYSA-N,458.9520000000001,4.770900000000002,2,6,0,101.04999999999998,5,30
CCn1c(-c2nonc2N)nc2c(C#CC(C)(C)O)nc(OCCN)cc21,CHEMBL1096291,8.3,nM,5.0,nM,5.0,AKT1,5.0,8.301029995663981,UZANYRRVDZSQGV-UHFFFAOYSA-N,371.4010000000001,0.5433000000000004,3,9,0,151.13000000000002,5,27
O=C(Cc1nc(N2CCOCC2)cc(=O)[nH]1)N1c2ccccc2CC1c1ccccc1,CHEMBL3945090,8.3,nM,5.0,nM,5.0,AKT1,5.0,8.301029995663981,IKSKOOSCNNMHJL-UHFFFAOYSA-N,416.4810000000001,2.4796000000000005,1,5,0,78.53,4,31
O=C(Cc1nc(N2CCOCC2)cc(=O)[nH]1)N1c2ccccc2CC1C1CC1,CHEMBL3964685,8.3,nM,5.0,nM,5.0,AKT1,5.0,8.301029995663981,VRMVTJGYBUXUGU-UHFFFAOYSA-N,380.44800000000015,1.5169,1,5,0,78.53,4,28
CCn1c(-c2nonc2N)nc2c(C#CC(C)(C)O)nc(OC[C@@H](N)c3ccccc3)cc21,CHEMBL1096626,8.3,nM,5.0,nM,5.0,AKT1,5.0,8.301029995663981,NPRGDRYIMFLLIG-OAHLLOKOSA-N,447.49900000000014,2.2846,3,9,0,151.13000000000002,6,33
NC1(c2ccc(-c3nc4ccn5c(=O)[nH]nc5c4cc3-c3ccccc3)cc2)CCC1,CHEMBL1079175,8.3,nM,5.0,nM,5.0,AKT1,5.0,8.301029995663981,ULDXWLCXEDXJGE-UHFFFAOYSA-N,407.4770000000002,4.242700000000003,2,4,0,89.07,3,31
CCn1c(-c2nonc2N)nc2c(C#CC(C)(C)O)ncc(OCCCNCCc3ccc(OC)cc3)c21,CHEMBL494060,8.3,nM,5.0,uM,0.005,AKT1,5.0,8.301029995663981,JHMAEWUXAYBMPA-UHFFFAOYSA-N,519.6060000000003,2.8156000000000008,3,10,1,146.37,11,38
C[C@@H]1C[C@@H](O)c2ncnc(N3CCN(C(=O)[C@H](CNCC4CC4)c4ccc(Cl)cc4)CC3)c21,CHEMBL2177374,8.3,nM,5.0,nM,5.0,AKT1,5.0,8.301029995663981,DJKIPNZIOLJURK-MAODMQOUSA-N,470.0170000000002,3.1026000000000016,2,6,0,81.59,7,33
COCCOc1cc(C(N)=O)nn2c(-c3ccccc3)c(-c3ccc(C4(N)CCC4)cc3)nc12,CHEMBL5946028,8.3,nM,5.0,nM,5.0,AKT1,5.0,8.301029995663981,KGMSOGZPKIKVMJ-UHFFFAOYSA-N,457.5340000000003,3.5253000000000014,2,6,0,117.75999999999999,8,34
Cc1n[nH]c2ccc(-c3cncc(OC[C@@H](N)Cc4ccc(Br)cc4)c3)cc12,CHEMBL229855,8.3,nM,5.0,nM,5.0,AKT1,5.0,8.301029995663981,VLPMRZSKJUTRBQ-IBGZPJMESA-N,437.341,4.644620000000002,2,4,0,76.82,6,28
Cc1n[nH]c2cnc(-c3cncc(OC[C@@H](N)Cc4cccc(F)c4F)c3)cc12,CHEMBL427422,8.3,nM,5.0,nM,5.0,AKT1,5.0,8.301029995663981,YHOBLDNPLJTSDM-HNNXBMFYSA-N,395.41300000000007,3.555320000000002,2,5,0,89.71,6,29
NC1(C(=O)NC(CCCN2CCOCC2)c2ccc(Cl)cc2)CCN(c2ncnc3[nH]ccc23)CC1,CHEMBL2325995,8.3,nM,5.0,nM,5.0,AKT1,5.0,8.301029995663981,BAVQTLJQZAGNJY-UHFFFAOYSA-N,512.0580000000002,2.8789000000000007,3,7,1,112.4,8,36
Cn1ncc(Cl)c1-c1coc(C(=O)N[C@@H]2CNCC[C@H]2c2ccc(F)c(F)c2)c1,CHEMBL4529738,8.29,nM,5.1,nM,5.1,AKT1,5.1,8.292429823902063,XHJRBDCMLYCIII-SUMWQHHRSA-N,420.84700000000015,3.4872000000000023,2,4,0,72.09,4,29
COc1ncc(-c2cc3c(C)nc(N)nc3n([C@H]3CC[C@H](OCO)CC3)c2=O)cc1F,CHEMBL2375968,8.28,nM,5.24,nM,5.24,AKT1,5.24,8.280668713016274,SAQMYGKYGQDHJG-HDJSIYSDSA-N,429.4520000000002,2.34192,2,8,0,125.38,5,31
c1ccc2c(c1)N(c1ncnc3[nH]ccc13)CC21CCNCC1,CHEMBL259265,8.28,nM,5.3,nM,5.3,AKT1,5.3,8.275724130399212,OMUNCTQJLGEHQC-UHFFFAOYSA-N,305.3850000000001,2.7308000000000003,2,4,0,56.84,1,23
CC1(O)CC(N)(c2ccc(-c3nc4n(c3-c3ccccc3)COc3ccccc3-4)cc2)C1,CHEMBL3701728,8.28,nM,5.3,nM,5.3,AKT1,5.3,8.275724130399212,SRYCVYVGIUDKDA-UHFFFAOYSA-N,423.5160000000002,4.932800000000004,2,4,0,73.3,3,32
CC(C)NCCn1cc(-c2ccc(F)c(C(F)(F)F)c2)nc1C1CCN(c2ncnc(N)c2C#N)CC1,CHEMBL3924599,8.27,nM,5.4,nM,5.4,AKT1,5.4,8.267606240177031,YHHQDNHWBSOPCY-UHFFFAOYSA-N,516.5470000000003,4.333880000000002,2,7,1,108.68,7,37
N[C@H](COc1cncc(-c2ccc3c(c2)C(=O)C(=O)N3)c1)Cc1c[nH]c2ccccc12,CHEMBL574268,8.27,nM,5.4,nM,5.4,AKT1,5.4,8.267606240177031,UXLZLMCRDLQVLG-KRWDZBQOSA-N,412.44900000000007,3.3135000000000012,3,5,0,110.1,6,31
CC(C)(O)C[C@H](NC(=O)C1(N)CCN(c2ncnc3[nH]ccc23)CC1)c1ccc(Cl)cc1,CHEMBL5828090,8.27,nM,5.4,nM,5.4,AKT1,5.4,8.267606240177031,ZIZJWGVNRMLTJU-SFHVURJKSA-N,456.9780000000002,2.927500000000002,4,6,0,120.16,6,32
Cc1c[nH]c2ncnc(N3CCC(N)(C(=O)N[C@@H](CC(C)(C)O)c4ccc(Cl)cc4)CC3)c12,CHEMBL5789489,8.27,nM,5.4,nM,5.4,AKT1,5.4,8.267606240177031,NRYYISGBALLFJD-SFHVURJKSA-N,471.0050000000003,3.235920000000002,4,6,0,120.16000000000001,6,33
CC(C)(N)c1ccc(-n2c(-c3cccnc3N)nc3ccc(-c4ccccc4)nc32)cc1,CHEMBL4528363,8.27,nM,5.4,uM,0.0054,AKT1,5.4,8.267606240177031,PEFKURKDJJKTQW-UHFFFAOYSA-N,420.5200000000001,4.925500000000002,2,5,0,95.64,4,32
NC1(c2ccc(-c3nc4n(c3-c3ccccc3)COc3nccnc3-4)cc2)CC(O)(C2CC2)C1,CHEMBL3701755,8.27,nM,5.4,nM,5.4,AKT1,5.4,8.267606240177031,OFNWQVSLGHRSNF-UHFFFAOYSA-N,451.53000000000026,4.112900000000003,2,6,0,99.08,4,34
Cl.Cn1ncc(Br)c1-c1ccc(C(=O)N[C@@H]2CNCC[C@H]2c2cccc(F)c2)s1,CHEMBL4444441,8.26,nM,5.46,nM,5.46,AKT1,5.46,8.262807357295262,PGXQTHKWXQSATJ-GOEBONIOSA-N,499.8370000000002,4.347500000000003,2,4,0,58.95,4,29
N#Cc1c[nH]c2ncnc(N3CC[C@@H](c4nc(-c5ccc(F)c(C(F)(F)F)c5)cn4CCN4CCC4)[C@@H](F)C3)c12,CHEMBL5947732,8.26,nM,5.5,nM,5.5,AKT1,5.5,8.259637310505756,MQOJWNUSDMISEA-NQIIRXRSSA-N,556.5430000000001,4.888680000000005,1,6,1,89.65999999999998,6,40
N#Cc1c(N)ncnc1N1CC[C@@H](c2nc(-c3ccc(F)c(C(F)(F)F)c3)cn2CCN2CCC2)[C@@H](F)C1,CHEMBL5778528,8.26,nM,5.5,nM,5.5,AKT1,5.5,8.259637310505756,FVBJUIPMIDIVCZ-UZLBHIALSA-N,532.5210000000002,3.9895800000000037,1,7,1,99.89,6,38
Cc1cc(-c2cn(CC3CNC3)c([C@@H]3CCN(c4ncnc(N)c4C(C)C)C[C@@H]3F)n2)ccc1F,CHEMBL5828780,8.26,nM,5.5,nM,5.5,AKT1,5.5,8.259637310505756,GTSLYQNOEMZGNU-CTNGQTDRSA-N,481.59500000000014,4.044620000000003,2,6,0,84.89,6,35
N#Cc1c[nH]c2ncnc(N3CC[C@@H](c4nc(-c5ccnc(C(F)(F)F)c5)cn4CCN4CCC4)[C@@H](F)C3)c12,CHEMBL5757773,8.26,nM,5.5,nM,5.5,AKT1,5.5,8.259637310505756,AVMOOTKRYPDMNB-MOPGFXCFSA-N,539.5410000000002,4.144580000000003,1,7,1,102.55,6,39
Cc1n[nH]c2ccc(-c3nnc(NC[C@@H](N)Cc4ccc(C(F)(F)F)cc4)s3)cc12,CHEMBL1080911,8.26,nM,5.5,nM,5.5,AKT1,5.5,8.259637310505756,KRKDQSSYLDUOBP-HNNXBMFYSA-N,432.475,4.390520000000002,3,6,0,92.50999999999999,6,30
CC(C)c1c(N)ncnc1N1CC[C@@H](c2nc(-c3ccc(F)c(C(F)(F)F)c3)cn2CCN)[C@@H](F)C1,CHEMBL5742125,8.26,nM,5.5,nM,5.5,AKT1,5.5,8.259637310505756,LRMSXQHUFDZMGI-QAPCUYQASA-N,509.52700000000016,4.4943000000000035,2,6,1,98.88000000000001,6,36
Cc1cc(-c2cn(CCNC(C)(C)C)c(C3CCN(c4ncnc(N)c4-c4cn[nH]c4)CC3)n2)ccc1F,CHEMBL3970663,8.26,nM,5.5,nM,5.5,AKT1,5.5,8.259637310505756,PTOIXCNADVPLTL-UHFFFAOYSA-N,517.6570000000003,4.532020000000003,3,7,1,113.57000000000001,7,38
Cc1cc(-c2cn(CCN3CCC3)c(C3CCN(c4ncnc(N)c4-c4cn[nH]c4)CC3)n2)ccc1F,CHEMBL3922949,8.26,nM,5.5,nM,5.5,AKT1,5.5,8.259637310505756,SCJPEHNHLXDUFG-UHFFFAOYSA-N,501.61400000000015,3.8496200000000016,2,7,1,104.77999999999999,7,37
NCCn1cc(-c2ccc(F)c(C(F)(F)F)c2)nc1[C@@H]1CCN(c2ncnc(N)c2Cl)C[C@@H]1F,CHEMBL5944492,8.26,nM,5.5,nM,5.5,AKT1,5.5,8.259637310505756,JGYPQUJMROMGBO-DOMZBBRYSA-N,501.89100000000013,4.024300000000002,2,6,1,98.88000000000001,5,34
COc1ccc2c(n1)-c1nc(-c3ccc(C4(N)CC(C)(O)C4)cc3)c(-c3ccccc3)n1CO2,CHEMBL3701765,8.26,nM,5.5,nM,5.5,AKT1,5.5,8.259637310505756,NFFMKBBFNKWPHO-UHFFFAOYSA-N,454.5300000000002,4.336400000000002,2,6,0,95.42,4,34
NC1(c2ccc(-c3nc4n(c3-c3ccccc3)COc3cnccc3-4)cc2)CCC1,CHEMBL3701751,8.26,nM,5.5,nM,5.5,AKT1,5.5,8.259637310505756,KLWQEODJBGDVRP-UHFFFAOYSA-N,394.4780000000002,4.966900000000003,1,4,0,65.96,3,30
Cc1cc(-c2cn(CCN3CCC3)c(C3CCN(c4ncnc(N)c4C#N)CC3(F)F)n2)ccc1F,CHEMBL5913723,8.26,nM,5.5,nM,5.5,AKT1,5.5,8.259637310505756,HEIGJIKPAPHGIP-UHFFFAOYSA-N,496.5410000000001,3.5764000000000014,1,7,0,99.89,6,36
Cc1cc(-c2cn(CCN3CCC3)c(C3(O)CCN(c4ncnc(N)c4C#N)CC3)n2)ccc1F,CHEMBL5808434,8.26,nM,5.5,nM,5.5,AKT1,5.5,8.259637310505756,QDFZHFJIXUUJBE-UHFFFAOYSA-N,476.5600000000002,2.4352,2,8,0,120.11999999999999,6,35
CCc1c(N)ncnc1N1CCC(O)(c2nc(-c3ccc(F)c(C)c3)cn2CCN2CCC2)CC1,CHEMBL5842501,8.26,nM,5.5,nM,5.5,AKT1,5.5,8.259637310505756,LVVCVENXRLWTCD-UHFFFAOYSA-N,479.6040000000003,3.1259200000000025,2,7,0,96.33,7,35
Cc1cc(-c2cn(CCN3CCC3)c(C3(O)CCN(c4ncnc(N)c4C(C)C)CC3)n2)ccc1F,CHEMBL5898103,8.26,nM,5.5,nM,5.5,AKT1,5.5,8.259637310505756,QAQKEARBBXQETD-UHFFFAOYSA-N,493.6310000000002,3.6869200000000024,2,7,0,96.33,7,36
Cc1cc(-c2cn(CCN3CCC3)c(C3CCN(c4ncnc(N)c4C(C)C)CC3(F)F)n2)ccc1F,CHEMBL5854125,8.26,nM,5.5,nM,5.5,AKT1,5.5,8.259637310505756,SOJORSMYDWVCJP-UHFFFAOYSA-N,513.6120000000002,4.828120000000004,1,6,1,76.1,7,37
Cc1cc(-c2cn(CCN3CCC3)c(C3(O)CCN(c4ncnc(N)c4Cl)CC3)n2)ccc1F,CHEMBL6039001,8.26,nM,5.5,nM,5.5,AKT1,5.5,8.259637310505756,HDCBQKJBEKMFAM-UHFFFAOYSA-N,485.9950000000002,3.216920000000001,2,7,0,96.33,6,34
CN(C)CCn1cc(-c2ccc(F)c(C(F)(F)F)c2)nc1[C@@H]1CCN(c2ncnc(N)c2C#N)C[C@@H]1F,CHEMBL5779819,8.26,nM,5.5,nM,5.5,AKT1,5.5,8.259637310505756,KZLHWAOADZPQDT-BEFAXECRSA-N,520.5100000000003,3.845480000000002,1,7,1,99.89000000000001,6,37
CCOc1c(N)ncnc1N1CC[C@@H](c2nc(-c3ccc(F)c(C(F)(F)F)c3)cn2CCN2CCC2)[C@@H](F)C1,CHEMBL6012581,8.26,nM,5.5,nM,5.5,AKT1,5.5,8.259637310505756,LJKNFVAAARXIMN-XLIONFOSSA-N,551.5640000000003,4.516600000000004,1,7,1,85.33,8,39
CCOc1c(N)ncnc1N1CC[C@H](c2nc(-c3ccc(F)c(C(F)(F)F)c3)cn2CCN2CCC2)[C@H](F)C1,CHEMBL6002524,8.26,nM,5.5,nM,5.5,AKT1,5.5,8.259637310505756,LJKNFVAAARXIMN-FXAWDEMLSA-N,551.5640000000003,4.516600000000004,1,7,1,85.33,8,39
CN(C)CCn1cc(-c2ccc(F)c(C(F)(F)F)c2)nc1[C@@H]1CCN(c2ncnc(N)c2Cl)C[C@@H]1F,CHEMBL5829074,8.26,nM,5.5,nM,5.5,AKT1,5.5,8.259637310505756,UFTVLKDQOGAMAF-PBHICJAKSA-N,529.9450000000003,4.627200000000003,1,6,1,76.10000000000001,6,36
Cc1cc(-c2cn(CCN3CCC3)c([C@@H]3CCN(c4ncnc(N)c4C(C)C)C[C@@H]3F)n2)ccc1F,CHEMBL5834891,8.26,nM,5.5,nM,5.5,AKT1,5.5,8.259637310505756,GHRNTQYBWZUASM-IRLDBZIGSA-N,495.6220000000001,4.530920000000004,1,6,0,76.1,7,36
Cc1cc(-c2cn(CCN(C)C)c([C@@H]3CCN(c4ncnc(N)c4C#N)C[C@@H]3F)n2)ccc1F,CHEMBL5911309,8.26,nM,5.5,nM,5.5,AKT1,5.5,8.259637310505756,OIRFZMZDQYSRGA-XLIONFOSSA-N,466.54000000000013,3.1351000000000004,1,7,0,99.89,6,34
Cc1cc(-c2cn(CCNC(C)C)c([C@@H]3CCN(c4ncnc(N)c4C(C)C)C[C@@H]3F)n2)ccc1F,CHEMBL5865583,8.26,nM,5.5,nM,5.5,AKT1,5.5,8.259637310505756,ZBTYTRHPZXUMHE-IRLDBZIGSA-N,497.6380000000002,4.823220000000004,2,6,0,84.89,8,36
CNCCn1cc(-c2ccc(F)c(C)c2)nc1[C@@H]1CCN(c2ncnc(N)c2C(C)C)C[C@@H]1F,CHEMBL5758647,8.26,nM,5.5,nM,5.5,AKT1,5.5,8.259637310505756,HTWLRLMWASQHEU-QUCCMNQESA-N,469.58400000000023,4.044620000000002,2,6,0,84.89,7,34
Cc1cc(-c2cn(CCN3CCC3)c([C@@H]3CCN(c4ncnc(N)c4OC(C)C)C[C@@H]3F)n2)ccc1F,CHEMBL5824895,8.26,nM,5.5,nM,5.5,AKT1,5.5,8.259637310505756,CVDCAMRBGDHTGD-IRLDBZIGSA-N,511.62100000000015,4.194720000000003,1,7,1,85.33,8,37
Cc1cc(-c2cn(CCN3CCC3)c([C@@H]3CCN(c4ncnc(N)c4C#N)C[C@@H]3F)n2)ccc1F,CHEMBL5904510,8.26,nM,5.5,nM,5.5,AKT1,5.5,8.259637310505756,GGAFUEXMMLDLSP-NQIIRXRSSA-N,478.5510000000001,3.2792000000000012,1,7,0,99.89,6,35
Cc1cc(-c2cn(CCN3CCC3)c([C@@H]3CCN(c4ncnc(N)c4C(N)=O)C[C@@H]3F)n2)ccc1F,CHEMBL5761334,8.26,nM,5.5,nM,5.5,AKT1,5.5,8.259637310505756,COUYLVUYFPDVOO-MJGOQNOKSA-N,496.56600000000014,2.506420000000001,2,7,0,119.18999999999998,7,36
Nc1ncnc(N2CC[C@@H](c3nc(-c4ccc(F)c(C(F)(F)F)c4)cn3CCN3CCC3)[C@H](F)C2)c1Cl,CHEMBL5744233,8.26,nM,5.5,nM,5.5,AKT1,5.5,8.259637310505756,BPJUPXXKAPKTBS-CRAIPNDOSA-N,541.9560000000002,4.7713000000000045,1,6,1,76.10000000000001,6,37
NC(=O)c1c(N)ncnc1N1CC[C@@H](c2nc(-c3ccc(F)c(C(F)(F)F)c3)cn2CCN2CCC2)[C@@H](F)C1,CHEMBL5743486,8.26,nM,5.5,nM,5.5,AKT1,5.5,8.259637310505756,LJXSBCQMIYAMGA-QAPCUYQASA-N,550.5360000000003,3.216800000000002,2,7,1,119.18999999999998,7,39
CN(C)CCn1cc(-c2ccc(F)c(C(F)(F)F)c2)nc1[C@H]1CCN(c2ncnc(N)c2C(N)=O)C[C@H]1F,CHEMBL5996297,8.26,nM,5.5,nM,5.5,AKT1,5.5,8.259637310505756,IHXIXEFPEXLJCZ-WMLDXEAASA-N,538.5250000000004,3.0727,2,7,1,119.19,7,38
CCc1c(N)ncnc1N1CC[C@@H](c2nc(-c3ccc(F)c(C(F)(F)F)c3)cn2CCN2CCC2)[C@@H](F)C1,CHEMBL5994474,8.26,nM,5.5,nM,5.5,AKT1,5.5,8.259637310505756,YAJGIHMFZQZBOI-NQIIRXRSSA-N,535.5650000000002,4.680300000000004,1,6,1,76.10000000000001,7,38
Cc1cc(-c2cn(CCN(C)C)c([C@H]3CCN(c4ncnc(N)c4Cl)C[C@H]3F)n2)ccc1F,CHEMBL5980065,8.26,nM,5.5,nM,5.5,AKT1,5.5,8.259637310505756,NZRLHDMDWYOVDS-FUHWJXTLSA-N,475.97500000000014,3.916820000000002,1,6,0,76.1,6,33
Cc1cc(-c2cn(CCNC3CCCC3)c(C3CCN(c4ncnc(N)c4C(N)=O)CC3)n2)ccc1F,CHEMBL3934916,8.25,nM,5.6,nM,5.6,AKT1,5.6,8.2518119729938,LBTKEPYWOLJQQB-UHFFFAOYSA-N,506.6300000000003,3.38492,3,7,1,127.98,8,37
CCN(CC)CC[C@H](NC(=O)C1(N)CCN(c2ncnc3[nH]ccc23)CC1)c1ccc(Cl)cc1,CHEMBL5779455,8.25,nM,5.6,nM,5.6,AKT1,5.6,8.2518119729938,IJUUIZLFJCLSOJ-NRFANRHFSA-N,484.0480000000001,3.498400000000003,3,6,0,103.17000000000002,9,34
Cc1n[nH]c2ccc(-c3cncc(OC[C@@H](N)Cc4cccc(Cl)c4Cl)c3)cc12,CHEMBL229918,8.25,nM,5.6,nM,5.6,AKT1,5.6,8.2518119729938,OBPHJKTZMXJJJE-KRWDZBQOSA-N,427.3350000000001,5.188920000000003,2,4,1,76.82,6,29
O=C(N1CCN(c2ncnc3[nH]cc(Cl)c23)CC1)C1(c2cccc(Br)c2)CCNCC1,CHEMBL4217723,8.25,nM,5.6,nM,5.6,AKT1,5.6,8.2518119729938,MNTHFXJSBJFIGJ-UHFFFAOYSA-N,503.8320000000003,3.3438000000000008,2,5,1,77.15,3,31
Nc1ccccc1-c1nc2ccc(-c3ccccc3)nc2n1-c1ccc(C2(N)CCC2)cc1,CHEMBL3649676,8.25,nM,5.67,nM,5.67,AKT1,5.67,8.246416941107093,AKMSUIRWGORRAN-UHFFFAOYSA-N,431.5430000000003,5.674600000000005,2,4,1,82.75,4,33
Cc1ccc(-c2nc3c(C)nc(N)nc3n([C@H]3CC[C@H](O)CC3)c2=O)cn1,CHEMBL1257295,8.24,nM,5.7,nM,5.7,AKT1,5.7,8.244125144327509,UWJFLQXOGWCELX-HDJSIYSDSA-N,366.4250000000001,1.9235399999999998,2,7,0,119.81000000000002,2,27
NC1(c2ccc(-n3c(-c4ncccn4)nc4ccc(-c5cccc(N6CCOCC6)c5)nc43)cc2)CCC1,CHEMBL3649684,8.24,nM,5.71,nM,5.71,AKT1,5.71,8.243363891754152,FFHWLTVMVGOGQG-UHFFFAOYSA-N,503.61000000000047,4.719000000000005,1,7,1,94.98,5,38
Cc1ccc(-c2nc3c(C)nc(N)nc3n([C@H]3CC[C@H](OCCO)CC3)c2=O)cn1,CHEMBL1258910,8.24,nM,5.74,nM,5.74,AKT1,5.74,8.241088107602026,FDYCDLMAMJYKQV-WKILWMFISA-N,410.47800000000024,1.9401399999999998,2,8,0,129.04000000000002,5,30
Cn1cc(-c2nc3ccc(-c4ccccc4)nc3n2-c2ccc(C3(N)CCC3)cc2)c(N)n1,CHEMBL3649670,8.24,nM,5.78,nM,5.78,AKT1,5.78,8.23807216157947,KFUFJFNSMNDKIE-UHFFFAOYSA-N,435.5350000000003,4.408100000000001,2,5,0,100.57,4,33
Clc1c[nH]c2ncnc(N3CC4(CCNCC4)c4ccccc43)c12,CHEMBL411515,8.24,nM,5.8,nM,5.8,AKT1,5.8,8.236572006437063,YLRSPXDEXXKFBG-UHFFFAOYSA-N,339.83,3.3842000000000017,2,4,0,56.84,1,24
COc1ncc(-c2cc3c(C)nc(N)nc3n([C@H]3CC[C@H](OCC(N)=O)CC3)c2=O)cc1F,CHEMBL2375957,8.23,nM,5.82,nM,5.82,AKT1,5.82,8.235077015350111,OKZQPXUPXMKTBL-HDJSIYSDSA-N,456.4780000000003,1.8774199999999994,2,8,0,148.23999999999998,6,33
Nc1ncnc(N2CCC(c3nc(-c4cccc(F)c4)cn3CCN3CCCC3)CC2)c1Br,CHEMBL3949523,8.23,nM,5.9,nM,5.9,AKT1,5.9,8.229147988357855,HIIWAIXZTVGCMF-UHFFFAOYSA-N,514.4470000000003,4.303700000000004,1,6,1,76.10000000000001,6,33
Cc1n[nH]c2ccc(-c3cncc(OC[C@@H](N)Cc4cccc(Cl)c4)c3)cc12,CHEMBL229799,8.23,nM,5.9,nM,5.9,AKT1,5.9,8.229147988357855,NJPWCTYVEJIQBM-IBGZPJMESA-N,392.89000000000004,4.535520000000003,2,4,0,76.82,6,28
N[C@H](COc1cncc(-c2ccc3c(c2)C(c2ccccc2)C(=O)N3)c1)Cc1c[nH]c2ccccc12,CHEMBL577379,8.23,nM,5.9,nM,5.9,AKT1,5.9,8.229147988357855,GMHTYKBOFKTKLP-QASNXKAYSA-N,474.5640000000002,5.262700000000004,3,4,1,93.03,7,36
Cc1noc(-c2cc(NCCN3CCCC3)c(C)c(N3CCN(c4ncnc5[nH]nc(Br)c45)CC3)c2)n1,CHEMBL2016890,8.22,nM,6.0,nM,6.0,AKT1,6.0,8.221848749616356,HGCQHRUBKWVKHA-UHFFFAOYSA-N,567.4959999999999,3.6165400000000023,2,10,1,115.13,7,37
Cc1cc(-c2ccc3nn4cc(-c5ccccc5)c(-c5ccc(C6(N)CCC6)cc5)nc4c3c2)[nH]n1,CHEMBL3672557,8.22,nM,6.0,nM,6.0,AKT1,6.0,8.221848749616356,LWEFXVZPXAYCPI-UHFFFAOYSA-N,470.58000000000027,6.252920000000006,2,4,1,84.89,4,36
CCn1c(-c2nonc2N)nc2c(C#CC(C)(C)O)nc(CN)cc21,CHEMBL1098241,8.22,nM,6.0,nM,6.0,AKT1,6.0,8.221848749616356,SAJJWJQNKYDEPD-UHFFFAOYSA-N,341.37500000000006,0.6644999999999996,3,8,0,141.9,3,25
CC1Cc2ccccc2N1C(=O)Cc1nc(N2CCOCC2)cc(=O)[nH]1,CHEMBL3112862,8.22,nM,6.0,nM,6.0,AKT1,6.0,8.221848749616356,UAXHPOBBKRWJGA-UHFFFAOYSA-N,354.41,1.1268,1,5,0,78.53,3,26
CCn1c(-c2nonc2N)nc2c(C#CC(C)(C)O)nc(CN3CCCC3)cc21,CHEMBL1096290,8.22,nM,6.0,nM,6.0,AKT1,6.0,8.221848749616356,JHBURLBWOXZZGX-UHFFFAOYSA-N,395.4670000000002,1.8015999999999999,2,8,0,119.12,4,29
CC(C)NCC(Cc1ccc(Cl)c(F)c1)C(=O)N1CCN(c2ncnc3c2[C@H](C)OC3)CC1,CHEMBL1632390,8.22,nM,6.0,nM,6.0,AKT1,6.0,8.221848749616356,IWMNDKWFBRVRRR-ATNAJCNCSA-N,475.9960000000004,3.365800000000002,1,6,0,70.59,7,33
C[C@@H]1SCc2ncnc(N3CCN(C(=O)C(Cc4ccc(Cl)cc4)CC(C)(C)N)CC3)c21,CHEMBL1632387,8.22,nM,6.0,nM,6.0,AKT1,6.0,8.221848749616356,IBHZHALPFRCFPT-ATNAJCNCSA-N,474.0740000000003,4.072700000000003,1,6,0,75.35000000000001,6,32
C[C@@H]1C[C@@H](O)c2ncnc(N3CCN(C(=O)[C@H](CNC(C)(C)CO)c4ccc(C(F)(F)F)c(F)c4)CC3)c21,CHEMBL2178598,8.22,nM,6.0,nM,6.0,AKT1,6.0,8.221848749616356,JVKUGJVIBUMCFL-WRWLIDTKSA-N,539.5740000000001,2.9680000000000017,3,7,1,101.82000000000001,7,38
N[C@H](CNc1nnc(-c2ccc3[nH]ncc3c2)s1)Cc1ccc(C(F)(F)F)cc1,CHEMBL1081628,8.22,nM,6.0,nM,6.0,AKT1,6.0,8.221848749616356,BRTIFMBVAUCZIX-HNNXBMFYSA-N,418.44800000000015,4.082100000000001,3,6,0,92.51,6,29
NCC(NC(=O)c1ccc(-c2ccnc3[nH]ccc23)s1)c1ccccc1,CHEMBL471034,8.22,nM,6.0,nM,6.0,AKT1,6.0,8.221848749616356,TWYNGDRSMHRPSY-UHFFFAOYSA-N,362.458,3.7212000000000023,3,4,0,83.79999999999998,5,26
Cc1cc(F)ccc1C[C@H](N)COc1cncc(-c2cc3c(C)n[nH]c3cn2)c1,CHEMBL575427,8.22,nM,6.0,nM,6.0,AKT1,6.0,8.221848749616356,XOBAXUSIWXJTRE-SFHVURJKSA-N,391.4500000000001,3.7246400000000017,2,5,0,89.71,6,29
Cc1occc1-c1nc(N)c(OC[C@@H](N)Cc2ccccc2)cc1-c1cnc2[nH]nc(C)c2n1,CHEMBL594755,8.22,nM,6.0,uM,0.006,AKT1,6.0,8.221848749616356,SSMMEOSYEUOMIT-KRWDZBQOSA-N,455.5220000000001,3.8227400000000022,3,8,0,141.76,7,34
Cc1cc(F)ccc1C[C@H](N)COc1cncc(-c2ccc3[nH]nc(C)c3c2)c1,CHEMBL376394,8.22,nM,6.0,nM,6.0,AKT1,6.0,8.221848749616356,AMRMQCBFQCECAQ-FQEVSTJZSA-N,390.4620000000001,4.329640000000002,2,4,0,76.82,6,29
COc1ccc2c(c1)OCn1c-2nc(-c2ccc(C3(N)CC(C)(O)C3)cc2)c1-c1ccccc1,CHEMBL3701736,8.22,nM,6.0,nM,6.0,AKT1,6.0,8.221848749616356,VMZWEBNKWDZUBL-UHFFFAOYSA-N,453.5420000000002,4.941400000000003,2,5,0,82.53,4,34
NC1(C(=O)NC(CCS(N)(=O)=O)c2ccc(Cl)cc2)CCN(c2ncnc3[nH]ccc23)CC1,CHEMBL2325734,8.22,nM,6.0,nM,6.0,AKT1,6.0,8.221848749616356,YZSVVNBHGXXQBM-UHFFFAOYSA-N,492.0050000000002,1.4451,4,7,0,160.09,7,33
NC1(C(=O)NC(CCCO)c2ccc(Cl)cc2)CCN(c2ncnc3[nH]ccc23)CC1,CHEMBL2325739,8.22,nM,6.0,nM,6.0,AKT1,6.0,8.221848749616356,LDSYQXFMCPTTQM-UHFFFAOYSA-N,442.95100000000025,2.5390000000000006,4,6,0,120.16,7,31
NCC(NC(=O)c1cc(C2CC2)c(-c2ccnc3[nH]ccc23)s1)c1ccccc1,CHEMBL512858,8.22,nM,6.0,nM,6.0,AKT1,6.0,8.221848749616356,ZXAIWDLCJKVDIG-UHFFFAOYSA-N,402.5230000000001,4.598600000000003,3,4,0,83.79999999999998,6,29
CC1CN(c2cc(=O)[nH]c(CC(=O)Nc3ccc(F)cc3)n2)CCO1,CHEMBL3935564,8.22,nM,6.0,nM,6.0,AKT1,6.0,8.221848749616356,KJFHPFFETQBPCU-UHFFFAOYSA-N,346.3620000000001,1.3152999999999997,2,5,0,87.32000000000001,4,25
NC1(c2ccc(-c3nn4c(-c5cccc(CO)c5)cnc4cc3-c3ccccc3)cc2)CCC1,CHEMBL3672486,8.22,nM,6.0,nM,6.0,AKT1,6.0,8.221848749616356,LKFDOKOZTBUKNS-UHFFFAOYSA-N,446.55400000000026,5.560500000000004,2,4,1,76.44,5,34
CC(C)NC[C@@H](C(=O)N1CCN(c2ncnc3c2C(C)OC(=O)N3)CC1)c1ccc(Cl)cc1,CHEMBL5192188,8.22,nM,6.0,nM,6.0,AKT1,6.0,8.221848749616356,DHMFFVNUPLZBKN-KPMSDPLLSA-N,472.9770000000002,3.1835000000000013,2,7,0,99.69,6,33
C[C@@H]1C[C@@H](O)c2ncnc(N3CCN(C(=O)[C@H](CN4CCC(F)CC4)c4ccc(Cl)cc4)CC3)c21,CHEMBL2177363,8.22,nM,6.0,nM,6.0,AKT1,6.0,8.221848749616356,DMFQEDIRMMWZOK-ZPMCFJSWSA-N,502.0340000000003,3.536900000000003,1,6,1,72.8,5,35
NC(=O)c1cccc2c(N[C@H](CN3CCC3)c3cccc(C(F)(F)F)c3)ncnc12,CHEMBL4876446,8.22,nM,6.0,nM,6.0,AKT1,6.0,8.221848749616356,YFBSBJBNKSZCLY-QGZVFWFLSA-N,415.419,3.6064000000000025,2,5,0,84.14,6,30
NC(=O)c1cccc2c(N[C@H](CN3CCC3)c3ccc(F)c(C(F)(F)F)c3)ncnc12,CHEMBL4846712,8.22,nM,6.0,nM,6.0,AKT1,6.0,8.221848749616356,CBBZXHUFHIEZHP-QGZVFWFLSA-N,433.409,3.7455000000000025,2,5,0,84.14,6,31
CC(C)NC[C@@H](C(=O)N1CCN(c2ncnc3c2[C@H](C)CC3)CC1)c1ccc(Cl)cc1,CHEMBL2177385,8.22,nM,6.0,nM,6.0,AKT1,6.0,8.221848749616356,YIOYTLIENRRHFN-YLJYHZDGSA-N,442.0070000000003,3.610100000000002,1,5,0,61.36000000000001,6,31
CNc1nccc(-c2ccc(C(=O)N[C@H](CN)Cc3ccc(Cl)cc3Cl)s2)n1,CHEMBL213618,8.22,nM,6.0,nM,6.0,AKT1,6.0,8.221848749616356,HHOVRZGUSBMKKU-ZDUSSCGKSA-N,436.3680000000001,3.8534000000000015,3,6,0,92.93,7,28
Cl.Nc1ncccc1-c1nc2ccc(-c3cccnc3)nc2n1-c1ccc(C2(N)CCC2)cc1,CHEMBL4544109,8.22,nM,6.0,uM,0.006,AKT1,6.0,8.221848749616356,ZFVUCRLQQJQTLG-UHFFFAOYSA-N,469.9800000000003,4.886400000000004,2,6,0,108.52999999999999,4,34
CCn1c(-c2nonc2N)nc2c(C#CC(C)(C)O)ncc(OCCCN)c21,CHEMBL493874,8.22,nM,6.0,uM,0.006,AKT1,6.0,8.221848749616356,YSASGHSLMIIWAY-UHFFFAOYSA-N,385.42800000000017,0.9334000000000002,3,9,0,151.13000000000002,6,28
N[C@H](COc1cncc(-c2cc3c(-c4ccco4)n[nH]c3cn2)c1)Cc1ccccc1,CHEMBL375485,8.21,nM,6.1,nM,6.1,AKT1,6.1,8.214670164989233,SUTSEXNYUMIAMX-SFHVURJKSA-N,411.4650000000001,4.228700000000003,2,6,0,102.85000000000001,7,31
COc1c(N)ncnc1N1CCC(c2nc(-c3ccc(F)c(C(F)(F)F)c3)cn2CCN2CCC2)CC1,CHEMBL3954017,8.21,nM,6.1,nM,6.1,AKT1,6.1,8.214670164989233,DEEBDOUWFMNWMC-UHFFFAOYSA-N,519.5470000000003,4.178500000000003,1,7,1,85.33,7,37
N=C(N)n1c(=N)ccc2nc(-c3ccc(C4(N)CCC4)cc3)c(-c3ccccc3)cc21,CHEMBL3679629,8.21,nM,6.1,nM,6.1,AKT1,6.1,8.214670164989233,KWISMKBCBPNONA-UHFFFAOYSA-N,408.50900000000007,3.9292400000000027,4,4,0,117.56,3,31
Cc1n[nH]c2ccc(-c3nnc(NC[C@@H](N)Cc4cccc(C(F)(F)F)c4)s3)cc12,CHEMBL1080561,8.21,nM,6.1,nM,6.1,AKT1,6.1,8.214670164989233,GGQSOEXSCZITMC-HNNXBMFYSA-N,432.475,4.390520000000002,3,6,0,92.50999999999999,6,30
CC1(O)CC(N)(c2ccc(-c3nc4n(c3-c3ccccc3)COc3cc(C#N)ccc3-4)cc2)C1,CHEMBL3701760,8.21,nM,6.2,nM,6.2,AKT1,6.2,8.207608310501746,YEASUMBXZGASJD-UHFFFAOYSA-N,448.52600000000024,4.804480000000003,2,5,0,97.09,3,34
Cl.O=C(N[C@@H]1CNCC[C@H]1c1ccc(F)c(F)c1)c1cc2c(s1)OCCn1nccc1-2,CHEMBL5395510,8.2,nM,6.3,nM,6.3,AKT1,6.3,8.200659450546418,KVOXZBRSMPZNDA-SUMWQHHRSA-N,466.9410000000002,3.579500000000002,2,5,0,68.18,3,31
NC1(C(=O)N[C@@H](CCN2CCNCC2)c2ccc(Cl)cc2)CCN(c2ncnc3[nH]ccc23)CC1,CHEMBL6008744,8.2,nM,6.3,nM,6.3,AKT1,6.3,8.200659450546418,HYNDOKVMCRCRDS-NRFANRHFSA-N,497.04700000000025,2.0618,4,7,0,115.19999999999999,7,35
NC1(C(=O)NC(Cc2ncc[nH]2)c2ccc(Cl)cc2)CCN(c2ncnc3[nH]ccc23)CC1,CHEMBL5788486,8.2,nM,6.3,nM,6.3,AKT1,6.3,8.200659450546418,NKUKCAPUYOGSHK-UHFFFAOYSA-N,464.9610000000003,2.7323000000000013,4,6,0,128.61,6,33
CC(=O)Nc1nc2ccc(-c3cnc(Cl)c(NS(=O)(=O)c4ccc(F)cc4)c3)cc2s1,CHEMBL1615189,8.2,nM,6.3,nM,6.3,AKT1,6.3,8.200659450546418,YGBMCLDVRUGXOV-UHFFFAOYSA-N,476.9420000000001,4.910000000000002,2,6,0,101.04999999999998,5,31
CNC(=O)c1cc(OC)c2nc(-c3ccc(C4(N)CCC4)cc3)c(-c3ccccc3)n2n1,CHEMBL5906957,8.2,nM,6.3,nM,6.3,AKT1,6.3,8.200659450546418,YIAASNVZBIJQGN-UHFFFAOYSA-N,427.50800000000015,3.7694000000000027,2,5,0,94.53999999999999,5,32
Cc1c[nH]c2ncnc(N3CCC(N)(C(=O)N[C@@H](CCN4CCNCC4)c4ccc(Cl)cc4)CC3)c12,CHEMBL6064984,8.2,nM,6.3,nM,6.3,AKT1,6.3,8.200659450546418,WTQKGQCSPLFRCL-NRFANRHFSA-N,511.07400000000035,2.3702200000000007,4,7,1,115.2,7,36
Cc1cc(-c2cn(CC3CNC3)c(C3CCN(c4ncnc(N)c4OC(C)C)CC3)n2)ccc1F,CHEMBL3987123,8.19,nM,6.4,nM,6.4,AKT1,6.4,8.193820026016112,NTSTWVKDSHLTLO-UHFFFAOYSA-N,479.6040000000002,3.7604200000000025,2,7,0,94.12,7,35
CC1(O)CC(N)(c2ccc(-c3nc4n(c3-c3ccccc3)COc3ccc(F)cc3-4)cc2)C1,CHEMBL3701724,8.19,nM,6.4,nM,6.4,AKT1,6.4,8.193820026016112,RPJXFASMUUZRRO-UHFFFAOYSA-N,441.5060000000002,5.071900000000004,2,4,1,73.3,3,33
CC1(O)CC(N)(c2ccc(-c3nc4n(c3-c3ccccc3)COc3nccnc3-4)cc2)C1,CHEMBL3701756,8.19,nM,6.4,nM,6.4,AKT1,6.4,8.193820026016112,HRJCVLMOEVIMPA-UHFFFAOYSA-N,425.4920000000002,3.722800000000003,2,6,0,99.08,3,32
CCc1c(N)ncnc1N1CCC(c2nc(-c3ccc(F)c(C)c3)cn2CCN2CCCC2)CC1,CHEMBL3975180,8.18,nM,6.6,nM,6.6,AKT1,6.6,8.18045606445813,KGWZPNJXJGFYKW-UHFFFAOYSA-N,477.6320000000004,4.4120200000000045,1,6,0,76.10000000000001,7,35
CCOc1c(N)ncnc1N1CCC(c2nc(-c3ccc(F)c(C)c3)cn2CCN2CCCC2)CC1,CHEMBL3900809,8.18,nM,6.6,nM,6.6,AKT1,6.6,8.18045606445813,YHXSFEKLXZCQNP-UHFFFAOYSA-N,493.6310000000004,4.248320000000004,1,7,0,85.33,8,36
CCc1c(N)ncnc1N1CCC(c2nc(-c3ccc(F)c(C(F)(F)F)c3)cn2CCN)CC1,CHEMBL3968744,8.18,nM,6.6,nM,6.6,AKT1,6.6,8.18045606445813,YOXMBPVKSDWRAV-UHFFFAOYSA-N,477.5100000000002,3.9853000000000023,2,6,0,98.88000000000001,6,34
CC1(O)CC(N)(c2ccc(-c3nc4n(c3-c3ccccc3)COc3ccncc3-4)cc2)C1,CHEMBL3701747,8.18,nM,6.6,nM,6.6,AKT1,6.6,8.18045606445813,AIFGVDXMHWGOGJ-UHFFFAOYSA-N,424.5040000000002,4.327800000000003,2,5,0,86.19,3,32
COC(=O)c1cc(-c2cc[nH]n2)c2nc(-c3ccc(C4(N)CCC4)cc3)c(-c3ccccc3)n2n1,CHEMBL5834899,8.18,nM,6.6,nM,6.6,AKT1,6.6,8.18045606445813,HDUUMJRWZYXFRD-UHFFFAOYSA-N,464.5290000000003,4.577900000000002,2,6,0,111.19,5,35
NC(=O)CC(NC(=O)C1(N)CCN(c2ncnc3[nH]ccc23)CC1)c1ccc(Cl)cc1,CHEMBL5977643,8.18,nM,6.6,nM,6.6,AKT1,6.6,8.18045606445813,MXJXTTUATUMZSQ-UHFFFAOYSA-N,441.9230000000001,1.6419000000000008,4,6,0,143.01999999999998,6,31
CCOc1c(N)ncnc1N1CCC(c2nc(-c3ccc(F)c(C)c3)cn2CC2CNC2)CC1,CHEMBL3943569,8.18,nM,6.6,nM,6.6,AKT1,6.6,8.18045606445813,GEVIIBINALZINE-UHFFFAOYSA-N,465.5770000000003,3.371920000000002,2,7,0,94.12,7,34
CCC(NC(=O)C1(N)CCN(c2ncnc3[nH]ccc23)CC1)c1ccc(Cl)cc1,CHEMBL2325982,8.17,nM,6.7,nM,6.7,AKT1,6.7,8.173925197299173,ZFMRDRXPXZUHDB-UHFFFAOYSA-N,412.9250000000002,3.1765000000000017,3,5,0,99.93,5,29
Cc1n[nH]c2ccc(-c3cncc(OC[C@@H](N)Cc4cccc(OCC5CCNCC5)c4)c3)cc12,CHEMBL226745,8.17,nM,6.8,nM,6.8,AKT1,6.8,8.167491087293763,ONYHXSRUAIWPON-DEOSSOPVSA-N,471.60500000000025,4.260520000000003,3,6,0,98.08,9,35
C[C@@H]1CC(=O)Nc2ncnc(N3CCN(C(=O)[C@H](CN)c4ccc(Cl)cc4)[C@@H]4C[C@@H]43)c21,CHEMBL5187508,8.17,nM,6.8,nM,6.8,AKT1,6.8,8.167491087293763,ODXLOWHHBMQSMU-VDNDLQMASA-N,440.9350000000001,2.1077,2,6,0,104.45,4,31
Cc1n[nH]c2cnc(-c3cncc(OC[C@@H](N)Cc4cccc(OCC5CCNCC5)c4)c3)cc12,CHEMBL576372,8.17,nM,6.8,nM,6.8,AKT1,6.8,8.167491087293763,LZQPXZCXKSEHPG-QFIPXVFZSA-N,472.5930000000003,3.655520000000002,3,7,0,110.97,9,35
COc1cc(Br)nn2c(-c3ccccc3)c(-c3ccc(C4(N)CCC4)cc3)nc12,CHEMBL5880268,8.16,nM,6.9,nM,6.9,AKT1,6.9,8.161150909262744,YDQLQQJYKKJRGJ-UHFFFAOYSA-N,449.3520000000003,5.172300000000004,1,4,1,65.44,4,29
CS(=O)(=O)NCCC(NC(=O)C1(N)CCN(c2ncnc3[nH]ccc23)CC1)c1ccc(Cl)cc1,CHEMBL2325736,8.16,nM,6.9,nM,6.9,AKT1,6.9,8.161150909262744,GHETXRUUPUTFCN-UHFFFAOYSA-N,506.03200000000027,1.7058000000000006,4,7,1,146.1,8,34
Nc1ncnc(N2CCC(c3nc(-c4ccc(F)c(C(F)(F)F)c4)cn3CCN3CCC3)CC2)c1-c1cn[nH]c1,CHEMBL3927188,8.16,nM,6.9,nM,6.9,AKT1,6.9,8.161150909262744,INFMNFLDNVYAMO-UHFFFAOYSA-N,555.5840000000003,4.560000000000003,2,7,1,104.78,7,40
CCOC(=O)c1cncc(-c2cnc3cc(-c4ccccc4)c(-c4ccc(C5(N)CCC5)cc4)nn23)c1,CHEMBL3672498,8.15,nM,7.0,nM,7.0,AKT1,7.0,8.154901959985743,CYKSJPNFRAZHTK-UHFFFAOYSA-N,489.5790000000003,5.639900000000005,1,6,1,95.39999999999999,6,37
O=C(Cc1nc(N2CCOCC2)cc(=O)[nH]1)N1CCc2cc(F)ccc21,CHEMBL3112847,8.15,nM,7.0,nM,7.0,AKT1,7.0,8.154901959985743,LXISESLTVSOLPF-UHFFFAOYSA-N,358.3730000000001,0.8774000000000002,1,5,0,78.53,3,26
COC(=O)c1cnn2cc(-c3ccc(F)cc3F)c(-c3ccc(CN4CC(c5n[nH]c(-c6ccccn6)n5)C4)cc3)nc12,CHEMBL3672033,8.15,nM,7.0,nM,7.0,AKT1,7.0,8.154901959985743,WKHSMMCSIFLZAK-UHFFFAOYSA-N,578.5830000000001,4.907600000000004,1,8,1,114.19,7,43
Cc1nc2nc(-c3ccc(CN4CC(c5n[nH]c(-c6ccccn6)n5)C4)cc3)c(-c3ccccc3)c(C)n2n1,CHEMBL3672045,8.15,nM,7.0,nM,7.0,AKT1,7.0,8.154901959985743,HQOKBRLITOLGHO-UHFFFAOYSA-N,513.6090000000002,4.854640000000003,1,7,1,100.78,6,39
NC1(c2ccc(-c3nc4c(Cl)cc(Cl)cn4c3-c3ccccc3)cc2)CCC1,CHEMBL3699754,8.15,nM,7.0,nM,7.0,AKT1,7.0,8.154901959985743,LIMJLOWOEYGZCY-UHFFFAOYSA-N,408.3320000000002,6.313000000000005,1,2,1,43.31999999999999,3,28
CN1CC([C@@H](NC(=O)c2ccc3cnccc3c2)c2ccc(Cl)c(Cl)c2)C1,CHEMBL1823663,8.15,nM,7.0,uM,0.007,AKT1,7.0,8.154901959985743,GKWZHZVUJVOVJN-FQEVSTJZSA-N,400.3090000000002,4.574300000000004,1,3,0,45.230000000000004,4,27
O=C(N[C@@H](c1ccc(Cl)c(Cl)c1)C1CNC1)c1ccc2cnccc2c1,CHEMBL1823655,8.15,nM,7.0,uM,0.007,AKT1,7.0,8.154901959985743,TWAIYMKBHKNSRO-IBGZPJMESA-N,386.28200000000015,4.232100000000003,2,3,0,54.02,4,26
NC1(C(=O)NC(CO)c2ccc(Cl)cc2)CCN(c2ncnc3[nH]ccc23)CC1,CHEMBL2325737,8.15,nM,7.0,nM,7.0,AKT1,7.0,8.154901959985743,ZVHIYNJZANDKEG-UHFFFAOYSA-N,414.89700000000016,1.7587999999999997,4,6,0,120.16,5,29
O=S(=O)(Nc1cncc(-c2ccc3nccc(-c4ccncc4)c3c2)c1)c1ccccc1F,CHEMBL5562761,8.15,nM,7.0,nM,7.0,AKT1,7.0,8.154901959985743,OTZZJPMGWMLCHQ-UHFFFAOYSA-N,456.5020000000001,5.298700000000003,1,5,1,84.84,5,33
CCC1SCc2ncnc(N3CCN(C(=O)[C@H](N)Cc4ccc(Cl)cc4)CC3)c21,CHEMBL1632372,8.15,nM,7.0,nM,7.0,AKT1,7.0,8.154901959985743,ANUUSLSUVOFECW-PYUWXLGESA-N,431.9930000000002,3.0465000000000018,1,6,0,75.35000000000001,5,29
C[C@@H]1OCc2ncnc(N3CCN(C(=O)[C@H](N)Cc4ccc(Cl)cc4)CC3)c21,CHEMBL1632378,8.15,nM,7.0,nM,7.0,AKT1,7.0,8.154901959985743,MSGDINAGVZKNRI-XJKSGUPXSA-N,401.8980000000001,1.9398000000000006,1,6,0,84.58000000000001,4,28
C[C@@H]1SCc2ncnc(N3CCN(C(=O)C(Cc4ccc(Cl)c(F)c4)CC(C)(C)N)CC3)c21,CHEMBL1632388,8.15,nM,7.0,nM,7.0,AKT1,7.0,8.154901959985743,VJUHWZYINXKQFS-MYJWUSKBSA-N,492.0640000000003,4.211800000000003,1,6,0,75.35000000000001,6,33
Nc1cc2[nH]nc(Cl)c2cc1-c1cncc(OC[C@@H](N)Cc2c[nH]c3ccccc23)c1,CHEMBL225789,8.15,nM,7.1,nM,7.1,AKT1,7.1,8.148741651280925,HOFYBOPHRAHNMK-HNNXBMFYSA-N,432.9150000000002,4.290600000000002,4,5,0,118.63,6,31
Cc1cc(-c2cn(CC3CNC3)c(C3CCN(c4ncnc(N)c4OCC(F)(F)F)CC3)n2)ccc1F,CHEMBL3976254,8.15,nM,7.1,nM,7.1,AKT1,7.1,8.148741651280925,XMHXPVAYPRDKLU-UHFFFAOYSA-N,519.5470000000003,3.9143200000000027,2,7,1,94.12,7,37
NC1(c2ccc(-c3nc4n(c3-c3ccsc3)COc3cccc(F)c3-4)cc2)CC(O)(C2CC2)C1,CHEMBL3701720,8.15,nM,7.1,nM,7.1,AKT1,7.1,8.148741651280925,HZDBGBNXZVHWNJ-UHFFFAOYSA-N,473.57300000000026,5.523500000000005,2,5,1,73.3,4,34
CC(C)NCC(C(=O)N1CCN(c2ncnc3[nH]nc(Cl)c23)CC1)c1ccc(Br)cc1,CHEMBL6168952,8.15,nM,7.1,nM,7.1,AKT1,7.1,8.148741651280925,BZYZXUKZHLSBBL-UHFFFAOYSA-N,506.8360000000002,3.199200000000001,2,6,1,90.04,6,31
Nc1ncnc(Cl)c1-c1nc2ccc(-c3ccccc3)nc2n1-c1ccc(C2(N)CCC2)cc1,CHEMBL3649669,8.14,nM,7.17,nM,7.17,AKT1,7.17,8.1444808443322,XTLRRCVBGYRDGD-UHFFFAOYSA-N,467.9640000000003,5.118000000000004,2,6,1,108.52999999999999,4,34
NC(=O)c1cc(-c2cc[nH]n2)c2nc(-c3ccc(C4(N)CCC4)cc3)c(-c3ccccc3)n2n1,CHEMBL5873344,8.14,nM,7.2,nM,7.2,AKT1,7.2,8.142667503568731,MZNIKYQEACQLBP-UHFFFAOYSA-N,449.5180000000002,3.890200000000002,3,5,0,127.98,5,34
N[C@H](COc1cncc(-c2cc3cn[nH]c3cn2)c1)Cc1cccc(C(F)(F)F)c1,CHEMBL226850,8.14,nM,7.2,nM,7.2,AKT1,7.2,8.142667503568731,OZPLURSGGRWIKB-KRWDZBQOSA-N,413.40300000000013,3.9875000000000025,2,5,0,89.71,6,30
N[C@H](COc1cncc(-c2ccc3c(c2)C(c2ncc[nH]2)C(=O)N3)c1)Cc1c[nH]c2ccccc12,CHEMBL579053,8.14,nM,7.2,nM,7.2,AKT1,7.2,8.142667503568731,IPSDVNHSWVWWKS-UBDBMELISA-N,464.52900000000017,3.985800000000002,4,5,0,121.70999999999998,7,35
NC1(c2ccc(-n3c(-c4cccnc4F)nc4ccc(-c5ccccc5)nc43)cc2)CCC1,CHEMBL3649675,8.14,nM,7.27,nM,7.27,AKT1,7.27,8.138465589140962,DGFVFZMCYYGULX-UHFFFAOYSA-N,435.50600000000026,5.626500000000004,1,4,1,69.62,4,33
CCOC1CN(c2cc(N)ncn2)CCC1c1nc(-c2ccc(F)c(C)c2)cn1CCN(CC)C(C)C,CHEMBL3975500,8.14,nM,7.3,nM,7.3,AKT1,7.3,8.136677139879543,FNVHPAHIBFFSHW-UHFFFAOYSA-N,509.6740000000003,4.499120000000005,1,7,1,85.33,10,37
Cc1c[nH]c2ncnc(N3CCC(N)(CNC(=O)c4ccc(F)cc4)C3)c12,CHEMBL1171673,8.13,nM,7.4,nM,7.4,AKT1,7.4,8.130768280269024,VOALQSCHGCHZEL-UHFFFAOYSA-N,368.41600000000005,1.74302,3,5,0,99.93,4,27
N[C@H](COc1cncc(-c2cnc3c(c2)CC(=O)N3)c1)Cc1c[nH]c2ccccc12,CHEMBL575385,8.13,nM,7.4,nM,7.4,AKT1,7.4,8.130768280269024,NDICSBBPLKHPTN-SFHVURJKSA-N,399.4540000000001,3.0683000000000007,3,5,0,105.91999999999999,6,30
NC1(C(=O)N[C@@H](CCO)c2ccc(Cl)cc2)CCN(c2ncnc3[nH]cnc23)CC1,CHEMBL5780547,8.12,nM,7.5,nM,7.5,AKT1,7.5,8.1249387366083,GABBDOSYKAQYFZ-HNNXBMFYSA-N,429.9120000000002,1.5438999999999992,4,7,0,133.05,6,30
NC(=O)c1c(N)ncnc1N1CCC(c2nc(-c3ccc(F)c(Cl)c3)cn2CCN2CCC2)CC1,CHEMBL3962020,8.12,nM,7.5,nM,7.5,AKT1,7.5,8.1249387366083,SKBGXGJACXJIHW-UHFFFAOYSA-N,498.99400000000037,2.9034000000000013,2,7,0,119.18999999999998,7,35
N#Cc1c(N)ncnc1N1CCC(c2nc(-c3cccc(C(F)(F)F)c3)cn2CCN2CCCC2)CC1,CHEMBL3896892,8.12,nM,7.6,nM,7.6,AKT1,7.6,8.119186407719209,PIVZZRIUTCLWJD-UHFFFAOYSA-N,510.5680000000004,4.292580000000004,1,7,1,99.89,6,37
CC(NC(=O)C1(N)CCN(c2ncnc3[nH]ccc23)CC1)c1ccc(Cl)cc1,CHEMBL2325997,8.12,nM,7.6,nM,7.6,AKT1,7.6,8.119186407719209,RCUDMUZVZCVJCO-UHFFFAOYSA-N,398.89800000000025,2.7864000000000013,3,5,0,99.93,4,28
CC(C)Oc1c(N)ncnc1N1CCC(c2nc(-c3ccc(F)c(C(F)(F)F)c3)cn2CCN(C)C)CC1,CHEMBL3905494,8.12,nM,7.6,nM,7.6,AKT1,7.6,8.119186407719209,FJOQZMMQNNGPJK-UHFFFAOYSA-N,535.59,4.813000000000004,1,7,1,85.33,8,38
N#Cc1c(N)ncnc1N1CCC(c2nc(-c3ccc(F)c(F)c3)cn2CCN2CCCC2)CC1,CHEMBL3890225,8.12,nM,7.6,nM,7.6,AKT1,7.6,8.119186407719209,AWCXGXCOCLVOSP-UHFFFAOYSA-N,478.5510000000004,3.551980000000003,1,7,0,99.89,6,35
O=C(N1CCN(c2ncnc3[nH]cc(Br)c23)CC1)C1(c2cccc(Br)c2)CCNCC1,CHEMBL4212000,8.12,nM,7.6,nM,7.6,AKT1,7.6,8.119186407719209,KWHJQNYQCGOKEK-UHFFFAOYSA-N,548.2830000000001,3.4529000000000014,2,5,1,77.15,3,31
N#Cc1c[nH]c2ncnc(N3CC[C@](N)(CNC(=O)c4ccc(F)cc4F)C3)c12,CHEMBL1170447,8.11,nM,7.7,nM,7.7,AKT1,7.7,8.113509274827518,AUXJPQSJHPPESP-IBGZPJMESA-N,397.3890000000001,1.4453800000000006,3,6,0,123.72,4,29
NC(=O)NCCC(NC(=O)C1(N)CCN(c2ncnc3[nH]ccc23)CC1)c1ccc(Cl)cc1,CHEMBL5804316,8.11,nM,7.7,nM,7.7,AKT1,7.7,8.113509274827518,PZTGWCXZHVDJMX-UHFFFAOYSA-N,470.96500000000015,1.8249000000000006,5,6,0,155.04999999999998,7,33
Nc1ncnc(N2CCN(C(=O)C(N)Cc3ccc(Cl)cc3)CC2)c1Br,CHEMBL3127379,8.11,nM,7.7,uM,0.0077,AKT1,7.7,8.113509274827518,OWZITGLREJNFEI-UHFFFAOYSA-N,439.74500000000006,1.693300000000001,2,6,0,101.36999999999999,4,26
CCc1c(N)ncnc1N1CCC(c2nc(-c3ccc(F)c(C(F)(F)F)c3)cn2CCN2CC(C)C2)CC1,CHEMBL3963881,8.11,nM,7.7,nM,7.7,AKT1,7.7,8.113509274827518,LLIYOFOBWKBOEE-UHFFFAOYSA-N,531.6020000000001,4.978300000000004,1,6,1,76.10000000000001,7,38
COc1ccc(F)cc1C[C@H](N)COc1cncc(-c2ccc3[nH]nc(C)c3c2)c1,CHEMBL226577,8.11,nM,7.7,nM,7.7,AKT1,7.7,8.113509274827518,LDEDKSSJQNWMBW-IBGZPJMESA-N,406.4610000000001,4.029820000000003,2,5,0,86.05,7,30
NC1(c2ccc(-n3c(-c4ccccc4)nc4ccc(-c5ccccc5)nc43)cc2)CCC1,CHEMBL3649673,8.11,nM,7.75,nM,7.75,AKT1,7.75,8.11069829749369,QUNYXZCMKPSHDT-UHFFFAOYSA-N,416.52800000000025,6.092400000000004,1,3,1,56.730000000000004,4,32
N#Cc1c[nH]c2ncnc(N3CC[C@](N)(CNC(=O)c4ccc(F)cc4)C3)c12,CHEMBL1171993,8.11,nM,7.8,nM,7.8,AKT1,7.8,8.10790539730952,RFTXEPTYKFWMBQ-IBGZPJMESA-N,379.3990000000001,1.3062800000000003,3,6,0,123.72,4,28
C=Cc1c(N)ncnc1N1CCC(c2nc(-c3ccc(F)c(C(F)(F)F)c3)cn2CCN(C)C)CC1,CHEMBL3931848,8.1,nM,7.9,nM,7.9,AKT1,7.9,8.102372908709558,GBOPQOSLCOHLCP-UHFFFAOYSA-N,503.54800000000023,4.6688000000000045,1,6,1,76.10000000000001,7,36
CC(C)Oc1c(N)ncnc1N1CCC(c2nc(-c3ccc(F)c(C(F)(F)F)c3)cn2CCN2CCC2)CC1,CHEMBL3904712,8.1,nM,7.9,nM,7.9,AKT1,7.9,8.102372908709558,XYZFWUNBADWKLH-UHFFFAOYSA-N,547.601,4.957100000000005,1,7,1,85.33,8,39
Nc1ncccc1-c1nc2cc(-c3cccnc3)cnc2n1-c1ccc(CNC(=O)c2ccccc2)cc1,CHEMBL2177831,8.1,nM,8.0,uM,0.008,AKT1,8.0,8.096910013008056,WVQVQQXBOHNXQR-UHFFFAOYSA-N,497.56200000000024,5.056700000000003,2,6,1,111.60999999999999,6,38
N[C@H](Cc1ccc(Cl)cc1)C(=O)N1CCN(c2ccnc3[nH]ccc23)CC1,CHEMBL1258331,8.1,nM,8.0,nM,8.0,AKT1,8.0,8.096910013008056,ONLDNWIHOPOBAZ-QGZVFWFLSA-N,383.8830000000001,2.4349000000000007,2,4,0,78.25,4,27
Cc1c(NCCN2CCCC2)cc(COCC(F)(F)F)cc1N1CCN(c2ncnc3[nH]nc(Br)c23)CC1,CHEMBL2016888,8.1,nM,8.0,nM,8.0,AKT1,8.0,8.096910013008056,YJOVRFFTOQUZOT-UHFFFAOYSA-N,597.4839999999999,4.337020000000003,2,8,1,85.44000000000001,9,38
CC1Cc2c(OC(F)F)cccc2N1C(=O)Cc1nc(N2CCOCC2)cc(=O)[nH]1,CHEMBL3964324,8.1,nM,8.0,nM,8.0,AKT1,8.0,8.096910013008056,UKWLBBHCSNOWPI-UHFFFAOYSA-N,420.4160000000002,1.7281999999999997,1,6,0,87.75999999999999,5,30
COc1nn2cc(-c3c(F)cccc3F)c(-c3ccc(CN4CC(c5n[nH]c(-c6cccc(C)n6)n5)C4)cc3)nc2c1CO,CHEMBL3672074,8.1,nM,8.0,nM,8.0,AKT1,8.0,8.096910013008056,COHKELNFIIQCIB-UHFFFAOYSA-N,594.6260000000002,4.930320000000005,2,8,1,117.35000000000001,8,44
Cc1cc(F)ccc1S(=O)(=O)NC[C@@H](O)CN1CCC[C@@]2(CCN(c3ncnc(N)c3C3CC3)C2)C1,CHEMBL1760773,8.1,nM,8.0,uM,0.008,AKT1,8.0,8.096910013008056,HEZMJSCHVVUMNQ-CJFMBICVSA-N,518.6590000000004,2.0154199999999998,3,8,1,124.67999999999999,8,36
C[C@@H]1Cc2ccccc2N1C(=O)Cc1nc(N2CCOCC2)cc(=S)[nH]1,CHEMBL3898401,8.1,nM,8.0,nM,8.0,AKT1,8.0,8.096910013008056,QAKYIKOVPVVHEH-CYBMUJFWSA-N,370.478,2.4960900000000006,1,5,0,61.46,3,26
CC1CN(c2cc(=O)[nH]c(CC(=O)N3CCc4c(F)cccc43)n2)CCO1,CHEMBL3928308,8.1,nM,8.0,nM,8.0,AKT1,8.0,8.096910013008056,HEESFEXDIKSCFV-UHFFFAOYSA-N,372.4000000000001,1.2658999999999996,1,5,0,78.53000000000002,3,27
N[C@H](CNc1ncc(-c2ccc3[nH]c(=O)oc3c2)s1)Cc1ccc(C(F)(F)F)cc1,CHEMBL1081852,8.1,nM,8.0,nM,8.0,AKT1,8.0,8.096910013008056,NIKDKNHGEBMTNT-AWEZNQCLSA-N,434.4430000000001,4.245300000000002,3,6,0,96.93999999999998,6,30
CCOc1c(N)ncnc1N1CCC(c2nc(-c3ccc(F)c(C(F)(F)F)c3)cn2CCN(C)C)CC1,CHEMBL3976247,8.1,nM,8.0,nM,8.0,AKT1,8.0,8.096910013008056,NOEMLPJTVJSKAG-UHFFFAOYSA-N,521.5630000000002,4.424500000000004,1,7,1,85.33,8,37
CCn1c(-c2nonc2N)nc2c(C#CC(C)(C)O)ncc(OC3CCNCC3)c21.O=C(O)C(F)(F)F,CHEMBL1794066,8.1,nM,8.0,uM,0.008,AKT1,8.0,8.096910013008056,OEMAOMXEFJMDSR-UHFFFAOYSA-N,525.4880000000003,1.9699,4,10,1,174.44,4,37
CCn1c(-c2nonc2N)nc2c(C#CC(C)(C)O)ncc(OCC3CCNC3)c21,CHEMBL494088,8.1,nM,8.0,uM,0.008,AKT1,8.0,8.096910013008056,ATYOXMQKXVJYSG-UHFFFAOYSA-N,411.4660000000002,1.1941,3,9,0,137.14000000000001,5,30
CCC1(O)CC(N)(c2ccc(-c3nc4n(c3-c3ccccc3)COc3nccnc3-4)cc2)C1,CHEMBL3701757,8.1,nM,8.0,nM,8.0,AKT1,8.0,8.096910013008056,DRUZMIRAKFIXGE-UHFFFAOYSA-N,439.5190000000002,4.112900000000003,2,6,0,99.08,4,33
NCC(NC(=O)c1cc(Br)c(-c2ccnc3[nH]ccc23)s1)c1ccccc1,CHEMBL512135,8.1,nM,8.0,nM,8.0,AKT1,8.0,8.096910013008056,YFDNOSFIXVRVDM-UHFFFAOYSA-N,441.3540000000001,4.483700000000002,3,4,0,83.79999999999998,5,27
NCCC(NC(=O)c1cc(Br)c(-c2ccnc3[nH]ccc23)s1)c1ccccc1,CHEMBL469802,8.1,nM,8.0,nM,8.0,AKT1,8.0,8.096910013008056,LFVNJRHXJWMHHS-UHFFFAOYSA-N,455.3810000000001,4.873800000000003,3,4,0,83.79999999999998,6,28
Cc1cc(C(=O)NC(CN)c2ccccc2)sc1-c1ccnc2[nH]ccc12,CHEMBL469781,8.1,nM,8.0,nM,8.0,AKT1,8.0,8.096910013008056,JBCQEESWZIZBCS-UHFFFAOYSA-N,376.4850000000001,4.029620000000002,3,4,0,83.80000000000001,5,27
Cn1ncc(Cl)c1-c1cc(C(=O)N[C@@H]2CNCC[C@H]2c2cccc(C(F)(F)F)c2)oc1Cl,CHEMBL4585120,8.1,nM,8.0,nM,8.0,AKT1,8.0,8.096910013008056,WFDOLBPLEFJDIN-XJKSGUPXSA-N,487.3090000000002,4.881200000000003,2,4,0,72.09,4,32
COCCNC[C@@H](C(=O)N1CCN(c2ncnc3c2[C@H](C)C[C@H]3O)CC1)c1ccc(Cl)cc1,CHEMBL2177377,8.1,nM,8.0,nM,8.0,AKT1,8.0,8.096910013008056,FSRSVUZZWCRRDS-NSISKUIASA-N,474.0050000000002,2.3390000000000004,2,7,0,90.82000000000001,8,33
Cc1n[nH]c2ccc(-c3cc(OC[C@@H](N)Cc4c[nH]c5ncccc45)cnc3-c3ccoc3)cc12,CHEMBL594310,8.1,nM,8.0,uM,0.008,AKT1,8.0,8.096910013008056,FJMIJFHXLDAZDQ-FQEVSTJZSA-N,464.52900000000017,5.018420000000003,3,6,1,118.64,7,35
CCn1c(-c2nonc2N)nc2c(C#CC(C)(C)O)nc(OC[C@@H](C)N)cc21,CHEMBL1098944,8.1,nM,8.0,nM,8.0,AKT1,8.0,8.096910013008056,CGJRAACGTIIYDY-SNVBAGLBSA-N,385.4280000000001,0.9318000000000006,3,9,0,151.13000000000002,5,28
CCOc1cc(C(=O)NC)nn2c(-c3ccccc3)c(-c3ccc(C4(N)CCC4)cc3)nc12,CHEMBL5811000,8.1,nM,8.0,nM,8.0,AKT1,8.0,8.096910013008056,YJDMHEZNRNHZFS-UHFFFAOYSA-N,441.5350000000003,4.159500000000003,2,5,0,94.53999999999999,6,33
Nc1ncnc(N2CCC(c3nc(-c4cccc(F)c4)cn3CCN3CCCC3)CC2)c1Cl,CHEMBL3978595,8.09,nM,8.1,nM,8.1,AKT1,8.1,8.09151498112135,FVVVHVQIBBDHNP-UHFFFAOYSA-N,469.99600000000044,4.194600000000004,1,6,0,76.10000000000001,6,33
Cn1cccc1C1C(=O)Nc2ccc(-c3cncc(OC[C@@H](N)Cc4c[nH]c5ccccc45)c3)cc21,CHEMBL583705,8.09,nM,8.2,nM,8.2,AKT1,8.2,8.086186147616283,XDOMCHMIZLQRBD-QDLLFRBVSA-N,477.56800000000027,4.601200000000003,3,4,0,97.96000000000001,7,36
CCOC(=O)c1c(C)nc(NNC(=O)c2cccc3c(=O)c4ccccc4[nH]c23)nc1-c1ccccc1F,CHEMBL4160193,8.09,nM,8.2,nM,8.2,AKT1,8.2,8.086186147616283,PPAYGWQWDNWZJW-UHFFFAOYSA-N,511.51300000000026,4.519420000000003,3,7,1,126.06999999999998,6,38
CC(=N)n1c(=N)ccc2nc(-c3ccc(C4(N)CCC4)cc3)c(-c3ccccc3)cc21,CHEMBL3679630,8.09,nM,8.2,nM,8.2,AKT1,8.2,8.086186147616283,AALVALRERVYCLE-UHFFFAOYSA-N,407.5210000000001,5.0329400000000035,3,4,1,91.54,3,31
CCOc1c(N)ncnc1N1CCC(c2nc(-c3ccnc(C(F)(F)F)c3)cn2CCN2CCC2)CC1,CHEMBL3959379,8.09,nM,8.2,nM,8.2,AKT1,8.2,8.086186147616283,BHCBOHJYGRDABU-UHFFFAOYSA-N,516.5720000000002,3.824500000000003,1,8,1,98.21999999999998,8,37
CCc1c(N)ncnc1N1CCC(c2nc(-c3ccc(F)c(F)c3)cn2CCN2CCCC2)CC1,CHEMBL3954781,8.09,nM,8.2,nM,8.2,AKT1,8.2,8.086186147616283,AESKEMGHXXMKDS-UHFFFAOYSA-N,481.59500000000037,4.242700000000004,1,6,0,76.10000000000001,7,35
NC1(c2ccc(-c3nc4n(c3-c3ccccc3)COc3cccc(Cl)c3-4)cc2)CC(O)(C2CC2)C1,CHEMBL3701737,8.09,nM,8.2,nM,8.2,AKT1,8.2,8.086186147616283,QSPSIQVFQDMHRF-UHFFFAOYSA-N,483.9990000000003,5.9763000000000055,2,4,1,73.3,4,35
COc1ncc(-c2cc3c(C)nc(N)nc3n([C@H]3CC[C@@H](OCC(N)=O)CC3)c2=O)cc1F,CHEMBL2375963,8.09,nM,8.22,nM,8.22,AKT1,8.22,8.08512818245995,OKZQPXUPXMKTBL-OKILXGFUSA-N,456.4780000000003,1.8774199999999994,2,8,0,148.23999999999998,6,33
N[C@H](COc1cncc(-c2cc3c(-c4ccccc4)n[nH]c3cn2)c1)Cc1ccccc1,CHEMBL226383,8.08,nM,8.3,nM,8.3,AKT1,8.3,8.080921907623926,NEHWSPJUDZLKNN-NRFANRHFSA-N,421.50400000000013,4.6357000000000035,2,5,0,89.71,7,32
NC(=O)c1c(N)ncnc1N1CCC(c2nc(-c3ccc(F)c(C(F)(F)F)c3)cn2CCNC2CCCC2)CC1,CHEMBL3951639,8.08,nM,8.4,nM,8.4,AKT1,8.4,8.075720713938118,FPTITAKKUXPEEF-UHFFFAOYSA-N,560.5999999999999,4.095300000000003,3,7,1,127.97999999999999,8,40
Cc1cc(-c2cn(CCNCC3CC3)c(C3CCN(c4ncnc(N)c4C(N)=O)CC3)n2)ccc1F,CHEMBL3974713,8.08,nM,8.4,nM,8.4,AKT1,8.4,8.075720713938118,PIVDYIBVDVOUTC-UHFFFAOYSA-N,492.60300000000024,2.8523200000000006,3,7,0,127.98,9,36
N#Cc1c(N)ncnc1N1CCC(c2nc(-c3cccc(Cl)c3)cn2CCN2CCCC2)CC1,CHEMBL3918965,8.08,nM,8.4,nM,8.4,AKT1,8.4,8.075720713938118,DGRRIAPTLIYFBK-UHFFFAOYSA-N,477.0160000000004,3.9271800000000034,1,7,0,99.89,6,34
Cc1n[nH]c2cnc(-c3cncc(OC[C@@H](N)Cc4cccc(F)c4)c3)cc12,CHEMBL573592,8.08,nM,8.4,nM,8.4,AKT1,8.4,8.075720713938118,OXYFHDIOBFTPQV-KRWDZBQOSA-N,377.42300000000006,3.416220000000001,2,5,0,89.71,6,28
Cc1n[nH]c2ccc(-c3cncc(OC[C@@H](N)Cc4cccc(F)c4)c3)cc12,CHEMBL229314,8.08,nM,8.4,nM,8.4,AKT1,8.4,8.075720713938118,IYNPKFVIAKOXIB-IBGZPJMESA-N,376.435,4.021220000000002,2,4,0,76.82,6,28
Cc1n[nH]c2ccc(-c3cncc(OC[C@@H](N)Cc4cccc(F)c4F)c3)cc12,CHEMBL438483,8.07,nM,8.5,nM,8.5,AKT1,8.5,8.070581074285707,ZNQFWMICKJTIBV-KRWDZBQOSA-N,394.425,4.160320000000003,2,4,0,76.82,6,29
CC1(O)CC(N)(c2ccc(-c3nc4n(c3-c3ccccc3)COc3cc(F)ccc3-4)cc2)C1,CHEMBL3701725,8.07,nM,8.5,nM,8.5,AKT1,8.5,8.070581074285707,CSQHKJHWPNRMFJ-UHFFFAOYSA-N,441.5060000000002,5.071900000000004,2,4,1,73.3,3,33
N[C@H](CNc1ncc(-c2ccc3[nH]ncc3c2)s1)Cc1ccc(C(F)(F)F)cc1,CHEMBL1081829,8.07,nM,8.5,nM,8.5,AKT1,8.5,8.070581074285707,JEJKZRXWJBUNLT-INIZCTEOSA-N,417.46000000000015,4.687100000000002,3,5,0,79.61999999999999,6,29
CC1(O)CC(N)(c2ccc(-c3nc4n(c3-c3ccccc3)COc3cc(CO)ccc3-4)cc2)C1,CHEMBL3701759,8.07,nM,8.6,nM,8.6,AKT1,8.6,8.065501548756432,GZYLTBSPSPWEKF-UHFFFAOYSA-N,453.54200000000026,4.425100000000003,3,5,0,93.53,4,34
CC(=O)Nc1nc2ccc(-c3cnc(Cl)c(NS(=O)(=O)c4ccc(Cl)cc4)c3)cc2s1,CHEMBL1773732,8.06,nM,8.7,nM,8.7,AKT1,8.7,8.060480747381382,DBVXEDIWOSVHPX-UHFFFAOYSA-N,493.3970000000001,5.424300000000002,2,6,1,101.04999999999998,5,31
Nc1ncccc1-c1nc2ccc(Nc3ccc(N4CCOCC4)cc3)nc2n1-c1ccc(C2(N)CCC2)cc1,CHEMBL3640749,8.06,nM,8.72,nM,8.72,AKT1,8.72,8.059483515067432,FHTMZOQTQFTMNQ-UHFFFAOYSA-N,532.6520000000005,4.982800000000004,3,8,1,120.14,6,40
CC(C)NCC(C(=O)N1CCN(c2ncnc3[nH]nc(Br)c23)CC1)c1ccc(Br)cc1,CHEMBL6151715,8.06,nM,8.8,nM,8.8,AKT1,8.8,8.05551732784983,RNVXPRJSRCEPIX-UHFFFAOYSA-N,551.2870000000003,3.308300000000001,2,6,1,90.04,6,31
CC(NC(=O)C1(N)CCN(c2ncnc3[nH]ccc23)CC1)c1ccc(F)cc1,CHEMBL2325987,8.05,nM,8.9,nM,8.9,AKT1,8.9,8.050609993355087,NYQLHIXUWWCSBD-UHFFFAOYSA-N,382.4430000000002,2.2721,3,5,0,99.93,4,28
CCc1c(N)ncnc1N1CCC(c2nc(-c3ccc(F)c(C)c3)cn2CCN(CC)C(C)C)CC1,CHEMBL3968774,8.05,nM,8.9,nM,8.9,AKT1,8.9,8.050609993355087,VPNSTYRFYMPBQK-UHFFFAOYSA-N,493.67500000000035,5.0465200000000054,1,6,1,76.10000000000001,9,36
Cc1cc(-c2cn(CCN3CCCC3)c(C3CCN(c4ncnc(N)c4OC(C)C)CC3)n2)ccc1F,CHEMBL3939239,8.05,nM,8.9,nM,8.9,AKT1,8.9,8.050609993355087,WXELJDBMNZEMTI-UHFFFAOYSA-N,507.65800000000024,4.636820000000004,1,7,1,85.33,8,37
Cc1n[nH]c2ccc(-c3nnc(NC[C@@H](N)Cc4ccc(Cl)cc4)s3)cc12,CHEMBL1080740,8.05,nM,8.9,nM,8.9,AKT1,8.9,8.050609993355087,VFMSDTSKEUYQCV-HNNXBMFYSA-N,398.92300000000006,4.025120000000001,3,6,0,92.50999999999999,6,27
CCn1c(-c2nonc2N)nc2c(C#CC(C)(C)O)ncc(OCCCCN)c21,CHEMBL493269,8.05,nM,9.0,uM,0.009,AKT1,9.0,8.045757490560675,KWQTWTSUJDYVIO-UHFFFAOYSA-N,399.4550000000002,1.3235000000000001,3,9,0,151.13000000000002,7,29
CC(=O)Nc1nc2ccc(-c3cnc(Cl)c(NS(=O)(=O)c4ccccc4F)c3)cc2s1,CHEMBL1773735,8.05,nM,9.0,nM,9.0,AKT1,9.0,8.045757490560675,AFILYMFIVVCTKT-UHFFFAOYSA-N,476.9420000000001,4.910000000000002,2,6,0,101.04999999999998,5,31
Cc1cnn(C)c1-c1ccc(C(=O)N[C@@H]2CNCC[C@H]2c2cccc(F)c2)s1.Cl,CHEMBL4579551,8.05,nM,9.0,nM,9.0,AKT1,9.0,8.045757490560675,ITCXEPXAZDVIHA-DLBZAZTESA-N,434.96800000000013,3.893420000000003,2,4,0,58.95,4,29
C[C@@H]1C[C@@H](O)c2ncnc(N3CCN(C(=O)[C@H](CNC4CCCCC4)c4ccc(Cl)cc4)CC3)c21,CHEMBL2177364,8.05,nM,9.0,nM,9.0,AKT1,9.0,8.045757490560675,SBBKNPLQAOQYBE-SXSPYAJSSA-N,498.0710000000003,4.025300000000003,2,6,0,81.59,6,35
NC1(c2ccc(-c3nn4c(-c5cn[nH]c5)cnc4cc3-c3ccccc3)cc2)CCC1,CHEMBL3672493,8.05,nM,9.0,nM,9.0,AKT1,9.0,8.045757490560675,UBMUEZJABLQHIA-UHFFFAOYSA-N,406.4930000000002,4.791300000000003,2,4,0,84.89,4,31
CC1Cc2ccc(F)cc2N1C(=O)Cc1nc(N2CCOCC2)cc(=O)[nH]1,CHEMBL3896158,8.05,nM,9.0,nM,9.0,AKT1,9.0,8.045757490560675,AYDVAAUXWNSGIP-UHFFFAOYSA-N,372.4000000000002,1.2658999999999998,1,5,0,78.53,3,27
O=C(Cc1nc(N2CCOCC2)cc(=O)[nH]1)N1CCc2c1cccc2C(F)(F)F,CHEMBL3112853,8.05,nM,9.0,nM,9.0,AKT1,9.0,8.045757490560675,JVFSDXQBBQIWBM-UHFFFAOYSA-N,408.3800000000001,1.7571,1,5,0,78.53,3,29
NC1(c2ccc(-c3nn4c(-c5ccc(F)c(CO)c5)cnc4cc3-c3ccccc3)cc2)CCC1,CHEMBL3672490,8.05,nM,9.0,nM,9.0,AKT1,9.0,8.045757490560675,RPFCBDJHCXFPAE-UHFFFAOYSA-N,464.5440000000002,5.699600000000004,2,4,1,76.44,5,35
Cc1c(NCCN2CCCC2)cc(OCC(C)C)cc1N1CCN(c2ncnc3[nH]nc(Br)c23)CC1,CHEMBL2016886,8.05,nM,9.0,nM,9.0,AKT1,9.0,8.045757490560675,VWBUFACHINJXSO-UHFFFAOYSA-N,557.5409999999999,4.292920000000003,2,8,1,85.44000000000001,9,36
C[C@@H]1C[C@@H](O)c2ncnc(N3CCN(C(=O)[C@@H](c4ccc(Cl)cc4)[C@@H]4CCCCN4)CC3)c21,CHEMBL2177369,8.05,nM,9.0,nM,9.0,AKT1,9.0,8.045757490560675,XLELDVURKKAFNR-QEMXTEJRSA-N,470.01700000000034,3.2451000000000016,2,6,0,81.59,4,33
Cc1cccc(C)c1S(=O)(=O)N1CCC[C@H]1[C@@H](O)CN1CCC[C@@]2(CCN(c3ncnc(N)c3C3CC3)C2)C1,CHEMBL1760765,8.05,nM,9.0,uM,0.009,AKT1,9.0,8.045757490560675,QLEXQCDQNMSBQO-NDIVSWGXSA-N,554.7610000000002,3.059540000000001,2,8,1,115.89,7,39
CCOCCN(C[C@@H](O)CN1CCCC2(CCc3c(ccc4[nH]ncc34)O2)C1)S(=O)(=O)c1c(C)cccc1C,CHEMBL1761090,8.05,nM,9.0,uM,0.009,AKT1,9.0,8.045757490560675,ZSKFBGIRLVOQAD-QASNXKAYSA-N,556.7290000000002,3.427640000000001,2,7,1,107.99000000000001,10,39
Nc1ncnc(N2CC[C@@]3(CCCN(C[C@H](O)CNS(=O)(=O)c4ccccc4Cl)C3)C2)c1C1CC1,CHEMBL1760771,8.05,nM,9.0,uM,0.009,AKT1,9.0,8.045757490560675,DPDNOIBTWOGNOR-HOYKHHGWSA-N,521.0870000000002,2.2213000000000003,3,8,1,124.68,8,35
Cc1ccccc1S(=O)(=O)NC[C@@H](O)CN1CCC[C@@]2(CCN(c3ncnc(N)c3C3CC3)C2)C1,CHEMBL1760769,8.05,nM,9.0,uM,0.009,AKT1,9.0,8.045757490560675,DLRCBNSETSYSCB-CJFMBICVSA-N,500.6690000000005,1.87632,3,8,1,124.67999999999999,8,35
CC(C)Oc1c(N)ncnc1N1CCC(c2nc(-c3ccnc(C(F)(F)F)c3)cn2CCN2CCC2)CC1,CHEMBL3927446,8.04,nM,9.1,nM,9.1,AKT1,9.1,8.040958607678906,GHPKEUAQEZZNIT-UHFFFAOYSA-N,530.5990000000002,4.213000000000004,1,8,1,98.21999999999998,8,38
CN(C)CCn1cc(-c2ccc(F)c(C(F)(F)F)c2)nc1C1CCN(c2ncnc(N)c2C#N)CC1,CHEMBL3916864,8.04,nM,9.1,nM,9.1,AKT1,9.1,8.040958607678906,WCBMSENIXPZAJT-UHFFFAOYSA-N,502.5200000000003,3.8974800000000016,1,7,1,99.89000000000001,6,36
CCc1c(N)ncnc1N1CCC(c2nc(-c3ccc(F)c(Cl)c3)cn2CCN2CCC2)CC1,CHEMBL3985540,8.04,nM,9.2,nM,9.2,AKT1,9.2,8.036212172654444,TYPKAXVMTXNHHJ-UHFFFAOYSA-N,484.02300000000037,4.366900000000004,1,6,0,76.10000000000001,7,34
NC1(C(=O)N[C@@H](CCO)c2ccc(Cl)cc2)CCN(c2ncnc3[nH]cc(Cl)c23)CC1,CHEMBL5865809,8.04,nM,9.2,nM,9.2,AKT1,9.2,8.036212172654444,JKZPMRWQBQAPTG-INIZCTEOSA-N,463.3690000000002,2.8023000000000007,4,6,0,120.16,6,31
Cl.Cn1nccc1-c1cc(F)c(C(=O)N[C@@H]2CNCC[C@H]2c2ccc(F)c(F)c2)cc1F,CHEMBL4855363,8.04,nM,9.2,nM,9.2,AKT1,9.2,8.036212172654444,PTFYNEDKRSTZDV-RNODOKPDSA-N,468.8820000000001,3.940800000000002,2,3,0,58.95,4,32
COc1nn2c(-c3ccccc3)c(-c3ccc(C4(N)CCC4)cc3)nc2c(C)c1C,CHEMBL5837119,8.04,nM,9.2,nM,9.2,AKT1,9.2,8.036212172654444,LSOAHXAXBYIFRU-UHFFFAOYSA-N,398.5100000000002,5.026640000000004,1,4,1,65.44,4,30
Cc1c(Oc2ccc(CN)cc2F)ccc2c1B(O)OC2,CHEMBL5290589,8.03,nM,9.25,nM,9.25,AKT1,9.25,8.033858267260968,ZCITXZXBLWIHHP-UHFFFAOYSA-N,287.09900000000005,1.6028199999999995,2,4,0,64.71000000000001,3,21
CN(C)CCn1cc(-c2ccc(F)c(C(F)(F)F)c2)nc1C1CCN(c2ncnc(N)c2Br)CC1,CHEMBL3961106,8.03,nM,9.3,nM,9.3,AKT1,9.3,8.031517051446064,LKAJMVXQBAURGH-UHFFFAOYSA-N,556.4060000000001,4.788300000000003,1,6,1,76.10000000000001,6,35
N#Cc1c(N)ncnc1N1CCC(c2nc(-c3ccc(F)c(F)c3)cn2CCN2CCC2)CC1,CHEMBL3950203,8.03,nM,9.3,nM,9.3,AKT1,9.3,8.031517051446064,YMZVKOCKXHQABC-UHFFFAOYSA-N,464.52400000000034,3.161880000000002,1,7,0,99.89,6,34
Nc1ncnc(N2CCC(c3nc(-c4ccc(F)c(F)c4)cn3CCN3CCCC3)CC2)c1C1CCC1,CHEMBL3961562,8.03,nM,9.4,nM,9.4,AKT1,9.4,8.0268721464003,ZIVRJCGAZHOIHR-UHFFFAOYSA-N,507.63300000000055,4.947800000000005,1,6,1,76.10000000000001,7,37
COCCC(NC(=O)C1(N)CCN(c2ncnc3[nH]ccc23)CC1)c1ccc(Cl)cc1,CHEMBL2325740,8.02,nM,9.5,nM,9.5,AKT1,9.5,8.022276394711152,IDQNLUQAYNKBEW-UHFFFAOYSA-N,442.95100000000014,2.8030000000000017,3,6,0,109.16,7,31
CCc1c(N)ncnc1N1CCC(c2nc(-c3cccc(C(F)(F)F)c3)cn2CCN2CCCC2)CC1,CHEMBL3982706,8.02,nM,9.6,nM,9.6,AKT1,9.6,8.017728766960431,KAWNIHAFIANXQO-UHFFFAOYSA-N,513.6120000000003,4.983300000000004,1,6,1,76.10000000000001,7,37
C=Cc1c(N)ncnc1N1CCC(c2nc(-c3ccc(F)c(F)c3)cn2CCN2CCCC2)CC1,CHEMBL3913177,8.01,nM,9.7,nM,9.7,AKT1,9.7,8.013228265733755,ZJYLBZWVQNQDEG-UHFFFAOYSA-N,479.57900000000035,4.323300000000003,1,6,0,76.10000000000001,7,35
CC(C)(C)NCCn1cc(-c2ccc(F)c(C(F)(F)F)c2)nc1C1CCN(c2ncnc(N)c2C(N)=O)CC1,CHEMBL3904852,8.01,nM,9.7,nM,9.7,AKT1,9.7,8.013228265733755,OVSZEAIKKSSNTM-UHFFFAOYSA-N,548.5890000000002,3.951200000000001,3,7,1,127.97999999999999,7,39
NCC(NC(=O)C1(N)CCN(c2ncnc3[nH]ccc23)CC1)c1ccc(Cl)cc1,CHEMBL5758529,8.01,nM,9.7,nM,9.7,AKT1,9.7,8.013228265733755,YGBUCWAISUKSBF-UHFFFAOYSA-N,413.91300000000024,1.7252000000000012,4,6,0,125.94999999999999,5,29
N#Cc1c(N)ncnc1N1CCC(c2nc(-c3ccnc(C(F)(F)F)c3)cn2CCN2CCC2)CC1,CHEMBL3947888,8.01,nM,9.7,nM,9.7,AKT1,9.7,8.013228265733755,DHPPYCQBIXXVFM-UHFFFAOYSA-N,497.52900000000034,3.297480000000002,1,8,0,112.77999999999999,6,36
N[C@H](CNc1cncc(/C=C/c2ccncc2)c1)Cc1c[nH]c2ccccc12,CHEMBL203624,8.01,nM,9.7,nM,9.7,AKT1,9.7,8.013228265733755,RIFDHCXNKIEZPC-XJDXJNMNSA-N,369.4720000000001,4.1102000000000025,3,4,0,79.62,7,28
N[C@H](COc1cncc(-c2ccc3[nH]nc(-c4nccs4)c3c2)c1)Cc1c[nH]c2ccccc12,CHEMBL574995,8.01,nM,9.8,nM,9.8,AKT1,9.8,8.008773924307505,NOCALIPCASBYIV-IBGZPJMESA-N,466.57000000000016,5.178500000000003,3,6,1,105.5,7,34
CC1(O)CC(N)(c2ccc(-c3nc4n(c3-c3ccsc3)COc3cccc(F)c3-4)cc2)C1,CHEMBL3701722,8.01,nM,9.8,nM,9.8,AKT1,9.8,8.008773924307505,AGBCODKMADFEEP-UHFFFAOYSA-N,447.5350000000002,5.1334000000000035,2,5,1,73.3,3,32
COc1cc(-c2cccnc2)c2nc(-c3ccc(C4(N)CCC4)cc3)c(-c3ccccc3)n2n1,CHEMBL6065879,8.01,nM,9.8,nM,9.8,AKT1,9.8,8.008773924307505,NNHLZJGUXIZOEN-UHFFFAOYSA-N,447.5420000000002,5.471800000000005,1,5,1,78.33,5,34
Cc1cc(-c2cn(CCN3CCCC3)c(C3CCN(c4ncnc(N)c4C(N)=O)CC3)n2)ccc1F,CHEMBL3905309,8.0,nM,10.0,nM,10.0,AKT1,10.0,8.0,BBBBDEZZSLFOAB-UHFFFAOYSA-N,492.60300000000024,2.948520000000001,2,7,0,119.18999999999998,7,36
NC1(C(=O)N[C@@H](CCN2CCOCC2)c2ccc(Cl)cc2)CCN(c2ncnc3[nH]ccc23)CC1,CHEMBL5783615,8.0,nM,10.0,nM,10.0,AKT1,10.0,8.0,UYOGLMREZZLOIK-NRFANRHFSA-N,498.03100000000023,2.4888000000000012,3,7,0,112.4,7,35
O=C(Cc1nc(N2CCOCC2)cc(=O)[nH]1)Nc1ccc(F)c(I)c1,CHEMBL3696287,8.0,nM,10.0,nM,10.0,AKT1,10.0,8.0,LSVPTCQLUYQHAA-UHFFFAOYSA-N,458.23100000000005,1.5313999999999997,2,5,0,87.32000000000001,4,25
CC(C)NCC(Cc1ccc(F)c(F)c1)C(=O)N1CCN(c2ncnc3c2[C@H](C)SC3)CC1,CHEMBL1632383,8.0,nM,10.0,nM,10.0,AKT1,10.0,8.0,FJSOOWAXPRYKKH-ATNAJCNCSA-N,475.6090000000003,3.568100000000003,1,6,0,61.36000000000001,7,33
CCOCCN(C[C@@H](O)CN1CCCC2(CCc3cc4c(cc3O2)CNC4=O)C1)S(=O)(=O)c1c(C)cccc1C,CHEMBL1761089,8.0,nM,10.0,uM,0.01,AKT1,10.0,8.0,BWCCMCBGMWBCFE-SUHMBNCMSA-N,571.7400000000002,2.794740000000001,2,7,1,108.41,10,40
Cc1n[nH]c2ncc(-c3cc(OC[C@@H](N)Cc4c[nH]c5ccccc45)c(C#N)nc3-c3ccoc3)nc12,CHEMBL606467,8.0,nM,10.0,uM,0.01,AKT1,10.0,8.0,LAJHRQQVGFRLQL-SFHVURJKSA-N,490.52700000000016,4.285100000000003,3,8,0,155.31999999999994,7,37
CN(C)CC1CN(C(=O)Cc2nc(N3CCOCC3)cc(=O)[nH]2)c2ccccc21,CHEMBL3699780,8.0,nM,10.0,nM,10.0,AKT1,10.0,8.0,SYULZYLLWJVGRP-UHFFFAOYSA-N,397.4790000000001,0.8410000000000006,1,6,0,81.76999999999998,5,29
Cc1n[nH]c2ccc(-c3cncc(OC[C@@H](N)Cc4ccc(Br)cc4F)c3)cc12,CHEMBL227366,8.0,nM,10.0,nM,10.0,AKT1,10.0,8.0,FBBATXLXZFQRAQ-SFHVURJKSA-N,455.331,4.783720000000003,2,4,0,76.82,6,29
CCCCOc1cc(OCC)nn2c(-c3ccccc3)c(-c3ccc(C4(N)CCC4)cc3)nc12,CHEMBL5978634,8.0,nM,10.0,nM,10.0,AKT1,10.0,8.0,LBOORVCNXGUHCT-UHFFFAOYSA-N,456.59000000000026,5.978800000000006,1,5,1,74.67,9,34
Cc1c(N)ncnc1N1CCC(c2nc(-c3ccc(F)c(C(F)(F)F)c3)cn2CCN2CCCC2)CC1,CHEMBL3910308,8.0,nM,10.0,nM,10.0,AKT1,10.0,8.0,RECCKGZZXRVOCZ-UHFFFAOYSA-N,517.5750000000003,4.868420000000004,1,6,1,76.10000000000001,6,37
NC(=O)c1cccc2c(N[C@H](CN3CCC3)c3ccc(Cl)c(F)c3)ncnc12,CHEMBL4856439,8.0,nM,10.0,nM,10.0,AKT1,10.0,8.0,KLIDFKYRDXZCOP-QGZVFWFLSA-N,399.857,3.3801000000000023,2,5,0,84.14,6,28
Cc1n[nH]c2ccc(-c3cc(OC[C@@H](N)Cc4ccccc4)cnc3-c3ccoc3)cc12,CHEMBL595709,8.0,nM,10.0,uM,0.01,AKT1,10.0,8.0,FWGNLCUYKHRQFM-NRFANRHFSA-N,424.5040000000001,5.142120000000004,2,5,1,89.96,7,32
Cc1n[nH]c2ccc(-c3cc(OC[C@@H](N)Cc4ccccc4)cnc3-c3cc(F)ccc3O)cc12,CHEMBL594517,8.0,nM,10.0,uM,0.01,AKT1,10.0,8.0,GRMBXYBGEBAHFY-NRFANRHFSA-N,468.5320000000001,5.393820000000004,3,5,1,97.05,7,35
CCn1c(-c2nonc2N)nc2c(C#CC(C)(C)O)ncc(OCC3CCNCC3)c21.O=C(O)C(F)(F)F,CHEMBL1794065,8.0,nM,10.0,uM,0.01,AKT1,10.0,8.0,NTPAYIOIMIUCMN-UHFFFAOYSA-N,539.5150000000003,2.2175,4,10,1,174.44,5,38
Cc1n[nH]c2ccc(-c3cc(OC[C@@H](N)Cc4c[nH]c5cccnc45)cnc3-c3ccoc3)cc12,CHEMBL605838,8.0,nM,10.0,uM,0.01,AKT1,10.0,8.0,XXVNKFJYPJJEPN-FQEVSTJZSA-N,464.52900000000017,5.018420000000003,3,6,1,118.64,7,35
COC(=O)/C=C/c1ccc2nn3cc(-c4ccccc4)c(-c4ccc(C5(N)CCC5)cc4)nc3c2c1,CHEMBL3672558,8.0,nM,10.0,nM,10.0,AKT1,10.0,8.0,JUWVBOLQKJABNO-OQLLNIDSSA-N,474.5640000000003,5.740600000000005,1,5,1,82.50999999999999,5,36
COC(=O)c1cn2cc(-c3ccccc3)c(-c3ccc(CN4CC(c5n[nH]c(-c6ccccn6)n5)C4)cc3)nc2n1,CHEMBL3672091,8.0,nM,10.0,nM,10.0,AKT1,10.0,8.0,GCFYFGLETUUVLJ-UHFFFAOYSA-N,542.6030000000002,4.629400000000003,1,8,1,114.19000000000001,7,41
Cc1cn2cc(-c3ccccc3)c(-c3ccc(CN4CC(c5n[nH]c(-c6ccccn6)n5)C4)cc3)nc2n1,CHEMBL3672067,8.0,nM,10.0,nM,10.0,AKT1,10.0,8.0,SOHHGORZHYEGRX-UHFFFAOYSA-N,498.5940000000002,5.151220000000006,1,6,1,87.89,6,38
CC(C)NCC(Cc1ccccc1)NC(=O)c1cc(Br)c(-c2ccnc3[nH]ccc23)s1,CHEMBL470596,8.0,nM,10.0,nM,10.0,AKT1,10.0,8.0,SVEQZZDCYHGRFD-UHFFFAOYSA-N,497.46200000000016,5.393000000000004,3,4,1,69.81,8,31
Cc1cc(-c2ccc3c(c2)nn2cc(-c4ccccc4)c(-c4ccc(C5(N)CCC5)cc4)nc32)[nH]n1,CHEMBL3672555,8.0,nM,10.0,nM,10.0,AKT1,10.0,8.0,GBFZNKFZCTYQEA-UHFFFAOYSA-N,470.58000000000027,6.252920000000006,2,4,1,84.89,4,36
NC1(c2ccc(-c3nc4c5cc(-c6ccn[nH]6)ccc5nn4cc3-c3ccccc3)cc2)CCC1,CHEMBL3672556,8.0,nM,10.0,nM,10.0,AKT1,10.0,8.0,XWQRUJWZWABOEM-UHFFFAOYSA-N,456.5530000000003,5.944500000000003,2,4,1,84.89,4,35
Cc1cc(C2C(=O)Nc3ccc(-c4cncc(OC[C@@H](N)Cc5c[nH]c6ccccc56)c4)cc32)oc1C,CHEMBL577797,8.0,nM,10.0,nM,10.0,AKT1,10.0,8.0,DLZWCMAHCZVYJE-RBQQCVMASA-N,492.57900000000024,5.472540000000004,3,5,1,106.17,7,37
Cl.Cn1nccc1-c1ccc(C(=O)N[C@@H]2CNCC[C@H]2c2ccc(Cl)cc2)s1,CHEMBL4438248,7.99,nM,10.2,nM,10.2,AKT1,10.2,7.991399828238082,LRZDVAKECFLJMA-JKSUJKDBSA-N,437.3960000000002,4.099300000000002,2,4,0,58.95,4,28
N[C@H](COc1cncc(-c2ccc3c(c2)C(c2ccccn2)C(=O)N3)c1)Cc1c[nH]c2ccccc12,CHEMBL573334,7.99,nM,10.3,nM,10.3,AKT1,10.3,7.987162775294828,FIXKZWLKUJNVDI-QDLLFRBVSA-N,475.5520000000002,4.657700000000004,3,5,0,105.91999999999999,7,36
N[C@H](COc1cncc(-c2ccc3c(c2)C(c2cccnc2)C(=O)N3)c1)Cc1c[nH]c2ccccc12,CHEMBL576386,7.98,nM,10.4,nM,10.4,AKT1,10.4,7.982966660701219,VVWLAKBBKZTSCG-XYXHBKGXSA-N,475.5520000000002,4.657700000000004,3,5,0,105.91999999999999,7,36
Cl.Cn1nccc1-c1ccc(C(=O)N[C@@H]2CNCC[C@H]2c2cccc(F)c2)s1,CHEMBL4445702,7.97,nM,10.6,nM,10.6,AKT1,10.6,7.97469413473523,GXXGXBVAZVEEKD-JKSUJKDBSA-N,420.94100000000014,3.5850000000000017,2,4,0,58.95,4,28
Cc1c(Oc2ccc([C@@H](C)N)cc2F)ccc2c1B(O)OC2,CHEMBL6002820,7.96,nM,10.87,nM,10.87,AKT1,10.87,7.963770455913705,LKHWQSZVOZRQIZ-SNVBAGLBSA-N,301.12600000000003,2.1638199999999994,2,4,0,64.71000000000001,3,22
NC1(c2ccc(-c3nc4n(c3-c3ccccc3)COc3cccnc3-4)cc2)CC(O)(C2CC2)C1,CHEMBL3701742,7.96,nM,11.0,nM,11.0,AKT1,11.0,7.958607314841775,FBUCOOIGVSXPDV-UHFFFAOYSA-N,450.54200000000026,4.717900000000003,2,5,0,86.19,4,34
COCC1Cc2ccccc2N1C(=O)Cc1nc(N2CCOCC2)cc(=O)[nH]1,CHEMBL3699783,7.96,nM,11.0,nM,11.0,AKT1,11.0,7.958607314841775,BLWXPEAUTRMTKD-UHFFFAOYSA-N,384.4360000000002,0.7533000000000001,1,6,0,87.75999999999999,5,28
O=C(Cc1nc(N2CCOCC2)cc(=O)[nH]1)N1CCc2c1ccc(F)c2F,CHEMBL3696300,7.96,nM,11.0,nM,11.0,AKT1,11.0,7.958607314841775,RMZIUTVPVNZDIM-UHFFFAOYSA-N,376.3630000000001,1.0165,1,5,0,78.53,3,27
CC(C)N(C)CCn1cc(-c2ccc(F)c(C(F)(F)F)c2)nc1C1CCN(c2ncnc(N)c2C(N)=O)CC1,CHEMBL3976678,7.96,nM,11.0,nM,11.0,AKT1,11.0,7.958607314841775,ITXKGBBXVAPCIH-UHFFFAOYSA-N,548.5890000000002,3.9033000000000007,2,7,1,119.19,8,39
CC(C)c1cc(-c2cn(CCN3CCC3)c(C3CCN(c4ncnc(N)c4C#N)CC3)n2)ccn1,CHEMBL3966620,7.96,nM,11.0,nM,11.0,AKT1,11.0,7.958607314841775,IZYOAMDRLUYOEU-UHFFFAOYSA-N,471.61300000000017,3.4020800000000015,1,8,0,112.78,7,35
C[C@@H]1SCc2ncnc(N3CCN(C(=O)[C@H](N)Cc4ccc(F)cc4)CC3)c21,CHEMBL1632376,7.96,nM,11.0,nM,11.0,AKT1,11.0,7.958607314841775,BXFVCKWLQHOSTC-XJKSGUPXSA-N,401.5110000000002,2.1420999999999992,1,6,0,75.35000000000001,4,28
NC(=O)c1c(N)ncnc1N1CCC(c2nc(-c3ccc(F)c(C(F)(F)F)c3)cn2CCN2CCCCC2)CC1,CHEMBL3980207,7.96,nM,11.0,nM,11.0,AKT1,11.0,7.958607314841775,AFYUEMPQCUBPIM-UHFFFAOYSA-N,560.6,4.049000000000003,2,7,1,119.18999999999998,7,40
O=C1Nc2ccccc2/C1=C/c1c[nH]nc1-c1ccccc1[N+](=O)[O-],CHEMBL2347053,7.96,nM,11.0,nM,11.0,AKT1,11.0,7.958607314841775,XLYVQVWMTOLDNL-ZROIWOOFSA-N,332.3190000000001,3.4776000000000016,2,4,0,100.92,3,25
Cc1ccc2c(n1)-c1nc(-c3ccc(C4(N)CC(C)(O)C4)cc3)c(-c3ccccc3)n1CO2,CHEMBL5316199,7.96,nM,11.0,nM,11.0,AKT1,11.0,7.958607314841775,RPOBJDYOKRGFIK-UHFFFAOYSA-N,438.5310000000002,4.636220000000003,2,5,0,86.19000000000001,3,33
NC1(C(=O)N[C@@H](CCO)c2ccc(Cl)cc2)CCN(c2ncnc3[nH]cc(Br)c23)CC1,CHEMBL6032267,7.96,nM,11.0,nM,11.0,AKT1,11.0,7.958607314841775,HPDWPPYTWUCJSN-INIZCTEOSA-N,507.8200000000002,2.9114000000000004,4,6,1,120.16,6,31
N#Cc1c(N)ncnc1N1CCC(c2nc(-c3ccc(F)c(C(F)(F)F)c3)cn2C2CCNC2)CC1,CHEMBL3935986,7.96,nM,11.0,nM,11.0,AKT1,11.0,7.958607314841775,JBVURKUJSPOJSL-UHFFFAOYSA-N,500.50400000000025,3.870280000000003,2,7,1,108.68,4,36
NC1(c2ccc(-c3nn4c(-c5ccc6cn[nH]c6c5)cnc4cc3-c3ccccc3)cc2)CCC1,CHEMBL3672497,7.96,nM,11.0,nM,11.0,AKT1,11.0,7.958607314841775,DFWJPFOVOPIAQU-UHFFFAOYSA-N,456.5530000000003,5.944500000000003,2,4,1,84.89,4,35
CC1Cc2c(ccc(F)c2F)N1C(=O)Cc1nc(N2CCOCC2)c(F)c(=S)[nH]1,CHEMBL3925391,7.96,nM,11.0,nM,11.0,AKT1,11.0,7.958607314841775,GZDNQFWFASUDHW-UHFFFAOYSA-N,424.44800000000015,2.9133900000000006,1,5,0,61.46,3,29
CNc1c(-c2ccccc2)c(-c2ccc(CN3CC(c4n[nH]c(-c5cccc(C)n5)n4)C3)cc2)nc2nc(C)nn12,CHEMBL3672048,7.96,nM,11.0,nM,11.0,AKT1,11.0,7.958607314841775,INERYAOKFWMZAQ-UHFFFAOYSA-N,542.6510000000001,4.896340000000004,2,8,1,112.81,7,41
NC1(c2ccc(-c3nn4c(-c5ccn[nH]5)cnc4cc3-c3ccccc3)cc2)CCC1,CHEMBL3672496,7.96,nM,11.0,nM,11.0,AKT1,11.0,7.958607314841775,FMMNWMAHMAKODB-UHFFFAOYSA-N,406.4930000000002,4.791300000000003,2,4,0,84.89,4,31
NC(=O)c1cc(Br)c2nc(-c3ccc(C4(N)CCC4)cc3)c(-c3ccccc3)n2c1,CHEMBL3699768,7.96,nM,11.0,nM,11.0,AKT1,11.0,7.958607314841775,QNLKKXRGJRQSDH-UHFFFAOYSA-N,461.3630000000002,4.867600000000003,2,3,0,86.41,4,30
Nc1ncnc(N2CCC(c3nc(-c4ccc(F)cc4)cn3CCN3CCCC3)CC2)c1C1CCC1,CHEMBL3892575,7.96,nM,11.0,nM,11.0,AKT1,11.0,7.958607314841775,GXXQTUGBAPRNKE-UHFFFAOYSA-N,489.64300000000054,4.808700000000004,1,6,0,76.10000000000001,7,36
CC1(O)CC(N)(c2ccc(-c3nc4n(c3-c3ccccc3)COc3cccnc3-4)cc2)C1,CHEMBL3701743,7.96,nM,11.0,nM,11.0,AKT1,11.0,7.958607314841775,FBJKJDGXKNSOMV-UHFFFAOYSA-N,424.5040000000002,4.327800000000003,2,5,0,86.19,3,32
C[C@@H]1CC(=O)Nc2ncnc(N3CCC(c4nc(C(F)(F)F)cn4CCN4CCCC4)CC3)c21,CHEMBL4129817,7.96,nM,11.0,uM,0.011,AKT1,11.0,7.958607314841775,WABHLXQVOYVYTI-OAHLLOKOSA-N,477.5350000000003,3.6174000000000026,1,6,0,79.17999999999999,5,34
NC1(c2ccc(-c3nc4c(-c5cc[nH]n5)cc(C(=O)NCCO)nn4c3-c3ccccc3)cc2)CCC1,CHEMBL5968260,7.96,nM,11.0,nM,11.0,AKT1,11.0,7.958607314841775,LGGKGSHHHIEMQD-UHFFFAOYSA-N,493.5710000000003,3.5134000000000025,4,6,0,134.22,7,37
CCOc1cc(OCC)c2nc(-c3ccc(C4(N)CCC4)cc3)c(-c3ccccc3)n2n1,CHEMBL5830195,7.96,nM,11.0,nM,11.0,AKT1,11.0,7.958607314841775,MTGYSDROSGHSIO-UHFFFAOYSA-N,428.5360000000002,5.198600000000004,1,5,1,74.67,7,32
Cc1n[nH]c2ccc(-c3cncc(OC[C@@H](N)Cc4ccc(Cl)cc4)c3)cc12,CHEMBL229800,7.96,nM,11.0,nM,11.0,AKT1,11.0,7.958607314841775,UUYNUHWBSBWECE-IBGZPJMESA-N,392.89000000000004,4.535520000000003,2,4,0,76.82,6,28
Cc1cc(C[C@H](N)COc2cncc(-c3ccc4[nH]nc(C)c4c3)c2)ccc1F,CHEMBL427426,7.96,nM,11.0,nM,11.0,AKT1,11.0,7.958607314841775,JOFACDZVAMLCKI-IBGZPJMESA-N,390.46200000000016,4.329640000000002,2,4,0,76.82,6,29
Cc1nc(N)nc2c1cc(-c1cn[nH]c1)c(=O)n2[C@H]1CC[C@@H](OCO)CC1,CHEMBL2376092,7.95,nM,11.2,nM,11.2,AKT1,11.2,7.950781977329818,FWRJSVJUWJBVFB-BETUJISGSA-N,370.41300000000024,1.5223199999999995,3,7,0,131.94,4,27
Cc1c[nH]c2ncnc(N3CC[C@](N)(CNC(=O)c4ccc(Cl)cc4)C3)c12,CHEMBL1170263,7.94,nM,11.4,nM,11.4,AKT1,11.4,7.943095148663527,ZFGTXXFHVWNYLH-IBGZPJMESA-N,384.87100000000004,2.257320000000001,3,5,0,99.93,4,27
Nc1cc2cc(-c3cnc(NC[C@@H](N)Cc4ccc(C(F)(F)F)cc4)s3)ccc2cn1,CHEMBL1081295,7.94,nM,11.6,nM,11.6,AKT1,11.6,7.935542010773082,XLMDNKMMDBSPSJ-SFHVURJKSA-N,443.49800000000005,4.941200000000003,3,6,0,89.85,6,31
N[C@H](COc1cc(-c2ccc3cnccc3c2)cnc1Cl)Cc1c[nH]c2ccccc12,CHEMBL210089,7.92,nM,12.0,nM,12.0,AKT1,12.0,7.920818753952375,BPJNKHOQHGDQRN-NRFANRHFSA-N,428.9230000000002,5.380300000000004,2,4,1,76.82,6,31
CCc1c(N)ncnc1N1CCC(c2nc(-c3cccc(Cl)c3)cn2CCN2CCCC2)CC1,CHEMBL3905187,7.92,nM,12.0,nM,12.0,AKT1,12.0,7.920818753952375,QMDGKERTSOLCLO-UHFFFAOYSA-N,480.0600000000004,4.617900000000004,1,6,0,76.10000000000001,7,34
N#CCC(NC(=O)C1(N)CCN(c2ncnc3[nH]ccc23)CC1)c1ccc(Cl)cc1,CHEMBL5956984,7.92,nM,12.0,nM,12.0,AKT1,12.0,7.920818753952375,AYWDEVRGCGMAIG-UHFFFAOYSA-N,423.90800000000013,2.680180000000001,3,6,0,123.72,5,30
CCC1(O)CC(N)(c2ccc(-c3nc4n(c3-c3ccccc3)COc3ccncc3-4)cc2)C1,CHEMBL3701746,7.92,nM,12.0,nM,12.0,AKT1,12.0,7.920818753952375,KTVVTSJFHWCMMT-UHFFFAOYSA-N,438.5310000000002,4.717900000000004,2,5,0,86.19,4,33
NC1(C(=O)NC(CS(N)(=O)=O)c2ccc(Cl)cc2)CCN(c2ncnc3[nH]ccc23)CC1,CHEMBL2325733,7.92,nM,12.0,nM,12.0,AKT1,12.0,7.920818753952375,IWLDWBJBHVPZRX-UHFFFAOYSA-N,477.9780000000003,1.0550000000000002,4,7,0,160.09,6,32
C[C@@H](NC(=O)C1(CN)CCN(c2ncnc3[nH]ccc23)CC1)c1ccc(Cl)cc1,CHEMBL5967812,7.92,nM,12.0,nM,12.0,AKT1,12.0,7.920818753952375,WIOQKVBIOWBQKL-CQSZACIVSA-N,412.9250000000002,3.0340000000000016,3,5,0,99.93,5,29
C[C@H](NC(=O)C1(N)CCN(c2ncnc3[nH]cc(Cl)c23)CC1)c1ccc(Cl)cc1,CHEMBL6026023,7.92,nM,12.0,nM,12.0,AKT1,12.0,7.920818753952375,LFYIPKUEYIQGCZ-LBPRGKRZSA-N,433.3430000000002,3.4398000000000017,3,5,0,99.93,4,29
O=C(Cc1nc(N2CCOC3CCCC32)cc(=O)[nH]1)N1CCc2c(F)cccc21,CHEMBL3943810,7.92,nM,12.0,nM,12.0,AKT1,12.0,7.920818753952375,KLGWFAJSIIOCJP-UHFFFAOYSA-N,398.4380000000001,1.7984999999999995,1,5,0,78.53,3,29
NC(=O)c1c(N)ncnc1N1CCC(c2nc(-c3ccc(F)c(C(F)(F)F)c3)cn2CCNCC2CC2)CC1,CHEMBL3900963,7.92,nM,12.0,nM,12.0,AKT1,12.0,7.920818753952375,PNRZJJLWTXOCFE-UHFFFAOYSA-N,546.573,3.562700000000002,3,7,1,127.97999999999999,9,39
CSc1nn2c(-c3ccccc3)c(-c3ccc(C4(N)CCC4)cc3)nc2c(C)c1C,CHEMBL5950067,7.92,nM,12.0,nM,12.0,AKT1,12.0,7.920818753952375,DMVSOHIICHEHSZ-UHFFFAOYSA-N,414.5780000000003,5.739940000000005,1,4,1,56.21,4,30
C[C@@H]1C[C@@H](O)c2ncnc(N3CCN(C(=O)[C@@H](c4ccc(Cl)cc4)[C@@H]4COCCN4)CC3)c21,CHEMBL2177370,7.92,nM,12.0,nM,12.0,AKT1,12.0,7.920818753952375,PTVFSXRIKOGGFI-LKRGOLFISA-N,471.9890000000003,2.0914,2,7,0,90.82000000000001,4,33
C[C@@H]1C[C@@H](O)c2ncnc(N3CCN(C(=O)[C@H](CNCCF)c4ccc(Cl)cc4)CC3)c21,CHEMBL2177375,7.92,nM,12.0,nM,12.0,AKT1,12.0,7.920818753952375,FBKMTIFHOJFMDP-ATZDWAIDSA-N,461.9690000000002,2.6621000000000006,2,6,0,81.59,7,32
C[C@@H]1C[C@@H](O)c2ncnc(N3CCN(C(=O)[C@H](CNC4CCOCC4)c4ccc(Cl)c(F)c4)CC3)c21,CHEMBL2177362,7.92,nM,12.0,nM,12.0,AKT1,12.0,7.920818753952375,PSNRYUGYGZTZSY-ZWDAVXSWSA-N,518.0330000000002,3.0107000000000017,2,7,1,90.82000000000001,6,36
COC(=O)c1cn2cc(-c3ccccc3)c(-c3ccc(CN4CC(c5n[nH]c(-c6cccc(C)n6)n5)C4)cc3)nc2n1,CHEMBL3672090,7.92,nM,12.0,nM,12.0,AKT1,12.0,7.920818753952375,GBFJUXFRUIRHLW-UHFFFAOYSA-N,556.6300000000002,4.937820000000004,1,8,1,114.19000000000001,7,42
C[C@@H]1C[C@@H](O)c2ncnc(N3CCN(C(=O)[C@H](CN)c4ccc(C(F)(F)F)cc4)CC3)c21,CHEMBL2177371,7.92,nM,12.0,nM,12.0,AKT1,12.0,7.920818753952375,HRAHACAUFMCZSB-KBRIMQKVSA-N,449.47700000000015,2.427100000000001,2,6,0,95.58,4,32
CCc1c(N)ncnc1N1CCC(c2nc(-c3ccc(F)c(C(F)(F)F)c3)cn2CCN(C)C)CC1,CHEMBL3911401,7.92,nM,12.0,nM,12.0,AKT1,12.0,7.920818753952375,PJXZRSDPJPHIOH-UHFFFAOYSA-N,505.56400000000025,4.588200000000004,1,6,1,76.10000000000001,7,36
CC(C)CNCCn1cc(-c2ccc(F)c(C(F)(F)F)c2)nc1C1CCN(c2ncnc(N)c2C(N)=O)CC1,CHEMBL3919344,7.92,nM,12.0,nM,12.0,AKT1,12.0,7.920818753952375,FCMPFDJGJGIJNQ-UHFFFAOYSA-N,548.589,3.808700000000001,3,7,1,127.97999999999999,9,39
Cc1n[nH]c2ccc(-c3cncc(OC[C@@H](N)Cc4ccc(F)c(F)c4F)c3)cc12,CHEMBL229798,7.92,nM,12.0,nM,12.0,AKT1,12.0,7.920818753952375,FBCVNOZXAZXDOD-INIZCTEOSA-N,412.415,4.299420000000002,2,4,0,76.82,6,30
CC(C)NC[C@@H](C(=O)N1CCN(c2ncnc3c2[C@H](C)C[C@@H]3F)CC1)c1ccc(Cl)cc1,CHEMBL2177382,7.92,nM,12.0,nM,12.0,AKT1,12.0,7.920818753952375,IHENXLOGIPZEHH-AHRSYUTCSA-N,459.9970000000002,4.0782000000000025,1,5,0,61.36000000000001,6,32
CC(C)NC[C@@H](C(=O)N1CCN(c2ncnc3c2[C@H](C(F)(F)F)CC(=O)N3)CC1)c1ccc(Cl)cc1,CHEMBL5189610,7.92,nM,12.0,nM,12.0,AKT1,12.0,7.920818753952375,YXJORAFRRFTOMV-QZTJIDSGSA-N,524.9750000000003,3.5485000000000015,2,6,1,90.46000000000001,6,36
CCn1c(-c2nonc2N)nc2c(C#CC(C)(C)O)nc(OCCNC)cc21,CHEMBL1098943,7.92,nM,12.0,nM,12.0,AKT1,12.0,7.920818753952375,RYFDZZFKNCPTJF-UHFFFAOYSA-N,385.4280000000001,0.8040000000000002,3,9,0,137.14000000000001,6,28
NC(=O)c1cc(Cl)c2nc(-c3ccc(C4(N)CCC4)cc3)c(-c3ccccc3)n2c1,CHEMBL3703157,7.92,nM,12.0,nM,12.0,AKT1,12.0,7.920818753952375,NHPXGPBSMLFCPF-UHFFFAOYSA-N,416.91200000000015,4.758500000000003,2,3,0,86.41,4,30
CCOCCN(C[C@@H](O)CN1CCCC2(CCN(c3ncncc3C3CC3)C2)C1)S(=O)(=O)c1c(C)cccc1C,CHEMBL1760763,7.92,nM,12.0,uM,0.012,AKT1,12.0,7.920818753952375,MMCGENFUFLRCPV-PKMDPOOCSA-N,571.7880000000002,3.351440000000002,1,8,1,99.1,12,40
CCOCCN(C[C@@H](O)CN1CCCC2(CCN(c3ncnc(N)c3C3CC3)C2)C1)S(=O)(=O)c1c(C)cccc1C,CHEMBL1760764,7.92,nM,12.0,uM,0.012,AKT1,12.0,7.920818753952375,BDOPKJRMCXOBQZ-SUHMBNCMSA-N,586.8030000000002,2.9336400000000014,2,9,1,125.12,12,41
CC1CN(c2cc(=O)[nH]c(CC(=O)N3CCc4c(Cl)cccc43)n2)CCO1,CHEMBL3926375,7.92,nM,12.0,nM,12.0,AKT1,12.0,7.920818753952375,QIXDOSMWIYXJJU-UHFFFAOYSA-N,388.8550000000001,1.7802000000000002,1,5,0,78.53000000000002,3,27
Cc1n[nH]c2cnc(-c3cncc(OC[C@@H](N)Cc4ccc(F)c(F)c4F)c3)cc12,CHEMBL574986,7.92,nM,12.0,nM,12.0,AKT1,12.0,7.920818753952375,CPCXSCJROAJTRO-AWEZNQCLSA-N,413.4030000000001,3.694420000000002,2,5,0,89.71,6,30
CCOC(=O)c1c(C)nc(NNC(=O)c2cccc3c(=O)c4ccccc4[nH]c23)nc1CC(C)C,CHEMBL4173126,7.92,nM,12.0,nM,12.0,AKT1,12.0,7.920818753952375,OXEOYTJUKNUGJH-UHFFFAOYSA-N,473.5330000000003,3.9118200000000023,3,7,0,126.06999999999998,7,35
CC(=O)Nc1nc2ccc(-c3cnc(Cl)c(NS(=O)(=O)c4cccc(Cl)c4)c3)cc2s1,CHEMBL1773731,7.92,nM,12.0,nM,12.0,AKT1,12.0,7.920818753952375,VXTMTTWBWRDTGW-UHFFFAOYSA-N,493.3970000000001,5.424300000000002,2,6,1,101.04999999999998,5,31
Cc1n[nH]c2ccc(-c3cc(OC[C@@H](N)Cc4c[nH]c5ccccc45)cnc3-c3ccoc3)nc12,CHEMBL596073,7.92,nM,12.0,uM,0.012,AKT1,12.0,7.920818753952375,RCRPFFUFPBVPHF-IBGZPJMESA-N,464.52900000000017,5.018420000000003,3,6,1,118.64,7,35
Cc1n[nH]c2ccc(-c3cncc(OC[C@@H](N)Cc4ccc(C(F)(F)F)cc4F)c3)cc12,CHEMBL227323,7.92,nM,12.1,nM,12.1,AKT1,12.1,7.91721462968355,ARZSIDJLTVASAU-SFHVURJKSA-N,444.432,5.040020000000003,2,4,1,76.82,6,32
CN1CCC2(CC1)CN(c1ncnc3[nH]ccc13)c1ccccc12,CHEMBL258838,7.9,nM,12.7,nM,12.7,AKT1,12.7,7.896196279044043,PPQBKZIRDIWMOB-UHFFFAOYSA-N,319.4120000000001,3.0730000000000004,1,4,0,48.050000000000004,1,24
Cc1ccc(-c2cn(CCN3CCC3)c(C3CCN(c4ncnc(N)c4C#N)CC3)n2)cc1Cl,CHEMBL3980667,7.89,nM,13.0,nM,13.0,AKT1,13.0,7.886056647693163,UPNXCPZAHNPTHY-UHFFFAOYSA-N,477.0160000000002,3.845500000000002,1,7,0,99.89,6,34
N#Cc1c(N)ncnc1N1CCC(c2nc(-c3ccc(F)cc3)cn2CCN2CCCC2)CC1,CHEMBL3899172,7.89,nM,13.0,nM,13.0,AKT1,13.0,7.886056647693163,RBBGFPFJXKWNLT-UHFFFAOYSA-N,460.5610000000004,3.412880000000002,1,7,0,99.89,6,34
NC1(c2ccc(-c3nc4n(c3-c3ccccc3)COc3ccccc3-4)cc2)CCC1,CHEMBL3701729,7.89,nM,13.0,nM,13.0,AKT1,13.0,7.886056647693163,JBZQWFPFHMLEHJ-UHFFFAOYSA-N,393.4900000000002,5.571900000000004,1,3,1,53.06999999999999,3,30
Cc1n[nH]c2ccc(-c3cc(OC[C@@H](N)Cc4c[nH]c5ccncc45)cnc3-c3ccoc3)cc12,CHEMBL593142,7.89,nM,13.0,uM,0.013,AKT1,13.0,7.886056647693163,MFRVBNSUIBWIRX-FQEVSTJZSA-N,464.52900000000017,5.018420000000003,3,6,1,118.64,7,35
CCC(C)(C)NCCn1cc(-c2ccc(F)c(C(F)(F)F)c2)nc1C1CCN(c2ncnc(N)c2C(N)=O)CC1,CHEMBL3983708,7.89,nM,13.0,nM,13.0,AKT1,13.0,7.886056647693163,XQARBBFJIGXIQL-UHFFFAOYSA-N,562.6160000000001,4.341300000000002,3,7,1,127.97999999999999,9,40
Cc1cc(-c2cn(CCNCC(C)C)c(C3CCN(c4ncnc(N)c4C(N)=O)CC3)n2)ccc1F,CHEMBL3974261,7.89,nM,13.0,nM,13.0,AKT1,13.0,7.886056647693163,DPTJVGTULVNDHT-UHFFFAOYSA-N,494.61900000000026,3.09832,3,7,0,127.98,9,36
COc1ccc(-c2cc3c(C)nc(N)nc3n([C@H]3CC[C@H](OCCO)CC3)c2=O)cn1,CHEMBL1234354,7.89,nM,13.0,nM,13.0,AKT1,13.0,7.886056647693163,XDLYKKIQACFMJG-WKILWMFISA-N,425.48900000000026,2.2453200000000004,2,8,0,125.38000000000001,6,31
NC1(C(=O)NCc2ccc(Cl)cc2)CCN(c2ncnc3[nH]ccc23)CC1,CHEMBL598194,7.89,nM,13.0,nM,13.0,AKT1,13.0,7.886056647693163,XQPFDQVEBGYLHB-UHFFFAOYSA-N,384.8710000000001,2.2253999999999996,3,5,0,99.93,4,27
CC1Cc2cc(F)ccc2N1C(=O)Cc1nc(N2CCOCC2)cc(=O)n1C,CHEMBL3901730,7.89,nM,13.0,nM,13.0,AKT1,13.0,7.886056647693163,AURVZDWAHBLZIZ-UHFFFAOYSA-N,386.42700000000025,1.2762999999999998,0,5,0,67.67,3,28
CC(=O)Nc1cn2nc(-c3cnc(Cl)c(NS(=O)(=O)c4ccc(F)cc4)c3)ccc2n1,CHEMBL1822054,7.89,nM,13.0,nM,13.0,AKT1,13.0,7.886056647693163,FHOXICOTPQTJOQ-UHFFFAOYSA-N,460.87800000000016,3.3430000000000017,2,6,0,118.35000000000001,5,31
C=Cc1n[nH]c2cnc(-c3cncc(OC[C@@H](N)Cc4ccccc4)c3)cc12,CHEMBL226382,7.89,nM,13.0,nM,13.0,AKT1,13.0,7.886056647693163,QVZTZUQJFINWOX-KRWDZBQOSA-N,371.4440000000001,3.6117000000000017,2,5,0,89.71,7,28
CC1Cc2c(ccc(F)c2F)N1C(=O)Cc1nc(N2CCOCC2)cc(=O)n1C,CHEMBL3916147,7.89,nM,13.0,nM,13.0,AKT1,13.0,7.886056647693163,OOFHFWJRVHKOJA-UHFFFAOYSA-N,404.4170000000002,1.4154,0,5,0,67.67,3,29
Cc1c(NCCN2CCCC2)cc(C(=O)Nc2ccccc2)cc1N1CCN(c2ncnc3[nH]nc(Br)c23)CC1,CHEMBL2016887,7.89,nM,13.0,nM,13.0,AKT1,13.0,7.886056647693163,CSWJHPQUGVGBIV-UHFFFAOYSA-N,604.557,4.5104200000000025,3,8,1,105.31000000000002,8,40
O=C(Cc1nc(N2CCOCC2)cc(=O)[nH]1)N1c2ccccc2CC1CF,CHEMBL3968336,7.89,nM,13.0,nM,13.0,AKT1,13.0,7.886056647693163,UUVJAAZMPNSLBB-UHFFFAOYSA-N,372.4000000000001,1.0764,1,5,0,78.53,4,27
CCn1c(-c2nonc2N)nc2c(C#CC(C)(C)O)nc(OC[C@H](C)N)cc21,CHEMBL1099281,7.89,nM,13.0,nM,13.0,AKT1,13.0,7.886056647693163,CGJRAACGTIIYDY-JTQLQIEISA-N,385.4280000000001,0.9318000000000006,3,9,0,151.13000000000002,5,28
CC(=O)Nc1nc2ccc(-c3cnc(Cl)c(NS(=O)(=O)c4cccc(F)c4)c3)cc2s1,CHEMBL1773736,7.89,nM,13.0,nM,13.0,AKT1,13.0,7.886056647693163,OYNVIRWWJGTUHL-UHFFFAOYSA-N,476.9420000000001,4.910000000000002,2,6,0,101.04999999999998,5,31
CC1CN(C(=O)Cc2nc(N3CCOCC3)cc(=O)[nH]2)c2ccccc21,CHEMBL3112864,7.89,nM,13.0,nM,13.0,AKT1,13.0,7.886056647693163,CBPIBWZOJGKQSF-UHFFFAOYSA-N,354.41,1.2992999999999995,1,5,0,78.53,3,26
N#Cc1c(N)ncnc1N1CCC(c2nc(-c3ccnc(F)c3)cn2CCN2CCC2)CC1,CHEMBL3932866,7.89,nM,13.0,nM,13.0,AKT1,13.0,7.886056647693163,KREFPQLDZVYMGF-UHFFFAOYSA-N,447.52200000000033,2.4177800000000005,1,8,0,112.77999999999999,6,33
Cc1n[nH]c2ccc(-c3cncc(OC[C@@H](N)Cc4ccc5c(c4)OC(F)(F)C(F)(F)O5)c3)cc12,CHEMBL226744,7.89,nM,13.0,nM,13.0,AKT1,13.0,7.886056647693163,XGYHYTSMABCFHU-KRWDZBQOSA-N,488.4410000000001,4.8389200000000026,2,6,0,95.28,6,35
CCc1c(N)ncnc1N1CCC(c2nc(-c3ccnc(C(F)(F)F)c3)cn2CCN2CCC2)CC1,CHEMBL3920419,7.89,nM,13.0,nM,13.0,AKT1,13.0,7.886056647693163,XBOMQGBNZCOWGB-UHFFFAOYSA-N,500.5730000000003,3.9882000000000035,1,7,1,88.99,7,36
NC(=O)c1cccc(-c2cnc3cc(-c4ccccc4)c(-c4ccc(C5(N)CCC5)cc4)nn23)c1,CHEMBL3672492,7.89,nM,13.0,nM,13.0,AKT1,13.0,7.886056647693163,LFMXJLQEBDHPHQ-UHFFFAOYSA-N,459.5530000000003,5.167100000000005,2,4,1,99.3,5,35
CC(=O)Nc1cccc(-c2ccc3nc(-c4cccnc4N)n(-c4ccc(CN)cc4)c3n2)c1.Cl,CHEMBL4546484,7.89,nM,13.0,uM,0.013,AKT1,13.0,7.886056647693163,HPFBZSZTVRFYHW-UHFFFAOYSA-N,485.9790000000002,4.570600000000003,3,6,0,124.74000000000001,5,35
Cc1n[nH]c2ccc(-c3cncc(OC[C@@H](N)Cc4cc(F)cc(C(F)(F)F)c4)c3)cc12,CHEMBL375716,7.88,nM,13.3,nM,13.3,AKT1,13.3,7.876148359032914,UIXJCGDDTYZBHF-IBGZPJMESA-N,444.432,5.040020000000004,2,4,1,76.82,6,32
Cn1ncc(Cl)c1-c1csc(C(=O)N[C@@H]2CNCC[C@H]2c2ccc(Cl)cc2)c1,CHEMBL4442226,7.86,nM,13.7,nM,13.7,AKT1,13.7,7.863279432843593,YHINZNSUFMIUDM-DOTOQJQBSA-N,435.3800000000001,4.330900000000002,2,4,0,58.95,4,28
Cn1ncc(Cl)c1-c1ccc(C(=O)N[C@@H]2CNCC[C@H]2c2ccc(Cl)cc2)o1,CHEMBL4450141,7.86,nM,13.7,nM,13.7,AKT1,13.7,7.863279432843593,IMGXAQKLKCCYBC-GOEBONIOSA-N,419.31200000000024,3.8624000000000027,2,4,0,72.09,4,28
C#Cc1cc(NC(=O)Cc2nc(N3CCOCC3)cc(=O)[nH]2)ccc1F,CHEMBL3696296,7.85,nM,14.0,nM,14.0,AKT1,14.0,7.853871964321762,IWVXKTUZPVNMHN-UHFFFAOYSA-N,356.35699999999997,0.9080999999999995,2,5,0,87.32,4,26
NC1(C(=O)N[C@@H](CCO)c2ccc(Cl)cc2)CCN(c2ncnc3[nH]nc(Br)c23)CC1,CHEMBL5849633,7.85,nM,14.0,nM,14.0,AKT1,14.0,7.853871964321762,UJEYXJJRTNPIIM-AWEZNQCLSA-N,508.8080000000002,2.3064,4,7,1,133.05,6,31
CC(C)NC[C@@H](C(=O)N1CCN(c2ncnc3c2[C@@H]2C[C@@H]2C(=O)N3)CC1)c1ccc(Cl)cc1,CHEMBL5169446,7.85,nM,14.0,nM,14.0,AKT1,14.0,7.853871964321762,KBKHULLGXKATKS-CEXWTWQISA-N,468.98900000000026,2.6160000000000005,2,6,0,90.46000000000001,6,33
COC(=O)c1cnn2cc(-c3c(F)cccc3F)c(-c3ccc(CN4CC(c5n[nH]c(-c6ccccn6)n5)C4)cc3)nc12,CHEMBL3672029,7.85,nM,14.0,nM,14.0,AKT1,14.0,7.853871964321762,NCEHBUWMPOLOKS-UHFFFAOYSA-N,578.5830000000001,4.907600000000004,1,8,1,114.19,7,43
CC1Cc2c(Br)cccc2N1C(=O)Cc1nc(N2CCOCC2)cc(=O)n1C,CHEMBL3917877,7.85,nM,14.0,nM,14.0,AKT1,14.0,7.853871964321762,GTAKQYAMAIOIFO-UHFFFAOYSA-N,447.3330000000003,1.8996999999999995,0,5,0,67.67,3,28
Cc1cc(-c2cn(CCN3CCC3)c(C3CCN(c4ncnc(N)c4C(N)=O)CC3)n2)ccc1F,CHEMBL3972162,7.85,nM,14.0,nM,14.0,AKT1,14.0,7.853871964321762,PANRGGPPMYRRKF-UHFFFAOYSA-N,478.5760000000002,2.558420000000001,2,7,0,119.18999999999998,7,35
Nc1ncnc2nc(-c3ccc(CN4CCC(n5ncc6c(N)ncnc65)CC4)cc3)c(-c3ccccc3)cc12,CHEMBL253458,7.85,nM,14.0,nM,14.0,AKT1,14.0,7.853871964321762,CCUQHOVPLNKBBL-UHFFFAOYSA-N,528.6240000000003,4.500000000000003,2,9,1,137.54999999999998,5,40
NC(=O)c1cccc2c(N[C@H](CN3CCC3)c3cccc(Cl)c3)ncnc12,CHEMBL4855657,7.85,nM,14.0,nM,14.0,AKT1,14.0,7.853871964321762,SIRZTYWYVGTPEV-QGZVFWFLSA-N,381.867,3.2410000000000023,2,5,0,84.14,6,27
N[C@H](COc1cncc(/C=C/c2ccncc2)c1)Cc1c[nH]c2ccccc12,CHEMBL383541,7.85,nM,14.0,nM,14.0,AKT1,14.0,7.853871964321762,SGHXFHRRWFLILP-XJDXJNMNSA-N,370.4560000000001,4.077100000000003,2,4,0,76.82,7,28
Cc1n[nH]c2cnc(-c3cncc(OC[C@@H](N)Cc4cccc5c4OC(F)(F)O5)c3)cc12,CHEMBL576135,7.85,nM,14.0,nM,14.0,AKT1,14.0,7.853871964321762,QUGUUYWYPWEQSA-HNNXBMFYSA-N,439.42200000000014,3.5986200000000013,2,7,0,108.17,6,32
CCC1Cc2ccccc2N1C(=O)Cc1nc(N2CCOCC2)cc(=O)[nH]1,CHEMBL3959404,7.85,nM,14.0,nM,14.0,AKT1,14.0,7.853871964321762,DAUWNSUTOMWEDH-UHFFFAOYSA-N,368.4370000000001,1.5169000000000001,1,5,0,78.53,4,27
Cc1n[nH]c2ccc(-c3cncc(OC[C@@H](N)Cc4cccc5c4OC(F)(F)O5)c3)cc12,CHEMBL227326,7.85,nM,14.0,nM,14.0,AKT1,14.0,7.853871964321762,FSVCKGGGMXASON-KRWDZBQOSA-N,438.4340000000001,4.203620000000003,2,6,0,95.28,6,32
NC1(c2ccc(-c3nc4c5ccc(-c6ccc(O)nc6)cc5nn4cc3-c3ccccc3)cc2)CCC1,CHEMBL3672530,7.85,nM,14.0,nM,14.0,AKT1,14.0,7.853871964321762,APQSPWISCRTDIV-UHFFFAOYSA-N,483.5750000000003,6.3220000000000045,2,5,1,89.33,4,37
Nc1ncccc1-c1nc2cccnc2n1-c1ccc(NC(=O)c2ccccc2)cc1,CHEMBL2177817,7.85,nM,14.0,uM,0.014,AKT1,14.0,7.853871964321762,STYFGBVKSGWGAE-UHFFFAOYSA-N,406.4490000000001,4.317000000000002,2,5,0,98.72,4,31
COc1nn2cc(-c3c(F)cccc3F)c(-c3ccc(CN4CC(c5n[nH]c(-c6ccccn6)n5)C4)cc3)nc2c1CO,CHEMBL3672073,7.85,nM,14.0,nM,14.0,AKT1,14.0,7.853871964321762,POMKNVSPIRVORC-UHFFFAOYSA-N,580.5990000000002,4.6219000000000054,2,8,1,117.35000000000001,8,43
NC(=O)c1c(N)ncnc1N1CCC(c2nc(-c3ccc(F)c(C(F)(F)F)c3)cn2CCN2CCC2)CC1,CHEMBL3949501,7.85,nM,14.0,nM,14.0,AKT1,14.0,7.853871964321762,WNBFWWDKYZWYOX-UHFFFAOYSA-N,532.5460000000002,3.2688000000000015,2,7,1,119.18999999999998,7,38
Cc1c[nH]c2ncnc(N3CCC(N)(C(=O)N[C@@H](CCO)c4ccc(Cl)cc4)CC3)c12,CHEMBL5786800,7.85,nM,14.0,nM,14.0,AKT1,14.0,7.853871964321762,UZDDFZFBIDVRGJ-KRWDZBQOSA-N,442.9510000000002,2.45732,4,6,0,120.16000000000001,6,31
Cc1cc(C(N)=O)cn2c(-c3ccccc3)c(-c3ccc(C4(N)CCC4)cc3)nc12,CHEMBL3699774,7.85,nM,14.0,nM,14.0,AKT1,14.0,7.853871964321762,HNAHVCDJEMVGAX-UHFFFAOYSA-N,396.49400000000026,4.413520000000003,2,3,0,86.41,4,30
NC(=O)c1c(N)ncnc1N1CCC(c2nc(-c3ccc(F)c(Cl)c3)cn2CCN2CCCC2)CC1,CHEMBL3973734,7.85,nM,14.0,nM,14.0,AKT1,14.0,7.853871964321762,IVDPKGQKEFWOHL-UHFFFAOYSA-N,513.0210000000004,3.2935000000000016,2,7,1,119.18999999999998,7,36
NC1(c2ccc(-c3nc4n(c3-c3ccccc3)COc3ccncc3-4)cc2)CCC1,CHEMBL3701748,7.85,nM,14.0,nM,14.0,AKT1,14.0,7.853871964321762,TYKASWNTXXFCLK-UHFFFAOYSA-N,394.4780000000002,4.966900000000003,1,4,0,65.96,3,30
Cc1n[nH]c2ccc(-c3nnc(NC[C@@H](N)Cc4ccc(F)c(F)c4)s3)cc12,CHEMBL1080913,7.85,nM,14.0,nM,14.0,AKT1,14.0,7.853871964321762,NQKAFIFFMXPFFK-ZDUSSCGKSA-N,400.458,3.6499200000000016,3,6,0,92.50999999999999,6,28
Cc1n[nH]c2ccc(-c3cncc(OC[C@@H](N)Cc4ccccc4)c3)cc12,CHEMBL379218,7.85,nM,14.0,nM,14.0,AKT1,14.0,7.853871964321762,BPNUQXPIQBZCMR-IBGZPJMESA-N,358.445,3.8821200000000022,2,4,0,76.82,6,27
CC1(C)CN(C(=O)Cc2nc(N3CCOCC3)cc(=O)[nH]2)c2cccc(Cl)c21,CHEMBL3911266,7.85,nM,14.0,nM,14.0,AKT1,14.0,7.853871964321762,MRNBNIHICYBRAW-UHFFFAOYSA-N,402.882,2.1267999999999994,1,5,0,78.53,3,28
Cc1n[nH]c2cnc(-c3cncc(OC[C@@H](N)Cc4ccccc4)c3)cc12,CHEMBL376570,7.85,nM,14.0,nM,14.0,AKT1,14.0,7.853871964321762,BJQFSJIVYSQLSX-KRWDZBQOSA-N,359.43300000000005,3.277120000000002,2,5,0,89.71,6,27
COc1ccc(C2(C(=O)N3CCN(c4ncnc5[nH]cc(Br)c45)CC3)CCNCC2)cc1,CHEMBL4216977,7.85,nM,14.1,nM,14.1,AKT1,14.1,7.85078088734462,LCIDHSXQGMOCHZ-UHFFFAOYSA-N,499.41300000000024,2.6990000000000007,2,6,0,86.38,4,32
C[C@H]1COCCN1c1nc(N2CCOC[C@@H]2C)c2ccc(-c3cccc(N)c3)nc2n1,CHEMBL3688934,7.85,nM,14.15,nM,14.15,AKT1,14.15,7.849243560139691,CEEGJYBBFDICFB-HOTGVXAUSA-N,420.5170000000001,2.7241999999999997,1,8,0,89.63,3,31
COC1(C)CCN(c2cnc(C(=O)Nc3csc(-c4nncn4C4CC4)n3)cc2-n2cnc(C3CC3)c2)CC1,CHEMBL3981380,7.85,nM,14.2,nM,14.2,AKT1,14.2,7.847711655616943,GTMDADVBDVQONE-UHFFFAOYSA-N,545.6730000000002,4.452200000000004,1,9,1,115.87999999999998,8,39
COc1ccc(-c2nc3c(C)nc(N)nc3n([C@H]3CC[C@H](O)CC3)c2=O)cn1,CHEMBL1257177,7.84,nM,14.3,nM,14.3,AKT1,14.3,7.844663962534938,FICWXAPOGIEJJR-JOCQHMNTSA-N,382.42400000000015,1.6237199999999998,2,8,0,129.04000000000002,3,28
Cc1cc(-c2cn(CCNC(C)C)c(C3CCN(c4ncnc(N)c4C(N)=O)CC3)n2)ccc1F,CHEMBL3975681,7.82,nM,15.0,nM,15.0,AKT1,15.0,7.823908740944319,GEZVKRSPTDGJTN-UHFFFAOYSA-N,480.59200000000027,2.850720000000001,3,7,0,127.98,8,35
NCCn1cc(-c2ccc(F)c(C(F)(F)F)c2)nc1C1CCN(c2ncnc(N)c2C(N)=O)CC1,CHEMBL3926535,7.82,nM,15.0,nM,15.0,AKT1,15.0,7.823908740944319,BDNUCRITDDPHCE-UHFFFAOYSA-N,492.4810000000003,2.5218,3,7,0,141.97,6,35
CC1Cc2c(Br)cccc2N1C(=O)Cc1nc(N2CCOCC2)c(F)c(=O)n1C,CHEMBL3982597,7.82,nM,15.0,nM,15.0,AKT1,15.0,7.823908740944319,OUCCLWCTRLVVIS-UHFFFAOYSA-N,465.3230000000003,2.0387999999999993,0,5,0,67.67,3,29
CCc1cc(-c2cn(CCN3CCC3)c(C3CCN(c4ncnc(N)c4C#N)CC3)n2)ccn1,CHEMBL3936879,7.82,nM,15.0,nM,15.0,AKT1,15.0,7.823908740944319,DCCVOYXJENYWAN-UHFFFAOYSA-N,457.5860000000002,2.8410800000000007,1,8,0,112.78,7,34
Cc1n[nH]c2ccc(-c3cc(OC[C@@H](N)Cc4ccccc4)cnc3-c3ccccc3O)cc12,CHEMBL595476,7.82,nM,15.0,uM,0.015,AKT1,15.0,7.823908740944319,NXALXNCWSLFUIV-NRFANRHFSA-N,450.5420000000001,5.254720000000004,3,5,1,97.05,7,34
NC(=O)c1c(N)ncnc1N1CCC(c2nc(-c3ccc(F)c(C(F)(F)F)c3)cn2CCN2CCCC2)CC1,CHEMBL3955767,7.82,nM,15.0,nM,15.0,AKT1,15.0,7.823908740944319,QXYORZQKCYQMNP-UHFFFAOYSA-N,546.5730000000001,3.6589000000000027,2,7,1,119.18999999999998,7,39
Cl.Cn1nccc1-c1ccc(C(=O)N[C@@H]2CNCC[C@H]2c2cc(F)cc(F)c2)c(Cl)c1,CHEMBL4875495,7.82,nM,15.0,nM,15.0,AKT1,15.0,7.823908740944319,UQPYAIDOIACYTB-FXAWDEMLSA-N,467.3470000000002,4.316000000000003,2,3,0,58.95,4,31
CN(C)C(=O)c1ccc2c(c1)OCn1c-2nc(-c2ccc(C3(N)CC(C)(O)C3)cc2)c1-c1ccccc1,CHEMBL3701771,7.82,nM,15.0,nM,15.0,AKT1,15.0,7.823908740944319,SLQMKRMRSQJANT-UHFFFAOYSA-N,494.59500000000025,4.634600000000003,2,5,0,93.61,4,37
O=C(Cc1nc(N2CCOCC2)cc(=O)[nH]1)Nc1cccc2sccc12,CHEMBL3696307,7.82,nM,15.0,nM,15.0,AKT1,15.0,7.823908740944319,ZKRBWAAJBYZARH-UHFFFAOYSA-N,370.4340000000001,2.0023999999999997,2,6,0,87.32000000000001,4,26
Nc1c(-c2cncc(OC[C@@H](N)Cc3c[nH]c4ccccc34)c2)ccc2cnccc12,CHEMBL380196,7.82,nM,15.0,nM,15.0,AKT1,15.0,7.823908740944319,XDYREIZGNBPMPJ-IBGZPJMESA-N,409.4930000000001,4.309100000000002,3,5,0,102.83999999999999,6,31
CNC(=O)Nc1ccc(CNc2c(C(=O)Nc3ccc(SC(F)(F)F)cc3)cnn2C)cn1,CHEMBL247797,7.82,nM,15.0,nM,15.0,AKT1,15.0,7.823908740944319,MHVFDATVTOZXQW-UHFFFAOYSA-N,479.48800000000006,4.042700000000002,4,6,0,112.97000000000001,7,33
NC1(c2ccc(-c3nc4c(-c5cc[nH]n5)ccnn4c3-c3ccccc3)cc2)CCC1,CHEMBL6028545,7.82,nM,15.0,nM,15.0,AKT1,15.0,7.823908740944319,KNXNMZQBVLFDNR-UHFFFAOYSA-N,406.4930000000002,4.791300000000003,2,4,0,84.89,4,31
C[C@H]1Cc2ccccc2N1C(=O)Cc1nc(N2CCOCC2)c(F)c(=O)[nH]1,CHEMBL3893935,7.82,nM,15.0,nM,15.0,AKT1,15.0,7.823908740944319,PVZSDGHHZVSRSC-LBPRGKRZSA-N,372.40000000000003,1.2659,1,5,0,78.53,3,27
NC1(c2ccc(-c3nc4c(-c5cc[nH]n5)cc(Cl)nn4c3-c3ccccc3)cc2)CCC1,CHEMBL6065650,7.82,nM,15.0,nM,15.0,AKT1,15.0,7.823908740944319,VGPGRMBELGORTM-UHFFFAOYSA-N,440.9380000000002,5.444700000000003,2,4,1,84.89,4,32
Cc1cc(-c2cn(CC3CNC3)c(C3CCN(c4ncnc(N)c4C#N)CC3)n2)ccc1F,CHEMBL3943038,7.82,nM,15.0,nM,15.0,AKT1,15.0,7.823908740944319,FVJQXZUWHGTQIX-UHFFFAOYSA-N,446.53400000000016,2.844900000000001,2,7,0,108.67999999999999,5,33
Cc1n[nH]c2ccc(-c3cc(OC[C@@H](N)Cc4ccccc4)cnc3-c3ccc[nH]3)cc12,CHEMBL594749,7.82,nM,15.0,uM,0.015,AKT1,15.0,7.823908740944319,AXVBNZXUWYSIES-FQEVSTJZSA-N,423.52000000000004,4.877220000000003,3,4,0,92.60999999999999,7,32
NC1(c2ccc(-c3nc4c5ccc(-c6ccn[nH]6)cc5nn4cc3-c3ccccc3)cc2)CCC1,CHEMBL3672554,7.82,nM,15.0,nM,15.0,AKT1,15.0,7.823908740944319,LOGJJQOVSPORPX-UHFFFAOYSA-N,456.5530000000003,5.944500000000003,2,4,1,84.89,4,35
CNCC(Nc1ncnc2c(C(N)=O)cccc12)c1cccc(F)c1,CHEMBL3675415,7.82,nM,15.0,nM,15.0,AKT1,15.0,7.823908740944319,RBMOLIOJAWRTIV-UHFFFAOYSA-N,339.374,2.2404,3,5,0,92.93,6,25
Cc1n[nH]c2ccc(-c3cncc(OC[C@@H](N)Cc4ccccc4OC(F)(F)F)c3)cc12,CHEMBL226529,7.82,nM,15.3,nM,15.3,AKT1,15.3,7.815308569182402,UZWLWPWRMAJLSK-SFHVURJKSA-N,442.44100000000003,4.780720000000003,2,5,0,86.05,7,32
Cn1c(=O)[nH]c2ccc(-c3cnc(NC[C@@H](N)Cc4ccc(C(F)(F)F)cc4)s3)cc21,CHEMBL1082016,7.81,nM,15.4,nM,15.4,AKT1,15.4,7.8124792791635365,FLAQHSSOAXIOIA-HNNXBMFYSA-N,447.48600000000005,3.990800000000002,3,5,0,88.73,6,31
Cc1ccc(CC(CNC(C)C)C(=O)N2CCN(c3ncnc4c3[C@H](C)OC4)CC2)cc1,CHEMBL1632389,7.8,nM,16.0,nM,16.0,AKT1,16.0,7.795880017344075,WKFVBJAKYYNAAM-ZQRQZVKFSA-N,437.58800000000025,2.8817200000000005,1,6,0,70.59,7,32
CNC(=O)c1cc(-c2ncc[nH]2)c2nc(-c3ccc(C4(N)CCC4)cc3)c(-c3ccccc3)n2n1,CHEMBL5747730,7.8,nM,16.0,nM,16.0,AKT1,16.0,7.795880017344075,DVTHKMBSLRBJAL-UHFFFAOYSA-N,463.5450000000003,4.150900000000002,3,5,0,113.99,5,35
NC1(c2ccc(-c3nc4c5cc(-c6cccc(CO)c6)ccc5nn4cc3-c3ccccc3)cc2)CCC1,CHEMBL3672538,7.8,nM,16.0,nM,16.0,AKT1,16.0,7.795880017344075,ZWBKDUHPTYRQOP-UHFFFAOYSA-N,496.61400000000026,6.7137000000000056,2,4,1,76.44,5,38
C=Cc1c(N)ncnc1N1CCC(c2nc(-c3ccc(F)cc3)cn2CCN2CCCC2)CC1,CHEMBL3974191,7.8,nM,16.0,nM,16.0,AKT1,16.0,7.795880017344075,FVGWPRCBTOEKKZ-UHFFFAOYSA-N,461.58900000000034,4.184200000000003,1,6,0,76.10000000000001,7,34
N#Cc1ccc([C@H](CCO)NC(=O)C2(N)CCN(c3ncnc4[nH]ccc34)CC2)cc1,CHEMBL5996984,7.8,nM,16.0,nM,16.0,AKT1,16.0,7.795880017344075,ABCCKDYIVHMOLX-SFHVURJKSA-N,419.48900000000015,1.3671799999999994,4,7,0,143.95,6,31
CCn1c(-c2nonc2N)nc2c(C#CC(C)(C)O)nc(OCCCN)cc21,CHEMBL1096292,7.8,nM,16.0,nM,16.0,AKT1,16.0,7.795880017344075,AZQPVODZWGLBAX-UHFFFAOYSA-N,385.42800000000017,0.9334000000000005,3,9,0,151.13000000000002,6,28
NC1(C(=O)N[C@@H](CCO)c2ccc(Cl)cc2)CCN(c2ncnc3[nH]cc(C4CC4)c23)CC1,CHEMBL5832331,7.8,nM,16.0,nM,16.0,AKT1,16.0,7.795880017344075,HNXYZZKDKTVJQC-IBGZPJMESA-N,468.9890000000003,3.026300000000001,4,6,0,120.16,7,33
Nc1ncnc(N2CCC(c3nc(-c4ccc(Cl)c(F)c4)cn3CCN3CCCC3)CC2)c1Br,CHEMBL3968655,7.8,nM,16.0,nM,16.0,AKT1,16.0,7.795880017344075,ZWIYTRXREXLLRD-UHFFFAOYSA-N,548.8920000000005,4.957100000000005,1,6,1,76.10000000000001,6,34
Cc1c[nH]c2ncnc(N3CCC(N)(CNC(=O)Oc4ccccc4)C3)c12,CHEMBL1171840,7.8,nM,16.0,nM,16.0,AKT1,16.0,7.795880017344075,NRQNWBSCBCFFDZ-UHFFFAOYSA-N,366.42500000000007,1.962519999999999,3,6,0,109.16000000000001,4,27
CC1Cc2cc(F)c(F)cc2N1C(=O)Cc1nc(N2CCOCC2)c(F)c(=O)[nH]1,CHEMBL3890826,7.8,nM,16.0,nM,16.0,AKT1,16.0,7.795880017344075,FTAYTHVBVWOFPS-UHFFFAOYSA-N,408.3800000000002,1.5440999999999998,1,5,0,78.53,3,29
Cc1cc(-c2cn(CC3CNC3)c(C3CCC(c4ncnc(N)c4C(C)C)CC3)n2)ccc1F,CHEMBL3899097,7.8,nM,16.0,nM,16.0,AKT1,16.0,7.795880017344075,BZOAWHFCLQZEIR-UHFFFAOYSA-N,462.6170000000002,5.1540200000000045,2,5,1,81.65,6,34
CCc1c(N)ncnc1N1CCC(c2nc(-c3cccc(Cl)c3)cn2CCN2CCC2)CC1,CHEMBL3939097,7.8,nM,16.0,nM,16.0,AKT1,16.0,7.795880017344075,PRCCLLICHPIENY-UHFFFAOYSA-N,466.03300000000036,4.227800000000004,1,6,0,76.10000000000001,7,33
CS(=O)(=O)NCC(NC(=O)C1(N)CCN(c2ncnc3[nH]ccc23)CC1)c1ccc(Cl)cc1,CHEMBL2325735,7.8,nM,16.0,nM,16.0,AKT1,16.0,7.795880017344075,NZHFMDCYXYDUQJ-UHFFFAOYSA-N,492.0050000000002,1.3157000000000008,4,7,0,146.1,7,33
C[C@@H]1CN(C(=O)Cc2nc(N3CCOCC3)cc(=O)[nH]2)c2ccccc21,CHEMBL3699788,7.8,nM,16.0,nM,16.0,AKT1,16.0,7.795880017344075,CBPIBWZOJGKQSF-CYBMUJFWSA-N,354.41,1.2992999999999995,1,5,0,78.53,3,26
NC1(c2ccc(-c3nc4n(c3-c3ccccc3)COc3cccc(F)c3-4)cc2)CCC1,CHEMBL3701719,7.8,nM,16.0,nM,16.0,AKT1,16.0,7.795880017344075,WWHZFUWEJSHFEY-UHFFFAOYSA-N,411.4800000000002,5.711000000000004,1,3,1,53.06999999999999,3,31
NCC(NC(=O)c1ccc(-c2c[nH]c3ncccc23)s1)c1ccccc1,CHEMBL470192,7.8,nM,16.0,nM,16.0,AKT1,16.0,7.795880017344075,XGVJSYKODLTBGE-UHFFFAOYSA-N,362.458,3.7212000000000023,3,4,0,83.8,5,26
CCc1c(N)ncnc1N1CCC(c2nc(-c3cccc(OC(F)(F)F)c3)cn2CCN2CCC2)CC1,CHEMBL3980688,7.8,nM,16.0,nM,16.0,AKT1,16.0,7.795880017344075,PVABXGMHLMUIRO-UHFFFAOYSA-N,515.5840000000003,4.473000000000003,1,7,1,85.33,8,37
COc1cccc2c1OCn1c-2nc(-c2ccc(C3(N)CC(O)(C4CC4)C3)cc2)c1-c1ccccc1,CHEMBL5316196,7.8,nM,16.0,nM,16.0,AKT1,16.0,7.795880017344075,BXUFTYQOZYDBJJ-UHFFFAOYSA-N,479.58000000000027,5.331500000000004,2,5,1,82.53,5,36
Nc1ncc(-c2cc(S(=O)(=O)c3ccccc3Cl)cc(N3CCOCC3)n2)cn1,CHEMBL5783920,7.8,nM,16.0,nM,16.0,AKT1,16.0,7.795880017344075,JTYJEIBZRLYYQC-UHFFFAOYSA-N,431.9050000000002,2.4436,1,8,0,111.3,4,29
CNCCn1cc(-c2ccc(F)c(C)c2)nc1C1CCN(c2ncnc(N)c2C(N)=O)CC1,CHEMBL3940462,7.8,nM,16.0,nM,16.0,AKT1,16.0,7.795880017344075,MRYHAUHEHQAMRQ-UHFFFAOYSA-N,452.5380000000003,2.0721199999999995,3,7,0,127.97999999999999,7,33
C[C@H](NC(=O)C1(N)CCN(c2ncnc3[nH]ccc23)CC1)c1ccc(C(F)(F)F)cc1,CHEMBL5921561,7.8,nM,16.0,nM,16.0,AKT1,16.0,7.795880017344075,SDFISGPBQPICFA-ZDUSSCGKSA-N,432.4500000000002,3.1518000000000024,3,5,0,99.93,4,31
C[C@H]1Cc2ccccc2N1C(=O)Cc1nc(N2CCOCC2)cc(=O)[nH]1,CHEMBL3112866,7.8,nM,16.0,nM,16.0,AKT1,16.0,7.795880017344075,UAXHPOBBKRWJGA-ZDUSSCGKSA-N,354.41,1.1268,1,5,0,78.53,3,26
N[C@H](COc1cncc(-c2ccc3c(c2)CC(=O)N3)c1)Cc1ccccc1,CHEMBL226848,7.8,nM,16.0,nM,16.0,AKT1,16.0,7.795880017344075,IEKFJQOIRAQOSI-IBGZPJMESA-N,359.4290000000001,3.192000000000002,2,4,0,77.24000000000001,6,27
Nc1ncnc(N2CCC(c3nc(-c4ccc(F)c(C(F)(F)F)c4)cn3CC3CNC3)CC2)c1Cl,CHEMBL3897233,7.78,nM,16.5,nM,16.5,AKT1,16.5,7.782516055786093,PJVIGFLRGLEWPN-UHFFFAOYSA-N,509.9390000000002,4.337000000000003,2,6,1,84.89000000000001,5,35
CCc1c(N)ncnc1N1CCC(c2nc(-c3ccnc(Cl)c3)cn2CCN2CCC2)CC1,CHEMBL3923440,7.78,nM,16.5,nM,16.5,AKT1,16.5,7.782516055786093,DKRZLTGERJSUDX-UHFFFAOYSA-N,467.0210000000003,3.6228000000000025,1,7,0,88.99,7,33
Nc1ncnc(N2CCN(C(=O)C(N)Cc3ccc(Cl)cc3)CC2)c1Cl,CHEMBL3127378,7.77,nM,16.98,,7.77,AKT1,16.98,7.770062314092066,SSFWFZBIPWHUFP-UHFFFAOYSA-N,395.2940000000001,1.584200000000001,2,6,0,101.36999999999999,4,26
Nc1ncnc(N2CC[C@@]3(CCCN(C[C@H](O)CNS(=O)(=O)c4ccccc4Br)C3)C2)c1C1CC1,CHEMBL1760772,7.77,nM,17.0,uM,0.017,AKT1,17.0,7.769551078621726,OMRQMUWXHMJUBD-HOYKHHGWSA-N,565.5379999999999,2.3304,3,8,1,124.68,8,35
O=C(Cc1nc(N2CCOCC2)cc(=O)[nH]1)Nc1cccc2occc12,CHEMBL3696293,7.77,nM,17.0,nM,17.0,AKT1,17.0,7.769551078621726,XAWMALSKQAAOHB-UHFFFAOYSA-N,354.3660000000001,1.5338999999999994,2,6,0,100.46000000000001,4,26
Cc1cc(Br)c2nc(-c3ccc(C4(N)CCC4)cc3)c(-c3ccccc3)n2c1,CHEMBL3699758,7.77,nM,17.0,nM,17.0,AKT1,17.0,7.769551078621726,VPICZVBVXJEOGH-UHFFFAOYSA-N,432.36500000000024,6.077120000000005,1,2,1,43.31999999999999,3,28
Cl.NCc1ccc(-n2c(-c3cccnc3N)nc3ccc(-c4cn[nH]c4)nc32)cc1,CHEMBL4576518,7.77,nM,17.0,uM,0.017,AKT1,17.0,7.769551078621726,ILVKGSGRGSOAHZ-UHFFFAOYSA-N,418.8920000000001,3.335300000000001,3,6,0,124.32000000000001,4,30
NC1(c2ccc(-c3nc4c5ccc(-c6cn[nH]c6)cc5nn4cc3-c3ccccc3)cc2)CCC1,CHEMBL3672529,7.77,nM,17.0,nM,17.0,AKT1,17.0,7.769551078621726,RGVGGYSFGMIWSX-UHFFFAOYSA-N,456.5530000000003,5.944500000000003,2,4,1,84.89,4,35
CCOCCN(C[C@@H](O)CN1CCC2(CCN(c3ncnc4[nH]nc(C)c34)C2)C1)S(=O)(=O)c1c(C)cccc1C,CHEMBL1760760,7.77,nM,17.0,uM,0.017,AKT1,17.0,7.769551078621726,GHARCVPTJMBSSW-UHFKCPIBSA-N,571.7480000000003,2.2686600000000006,2,9,1,127.78,11,40
NC(=O)c1cccc2c(N[C@H](CN3CCC3)c3ccc(C(F)(F)F)cc3)ncnc12,CHEMBL4871853,7.77,nM,17.0,nM,17.0,AKT1,17.0,7.769551078621726,AOMMHIPSMLPJKQ-QGZVFWFLSA-N,415.419,3.6064000000000025,2,5,0,84.14,6,30
CSc1ccc2nc(-c3ccc(C4(N)CCC4)cc3)c(-c3ccccc3)n2n1,CHEMBL5814619,7.77,nM,17.0,nM,17.0,AKT1,17.0,7.769551078621726,OEHYKHSKOGZCLV-UHFFFAOYSA-N,386.524,5.123100000000004,1,4,1,56.209999999999994,4,28
CCOC(=O)c1cc(Br)c2nc(-c3ccc(C4(N)CCC4)cc3)c(-c3ccccc3)n2c1,CHEMBL3699753,7.77,nM,17.0,nM,17.0,AKT1,17.0,7.769551078621726,XJZYLKQYZWOOKZ-UHFFFAOYSA-N,490.40100000000024,5.945400000000005,1,4,1,69.61999999999999,5,32
N[C@H](CNc1cc(-c2ccc3cnccc3c2)no1)Cc1ccc(C(F)(F)F)cc1,CHEMBL1081104,7.77,nM,17.0,nM,17.0,AKT1,17.0,7.769551078621726,HVKMMDVZQKUXML-IBGZPJMESA-N,412.4150000000001,4.890500000000003,2,5,0,76.97,6,30
Cn1ncc(Cl)c1-c1cc(C(=O)N[C@@H]2CNCC[C@H]2c2ccc(Cl)cc2)oc1Cl,CHEMBL4554683,7.76,nM,17.3,nM,17.3,AKT1,17.3,7.761953896871205,QVQOFOIQOVRCFZ-XJKSGUPXSA-N,453.7570000000002,4.515800000000003,2,4,0,72.09,4,29
N#Cc1c[nH]c2ncnc(N3CC[C@](N)(CNC(=O)c4ccc(Cl)cc4)C3)c12,CHEMBL1170262,7.76,nM,17.5,nM,17.5,AKT1,17.5,7.756961951313706,SUASCQMYTOBJHW-IBGZPJMESA-N,395.8540000000001,1.8205800000000005,3,6,0,123.72,4,28
Cc1n[nH]c2ccc(-c3cncc(OC[C@@H](N)Cc4ccc(C(F)(F)F)cc4)c3)cc12,CHEMBL389438,7.75,nM,18.0,nM,18.0,AKT1,18.0,7.7447274948966935,XVMKVOQYCQRNAX-IBGZPJMESA-N,426.442,4.900920000000003,2,4,0,76.82,6,31
O=C(Cc1ccc(Cl)cc1)N1CCN(c2ncnc3[nH]cc(Br)c23)CC1,CHEMBL4214539,7.75,nM,18.0,nM,18.0,AKT1,18.0,7.7447274948966935,NCCGYJLNZVCYJX-UHFFFAOYSA-N,434.72500000000014,3.2651000000000012,1,4,0,65.12,3,26
N[C@H](COc1cncc(-c2ccc3[nH]nc(N4CCOCC4)c3c2)c1)Cc1c[nH]c2ccccc12,CHEMBL578418,7.75,nM,18.0,nM,18.0,AKT1,18.0,7.7447274948966935,NGPZTKSXKYXUFA-NRFANRHFSA-N,468.56100000000026,3.891600000000002,3,6,0,105.07999999999998,7,35
Cc1c(Cl)cn2c(-c3ccccc3)c(-c3ccc(C4(N)CCC4)cc3)nc2c1Br,CHEMBL3699757,7.75,nM,18.0,nM,18.0,AKT1,18.0,7.7447274948966935,OXUDZYZUCUHCNU-UHFFFAOYSA-N,466.81000000000023,6.730520000000005,1,2,1,43.32,3,29
CN(C)c1n[nH]c2ccc(-c3cncc(OC[C@@H](N)Cc4c[nH]c5ccccc45)c3)cc12,CHEMBL572905,7.75,nM,18.0,nM,18.0,AKT1,18.0,7.7447274948966935,PNTMGLLXKMAHJM-IBGZPJMESA-N,426.52400000000017,4.121000000000002,3,5,0,95.85,7,32
CNC[C@H](Cc1ccc(Cl)cc1)C(=O)N1CCN(c2ncnc3[nH]ccc23)CC1,CHEMBL1257165,7.75,nM,18.0,nM,18.0,AKT1,18.0,7.7447274948966935,NNGIJAIMKCFFRP-INIZCTEOSA-N,412.9250000000001,2.3382000000000005,2,5,0,77.15,6,29
CCc1c(N)ncnc1N1CCC(c2nc(-c3cncc(C(F)(F)F)c3)cn2CCN2CCC2)CC1,CHEMBL3951221,7.75,nM,18.0,nM,18.0,AKT1,18.0,7.7447274948966935,KGAVPNAQEZTLRD-UHFFFAOYSA-N,500.5730000000003,3.9882000000000035,1,7,1,88.99,7,36
NC1(c2ccc(-c3nc4c5cc(-c6ccc(CO)cc6)ccc5nn4cc3-c3ccccc3)cc2)CCC1,CHEMBL3672539,7.75,nM,18.0,nM,18.0,AKT1,18.0,7.7447274948966935,LKRPPVKWYCTULH-UHFFFAOYSA-N,496.61400000000026,6.7137000000000056,2,4,1,76.44,5,38
C[C@@H]1OCc2ncnc(N3CCN(C(=O)C(Cc4ccc(Cl)c(F)c4)CC(C)(C)N)CC3)c21,CHEMBL1632392,7.75,nM,18.0,nM,18.0,AKT1,18.0,7.7447274948966935,ZBWCOXQCLNTPRG-MYJWUSKBSA-N,475.9960000000002,3.4952000000000014,1,6,0,84.58000000000001,6,33
Cc1n[nH]c2cnc(-c3cncc(OC[C@@H](N)Cc4ccc(C(F)(F)F)cc4)c3)cc12,CHEMBL572418,7.75,nM,18.0,nM,18.0,AKT1,18.0,7.7447274948966935,JNDMEBYAMKXPIA-KRWDZBQOSA-N,427.43000000000006,4.295920000000002,2,5,0,89.71,6,31
CCc1c(N)ncnc1N1CCC(c2nc(-c3cccc(C(F)(F)F)c3)cn2CCN2CCC2)CC1,CHEMBL3921412,7.75,nM,18.0,nM,18.0,AKT1,18.0,7.7447274948966935,NXVPWAJSJJLIEJ-UHFFFAOYSA-N,499.5850000000003,4.593200000000004,1,6,0,76.10000000000001,7,36
Cc1n[nH]c2ccc(-c3nnc(NC[C@@H](N)Cc4ccc(Cl)cc4Cl)s3)cc12,CHEMBL1080912,7.75,nM,18.0,nM,18.0,AKT1,18.0,7.7447274948966935,ZJVCNOOQHUYJRJ-AWEZNQCLSA-N,433.3680000000001,4.678520000000002,3,6,0,92.50999999999999,6,28
CC(C)N(C)C[C@@H](C(=O)N1CCN(c2ncnc3c2[C@H](C)C[C@H]3O)CC1)c1ccc(Cl)cc1,CHEMBL2177365,7.75,nM,18.0,nM,18.0,AKT1,18.0,7.7447274948966935,MGQHBEKIVYECCS-DUXKGJEZSA-N,472.03300000000024,3.443200000000002,1,6,0,72.80000000000001,6,33
COc1ccc(S(=O)(=O)Nc2cc(-c3ccc4nc(NC(C)=O)sc4c3)cnc2C)cc1,CHEMBL1773603,7.75,nM,18.0,nM,18.0,AKT1,18.0,7.7447274948966935,MKGZBKFXWSPUTF-UHFFFAOYSA-N,468.5600000000002,4.434520000000003,2,7,0,110.28000000000002,6,32
N[C@H](CNc1ncc(-c2ccc3c(c2)CC(=O)N3)s1)Cc1ccc(C(F)(F)F)cc1,CHEMBL1081831,7.74,nM,18.3,nM,18.3,AKT1,18.3,7.73754891026957,XPPKIHZJFAAJLB-INIZCTEOSA-N,432.4710000000001,4.305400000000002,3,5,0,80.03999999999999,6,30
CCc1c(N)ncnc1N1CCC(c2nc(-c3ccc(F)c(C(F)(F)F)c3)cn2CC2CNC2)CC1,CHEMBL3892286,7.72,nM,19.0,nM,19.0,AKT1,19.0,7.721246399047171,JRKHYWUIWWXMOR-UHFFFAOYSA-N,503.54800000000023,4.246000000000003,2,6,1,84.89000000000001,6,36
COc1cc(Br)cn2c(-c3ccccc3)c(-c3ccc(C4(N)CCC4)cc3)nc12,CHEMBL3699728,7.72,nM,19.0,nM,19.0,AKT1,19.0,7.721246399047171,UYGBNGMSQVKEOD-UHFFFAOYSA-N,448.3640000000003,5.777300000000004,1,3,1,52.55,4,29
CC1Cc2c(Cl)cccc2N1C(=O)Cc1nc(N2CCOCC2)c(F)c(=O)[nH]1,CHEMBL3916280,7.72,nM,19.0,nM,19.0,AKT1,19.0,7.721246399047171,DTOJPPZWPBVCBV-UHFFFAOYSA-N,406.8450000000002,1.9192999999999996,1,5,0,78.53,3,28
Cc1c[nH]c2ncnc(N3CCC(N)(C(=O)N[C@@H](C)c4ccc(Cl)cc4)CC3)c12,CHEMBL5819896,7.72,nM,19.0,nM,19.0,AKT1,19.0,7.721246399047171,MKJQPKDOXAZMOA-AWEZNQCLSA-N,412.9250000000001,3.0948200000000012,3,5,0,99.93,4,29
COC(=O)c1ccc(-c2cnc3cc(-c4ccccc4)c(-c4ccc(C5(N)CCC5)cc4)nn23)cn1,CHEMBL3672495,7.72,nM,19.0,nM,19.0,AKT1,19.0,7.721246399047171,NVHGKWOQAWYWBN-UHFFFAOYSA-N,475.5520000000003,5.249800000000005,1,6,1,95.39999999999999,5,36
N[C@H](CNc1cnc(Cl)c(/C=C/c2ccncc2)c1)Cc1c[nH]c2ccccc12,CHEMBL203384,7.72,nM,19.0,nM,19.0,AKT1,19.0,7.721246399047171,VCAXLNIRWGJTJA-UEKDZROGSA-N,403.91700000000014,4.763600000000003,3,4,0,79.62,7,29
Cc1n[nH]c2ccc(-c3nnc(NC[C@@H](N)Cc4cccc(Cl)c4)s3)cc12,CHEMBL1080893,7.72,nM,19.0,nM,19.0,AKT1,19.0,7.721246399047171,HHNFRVFYHNQUPY-HNNXBMFYSA-N,398.92300000000006,4.025120000000001,3,6,0,92.50999999999999,6,27
Cc1cccc(C)c1S(=O)(=O)N1CCC[C@@H]1[C@@H](O)CN1CCC[C@@]2(CCN(c3ncnc(N)c3C3CC3)C2)C1,CHEMBL1760767,7.72,nM,19.0,uM,0.019,AKT1,19.0,7.721246399047171,QLEXQCDQNMSBQO-UAABGXCFSA-N,554.7610000000002,3.059540000000001,2,8,1,115.89,7,39
NC1(c2ccc(-c3nc4c5cc(-c6cn[nH]c6)ccc5nn4cc3-c3ccccc3)cc2)CCC1,CHEMBL3672542,7.72,nM,19.0,nM,19.0,AKT1,19.0,7.721246399047171,ONUIMCXEHDTMHD-UHFFFAOYSA-N,456.5530000000003,5.944500000000003,2,4,1,84.89,4,35
NC1(c2ccc(-c3nn4c(-c5ccc(CO)cc5)cnc4cc3-c3ccccc3)cc2)CCC1,CHEMBL3672487,7.72,nM,19.0,nM,19.0,AKT1,19.0,7.721246399047171,XMLJPBLEIAAZQD-UHFFFAOYSA-N,446.55400000000026,5.560500000000004,2,4,1,76.44,5,34
COc1ccc(-c2cc3c(C)nc(N)nc3n([C@H]3CC[C@H](OCC(N)=O)CC3)c2=O)cn1,CHEMBL2375958,7.71,nM,19.3,nM,19.3,AKT1,19.3,7.714442690992226,AICMEPHIKCWYDQ-SHTZXODSSA-N,438.4880000000003,1.7383199999999994,2,8,0,148.24,6,32
CCc1c(N)ncnc1N1CCC(c2nc(-c3ccc(F)cc3)cn2CCN2CCCC2)CC1,CHEMBL3894577,7.7,nM,20.0,nM,20.0,AKT1,20.0,7.698970004336019,HOKDRFCPZWCKRR-UHFFFAOYSA-N,463.60500000000036,4.103600000000004,1,6,0,76.10000000000001,7,34
O=C(NC(c1ccc(Cl)c(Cl)c1)C1CCCNC1)c1ccc2cnccc2c1,CHEMBL1823653,7.7,nM,20.0,uM,0.02,AKT1,20.0,7.698970004336019,IZVADJXWZKIYOV-UHFFFAOYSA-N,414.3360000000001,5.012300000000003,2,3,1,54.02,4,28
NC1(C(=O)N[C@@H](CCO)c2ccc(Cl)cc2)CCN(c2ncnc3[nH]ncc23)CC1,CHEMBL5800023,7.7,nM,20.0,nM,20.0,AKT1,20.0,7.698970004336019,OPBCGEVKEZMKBI-INIZCTEOSA-N,429.9120000000002,1.5438999999999992,4,7,0,133.05,6,30
N[C@H](CNc1nnc(-c2ccc3c(c2)CC(=O)N3)s1)Cc1ccc(C(F)(F)F)cc1,CHEMBL1823630,7.7,nM,20.0,uM,0.02,AKT1,20.0,7.698970004336019,ULPHTBRVXJBSIQ-HNNXBMFYSA-N,433.4590000000001,3.700400000000002,3,6,0,92.93,6,30
Nc1ncnc(N2CCC(c3nc(-c4cccc(F)c4)cn3CCN3CCCC3)CC2)c1C1CCC1,CHEMBL3969159,7.7,nM,20.0,nM,20.0,AKT1,20.0,7.698970004336019,ASONMRWYCJVKFA-UHFFFAOYSA-N,489.64300000000054,4.808700000000004,1,6,0,76.10000000000001,7,36
CN(C)CC(NC(=O)c1cc(Br)c(-c2ccnc3[nH]ccc23)s1)c1ccccc1,CHEMBL470620,7.7,nM,20.0,nM,20.0,AKT1,20.0,7.698970004336019,ORXJSAVDNFYTHE-UHFFFAOYSA-N,469.4080000000001,5.086600000000004,2,4,1,61.02,6,29
O=C1/C(=C/c2ccccn2)CNC/C1=C\c1ccccn1,CHEMBL574646,7.7,nM,20.0,uM,0.02,AKT1,20.0,7.698970004336019,GXFKPANENAOEOK-UTLPMFLDSA-N,277.32699999999994,2.1159,1,4,0,54.88,2,21
N[C@H](Cc1ccc(Cl)cc1)C(=O)N1CCN(c2ncnc3ccccc23)CC1,CHEMBL1258330,7.7,nM,20.0,nM,20.0,AKT1,20.0,7.698970004336019,KGZXBIKBYHLVNP-GOSISDBHSA-N,395.8940000000001,2.501800000000001,1,5,0,75.35000000000001,4,28
CC1Cc2c(Cl)cccc2N1C(=O)Cc1nc(N2CCOCC2)c(F)c(=O)n1C,CHEMBL3974610,7.7,nM,20.0,nM,20.0,AKT1,20.0,7.698970004336019,OPGZBCYYHURCSC-UHFFFAOYSA-N,420.87200000000024,1.9296999999999997,0,5,0,67.67,3,29
Cn1c(CC(=O)N2CCc3ccccc32)nc(N2CCOCC2)cc1=O,CHEMBL3112861,7.7,nM,20.0,nM,20.0,AKT1,20.0,7.698970004336019,DALZLCXHMHOFAJ-UHFFFAOYSA-N,354.4100000000002,0.7486999999999993,0,5,0,67.67000000000002,3,26
NCCCC(NC(=O)c1cc(Br)c(-c2ccnc3[nH]ccc23)s1)c1ccccc1,CHEMBL513019,7.7,nM,20.0,nM,20.0,AKT1,20.0,7.698970004336019,WURGOIXNFGPAMJ-UHFFFAOYSA-N,469.4080000000001,5.263900000000003,3,4,1,83.79999999999998,7,29
O=C(NC(c1ccc(Cl)c(Cl)c1)C1CCNCC1)c1ccc2cnc(F)cc2c1,CHEMBL1823651,7.7,nM,20.0,uM,0.02,AKT1,20.0,7.698970004336019,QFMBYPBOVSGXGC-UHFFFAOYSA-N,432.32600000000014,5.151400000000004,2,3,1,54.02,4,29
O=C(N1CCN(c2ncnc3[nH]cc(Br)c23)CC1)C1(c2ccccc2)CCNCC1,CHEMBL4217841,7.69,nM,20.3,nM,20.3,AKT1,20.3,7.692503962086787,DKWIVDDHHMVQND-UHFFFAOYSA-N,469.38700000000034,2.6904000000000003,2,5,0,77.15,3,30
Cc1n[nH]c2ccc(-c3cncc(OC[C@@H](N)Cc4ccc(OC(F)(F)F)cc4)c3)cc12,CHEMBL227324,7.69,nM,20.3,nM,20.3,AKT1,20.3,7.692503962086787,ZNSFWGXQWKZNKB-SFHVURJKSA-N,442.44100000000003,4.780720000000003,2,5,0,86.05,7,32
Cc1n[nH]c2ccc(-c3cncc(OC[C@@H](N)Cc4cc(Cl)cc(Cl)c4)c3)cc12,CHEMBL376118,7.68,nM,20.7,nM,20.7,AKT1,20.7,7.684029654543083,DALRTELPWRMRAK-IBGZPJMESA-N,427.3350000000001,5.188920000000003,2,4,1,76.82,6,29
CNC(=O)c1ccc2nc(-c3ccc(C4(N)CCC4)cc3)c(-c3ccccc3)n2n1,CHEMBL5865881,7.68,nM,21.0,nM,21.0,AKT1,21.0,7.6777807052660805,XHYNAIMTAIKMCU-UHFFFAOYSA-N,397.482,3.7608000000000024,2,4,0,85.31,4,30
CC1(C)CN(C(=O)Cc2nc(N3CCOCC3)cc(=O)[nH]2)c2ccccc21,CHEMBL3112865,7.68,nM,21.0,nM,21.0,AKT1,21.0,7.6777807052660805,SONKMXSQGHFTFK-UHFFFAOYSA-N,368.437,1.4733999999999996,1,5,0,78.53,3,27
N#Cc1c(N)ncnc1N1CCC(c2nc(-c3cccc(F)c3)cn2CCN2CCCC2)CC1,CHEMBL3968052,7.68,nM,21.0,nM,21.0,AKT1,21.0,7.6777807052660805,DQQHLMXTQBGBKI-UHFFFAOYSA-N,460.5610000000004,3.412880000000002,1,7,0,99.89,6,34
COc1c(N)ncnc1N1CCC(c2nc(-c3ccnc(C(F)(F)F)c3)cn2CCN2CCC2)CC1,CHEMBL3890310,7.68,nM,21.0,nM,21.0,AKT1,21.0,7.6777807052660805,AHFPBQFTVHYBMP-UHFFFAOYSA-N,502.5450000000003,3.434400000000002,1,8,1,98.21999999999998,7,36
Nc1ncnc(N2CCC(c3nc(-c4ccnc(C(F)(F)F)c4)cn3CCN3CCC3)CC2)c1OCC(F)(F)F,CHEMBL3965033,7.68,nM,21.0,nM,21.0,AKT1,21.0,7.6777807052660805,CUNFBMBOBMNCLK-UHFFFAOYSA-N,570.5420000000006,4.366900000000004,1,8,1,98.22,8,40
CCOCCN(C[C@@H](O)CN1CCCC2(CCN(c3ncnc4[nH]nc(C)c34)C2)C1)S(=O)(=O)c1c(C)cccc1C,CHEMBL1760761,7.68,nM,21.0,uM,0.021,AKT1,21.0,7.6777807052660805,BRCKNRHULLJPNN-CTLOQAHHSA-N,585.7750000000002,2.658760000000001,2,9,1,127.78,11,41
C=Cc1c(N)ncnc1N1CCC(c2nc(-c3cccc(F)c3)cn2CCN2CCCC2)CC1,CHEMBL3928074,7.68,nM,21.0,nM,21.0,AKT1,21.0,7.6777807052660805,USJIOUUNHSENIY-UHFFFAOYSA-N,461.58900000000034,4.184200000000003,1,6,0,76.10000000000001,7,34
COC(=O)c1cc(OC)c2nc(-c3ccc(C4(N)CCC4)cc3)c(-c3ccccc3)n2n1,CHEMBL6034065,7.68,nM,21.0,nM,21.0,AKT1,21.0,7.6777807052660805,BMGOVRYFABQESH-UHFFFAOYSA-N,428.4920000000002,4.196400000000002,1,6,0,91.74,5,32
CNCCn1cc(-c2ccc(F)c(C)c2)nc1C1CCN(c2ncnc(N)c2-c2cn[nH]c2)CC1,CHEMBL3913969,7.68,nM,21.0,nM,21.0,AKT1,21.0,7.6777807052660805,PBYZYQNLHOJHBY-UHFFFAOYSA-N,475.57600000000025,3.3633200000000008,3,7,0,113.57,7,35
O=C(Cc1nc(N2CCOC(CF)C2)cc(=O)[nH]1)N1CCc2c(F)cccc21,CHEMBL3984868,7.68,nM,21.0,nM,21.0,AKT1,21.0,7.6777807052660805,GGSIOYHBIZNZOG-UHFFFAOYSA-N,390.39000000000016,1.2154999999999994,1,5,0,78.53,4,28
COc1cc(-c2ccncc2)c2nc(-c3ccc(C4(N)CCC4)cc3)c(-c3ccccc3)n2n1,CHEMBL5865607,7.68,nM,21.0,nM,21.0,AKT1,21.0,7.6777807052660805,JVRLOZHZKHQFLR-UHFFFAOYSA-N,447.54200000000026,5.471800000000005,1,5,1,78.33,5,34
Cc1n[nH]c2ccc(-c3cncc(OC[C@@H](N)Cc4ccc(F)cc4F)c3)cc12,CHEMBL229315,7.68,nM,21.0,nM,21.0,AKT1,21.0,7.6777807052660805,ODNNAINEXPIVTL-SFHVURJKSA-N,394.425,4.160320000000003,2,4,0,76.82,6,29
Cc1c(Oc2ccc(C(C)N)cc2F)ccc2c1B(O)OC2,CHEMBL5842711,7.67,nM,21.5,nM,21.5,AKT1,21.5,7.667561540084395,LKHWQSZVOZRQIZ-UHFFFAOYSA-N,301.12600000000003,2.1638199999999994,2,4,0,64.71000000000001,3,22
Cn1nccc1-c1ccc(C(=O)N[C@@H]2CNCC[C@H]2c2ccc(F)c(F)c2)cc1,CHEMBL4460756,7.67,nM,21.6,nM,21.6,AKT1,21.6,7.665546248849069,WTDXONBSQHCAGP-FXAWDEMLSA-N,396.44100000000003,3.240800000000002,2,3,0,58.95,4,29
COc1ccc(-c2cc3c(C)nc(N)nc3n([C@H]3CC[C@@H](OCO)CC3)c2=O)cn1,CHEMBL2376095,7.67,nM,21.6,nM,21.6,AKT1,21.6,7.665546248849069,XYDOOSSZZGUDEI-GASCZTMLSA-N,411.4620000000002,2.20282,2,8,0,125.38000000000001,5,30
O=C(Cc1nc(N2CCOCC2)c(F)c(=O)[nH]1)N1CCc2c(F)cccc21,CHEMBL3961677,7.66,nM,22.0,nM,22.0,AKT1,22.0,7.657577319177793,IHNVGTHHLCPTPF-UHFFFAOYSA-N,376.3630000000001,1.0165,1,5,0,78.53,3,27
C[C@H]1Cc2ccccc2N1C(=O)Cc1nc(N2CCOCC2)cc(=S)[nH]1,CHEMBL3907424,7.66,nM,22.0,nM,22.0,AKT1,22.0,7.657577319177793,QAKYIKOVPVVHEH-ZDUSSCGKSA-N,370.478,2.4960900000000006,1,5,0,61.46,3,26
CC1Cc2c(O)cccc2N1C(=O)Cc1nc(N2CCOCC2)cc(=O)[nH]1,CHEMBL3910203,7.66,nM,22.0,nM,22.0,AKT1,22.0,7.657577319177793,RZSZPVBJGJPQOH-UHFFFAOYSA-N,370.40900000000016,0.8324,2,6,0,98.75999999999999,3,27
CC(C)NC[C@@H](C(=O)N1CCN(c2ncnc3c2N(C)CC(=O)N3)[C@H]2C[C@H]21)c1ccc(Cl)cc1,CHEMBL5171561,7.66,nM,22.0,nM,22.0,AKT1,22.0,7.657577319177793,VWPGAXIXIAUWJK-CEXWTWQISA-N,484.00400000000025,2.0895999999999995,2,7,0,93.70000000000002,6,34
NC1(c2ccc(-c3nc4n(c3-c3ccncc3)COc3cccc(F)c3-4)cc2)CC(O)(C2CC2)C1,CHEMBL3701721,7.66,nM,22.0,nM,22.0,AKT1,22.0,7.657577319177793,VJOYLHMPZGMJLH-UHFFFAOYSA-N,468.53200000000027,4.857000000000003,2,5,0,86.19,4,35
C[C@@H]1SCc2ncnc(N3CCN(C(=O)[C@H](N)Cc4c[nH]c5ccccc45)CC3)c21,CHEMBL1235979,7.66,nM,22.0,nM,22.0,AKT1,22.0,7.657577319177793,JGLUXTFIRPYAQV-WMLDXEAASA-N,422.5580000000002,2.4842999999999993,2,6,0,91.14000000000001,4,30
COc1nc(Br)cn2c(-c3ccccc3)c(-c3ccc(C4(N)CCC4)cc3)nc12,CHEMBL3977365,7.66,nM,22.0,nM,22.0,AKT1,22.0,7.657577319177793,KFRFLORRTVAMDJ-UHFFFAOYSA-N,449.3520000000003,5.172300000000004,1,4,1,65.44,4,29
C=Cc1cc2cc(-c3cncc(OC[C@@H](N)Cc4c[nH]c5ccccc45)c3)ccc2cn1,CHEMBL377764,7.66,nM,22.0,nM,22.0,AKT1,22.0,7.657577319177793,ULDCYYUWMNGYMB-QHCPKHFHSA-N,420.516,5.369900000000004,2,4,1,76.82,7,32
NC(=O)c1cccc2c(N[C@H](CN3CCC3)c3cccc(F)c3)ncnc12,CHEMBL4851020,7.66,nM,22.0,nM,22.0,AKT1,22.0,7.657577319177793,DXXQAWREKCQJCS-QGZVFWFLSA-N,365.412,2.726700000000001,2,5,0,84.14,6,27
O=C(Cc1nc(N2CCOCC2)cc(=O)[nH]1)Nc1cccc(Br)c1O,CHEMBL3699800,7.66,nM,22.0,nM,22.0,AKT1,22.0,7.657577319177793,FGXINGLTUMNPMT-UHFFFAOYSA-N,409.24000000000007,1.2557999999999996,3,6,0,107.55000000000001,4,25
COc1ncc(-c2cc3c(C)nc(N)nc3n([C@H]3CC[C@H](OCO)CC3)c2=O)cn1,CHEMBL2375365,7.66,nM,22.0,nM,22.0,AKT1,22.0,7.657577319177793,PCBMOVJBHYZWMB-HDJSIYSDSA-N,412.4500000000002,1.5978199999999998,2,9,0,138.26999999999998,5,30
N[C@H](Cc1ccc(Cl)cc1)C(=O)N1CCN(c2ncnc3c2CSC3)CC1,CHEMBL1632369,7.66,nM,22.0,nM,22.0,AKT1,22.0,7.657577319177793,OBTIKMLDJKQPKL-MRXNPFEDSA-N,403.9390000000002,2.0954,1,6,0,75.35000000000001,4,27
NC(=O)c1cccc2c(N[C@H](CN3CCC3)c3ccc(F)cc3)ncnc12,CHEMBL4875416,7.64,nM,23.0,nM,23.0,AKT1,23.0,7.638272163982407,WBOJNPOFWWQXBX-QGZVFWFLSA-N,365.412,2.726700000000001,2,5,0,84.14,6,27
COc1cc(OC)c2nc(-c3ccc(C4(N)CCC4)cc3)c(-c3ccccc3)n2c1,CHEMBL3703137,7.64,nM,23.0,nM,23.0,AKT1,23.0,7.638272163982407,OWTNOKGCBLFOFA-UHFFFAOYSA-N,399.4940000000001,5.023400000000004,1,4,1,61.78,5,30
O=C(Cc1nc(N2CCOCC2)cc(=O)[nH]1)Nc1cccc(Br)c1,CHEMBL2151923,7.64,nM,23.0,nM,23.0,AKT1,23.0,7.638272163982407,NPBHHSSAUGKQQZ-UHFFFAOYSA-N,393.24100000000004,1.5501999999999996,2,5,0,87.32000000000001,4,24
CCc1c(N)ncnc1N1CCC(c2nc(-c3ccc(F)c(C)c3)cn2CCN(C)C)CC1,CHEMBL3960833,7.64,nM,23.0,nM,23.0,AKT1,23.0,7.638272163982407,VTUZZITVYRIKEE-UHFFFAOYSA-N,451.5940000000003,3.8778200000000034,1,6,0,76.10000000000001,7,33
Cc1nc2nc(-c3ccc(CN4CC(c5nnc(-c6ccccn6)[nH]5)C4)cc3)c(-c3ccccc3)cn2n1,CHEMBL3667042,7.64,nM,23.0,nM,23.0,AKT1,23.0,7.638272163982407,WPQSUBWPGDLXMJ-UHFFFAOYSA-N,499.5820000000001,4.546220000000003,1,7,0,100.77999999999999,6,38
O=C(Cc1nc(N2CCOCC2)cc(=O)[nH]1)Nc1ccc(F)c(F)c1,CHEMBL2151924,7.64,nM,23.0,nM,23.0,AKT1,23.0,7.638272163982407,ROOJZDCDUIGSPK-UHFFFAOYSA-N,350.32500000000005,1.0658999999999996,2,5,0,87.32000000000001,4,25
NC1(C(=O)NC(Cn2cccn2)c2ccc(Cl)cc2)CCN(c2ncnc3[nH]ccc23)CC1,CHEMBL5907432,7.64,nM,23.0,nM,23.0,AKT1,23.0,7.638272163982407,OCLKTHFDXLBYLO-UHFFFAOYSA-N,464.9610000000003,2.6632000000000007,3,6,0,117.75,6,33
O=C(Cc1nc(N2CCOCC2)cc(=O)[nH]1)N1CCc2c(-c3ccccc3F)cccc21,CHEMBL3953697,7.64,nM,23.0,nM,23.0,AKT1,23.0,7.638272163982407,WAKZACDYVACAPD-UHFFFAOYSA-N,434.4710000000002,2.5444000000000004,1,5,0,78.53,4,32
O=C(Cc1nc(N2CCOCC2)cc(=O)[nH]1)Nc1ccsc1,CHEMBL3696237,7.64,nM,23.0,nM,23.0,AKT1,23.0,7.638272163982407,ZBKIVGSUUWWODP-UHFFFAOYSA-N,320.374,0.8491999999999996,2,6,0,87.32000000000001,4,22
Nc1ncccc1-c1nc2cccnc2n1-c1ccc(CNC(=O)c2ccccc2)cc1,CHEMBL2177819,7.64,nM,23.0,uM,0.023,AKT1,23.0,7.638272163982407,RBDDOEXDQAPTRT-UHFFFAOYSA-N,420.47600000000017,3.9947000000000026,2,5,0,98.72,5,32
N#Cc1c(N)ncnc1N1CCC(c2nc(-c3ccnc(C4CC4)c3)cn2CCN2CCC2)CC1,CHEMBL3968742,7.64,nM,23.0,nM,23.0,AKT1,23.0,7.638272163982407,POWWZDRBSXYCHK-UHFFFAOYSA-N,469.59700000000043,3.156080000000002,1,8,0,112.77999999999999,7,35
Cc1cc(CC(NC(=O)C2(N)CCN(c3ncnc4[nH]ccc34)CC2)c2ccc(Cl)cc2)on1,CHEMBL5842760,7.64,nM,23.0,nM,23.0,AKT1,23.0,7.638272163982407,VJEHWSUIHZXOJK-UHFFFAOYSA-N,479.97200000000015,3.305620000000002,3,7,0,125.96000000000001,6,34
N[C@H](COc1cnc(Cl)c(/C=C/c2ccncc2)c1)Cc1c[nH]c2ccccc12,CHEMBL379914,7.64,nM,23.0,nM,23.0,AKT1,23.0,7.638272163982407,CQVACJFVYXJFFS-UEKDZROGSA-N,404.9010000000001,4.730500000000003,2,4,0,76.82,7,29
Cc1n[nH]c2ccc(-c3cncc(OC[C@@H](N)Cc4ccccc4Br)c3)cc12,CHEMBL229854,7.64,nM,23.0,nM,23.0,AKT1,23.0,7.638272163982407,DDPSQLRCDKUEPJ-SFHVURJKSA-N,437.341,4.644620000000003,2,4,0,76.82,6,28
O=C(Cc1nc(N2CCOCC2)cc(=O)[nH]1)Nc1ccccc1OCCN1CCCC1,CHEMBL3696314,7.64,nM,23.0,nM,23.0,AKT1,23.0,7.638272163982407,DJHUAANZCLCMDW-UHFFFAOYSA-N,427.50500000000034,1.2622999999999998,2,7,0,99.79,8,31
Nc1ncnc(N2CCC(c3nc(-c4ccc(F)c(C(F)(F)F)c4)cn3CCN3CCCC3)CC2)c1F,CHEMBL3895789,7.64,nM,23.0,nM,23.0,AKT1,23.0,7.638272163982407,OUIQTZMFLWJZDO-UHFFFAOYSA-N,521.5380000000004,4.699100000000004,1,6,1,76.10000000000001,6,37
COc1ccc(-c2cc3c(C)nc(N)nc3n([C@H]3CC[C@@H](OCC(N)=O)CC3)c2=O)cn1,CHEMBL2375964,7.63,nM,23.3,nM,23.3,AKT1,23.3,7.632644078973981,AICMEPHIKCWYDQ-GASCZTMLSA-N,438.4880000000003,1.7383199999999994,2,8,0,148.24,6,32
Cc1nc(N)nc2c1cc(-c1cnc3ccccc3c1)c(=O)n2[C@H]1CC[C@H](OCO)CC1,CHEMBL2375965,7.62,nM,23.8,nM,23.8,AKT1,23.8,7.623423042943488,SUGLTXJBYXYKFN-IYARVYRRSA-N,431.4960000000003,3.3474200000000014,2,7,0,116.15,4,32
Cl.Cn1nccc1-c1ccc(C(=O)N[C@@H]2CNCC[C@H]2c2ccc(F)c(F)c2)c(Cl)c1,CHEMBL4858782,7.62,nM,24.0,nM,24.0,AKT1,24.0,7.619788758288394,GMZXSQCRUQXFHA-MGPUTAFESA-N,467.3470000000002,4.316000000000003,2,3,0,58.95,4,31
N#Cn1c(CC(=O)N2CCc3ccccc32)nc(N2CCOCC2)cc1=O,CHEMBL3974771,7.62,nM,24.0,nM,24.0,AKT1,24.0,7.619788758288394,YEIDCTABJBHIEF-UHFFFAOYSA-N,365.39300000000026,0.5408799999999996,0,6,0,91.46000000000001,3,27
COc1cc(Cl)cn2c(-c3ccccc3)c(-c3ccc(C4(N)CCC4)cc3)nc12,CHEMBL3703136,7.62,nM,24.0,nM,24.0,AKT1,24.0,7.619788758288394,LCABWUQLPSYHLY-UHFFFAOYSA-N,403.91300000000024,5.668200000000004,1,3,1,52.55,4,29
COc1cc(C(N)=O)cn2c(-c3ccccc3)c(-c3ccc(C4(N)CCC4)cc3)nc12,CHEMBL3699676,7.62,nM,24.0,nM,24.0,AKT1,24.0,7.619788758288394,ZLVBVXHVGVTLST-UHFFFAOYSA-N,412.4930000000002,4.113700000000002,2,4,0,95.64,5,31
Cc1ccc(-c2cn(CCN3CCC3)c(C3CCN(c4ncnc(N)c4C#N)CC3)n2)cc1C(F)(F)F,CHEMBL3949201,7.62,nM,24.0,nM,24.0,AKT1,24.0,7.619788758288394,NCEITWUOOXWJSM-UHFFFAOYSA-N,510.5680000000002,4.210900000000003,1,7,1,99.89,6,37
CCc1c(N)ncnc1N1CCC(c2nc(-c3ccc(F)c(F)c3)cn2CCN2CCC2)CC1,CHEMBL3912123,7.62,nM,24.0,nM,24.0,AKT1,24.0,7.619788758288394,WVTHMUMKIIXBSD-UHFFFAOYSA-N,467.5680000000003,3.8526000000000034,1,6,0,76.10000000000001,7,34
O=C(Cc1nc(N2CCOCC2)cc(=O)[nH]1)N1CCc2c(-c3ccccc3)cccc21,CHEMBL3112855,7.62,nM,24.0,nM,24.0,AKT1,24.0,7.619788758288394,WBLYYZMOJFRKFU-UHFFFAOYSA-N,416.48100000000017,2.4053000000000004,1,5,0,78.53,4,31
CNC(=O)Nc1ccc(CNc2ncsc2C(=O)Nc2ccc3c(c2)OC(F)(F)O3)cn1,CHEMBL247250,7.62,nM,24.0,nM,24.0,AKT1,24.0,7.619788758288394,APMQKHHNTLVDQD-UHFFFAOYSA-N,462.43800000000016,3.4753000000000007,4,8,0,126.50000000000001,6,32
C[C@H](NC(=O)C1(N)CCN(c2ncnc3[nH]nc(Br)c23)CC1)c1ccc(Cl)cc1,CHEMBL5775086,7.62,nM,24.0,nM,24.0,AKT1,24.0,7.619788758288394,JYTKYLHDJSBIJI-NSHDSACASA-N,478.78200000000027,2.943900000000001,3,6,0,112.82000000000001,4,29
O=C(Cc1nc(N2CCOCC2)cc(=O)[nH]1)Nc1ccccc1OCCN1CCCCC1,CHEMBL3696309,7.62,nM,24.0,nM,24.0,AKT1,24.0,7.619788758288394,ODNAHVOCSGPIPO-UHFFFAOYSA-N,441.5320000000004,1.6523999999999994,2,7,0,99.79,8,32
Nc1ncccc1-c1nc2ccc(-c3ccccc3)nc2n1-c1ccc(CNC(=O)c2ccccc2)cc1,CHEMBL2177835,7.62,nM,24.0,uM,0.024,AKT1,24.0,7.619788758288394,AOMCLUHHIWNPGC-UHFFFAOYSA-N,496.57400000000024,5.661700000000003,2,5,1,98.72,6,38
CC1Cc2c(F)cccc2N1C(=O)Cc1nc(N2CCOCC2)c(F)c(=O)[nH]1,CHEMBL3917798,7.62,nM,24.0,nM,24.0,AKT1,24.0,7.619788758288394,NZYUXPSXEQAJKB-UHFFFAOYSA-N,390.3900000000002,1.4049999999999998,1,5,0,78.53,3,28
C[C@@H]1C[C@@H](O)c2ncnc(N3CCN(C(=O)[C@H](CN)c4ccc(Cl)cc4)CC3)c21,CHEMBL2177373,7.62,nM,24.0,nM,24.0,AKT1,24.0,7.619788758288394,FKWGZLUCQAOQDJ-KBRIMQKVSA-N,415.9250000000001,2.0617,2,6,0,95.58,4,29
N[C@H](CNc1nnc(-c2ccc3[nH]ncc3c2)s1)Cc1ccc(Cl)cc1,CHEMBL1081451,7.62,nM,24.0,nM,24.0,AKT1,24.0,7.619788758288394,NHCKWRFRGQYSQI-HNNXBMFYSA-N,384.8960000000002,3.7167000000000012,3,6,0,92.51,6,26
CC1CN(c2cc(=O)[nH]c(CC(=O)N3c4ccccc4C[C@@H]3C)n2)CCO1,CHEMBL3908338,7.62,nM,24.0,nM,24.0,AKT1,24.0,7.619788758288394,CJZBXZXEUIUKLZ-LSLKUGRBSA-N,368.4370000000002,1.5152999999999996,1,5,0,78.53000000000002,3,27
O=C(N1CCN(c2ncnc3[nH]nc(Cl)c23)CC1)C1(c2ccc(Cl)c(Cl)c2)CCNCC1,CHEMBL4285143,7.61,nM,24.3,nM,24.3,AKT1,24.3,7.614393726401688,QYLVNAWPSLBOHA-UHFFFAOYSA-N,494.8140000000003,3.283100000000002,2,6,0,90.04,3,32
Nc1ncnc2c1cnn2C1CCN(Cc2ccc(-c3nc4ccnn4cc3-c3ccccc3)cc2)CC1,CHEMBL3672019,7.6,nM,25.0,nM,25.0,AKT1,25.0,7.6020599913279625,APLFHZQSXVXXNC-UHFFFAOYSA-N,501.5980000000002,4.6223000000000045,1,7,1,103.05,5,38
CC1(O)CC(N)(c2ccc(-c3nc4n(c3-c3ccncc3)COc3cccc(F)c3-4)cc2)C1,CHEMBL3701723,7.6,nM,25.0,nM,25.0,AKT1,25.0,7.6020599913279625,CDUDXYMDGOYYND-UHFFFAOYSA-N,442.4940000000002,4.466900000000003,2,5,0,86.19,3,33
Cc1cc(Cl)cn2c(-c3ccccc3)c(-c3ccc(C4(N)CCC4)cc3)nc12,CHEMBL3699752,7.6,nM,25.0,nM,25.0,AKT1,25.0,7.6020599913279625,FHAWURZTQZCZPV-UHFFFAOYSA-N,387.91400000000027,5.9680200000000045,1,2,1,43.32,3,28
NCC(NC(=O)c1cc(-c2c[nH]c3ncccc23)cs1)c1ccccc1,CHEMBL512305,7.6,nM,25.0,nM,25.0,AKT1,25.0,7.6020599913279625,ZNBOMXQVNVLXCZ-UHFFFAOYSA-N,362.4580000000001,3.7212000000000023,3,4,0,83.8,5,26
NCC(C(=O)Nc1cc(Br)c(-c2ccnc3[nH]ccc23)s1)c1ccccc1,CHEMBL472291,7.6,nM,25.0,nM,25.0,AKT1,25.0,7.6020599913279625,FUHANCRIAJEKGA-UHFFFAOYSA-N,441.3540000000001,4.734900000000002,3,4,0,83.80000000000001,5,27
O[C@@H]1CN(c2ncc3cc(-c4ccccc4)c(-c4ccc(CN5CCC(c6nnc(-c7ccccn7)[nH]6)CC5)cc4)nc3n2)CCN1,CHEMBL499683,7.6,nM,25.0,nM,25.0,AKT1,25.0,7.6020599913279625,GEUJZAFEKBKRHA-WJOKGBTCSA-N,624.7529999999999,4.646500000000003,3,10,1,131.87,7,47
CC(C)NC[C@@H](C(=O)N1CCN(c2ncnc3c2C[C@H](C)C(=O)N3)CC1)c1ccc(Cl)cc1,CHEMBL5194492,7.6,nM,25.0,nM,25.0,AKT1,25.0,7.6020599913279625,KJYUOIUFXMFLLE-OXJNMPFZSA-N,471.0050000000002,2.6911000000000005,2,6,0,90.46000000000001,6,33
CCOc1cc(C(=O)OC)nn2c(-c3ccccc3)c(-c3ccc(C4(N)CCC4)cc3)nc12,CHEMBL6037428,7.6,nM,25.0,nM,25.0,AKT1,25.0,7.6020599913279625,HVDYPYLGEYDVRU-UHFFFAOYSA-N,442.5190000000003,4.586500000000004,1,6,0,91.74,6,33
N[C@H](CNc1nnc(-c2ccc3[nH]ncc3c2)s1)Cc1cccc(C(F)(F)F)c1,CHEMBL1076565,7.6,nM,25.0,nM,25.0,AKT1,25.0,7.6020599913279625,OSHTXJHXSUZMOX-HNNXBMFYSA-N,418.44800000000015,4.082100000000002,3,6,0,92.51,6,29
Cc1ccc(-c2nc3c(C)nc(N)nc3n(C3CCOCC3)c2=O)cn1,CHEMBL1257178,7.6,nM,25.0,nM,25.0,AKT1,25.0,7.6020599913279625,HGBAUBFPJYKLQG-UHFFFAOYSA-N,352.39800000000014,1.7990400000000002,1,7,0,108.81000000000002,2,26
Cc1nc(N)nc2c1cc(-c1cn[nH]c1)c(=O)n2[C@H]1CC[C@H](OCO)CC1,CHEMBL2375967,7.59,nM,25.9,nM,25.9,AKT1,25.9,7.586700235918748,FWRJSVJUWJBVFB-JOCQHMNTSA-N,370.41300000000024,1.5223199999999995,3,7,0,131.94,4,27
Cn1c(CC(=O)Nc2ccc(F)c(C3CC3)c2)nc(N2CCOCC2)cc1=O,CHEMBL3696294,7.58,nM,26.0,nM,26.0,AKT1,26.0,7.585026652029182,VTKMTBBATCDFNI-UHFFFAOYSA-N,386.42700000000025,1.8146,1,5,0,76.46000000000001,5,28
Cc1cccc2c1OCn1c-2nc(-c2ccc(C3(N)CC(O)(C4CC4)C3)cc2)c1-c1ccccc1,CHEMBL5316197,7.58,nM,26.0,nM,26.0,AKT1,26.0,7.585026652029182,IDTJZEMZFHJRRZ-UHFFFAOYSA-N,463.58100000000024,5.631320000000005,2,4,1,73.3,4,35
NC1(c2ccc(-c3nc4cc(-c5nn[nH]n5)ccn4c3-c3ccccc3)cc2)CCC1,CHEMBL3703111,7.58,nM,26.0,nM,26.0,AKT1,26.0,7.585026652029182,WMBHINGZKZWTND-UHFFFAOYSA-N,407.4810000000002,4.186300000000003,2,5,0,97.77999999999999,4,31
Cc1cccc2c1CCN2C(=O)Cc1nc(N2CCOCC2)cc(=O)n1C,CHEMBL3699779,7.58,nM,26.0,nM,26.0,AKT1,26.0,7.585026652029182,CJTFAUKTEPVCDF-UHFFFAOYSA-N,368.4370000000001,1.0571199999999998,0,5,0,67.67,3,27
CN1CCC2(CC1)CN(C(=O)Cc1nc(N3CCOCC3)cc(=O)[nH]1)c1ccccc12,CHEMBL3945651,7.58,nM,26.0,nM,26.0,AKT1,26.0,7.585026652029182,BGAALLLLASCLJI-UHFFFAOYSA-N,423.51700000000017,1.1592000000000002,1,6,0,81.76999999999998,3,31
Fc1ccc(-c2cn3ccnc3nc2-c2ccc(CN3CC(c4n[nH]c(-c5ccccn5)n4)C3)cc2)cc1,CHEMBL3672034,7.58,nM,26.0,nM,26.0,AKT1,26.0,7.585026652029182,GJFXASSRDYLVRJ-UHFFFAOYSA-N,502.5570000000002,4.981900000000003,1,6,1,87.89,6,38
O=C(Cc1nc(N2CCOCC2)cc(=O)[nH]1)N1CC2(CC2)c2ccccc21,CHEMBL3950222,7.58,nM,26.0,nM,26.0,AKT1,26.0,7.585026652029182,BTKKRQLYGYIZKV-UHFFFAOYSA-N,366.42100000000016,1.2274000000000005,1,5,0,78.53,3,27
COCCN(C)CCn1cc(-c2ccc(F)c(C(F)(F)F)c2)nc1C1CCN(c2ncnc(N)c2C#N)CC1,CHEMBL3974022,7.58,nM,26.0,nM,26.0,AKT1,26.0,7.585026652029182,BGUOWQGLKCCWAA-UHFFFAOYSA-N,546.5730000000001,3.914080000000003,1,8,1,109.12,9,39
N[C@@H](COc1cncc(-c2ccc3cnccc3c2)c1)Cc1c[nH]c2ccccc12,CHEMBL381187,7.58,nM,26.0,nM,26.0,AKT1,26.0,7.585026652029182,LHQWPYOYDRVMFI-JOCHJYFZSA-N,394.4780000000001,4.726900000000003,2,4,0,76.82,6,30
CN(C)C[C@H]1CN(C(=O)Cc2nc(N3CCOCC3)cc(=O)[nH]2)c2ccccc21,CHEMBL3699796,7.58,nM,26.0,nM,26.0,AKT1,26.0,7.585026652029182,SYULZYLLWJVGRP-HNNXBMFYSA-N,397.4790000000001,0.8410000000000006,1,6,0,81.76999999999998,5,29
CCOCCN(C[C@@H](O)CN1CCCC2(CCc3cc(C(N)=O)ccc3O2)C1)S(=O)(=O)c1c(C)cccc1C,CHEMBL1761088,7.58,nM,26.0,uM,0.026,AKT1,26.0,7.585026652029182,WLNYVAADQZVUHY-GMMLNUAGSA-N,559.7290000000003,2.650240000000001,2,7,1,122.4,11,39
Cc1c(C(N)=O)nn2c(-c3ccccc3)c(-c3ccc(C4(N)CCC4)cc3)nc2c1C,CHEMBL6057877,7.58,nM,26.0,nM,26.0,AKT1,26.0,7.585026652029182,LUNBVUYIAYCSPQ-UHFFFAOYSA-N,411.5090000000003,4.116940000000003,2,4,0,99.3,4,31
Cl.Cn1nccc1-c1cc(F)c(C(=O)N[C@@H]2CNCC[C@H]2c2ccc(F)c(F)c2)c(F)c1,CHEMBL4868168,7.58,nM,26.3,nM,26.3,AKT1,26.3,7.580044251510242,TYSAFDQTJNVTNV-IFXJQAMLSA-N,468.8820000000001,3.940800000000003,2,3,0,58.95,4,32
CC(C)NC[C@@H](C(=O)N1CCN(c2ncnc3c2[C@H](C)CC(=O)N3)[C@H](C)C1)c1ccc(Cl)cc1,CHEMBL5188472,7.58,nM,26.4,nM,26.4,AKT1,26.4,7.578396073130169,FOPGPDSJULLECN-MBOZVWFJSA-N,485.03200000000027,3.3946000000000023,2,6,0,90.46000000000001,6,34
O=C(N1CCN(c2ncnc3[nH]ccc23)CC1)C1(c2ccc(Cl)cc2)CCNCC1,CHEMBL4212569,7.58,nM,26.5,nM,26.5,AKT1,26.5,7.576754126063192,OCRNQQJUMSWGDR-UHFFFAOYSA-N,424.93600000000015,2.5812999999999997,2,5,0,77.15,3,30
O=C(N1CCN(c2ncnc3[nH]nc(Br)c23)CC1)C1(c2ccc(Cl)cc2)CCNCC1,CHEMBL4281435,7.57,nM,26.9,nM,26.9,AKT1,26.9,7.570247719997592,YNOGXBNJQRMMHN-UHFFFAOYSA-N,504.8200000000004,2.7388000000000003,2,6,1,90.04,3,31
NC(=O)c1ccc(-c2cnc3cc(-c4ccccc4)c(-c4ccc(C5(N)CCC5)cc4)nn23)cc1,CHEMBL3672491,7.57,nM,27.0,nM,27.0,AKT1,27.0,7.568636235841013,KCHQVEXBTXBSHZ-UHFFFAOYSA-N,459.5530000000003,5.167100000000004,2,4,1,99.3,5,35
O=C(Cc1nc(N2CCOCC2)cc(=O)[nH]1)N1c2ccccc2CC1CO,CHEMBL3696308,7.57,nM,27.0,nM,27.0,AKT1,27.0,7.568636235841013,BWXQCHRNPDYQQT-UHFFFAOYSA-N,370.4090000000001,0.09920000000000068,2,6,0,98.76,4,27
Nc1ncccc1-c1nc2cc(Br)cnc2n1-c1ccc(CNC(=O)c2ccccc2)cc1,CHEMBL2177825,7.57,nM,27.0,uM,0.027,AKT1,27.0,7.568636235841013,GMGPXHZXUDDIDY-UHFFFAOYSA-N,499.3720000000002,4.757200000000003,2,5,0,98.72,5,33
NC(=O)c1c(N)ncnc1N1CCC(c2nc(-c3ccc(F)c(C(F)(F)F)c3)cn2CC2CNC2)CC1,CHEMBL3942663,7.57,nM,27.0,nM,27.0,AKT1,27.0,7.568636235841013,IQANLWOGWYDRQM-UHFFFAOYSA-N,518.5190000000001,2.7825000000000006,3,7,1,127.97999999999999,6,37
NC1(c2ccc(-c3nc4n(c3-c3ccsc3)COc3ccccc3-4)cc2)CCC1,CHEMBL3701730,7.57,nM,27.0,nM,27.0,AKT1,27.0,7.568636235841013,NLPSLEFOKSDSPL-UHFFFAOYSA-N,399.5190000000002,5.6334000000000035,1,4,1,53.06999999999999,3,29
N[C@H](CNc1ncc(-c2ccc3[nH]c(=O)sc3c2)s1)Cc1ccc(C(F)(F)F)cc1,CHEMBL1081853,7.57,nM,27.0,nM,27.0,AKT1,27.0,7.568636235841013,ACASJCMNZMOGPH-AWEZNQCLSA-N,450.51100000000014,4.713800000000003,3,6,0,83.79999999999998,6,30
O=C(Cc1nc(N2CCOC(CO)C2)cc(=O)[nH]1)N1CCc2c(Cl)cccc21,CHEMBL3893924,7.57,nM,27.0,nM,27.0,AKT1,27.0,7.568636235841013,OPWGAMOVMFSVHN-UHFFFAOYSA-N,404.8540000000002,0.7525999999999997,2,6,0,98.76,4,28
O=C(N1CCN(c2ncnc3[nH]ccc23)CC1)C1(c2ccc(Br)cc2)CCNCC1,CHEMBL4211584,7.57,nM,27.1,nM,27.1,AKT1,27.1,7.567030709125595,BZOICKIWNCYJCN-UHFFFAOYSA-N,469.38700000000017,2.6904000000000003,2,5,0,77.15,3,30
Cn1ncc(Cl)c1-c1ccc(C(=O)N[C@@H]2CNCC[C@H]2c2ccc(F)c(F)c2)cc1,CHEMBL4574492,7.56,nM,27.3,nM,27.3,AKT1,27.3,7.5638373529592435,ACOOHGYWFGWCLK-OXJNMPFZSA-N,430.8860000000002,3.8942000000000023,2,3,0,58.95,4,30
Nc1ncccc1-c1nc2cccnc2n1-c1ccc(CC(=O)Nc2ccccc2)cc1,CHEMBL2177818,7.55,nM,28.0,uM,0.028,AKT1,28.0,7.552841968657781,QMMOUPNLBRDPCF-UHFFFAOYSA-N,420.47600000000017,4.2459000000000024,2,5,0,98.72,5,32
NC1(C(=O)NC(Cc2nccs2)c2ccc(Cl)cc2)CCN(c2ncnc3[nH]ccc23)CC1,CHEMBL5979553,7.55,nM,28.0,nM,28.0,AKT1,28.0,7.552841968657781,UUEKSOJCAUNPQD-UHFFFAOYSA-N,482.01300000000026,3.465700000000002,3,7,0,112.82,6,33
Nc1ncccc1-c1nc2ccc(-c3cccnc3)nc2n1-c1ccc(CNC(=O)c2ccccc2)cc1,CHEMBL2177832,7.55,nM,28.0,uM,0.028,AKT1,28.0,7.552841968657781,CUYYDAXVKOOZIZ-UHFFFAOYSA-N,497.56200000000024,5.056700000000003,2,6,1,111.60999999999999,6,38
CC(C)(C)n1nc(Cc2cccc(I)c2)c2c(N)ncnc21,CHEMBL1254115,7.55,nM,28.0,nM,28.0,AKT1,28.0,7.552841968657781,CVRIGUMSLGSWEZ-UHFFFAOYSA-N,407.2590000000001,3.358900000000001,1,4,0,69.62,2,22
CCOc1cccc2c1-c1nc(-c3ccc(C4(N)CC(O)(C5CC5)C4)cc3)c(-c3ccccc3)n1CO2,CHEMBL3701738,7.55,nM,28.0,nM,28.0,AKT1,28.0,7.552841968657781,KIBDHHGAKOZRAV-UHFFFAOYSA-N,493.60700000000026,5.721600000000007,2,5,1,82.53000000000002,6,37
CS(=O)(=O)N1CCN(Cc2cc3nc(-c4cccc5[nH]ncc45)nc(N4CCOCC4)c3s2)CC1,CHEMBL521851,7.55,nM,28.0,uM,0.028,AKT1,28.0,7.552841968657781,LHNIIDJUOCFXAP-UHFFFAOYSA-N,513.6490000000003,2.1483999999999996,1,9,1,107.55000000000001,5,35
COc1nc(C(N)=O)cn2c(-c3ccccc3)c(-c3ccc(C4(N)CCC4)cc3)nc12,CHEMBL3931748,7.54,nM,29.0,nM,29.0,AKT1,29.0,7.5376020021010435,QATMYBCFWXFYLG-UHFFFAOYSA-N,413.4810000000002,3.508700000000001,2,5,0,108.53,5,31
O=C(Cc1nc(N2CCOCC2)cc(=O)[nH]1)Nc1cccc([N+](=O)[O-])c1O,CHEMBL3699808,7.54,nM,29.0,nM,29.0,AKT1,29.0,7.5376020021010435,JDXZQNCERQSWQA-UHFFFAOYSA-N,375.3410000000001,0.4014999999999997,3,8,0,150.69,5,27
CSc1ncc2cc(-c3ccccc3)c(-c3ccc(CN4CCC(C(N)=O)CC4)cc3)nc2n1,CHEMBL252457,7.54,nM,29.0,nM,29.0,AKT1,29.0,7.5376020021010435,GSNOJXUTLNGZEZ-UHFFFAOYSA-N,469.6140000000004,4.778000000000004,1,6,0,85.00000000000001,6,34
NC(=O)c1c(N)ncnc1N1CCC(c2nc(-c3ccc(F)c(OC(F)F)c3)cn2CCN2CCC2)CC1,CHEMBL3954717,7.54,nM,29.0,nM,29.0,AKT1,29.0,7.5376020021010435,STVCAXFLBPJWGX-UHFFFAOYSA-N,530.5550000000002,2.851400000000001,2,8,1,128.42000000000002,9,38
Cc1n[nH]c2ccc(-c3cncc(OC[C@@H](N)Cc4ccccc4Cl)c3)cc12,CHEMBL390371,7.54,nM,29.0,nM,29.0,AKT1,29.0,7.5376020021010435,PUCWNSMXIYUOIY-SFHVURJKSA-N,392.89000000000004,4.535520000000003,2,4,0,76.82,6,28
CC(C(=O)N1CCc2c(F)cccc21)c1nc(N2CCOCC2)cc(=O)[nH]1,CHEMBL3937375,7.54,nM,29.0,nM,29.0,AKT1,29.0,7.5376020021010435,HWPZVACVZWKBPW-UHFFFAOYSA-N,372.4000000000002,1.4384,1,5,0,78.53,3,27
CC(C)NC[C@@H](C(=O)N1CCN(c2ncnc3c2[C@H](C)CC(=O)N3)C[C@H]1C)c1ccc(Cl)cc1,CHEMBL5190647,7.54,nM,29.0,nM,29.0,AKT1,29.0,7.5376020021010435,JNHNQKIFPQKEFS-MBOZVWFJSA-N,485.03200000000027,3.3946000000000023,2,6,0,90.46000000000001,6,34
Cn1nccc1-c1coc(C(=O)N[C@@H]2CNCC[C@H]2c2ccc(Cl)cc2)c1,CHEMBL4518386,7.53,nM,29.4,nM,29.4,AKT1,29.4,7.531652669587842,UPTPNAYLJUONNP-DLBZAZTESA-N,384.8670000000001,3.2090000000000014,2,4,0,72.09,4,27
COc1ncc(-c2cc3c(C)nc(N)nc3n([C@H]3CC[C@@H](OCO)CC3)c2=O)cn1,CHEMBL2376093,7.53,nM,29.4,nM,29.4,AKT1,29.4,7.531652669587842,PCBMOVJBHYZWMB-OKILXGFUSA-N,412.4500000000002,1.5978199999999998,2,9,0,138.26999999999998,5,30
Cn1ncc(Br)c1-c1oc(C(=O)N[C@@H]2CNCC[C@H]2c2ccc(Cl)cc2)cc1Br,CHEMBL4439720,7.53,nM,29.8,nM,29.8,AKT1,29.8,7.525783735923745,QDSUDHMTNKWLSZ-XJKSGUPXSA-N,542.6590000000001,4.7340000000000035,2,4,1,72.09,4,29
NC(=O)C(NC(=O)C1(N)CCN(c2ncnc3[nH]ccc23)CC1)c1ccc(Cl)cc1,CHEMBL2325730,7.52,nM,30.0,nM,30.0,AKT1,30.0,7.522878745280337,CAIYLCVURWLDCG-UHFFFAOYSA-N,427.8960000000002,1.2518000000000011,4,6,0,143.01999999999998,5,30
Cc1c[nH]c2ncnc(N3CCN(C(=O)[C@H](N)C4Cc5ccccc5C4)CC3)c12,CHEMBL1257283,7.52,nM,30.0,nM,30.0,AKT1,30.0,7.522878745280337,ZKLRNDJLDZGUSJ-LJQANCHMSA-N,390.4910000000002,1.65722,2,5,0,91.14,3,29
CCOc1cccc2c1-c1nc(-c3ccc(C4(N)CC(C)(O)C4)cc3)c(-c3ccccc3)n1CO2,CHEMBL3701739,7.52,nM,30.0,nM,30.0,AKT1,30.0,7.522878745280337,HSCDRUNDSGLKLP-UHFFFAOYSA-N,467.5690000000002,5.331500000000006,2,5,1,82.53000000000002,5,35
NC(=O)/C=C/c1ccc2nn3cc(-c4ccccc4)c(-c4ccc(C5(N)CCC5)cc4)nc3c2c1,CHEMBL3672559,7.52,nM,30.0,nM,30.0,AKT1,30.0,7.522878745280337,QLSSHTPYLBECMR-RIYZIHGNSA-N,459.55300000000034,5.052900000000005,2,4,1,99.3,5,35
N[C@H](Cc1ccc(Cl)cc1)C(=O)N1CCN(c2ncnc3cc(F)ccc23)CC1,CHEMBL1257401,7.52,nM,30.0,nM,30.0,AKT1,30.0,7.522878745280337,ZYINRHAXTWJDLL-GOSISDBHSA-N,413.8840000000001,2.640900000000001,1,5,0,75.35000000000001,4,29
O=C(Cc1nc(N2CCOCC2)cc(=O)[nH]1)N1c2ccccc2C2CCCC21,CHEMBL3893813,7.52,nM,30.0,nM,30.0,AKT1,30.0,7.522878745280337,YCGYMXRYSLBXAS-UHFFFAOYSA-N,380.44800000000015,1.8318999999999996,1,5,0,78.53,3,28
CC(C)NC[C@@H](C(=O)N1C[C@H]2CC[C@@H](C1)N2c1ncnc2c1N(C)CC(=O)N2)c1ccc(Cl)cc1,CHEMBL5187172,7.52,nM,30.0,nM,30.0,AKT1,30.0,7.522878745280337,ZXAFEJJOSZHVME-HSALFYBXSA-N,498.0310000000002,2.4797000000000002,2,7,0,93.70000000000002,6,35
CNc1c(-c2ccccc2)c(-c2ccc(CN3CC(c4n[nH]c(-c5ccccn5)n4)C3)cc2)nc2nccn12,CHEMBL3672069,7.52,nM,30.0,nM,30.0,AKT1,30.0,7.522878745280337,HAYWLTZXUNDCPW-UHFFFAOYSA-N,513.6090000000002,4.884500000000004,2,7,1,99.92,7,39
N[C@H](Cc1ccc(Br)cc1)C(=O)N1CCN(c2ncnc3ccccc23)CC1,CHEMBL1258662,7.52,nM,30.0,nM,30.0,AKT1,30.0,7.522878745280337,RKNMHEJTFILSBR-GOSISDBHSA-N,440.3450000000002,2.610900000000001,1,5,0,75.35000000000001,4,28
O=C(NC(c1ccc(Cl)c(Cl)c1)C1CCNC1)c1ccc2cnccc2c1,CHEMBL1823654,7.52,nM,30.0,uM,0.03,AKT1,30.0,7.522878745280337,REUCABNHPPJJRD-UHFFFAOYSA-N,400.3090000000001,4.622200000000003,2,3,0,54.02,4,27
O=C(N1CCN(c2ncnc3[nH]nc(Br)c23)CC1)C1(c2ccc(Cl)c(Cl)c2)CCNCC1,CHEMBL4284849,7.52,nM,30.5,nM,30.5,AKT1,30.5,7.515700160653214,QFIDHFIZJJKSFN-UHFFFAOYSA-N,539.2650000000002,3.3922000000000017,2,6,1,90.04,3,32
Cc1n[nH]c2ccc(-c3cncc(OC[C@@H](N)Cc4c(F)cc(F)cc4F)c3)cc12,CHEMBL388809,7.51,nM,31.0,nM,31.0,AKT1,31.0,7.508638306165727,RAVXBSQKUMKVLM-INIZCTEOSA-N,412.415,4.299420000000002,2,4,0,76.82,6,30
COC(=O)c1cc(Cl)c2nc(-c3ccc(C4(N)CCC4)cc3)c(-c3ccccc3)n2c1,CHEMBL3699736,7.51,nM,31.0,nM,31.0,AKT1,31.0,7.508638306165727,YODVXSCOWOEGCP-UHFFFAOYSA-N,431.92300000000023,5.446200000000005,1,4,1,69.61999999999999,4,31
COc1ccc(-c2cn(CCN3CCC3)c(C3CCN(c4ncnc(N)c4C#N)CC3)n2)cc1Cl,CHEMBL3943041,7.51,nM,31.0,nM,31.0,AKT1,31.0,7.508638306165727,OPIDKMDIFBLRSY-UHFFFAOYSA-N,493.0150000000002,3.5456800000000017,1,8,0,109.11999999999999,7,35
N#Cc1c(N)ncnc1N1CCC(c2nc(-c3ccc(F)c(C(F)(F)F)c3)cn2CC2CCN2)CC1,CHEMBL3906193,7.51,nM,31.0,nM,31.0,AKT1,31.0,7.508638306165727,NTOBVYZGGUJDBU-UHFFFAOYSA-N,500.50400000000025,3.6977800000000025,2,7,1,108.68,5,36
NC1(C(=O)NC(Cc2ccccc2)c2ccc(Cl)cc2)CCN(c2ncnc3[nH]ccc23)CC1,CHEMBL2325985,7.51,nM,31.0,nM,31.0,AKT1,31.0,7.508638306165727,QGYPCOPTJYNXJQ-UHFFFAOYSA-N,474.9960000000003,4.0092000000000025,3,5,0,99.93,6,34
CC(=O)NCC(NC(=O)C1(N)CCN(c2ncnc3[nH]ccc23)CC1)c1ccc(Cl)cc1,CHEMBL2325732,7.51,nM,31.0,nM,31.0,AKT1,31.0,7.508638306165727,TWNSSIKWSGKQOP-UHFFFAOYSA-N,455.95000000000016,1.902600000000001,4,6,0,129.03,6,32
CCc1c(N)ncnc1N1CCC(c2nc(-c3cncc(Cl)c3)cn2CCN2CCC2)CC1,CHEMBL3907940,7.51,nM,31.0,nM,31.0,AKT1,31.0,7.508638306165727,QUGOKCFHVXBZFZ-UHFFFAOYSA-N,467.0210000000003,3.6228000000000025,1,7,0,88.99,7,33
Cn1c(CC(=O)N2CCc3c(F)cccc32)nc(N2CCOCC2)cc1=S,CHEMBL3944470,7.51,nM,31.0,nM,31.0,AKT1,31.0,7.508638306165727,RCDDMZBMZODIEZ-UHFFFAOYSA-N,388.46800000000025,2.25709,0,5,0,50.60000000000001,3,27
Cn1ncc(Br)c1-c1ccc(C(=O)N[C@@H]2CNCC[C@H]2c2ccc(Cl)cc2)o1,CHEMBL4578995,7.51,nM,31.2,nM,31.2,AKT1,31.2,7.505845405981558,JBJGHULSBXMOHN-GOEBONIOSA-N,463.76300000000026,3.9715000000000025,2,4,0,72.09,4,28
NC1(C(=O)N[C@@H](CCO)c2cccc(Cl)c2)CCN(c2ncnc3[nH]ccc23)CC1,CHEMBL5870443,7.5,nM,32.0,nM,32.0,AKT1,32.0,7.494850021680094,SJLSQRDHOPGUQH-KRWDZBQOSA-N,428.9240000000002,2.1488999999999994,4,6,0,120.16,6,30
CCn1c(-c2nonc2N)nc2c(-c3cc[nH]c3)ncc(OCCCN)c21,CHEMBL523057,7.5,nM,32.0,uM,0.032,AKT1,32.0,7.494850021680094,BFFORFSCMCLHMJ-UHFFFAOYSA-N,368.40100000000024,1.8060999999999998,3,8,0,146.69000000000003,7,27
CCn1c(-c2nonc2N)nc2c(-c3ccc[nH]3)ncc(OCCCN)c21,CHEMBL493251,7.5,nM,32.0,uM,0.032,AKT1,32.0,7.494850021680094,NXXSVEQIIURRGX-UHFFFAOYSA-N,368.40100000000024,1.8060999999999998,3,8,0,146.69000000000003,7,27
C[C@@H](NC(=O)C1(N)CCN(c2ncnc3[nH]ccc23)CC1)c1ccc(Br)cc1,CHEMBL5982628,7.5,nM,32.0,nM,32.0,AKT1,32.0,7.494850021680094,UGUXLHOLFHGPBY-CYBMUJFWSA-N,443.3490000000002,2.895500000000002,3,5,0,99.93,4,28
Cc1cc(-c2cn(CCN(C)C)c(C3CCN(c4ncnc(N)c4C(N)=O)CC3)n2)ccc1F,CHEMBL3977710,7.5,nM,32.0,nM,32.0,AKT1,32.0,7.494850021680094,QVNJMAZNLWULFC-UHFFFAOYSA-N,466.5650000000002,2.41432,2,7,0,119.18999999999998,7,34
Clc1ccc(C2(c3ccc(-c4cn[nH]c4)cc3)CCNCC2)cc1,CHEMBL428462,7.5,nM,32.0,nM,32.0,AKT1,32.0,7.494850021680094,LZMOSYUFVYJEPY-UHFFFAOYSA-N,337.8540000000001,4.399600000000002,2,2,0,40.71,3,24
COc1ccccc1-c1cccc2c1CCN2C(=O)Cc1nc(N2CCOCC2)cc(=O)[nH]1,CHEMBL3931282,7.5,nM,32.0,nM,32.0,AKT1,32.0,7.494850021680094,QSOROLZTNJSTBL-UHFFFAOYSA-N,446.5070000000003,2.413899999999999,1,6,0,87.75999999999999,5,33
CC1Cc2cc(F)c(F)cc2N1C(=O)Cc1nc(N2CCOCC2)cc(=O)n1C,CHEMBL3937641,7.5,nM,32.0,nM,32.0,AKT1,32.0,7.494850021680094,IJNNKCBCOMYOGI-UHFFFAOYSA-N,404.41700000000026,1.4153999999999998,0,5,0,67.67,3,29
CCOc1ccc2nc(-c3ccc(C4(N)CCC4)cc3)c(-c3ccccc3)n2n1,CHEMBL5752200,7.5,nM,32.0,nM,32.0,AKT1,32.0,7.494850021680094,AEGAOFTWQORZRR-UHFFFAOYSA-N,384.483,4.799900000000004,1,4,0,65.44,5,29
NC[C@@H](Cc1ccccc1)NC(=O)c1cc(Br)c(-c2ccnc3[nH]ccc23)s1,CHEMBL513728,7.5,nM,32.0,nM,32.0,AKT1,32.0,7.494850021680094,FLJNUPIJNHQZPV-CQSZACIVSA-N,455.3810000000001,4.353700000000003,3,4,0,83.79999999999998,6,28
O=C(N1CCN(c2ncnc3[nH]nc(Cl)c23)CC1)C1(c2ccc(Br)cc2)CCNCC1,CHEMBL4282775,7.48,nM,32.9,nM,32.9,AKT1,32.9,7.482804102050026,BXHWETDAWHZEQN-UHFFFAOYSA-N,504.8200000000003,2.7388000000000003,2,6,1,90.04,3,31
CCC1(O)CC(N)(c2ccc(-c3nc4n(c3-c3ccccc3)COc3cccnc3-4)cc2)C1,CHEMBL3701745,7.48,nM,33.0,nM,33.0,AKT1,33.0,7.481486060122112,WVJKVFMFFXKXKV-UHFFFAOYSA-N,438.5310000000002,4.717900000000003,2,5,0,86.19,4,33
Cn1c(CC(=O)N2CCc3c(Cl)cccc32)nc(N2CCOCC2)cc1=S,CHEMBL3916531,7.48,nM,33.0,nM,33.0,AKT1,33.0,7.481486060122112,UTQNZKWYKSSHDF-UHFFFAOYSA-N,404.9230000000003,2.771390000000001,0,5,0,50.60000000000001,3,27
NC1(c2ccc(-c3nc4c(Br)cccn4c3-c3ccccc3)cc2)CCC1,CHEMBL3699716,7.48,nM,33.0,nM,33.0,AKT1,33.0,7.481486060122112,XGDHYAZSEQCNOK-UHFFFAOYSA-N,418.3380000000002,5.7687000000000035,1,2,1,43.31999999999999,3,27
CN(C)CCN1CCN(c2ncc3cc(-c4ccccc4)c(-c4ccc(CN5CCC(c6nnc(-c7cc[n+]([O-])cc7)[nH]6)CC5)cc4)nc3n2)CC1,CHEMBL455071,7.48,nM,33.0,nM,33.0,AKT1,33.0,7.481486060122112,PERUTFYTKYMERA-UHFFFAOYSA-N,695.876,4.840500000000005,1,10,1,120.14000000000001,10,52
COc1ccc(S(=O)(=O)Nc2cc(-c3ccc4nc(NC(C)=O)sc4c3)ccn2)cc1,CHEMBL1773558,7.48,nM,33.0,nM,33.0,AKT1,33.0,7.481486060122112,UJQPUGFQNIKNAR-UHFFFAOYSA-N,454.53300000000013,4.126100000000002,2,7,0,110.28000000000002,6,31
Nc1ncccc1-c1nc2cc(-c3ccccc3)cnc2n1-c1ccc(CNC(=O)c2ccccc2)cc1,CHEMBL2177830,7.48,nM,33.0,uM,0.033,AKT1,33.0,7.481486060122112,GBDIQLKYOXQPND-UHFFFAOYSA-N,496.57400000000024,5.661700000000003,2,5,1,98.72,6,38
CNCCn1cc(-c2ccc(F)c(C(F)(F)F)c2)nc1C1CCN(c2ncnc(N)c2C(N)=O)CC1,CHEMBL3967166,7.48,nM,33.0,nM,33.0,AKT1,33.0,7.481486060122112,WDEJLOOXNNKPGL-UHFFFAOYSA-N,506.5080000000003,2.7824999999999998,3,7,1,127.97999999999999,7,36
Cn1c(=O)n(-c2ccc(C(C)(C)C#N)cc2)c2c3cc(C#Cc4cccnc4)ccc3ncc21,CHEMBL255592,7.48,nM,33.0,nM,33.0,AKT1,33.0,7.481486060122112,ISHNPDWTQUXPSY-UHFFFAOYSA-N,443.51000000000016,4.473380000000003,0,4,0,76.5,2,34
NC1(c2ccc(-c3nc4ccc(Br)nn4c3-c3ccccc3)cc2)CCC1,CHEMBL5971138,7.48,nM,33.0,nM,33.0,AKT1,33.0,7.481486060122112,HPNBYMSTMHMUOX-UHFFFAOYSA-N,419.3260000000002,5.163700000000003,1,3,1,56.209999999999994,3,27
Cn1c(CC(=O)N2CC(C)(C)c3c(Cl)cccc32)nc(N2CCOCC2)cc1=O,CHEMBL3897578,7.46,nM,35.0,nM,35.0,AKT1,35.0,7.455931955649724,STIIIKRPJJSAOG-UHFFFAOYSA-N,416.9090000000003,2.1372,0,5,0,67.67000000000002,3,29
COCCOc1cc(F)ccc1NC(=O)Cc1nc(N2CCOCC2)cc(=O)[nH]1,CHEMBL3699797,7.46,nM,35.0,nM,35.0,AKT1,35.0,7.455931955649724,LTYDMDZQFFWEFT-UHFFFAOYSA-N,406.4140000000002,0.9519999999999997,2,7,0,105.78,8,29
N[C@H](CNc1ncc(-c2ccc3cncnc3c2)s1)Cc1ccc(C(F)(F)F)cc1,CHEMBL1081296,7.46,nM,35.0,nM,35.0,AKT1,35.0,7.455931955649724,UKXIKQXJARSCKC-KRWDZBQOSA-N,429.4710000000001,4.754000000000003,2,6,0,76.72,6,30
NC(=O)C1(c2ccc(-n3c(-c4cccnc4N)nc4ccc(-c5ccccc5)nc43)cc2)CCC1,CHEMBL4517319,7.46,nM,35.0,uM,0.035,AKT1,35.0,7.455931955649724,YMZSRLWGOZLRLF-UHFFFAOYSA-N,460.5410000000002,4.638700000000003,2,5,0,112.71000000000001,5,35
CC(=O)NC1(c2ccc(-n3c(-c4cccnc4N)nc4ccc(-c5ccccc5)nc43)cc2)CCC1,CHEMBL4553900,7.46,nM,35.0,uM,0.035,AKT1,35.0,7.455931955649724,WLRQALGKINNDBN-UHFFFAOYSA-N,474.56800000000027,5.247000000000003,2,5,1,98.72,5,36
NC1(c2ccc(-c3nc4c(-c5ncc[nH]5)cc(Cl)nn4c3-c3ccccc3)cc2)CCC1,CHEMBL5823462,7.46,nM,35.0,nM,35.0,AKT1,35.0,7.455931955649724,RFAPSOLMQGFKLD-UHFFFAOYSA-N,440.9380000000002,5.444700000000003,2,4,1,84.89,4,32
O=C(Cc1nc(N2CCOCC2)cc(=O)[nH]1)N1CCc2ccc(F)cc21,CHEMBL3696301,7.46,nM,35.0,nM,35.0,AKT1,35.0,7.455931955649724,KGMRQWQVLHWQHJ-UHFFFAOYSA-N,358.3730000000001,0.8774000000000002,1,5,0,78.53,3,26
NC1(c2ccc(-c3nc4n(c3-c3ccccc3)COc3cccnc3-4)cc2)CCC1,CHEMBL3701744,7.46,nM,35.0,nM,35.0,AKT1,35.0,7.455931955649724,OJDUFGUBGALBQS-UHFFFAOYSA-N,394.4780000000002,4.966900000000003,1,4,0,65.96,3,30
Cl.Cn1nccc1-c1cc(F)c(C(=O)N[C@@H]2CNCC[C@H]2c2ccc(F)cc2)cc1F,CHEMBL4877044,7.45,nM,35.3,nM,35.3,AKT1,35.3,7.452225294612178,CVKOBAVAJHQRLH-MGPUTAFESA-N,450.8920000000001,3.801700000000003,2,3,0,58.95,4,31
Cn1ncc(Br)c1-c1coc(C(=O)N[C@@H]2CNCC[C@H]2c2ccc(Cl)cc2)c1,CHEMBL4465905,7.45,nM,35.6,nM,35.6,AKT1,35.6,7.448550002027125,JMUUKIJCWQYIAF-DOTOQJQBSA-N,463.76300000000015,3.9715000000000025,2,4,0,72.09,4,28
COc1ccc(C2(C(=O)N3CCN(c4ncnc5[nH]ccc45)CC3)CCNCC2)cc1,CHEMBL4217489,7.45,nM,35.6,nM,35.6,AKT1,35.6,7.448550002027125,NVKCDDVXYUDWDM-UHFFFAOYSA-N,420.5170000000002,1.9364999999999988,2,6,0,86.38,4,31
NC1(c2ccc(-c3nn4c(-c5ccc(F)cc5)cnc4cc3-c3ccccc3)cc2)CCC1,CHEMBL3672484,7.44,nM,36.0,nM,36.0,AKT1,36.0,7.443697499232712,SEXXGXSTVONFAY-UHFFFAOYSA-N,434.51800000000026,6.2073000000000045,1,3,1,56.209999999999994,4,33
NC1(c2ccc(-c3nc4ccc(Cl)cn4c3-c3ccccc3)cc2)CCC1,CHEMBL3703131,7.44,nM,36.0,nM,36.0,AKT1,36.0,7.443697499232712,NSVGZPTZQRHMMS-UHFFFAOYSA-N,373.88700000000017,5.659600000000003,1,2,1,43.31999999999999,3,27
COc1ccc2nc(-c3ccc(C4(N)CCC4)cc3)c(-c3ccccc3)n2c1,CHEMBL3699696,7.44,nM,36.0,nM,36.0,AKT1,36.0,7.443697499232712,DBJSYPFMXMIPHU-UHFFFAOYSA-N,369.468,5.014800000000005,1,3,1,52.55,4,28
Cl.NCc1ccc(-n2c(-c3cccnc3N)nc3cc(-c4cccnc4)cnc32)cc1,CHEMBL4550916,7.44,nM,36.0,uM,0.036,AKT1,36.0,7.443697499232712,VKUXFBDGKNYZCC-UHFFFAOYSA-N,429.91500000000013,4.007200000000002,2,6,0,108.53,4,31
CC(=O)c1ccc2nc(-c3ccc(C4(N)CCC4)cc3)c(-c3ccccc3)n2n1,CHEMBL5986276,7.44,nM,36.0,nM,36.0,AKT1,36.0,7.443697499232712,KIGVYDFSOUPLKC-UHFFFAOYSA-N,382.46700000000004,4.603800000000004,1,4,0,73.28,4,29
N#CCc1ccc(Nc2nccc(Nc3cc(C4CC4)[nH]n3)n2)cc1,CHEMBL1235645,7.44,nM,36.2,nM,36.2,AKT1,36.2,7.441291429466834,YRRRHSNOXWKVDL-UHFFFAOYSA-N,331.38300000000004,3.6303800000000006,3,6,0,102.31,6,25
CC(C)c1cc(-c2cn(CCN3CCC3)c(C3CCN(c4ncnc(N)c4C(N)=O)CC3)n2)ccn1,CHEMBL3928144,7.43,nM,37.0,nM,37.0,AKT1,37.0,7.431798275933005,PNEGFSYBATWTOZ-UHFFFAOYSA-N,489.6280000000002,2.6293000000000006,2,8,0,132.07999999999998,8,36
O=C(Cc1nc(N2CCOCC2)cc(=O)n1C1CC1)N1CCc2c(Cl)cccc21,CHEMBL3914529,7.43,nM,37.0,nM,37.0,AKT1,37.0,7.431798275933005,WUSXRVTXKQMGGM-UHFFFAOYSA-N,414.8930000000002,2.1999999999999993,0,5,0,67.67,4,29
Cc1c[nH]c2ncnc(N3CCC(N)(CNC(=O)c4cccc(F)c4)C3)c12,CHEMBL1171672,7.42,nM,38.0,nM,38.0,AKT1,38.0,7.42021640338319,VCIBCCHKEUKULK-UHFFFAOYSA-N,368.41600000000005,1.74302,3,5,0,99.93,4,27
CC(C)(C)NC(c1ccc(Cl)cc1)c1ccc(-c2cn[nH]c2)cc1,CHEMBL3112595,7.42,nM,38.0,uM,0.038,AKT1,38.0,7.42021640338319,PCJDDIHNGFLMPX-UHFFFAOYSA-N,339.87,5.207600000000005,2,2,1,40.71,4,24
NC[C@@](O)(c1ccc(Cl)cc1)c1ccc(-c2cn[nH]c2)cc1,CHEMBL3544960,7.42,nM,38.0,nM,38.0,AKT1,38.0,7.42021640338319,IIRWNGPLJQXWFJ-KRWDZBQOSA-N,313.78799999999995,2.9247000000000005,3,3,0,74.93,4,22
COC(=O)c1ccc2nc(-c3ccc(C4(N)CCC4)cc3)c(-c3ccccc3)n2n1,CHEMBL5741832,7.42,nM,38.0,nM,38.0,AKT1,38.0,7.42021640338319,MTTJWHNDKYRPPD-UHFFFAOYSA-N,398.466,4.187800000000002,1,5,0,82.50999999999999,4,30
Nc1ncnc(N2CCC(c3nc(-c4ccc(F)c(C(F)(F)F)c4)cn3CC3CCN3)CC2)c1Cl,CHEMBL3896152,7.42,nM,38.0,nM,38.0,AKT1,38.0,7.42021640338319,FSQLPFIYROJSSI-UHFFFAOYSA-N,509.9390000000002,4.479500000000003,2,6,1,84.89000000000001,5,35
Cc1n[nH]c2ccc(-c3nnc(NC[C@@H](N)Cc4cccc(F)c4)s3)cc12,CHEMBL1076553,7.42,nM,38.0,nM,38.0,AKT1,38.0,7.42021640338319,GJYYNOOZSHSFLL-HNNXBMFYSA-N,382.468,3.5108200000000007,3,6,0,92.50999999999999,6,27
CCOCCN(C[C@@H](O)CN1CCCC2(CCN(c3ncnc4ccccc34)C2)C1)S(=O)(=O)c1c(C)cccc1C,CHEMBL1760762,7.42,nM,38.0,uM,0.038,AKT1,38.0,7.42021640338319,ABPGHPHYGKUEIO-PAMMARIWSA-N,581.7830000000001,3.6272400000000014,1,8,1,99.1,11,41
CCN(CC)CC1CN(C(=O)Cc2nc(N3CCOCC3)cc(=O)[nH]2)c2ccccc21,CHEMBL3639986,7.42,nM,38.0,nM,38.0,AKT1,38.0,7.42021640338319,LQOLIQZWICBAKX-UHFFFAOYSA-N,425.5330000000002,1.6212000000000009,1,6,0,81.76999999999998,7,31
NC(=O)/C=C/c1cnc2cc(-c3ccccc3)c(-c3ccc(C4(N)CCC4)cc3)nn12,CHEMBL3672509,7.42,nM,38.0,nM,38.0,AKT1,38.0,7.42021640338319,KCKDQEVZBYMBAK-VAWYXSNFSA-N,409.4930000000002,3.899700000000002,2,4,0,99.3,5,31
Cc1cc(C)c(C[C@H](N)COc2cncc(-c3cc4c(C)n[nH]c4cn3)c2)c(C)c1,CHEMBL572417,7.41,nM,39.0,nM,39.0,AKT1,39.0,7.4089353929735005,LKGYOMNCBCJAAC-IBGZPJMESA-N,401.5140000000001,4.2023800000000024,2,5,0,89.71,6,30
N=c1ccc2nc(-c3ccc(C4(NC(=O)Cc5cccnc5)CCC4)cc3)c(-c3ccccc3)cc2n1C(N)=O,CHEMBL3679634,7.41,nM,39.0,nM,39.0,AKT1,39.0,7.4089353929735005,FMFQPADNNUZVJK-UHFFFAOYSA-N,528.6160000000003,4.909670000000004,3,5,1,126.75,6,40
Cc1cccc(NC(=O)Cc2nc(N3CCOCC3)cc(=O)[nH]2)c1,CHEMBL2151919,7.41,nM,39.0,nM,39.0,AKT1,39.0,7.4089353929735005,DDXPRTGQPKUVPV-UHFFFAOYSA-N,328.372,1.0961199999999995,2,5,0,87.32,4,24
Cc1cc(C)c(C[C@H](N)COc2cncc(-c3ccc4[nH]nc(C)c4c3)c2)c(C)c1,CHEMBL227051,7.41,nM,39.0,nM,39.0,AKT1,39.0,7.4089353929735005,OXLXYCXLRBZDGD-NRFANRHFSA-N,400.5260000000001,4.807380000000004,2,4,0,76.82,6,30
COc1cc2cnccc2cc1C(=O)NC(c1ccc(Cl)c(Cl)c1)C1CCNCC1,CHEMBL1823649,7.41,nM,39.0,uM,0.039,AKT1,39.0,7.4089353929735005,MJONRYHHUGUWTD-UHFFFAOYSA-N,444.3620000000002,5.020900000000005,2,4,1,63.25,5,30
CC1Cc2ccc(F)cc2N1C(=O)Cc1nc(N2CCOCC2)c(F)c(=O)[nH]1,CHEMBL3890103,7.4,nM,40.0,nM,40.0,AKT1,40.0,7.3979400086720375,GBOCWNWQSLCMBT-UHFFFAOYSA-N,390.3900000000002,1.4049999999999998,1,5,0,78.53,3,28
O=C(NC(c1ccc(Cl)c(F)c1)C1CCNCC1)c1ccc2cnccc2c1,CHEMBL1823641,7.4,nM,40.0,uM,0.04,AKT1,40.0,7.3979400086720375,MUHSEKFDAVMYHO-UHFFFAOYSA-N,397.8810000000001,4.498000000000003,2,3,0,54.02,4,28
CCOCCN(C[C@@H](O)CN1CCCC2(CCc3cc(O)ccc3O2)C1)S(=O)(=O)c1c(C)cccc1C,CHEMBL1761085,7.4,nM,40.0,uM,0.04,AKT1,40.0,7.3979400086720375,KDVVGAZDAXSUBA-ALLRNTDFSA-N,532.7030000000002,3.256940000000002,2,7,1,99.53999999999999,10,37
NC(CNC(=O)c1cc(Br)c(-c2ccnc3[nH]ccc23)s1)c1ccccc1,CHEMBL512148,7.4,nM,40.0,nM,40.0,AKT1,40.0,7.3979400086720375,KBDZNPZEVVOHHM-UHFFFAOYSA-N,441.3540000000001,4.483700000000002,3,4,0,83.79999999999998,5,27
N[C@H](CNc1nnc(-c2ccc3[nH]ncc3c2)s1)Cc1ccc(Cl)cc1Cl,CHEMBL1076581,7.4,nM,40.0,nM,40.0,AKT1,40.0,7.3979400086720375,QGBOALFDSLDKNK-AWEZNQCLSA-N,419.34100000000024,4.370100000000002,3,6,0,92.51,6,27
O=C1NC(=O)C(Cc2ccc3nccc(-c4ccncc4)c3c2)S1,CHEMBL5565411,7.4,nM,40.0,nM,40.0,AKT1,40.0,7.3979400086720375,CIYSXNZXVUDYKU-UHFFFAOYSA-N,335.38800000000003,3.190900000000002,1,5,0,71.95,3,24
N[C@H](CCc1cc(-c2ccc3cnccc3c2)no1)Cc1ccc(C(F)(F)F)cc1,CHEMBL1081105,7.4,nM,40.0,nM,40.0,AKT1,40.0,7.3979400086720375,HZEDOBNROFBZAQ-HXUWFJFHSA-N,411.4270000000001,5.411200000000004,1,4,1,64.94,6,30
O=C(NC(c1ccc(Cl)c(Cl)c1)C1CCNCC1)c1ccc2cnccc2c1,CHEMBL1823643,7.4,nM,40.0,uM,0.04,AKT1,40.0,7.3979400086720375,IACORONISGFLON-UHFFFAOYSA-N,414.3360000000001,5.012300000000003,2,3,1,54.02,4,28
Cn1ncc(Cl)c1-c1oc(C(=O)N[C@@H]2CNCC[C@H]2c2ccc(Cl)cc2)cc1Br,CHEMBL4583911,7.4,nM,40.0,nM,40.0,AKT1,40.0,7.3979400086720375,IIGPWTMGAMGZFP-XJKSGUPXSA-N,498.20800000000014,4.624900000000004,2,4,0,72.09,4,29
NCC(NC(=O)c1cc(-c2ccnc3[nH]ccc23)cs1)c1ccccc1,CHEMBL512672,7.4,nM,40.0,nM,40.0,AKT1,40.0,7.3979400086720375,FRSCXNVIGBMZPG-UHFFFAOYSA-N,362.4580000000001,3.7212000000000023,3,4,0,83.79999999999998,5,26
NC1(c2ccc(-c3nc4c5cc(Br)ccc5nn4cc3-c3ccccc3)cc2)CCC1,CHEMBL3672536,7.39,nM,41.0,nM,41.0,AKT1,41.0,7.3872161432802645,BRQRBRMXOMGFSA-UHFFFAOYSA-N,469.38600000000025,6.316900000000004,1,3,1,56.209999999999994,3,31
O=C(Cc1nc(N2CCOCC2)cc(=O)[nH]1)N1CCCc2c(Cl)cccc21,CHEMBL3699793,7.39,nM,41.0,nM,41.0,AKT1,41.0,7.3872161432802645,APMNZBNRUPQECN-UHFFFAOYSA-N,388.8550000000002,1.7817999999999996,1,5,0,78.53,3,27
NC1(C(=O)NC(c2ccccc2)c2ccc(Cl)cc2)CCN(c2ncnc3[nH]ccc23)CC1,CHEMBL2325984,7.39,nM,41.0,nM,41.0,AKT1,41.0,7.3872161432802645,LEFZGZYEAILDKJ-UHFFFAOYSA-N,460.9690000000003,3.8148000000000017,3,5,0,99.93,5,33
C[C@H]1Cc2ccccc2N1C(=O)Cc1nc(N2CCOCC2)cc(=S)n1C,CHEMBL3964814,7.39,nM,41.0,nM,41.0,AKT1,41.0,7.3872161432802645,UBSOPOINCBHRFG-AWEZNQCLSA-N,384.50500000000005,2.5064900000000003,0,5,0,50.6,3,27
CNC(=O)Nc1ccc(CNc2c(C(=O)Nc3ccc4c(c3)OC(F)(F)C(F)(F)O4)cnn2C)cn1,CHEMBL247619,7.39,nM,41.0,nM,41.0,AKT1,41.0,7.3872161432802645,MEQSMKIFBMBPQX-UHFFFAOYSA-N,509.42000000000013,3.387600000000001,4,7,1,131.43,6,36
CCOCCN(C[C@@H](O)CN1CCCC2(CCN(c3ncnc4[nH]cc(C)c34)CC2)C1)S(=O)(=O)c1c(C)cccc1C,CHEMBL1760758,7.39,nM,41.0,uM,0.041,AKT1,41.0,7.3872161432802645,ODFPLSCCVBAEFC-SANMLTNESA-N,598.8140000000002,3.6538600000000026,2,8,1,114.88999999999999,11,42
COC(=O)c1nn2c(-c3ccccc3)c(-c3ccc(C4(N)CCC4)cc3)nc2c(C)c1C,CHEMBL6001137,7.38,nM,42.0,nM,42.0,AKT1,42.0,7.376750709602099,IBSFGVZVCWQSNH-UHFFFAOYSA-N,426.5200000000003,4.804640000000004,1,5,0,82.50999999999999,4,32
O=C(Cc1nc(N2CCOCC2)cc(=O)[nH]1)N1CCc2c(-c3ccccc3Cl)cccc21,CHEMBL3971261,7.38,nM,42.0,nM,42.0,AKT1,42.0,7.376750709602099,UZJUCQIYZYMUQE-UHFFFAOYSA-N,450.9260000000002,3.0587000000000018,1,5,0,78.53,4,32
Cc1c(NCCN2CCCC2)cc(Cl)cc1N1CCN(c2ncnc3[nH]nc(Br)c23)CC1,CHEMBL2016771,7.38,nM,42.0,nM,42.0,AKT1,42.0,7.376750709602099,VPUFQSGUFCOEEC-UHFFFAOYSA-N,519.8790000000001,3.911520000000002,2,7,1,76.21000000000001,6,32
CN(C)C(=O)CC(NC(=O)C1(N)CCN(c2ncnc3[nH]ccc23)CC1)c1ccc(Cl)cc1,CHEMBL2325731,7.38,nM,42.0,nM,42.0,AKT1,42.0,7.376750709602099,LQQPFOMYANFEHH-UHFFFAOYSA-N,469.9770000000002,2.2448000000000006,3,6,0,120.24000000000001,6,33
Cc1cc(-c2cn(CCN(C)C(C)C)c(C3CCN(c4ncnc(N)c4C(N)=O)CC3)n2)ccc1F,CHEMBL3946371,7.38,nM,42.0,nM,42.0,AKT1,42.0,7.376750709602099,AXRKLNCGVDURIG-UHFFFAOYSA-N,494.61900000000026,3.192920000000001,2,7,0,119.18999999999998,8,36
CC(C)(C)c1cccc(NC(=O)Cc2nc(N3CCOCC3)cc(=O)[nH]2)c1,CHEMBL3696241,7.38,nM,42.0,nM,42.0,AKT1,42.0,7.376750709602099,DNIDQMGFVSJKSV-UHFFFAOYSA-N,370.4530000000001,2.0851999999999995,2,5,0,87.32,4,27
C[C@@H]1SCc2ncnc(N3CCN(C(=O)C(Cc4ccc(Cl)cc4)C4(N)CC4)CC3)c21,CHEMBL1632379,7.38,nM,42.0,nM,42.0,AKT1,42.0,7.376750709602099,RRVNJKCGFWBUAU-BUSXIPJBSA-N,458.0310000000003,3.436600000000001,1,6,0,75.35000000000001,5,31
Cn1c(CC(=O)N2CCc3c(Cl)cccc32)nc(N2CCOCC2)cc1=O,CHEMBL3696306,7.38,nM,42.0,nM,42.0,AKT1,42.0,7.376750709602099,IXIOWSLIYXIJDD-UHFFFAOYSA-N,388.8550000000003,1.4021,0,5,0,67.67000000000002,3,27
Cc1n[nH]c2ccc(-c3cncc(OC[C@@H](N)Cc4ccc5c(c4)OCO5)c3)cc12,CHEMBL227325,7.38,nM,42.0,nM,42.0,AKT1,42.0,7.376750709602099,IKYGJTHTAXCLMT-SFHVURJKSA-N,402.4540000000001,3.6108200000000013,2,6,0,95.28,6,30
c1ccc(-c2cn3nccc3nc2-c2ccc(CN3CCC(c4nc5cccnc5[nH]4)CC3)cc2)cc1,CHEMBL3672016,7.38,nM,42.0,nM,42.0,AKT1,42.0,7.376750709602099,WORILLZBTOUKOU-UHFFFAOYSA-N,485.59500000000025,5.714200000000005,1,5,1,75.0,5,37
Clc1c[nH]c2ncnc(N3CCc4[nH]cnc4C3)c12,CHEMBL259833,7.38,nM,42.0,nM,42.0,AKT1,42.0,7.376750709602099,YFFJXGRXFASBDL-UHFFFAOYSA-N,274.71500000000003,1.8970999999999998,2,4,0,73.49000000000001,1,19
NC1(c2ccc(-c3nc4c(Cl)cccn4c3-c3ccccc3)cc2)CCC1,CHEMBL3699721,7.37,nM,43.0,nM,43.0,AKT1,43.0,7.366531544420414,MXWXDYUJBMSKPA-UHFFFAOYSA-N,373.88700000000017,5.659600000000004,1,2,1,43.31999999999999,3,27
NC1(c2ccc(-c3nc4ccc(Cl)nn4c3-c3ccccc3)cc2)CCC1,CHEMBL5934039,7.37,nM,43.0,nM,43.0,AKT1,43.0,7.366531544420414,MPPGOQGXZVDXQF-UHFFFAOYSA-N,374.87500000000017,5.054600000000002,1,3,1,56.209999999999994,3,27
Cn1c(CC(=O)N2CCc3c(F)cccc32)nc(N2CCOCC2)cc1=O,CHEMBL3696305,7.37,nM,43.0,nM,43.0,AKT1,43.0,7.366531544420414,OMJXZMRXCULIQB-UHFFFAOYSA-N,372.40000000000026,0.8877999999999999,0,5,0,67.67000000000002,3,27
Cn1c(CC(=O)N2CCc3c(O)cccc32)nc(N2CCOCC2)cc1=O,CHEMBL3696311,7.37,nM,43.0,nM,43.0,AKT1,43.0,7.366531544420414,HUUABEHPHBBJBG-UHFFFAOYSA-N,370.4090000000003,0.4542999999999995,1,6,0,87.9,3,27
O=C(Cc1nc(N2CCOCC2)cc(=O)[nH]1)N1CCOc2c(Cl)cccc21,CHEMBL3699806,7.37,nM,43.0,nM,43.0,AKT1,43.0,7.366531544420414,MAZKDRAVPOSTGQ-UHFFFAOYSA-N,390.82700000000017,1.2279999999999995,1,6,0,87.76,3,27
Nc1ccc2ncnc(N3CCN(C(=O)[C@H](N)Cc4ccc(Cl)cc4)CC3)c2c1,CHEMBL1257629,7.37,nM,43.0,nM,43.0,AKT1,43.0,7.366531544420414,SWFOTPFEBKRYEM-GOSISDBHSA-N,410.90900000000016,2.0839999999999996,2,6,0,101.36999999999999,4,29
O=C1C[C@H]2OCC3=C(C(=O)c4ccccc4C3=O)[C@H]2O1,CHEMBL475400,7.36,nM,44.0,uM,0.044,AKT1,44.0,7.356547323513812,PQYMSDMYIOKZDF-BMIGLBTASA-N,270.24,1.0765,0,5,0,69.67,0,20
Cc1nc2nc(-c3ccc(CN4CCC(c5n[nH]c(-c6ccccn6)n5)C4)cc3)c(-c3ccccc3)cn2n1,CHEMBL3672024,7.36,nM,44.0,nM,44.0,AKT1,44.0,7.356547323513812,LHNISCKBDZUZEB-UHFFFAOYSA-N,513.6090000000002,4.936320000000004,1,7,1,100.78,6,39
Cc1ccc(-c2cnc3cc(-c4ccccc4)c(-c4ccc(C5(N)CCC5)cc4)nn23)cc1,CHEMBL3672485,7.36,nM,44.0,nM,44.0,AKT1,44.0,7.356547323513812,OPWDRFPBXPQEMG-UHFFFAOYSA-N,430.55500000000023,6.376620000000006,1,3,1,56.209999999999994,4,33
Cc1c[nH]c2ncnc(N3CCC(N)(CNC(=O)c4ccccc4F)C3)c12,CHEMBL1171501,7.36,nM,44.0,nM,44.0,AKT1,44.0,7.356547323513812,NDFULCZYGKCLLZ-UHFFFAOYSA-N,368.41600000000005,1.74302,3,5,0,99.93,4,27
NC1(c2ccc(-c3nc4ccc(Br)cn4c3-c3ccccc3)cc2)CCC1,CHEMBL3699695,7.36,nM,44.0,nM,44.0,AKT1,44.0,7.356547323513812,KKDGQLCPXPQQJS-UHFFFAOYSA-N,418.3380000000002,5.7687000000000035,1,2,1,43.31999999999999,3,27
O=C(Cc1nc(N2CCOCC2)cc(=O)[nH]1)N1CCc2c(OC(F)F)cccc21,CHEMBL3921269,7.36,nM,44.0,nM,44.0,AKT1,44.0,7.356547323513812,WWXWCDCDJXNEGY-UHFFFAOYSA-N,406.3890000000001,1.3396999999999992,1,6,0,87.76,5,29
Cc1c(Cl)nn2c(-c3ccccc3)c(-c3ccc(C4(N)CCC4)cc3)nc2c1C,CHEMBL6040992,7.36,nM,44.0,nM,44.0,AKT1,44.0,7.356547323513812,YUWLYKMYFYBHLM-UHFFFAOYSA-N,402.9290000000003,5.671440000000005,1,3,1,56.21,3,29
C=Cc1cnc2cc(-c3ccccc3)c(-c3ccc(C4(N)CCC4)cc3)nn12,CHEMBL3672510,7.36,nM,44.0,nM,44.0,AKT1,44.0,7.356547323513812,CXEKOMMCTXDDHB-UHFFFAOYSA-N,366.46800000000013,5.0442000000000045,1,3,1,56.209999999999994,4,28
CCOc1cccc2c1CCN2C(=O)Cc1nc(N2CCOCC2)cc(=O)[nH]1,CHEMBL3699784,7.36,nM,44.0,nM,44.0,AKT1,44.0,7.356547323513812,GRUWUNGDCXYBNR-UHFFFAOYSA-N,384.43600000000015,1.137,1,6,0,87.75999999999999,5,28
CNC[C@@H](Nc1nc(C)nc2c(C(N)=O)cccc12)c1cccc(F)c1,CHEMBL4854144,7.36,nM,44.0,nM,44.0,AKT1,44.0,7.356547323513812,DSLKQMBMFBKGRK-MRXNPFEDSA-N,353.40100000000007,2.548820000000001,3,5,0,92.93,6,26
C[C@H]1Cc2ccccc2N1C(=O)Cc1nc(N2CCOC(CF)C2)cc(=O)[nH]1,CHEMBL3981833,7.36,nM,44.0,nM,44.0,AKT1,44.0,7.356547323513812,HJXPEAYDDDJQJW-CFMCSPIPSA-N,386.427,1.4649,1,5,0,78.53,4,28
Nc1nc2ccc(-c3cnc(Cl)c(NS(=O)(=O)c4ccc(F)cc4)c3)cc2s1,CHEMBL1822052,7.36,nM,44.0,nM,44.0,AKT1,44.0,7.356547323513812,NCRYSHBHDZWERB-UHFFFAOYSA-N,434.9050000000001,4.533800000000001,2,6,0,97.97,4,28
Cc1c(Oc2ccc([C@H](C)N)cc2F)ccc2c1B(O)OC2,CHEMBL5797833,7.36,nM,44.1,nM,44.1,AKT1,44.1,7.355561410532162,LKHWQSZVOZRQIZ-JTQLQIEISA-N,301.12600000000003,2.1638199999999994,2,4,0,64.71000000000001,3,22
Cn1c(CC(=O)N2CC(C)(C)c3c(F)cccc32)nc(N2CCOCC2)cc1=O,CHEMBL3934544,7.35,nM,45.0,nM,45.0,AKT1,45.0,7.346787486224656,MJWXSLVMNMUZDD-UHFFFAOYSA-N,400.45400000000024,1.6229,0,5,0,67.67000000000002,3,29
CCOc1nn2c(-c3ccccc3)c(-c3ccc(C4(N)CCC4)cc3)nc2c(C)c1C,CHEMBL6010596,7.35,nM,45.0,nM,45.0,AKT1,45.0,7.346787486224656,KVLOMBKKCJWVRK-UHFFFAOYSA-N,412.5370000000003,5.416740000000005,1,4,1,65.44,5,31
CC1Cc2c(Br)cccc2N1C(=O)Cc1nc(N2CCOCC2)c(F)c(=O)[nH]1,CHEMBL3913066,7.35,nM,45.0,nM,45.0,AKT1,45.0,7.346787486224656,RXKUAPPGBFFPQL-UHFFFAOYSA-N,451.2960000000003,2.0283999999999995,1,5,0,78.53,3,28
Cc1nc2cnc3ccc(C#Cc4cccnc4)cc3c2n1-c1ccc(C(C)C#N)cc1,CHEMBL270638,7.35,nM,45.0,nM,45.0,AKT1,45.0,7.346787486224656,HFNJWNHCEQNJQQ-UHFFFAOYSA-N,413.48400000000015,5.304000000000005,0,4,1,67.39,2,32
CNC(=O)c1ccnn2c(-c3ccccc3)c(-c3ccc(C4(N)CCC4)cc3)nc12,CHEMBL5950619,7.34,nM,46.0,nM,46.0,AKT1,46.0,7.337242168318426,UUOQEWSSDMQJPI-UHFFFAOYSA-N,397.48200000000026,3.7608000000000015,2,4,0,85.31,4,30
CCc1c(N)ncnc1N1CCC(c2nc(-c3cccc(F)c3)cn2CCN2CCCC2)CC1,CHEMBL3969229,7.34,nM,46.0,nM,46.0,AKT1,46.0,7.337242168318426,OKYNDJYJBCXEFE-UHFFFAOYSA-N,463.60500000000036,4.103600000000004,1,6,0,76.10000000000001,7,34
CSc1ncc2cc(-c3ccccc3)c(-c3ccc(CNCCc4nnc(N)s4)cc3)nc2n1,CHEMBL252455,7.34,nM,46.0,nM,46.0,AKT1,46.0,7.337242168318426,ZFGVHTJRILVQEN-UHFFFAOYSA-N,485.6420000000003,4.846700000000004,2,9,0,102.5,8,34
N[C@H](Cc1ccc(Cl)cc1)C(=O)N1CCN(c2ccnc3ccccc23)CC1,CHEMBL1258101,7.34,nM,46.0,nM,46.0,AKT1,46.0,7.337242168318426,OCTVWEVIBKBYAN-LJQANCHMSA-N,394.9060000000001,3.1068000000000016,1,4,0,62.46000000000001,4,28
C=Cc1cnn(C)c1-c1ccc(C(=O)N[C@@H]2CNCC[C@H]2c2cccc(F)c2)s1.Cl,CHEMBL4467970,7.33,nM,46.9,nM,46.9,AKT1,46.9,7.328827157284917,HGZBCVRLBOKNEJ-ZWKOTPCHSA-N,446.9790000000001,4.228000000000004,2,4,0,58.95,5,30
Cc1n[nH]c2ccc(-c3cncc(OC[C@@H](N)Cc4cccc(OCCN)c4)c3)cc12,CHEMBL226798,7.33,nM,47.0,nM,47.0,AKT1,47.0,7.327902142064283,YIHJNRKBPIZIGG-FQEVSTJZSA-N,417.51300000000015,3.219620000000001,3,6,0,112.07,9,31
NC1(c2ccc(-c3nn4c(-c5ccc(S(N)(=O)=O)cc5)cnc4cc3-c3ccccc3)cc2)CCC1,CHEMBL3672488,7.33,nM,47.0,nM,47.0,AKT1,47.0,7.327902142064283,UNKBPENPVJRYCT-UHFFFAOYSA-N,495.6080000000003,4.715600000000004,2,5,0,116.36999999999999,5,36
Cc1cc(-c2cn(CCO)c(C3CCN(c4ncnc(N)c4C(N)=O)CC3)n2)ccc1F,CHEMBL3897830,7.33,nM,47.0,nM,47.0,AKT1,47.0,7.327902142064283,DZNGHHAQHVFGAF-UHFFFAOYSA-N,439.49500000000023,1.8450199999999994,3,7,0,136.18,6,32
Cl.Cn1nccc1-c1cc(F)c(C(=O)N[C@@H]2CNCC[C@H]2c2ccc(F)c(F)c2)c(Cl)c1,CHEMBL4868266,7.33,nM,47.0,nM,47.0,AKT1,47.0,7.327902142064283,JMBLTCUMGPQQFH-IFXJQAMLSA-N,485.3370000000001,4.455100000000003,2,3,0,58.95,4,32
Cc1n[nH]c2cnc(-c3cncc(OC[C@@H](N)Cc4cccc(OCCN)c4)c3)cc12,CHEMBL574979,7.33,nM,47.0,nM,47.0,AKT1,47.0,7.327902142064283,VPBJFHMKMPCMNL-SFHVURJKSA-N,418.5010000000002,2.6146200000000004,3,7,0,124.96,9,31
COC(=O)c1cccn2c(-c3ccccc3)c(-c3ccc(C4(N)CCC4)cc3)nc12,CHEMBL3699701,7.33,nM,47.0,nM,47.0,AKT1,47.0,7.327902142064283,DGPBENAULQWOSK-UHFFFAOYSA-N,397.47800000000024,4.792800000000004,1,4,0,69.62,4,30
Cc1n[nH]c2ccc(-c3nnc(NC[C@@H](N)Cc4ccccc4Cl)s3)cc12,CHEMBL1080891,7.33,nM,47.0,nM,47.0,AKT1,47.0,7.327902142064283,MEXRTWCANVVSBH-AWEZNQCLSA-N,398.92300000000006,4.025120000000001,3,6,0,92.50999999999999,6,27
CCN(CCn1cc(-c2ccc(F)c(C)c2)nc1C1CCN(c2ncnc(N)c2C(N)=O)CC1)C(C)C,CHEMBL3908761,7.32,nM,48.0,nM,48.0,AKT1,48.0,7.318758762624412,CRQZTHNNIFEKLO-UHFFFAOYSA-N,508.6460000000004,3.583020000000002,2,7,1,119.19,9,37
Cc1ccc(-c2cn(CCN3CCC3)c(C3CCN(c4ncnc(N)c4C#N)CC3)n2)cc1F,CHEMBL3965676,7.32,nM,48.0,nM,48.0,AKT1,48.0,7.318758762624412,IAQPRHKDYNIJFN-UHFFFAOYSA-N,460.5610000000002,3.3312000000000017,1,7,0,99.89,6,34
COC(=O)c1ccnn2c(-c3ccccc3)c(-c3ccc(C4(N)CCC4)cc3)nc12,CHEMBL5807246,7.32,nM,48.0,nM,48.0,AKT1,48.0,7.318758762624412,CYNXDTZDFOXQHP-UHFFFAOYSA-N,398.46600000000024,4.187800000000003,1,5,0,82.50999999999999,4,30
Cl.Cn1ncc(Cl)c1-c1cc(F)c(C(=O)N[C@@H]2CNCC[C@H]2c2ccc(F)c(F)c2)cc1F,CHEMBL4869482,7.31,nM,48.9,nM,48.9,AKT1,48.9,7.31069114087638,WWUWNOPKDLCVJA-FKIZINRSSA-N,503.32700000000017,4.594200000000003,2,3,1,58.95,4,33
CCc1cnn(C)c1-c1ccc(C(=O)N[C@@H]2CNCC[C@H]2c2cccc(F)c2)s1.Cl,CHEMBL4554198,7.31,nM,48.9,nM,48.9,AKT1,48.9,7.31069114087638,GOWLUXDLUCSHQJ-ZWKOTPCHSA-N,448.9950000000002,4.147400000000004,2,4,0,58.95,5,30
Nc1ncc(-c2ccc3nccc(-c4ccncc4)c3c2)cc1S(N)(=O)=O,CHEMBL5571102,7.31,nM,49.0,nM,49.0,AKT1,49.0,7.309803919971486,ZKVJGNWKPGDONB-UHFFFAOYSA-N,377.42900000000014,2.588399999999999,2,6,0,124.85,3,27
CCc1c(N)ncnc1N1CCC(c2nc(-c3ccc(F)c(C(N)=O)c3)cn2CCN2CCC2)CC1,CHEMBL3962465,7.31,nM,49.0,nM,49.0,AKT1,49.0,7.309803919971486,LCJCTWAUTPNXKH-UHFFFAOYSA-N,492.6030000000004,2.812400000000001,2,7,0,119.19000000000001,8,36
N#Cc1cccc2c1nn1cc(-c3ccccc3)c(-c3ccc(C4(N)CCC4)cc3)nc21,CHEMBL3672550,7.31,nM,49.0,nM,49.0,AKT1,49.0,7.309803919971486,WPAFIZJKHVLCRP-UHFFFAOYSA-N,415.5000000000002,5.426080000000004,1,4,1,80.0,3,32
O=C(Cc1nc(N2CCOCC2)cc(=O)[nH]1)Nc1cccc(C(F)(F)F)c1O,CHEMBL3699810,7.31,nM,49.0,nM,49.0,AKT1,49.0,7.309803919971486,DXJQKZBXXHANGV-UHFFFAOYSA-N,398.34100000000007,1.5120999999999996,3,6,0,107.55000000000001,4,28
Cc1n[nH]c2ccc(-c3cncc(OC[C@@H](N)Cc4c(F)cc(F)cc4Br)c3)cc12,CHEMBL376792,7.31,nM,49.0,nM,49.0,AKT1,49.0,7.309803919971486,BDYNXLQQBLVTRW-INIZCTEOSA-N,473.321,4.922820000000003,2,4,0,76.82,6,30
Cc1n[nH]c2ccc(-c3cc(OC[C@@H](N)Cc4ccccc4)cnc3-c3ccsc3)cc12,CHEMBL604060,7.3,nM,50.0,uM,0.05,AKT1,50.0,7.301029995663981,VPHOSYHDFSVNET-NRFANRHFSA-N,440.57200000000006,5.610620000000004,2,5,1,76.82,7,32
CCn1c(-c2nonc2N)nc2c(C#CCCO)ncc(OCCCN)c21,CHEMBL493875,7.3,nM,50.0,uM,0.05,AKT1,50.0,7.301029995663981,BNYVNKCEEQZWJL-UHFFFAOYSA-N,371.4010000000002,0.5448999999999994,3,9,0,151.13000000000002,7,27
NCC(NC(=O)c1cc(-c2ccccc2)c(-c2ccnc3[nH]ccc23)s1)c1ccccc1,CHEMBL470200,7.3,nM,50.0,nM,50.0,AKT1,50.0,7.301029995663981,NOROMZLDWXCWKI-UHFFFAOYSA-N,438.5560000000001,5.388200000000004,3,4,1,83.79999999999998,6,32
COc1c(F)ccc(NC(=O)Cc2nc(N3CCOCC3)cc(=O)[nH]2)c1F,CHEMBL3696274,7.3,nM,50.0,nM,50.0,AKT1,50.0,7.301029995663981,NUWAGCLTVYNCLK-UHFFFAOYSA-N,380.3510000000001,1.0745,2,6,0,96.54999999999998,5,27
Nc1ncccc1-c1nc2ccc(-c3cccnc3)nc2n1-c1ccc(CC(=O)Nc2ccccc2)cc1,CHEMBL2177829,7.3,nM,50.0,uM,0.05,AKT1,50.0,7.301029995663981,ZGLFXQWORRZAMQ-UHFFFAOYSA-N,497.56200000000024,5.307900000000003,2,6,1,111.60999999999999,6,38
O=S(=O)(Nc1cc(-c2ccc3nccn3n2)cnc1Cl)c1ccc(F)cc1,CHEMBL1822056,7.3,nM,50.0,nM,50.0,AKT1,50.0,7.301029995663981,WEIYGNUYMJRNTA-UHFFFAOYSA-N,403.8260000000001,3.3846000000000016,1,5,0,89.25,4,27
C[C@H](NC(=O)C1(N)CCN(c2ncnc3[nH]ccc23)CC1)c1ccc(C#N)cc1,CHEMBL5908589,7.3,nM,50.0,nM,50.0,AKT1,50.0,7.301029995663981,JJAIYQUYVGSHEH-AWEZNQCLSA-N,389.46300000000025,2.0046800000000005,3,6,0,123.72,4,29
Cc1n[nH]c2ccc(-c3cc(OC[C@@H](N)Cc4ccccc4)cnc3-c3ccccc3)cc12,CHEMBL605732,7.3,nM,50.0,uM,0.05,AKT1,50.0,7.301029995663981,JWYRAAFPDRMISU-QHCPKHFHSA-N,434.54300000000006,5.549120000000004,2,4,1,76.82,7,33
O=C(N[C@@H]1CNCC[C@H]1c1ccc(Cl)cc1)c1ccc(-c2cn[nH]c2)o1,CHEMBL4540052,7.3,nM,50.3,nM,50.3,AKT1,50.3,7.298432014944073,SGLSMWIRFLQDKA-JKSUJKDBSA-N,370.8400000000001,3.1986000000000017,3,4,0,82.95,4,26
O=C(Cc1nc(N2CCOCC2)cc(=O)[nH]1)Nc1ccc(F)cc1F,CHEMBL3696236,7.29,nM,51.0,nM,51.0,AKT1,51.0,7.292429823902063,FWPAXQYIAHBZGQ-UHFFFAOYSA-N,350.32500000000005,1.0658999999999996,2,5,0,87.32000000000001,4,25
N[C@H](Cc1ccc(Cl)c(Cl)c1)C(=O)N1CCN(c2ncnc3ccccc23)CC1,CHEMBL1258898,7.29,nM,51.0,nM,51.0,AKT1,51.0,7.292429823902063,MTTGHHGIRDNBKA-GOSISDBHSA-N,430.3390000000002,3.1552000000000016,1,5,0,75.35000000000001,4,29
NC1(c2ccc(-c3nc4n(c3-c3ccncc3)COc3ccccc3-4)cc2)CCC1,CHEMBL3701731,7.29,nM,51.0,nM,51.0,AKT1,51.0,7.292429823902063,BYUYFBPVWISNOX-UHFFFAOYSA-N,394.4780000000002,4.966900000000003,1,4,0,65.96,3,30
O=C(Cc1nc(N2CCOCC2)cc(=O)n1-c1ccccc1)N1CCc2ccccc21,CHEMBL3943531,7.29,nM,51.0,nM,51.0,AKT1,51.0,7.292429823902063,IUALSQPOYDCZRS-UHFFFAOYSA-N,416.48100000000017,2.200899999999999,0,5,0,67.67,4,31
Nc1cc2[nH]ncc2cc1-c1cncc(OC[C@@H](N)Cc2c[nH]c3ccccc23)c1,CHEMBL388729,7.29,nM,51.0,nM,51.0,AKT1,51.0,7.292429823902063,OYMSZYAYENKTBO-KRWDZBQOSA-N,398.4700000000001,3.6372000000000018,4,5,0,118.63,6,30
CCOc1cc(Cl)nn2c(-c3ccccc3)c(-c3ccc(C4(N)CCC4)cc3)nc12,CHEMBL5864280,7.29,nM,51.0,nM,51.0,AKT1,51.0,7.292429823902063,QSQQQQKVXYJBHB-UHFFFAOYSA-N,418.9280000000003,5.453300000000005,1,4,1,65.44,5,30
Cn1c(CC(=O)N2CCc3c(Br)cccc32)nc(N2CCOCC2)cc1=O,CHEMBL3699781,7.29,nM,51.0,nM,51.0,AKT1,51.0,7.292429823902063,AQSNIJYAFOANGL-UHFFFAOYSA-N,433.3060000000003,1.5111999999999999,0,5,0,67.67000000000002,3,27
CCNC(=O)c1ccc2nc(-c3ccc(C4(N)CCC4)cc3)c(-c3ccccc3)n2n1,CHEMBL5909260,7.29,nM,51.0,nM,51.0,AKT1,51.0,7.292429823902063,CDAAMDXBKKIDEB-UHFFFAOYSA-N,411.50900000000007,4.150900000000003,2,4,0,85.31,5,31
Nc1ncnc(N2CCC(c3nc(-c4ccc(F)c(C(F)(F)F)c4)cn3CCN3CCC3)CC2)c1N,CHEMBL3899565,7.29,nM,51.5,nM,51.5,AKT1,51.5,7.288192770958809,NBIUBKUPIRWCOK-UHFFFAOYSA-N,504.53600000000034,3.7521000000000013,2,7,1,102.12,6,36
O=C(N1CCN(c2ncnc3[nH]nc(Br)c23)CC1)C1(c2ccc(Br)cc2)CCNCC1,CHEMBL4292059,7.29,nM,51.9,nM,51.9,AKT1,51.9,7.284832642151542,ITPKHSDNZNVJMO-UHFFFAOYSA-N,549.2710000000002,2.847900000000001,2,6,1,90.04,3,31
COc1ncc(-c2cc3c(C)nc(N)nc3n([C@H]3CC[C@H](OCC(N)=O)CC3)c2=O)cn1,CHEMBL2375956,7.29,nM,51.9,nM,51.9,AKT1,51.9,7.284832642151542,VNSCNWLXUYATCI-HDJSIYSDSA-N,439.4760000000003,1.1333199999999997,2,9,0,161.13,6,32
CC1(C)CN(C(=O)Cc2nc(N3CCOCC3)cc(=O)[nH]2)c2cccc(F)c21,CHEMBL3981254,7.28,nM,52.0,nM,52.0,AKT1,52.0,7.2839966563652006,HZYASFRUBARTRW-UHFFFAOYSA-N,386.427,1.6124999999999998,1,5,0,78.53,3,28
N[C@H](Cc1ccc(Cl)cc1)C(=O)N1CCN(c2ncnc3c2CS(=O)(=O)C3)CC1,CHEMBL1632370,7.28,nM,52.0,nM,52.0,AKT1,52.0,7.2839966563652006,SGWVDWXKEWMGSE-MRXNPFEDSA-N,435.93700000000024,0.7770000000000001,1,7,0,109.49000000000001,4,29
NC1(c2ccc(-c3nc4c(F)cc(F)cn4c3-c3ccccc3)cc2)CCC1,CHEMBL3699751,7.28,nM,52.0,nM,52.0,AKT1,52.0,7.2839966563652006,JPXXDPHJEYOHEQ-UHFFFAOYSA-N,375.42200000000014,5.284400000000003,1,2,1,43.31999999999999,3,28
CC(C)NC[C@@H](C(=O)N1CCN(c2ncnc3c2CCC(=O)N3)CC1)c1ccc(Cl)cc1,CHEMBL5185923,7.28,nM,52.0,nM,52.0,AKT1,52.0,7.2839966563652006,IDPUNYDJJOWODU-LJQANCHMSA-N,456.9780000000003,2.4451,2,6,0,90.46000000000001,6,32
CCC1C(=O)Nc2ccc(-c3cncc(OC[C@@H](N)Cc4c[nH]c5ccccc45)c3)cc21,CHEMBL577375,7.28,nM,52.7,nM,52.7,AKT1,52.7,7.278189384787454,UZRBYHFZHKYQJZ-ZQRQZVKFSA-N,426.52000000000015,4.624400000000003,3,4,0,93.03,7,32
Cc1c(NCCN(C)C)cc(Cl)cc1N1CCN(c2ncnc3[nH]nc(Br)c23)CC1,CHEMBL2012702,7.28,nM,53.0,nM,53.0,AKT1,53.0,7.275724130399211,GPNUVUGMFDKAJH-UHFFFAOYSA-N,493.8410000000002,3.377320000000002,2,7,0,76.21000000000001,6,30
O=C(Nc1ccc(-c2nnc3n2-c2cccnc2Nc2ccccc2-3)cc1)c1ccc2c(c1)OCO2,CHEMBL3684358,7.28,nM,53.0,nM,53.0,AKT1,53.0,7.275724130399211,YQOZVLYEIBIAHK-UHFFFAOYSA-N,474.48000000000025,5.034300000000003,2,7,1,103.19000000000001,3,36
O=C(Cc1nc(N2CCOCC2)cc(=O)[nH]1)N1CCc2c(-c3cccnc3)cccc21,CHEMBL3112857,7.28,nM,53.0,nM,53.0,AKT1,53.0,7.275724130399211,GXZTVBBVCJUSKC-UHFFFAOYSA-N,417.46900000000016,1.8003000000000002,1,6,0,91.42,4,31
COC(=O)c1cc(OC)c2nc(-c3ccc(C4(N)CCC4)cc3)c(-c3ccccc3)n2c1,CHEMBL3699675,7.28,nM,53.0,nM,53.0,AKT1,53.0,7.275724130399211,CDOOEFFJOKTQAQ-UHFFFAOYSA-N,427.5040000000002,4.801400000000004,1,5,0,78.85,5,32
CC1Cc2c(F)cccc2N1C(=O)Cc1nc(N2CCOCC2)cc(=O)n1C,CHEMBL3893392,7.28,nM,53.0,nM,53.0,AKT1,53.0,7.275724130399211,NSPVLZALGIBAML-UHFFFAOYSA-N,386.42700000000025,1.2762999999999998,0,5,0,67.67,3,28
Cc1ccc2ncnc(N3CCN(C(=O)[C@H](N)Cc4ccc(Cl)cc4)CC3)c2c1,CHEMBL1257511,7.27,nM,54.0,nM,54.0,AKT1,54.0,7.267606240177032,BHKMGVUUBYCNLS-LJQANCHMSA-N,409.9210000000001,2.810220000000001,1,5,0,75.35000000000001,4,29
O=C(Cc1nc(N2CCOCC2)cc(=O)[nH]1)N1CCc2c(OC(F)(F)F)cccc21,CHEMBL3112854,7.27,nM,54.0,nM,54.0,AKT1,54.0,7.267606240177032,NWRXYTMCKVBTKP-UHFFFAOYSA-N,424.37900000000013,1.6368999999999991,1,6,0,87.76,4,30
CS(=O)(=O)c1nc2nc(-c3ccc(CN4CCC(c5n[nH]c(-c6ccccn6)n5)CC4)cc3)c(-c3ccccc3)cn2n1,CHEMBL3672089,7.27,nM,54.0,nM,54.0,AKT1,54.0,7.267606240177032,KHSLMVKNPXOWDM-UHFFFAOYSA-N,591.7010000000001,4.4215000000000035,1,9,1,134.92000000000002,7,43
CCN(CC)CCn1cc(-c2ccc(F)c(C)c2)nc1C1CCN(c2ncnc(N)c2C(N)=O)CC1,CHEMBL3976090,7.26,nM,55.0,nM,55.0,AKT1,55.0,7.259637310505756,QXMBNIYWZKBDJJ-UHFFFAOYSA-N,494.61900000000037,3.1945200000000007,2,7,0,119.19,9,36
CC(=O)c1ccc2nc(-c3ccc(C4(N)CCC4)cc3)c(-c3ccccc3)n2c1,CHEMBL3703135,7.26,nM,55.0,nM,55.0,AKT1,55.0,7.259637310505756,NTBZGYRYZJXCHI-UHFFFAOYSA-N,381.47900000000004,5.2088000000000045,1,3,1,60.39,4,29
CC1Cc2cc(F)ccc2N1C(=O)Cc1nc(N2CCOCC2)c(F)c(=O)n1C,CHEMBL3896311,7.26,nM,55.0,nM,55.0,AKT1,55.0,7.259637310505756,KLBZAJUWWYWWDK-UHFFFAOYSA-N,404.41700000000026,1.4153999999999998,0,5,0,67.67,3,29
CC1Cc2c(Cl)cccc2N1C(=O)Cc1nc(N2CCOCC2)cc(=O)n1C,CHEMBL3908482,7.26,nM,55.0,nM,55.0,AKT1,55.0,7.259637310505756,XMQJMBYTKNDURO-UHFFFAOYSA-N,402.88200000000023,1.7905999999999993,0,5,0,67.67,3,28
C[C@@H]1Cc2ccccc2N1C(=O)Cc1nc(N2CCOCC2)c(Cl)c(=O)[nH]1,CHEMBL3981502,7.26,nM,55.0,nM,55.0,AKT1,55.0,7.259637310505756,FFFILOSSDUZAHZ-GFCCVEGCSA-N,388.8550000000001,1.7802,1,5,0,78.53,3,27
OCc1cnn2cc(-c3c(F)cccc3F)c(-c3ccc(CN4CC(c5n[nH]c(-c6ccccn6)n5)C4)cc3)nc12,CHEMBL3672094,7.26,nM,55.0,nM,55.0,AKT1,55.0,7.259637310505756,NKFREIUXOLOXHW-UHFFFAOYSA-N,550.5730000000002,4.613300000000004,2,7,1,108.12,7,41
CC(C)NC[C@@H](C(=O)N1CCN(c2ncnc3c2[C@H](C)CC(=O)N3)CC12CC2)c1ccc(Cl)cc1,CHEMBL5174965,7.26,nM,55.0,nM,55.0,AKT1,55.0,7.259637310505756,MLQQEZBDGZMPOB-YLJYHZDGSA-N,497.04300000000035,3.5387000000000013,2,6,0,90.46000000000001,6,35
Cc1cc(-c2cn(CC3CN(CO)C3)c(C3CCN(c4ncnc(N)c4C(C)C)CC3)n2)ccc1F,CHEMBL3974777,7.25,nM,56.0,nM,56.0,AKT1,56.0,7.251811972993799,OYHQDBOKPCRZLQ-UHFFFAOYSA-N,493.6310000000002,3.7588200000000027,2,7,0,96.33,7,36
COCCOc1ccccc1NC(=O)Cc1nc(N2CCOCC2)cc(=O)[nH]1,CHEMBL3696310,7.25,nM,56.0,nM,56.0,AKT1,56.0,7.251811972993799,GYIFSRRSTJBSLA-UHFFFAOYSA-N,388.4240000000002,0.8129,2,7,0,105.78,8,28
CCOc1cc(NCCN2CCCC2)c(C)c(N2CCN(c3ncnc4[nH]nc(Br)c34)CC2)c1,CHEMBL2016885,7.25,nM,56.0,nM,56.0,AKT1,56.0,7.251811972993799,HNGORDVZNLENER-UHFFFAOYSA-N,529.4870000000001,3.6568200000000024,2,8,1,85.44000000000001,8,34
NC1(c2ccc(-c3nc4c(OCc5ccccc5)cc(Cl)nn4c3-c3ccccc3)cc2)CCC1,CHEMBL5868360,7.25,nM,56.0,nM,56.0,AKT1,56.0,7.251811972993799,DILZNTCHWBDQQB-UHFFFAOYSA-N,480.99900000000025,6.633600000000005,1,4,1,65.44,6,35
c1ccc(-c2cn3ccnc3nc2-c2ccc(CN3CCC(c4nc5cccnc5[nH]4)CC3)cc2)cc1,CHEMBL3672010,7.25,nM,56.0,nM,56.0,AKT1,56.0,7.251811972993799,JCDVPPQJBRAPJR-UHFFFAOYSA-N,485.59500000000025,5.714200000000005,1,5,1,75.0,5,37
COC(=O)c1c(C)nc(NNC(=O)c2cccc3c(=O)c4ccccc4[nH]c23)nc1-c1ccccc1,CHEMBL4172716,7.25,nM,56.0,nM,56.0,AKT1,56.0,7.251811972993799,UMXWPDTUQZDIAA-UHFFFAOYSA-N,479.4960000000002,3.9902200000000025,3,7,0,126.06999999999998,5,36
Cc1c[nH]c2ncnc(N3CCC(N)(CNC=O)C3)c12,CHEMBL1173384,7.25,nM,56.0,nM,56.0,AKT1,56.0,7.251811972993799,HJKJOITUNKJRKI-UHFFFAOYSA-N,274.32800000000003,-0.08007999999999921,3,5,0,99.93,4,20
C[C@H]1Cc2ccccc2N1C(=O)Cc1nc(N2CCOCC2)c(Br)c(=O)[nH]1,CHEMBL3950856,7.25,nM,56.0,nM,56.0,AKT1,56.0,7.251811972993799,JLUASIKJOXWFAC-LBPRGKRZSA-N,433.30600000000004,1.8893,1,5,0,78.53,3,27
CCn1c(-c2nonc2N)nc2cncc(OCC3CCNCC3)c21,CHEMBL521823,7.25,nM,56.0,uM,0.056,AKT1,56.0,7.251811972993799,FIFFDYNJQGROBO-UHFFFAOYSA-N,343.39100000000013,1.4617999999999998,2,8,0,116.91000000000001,5,25
N[C@H](COc1cncc(-c2ccc3cnc(C#Cc4ccccc4)cc3c2)c1)Cc1c[nH]c2ccccc12,CHEMBL378211,7.25,nM,56.0,nM,56.0,AKT1,56.0,7.251811972993799,QMDHVOZWIUMWGL-LJAQVGFWSA-N,494.5980000000002,6.126700000000004,2,4,1,76.82,6,38
Cc1nc(N)nc2c1cc(-c1cnc3ccccc3c1)c(=O)n2[C@H]1CC[C@H](OCC(N)=O)CC1,CHEMBL2375953,7.25,nM,56.8,nM,56.8,AKT1,56.8,7.245651664288981,GRHRLQVZBUMCGW-IYARVYRRSA-N,458.5220000000004,2.8829200000000004,2,7,0,139.01,5,34
N[C@H](COc1cncc(-c2ccc3cnc(-c4ccco4)cc3c2)c1)Cc1c[nH]c2ccccc12,CHEMBL210333,7.24,nM,57.0,nM,57.0,AKT1,57.0,7.2441251443275085,ZISFYLSXHJJWFZ-DEOSSOPVSA-N,460.5370000000002,5.986900000000004,2,5,1,89.96000000000001,7,35
C[C@H]1CN(C(=O)Cc2nc(N3CCOCC3)cc(=O)[nH]2)c2ccccc21,CHEMBL3699811,7.24,nM,57.0,nM,57.0,AKT1,57.0,7.2441251443275085,CBPIBWZOJGKQSF-ZDUSSCGKSA-N,354.41,1.2992999999999995,1,5,0,78.53,3,26
CC1CN(C(=O)Cc2nc(N3CCOCC3)cc(=O)[nH]2)c2cccc(O)c21,CHEMBL3970508,7.24,nM,57.0,nM,57.0,AKT1,57.0,7.2441251443275085,MMIAEDZUIQQZRC-UHFFFAOYSA-N,370.40900000000005,1.0048999999999997,2,6,0,98.76,3,27
O=C(Cc1nc(N2CCOCC2)cc(=O)[nH]1)N1CCc2c(F)cc(F)cc21,CHEMBL3696298,7.24,nM,57.0,nM,57.0,AKT1,57.0,7.2441251443275085,QZZGLRFGNXJOJA-UHFFFAOYSA-N,376.3630000000001,1.0164999999999997,1,5,0,78.53,3,27
O=C1C[C@H]2O[C@H](c3cccs3)C3=C(C(=O)c4ccccc4C3=O)[C@H]2O1,CHEMBL475401,7.24,nM,57.0,uM,0.057,AKT1,57.0,7.2441251443275085,DIJUJQGZFMHBOT-RIPJAXHCSA-N,352.3670000000001,2.8793000000000006,0,6,0,69.67,1,25
Cc1n[nH]c2ccc(-c3cncc(OC[C@@H](N)Cc4cc(C(F)(F)F)cc(C(F)(F)F)c4)c3)cc12,CHEMBL226626,7.24,nM,57.0,nM,57.0,AKT1,57.0,7.2441251443275085,GCVLRYZKRKMULB-IBGZPJMESA-N,494.439,5.919720000000003,2,4,1,76.82,6,35
Cn1nccc1-c1ccc(C(=O)N[C@@H]2CNCC[C@H]2c2ccc(F)c(F)c2)cn1,CHEMBL4528834,7.24,nM,57.7,nM,57.7,AKT1,57.7,7.238824186844268,PSFSTWKZCSDXEM-HNAYVOBHSA-N,397.42900000000003,2.6358000000000006,2,4,0,71.84,4,29
NC1(c2ccc(-c3nc4c(-c5cc[nH]n5)cc(C(=O)O)nn4c3-c3ccccc3)cc2)CCC1,CHEMBL5980193,7.24,nM,58.0,nM,58.0,AKT1,58.0,7.236572006437063,XQVPXNJBAWQJKJ-UHFFFAOYSA-N,450.50200000000024,4.489500000000003,3,5,0,122.19,5,34
NC(=O)c1cccn2c(-c3ccccc3)c(-c3ccc(C4(N)CCC4)cc3)nc12,CHEMBL3703156,7.24,nM,58.0,nM,58.0,AKT1,58.0,7.236572006437063,SNTBNZPFJQCQAZ-UHFFFAOYSA-N,382.4670000000002,4.105100000000003,2,3,0,86.41,4,29
Cc1cc(C)c2nc(-c3ccc(C4(N)CCC4)cc3)c(-c3ccccc3)n2c1,CHEMBL3699749,7.24,nM,58.0,nM,58.0,AKT1,58.0,7.236572006437063,LVTQHLVNUOPPGX-UHFFFAOYSA-N,367.49600000000004,5.623040000000005,1,2,1,43.31999999999999,3,28
Cc1cc(F)ccc1NC(=O)Cc1nc(N2CCOCC2)cc(=O)[nH]1,CHEMBL3696249,7.24,nM,58.0,nM,58.0,AKT1,58.0,7.236572006437063,NTAOIWALWNRWCN-UHFFFAOYSA-N,346.3620000000001,1.2352199999999995,2,5,0,87.32,4,25
Cc1c[nH]c2ncnc(N3CCC(N)(CNC(=O)Cl)C3)c12,CHEMBL1171299,7.24,nM,58.0,nM,58.0,AKT1,58.0,7.236572006437063,ORWBSTVTJQRZPZ-UHFFFAOYSA-N,308.773,1.1223199999999998,3,5,0,99.93,3,21
CC(C)NC[C@@H](C(=O)N1CCN(c2ncnc3c2CC(C)C(=O)N3)CC1)c1ccc(Cl)cc1.Cl,CHEMBL5187546,7.24,nM,58.0,nM,58.0,AKT1,58.0,7.236572006437063,KJYUOIUFXMFLLE-OTOKDRCRSA-N,507.4660000000002,3.112900000000001,2,6,1,90.46000000000001,6,34
N[C@H](COc1cncc(-c2cc3c(Cl)n[nH]c3cn2)c1)Cc1ccccc1,CHEMBL226332,7.23,nM,59.0,nM,59.0,AKT1,59.0,7.229147988357855,ZAMACYCHJDCXFC-HNNXBMFYSA-N,379.8510000000001,3.6221000000000023,2,5,0,89.71,6,27
NC1(C(=O)N[C@@H](CCO)c2ccccc2)CCN(c2ncnc3[nH]ccc23)CC1,CHEMBL6028902,7.23,nM,59.0,nM,59.0,AKT1,59.0,7.229147988357855,HYYVEFPBXJPOAZ-KRWDZBQOSA-N,394.47900000000016,1.4954999999999996,4,6,0,120.16,6,29
COc1ccc(-c2cn(CCN3CCC3)c(C3CCN(c4ncnc(N)c4C#N)CC3)n2)cc1F,CHEMBL3948379,7.23,nM,59.0,nM,59.0,AKT1,59.0,7.229147988357855,NVNKWJJSRWQTOL-UHFFFAOYSA-N,476.5600000000002,3.0313800000000013,1,8,0,109.11999999999999,7,35
Cn1c(CC(=O)N2CCc3c(OC(F)F)cccc32)nc(N2CCOCC2)cc1=O,CHEMBL3936766,7.22,nM,60.0,nM,60.0,AKT1,60.0,7.221848749616356,HHQFTMCALJOUMA-UHFFFAOYSA-N,420.4160000000003,1.3501,0,6,0,76.9,5,30
CC1Cc2c(OC(F)F)cccc2N1C(=O)Cc1nc(N2CCOCC2)cc(=O)n1C,CHEMBL3939903,7.22,nM,60.0,nM,60.0,AKT1,60.0,7.221848749616356,MPSKSVRATAKHNQ-UHFFFAOYSA-N,434.44300000000027,1.7385999999999997,0,6,0,76.9,5,31
COc1cccc2c1CCN2C(=O)Cc1nc(N2CCOCC2)cc(=O)[nH]1,CHEMBL3112852,7.22,nM,60.0,nM,60.0,AKT1,60.0,7.221848749616356,BIXKKBQECSTCMN-UHFFFAOYSA-N,370.40900000000016,0.7468999999999999,1,6,0,87.75999999999999,4,27
Cc1cccc(NC(=O)Cc2nc(N3CCOCC3)cc(=O)[nH]2)c1F,CHEMBL3696258,7.22,nM,60.0,nM,60.0,AKT1,60.0,7.221848749616356,MTZINMSHNSOOIP-UHFFFAOYSA-N,346.362,1.2352199999999998,2,5,0,87.32,4,25
C[C@H]1COCCN1c1nc(N2CCOC[C@@H]2C)c2ccc(-c3ccc4[nH]nc(N)c4c3)nc2n1,CHEMBL3688935,7.22,nM,60.66,nM,60.66,AKT1,60.66,7.217097594025355,QHIDGQYORMWEQS-GJZGRUSLSA-N,460.54200000000014,2.6004999999999994,2,9,0,118.30999999999999,3,34
NC(=O)c1c(N)ncnc1N1CCC(c2nc(-c3ccnc(C4CC4)c3)cn2CCN2CCC2)CC1,CHEMBL3941240,7.21,nM,61.0,nM,61.0,AKT1,61.0,7.214670164989233,KNMURETUMRHPHG-UHFFFAOYSA-N,487.6120000000004,2.3832999999999993,2,8,0,132.08,8,36
Cc1c[nH]c2ncnc(N3CCC(N)(CNC(=O)C(F)(F)F)C3)c12,CHEMBL1171485,7.21,nM,61.0,nM,61.0,AKT1,61.0,7.214670164989233,MOLLNMWNTIXBJK-UHFFFAOYSA-N,342.325,0.85242,3,5,0,99.93,3,24
COC(=O)c1ccc2nc(-c3ccc(C4(N)CCC4)cc3)c(-c3ccccc3)n2c1,CHEMBL3699713,7.21,nM,61.0,nM,61.0,AKT1,61.0,7.214670164989233,WLVBOPDJPBTRNE-UHFFFAOYSA-N,397.478,4.792800000000003,1,4,0,69.61999999999999,4,30
Cn1ncc(Cl)c1-c1cc(C(=O)NC2(c3ccc(Cl)c(Cl)c3)CCNCC2)oc1Cl,CHEMBL3805228,7.21,nM,61.0,nM,61.0,AKT1,61.0,7.214670164989233,RCHUICFLEWDCEV-UHFFFAOYSA-N,488.20200000000034,5.302400000000003,2,4,1,72.09,4,30
C[C@@H]1Cc2ccccc2N1C(=O)Cc1nc(N2CCOCC2)c(F)c(=S)[nH]1,CHEMBL3902097,7.21,nM,61.0,nM,61.0,AKT1,61.0,7.214670164989233,ZVNGTCORBWGENG-GFCCVEGCSA-N,388.468,2.6351900000000006,1,5,0,61.46,3,27
Cn1c(CC(=O)N2CCc3cc(F)c(F)cc32)nc(N2CCOCC2)cc1=O,CHEMBL3699789,7.21,nM,61.0,nM,61.0,AKT1,61.0,7.214670164989233,XEFINJXKROFCLI-UHFFFAOYSA-N,390.39000000000027,1.0268999999999997,0,5,0,67.67000000000002,3,28
Cc1cn2c(-c3ccccc3)c(-c3ccc(C4(N)CCC4)cc3)nc2c(C)n1,CHEMBL3944710,7.21,nM,61.0,nM,61.0,AKT1,61.0,7.214670164989233,ABSMJWLNVSWMOS-UHFFFAOYSA-N,368.48400000000015,5.0180400000000045,1,3,1,56.21,3,28
CCOC(=O)c1cccn2c(-c3ccccc3)c(-c3ccc(C4(N)CCC4)cc3)nc12,CHEMBL3699719,7.21,nM,62.0,nM,62.0,AKT1,62.0,7.2076083105017466,JHQZYACKMYYVOI-UHFFFAOYSA-N,411.5050000000002,5.182900000000005,1,4,1,69.62,5,31
CNC[C@@H](Nc1ncnc2c(C(N)=O)ccnc12)c1ccc(C(F)(F)F)cc1,CHEMBL5862934,7.21,nM,62.0,nM,62.0,AKT1,62.0,7.2076083105017466,WGHYIURCWSYUIZ-CYBMUJFWSA-N,390.369,2.5151000000000012,3,6,0,105.82000000000001,6,28
CNC[C@@H](Nc1ncnc2c(C(N)=O)ccnc12)c1ccc(Cl)cc1,CHEMBL5743509,7.21,nM,62.0,nM,62.0,AKT1,62.0,7.2076083105017466,GYFXGORGMFRIOV-CYBMUJFWSA-N,356.817,2.1497,3,6,0,105.82000000000001,6,25
CCNC[C@@H](Nc1ncnc2c(C(N)=O)ccnc12)c1ccc(F)c(Cl)c1,CHEMBL5871825,7.21,nM,62.0,nM,62.0,AKT1,62.0,7.2076083105017466,SBXVQLYAJFSGES-CQSZACIVSA-N,388.83400000000006,2.6789000000000005,3,6,0,105.82000000000001,7,27
CNC[C@@H](Nc1ncnc2c(C(N)=O)ccnc12)c1cc(F)c(F)cc1F,CHEMBL6030299,7.21,nM,62.0,nM,62.0,AKT1,62.0,7.2076083105017466,KNHGAKWDTPNWIC-CYBMUJFWSA-N,376.34200000000004,1.9136000000000002,3,6,0,105.82000000000001,6,27
CCNC[C@@H](Nc1ncnc2c(C(N)=O)ccnc12)c1ccc(F)c(C(F)(F)F)c1,CHEMBL5951619,7.21,nM,62.0,nM,62.0,AKT1,62.0,7.2076083105017466,DHWNBTCMHNLLOH-CQSZACIVSA-N,422.3860000000001,3.0443000000000007,3,6,0,105.82000000000001,7,30
CN(C)C[C@@H](Nc1ncnc2c(C(N)=O)ccnc12)c1ccc(Cl)c(F)c1,CHEMBL5800405,7.21,nM,62.0,nM,62.0,AKT1,62.0,7.2076083105017466,KUSAZRMOCHQMKU-CQSZACIVSA-N,388.83400000000006,2.6310000000000002,2,6,0,97.02999999999999,6,27
CC(=O)Nc1ccc2nc(-c3ccc(C4(N)CCC4)cc3)c(-c3ccccc3)n2c1,CHEMBL3703147,7.21,nM,62.0,nM,62.0,AKT1,62.0,7.2076083105017466,LRTGOWXJKJYYGQ-UHFFFAOYSA-N,396.494,4.9646000000000035,2,3,0,72.42,4,30
CNC[C@@H](Nc1ncnc2c(C(N)=O)ccnc12)c1cc(F)cc(C(F)(F)F)c1,CHEMBL5872740,7.21,nM,62.0,nM,62.0,AKT1,62.0,7.2076083105017466,WPISBQKDNMLMTQ-CYBMUJFWSA-N,408.35900000000004,2.6542000000000012,3,6,0,105.82000000000001,6,29
NC(=O)c1cncc2c(N[C@H](CN3CCC3)c3ccc(Cl)c(C(F)(F)F)c3)ncnc12,CHEMBL5925008,7.21,nM,62.0,nM,62.0,AKT1,62.0,7.2076083105017466,ZJLNWDCGRUBNNH-MRXNPFEDSA-N,450.852,3.6548000000000016,2,6,0,97.03,6,31
CCNC[C@@H](Nc1ncnc2c(C(N)=O)ccnc12)c1ccc(Cl)c(C(F)(F)F)c1,CHEMBL5975542,7.21,nM,62.0,nM,62.0,AKT1,62.0,7.2076083105017466,BLHOWSQWLYMBGN-CQSZACIVSA-N,438.84100000000007,3.558600000000001,3,6,0,105.82000000000001,7,30
CCNC[C@@H](Nc1ncnc2c(C(N)=O)ccnc12)c1ccc(F)c(Br)c1,CHEMBL5923933,7.21,nM,62.0,nM,62.0,AKT1,62.0,7.2076083105017466,UAIDXFDMKYPNNB-CQSZACIVSA-N,433.2850000000001,2.7880000000000003,3,6,0,105.82000000000001,7,27
CCNC[C@@H](Nc1ncnc2c(C(N)=O)ccnc12)c1ccc(C(F)(F)F)c(F)c1,CHEMBL5800295,7.21,nM,62.0,nM,62.0,AKT1,62.0,7.2076083105017466,WWUPBSXHJAVSHJ-CQSZACIVSA-N,422.3860000000001,3.0443000000000007,3,6,0,105.82000000000001,7,30
NC(=O)c1ccnc2c(N[C@H](CN3CC(F)C3)c3ccc(Cl)c(C(F)(F)F)c3)ncnc12,CHEMBL6026067,7.21,nM,62.0,nM,62.0,AKT1,62.0,7.2076083105017466,KIKORUJIJYVTCX-OAHLLOKOSA-N,468.842,3.602800000000002,2,6,0,97.03,6,32
NC(=O)c1ccnc2c(N[C@H](CN3CC(O)C3)c3ccc(Cl)c(C(F)(F)F)c3)ncnc12,CHEMBL5802141,7.21,nM,62.0,nM,62.0,AKT1,62.0,7.2076083105017466,CXQJJEIROWTKBU-OAHLLOKOSA-N,466.851,2.6256000000000004,3,7,0,117.26,6,32
NC(=O)c1ccnc2c(N[C@H](CN3CCC3)c3ccc(OC(F)(F)F)c(Cl)c3)ncnc12,CHEMBL5969209,7.21,nM,62.0,nM,62.0,AKT1,62.0,7.2076083105017466,VLPDJLKNRKZBOI-CQSZACIVSA-N,466.85100000000006,3.534600000000002,2,7,0,106.26,7,32
NC(=O)c1ccnc2c(N[C@H](CN3CCC3)c3cccc(F)c3)ncnc12,CHEMBL5944890,7.21,nM,62.0,nM,62.0,AKT1,62.0,7.2076083105017466,MASCIFLRTCCXSC-OAHLLOKOSA-N,366.4,2.1216999999999997,2,6,0,97.03,6,27
CC(C)NC[C@@H](C(=O)N1CCN(c2ncnc3c2[C@H](C)CC(=O)N3)[C@@H]2C[C@@H]21)c1ccc(Cl)cc1,CHEMBL5188354,7.21,nM,62.0,nM,62.0,AKT1,62.0,7.2076083105017466,RXNPEQZHMGFNAY-XLNTUCKNSA-N,483.0160000000002,3.147000000000002,2,6,0,90.46000000000001,6,34
CNC[C@@H](Nc1ncnc2c(C(N)=O)ccnc12)c1ccc(OC(F)(F)F)c(Cl)c1,CHEMBL5766165,7.21,nM,62.0,nM,62.0,AKT1,62.0,7.2076083105017466,BBWMYRMSSYPWFM-GFCCVEGCSA-N,440.8130000000001,3.0483000000000002,3,7,0,115.05000000000001,7,30
CN(C)C[C@@H](Nc1ncnc2c(C(N)=O)ccnc12)c1ccc(F)c(C(F)(F)F)c1,CHEMBL5966641,7.21,nM,62.0,nM,62.0,AKT1,62.0,7.2076083105017466,AKPIWACCDQFGPD-CQSZACIVSA-N,422.3860000000001,2.9963999999999995,2,6,0,97.02999999999999,6,30
Cc1c[nH]c2ncnc(N3CCC(N)(CNC(=O)c4ccccc4)C3)c12,CHEMBL1171842,7.21,nM,62.0,nM,62.0,AKT1,62.0,7.2076083105017466,PYXFRCFRRKACDH-UHFFFAOYSA-N,350.42600000000004,1.6039199999999998,3,5,0,99.93,4,26
Cl.Cn1ncc(CO)c1-c1ccc(C(=O)N[C@@H]2CNCC[C@H]2c2cccc(F)c2)s1,CHEMBL4455194,7.21,nM,62.2,nM,62.2,AKT1,62.2,7.206209615309182,VOSLWRJFABCTGN-DLBZAZTESA-N,450.9670000000002,3.077300000000002,3,5,0,79.17999999999999,5,30
CCNC[C@@H](Nc1ncnc2c(C(N)=O)ccnc12)c1ccc(C(F)(F)F)c(C(F)(F)F)c1,CHEMBL5865926,7.2,nM,62.5,nM,62.5,AKT1,62.5,7.204119982655925,BAKZAXXYWZIOBK-CQSZACIVSA-N,472.3930000000001,3.9240000000000013,3,6,0,105.82000000000001,7,33
CNC[C@@H](Nc1ncnc2c(C(N)=O)ccnc12)c1ccc(Cl)c(OC(F)(F)F)c1,CHEMBL5867820,7.2,nM,62.5,nM,62.5,AKT1,62.5,7.204119982655925,NRTAMHAOVXFGRU-GFCCVEGCSA-N,440.81300000000005,3.048300000000001,3,7,0,115.05000000000001,7,30
CCNC[C@@H](Nc1ncnc2c(C(N)=O)ccnc12)c1cc(F)cc(C(F)(F)F)c1,CHEMBL5822704,7.2,nM,62.5,nM,62.5,AKT1,62.5,7.204119982655925,CJGRHBWUMPISNN-CQSZACIVSA-N,422.3860000000001,3.0443000000000007,3,6,0,105.82000000000001,7,30
CNC[C@@H](Nc1ncnc2c(C(N)=O)ccnc12)c1cc(F)c(OC)cc1F,CHEMBL5764446,7.2,nM,62.5,nM,62.5,AKT1,62.5,7.204119982655925,BUQFNWSZNUHTCI-CYBMUJFWSA-N,388.3780000000001,1.7831000000000001,3,7,0,115.05000000000001,7,28
CC(C)c1ccc([C@@H](CN2CCC2)Nc2ncnc3c(C(N)=O)ccnc23)cc1,CHEMBL5934263,7.2,nM,62.5,nM,62.5,AKT1,62.5,7.204119982655925,PJHRMEKWCRQNGA-GOSISDBHSA-N,390.4910000000001,3.1060000000000008,2,6,0,97.02999999999999,7,29
CNC[C@@H](Nc1ncnc2c(C(N)=O)ccnc12)c1ccc(Cl)c(C(F)(F)F)c1,CHEMBL6021828,7.2,nM,62.5,nM,62.5,AKT1,62.5,7.204119982655925,ZGRBCHKVLKCMMT-CYBMUJFWSA-N,424.814,3.1685000000000008,3,6,0,105.82000000000001,6,29
CNC[C@@H](Nc1ncnc2c(C(N)=O)ccnc12)c1ccc(F)c(C)c1,CHEMBL5946688,7.2,nM,62.5,nM,62.5,AKT1,62.5,7.204119982655925,XFWBJJOQQRSNJM-CQSZACIVSA-N,354.38900000000007,1.94382,3,6,0,105.82000000000001,6,26
CC(C)NC[C@@H](Nc1ncnc2c(C(N)=O)ccnc12)c1ccc(Cl)c(C(F)(F)F)c1,CHEMBL5954343,7.2,nM,62.5,nM,62.5,AKT1,62.5,7.204119982655925,CCMRNHLNEQRQPP-OAHLLOKOSA-N,452.8680000000001,3.9471000000000016,3,6,0,105.82000000000001,7,31
CNC[C@@H](Nc1ncnc2c(C(N)=O)ccnc12)c1ccc(F)c(C(F)(F)F)c1,CHEMBL5921045,7.2,nM,62.5,nM,62.5,AKT1,62.5,7.204119982655925,AZTWHOFZAXJNBR-CYBMUJFWSA-N,408.35900000000004,2.6542000000000012,3,6,0,105.82000000000001,6,29
CC(C)NC[C@@H](Nc1ncnc2c(C(N)=O)ccnc12)c1ccc(F)c(C(F)(F)F)c1,CHEMBL5975569,7.2,nM,62.5,nM,62.5,AKT1,62.5,7.204119982655925,ORFQXNMTLHYGKN-OAHLLOKOSA-N,436.41300000000007,3.4328000000000003,3,6,0,105.82000000000001,7,31
CNC[C@@H](Nc1ncnc2c(C(N)=O)ccnc12)c1ccc(F)c(Br)c1,CHEMBL5809047,7.2,nM,62.5,nM,62.5,AKT1,62.5,7.204119982655925,KCOPHUVXBZVGIC-CYBMUJFWSA-N,419.25800000000004,2.3979,3,6,0,105.82000000000001,6,26
CNC[C@@H](Nc1ncnc2c(C(N)=O)ccnc12)c1ccc(Cl)c(C)c1,CHEMBL5765842,7.2,nM,62.5,nM,62.5,AKT1,62.5,7.204119982655925,NFEUCHLZKHEEKP-CQSZACIVSA-N,370.84400000000005,2.458120000000001,3,6,0,105.82000000000001,6,26
Nc1cc(N2CCC(c3nc(-c4ccc(F)c(F)c4)cn3CCN3CCCC3)CC2)ncn1,CHEMBL3973291,7.2,nM,63.0,nM,63.0,AKT1,63.0,7.200659450546418,IJCVUIACMPFTBC-UHFFFAOYSA-N,453.54100000000034,3.6803000000000026,1,6,0,76.1,6,33
NCC(NC(=O)c1cc(-c2cn[nH]c2)c(-c2ccnc3[nH]ccc23)s1)c1ccccc1,CHEMBL470202,7.2,nM,63.0,nM,63.0,AKT1,63.0,7.200659450546418,PUBMTSUNTTWJEJ-UHFFFAOYSA-N,428.52100000000013,4.111300000000002,4,5,0,112.47999999999999,6,31
CNc1nc2nc(-c3ccc(CN4CC(c5n[nH]c(-c6ccccn6)n5)C4)cc3)c(-c3ccccc3)cn2n1,CHEMBL3672043,7.2,nM,63.0,nM,63.0,AKT1,63.0,7.200659450546418,ZHBUOHSDTGDPDK-UHFFFAOYSA-N,514.5970000000001,4.279500000000002,2,8,1,112.81,7,39
NCC(NC(=O)c1cc(-c2cccnc2)c(-c2ccnc3[nH]ccc23)s1)c1ccccc1,CHEMBL469357,7.2,nM,63.0,nM,63.0,AKT1,63.0,7.200659450546418,UBUQHYCGGSQUBW-UHFFFAOYSA-N,439.5440000000001,4.783200000000003,3,5,0,96.69,6,32
Cn1c(CC(=O)N2CCc3c2cccc3C(F)(F)F)nc(N2CCOCC2)cc1=O,CHEMBL3927896,7.2,nM,63.0,nM,63.0,AKT1,63.0,7.200659450546418,UAEXJTKMDIPBSF-UHFFFAOYSA-N,422.40700000000027,1.7675,0,5,0,67.67000000000002,3,30
Cn1c(CC(=O)Nc2ccc(F)c(I)c2)nc(N2CCOCC2)cc1=O,CHEMBL3696299,7.2,nM,63.0,nM,63.0,AKT1,63.0,7.200659450546418,QUVMANTUEJVZFV-UHFFFAOYSA-N,472.25800000000027,1.5418,1,5,0,76.46000000000001,4,26
CCn1c(-c2nonc2N)nc2c(C#CC(C)(C)O)nc(OCCCCN)cc21,CHEMBL1096636,7.2,nM,63.0,nM,63.0,AKT1,63.0,7.200659450546418,DBOKUWKNQBTKJU-UHFFFAOYSA-N,399.4550000000002,1.3235000000000001,3,9,0,151.13000000000002,7,29
NC[C@@H](Cc1ccc(Cl)cc1)C(=O)N1CCN(c2ncnc3[nH]ccc23)CC1,CHEMBL1257403,7.2,nM,63.0,nM,63.0,AKT1,63.0,7.200659450546418,IYQSFRNHWXBIKV-OAHLLOKOSA-N,398.89800000000014,2.0774999999999997,2,5,0,91.14000000000001,5,28
Cc1n[nH]c2ccc(-c3cc(OC[C@@H](N)Cc4ccccc4)cnc3-c3cc(F)cc(F)c3O)cc12,CHEMBL596379,7.2,nM,63.0,uM,0.063,AKT1,63.0,7.200659450546418,LFIQHSLBOKNHLT-FQEVSTJZSA-N,486.5220000000001,5.532920000000004,3,5,1,97.05,7,36
COC(=O)c1cn2c(-c3ccccc3)c(-c3ccc(C4(N)CCC4)cc3)nc2c(OC)n1,CHEMBL3956697,7.19,nM,64.0,nM,64.0,AKT1,64.0,7.1938200260161125,IMRGAEVOWXYACI-UHFFFAOYSA-N,428.4920000000003,4.196400000000002,1,6,0,91.74000000000001,5,32
NC1(c2ccc(-c3nc4c(-c5ccn[nH]5)cccn4c3-c3ccccc3)cc2)CCC1,CHEMBL3699747,7.19,nM,64.0,nM,64.0,AKT1,64.0,7.1938200260161125,DPQDHVZPZYLUNI-UHFFFAOYSA-N,405.5050000000002,5.396300000000004,2,3,1,72.0,4,31
N#Cc1cccn2c(-c3ccccc3)c(-c3ccc(C4(N)CCC4)cc3)nc12,CHEMBL3699683,7.19,nM,64.0,nM,64.0,AKT1,64.0,7.1938200260161125,ZATBMOVJDNGDAP-UHFFFAOYSA-N,364.45200000000017,4.877880000000004,1,3,0,67.11,3,28
NC1(c2ccc(-c3nc4cc(F)ccn4c3-c3ccccc3)cc2)CCC1,CHEMBL3699743,7.19,nM,64.0,nM,64.0,AKT1,64.0,7.1938200260161125,SFUWGIZEPMCDBL-UHFFFAOYSA-N,357.43200000000013,5.145300000000003,1,2,1,43.31999999999999,3,27
N#Cc1c(N)ncnc1N1CCC(c2nc(-c3ccc(F)c(C(F)(F)F)c3)cn2CC2CNC2)CC1,CHEMBL3957354,7.19,nM,64.5,nM,64.5,AKT1,64.5,7.1904402853647325,JYHDWNWORMYNHM-UHFFFAOYSA-N,500.50400000000025,3.5552800000000016,2,7,1,108.68,5,36
NC(=O)c1ccnn2c(-c3ccccc3)c(-c3ccc(C4(N)CCC4)cc3)nc12,CHEMBL5849922,7.19,nM,65.0,nM,65.0,AKT1,65.0,7.187086643357144,ODXGJZWJTXZHFS-UHFFFAOYSA-N,383.45500000000027,3.5001000000000015,2,4,0,99.3,4,29
CCc1ccc2nc(-c3ccc(C4(N)CCC4)cc3)c(-c3ccccc3)n2n1,CHEMBL5978129,7.19,nM,65.0,nM,65.0,AKT1,65.0,7.187086643357144,AKDHGGUMXVVNRO-UHFFFAOYSA-N,368.48400000000004,4.963600000000004,1,3,0,56.209999999999994,4,28
Cc1n[nH]c2ccc(-c3cncc(OC[C@@H](N)Cc4c(F)cccc4F)c3)cc12,CHEMBL229748,7.18,nM,65.5,nM,65.5,AKT1,65.5,7.183758700008217,CGGAUEQIORNODN-INIZCTEOSA-N,394.425,4.160320000000003,2,4,0,76.82,6,29
Cc1n[nH]c2cnc(-c3cncc(OC[C@@H](N)Cc4c(F)cccc4F)c3)cc12,CHEMBL573355,7.18,nM,65.5,nM,65.5,AKT1,65.5,7.183758700008217,UAVXYSTVJOBINZ-AWEZNQCLSA-N,395.41300000000007,3.555320000000002,2,5,0,89.71,6,29
O=C(Cc1nc(N2CCOCC2)cc(=O)[nH]1)Nc1ccc(F)c(F)c1F,CHEMBL3696269,7.18,nM,66.0,nM,66.0,AKT1,66.0,7.180456064458132,UNJZTBGNOJPCJF-UHFFFAOYSA-N,368.31500000000005,1.2049999999999996,2,5,0,87.32000000000001,4,26
O=C(Cc1nc(N2CCOCC2)cc(=O)[nH]1)N1CCc2c(-c3ccccn3)cccc21,CHEMBL3112856,7.18,nM,66.0,nM,66.0,AKT1,66.0,7.180456064458132,QYWBMAVBPPCNAD-UHFFFAOYSA-N,417.46900000000016,1.8002999999999998,1,6,0,91.42,4,31
Cn1cc(-c2ccc(F)c(C(F)(F)F)c2)nc1C1CCN(c2ncnc(N)c2Br)CC1,CHEMBL3917944,7.18,nM,66.0,nM,66.0,AKT1,66.0,7.180456064458132,SWAZPZDRQOTKRL-UHFFFAOYSA-N,499.31000000000023,4.763700000000003,1,5,0,72.86,3,31
Cl.Cn1ncc(Br)c1-c1cc(F)c(C(=O)N[C@@H]2CNCC[C@H]2c2ccc(F)c(F)c2)cc1F,CHEMBL4873815,7.18,nM,66.2,nM,66.2,AKT1,66.2,7.1791420105603,HVGOZZOXENGESS-FKIZINRSSA-N,547.7780000000002,4.703300000000003,2,3,1,58.95,4,33
O=C(N1CCN(c2ncnc3[nH]nc(Cl)c23)CC1)C1(c2ccc(Cl)cc2)CCNCC1,CHEMBL4284420,7.18,nM,66.6,nM,66.6,AKT1,66.6,7.176525770829699,KKHLYIRSRXKDMH-UHFFFAOYSA-N,460.36900000000026,2.6297000000000006,2,6,0,90.04,3,31
[O-][n+]1ccc(-c2nnc(C3CCN(Cc4ccc(-c5nc6nc(N7CCN(CCO)CC7)ncc6cc5-c5ccccc5)cc4)CC3)[nH]2)cc1,CHEMBL449200,7.17,nM,67.0,nM,67.0,AKT1,67.0,7.173925197299173,XKNUKLOVNSZOQW-UHFFFAOYSA-N,668.8060000000003,4.271200000000003,2,10,1,137.13,9,50
O=C(Cc1nc(N2CCOCC2)cc(=O)[nH]1)Nc1ccc(F)c(OC(F)(F)F)c1,CHEMBL3696270,7.17,nM,67.0,nM,67.0,AKT1,67.0,7.173925197299173,DKKSIJNUBNILRW-UHFFFAOYSA-N,416.3310000000001,1.8253999999999995,2,6,0,96.55000000000001,5,29
N#Cc1cccc(-c2ccc3nn4cc(-c5ccccc5)c(-c5ccc(C6(N)CCC6)cc5)nc4c3c2)c1,CHEMBL3672535,7.17,nM,67.0,nM,67.0,AKT1,67.0,7.173925197299173,JVTVGYGNLFKYII-UHFFFAOYSA-N,491.5980000000003,7.093080000000006,1,4,1,80.0,4,38
COCCNCCn1cc(-c2ccc(F)c(C(F)(F)F)c2)nc1C1CCN(c2ncnc(N)c2C(N)=O)CC1,CHEMBL3957688,7.17,nM,67.0,nM,67.0,AKT1,67.0,7.173925197299173,VRAXDMMWMCJWST-UHFFFAOYSA-N,550.5610000000001,2.7991,3,8,1,137.20999999999998,10,39
NC(=O)c1cc(-c2cn[nH]c2)cn2c(-c3ccccc3)c(-c3ccc(C4(N)CCC4)cc3)nc12,CHEMBL3699770,7.17,nM,67.0,nM,67.0,AKT1,67.0,7.173925197299173,FIYJBZFUABAWAP-UHFFFAOYSA-N,448.5300000000003,4.495200000000003,3,4,0,115.09,5,34
NC(=O)c1ccc2nc(-c3ccc(C4(N)CCC4)cc3)c(-c3ccccc3)n2c1,CHEMBL3699697,7.17,nM,67.0,nM,67.0,AKT1,67.0,7.173925197299173,GGNJMPIPRZOFQC-UHFFFAOYSA-N,382.46700000000004,4.105100000000003,2,3,0,86.41,4,29
CN(C)C[C@@H]1CN(C(=O)Cc2nc(N3CCOCC3)cc(=O)[nH]2)c2ccccc21,CHEMBL3699812,7.17,nM,68.0,nM,68.0,AKT1,68.0,7.167491087293763,SYULZYLLWJVGRP-OAHLLOKOSA-N,397.4790000000001,0.8410000000000006,1,6,0,81.76999999999998,5,29
CC(=O)Nc1ccnn2c(-c3ccccc3)c(-c3ccc(C4(N)CCC4)cc3)nc12,CHEMBL5970829,7.17,nM,68.0,nM,68.0,AKT1,68.0,7.167491087293763,PIVVMAIADSDMSC-UHFFFAOYSA-N,397.48200000000026,4.359600000000003,2,4,0,85.31,4,30
N[C@@H]1CCN(c2ncnc3[nH]cc(Cl)c23)C1,CHEMBL1173272,7.17,nM,68.0,nM,68.0,AKT1,68.0,7.167491087293763,KJNBPCKVXWYSHP-ZCFIWIBFSA-N,237.694,1.1486999999999994,2,4,0,70.83,1,16
Cc1nc(N)nc2c1nc(-c1cc[nH]n1)c(=O)n2C1CCOCC1,CHEMBL1258911,7.17,nM,68.0,nM,68.0,AKT1,68.0,7.167491087293763,JFQAJQVVYSVHIZ-UHFFFAOYSA-N,327.34800000000024,0.8187199999999994,2,7,0,124.60000000000001,2,24
CC(C)NC[C@@H](C(=O)N1CCN(c2ncnc3c2[C@H](C)C[C@@H]3O)CC1)c1ccc(Cl)cc1,CHEMBL2177380,7.17,nM,68.0,nM,68.0,AKT1,68.0,7.167491087293763,GRZXWCHAXNAUHY-AHRSYUTCSA-N,458.0060000000002,3.1010000000000018,2,6,0,81.59,6,32
NC(=O)c1cc(-c2ccn[nH]2)cn2c(-c3ccccc3)c(-c3ccc(C4(N)CCC4)cc3)nc12,CHEMBL3699771,7.16,nM,69.0,nM,69.0,AKT1,69.0,7.161150909262744,FPPAQOQEDKFECY-UHFFFAOYSA-N,448.5300000000003,4.495200000000003,3,4,0,115.09,5,34
N[C@H](COc1cncc(/C=C/c2ccnc(NC3CC3)c2)c1)Cc1c[nH]c2ccccc12,CHEMBL203275,7.16,nM,69.0,nM,69.0,AKT1,69.0,7.161150909262744,ORACGVPOSSYZRZ-LYSGITKLSA-N,425.5360000000002,4.651400000000003,3,5,0,88.85,9,32
Cn1c(CC(=O)N2CCc3c2ccc(F)c3F)nc(N2CCOCC2)cc1=O,CHEMBL3699790,7.16,nM,69.0,nM,69.0,AKT1,69.0,7.161150909262744,HPDWOMOIYJTRSM-UHFFFAOYSA-N,390.39000000000027,1.0269,0,5,0,67.67000000000002,3,28
CN(C)CCN1CCN(c2ncc3cc(-c4ccccc4)c(-c4ccc(CN5CCC(c6nnc(-c7ccc(=O)[nH]c7)[nH]6)CC5)cc4)nc3n2)CC1,CHEMBL503652,7.16,nM,69.0,nM,69.0,AKT1,69.0,7.161150909262744,CWUDLXZBRGPIJV-UHFFFAOYSA-N,695.876,4.895400000000004,2,10,1,126.06,10,52
O=C(Cc1nc(N2CCOCC2)cc(=O)[nH]1)Nc1cccc(OC(F)(F)C(F)F)c1,CHEMBL3696288,7.16,nM,69.0,nM,69.0,AKT1,69.0,7.161150909262744,VKNAORZFYXEFPO-UHFFFAOYSA-N,430.35800000000006,2.0243999999999995,2,6,0,96.55000000000001,7,30
CCOCCN(C[C@@H](O)CN1CCCC2(CCc3cc(O)ccc3O2)C1)S(=O)(=O)c1c(C)noc1C,CHEMBL1761084,7.16,nM,70.0,uM,0.07,AKT1,70.0,7.154901959985743,AZWFENCKMNSKBH-XADRRFQNSA-N,523.6520000000003,2.2449399999999997,2,9,1,125.57,10,36
O=C(Nc1ccc(-c2nnc3n2-c2cccnc2Nc2ccccc2-3)cc1)c1ccccc1,CHEMBL3684369,7.16,nM,70.0,nM,70.0,AKT1,70.0,7.154901959985743,DCNDWIYIGNWXDY-UHFFFAOYSA-N,430.4710000000001,5.305600000000003,2,5,1,84.73,3,33
O=C(NC(c1cccc(Cl)c1)C1CCNCC1)c1ccc2cnccc2c1,CHEMBL1823639,7.16,nM,70.0,uM,0.07,AKT1,70.0,7.154901959985743,OCQHKPAKNNORHZ-UHFFFAOYSA-N,379.891,4.358900000000003,2,3,0,54.02,4,27
Cn1c(CC(=O)Nc2cccc3sccc23)nc(N2CCOCC2)cc1=O,CHEMBL3699792,7.16,nM,70.0,nM,70.0,AKT1,70.0,7.154901959985743,AKWZSFUJVGKPTB-UHFFFAOYSA-N,384.4610000000003,2.0127999999999995,1,6,0,76.46000000000001,4,27
Cl.Cn1ncc(-c2ccccc2)c1-c1ccc(C(=O)N[C@@H]2CNCC[C@H]2c2cccc(F)c2)s1,CHEMBL4526242,7.15,nM,70.4,nM,70.4,AKT1,70.4,7.152427340857888,YLPCPWAZERBIQM-RBBKRZOGSA-N,497.0390000000002,5.252000000000005,2,4,1,58.95,5,34
O=C(Cc1nc(N2CCOCC2)cc(=O)[nH]1)Nc1ccc(F)cn1,CHEMBL3696247,7.15,nM,71.0,nM,71.0,AKT1,71.0,7.1487416512809245,NXIPJVYIWQZDTK-UHFFFAOYSA-N,333.32300000000004,0.32179999999999953,2,6,0,100.21000000000001,4,24
O=C(Cc1nc(N2CCOCC2)cc(=O)[nH]1)Nc1cc(F)cc(F)c1,CHEMBL3696239,7.15,nM,71.0,nM,71.0,AKT1,71.0,7.1487416512809245,PRZDSIVADZZGMB-UHFFFAOYSA-N,350.32500000000005,1.0658999999999996,2,5,0,87.32000000000001,4,25
NC1(c2ccc(-c3nc4cc(-c5ncc[nH]5)ccn4c3-c3ccccc3)cc2)CCC1,CHEMBL3703108,7.15,nM,71.0,nM,71.0,AKT1,71.0,7.1487416512809245,MZSBEWVEUGITSO-UHFFFAOYSA-N,405.5050000000002,5.396300000000004,2,3,1,72.0,4,31
CCOc1cccc(NC(=O)Cc2nc(N3CCOCC3)cc(=O)[nH]2)c1,CHEMBL3696273,7.15,nM,71.0,nM,71.0,AKT1,71.0,7.1487416512809245,JMWHSNDGRBAPGS-UHFFFAOYSA-N,358.3980000000001,1.1863999999999995,2,6,0,96.54999999999998,6,26
CCc1c(N)ncnc1N1CCC(c2nc(-c3ccc(F)c(C(F)(F)F)c3)cn2CCN2CC(F)C2)CC1,CHEMBL3890270,7.15,nM,71.0,nM,71.0,AKT1,71.0,7.1487416512809245,IVUDZHTWTDSSEV-UHFFFAOYSA-N,535.565,4.6803000000000035,1,6,1,76.10000000000001,7,38
C[C@@H]1Cc2ccccc2N1C(=O)Cc1nc(N2CCOCC2)cc(=S)n1C,CHEMBL3929547,7.15,nM,71.0,nM,71.0,AKT1,71.0,7.1487416512809245,UBSOPOINCBHRFG-CQSZACIVSA-N,384.50500000000005,2.5064900000000003,0,5,0,50.6,3,27
Nc1cc(N2CCC(c3nc(-c4ccc(F)c(C(F)(F)F)c4)cn3CCN3CCC3)CC2)ncn1,CHEMBL3917257,7.15,nM,71.0,nM,71.0,AKT1,71.0,7.1487416512809245,OZLZGTRWERFWLS-UHFFFAOYSA-N,489.5210000000003,4.169900000000004,1,6,0,76.1,6,35
CN1CCN(c2ncc3cc(-c4ccccc4)c(-c4ccc(CN5CCC(c6nnc(-c7ccc(=O)[nH]c7)[nH]6)CC5)cc4)nc3n2)CC1,CHEMBL450266,7.15,nM,71.0,nM,71.0,AKT1,71.0,7.1487416512809245,OMPIYXLSPSTIIT-UHFFFAOYSA-N,638.7799999999999,4.963600000000004,2,9,1,122.82,7,48
Cn1nccc1-c1csc(C(=O)NC2(c3ccc(Cl)c(Cl)c3)CCNCC2)c1,CHEMBL3805163,7.15,nM,71.0,uM,0.071,AKT1,71.0,7.1487416512809245,YESJTXPZJYRSEE-UHFFFAOYSA-N,435.3800000000002,4.464100000000003,2,4,0,58.95,4,28
O=C(Cc1nc(N2CCOCC2)cc(=O)[nH]1)N1CCc2c(O)cccc21,CHEMBL3696297,7.15,nM,71.0,nM,71.0,AKT1,71.0,7.1487416512809245,UDIXFHRKVLTXHG-UHFFFAOYSA-N,356.3820000000001,0.4439000000000003,2,6,0,98.76,3,26
O=C1C[C@H]2O[C@H](COCc3ccccc3)C3=C(C(=O)c4ccccc4C3=O)[C@H]2O1,CHEMBL493359,7.14,nM,72.0,uM,0.072,AKT1,72.0,7.142667503568732,AOWGZOCUPHAWLJ-QZMQVMSPSA-N,390.39100000000013,2.661900000000001,0,6,0,78.9,4,29
OCc1cn2cc(-c3ccccc3)c(-c3ccc(CN4CC(c5n[nH]c(-c6ccccn6)n5)C4)cc3)nc2n1,CHEMBL3672092,7.14,nM,72.0,nM,72.0,AKT1,72.0,7.142667503568732,XUMQVWJMCUIXNH-UHFFFAOYSA-N,514.5930000000002,4.335100000000003,2,7,1,108.12,7,39
CC(=O)Nc1ccc(-c2ccc3nc(-c4cccnc4N)n(-c4ccc(CN)cc4)c3n2)cc1.Cl,CHEMBL4586184,7.14,nM,72.0,uM,0.072,AKT1,72.0,7.142667503568732,TXFUCGOTAVICDK-UHFFFAOYSA-N,485.9790000000002,4.570600000000003,3,6,0,124.74000000000001,5,35
Cn1ncc(Cl)c1-c1ccc(C(=O)N[C@@H]2CNCC[C@H]2c2cccc(F)c2)cc1,CHEMBL4593509,7.14,nM,72.3,nM,72.3,AKT1,72.3,7.140861702705469,XQSLHAGRTWRCMI-AZUAARDMSA-N,412.8960000000002,3.7551000000000023,2,3,0,58.95,4,29
O=C(NC1(c2ccc(-c3nnc4n3-c3cccnc3Nc3ccccc3-4)cc2)CCC1)c1ccccc1,CHEMBL3684502,7.14,nM,73.0,nM,73.0,AKT1,73.0,7.136677139879544,FFNUKCXNOVGOCE-UHFFFAOYSA-N,484.5630000000002,5.862500000000005,2,5,1,84.73,4,37
CCc1cc(-c2cc[nH]n2)c2nc(-c3ccc(C4(N)CCC4)cc3)c(-c3ccccc3)n2n1,CHEMBL6050107,7.14,nM,73.0,nM,73.0,AKT1,73.0,7.136677139879544,BGLGMUOSCFCRND-UHFFFAOYSA-N,434.5470000000002,5.353700000000004,2,4,1,84.89,5,33
Cn1ncc(Br)c1-c1ccc(C(=O)N[C@@H]2CNCC[C@H]2c2ccc(F)c(F)c2)cc1,CHEMBL4445690,7.13,nM,73.5,nM,73.5,AKT1,73.5,7.133712660915805,JHGAJEAEEAFAJH-OXJNMPFZSA-N,475.3370000000002,4.003300000000003,2,3,0,58.95,4,30
NC1(c2ccc(-c3nn4c(Br)cnc4cc3-c3ccccc3)cc2)CCC1,CHEMBL3672489,7.13,nM,74.0,nM,74.0,AKT1,74.0,7.130768280269024,UMCYDGBCJADPGL-UHFFFAOYSA-N,419.3260000000002,5.163700000000003,1,3,1,56.209999999999994,3,27
O=C(Cc1nc(N2CCOCC2)cc(=O)[nH]1)Nc1cccc(F)c1,CHEMBL2151820,7.13,nM,74.0,nM,74.0,AKT1,74.0,7.130768280269024,IOXCDNUKVBQRKI-UHFFFAOYSA-N,332.33500000000004,0.9267999999999997,2,5,0,87.32000000000001,4,24
Cc1c(NCCN(C)C)cc(Cl)cc1N1CCN(c2ncnc3[nH]nc(C(F)(F)F)c23)CC1,CHEMBL2012703,7.13,nM,74.0,nM,74.0,AKT1,74.0,7.130768280269024,BTHYNSZFAHGSOX-UHFFFAOYSA-N,482.9420000000002,3.6336200000000023,2,7,0,76.21000000000001,6,33
NC1(c2ccc(-c3nc4ccc(-c5nn[nH]n5)cn4c3-c3ccccc3)cc2)CCC1,CHEMBL3703127,7.13,nM,74.0,nM,74.0,AKT1,74.0,7.130768280269024,CQLWBAVLOCFJMD-UHFFFAOYSA-N,407.4810000000002,4.186300000000003,2,5,0,97.77999999999999,4,31
C=Cc1c(N)ncnc1N1CCC(c2nc(-c3ccc(F)c(C(F)(F)F)c3)cn2CC2CNC2)CC1,CHEMBL3952282,7.13,nM,74.0,nM,74.0,AKT1,74.0,7.130768280269024,MOZQZSIJFQHRST-UHFFFAOYSA-N,501.5320000000002,4.3266000000000036,2,6,1,84.89000000000001,6,36
Cc1ccc(C[C@@H](N)C(=O)N2CCN(c3ncnc4ccccc34)CC2)cc1,CHEMBL1258551,7.13,nM,74.0,nM,74.0,AKT1,74.0,7.130768280269024,KQIAVTQYXPWLEL-LJQANCHMSA-N,375.47600000000017,2.1568199999999997,1,5,0,75.35000000000001,4,28
O=C(Cc1nc(N2CCOCC2)cc(=O)[nH]1)Nc1cccc(F)c1O,CHEMBL3696295,7.12,nM,75.0,nM,75.0,AKT1,75.0,7.1249387366083,WHWRUTXCXLERLP-UHFFFAOYSA-N,348.33400000000006,0.6323999999999999,3,6,0,107.55000000000001,4,25
[C-]#[N+]c1cccc(C(=O)Nc2ccc(-c3nnc4n3-c3cccnc3Nc3ccccc3-4)cc2)c1,CHEMBL3684370,7.12,nM,76.0,nM,76.0,AKT1,76.0,7.119186407719209,ADUKKTOYAFPVGK-UHFFFAOYSA-N,455.4810000000001,5.856390000000004,2,5,1,89.09,3,35
N#Cc1c(N)ncnc1N1CCC(c2nc(C3CCCCC3)cn2CCN2CCC2)CC1,CHEMBL3925234,7.12,nM,76.0,nM,76.0,AKT1,76.0,7.119186407719209,HFKGXBIBYCUDKG-UHFFFAOYSA-N,434.5920000000004,3.264380000000002,1,7,0,99.89,6,32
CCc1c(N)ncnc1N1CCC(c2nc(-c3ccc(Cl)c(F)c3)cn2CCN2CCCC2)CC1,CHEMBL3977596,7.12,nM,76.0,nM,76.0,AKT1,76.0,7.119186407719209,WUMMWDXRTHGRCO-UHFFFAOYSA-N,498.0500000000004,4.757000000000004,1,6,0,76.10000000000001,7,35
CN(C)CCN(C)CCn1cc(-c2ccc(F)c(C(F)(F)F)c2)nc1C1CCN(c2ncnc(N)c2C#N)CC1,CHEMBL3912087,7.12,nM,76.0,nM,76.0,AKT1,76.0,7.119186407719209,JVEJLBKQFMZNTL-UHFFFAOYSA-N,559.616,3.8292800000000025,1,8,1,103.13,9,40
NC(=O)c1c(N)ncnc1N1CCC(c2nc(-c3cccc(Cl)c3)cn2CCN2CCCC2)CC1,CHEMBL3942559,7.12,nM,76.0,nM,76.0,AKT1,76.0,7.119186407719209,MTUDBXWJNZCYKU-UHFFFAOYSA-N,495.0310000000004,3.1544000000000008,2,7,0,119.18999999999998,7,35
Cc1n[nH]c2ccc(-c3nnc(NC[C@@H](N)Cc4ccccc4)s3)cc12,CHEMBL1087281,7.12,nM,76.0,nM,76.0,AKT1,76.0,7.119186407719209,YMBNZUUECWJCDF-HNNXBMFYSA-N,364.478,3.3717200000000007,3,6,0,92.50999999999999,6,26
c1cc(-c2ccnc3ccc(-c4cnc5[nH]ncc5c4)cc23)ccn1,CHEMBL1234114,7.12,nM,76.0,nM,76.0,AKT1,76.0,7.119186407719209,PYHJWHYHRSDRDJ-UHFFFAOYSA-N,323.35900000000004,4.235100000000003,1,4,0,67.35,2,25
Cn1nccc1-c1ccc(C(=O)N[C@@H]2CNCC[C@H]2c2cccc(F)c2)nc1,CHEMBL4522719,7.12,nM,76.6,nM,76.6,AKT1,76.6,7.115771230367396,RDUOXFXAQJBINA-PKOBYXMFSA-N,379.439,2.4967000000000006,2,4,0,71.84,4,28
O=C(Cc1nc(N2CCOCC2)cc(=O)[nH]1)Nc1cc(Cl)c(F)c(Cl)c1,CHEMBL3696276,7.11,nM,77.0,nM,77.0,AKT1,77.0,7.113509274827518,WSXKHNNQVWERSI-UHFFFAOYSA-N,401.22500000000014,2.2336,2,5,0,87.32000000000001,4,26
Cc1nc2cnc3ccc(C#Cc4cccnc4)cc3c2n1-c1ccc(CC#N)cc1,CHEMBL270639,7.11,nM,77.0,nM,77.0,AKT1,77.0,7.113509274827518,SUCAWRZDHHYRQV-UHFFFAOYSA-N,399.45700000000016,4.743000000000004,0,4,0,67.39,2,31
N[C@H](CNc1ncc(-c2ccc3nnn(N)c3c2)s1)Cc1ccc(C(F)(F)F)cc1,CHEMBL1081830,7.11,nM,77.0,nM,77.0,AKT1,77.0,7.113509274827518,GIDICEDQVLRALE-AWEZNQCLSA-N,433.46300000000014,3.269300000000001,3,7,0,107.67,6,30
CC1Cc2ccccc2N1C(=O)Cc1nc(N2CCOCC2)cc(=O)n1C,CHEMBL3699786,7.11,nM,77.0,nM,77.0,AKT1,77.0,7.113509274827518,PXSRWWPWLYCSPX-UHFFFAOYSA-N,368.43700000000007,1.1372,0,5,0,67.67,3,27
O=C(Cc1nc(N2CCOCC2)cc(=O)[nH]1)Nc1ccc(F)c(C(F)F)c1,CHEMBL3696289,7.11,nM,77.0,nM,77.0,AKT1,77.0,7.113509274827518,CYJZCXUTRUPWMU-UHFFFAOYSA-N,382.34200000000004,1.8643999999999998,2,5,0,87.32000000000001,5,27
Cc1n[nH]c2ccc(-c3cncc(OC[C@@H](N)Cc4cccc(OCC5CCN(C)CC5)c4)c3)cc12,CHEMBL226797,7.11,nM,78.0,nM,78.0,AKT1,78.0,7.107905397309519,GUGQDBIMBFTIQW-VWLOTQADSA-N,485.6320000000003,4.602720000000004,2,6,0,89.28999999999999,9,36
CCc1cc(OC)c2nc(-c3ccc(C4(N)CCC4)cc3)c(-c3ccccc3)n2n1,CHEMBL6002664,7.11,nM,78.0,nM,78.0,AKT1,78.0,7.107905397309519,UQODQLPAIMYEHO-UHFFFAOYSA-N,398.51000000000005,4.9722000000000035,1,4,0,65.44,5,30
CCn1c(-c2nonc2N)nc2c(C#CC3CC3)ncc(OCCCN)c21,CHEMBL494882,7.1,nM,79.0,uM,0.079,AKT1,79.0,7.102372908709558,UBGKZPSSXPFLIM-UHFFFAOYSA-N,367.4130000000002,1.5725,2,8,0,130.9,6,27
Cn1c(CC(=O)Nc2ccc(F)c(Cl)c2)nc(N2CCOCC2)cc1=O,CHEMBL2151935,7.1,nM,79.0,nM,79.0,AKT1,79.0,7.102372908709558,GGNJJMKBSUZZTH-UHFFFAOYSA-N,380.80700000000024,1.5906,1,5,0,76.46000000000001,4,26
CCn1c(-c2nonc2N)nc2c(-c3ccoc3)ncc(OCCCN)c21,CHEMBL445180,7.1,nM,79.0,uM,0.079,AKT1,79.0,7.102372908709558,SXRCGQAHDJRHJC-UHFFFAOYSA-N,369.3850000000002,2.0709999999999997,2,9,0,144.04000000000002,7,27
Cc1n[nH]c2ccc(-c3cc(OC[C@@H](N)Cc4ccccc4)cnc3-c3cccs3)cc12,CHEMBL594748,7.1,nM,79.0,uM,0.079,AKT1,79.0,7.102372908709558,GOXLCLLWYXGIEE-FQEVSTJZSA-N,440.57200000000006,5.610620000000004,2,5,1,76.82,7,32
CCn1c(-c2nonc2N)nc2cncc(OC3CCNCC3)c21,CHEMBL493911,7.1,nM,79.0,uM,0.079,AKT1,79.0,7.102372908709558,BGZVXNSBCSLMND-UHFFFAOYSA-N,329.36400000000015,1.2141999999999995,2,8,0,116.91000000000001,4,24
N[C@H](CNc1cnc(Cl)c(/C=C/c2ccncc2)c1)CC1CNc2ccccc21,CHEMBL381703,7.1,nM,79.0,nM,79.0,AKT1,79.0,7.102372908709558,UIJYBPOFYCKFKS-BGCYOVRJSA-N,405.93300000000016,4.639000000000003,3,5,0,75.86,7,29
Cc1n[nH]c2ccc(-c3cc(OC[C@@H](N)Cc4ccccc4)cnc3-c3cccc(O)c3)cc12,CHEMBL595684,7.1,nM,79.0,uM,0.079,AKT1,79.0,7.102372908709558,DGGUKZUZMYVZMB-QFIPXVFZSA-N,450.5420000000001,5.254720000000004,3,5,1,97.05,7,34
NC[C@@H](NC(=O)c1ccc(-c2ccncc2)cc1)c1ccccc1,CHEMBL5278787,7.1,nM,79.43,,7.1,AKT1,79.43,7.100015437450609,MLGGUGPIWDHBAI-LJQANCHMSA-N,317.392,3.1784000000000017,2,3,0,68.00999999999999,5,24
CCc1c(N)ncnc1N1CCC(c2nc(-c3cccc(F)c3)cn2CCN2CCC2)CC1,CHEMBL3894252,7.1,nM,79.5,nM,79.5,AKT1,79.5,7.0996328713435295,KFYULJIROFVBPN-UHFFFAOYSA-N,449.5780000000003,3.7135000000000025,1,6,0,76.10000000000001,7,33
N[C@H](Cc1ccc(Cl)cc1)C(=O)N1CCN(c2ncnc3ccc(-c4cn[nH]c4)cc23)CC1,CHEMBL1257628,7.1,nM,80.0,nM,80.0,AKT1,80.0,7.096910013008056,WAJNJYFWIOTAQN-OAQYLSRUSA-N,461.95700000000016,2.8919000000000015,2,6,0,104.03,5,33
Cn1cc(-c2cnc3c(-c4csc(C(=O)N[C@@H]5CCCC[C@@H]5N)c4)cnn3c2)cn1,CHEMBL4568087,7.1,nM,80.0,nM,80.0,AKT1,80.0,7.096910013008056,LYADGAGFYYXXIO-ZWKOTPCHSA-N,421.5300000000002,2.8580000000000005,2,6,0,103.13,4,30
CS(=O)(=O)c1cccc(-c2cn(CCN3CCC3)c(C3CCN(c4ncnc(N)c4C#N)CC3)n2)c1,CHEMBL3894291,7.1,nM,80.0,nM,80.0,AKT1,80.0,7.096910013008056,CBIORNCAYCELBK-UHFFFAOYSA-N,506.63600000000037,2.28718,1,9,1,134.03000000000003,7,36
N#Cc1cc(C(NC(=O)c2ccc3cnccc3c2)C2CCNCC2)ccc1Cl,CHEMBL1823638,7.1,nM,80.0,uM,0.08,AKT1,80.0,7.096910013008056,WXRUAGZWDAXXTF-UHFFFAOYSA-N,404.9010000000002,4.230580000000003,2,4,0,77.81,4,29
O=C1C[C@H]2O[C@@H](c3ccc(O)cc3)C3=C(C(=O)c4ccccc4C3=O)[C@H]2O1,CHEMBL493360,7.1,nM,80.0,uM,0.08,AKT1,80.0,7.096910013008056,GPKTXVNBWXOGHI-OREJSRFESA-N,362.3370000000001,2.5234000000000005,1,6,0,89.9,1,27
CC(C)=C1C(=O)Nc2ccc(-c3cncc(OC[C@@H](N)Cc4c[nH]c5ccccc45)c3)cc21,CHEMBL575384,7.1,nM,80.0,nM,80.0,AKT1,80.0,7.096910013008056,YAAYJTOFCDAUQL-FQEVSTJZSA-N,438.5310000000002,4.924200000000003,3,4,0,93.03,6,33
Cc1cc(-c2cn[nH]c2)c2nc(-c3ccc(C4(N)CCC4)cc3)c(-c3ccccc3)n2c1,CHEMBL3699766,7.09,nM,81.0,nM,81.0,AKT1,81.0,7.0915149811213505,XHPBTXUIIKKTCV-UHFFFAOYSA-N,419.53200000000015,5.7047200000000045,2,3,1,72.0,4,32
COc1cc(-c2cn[nH]c2)cn2c(-c3ccccc3)c(-c3ccc(C4(N)CCC4)cc3)nc12,CHEMBL3703169,7.09,nM,81.0,nM,81.0,AKT1,81.0,7.0915149811213505,WTRPETLHOOKVDX-UHFFFAOYSA-N,435.53100000000035,5.404900000000005,2,4,1,81.22999999999999,5,33
CN1CC(Cn2cc(-c3ccc(F)c(C(F)(F)F)c3)nc2C2CCN(c3ncnc(N)c3C(N)=O)CC2)C1,CHEMBL3977344,7.09,nM,81.0,nM,81.0,AKT1,81.0,7.0915149811213505,GFWUCLLYVKRKSO-UHFFFAOYSA-N,532.5460000000003,3.1247000000000007,2,7,1,119.19,6,38
N[C@H](Cc1ccc(F)c(F)c1)C(=O)N1CCN(c2ncnc3ccccc23)CC1,CHEMBL1258899,7.09,nM,81.0,nM,81.0,AKT1,81.0,7.0915149811213505,JBPUSTGKCDMWNG-GOSISDBHSA-N,397.4290000000001,2.1266,1,5,0,75.35000000000001,4,29
Nc1ncnc(N2CC[C@@]3(CCCN(C[C@H](O)CNS(=O)(=O)c4ccccc4F)C3)C2)c1C1CC1,CHEMBL1760770,7.09,nM,81.0,uM,0.081,AKT1,81.0,7.0915149811213505,SELMTCIFGWTEAY-HOYKHHGWSA-N,504.63200000000023,1.7069999999999996,3,8,1,124.68,8,35
CC(C)NC[C@@H](C(=O)N1CCN(c2ncnc3c2[C@H](CO)CC3)CC1)c1ccc(Cl)cc1,CHEMBL2177389,7.09,nM,81.0,nM,81.0,AKT1,81.0,7.0915149811213505,YHHPZWJUTYTTMC-AZUAARDMSA-N,458.0060000000003,2.5825000000000005,2,6,0,81.59,7,32
CCNC(=O)Nc1ccc(CNc2ncsc2C(=O)Nc2ccc3c(c2)OC(F)(F)O3)cn1,CHEMBL247798,7.09,nM,81.0,nM,81.0,AKT1,81.0,7.0915149811213505,BPGIPYJOESFNQI-UHFFFAOYSA-N,476.46500000000015,3.865400000000002,4,8,0,126.50000000000001,7,33
CC(C)NC[C@@H](C(=O)N1CCN(c2ncnc3c2C[C@@H](C)C(=O)N3)CC1)c1ccc(Cl)cc1,CHEMBL5198109,7.09,nM,82.0,nM,82.0,AKT1,82.0,7.086186147616283,KJYUOIUFXMFLLE-OXQOHEQNSA-N,471.0050000000002,2.6911000000000005,2,6,0,90.46000000000001,6,33
CC(C)NC[C@@H](C(=O)N1CCN(c2ncnc3c2[C@H]2C[C@H]2C(=O)N3)CC1)c1ccc(Cl)cc1,CHEMBL5183601,7.09,nM,82.0,nM,82.0,AKT1,82.0,7.086186147616283,KBKHULLGXKATKS-IPMKNSEASA-N,468.98900000000026,2.6160000000000005,2,6,0,90.46000000000001,6,33
COc1ncc(-c2cc3c(C)nc(N)nc3n([C@H]3CC[C@@H](OCC(N)=O)CC3)c2=O)cn1,CHEMBL2375961,7.08,nM,82.9,nM,82.9,AKT1,82.9,7.081445469449727,VNSCNWLXUYATCI-OKILXGFUSA-N,439.4760000000003,1.1333199999999997,2,9,0,161.13,6,32
Cl.O=C(N[C@@H]1CNCC[C@H]1c1ccc(F)c(F)c1)c1ccc(-c2ccn[nH]2)cc1F,CHEMBL4854839,7.08,nM,83.0,nM,83.0,AKT1,83.0,7.080921907623926,YFRIWCIXACEQAW-VBKZILBWSA-N,436.86500000000007,3.7913000000000014,3,3,0,69.81,4,30
CN(C)CCn1cc(-c2ccc(F)c(C(F)(F)F)c2)nc1C1CCN(c2ncnc(N)c2C(N)=O)CC1,CHEMBL3936329,7.08,nM,84.0,nM,84.0,AKT1,84.0,7.075720713938118,GDBKJDBGCLFSGA-UHFFFAOYSA-N,520.5350000000003,3.1247,2,7,1,119.19,7,37
Cc1c(OC[C@@H](N)Cc2c[nH]c3ccccc23)cncc1-c1ccc2cnccc2c1,CHEMBL378116,7.08,nM,84.0,nM,84.0,AKT1,84.0,7.075720713938118,UCEMMINFCFCTRE-QFIPXVFZSA-N,408.50500000000017,5.035320000000003,2,4,1,76.82,6,31
CCOC(=O)c1ccc2nc(-c3ccc(C4(N)CCC4)cc3)c(-c3ccccc3)n2n1,CHEMBL6054995,7.07,nM,85.0,nM,85.0,AKT1,85.0,7.070581074285707,JBPIHKOLGXUEDF-UHFFFAOYSA-N,412.49300000000005,4.577900000000003,1,5,0,82.50999999999999,5,31
N[C@H](CNc1nnc(-c2ccc3cnccc3c2)o1)Cc1ccc(C(F)(F)F)cc1,CHEMBL1081119,7.07,nM,85.0,nM,85.0,AKT1,85.0,7.070581074285707,OWLZQWZFSLKVIT-SFHVURJKSA-N,413.40300000000013,4.2855000000000025,2,6,0,89.86,6,30
COCC(C)NCCn1cc(-c2ccc(F)c(C(F)(F)F)c2)nc1C1CCN(c2ncnc(N)c2C(N)=O)CC1,CHEMBL3917106,7.07,nM,85.0,nM,85.0,AKT1,85.0,7.070581074285707,NCAWHBLWUZPAJV-UHFFFAOYSA-N,564.5880000000001,3.1876000000000007,3,8,1,137.20999999999998,10,40
CCOC(=O)c1ccn2c(-c3ccccc3)c(-c3ccc(C4(N)CCC4)cc3)nc2c1,CHEMBL3703112,7.07,nM,86.0,nM,86.0,AKT1,86.0,7.0655015487564325,JLCNPKCWGOTCNE-UHFFFAOYSA-N,411.5050000000002,5.1829000000000045,1,4,1,69.62,5,31
C=Cc1cc(OC)c2nc(-c3ccc(C4(N)CCC4)cc3)c(-c3ccccc3)n2n1,CHEMBL5942378,7.07,nM,86.0,nM,86.0,AKT1,86.0,7.0655015487564325,GEYZFYGLMRFPBK-UHFFFAOYSA-N,396.494,5.052800000000005,1,4,1,65.44,5,30
NC1(c2ccc(-c3nc4c5ccc(Br)cc5nn4cc3-c3ccccc3)cc2)CCC1,CHEMBL3672521,7.06,nM,87.0,nM,87.0,AKT1,87.0,7.060480747381382,YJHPQTCSKFETLQ-UHFFFAOYSA-N,469.38600000000025,6.316900000000004,1,3,1,56.209999999999994,3,31
CN1CCN(c2ncc3cc(-c4ccccc4)c(-c4ccc(CN5CCC(c6nnc(-c7cc[n+]([O-])cc7)[nH]6)CC5)cc4)nc3n2)CC1,CHEMBL507204,7.06,nM,88.0,nM,88.0,AKT1,88.0,7.055517327849832,BCZGXEZPALEJJW-UHFFFAOYSA-N,638.7799999999999,4.908700000000004,1,9,1,116.9,7,48
CN(C)C[C@H](Cc1ccc(Cl)cc1)C(=O)N1CCN(c2ncnc3[nH]ccc23)CC1,CHEMBL1257166,7.06,nM,88.0,nM,88.0,AKT1,88.0,7.055517327849832,PEIVQINSXIEBQD-KRWDZBQOSA-N,426.95200000000017,2.6804000000000006,1,5,0,68.36000000000001,6,30
CCc1c(N)ncnc1N1CCC(c2nc(-c3ccc(F)c(F)c3)cn2CCN2CCC3(COC3)C2)CC1,CHEMBL3926249,7.05,nM,89.0,nM,89.0,AKT1,89.0,7.050609993355087,GKXOHJMEBCPQIB-UHFFFAOYSA-N,523.6320000000004,3.869200000000003,1,7,1,85.33000000000001,7,38
CC(C)C(C(=O)Nc1ccc(F)cc1)c1nc(N2CCOCC2)cc(=O)[nH]1,CHEMBL3696285,7.05,nM,89.0,nM,89.0,AKT1,89.0,7.050609993355087,VBIJPOZMDQGGTD-UHFFFAOYSA-N,374.4160000000002,2.1238999999999995,2,5,0,87.32,5,27
NC(=O)c1c(N)ncnc1N1CCC(c2nc(-c3ccnc(C(F)(F)F)c3)cn2CCN2CCC2)CC1,CHEMBL3956421,7.05,nM,90.0,nM,90.0,AKT1,90.0,7.045757490560675,PMRNETHOPVNITN-UHFFFAOYSA-N,515.5440000000002,2.5247,2,8,1,132.08,7,37
CSc1ncc2cc(-c3ccccc3)c(-c3ccc(CNCCc4cccnc4)cc3)nc2n1,CHEMBL403354,7.05,nM,90.0,nM,90.0,AKT1,90.0,7.045757490560675,YKSZOTJOGVGVFR-UHFFFAOYSA-N,463.61000000000024,5.808000000000006,1,6,1,63.59,8,34
CSc1ncc2cc(-c3ccccc3)c(-c3ccc(CN4CCC(C(=O)NCCC(N)=O)CC4)cc3)nc2n1,CHEMBL252653,7.04,nM,91.0,nM,91.0,AKT1,91.0,7.040958607678906,AYBAQJBGLXKFMK-UHFFFAOYSA-N,540.6930000000003,4.284300000000003,2,7,1,114.1,9,39
NC1(c2ccc(-c3nc4ccc(C(=O)O)cn4c3-c3ccccc3)cc2)CCC1,CHEMBL3699727,7.04,nM,91.0,nM,91.0,AKT1,91.0,7.040958607678906,KVAOMOBHQYDUCN-UHFFFAOYSA-N,383.45100000000014,4.704400000000003,2,3,0,80.61999999999999,4,29
N#Cc1c(N)ncnc1N1CCC(c2nc(-c3ccsc3)cn2CCN2CCC2)CC1,CHEMBL3970947,7.04,nM,91.0,nM,91.0,AKT1,91.0,7.040958607678906,LYRHYDHWKBCSKX-UHFFFAOYSA-N,434.5730000000003,2.9451800000000015,1,8,0,99.89,6,31
NC(=O)c1c(N)ncnc1N1CCC(c2nc(-c3cccc(C(F)(F)F)c3)cn2CCN2CCCC2)CC1,CHEMBL3972161,7.04,nM,92.0,nM,92.0,AKT1,92.0,7.036212172654444,WARQMCTXKWMOOS-UHFFFAOYSA-N,528.5830000000002,3.519800000000002,2,7,1,119.18999999999998,7,38
NC1(c2ccc(-c3nc4c5cc(F)ccc5nn4cc3-c3ccccc3)cc2)CCC1,CHEMBL3672515,7.03,nM,93.0,nM,93.0,AKT1,93.0,7.031517051446065,DDQJLKFYSZVBRD-UHFFFAOYSA-N,408.4800000000002,5.693500000000003,1,3,1,56.209999999999994,3,31
O=C(Cc1nc(N2CCOCC2)cc(=O)[nH]1)Nc1ccc(F)c(Br)c1,CHEMBL2151048,7.03,nM,93.0,nM,93.0,AKT1,93.0,7.031517051446065,VYALMGYTNFNPPK-UHFFFAOYSA-N,411.23100000000005,1.6892999999999996,2,5,0,87.32000000000001,4,25
CCOC(=O)c1ccc2nc(-c3ccc(C4(N)CCC4)cc3)c(-c3ccccc3)n2c1,CHEMBL3703134,7.03,nM,93.0,nM,93.0,AKT1,93.0,7.031517051446065,JQPLJJDYLFEADK-UHFFFAOYSA-N,411.50500000000005,5.1829000000000045,1,4,1,69.61999999999999,5,31
N#CCc1ccc(-n2cnc3cnc4ccc(C#Cc5cccnc5)cc4c32)cc1,CHEMBL272265,7.03,nM,94.0,nM,94.0,AKT1,94.0,7.026872146400302,MBIMERRBQGQJIO-UHFFFAOYSA-N,385.43000000000006,4.434580000000003,0,4,0,67.39,2,30
O=C(Cc1nc(N2CCOCC2)cc(=O)[nH]1)N1CCc2c(-c3ccncc3)cccc21,CHEMBL3112858,7.03,nM,94.0,nM,94.0,AKT1,94.0,7.026872146400302,QFOFHWPQHOESHM-UHFFFAOYSA-N,417.46900000000016,1.8003000000000002,1,6,0,91.42,4,31
Cn1c(CC(=O)Nc2ccc(F)c(Br)c2)nc(N2CCOCC2)cc1=O,CHEMBL2151933,7.03,nM,94.0,nM,94.0,AKT1,94.0,7.026872146400302,LCPAGUVIHXELDS-UHFFFAOYSA-N,425.25800000000027,1.6996999999999995,1,5,0,76.46000000000001,4,26
N[C@H](Cc1ccc(C(F)(F)F)cc1)C(=O)N1CCN(c2ncnc3ccccc23)CC1,CHEMBL1257163,7.02,nM,95.0,nM,95.0,AKT1,95.0,7.022276394711152,WPFXHVHQELNYAY-GOSISDBHSA-N,429.4460000000002,2.8672000000000013,1,5,0,75.35000000000001,4,31
N[C@H](CNc1ncc(-c2ccc3c(c2)CNC3=O)s1)Cc1ccc(C(F)(F)F)cc1,CHEMBL1081029,7.02,nM,95.0,nM,95.0,AKT1,95.0,7.022276394711152,UFEUMFPFVBUZRR-INIZCTEOSA-N,432.4710000000001,4.0542000000000025,3,5,0,80.03999999999999,6,30
Cl.Cn1ncc(Br)c1-c1cc(F)c(C(=O)N[C@@H]2CNCC[C@H]2c2ccc(F)c(F)c2)c(F)c1,CHEMBL4859898,7.02,nM,95.7,nM,95.7,AKT1,95.7,7.019088062223156,TUNVHVHJPMAJBD-ORAYPTAESA-N,547.7780000000002,4.703300000000003,2,3,1,58.95,4,33
COc1cc(-c2ccnn2C)c2nc(-c3ccc(C4(N)CCC4)cc3)c(-c3ccccc3)n2n1,CHEMBL6014407,7.02,nM,96.0,nM,96.0,AKT1,96.0,7.017728766960431,VSUFQUGHGPUGOG-UHFFFAOYSA-N,450.5460000000002,4.810300000000003,1,5,0,83.25999999999999,5,34
[C-]#[N+]COc1ccc2nc(-c3ccc(C4(N)CCC4)cc3)c(-c3ccccc3)n2c1,CHEMBL3703166,7.02,nM,96.0,nM,96.0,AKT1,96.0,7.017728766960431,HLZLTWKDAMNDKV-UHFFFAOYSA-N,394.478,5.261790000000004,1,3,1,56.91,5,30
COC(=O)COc1ccc2nc(-c3ccc(C4(N)CCC4)cc3)c(-c3ccccc3)n2n1,CHEMBL5893877,7.02,nM,96.0,nM,96.0,AKT1,96.0,7.017728766960431,ALZFWSYKVAOSTJ-UHFFFAOYSA-N,428.4920000000002,3.953000000000002,1,6,0,91.74,6,32
COc1ccn2c(-c3ccccc3)c(-c3ccc(C4(N)CCC4)cc3)nc2c1,CHEMBL3699688,7.02,nM,96.0,nM,96.0,AKT1,96.0,7.017728766960431,MOGYPQBWQDORPP-UHFFFAOYSA-N,369.4680000000002,5.014800000000005,1,3,1,52.55,4,28
N#Cc1ccc(-c2ccc3nn4cc(-c5ccccc5)c(-c5ccc(C6(N)CCC6)cc5)nc4c3c2)cc1,CHEMBL3672537,7.01,nM,97.0,nM,97.0,AKT1,97.0,7.013228265733755,YABQBAHEEFBYTA-UHFFFAOYSA-N,491.5980000000003,7.093080000000006,1,4,1,80.0,4,38
Cl.Cn1ncc(Cl)c1-c1cc(F)c(C(=O)N[C@@H]2CNCC[C@H]2c2ccc(F)c(F)c2)c(F)c1,CHEMBL4873154,7.01,nM,97.1,nM,97.1,AKT1,97.1,7.012780770091995,VTHWKJQWFKOIPS-ORAYPTAESA-N,503.32700000000017,4.594200000000003,2,3,1,58.95,4,33
CC1Cc2c(F)cccc2N1C(=O)Cc1nc(N2CCOCC2)c(F)c(=O)n1C,CHEMBL3922944,7.01,nM,98.0,nM,98.0,AKT1,98.0,7.008773924307505,DTELYJMRDWJSHT-UHFFFAOYSA-N,404.41700000000026,1.4153999999999998,0,5,0,67.67,3,29
CNc1ccc2ncnc(N3CCN(C(=O)[C@H](N)Cc4ccc(Cl)cc4)CC3)c2c1,CHEMBL1257751,7.01,nM,98.0,nM,98.0,AKT1,98.0,7.008773924307505,UUAFZEFXTCUGAE-LJQANCHMSA-N,424.9360000000002,2.5435000000000008,2,6,0,87.38000000000001,5,30
CC1Cc2c(ccc(F)c2F)N1C(=O)Cc1nc(N2CCOCC2)c(F)c(=O)n1C,CHEMBL3917496,7.01,nM,98.0,nM,98.0,AKT1,98.0,7.008773924307505,KHAPPDOWBUJMLQ-UHFFFAOYSA-N,422.4070000000002,1.5545,0,5,0,67.67,3,30
Cc1cc(-c2ccn[nH]2)cn2c(-c3ccccc3)c(-c3ccc(C4(N)CCC4)cc3)nc12,CHEMBL3699776,7.0,nM,99.0,nM,99.0,AKT1,99.0,7.00436480540245,UOGFBQHXZGZNHI-UHFFFAOYSA-N,419.53200000000027,5.7047200000000045,2,3,1,72.0,4,32
NC1(c2ccc(-c3nc4c(-c5cn[nH]c5)cccn4c3-c3ccccc3)cc2)CCC1,CHEMBL3699726,7.0,nM,99.0,nM,99.0,AKT1,99.0,7.00436480540245,SUOJVVLUIMLFQX-UHFFFAOYSA-N,405.5050000000002,5.396300000000004,2,3,1,72.0,4,31
NC1(c2ccc(-c3nnc4n3-c3cccnc3Nc3ccccc3-4)cc2)CCC1,CHEMBL3684436,7.0,nM,99.0,nM,99.0,AKT1,99.0,7.00436480540245,QHJQLEPCFYQXNG-UHFFFAOYSA-N,380.4550000000002,4.391200000000003,2,5,0,81.65,2,29
O=C1Cc2ccc(N[C@H](COc3cncc(-c4ccc5c(n4)NC(=O)C5)c3)Cc3c[nH]c4ccccc34)nc2N1,CHEMBL211434,7.0,nM,99.0,nM,99.0,AKT1,99.0,7.00436480540245,SDJPEOGMLDYHSV-NRFANRHFSA-N,531.5760000000002,4.111300000000002,4,7,1,133.92,8,40
NC1(c2ccc(-c3nn4c(-c5ccc(F)cc5)c(Cl)nc4cc3-c3ccccc3)cc2)CCC1,CHEMBL3672508,7.0,nM,99.0,nM,99.0,AKT1,99.0,7.00436480540245,PGJJYACDBUZJAI-UHFFFAOYSA-N,468.96300000000025,6.860700000000005,1,3,1,56.209999999999994,4,34
N[C@H](COc1cncc(-c2ccc3[nH]c(=O)sc3c2)c1)Cc1c[nH]c2ccccc12,CHEMBL577134,7.0,nM,99.0,nM,99.0,AKT1,99.0,7.00436480540245,GSOOCUKQXWSOSO-KRWDZBQOSA-N,416.50600000000014,4.081700000000002,3,5,0,96.78999999999999,6,30
O=C1C[C@H]2O[C@H](c3ccsc3)C3=C(C(=O)c4ccccc4C3=O)[C@H]2O1,CHEMBL521638,7.0,nM,99.0,uM,0.099,AKT1,99.0,7.00436480540245,RKONLXIJXZSIBR-DPMMWBKBSA-N,352.3670000000001,2.8793000000000006,0,6,0,69.67,1,25
CSc1ncc2cc(-c3ccccc3)c(-c3ccc(CNCCc4c[nH]cn4)cc3)nc2n1,CHEMBL252054,7.0,nM,99.0,nM,99.0,AKT1,99.0,7.00436480540245,HUGJYXBFDDAZEO-UHFFFAOYSA-N,452.5870000000002,5.136100000000005,2,6,1,79.38000000000001,8,33
Cl.Cn1ncc(-c2ccncc2)c1-c1ccc(C(=O)N[C@@H]2CNCC[C@H]2c2cccc(F)c2)s1,CHEMBL4577134,7.0,nM,99.9,nM,99.9,AKT1,99.9,7.000434511774017,ZSLFELQVXOYPIM-PZJWPPBQSA-N,498.02700000000027,4.647000000000004,2,5,0,71.84,5,34
CCOC(=O)c1cn2c(-c3ccccc3)c(-c3ccc(C4(N)CCC4)cc3)nc2cn1,CHEMBL3968885,7.0,nM,100.0,nM,100.0,AKT1,100.0,7.0,PNIPDZDFPOPOTG-UHFFFAOYSA-N,412.4930000000003,4.577900000000003,1,5,0,82.51,5,31
NC(=O)c1c(N)ncnc1N1CCC(c2nc(-c3ccc(F)c(C(F)(F)F)c3)cn2C2CCNC2)CC1,CHEMBL3908032,7.0,nM,100.0,nM,100.0,AKT1,100.0,7.0,GAYRMKRSQCSTHF-UHFFFAOYSA-N,518.5190000000001,3.097500000000001,3,7,1,127.97999999999999,5,37
NCC(NCc1ccc(-c2ccnc3[nH]ccc23)s1)c1ccccc1,CHEMBL469560,7.0,nM,100.0,nM,100.0,AKT1,100.0,7.0,ZSJZLUDDBSGIPE-UHFFFAOYSA-N,348.4750000000001,4.081000000000002,3,4,0,66.72999999999999,6,25
NC1(c2ccc(-c3nc4c5cccc(O)c5nn4cc3-c3ccccc3)cc2)CCC1,CHEMBL3672552,7.0,nM,100.0,nM,100.0,AKT1,100.0,7.0,SXIOPKJMHPTNBI-UHFFFAOYSA-N,406.4890000000002,5.260000000000003,2,4,1,76.44,3,31
O=C(Cc1nc(N2CCOCC2)cc(=O)[nH]1)Nc1cccc(Cl)c1,CHEMBL2151921,7.0,nM,100.0,nM,100.0,AKT1,100.0,7.0,CMRWHXYMZPXJTM-UHFFFAOYSA-N,348.7900000000001,1.4410999999999996,2,5,0,87.32000000000001,4,24
Cc1cccc2ncnc(N3CCN(C(=O)[C@H](N)Cc4ccc(Cl)cc4)CC3)c12,CHEMBL1257510,7.0,nM,100.0,nM,100.0,AKT1,100.0,7.0,AXPMISUVMIROHN-GOSISDBHSA-N,409.9210000000002,2.810220000000001,1,5,0,75.35000000000001,4,29
C/C(=C1/C(=O)Nc2ccc(NC(N)=O)cc21)c1ccc[nH]1,CHEMBL228654,7.0,nM,100.0,nM,100.0,AKT1,100.0,7.0,DFURSNCTQGJRRX-JYRVWZFOSA-N,282.30299999999994,2.3880999999999997,4,2,0,100.00999999999999,2,21
Cc1ccc(C(=O)Nc2ccc(-c3nnc4n3-c3cccnc3Nc3ccccc3-4)cc2)cc1,CHEMBL3684341,7.0,nM,100.0,nM,100.0,AKT1,100.0,7.0,GJBSEQLAKHVEGV-UHFFFAOYSA-N,444.4980000000001,5.614020000000004,2,5,1,84.73,3,34
Cc1cccn2c(-c3ccccc3)c(-c3ccc(C4(N)CCC4)cc3)nc12,CHEMBL3699685,7.0,nM,100.0,nM,100.0,AKT1,100.0,7.0,UFWMQKLUNMFTTL-UHFFFAOYSA-N,353.4690000000002,5.314620000000005,1,2,1,43.32,3,27
COc1ccccc1-c1ncc(OC[C@@H](N)Cc2ccccc2)cc1-c1ccc2[nH]nc(C)c2c1,CHEMBL604684,7.0,nM,100.0,uM,0.1,AKT1,100.0,7.0,BWBKOLABVMEUEV-QFIPXVFZSA-N,464.56900000000013,5.557720000000004,2,5,1,86.05,8,35
Cl.Cn1ncc(C(=O)O)c1-c1ccc(C(=O)N[C@@H]2CNCC[C@H]2c2cccc(F)c2)s1,CHEMBL4461200,7.0,nM,101.0,nM,101.0,AKT1,101.0,6.995678626217358,ZOHWNRRUMGYSTF-GOEBONIOSA-N,464.9500000000002,3.2832000000000017,3,5,0,96.25,5,31
NC1(c2ccc(-c3nc4ccc(F)cn4c3-c3ccccc3)cc2)CCC1,CHEMBL3699722,7.0,nM,101.0,nM,101.0,AKT1,101.0,6.995678626217358,QBHGSIJMOROVHB-UHFFFAOYSA-N,357.43200000000013,5.145300000000003,1,2,1,43.31999999999999,3,27
N#Cc1cccc2c1CCN2C(=O)Cc1nc(N2CCOCC2)cc(=O)[nH]1,CHEMBL3922497,7.0,nM,101.0,nM,101.0,AKT1,101.0,6.995678626217358,KXMSOORLAUWKEE-UHFFFAOYSA-N,365.39300000000014,0.60998,1,6,0,102.32,3,27
Nc1nc2ccc(-c3cnc(Cl)c(NS(=O)(=O)c4ccc(F)cc4)c3)cc2o1,CHEMBL1822211,7.0,nM,101.0,nM,101.0,AKT1,101.0,6.995678626217358,SMTOUMSBNIEJMF-UHFFFAOYSA-N,418.8370000000001,4.0653000000000015,2,6,0,111.11,4,28
Cn1ncc(Cl)c1-c1cc(C(=O)N[C@@H]2CNCC[C@H]2c2cccc(F)c2)sc1Cl,CHEMBL4515689,6.99,nM,101.6,nM,101.6,AKT1,101.6,6.9931062920521,YFPSSYQGBFIFHX-XJKSGUPXSA-N,453.3700000000001,4.470000000000003,2,4,0,58.95,4,29
CCCN1CCCCC1c1cccc2c1CCN2C(=O)Cc1nc(N2CCOCC2)cc(=O)[nH]1,CHEMBL3908806,6.99,nM,102.0,nM,102.0,AKT1,102.0,6.991399828238082,BHQXQFMLBHVXKN-UHFFFAOYSA-N,465.5980000000003,2.675300000000001,1,6,0,81.76999999999998,6,34
NC1(c2ccc(-c3nc4cc(-n5cccn5)ccn4c3-c3ccccc3)cc2)CCC1,CHEMBL3699674,6.99,nM,102.0,nM,102.0,AKT1,102.0,6.991399828238082,RBZYXASPIFZSKF-UHFFFAOYSA-N,405.5050000000002,5.191900000000004,1,3,1,61.14,4,31
CCOC(=O)Cc1nc(N2CCOCC2)cc(=O)[nH]1,CHEMBL3696234,6.99,nM,102.0,nM,102.0,AKT1,102.0,6.991399828238082,KSZKVHPIAYRXAH-UHFFFAOYSA-N,267.2849999999999,-0.28789999999999977,1,6,0,84.51999999999998,4,19
COc1ccc(S(=O)(=O)Nc2cncc(-c3ccc4nc(NC(C)=O)sc4c3)c2)cc1,CHEMBL1773599,6.99,nM,103.0,nM,103.0,AKT1,103.0,6.987162775294828,OOTIQBRFCRKTAU-UHFFFAOYSA-N,454.5330000000002,4.126100000000002,2,7,0,110.28,6,31
Cc1n[nH]c2c[n+]([O-])c(-c3cncc(OC[C@@H](N)Cc4ccccc4)c3)cc12,CHEMBL226381,6.98,nM,104.0,nM,104.0,AKT1,104.0,6.982966660701219,RFHGUSOCWHDKIH-KRWDZBQOSA-N,375.4320000000001,2.5155200000000004,2,5,0,103.76,6,28
N[C@H](Cc1ccc(Cl)cc1)C(=O)N1CCN(c2ncnc3[nH]ncc23)CC1,CHEMBL1258553,6.98,nM,104.0,nM,104.0,AKT1,104.0,6.982966660701219,AQXDTXWXEJUGAT-OAHLLOKOSA-N,385.8590000000001,1.2248999999999997,2,6,0,104.03000000000002,4,27
Cc1nc(N)nc2c1cc(-c1cnc3ccccc3c1)c(=O)n2[C@H]1CC[C@@H](OCO)CC1,CHEMBL2375969,6.98,nM,104.0,nM,104.0,AKT1,104.0,6.982966660701219,SUGLTXJBYXYKFN-HDICACEKSA-N,431.4960000000003,3.3474200000000014,2,7,0,116.15,4,32
Cn1ncc(Cl)c1-c1ccc(C(=O)N[C@@H]2CNCC[C@H]2c2cccc(F)c2)nc1,CHEMBL4470602,6.98,nM,104.1,nM,104.1,AKT1,104.1,6.982549270489464,PANWMEPLBLKEBQ-QFBILLFUSA-N,413.8840000000002,3.150100000000002,2,4,0,71.84,4,29
N#Cc1c(N)ncnc1N1CCC(c2nc(-c3ccc4[nH]ncc4c3)cn2CCN2CCC2)CC1,CHEMBL3955055,6.98,nM,105.0,nM,105.0,AKT1,105.0,6.978810700930062,ULUQVPIBCGQLRE-UHFFFAOYSA-N,468.56900000000036,2.7599800000000014,2,8,0,128.57,6,35
CCC1CN(c2cc(=O)[nH]c(CC(=O)Nc3ccc(F)cc3)n2)CCO1,CHEMBL3972428,6.98,nM,105.0,nM,105.0,AKT1,105.0,6.978810700930062,XTZOCYLPWZVHAZ-UHFFFAOYSA-N,360.3890000000001,1.7053999999999998,2,5,0,87.32000000000001,5,26
CCc1c(N)ncnc1N1CCC(c2nc(-c3ccnc(C)c3)cn2CCN2CCC2)CC1,CHEMBL3965063,6.97,nM,106.0,nM,106.0,AKT1,106.0,6.97469413473523,QHCQKCYWPJSUQX-UHFFFAOYSA-N,446.60300000000035,3.277820000000002,1,7,0,88.99,7,33
Cn1c(CC(=O)N2CC3(CCOCC3)c3ccccc32)nc(N2CCOCC2)cc1=O,CHEMBL3936162,6.97,nM,106.0,nM,106.0,AKT1,106.0,6.97469413473523,KJMJDPZPDDSMIZ-UHFFFAOYSA-N,424.50100000000026,1.2543999999999997,0,6,0,76.9,3,31
COc1cncc(-c2cccn3c(-c4ccccc4)c(-c4ccc(C5(N)CCC5)cc4)nc23)c1,CHEMBL3699746,6.97,nM,106.0,nM,106.0,AKT1,106.0,6.97469413473523,MHGMZMIZPXRUAK-UHFFFAOYSA-N,446.5540000000003,6.076800000000006,1,4,1,65.44,5,34
Cc1cc(-c2cn[nH]c2)cn2c(-c3ccccc3)c(-c3ccc(C4(N)CCC4)cc3)nc12,CHEMBL3699775,6.97,nM,106.0,nM,106.0,AKT1,106.0,6.97469413473523,AWHHMDMYGALEAJ-UHFFFAOYSA-N,419.53200000000027,5.7047200000000045,2,3,1,72.0,4,32
C[C@H]1Cc2ccccc2N1C(=O)Cc1nc(N2CCOCC2)c(F)c(=O)n1C,CHEMBL3905243,6.97,nM,107.0,nM,107.0,AKT1,107.0,6.97061622231479,WNDIDRVWGKFTMO-ZDUSSCGKSA-N,386.4270000000001,1.2763,0,5,0,67.67,3,28
Cl.Cn1nccc1-c1cc(F)c(C(=O)N[C@@H]2CNCC[C@H]2c2ccc(F)cc2)c(F)c1,CHEMBL4852887,6.97,nM,107.2,nM,107.2,AKT1,107.2,6.969805214643249,YJRQZBUONLGBSC-QFBILLFUSA-N,450.8920000000001,3.801700000000002,2,3,0,58.95,4,31
COc1cnc2nc(-c3ccc(C4(N)CCC4)cc3)c(-c3ccccc3)n2c1,CHEMBL3699670,6.96,nM,109.0,nM,109.0,AKT1,109.0,6.962573502059376,JBNWJZGHPXUORC-UHFFFAOYSA-N,370.456,4.409800000000002,1,4,0,65.44,4,28
Cn1cc(-c2ccc(F)c(C(F)(F)F)c2)nc1C1CCN(c2ncnc(N)c2C#N)CC1,CHEMBL3941307,6.96,nM,110.0,nM,110.0,AKT1,110.0,6.958607314841775,LPZBVVARVJQTAW-UHFFFAOYSA-N,445.42400000000026,3.872880000000002,1,6,0,96.65,3,32
NC(=O)c1cn2c(-c3ccccc3)c(-c3ccc(C4(N)CCC4)cc3)nc2cn1,CHEMBL3932688,6.96,nM,110.0,nM,110.0,AKT1,110.0,6.958607314841775,RCXXWPWABQAPJE-UHFFFAOYSA-N,383.4550000000002,3.5001000000000015,2,4,0,99.3,4,29
CCc1cn2c(-c3ccccc3)c(-c3ccc(C4(N)CCC4)cc3)nc2c(OC)n1,CHEMBL3895917,6.96,nM,110.0,nM,110.0,AKT1,110.0,6.958607314841775,TUXHICXXXYWUPK-UHFFFAOYSA-N,398.5100000000002,4.972200000000004,1,4,0,65.44,5,30
CS(=O)(=O)c1ccc(-c2cnc3cc(-c4ccccc4)c(-c4ccc(C5(N)CCC5)cc4)nn23)cc1,CHEMBL3672481,6.96,nM,110.0,nM,110.0,AKT1,110.0,6.958607314841775,ZPRYORAWHROYRE-UHFFFAOYSA-N,494.6200000000003,5.471700000000005,1,5,1,90.35,5,36
Nc1ncccc1-c1nc2cc(C3CCCC3)cnc2n1-c1ccc(CNC(=O)c2ccccc2)cc1,CHEMBL2177826,6.96,nM,110.0,uM,0.11,AKT1,110.0,6.958607314841775,NSAYDSOCAFUODA-UHFFFAOYSA-N,488.59500000000014,5.652300000000005,2,5,1,98.72,6,37
O=C(Nc1ccc(-c2nnc3n2-c2cccnc2Nc2ccccc2-3)cc1)c1ccc(F)cc1,CHEMBL3684366,6.96,nM,110.0,nM,110.0,AKT1,110.0,6.958607314841775,NDXIWNRXFPVKEH-UHFFFAOYSA-N,448.4610000000001,5.444700000000003,2,5,1,84.73,3,34
O=C(Nc1ccc(-c2nnc3n2-c2cccnc2Nc2ccccc2-3)cc1)c1ccccc1F,CHEMBL3684361,6.96,nM,110.0,nM,110.0,AKT1,110.0,6.958607314841775,WIYNQQSTWJOBLZ-UHFFFAOYSA-N,448.4610000000001,5.444700000000003,2,5,1,84.73,3,34
CN(C)c1ccc(C(=O)NCc2ccc(-c3nnc4n3-c3cccnc3Nc3ccccc3-4)cc2)cc1,CHEMBL3684408,6.96,nM,110.0,nM,110.0,AKT1,110.0,6.958607314841775,KAFNFJGTYNPORD-UHFFFAOYSA-N,487.5670000000001,5.049300000000004,2,6,1,87.97,5,37
NC1(c2ccc(-c3nc4c5cc(-c6ccc(F)cc6)ccc5nn4cc3-c3ccccc3)cc2)CCC1,CHEMBL3672532,6.96,nM,110.0,nM,110.0,AKT1,110.0,6.958607314841775,NIQVIARQPVEDHP-UHFFFAOYSA-N,484.57800000000026,7.360500000000006,1,3,1,56.209999999999994,4,37
Cc1ccc(S(=O)(=O)NCc2ccc(-c3nnc4n3-c3cccnc3Nc3ccccc3-4)cc2)cc1,CHEMBL3684428,6.96,nM,110.0,nM,110.0,AKT1,110.0,6.958607314841775,PLAHMSPLKMDIEP-UHFFFAOYSA-N,494.58000000000015,4.840220000000004,2,6,0,101.8,5,36
Cc1cccc(S(=O)(=O)NCc2ccc(-c3nnc4n3-c3cccnc3Nc3ccccc3-4)cc2)c1,CHEMBL3684425,6.96,nM,110.0,nM,110.0,AKT1,110.0,6.958607314841775,YNWBCEOGRMKXOE-UHFFFAOYSA-N,494.58000000000015,4.840220000000003,2,6,0,101.8,5,36
NC1(c2ccc(-c3nc4c(C5CC5)cc(Cl)nn4c3-c3ccccc3)cc2)CCC1,CHEMBL6043770,6.96,nM,110.0,nM,110.0,AKT1,110.0,6.958607314841775,CMXJPVLHUSEDKV-UHFFFAOYSA-N,414.94000000000017,5.932000000000004,1,3,1,56.209999999999994,4,30
COC(=O)c1cc(-c2ncc[nH]2)c2nc(-c3ccc(C4(N)CCC4)cc3)c(-c3ccccc3)n2n1,CHEMBL5879349,6.96,nM,110.0,nM,110.0,AKT1,110.0,6.958607314841775,QDCRJDUCEOMMPT-UHFFFAOYSA-N,464.5290000000003,4.577900000000002,2,6,0,111.19,5,35
O=C(N[C@H](c1ccc(Cl)c(Cl)c1)C1CNC1)c1ccc2cnccc2c1,CHEMBL1823656,6.96,nM,110.0,uM,0.11,AKT1,110.0,6.958607314841775,TWAIYMKBHKNSRO-LJQANCHMSA-N,386.28200000000015,4.232100000000003,2,3,0,54.02,4,26
COC(=O)c1ccc2c(c1)nn1cc(-c3ccccc3)c(-c3ccc(C4(N)CCC4)cc3)nc21,CHEMBL3672526,6.96,nM,111.0,nM,111.0,AKT1,111.0,6.954677021213342,SGORBESGYOYWOK-UHFFFAOYSA-N,448.5260000000003,5.341000000000005,1,5,1,82.50999999999999,4,34
O=C(Cc1nc(N2CCOCC2)cc(=O)[nH]1)N1CCc2c(N3CCOCC3)cccc21,CHEMBL3930892,6.96,nM,111.0,nM,111.0,AKT1,111.0,6.954677021213342,JTAHRQMIAGIGNX-UHFFFAOYSA-N,425.4890000000003,0.5749000000000013,1,7,0,91.0,4,31
NC1(c2ccc(-c3nc4cc(Cl)ccn4c3-c3ccccc3)cc2)CCC1,CHEMBL3699742,6.95,nM,113.0,nM,113.0,AKT1,113.0,6.94692155651658,PMLIJZCWPLPZLY-UHFFFAOYSA-N,373.88700000000017,5.659600000000003,1,2,1,43.31999999999999,3,27
N[C@H](Cc1ccc(Cl)cc1)C(=O)N1CCN(c2ncnc3cc[nH]c23)CC1,CHEMBL1258216,6.94,nM,114.0,nM,114.0,AKT1,114.0,6.943095148663527,AXZWPTHKGPEBOZ-OAHLLOKOSA-N,384.8710000000001,1.8299,2,5,0,91.14000000000001,4,27
CCOC(=O)c1c(C)nc(NNC(=O)c2cccc3c(=O)c4ccccc4[nH]c23)nc1-c1ccc(OC)c(OC)c1,CHEMBL4171390,6.94,nM,115.0,nM,115.0,AKT1,115.0,6.939302159646388,GCBFHVMTSRYNKE-UHFFFAOYSA-N,553.5750000000003,4.397520000000003,3,9,1,144.52999999999997,8,41
COc1cc(NC(=O)Cc2nc(N3CCOCC3)cc(=O)n2C)ccc1F,CHEMBL2151934,6.94,nM,115.0,nM,115.0,AKT1,115.0,6.939302159646388,BOTZGFPBBZKZFQ-UHFFFAOYSA-N,376.38800000000003,0.9458000000000002,1,6,0,85.69,5,27
Cc1nc(N)nc2c1cc(-c1cnc3ccccc3c1)c(=O)n2[C@H]1CC[C@@H](OCC(N)=O)CC1,CHEMBL2375959,6.94,nM,116.0,nM,116.0,AKT1,116.0,6.935542010773082,GRHRLQVZBUMCGW-HDICACEKSA-N,458.5220000000004,2.8829200000000004,2,7,0,139.01,5,34
O=C(Cc1nc(N2CCOCC2)cc(=O)[nH]1)Nc1ccc(F)c(Cl)c1,CHEMBL2151926,6.94,nM,116.0,nM,116.0,AKT1,116.0,6.935542010773082,SBBKINLPXCJMBI-UHFFFAOYSA-N,366.7800000000001,1.5801999999999998,2,5,0,87.32000000000001,4,25
NC1(c2ccc(-c3ncc4cnccc4c3-c3ccccc3)cc2)CCC1,CHEMBL2035029,6.93,nM,117.0,uM,0.117,AKT1,117.0,6.931814138253839,RGRNCTMXYHOPHP-UHFFFAOYSA-N,351.45300000000015,5.301700000000003,1,3,1,51.8,3,27
O=C(Cc1nc(N2CCOC(CF)C2)cc(=O)[nH]1)Nc1ccc(F)cc1,CHEMBL3978959,6.93,nM,118.0,nM,118.0,AKT1,118.0,6.928117992693875,DLWUWBRRTLVSOR-UHFFFAOYSA-N,364.35200000000003,1.2648999999999995,2,5,0,87.32000000000001,5,26
CC(=O)Nc1cn2cc(-c3cnc(Cl)c(NS(=O)(=O)c4ccc(F)cc4)c3)ccc2n1,CHEMBL1822057,6.93,nM,118.0,nM,118.0,AKT1,118.0,6.928117992693875,XNIJHVMYDIVRJQ-UHFFFAOYSA-N,459.89000000000016,3.948000000000002,2,5,0,105.46,5,31
N[C@H](Cc1ccc(F)cc1)C(=O)N1CCN(c2ncnc3ccccc23)CC1,CHEMBL1258442,6.93,nM,118.0,nM,118.0,AKT1,118.0,6.928117992693875,DNEJCIZFNVTEHA-GOSISDBHSA-N,379.43900000000014,1.9874999999999996,1,5,0,75.35000000000001,4,28
C[C@@H]1Cc2ccccc2N1C(=O)Cc1nc(N2CCOCC2)c(F)c(=O)n1C,CHEMBL3942235,6.92,nM,120.0,nM,120.0,AKT1,120.0,6.920818753952375,WNDIDRVWGKFTMO-CYBMUJFWSA-N,386.4270000000001,1.2763,0,5,0,67.67,3,28
O=S(=O)(NCc1ccc(-c2nnc3n2-c2cccnc2Nc2ccccc2-3)cc1)c1ccc(F)cc1,CHEMBL3684427,6.92,nM,120.0,nM,120.0,AKT1,120.0,6.920818753952375,NHCREOAPKJGPRM-UHFFFAOYSA-N,498.5430000000002,4.670900000000003,2,6,0,101.8,5,36
Cn1ccc(S(=O)(=O)NCc2ccc(-c3nnc4n3-c3cccnc3Nc3ccccc3-4)cc2)n1,CHEMBL3684414,6.92,nM,120.0,nM,120.0,AKT1,120.0,6.920818753952375,ABZOANINYNNJQF-UHFFFAOYSA-N,484.5450000000002,3.2653000000000016,2,7,0,119.62,5,35
C=Cc1cc(-c2cc[nH]n2)c2nc(-c3ccc(C4(N)CCC4)cc3)c(-c3ccccc3)n2n1,CHEMBL5811366,6.92,nM,120.0,nM,120.0,AKT1,120.0,6.920818753952375,SKQKIRAISXJSEQ-UHFFFAOYSA-N,432.5310000000002,5.434300000000005,2,4,1,84.89,5,33
O=C(NCCc1ccc(-c2nnc3n2-c2cccnc2Nc2ccccc2-3)cc1)Nc1ccccc1,CHEMBL3684420,6.92,nM,120.0,nM,120.0,AKT1,120.0,6.920818753952375,OZHGPIQFTHWGIP-UHFFFAOYSA-N,473.54000000000013,5.417500000000003,3,5,1,96.76,5,36
Cc1ccc(-c2ccc3nn4cc(-c5ccccc5)c(-c5ccc(C6(N)CCC6)cc5)nc4c3c2)cc1,CHEMBL3672533,6.92,nM,120.0,nM,120.0,AKT1,120.0,6.920818753952375,PGEDEBKWIQLBCO-UHFFFAOYSA-N,480.61500000000035,7.529820000000007,1,3,1,56.21,4,37
CC(C)(C)OC(=O)n1ccc2c(NC(=O)Cc3nc(N4CCOCC4)cc(=O)[nH]3)cccc21,CHEMBL3696284,6.92,nM,120.0,nM,120.0,AKT1,120.0,6.920818753952375,VVGQKSVKUYKCNF-UHFFFAOYSA-N,453.49900000000025,2.5256,2,7,0,118.54999999999998,4,33
Cc1cc(C(=O)Nc2ccc(-c3nnc4n3-c3cccnc3Nc3ccccc3-4)cc2)no1,CHEMBL3639832,6.92,nM,120.0,nM,120.0,AKT1,120.0,6.920818753952375,WWVLULFRDVJWMW-UHFFFAOYSA-N,435.4470000000001,4.602020000000002,2,7,0,110.76,3,33
CNCCn1cc(-c2ccnc(C(F)(F)F)c2)nc1C1CCN(c2ncnc(N)c2C2C=NOC2)CC1,CHEMBL3978853,6.92,nM,120.0,nM,120.0,AKT1,120.0,6.920818753952375,VIWNTZJRUNRPFK-UHFFFAOYSA-N,515.5440000000002,3.0391000000000012,2,9,1,119.37,7,37
NC(=O)c1c(N)ncnc1N1CCC(c2nc(-c3ccc(F)c(F)c3)cn2CCN2CCCC2)CC1,CHEMBL3940823,6.92,nM,120.0,nM,120.0,AKT1,120.0,6.920818753952375,QYGYKSCXWILKPY-UHFFFAOYSA-N,496.5660000000004,2.7792000000000003,2,7,0,119.18999999999998,7,36
NC1(c2ccc(-c3nc4ccc(C(F)(F)F)nn4c3-c3ccccc3)cc2)CCC1,CHEMBL5917794,6.92,nM,120.0,nM,120.0,AKT1,120.0,6.920818753952375,KVMOTOQGPQIWGD-UHFFFAOYSA-N,408.4270000000002,5.4200000000000035,1,3,1,56.209999999999994,3,30
O=C(NC(c1cccc(Cl)c1Cl)C1CCNCC1)c1ccc2cnccc2c1,CHEMBL1823642,6.92,nM,120.0,uM,0.12,AKT1,120.0,6.920818753952375,FPARTTUOOZOWFP-UHFFFAOYSA-N,414.3360000000001,5.012300000000003,2,3,1,54.02,4,28
Nc1cc(/C=C/c2cncc(OC[C@@H](N)Cc3c[nH]c4ccccc34)c2)ccn1,CHEMBL381075,6.92,nM,121.0,nM,121.0,AKT1,121.0,6.91721462968355,NGPBCOMMIVWVIT-UEKDZROGSA-N,385.47100000000006,3.6593000000000018,3,5,0,102.83999999999999,7,29
Cl.NC1(C(=O)N[C@@H](C(=O)NO)c2ccccc2)CCN(c2ncnc3[nH]ccc23)CC1,CHEMBL4867186,6.92,nM,121.0,nM,121.0,AKT1,121.0,6.91721462968355,FLXCIQSKMFAMNL-OAHLLOKOSA-N,445.9110000000003,1.0403000000000004,5,7,0,149.26,5,31
N[C@H](COc1cncc(-c2ccc3cnc(-c4ccncc4)cc3c2)c1)Cc1c[nH]c2ccccc12,CHEMBL209564,6.91,nM,122.0,nM,122.0,AKT1,122.0,6.913640169325252,WLJNONUDPIMAJC-SANMLTNESA-N,471.5640000000002,5.7889000000000035,2,5,1,89.71000000000001,7,36
Cn1c(CC(=O)N2CCc3ccc(F)cc32)nc(N2CCOCC2)cc1=O,CHEMBL3699787,6.91,nM,124.0,nM,124.0,AKT1,124.0,6.906578314837765,FCPLMXRFDGHVLJ-UHFFFAOYSA-N,372.40000000000026,0.8877999999999997,0,5,0,67.67000000000002,3,27
O=C(Cc1nc(N2CCOCC2)cc(=O)[nH]1)N1CCc2cc(Cl)ccc21,CHEMBL3112592,6.91,nM,124.0,nM,124.0,AKT1,124.0,6.906578314837765,UJUIPZRMKOMRCU-UHFFFAOYSA-N,374.82800000000015,1.3917,1,5,0,78.53,3,26
CCn1c(-c2nonc2N)nc2cncc(C(=O)NCCNC)c21,CHEMBL506153,6.9,nM,126.0,uM,0.126,AKT1,126.0,6.899629454882437,RIIYKHQJSKRYKG-UHFFFAOYSA-N,330.3520000000001,0.03260000000000002,3,8,0,136.78,6,24
Cc1n[nH]c2ccc(-c3cncc(OC[C@@H](N)Cc4cccc(-c5ccccc5)c4)c3)cc12,CHEMBL389468,6.9,nM,126.0,nM,126.0,AKT1,126.0,6.899629454882437,MIDLLPGHBVGNMV-VWLOTQADSA-N,434.54300000000006,5.549120000000004,2,4,1,76.82,7,33
O=c1ccc(-c2nnc(C3CCN(Cc4ccc(-c5nc6nc(N7CCN(CCO)CC7)ncc6cc5-c5ccccc5)cc4)CC3)[nH]2)c[nH]1,CHEMBL502113,6.9,nM,127.0,nM,127.0,AKT1,127.0,6.896196279044043,FMJIJXDBIQVBDD-UHFFFAOYSA-N,668.8060000000003,4.326100000000002,3,10,1,143.04999999999998,9,50
CC(C)NC[C@@H](Cc1ccc(Cl)cc1)C(=O)N1CCN(c2ncnc3c2[C@H](C)SC3)CC1,CHEMBL1632385,6.9,nM,127.0,nM,127.0,AKT1,127.0,6.896196279044043,KTOSTKQYNJBYHF-PKOBYXMFSA-N,474.07400000000035,3.9433000000000034,1,6,0,61.36000000000001,7,32
Cn1c(CC(=O)Nc2ccc(F)c(Cl)c2)nc(N2CCOC(CF)C2)cc1=O,CHEMBL3983824,6.9,nM,127.0,nM,127.0,AKT1,127.0,6.896196279044043,LFIVWJHVKDOCCY-UHFFFAOYSA-N,412.82400000000024,1.9286999999999999,1,5,0,76.46000000000001,5,28
N#Cc1ccc(-c2cnc3cc(-c4ccccc4)c(-c4ccc(C5(N)CCC5)cc4)nn23)cc1,CHEMBL3672482,6.89,nM,129.0,nM,129.0,AKT1,129.0,6.889410289700751,SIJYECHRSBRGNR-UHFFFAOYSA-N,441.53800000000024,5.939880000000006,1,4,1,80.0,4,34
NC1(c2ccc(-c3nc4cc(-c5cccnc5)ccn4c3-c3ccccc3)cc2)CCC1,CHEMBL3703105,6.89,nM,129.0,nM,129.0,AKT1,129.0,6.889410289700751,ZFZHMEKRPREPAJ-UHFFFAOYSA-N,416.52800000000025,6.0682000000000045,1,3,1,56.209999999999994,4,32
Cn1c(CC(=O)Nc2ccc(F)c(F)c2)nc(N2CCOCC2)cc1=O,CHEMBL2151932,6.89,nM,129.0,nM,129.0,AKT1,129.0,6.889410289700751,GJTBVVJONJTXEZ-UHFFFAOYSA-N,364.3520000000002,1.0763,1,5,0,76.46000000000001,4,26
Nc1ncnc2nc(-c3ccc(CN4CCC(n5cnc6c(N)ncnc65)CC4)cc3)c(-c3ccccc3)cc12,CHEMBL255360,6.89,nM,129.0,nM,129.0,AKT1,129.0,6.889410289700751,WFWTUJWPLXFJBT-UHFFFAOYSA-N,528.6240000000003,4.500000000000003,2,9,1,137.54999999999998,5,40
O=C(Nc1ccc(-c2nnc3n2-c2cccnc2Nc2ccccc2-3)cc1)c1ccco1,CHEMBL3684360,6.89,nM,130.0,nM,130.0,AKT1,130.0,6.886056647693163,NGWZGQJUTNDVDF-UHFFFAOYSA-N,420.43200000000013,4.898600000000003,2,6,0,97.87,3,32
CCOc1cccn2c(-c3ccccc3)c(-c3ccc(C4(N)CCC4)cc3)nc12,CHEMBL3699698,6.89,nM,130.0,nM,130.0,AKT1,130.0,6.886056647693163,POVSBIPSJMIOSH-UHFFFAOYSA-N,383.49500000000023,5.404900000000005,1,3,1,52.55,5,29
N#Cc1c(N)ncnc1N1CCC(c2nc(-c3ccc(F)c(C(F)(F)F)c3)cn2CCO)CC1,CHEMBL3913464,6.89,nM,130.0,nM,130.0,AKT1,130.0,6.886056647693163,WRWWQYDXUXWNBS-UHFFFAOYSA-N,475.4500000000002,3.3281800000000015,2,7,0,116.88000000000001,5,34
NC(=O)c1ccc(NC2CNCCC2c2ccc(Cl)c(F)c2)c2cncnc12,CHEMBL3896518,6.89,nM,130.0,nM,130.0,AKT1,130.0,6.886056647693163,NSHZNQHXFGNGRZ-UHFFFAOYSA-N,399.8570000000001,3.078800000000002,3,5,0,92.93,4,28
CCc1c(N)ncnc1N1CCC(c2nc(-c3ccc(F)cc3)cn2CCN2CC3(COC3)C2)CC1,CHEMBL3909262,6.89,nM,130.0,nM,130.0,AKT1,130.0,6.886056647693163,VYDMLEVVUWMMDW-UHFFFAOYSA-N,491.6150000000004,3.3400000000000025,1,7,0,85.33000000000001,7,36
NC1(c2ccc(-c3nc4ccc(C(=O)NCCO)nn4c3-c3ccccc3)cc2)CCC1,CHEMBL5814250,6.89,nM,130.0,nM,130.0,AKT1,130.0,6.886056647693163,ZUCVBFHYKLSWQF-UHFFFAOYSA-N,427.5080000000002,3.1233000000000013,3,5,0,105.53999999999999,6,32
NC1(c2ccc(-c3nnc4n3-c3cccnc3Nc3ccc(Br)cc3-4)cc2)CCC1,CHEMBL3684528,6.89,nM,130.0,nM,130.0,AKT1,130.0,6.886056647693163,XZNDWUDXBMHLSN-UHFFFAOYSA-N,459.3510000000002,5.153700000000002,2,5,1,81.65,2,30
COc1cccc(NC(=O)NCc2ccc(-c3nnc4n3-c3cccnc3Nc3ccccc3-4)cc2)c1,CHEMBL3684433,6.89,nM,130.0,nM,130.0,AKT1,130.0,6.886056647693163,KYQPZXRNILHAPX-UHFFFAOYSA-N,489.53900000000016,5.383600000000003,3,6,1,105.99,5,37
COc1ccnn2c(-c3ccccc3)c(-c3ccc(C4(N)CCC4)cc3)nc12,CHEMBL5796851,6.89,nM,130.0,nM,130.0,AKT1,130.0,6.886056647693163,WJZOIXHHMJIGAB-UHFFFAOYSA-N,370.45600000000024,4.409800000000003,1,4,0,65.44,4,28
Nn1c(CC(=O)N2CCc3ccccc32)nc(N2CCOCC2)cc1=O,CHEMBL3932244,6.88,nM,131.0,nM,131.0,AKT1,131.0,6.882728704344236,OMBNVAHITMKWLB-UHFFFAOYSA-N,355.39800000000025,-0.07450000000000045,1,6,0,93.69,3,26
Nc1nn(CCO)c2nc(-c3ccc(CN4CCC(n5c(=O)[nH]c6ccccc65)CC4)cc3)c(-c3ccccc3)cc12,CHEMBL255559,6.88,nM,131.0,nM,131.0,AKT1,131.0,6.882728704344236,YRJDTLJIZXAPEA-UHFFFAOYSA-N,559.6740000000002,4.819900000000003,3,6,1,117.98999999999998,7,42
O=C(Cc1nc(N2CCOCC2)cc(=O)[nH]1)Nc1ccc(F)cc1Br,CHEMBL3696280,6.88,nM,131.0,nM,131.0,AKT1,131.0,6.882728704344236,KWLIFCZMTSKRDP-UHFFFAOYSA-N,411.23100000000005,1.6892999999999996,2,5,0,87.32000000000001,4,25
NC1(c2ccc(-c3nc4cc(C(=O)NO)ccn4c3-c3ccccc3)cc2)CCC1,CHEMBL3703119,6.88,nM,132.0,nM,132.0,AKT1,132.0,6.87942606879415,DRBMEYLWCNBQFV-UHFFFAOYSA-N,398.4660000000002,4.125200000000003,3,4,0,92.64999999999999,4,30
Cn1c(CC(=O)Nc2cccc(C3CC3)c2)nc(N2CCOCC2)cc1=O,CHEMBL3696292,6.88,nM,133.0,nM,133.0,AKT1,133.0,6.876148359032914,ZROMKCFQVFBXKC-UHFFFAOYSA-N,368.43700000000024,1.6755,1,5,0,76.46000000000001,5,27
O=C(Cc1nc(N2CCOCC2)cc(=O)[nH]1)N1CCc2ccccc21,CHEMBL3112690,6.88,nM,133.0,nM,133.0,AKT1,133.0,6.876148359032914,XLUFPHQRHPTDJA-UHFFFAOYSA-N,340.3830000000001,0.7383000000000004,1,5,0,78.53,3,25
O=C(Cc1nc(N2CCOCC2)cc(=O)[nH]1)Nc1cccc(I)c1,CHEMBL3696272,6.86,nM,137.0,nM,137.0,AKT1,137.0,6.863279432843593,HLVQBVSZDYTDDV-UHFFFAOYSA-N,440.24100000000004,1.3922999999999999,2,5,0,87.32000000000001,4,24
CSc1ncc2cc(-c3ccccc3)c(-c3ccc(CNCCCn4ccnc4)cc3)nc2n1,CHEMBL252259,6.86,nM,137.0,nM,137.0,AKT1,137.0,6.863279432843593,ZOGXVEIGBUMVTR-UHFFFAOYSA-N,466.61400000000026,5.457100000000006,1,6,1,68.52000000000001,9,34
CCc1nc2cnc3ccc(C#Cc4cccnc4)cc3c2n1-c1ccc(CC#N)cc1,CHEMBL270640,6.86,nM,138.0,nM,138.0,AKT1,138.0,6.860120913598763,PPMVOOTZFOABKA-UHFFFAOYSA-N,413.4840000000002,4.996980000000004,0,4,0,67.39,3,32
COc1cc(-c2cnc[nH]2)cn2c(-c3ccccc3)c(-c3ccc(C4(N)CCC4)cc3)nc12,CHEMBL3703139,6.86,nM,139.0,nM,139.0,AKT1,139.0,6.856985199745905,XBISPBWLIODRFQ-UHFFFAOYSA-N,435.5310000000003,5.404900000000005,2,4,1,81.22999999999999,5,33
CSc1ncc2cc(-c3ccccc3)c(-c3ccc(CNCCc4nc[nH]n4)cc3)nc2n1,CHEMBL252055,6.86,nM,139.0,nM,139.0,AKT1,139.0,6.856985199745905,KDUCDPQJPZCUHG-UHFFFAOYSA-N,453.5750000000002,4.531100000000003,2,7,0,92.27000000000001,8,33
CC(C#N)c1ccc(-n2cnc3cnc4ccc(C#Cc5cccnc5)cc4c32)cc1,CHEMBL404024,6.86,nM,139.0,nM,139.0,AKT1,139.0,6.856985199745905,JPILNANJKLSYFG-UHFFFAOYSA-N,399.4570000000001,4.995580000000004,0,4,0,67.39,2,31
CC(=O)Nc1ccc(S(=O)(=O)NCc2ccc(-c3nnc4n3-c3cccnc3Nc3ccccc3-4)cc2)cc1,CHEMBL3684430,6.85,nM,140.0,nM,140.0,AKT1,140.0,6.853871964321762,GMSICEMXEVDASA-UHFFFAOYSA-N,537.6050000000002,4.490200000000002,3,7,1,130.89999999999998,6,39
COc1cccc(S(=O)(=O)NCc2ccc(-c3nnc4n3-c3cccnc3Nc3ccccc3-4)cc2)c1,CHEMBL3684424,6.85,nM,140.0,nM,140.0,AKT1,140.0,6.853871964321762,RJLZXOBAGVYDJS-UHFFFAOYSA-N,510.5790000000001,4.5404000000000035,2,7,1,111.03000000000002,6,37
O=S(=O)(NCc1ccc(-c2nnc3n2-c2cccnc2Nc2ccccc2-3)cc1)c1ccccc1,CHEMBL3684411,6.85,nM,140.0,nM,140.0,AKT1,140.0,6.853871964321762,MLJDPODNZKLYFE-UHFFFAOYSA-N,480.55300000000017,4.531800000000003,2,6,0,101.8,5,35
CC(F)(C(=O)N1CCc2c(F)cccc21)c1nc(N2CCOCC2)cc(=O)[nH]1,CHEMBL3947247,6.85,nM,140.0,nM,140.0,AKT1,140.0,6.853871964321762,JJUJIHUYMWGRKV-UHFFFAOYSA-N,390.3900000000002,1.5196,1,5,0,78.53,3,28
NC1(c2ccc(-c3nc4c(C5CC5)cccn4c3-c3ccccc3)cc2)CCC1,CHEMBL3699723,6.85,nM,140.0,nM,140.0,AKT1,140.0,6.853871964321762,RHAMTEMTFSTAJW-UHFFFAOYSA-N,379.5070000000001,5.883600000000004,1,2,1,43.31999999999999,4,29
NC1(c2ccc(-c3nnc4n3-c3cccnc3Nc3ccccc3-4)cc2)CC1,CHEMBL3684531,6.85,nM,140.0,nM,140.0,AKT1,140.0,6.853871964321762,RMFVLDWWNOARPU-UHFFFAOYSA-N,366.42800000000017,4.001100000000003,2,5,0,81.65,2,28
N#Cc1cccc(-c2ccc3c(c2)nn2cc(-c4ccccc4)c(-c4ccc(C5(N)CCC5)cc4)nc32)c1,CHEMBL3672518,6.85,nM,140.0,nM,140.0,AKT1,140.0,6.853871964321762,HKQRPNIRZQECPA-UHFFFAOYSA-N,491.5980000000003,7.093080000000006,1,4,1,80.0,4,38
NC(=O)c1c(N)ncnc1N1CCC(c2nc(-c3ccc(F)c(F)c3)cn2CCN2CCC2)CC1,CHEMBL3985709,6.85,nM,140.0,nM,140.0,AKT1,140.0,6.853871964321762,ZGVJCAMSCAQSAM-UHFFFAOYSA-N,482.5390000000003,2.3891,2,7,0,119.18999999999998,7,35
N#Cc1c(N)ncnc1N1CCC(c2nc(-c3ccccc3F)cn2CCN2CCC2)CC1,CHEMBL3905622,6.85,nM,140.0,nM,140.0,AKT1,140.0,6.853871964321762,UHKHLFSIUKCZQE-UHFFFAOYSA-N,446.53400000000033,3.022780000000002,1,7,0,99.89,6,33
C[C@H]1Cc2ccccc2N1C(=O)Cc1nc(N2CCOCC2)c(Cl)c(=O)[nH]1,CHEMBL3952768,6.85,nM,140.0,nM,140.0,AKT1,140.0,6.853871964321762,FFFILOSSDUZAHZ-LBPRGKRZSA-N,388.8550000000001,1.7802,1,5,0,78.53,3,27
[C-]#[N+]c1ccc(C(=O)Nc2ccc(-c3nnc4n3-c3cccnc3Nc3ccccc3-4)cc2)cc1,CHEMBL3684349,6.85,nM,140.0,nM,140.0,AKT1,140.0,6.853871964321762,XOVMNEWCJUOMDO-UHFFFAOYSA-N,455.4810000000001,5.856390000000003,2,5,1,89.09,3,35
O=C(NC(c1cnc(Cl)c(Cl)c1)C1CCNCC1)c1ccc2cnccc2c1,CHEMBL1823644,6.85,nM,140.0,uM,0.14,AKT1,140.0,6.853871964321762,SFUDYIVRGZHMST-UHFFFAOYSA-N,415.3240000000002,4.407300000000003,2,4,0,66.91,4,28
O=C(NC(c1ccc(Cl)c(Cl)c1)C1CCNCC1)c1ccc2cnc(Cl)cc2c1,CHEMBL1823652,6.85,nM,140.0,uM,0.14,AKT1,140.0,6.853871964321762,UVUBWDHJWHNJKU-UHFFFAOYSA-N,448.7810000000001,5.665700000000004,2,3,1,54.02,4,29
N#Cc1cc(Cl)c2nc(-c3ccc(C4(N)CCC4)cc3)c(-c3ccccc3)n2c1,CHEMBL3703171,6.85,nM,141.0,nM,141.0,AKT1,141.0,6.85078088734462,VHGGDRGBYFHHAS-UHFFFAOYSA-N,398.89700000000005,5.531280000000004,1,3,1,67.11,3,29
N[C@H](CNc1ncc(-c2ccc3nnccc3c2)s1)Cc1ccc(C(F)(F)F)cc1,CHEMBL1081974,6.85,nM,141.0,nM,141.0,AKT1,141.0,6.85078088734462,XWGKGOGQMKSECF-KRWDZBQOSA-N,429.4710000000001,4.754000000000003,2,6,0,76.72,6,30
N[C@H](Cc1ccc(Cl)cc1Cl)C(=O)N1CCN(c2ncnc3ccccc23)CC1,CHEMBL1258779,6.85,nM,142.0,nM,142.0,AKT1,142.0,6.847711655616943,NGVSHWHRVJKJGY-GOSISDBHSA-N,430.3390000000002,3.1552000000000016,1,5,0,75.35000000000001,4,29
COc1ccn2c(-c3ccccc3)c(-c3ccc(C4(N)CCC4)cc3)nc2n1,CHEMBL3699680,6.85,nM,142.0,nM,142.0,AKT1,142.0,6.847711655616943,CBOPZRDROLVYRN-UHFFFAOYSA-N,370.4560000000002,4.409800000000003,1,4,0,65.44,4,28
NC1(c2ccc(-c3nc4c(F)cccn4c3-c3ccccc3)cc2)CCC1,CHEMBL3699720,6.85,nM,142.0,nM,142.0,AKT1,142.0,6.847711655616943,OZHUDFAFDJKZSG-UHFFFAOYSA-N,357.43200000000013,5.145300000000003,1,2,1,43.31999999999999,3,27
N[C@H](COc1cncc(/C=C/c2ccncc2)c1)Cc1csc2ccccc12,CHEMBL206183,6.85,nM,142.0,nM,142.0,AKT1,142.0,6.847711655616943,ALSZXGSHRCOWIC-XJDXJNMNSA-N,387.5080000000001,4.810500000000004,1,5,0,61.03,7,28
CNC(=O)c1ccc2nc(-c3ccc(C4(N)CCC4)cc3)c(-c3ccccc3)n2c1,CHEMBL3699689,6.84,nM,144.0,nM,144.0,AKT1,144.0,6.841637507904751,MGFSZAHJUZQYSI-UHFFFAOYSA-N,396.494,4.365800000000003,2,3,0,72.42,4,30
CCc1cc2cc(-c3cncc(OC[C@@H](N)Cc4c[nH]c5ccccc45)c3)ccc2cn1,CHEMBL206924,6.84,nM,144.0,nM,144.0,AKT1,144.0,6.841637507904751,KISYDVRODSVDKM-QHCPKHFHSA-N,422.53200000000004,5.289300000000003,2,4,1,76.82,7,32
N#Cc1ccn2c(-c3ccccc3)c(-c3ccc(C4(N)CCC4)cc3)nc2c1,CHEMBL3699686,6.84,nM,145.0,nM,145.0,AKT1,145.0,6.838631997765025,IWPHXFMQLJNWQA-UHFFFAOYSA-N,364.45200000000017,4.877880000000004,1,3,0,67.11,3,28
CN(C)c1cccc(NC(=O)Cc2nc(N3CCOCC3)cc(=O)[nH]2)c1,CHEMBL3696235,6.84,nM,145.0,nM,145.0,AKT1,145.0,6.838631997765025,IVFOBKYEAMKEIK-UHFFFAOYSA-N,357.41400000000004,0.8536999999999999,2,6,0,90.56,5,26
N[C@H](COc1cncc(/C=C/c2ccncc2)c1)Cc1ccc2ccccc2c1,CHEMBL381328,6.84,nM,146.0,nM,146.0,AKT1,146.0,6.835647144215563,SSHCMKZQSHDADT-ZFTMLNQLSA-N,381.4790000000001,4.749000000000004,1,4,0,61.03,7,29
O=C(Cc1nc(N2CCOCC2)cc(=O)[nH]1)Nc1cccc(OC2CCCC2)c1,CHEMBL3696266,6.84,nM,146.0,nM,146.0,AKT1,146.0,6.835647144215563,SLSSSQOQLXPVKO-UHFFFAOYSA-N,398.46300000000025,2.109099999999999,2,6,0,96.55000000000001,6,29
CC(C)NC[C@@H](C(=O)N1CCN(c2ncnc3c2N(C)C(=O)CN3)CC1)c1ccc(Cl)cc1,CHEMBL5205187,6.84,nM,146.0,nM,146.0,AKT1,146.0,6.835647144215563,TXIKLFZDDZQLFG-GOSISDBHSA-N,471.9930000000003,1.9486999999999994,2,7,0,93.70000000000002,6,33
NC1(c2ccc(-c3nn4c(-c5ccc(O)nc5)cnc4cc3-c3ccccc3)cc2)CCC1,CHEMBL3672494,6.84,nM,146.0,nM,146.0,AKT1,146.0,6.835647144215563,BTLHZIYQLQSGEY-UHFFFAOYSA-N,433.51500000000027,5.168800000000003,2,5,1,89.33,4,33
N[C@H](COc1cncc(/C=C/c2ccnc(NCc3ccccc3)c2)c1)Cc1c[nH]c2ccccc12,CHEMBL381610,6.83,nM,147.0,nM,147.0,AKT1,147.0,6.8326826652518236,VYSCVTWBPNLALC-BKRCECSGSA-N,475.5960000000002,5.689200000000005,3,5,1,88.85,10,36
O=C(Cc1nc(N2CCOCC2)cc(=O)[nH]1)Nc1cccc2ocnc12,CHEMBL3696259,6.83,nM,148.0,nM,148.0,AKT1,148.0,6.8297382846050425,GDUFTFSCUQXPRR-UHFFFAOYSA-N,355.3540000000001,0.9288999999999995,2,7,0,113.35000000000001,4,26
Cc1nc(N)nc2c1cc(-c1cn[nH]c1)c(=O)n2[C@H]1CC[C@@H](OCC(N)=O)CC1,CHEMBL2375962,6.83,nM,148.0,nM,148.0,AKT1,148.0,6.8297382846050425,NNXNZTDFLLHLOS-BETUJISGSA-N,397.4390000000003,1.0578199999999995,3,7,0,154.79999999999998,5,29
CCc1cc(OC)c2nc(-c3ccc(C4(N)CCC4)cc3)c(-c3ccccc3)n2c1,CHEMBL3703138,6.83,nM,148.0,nM,148.0,AKT1,148.0,6.8297382846050425,YYGYICYUALVYOQ-UHFFFAOYSA-N,397.52200000000005,5.577200000000005,1,3,1,52.55,5,30
C[C@H]1O[C@@H]2CC(=O)O[C@@H]2C2=C1C(=O)c1c(ccc([C@H]3C[C@@H](N(C)C)[C@H](O)[C@@H](C)O3)c1O)C2=O,CHEMBL2216825,6.83,nM,149.0,nM,149.0,AKT1,149.0,6.826813731587726,NYJGMJFBEVSQNN-CNRHASOASA-N,457.4790000000002,1.3116,2,9,0,122.60000000000002,2,33
CC(NC(=O)C1(N)CCN(c2ncnc3[nH]ccc23)CC1)c1ccccc1,CHEMBL2325986,6.83,nM,149.0,nM,149.0,AKT1,149.0,6.826813731587726,YNLYLPHADLWJIV-UHFFFAOYSA-N,364.4530000000002,2.133,3,5,0,99.93,4,27
Cn1ncc(Cl)c1-c1cc(C(=O)N[C@@H]2CNCC[C@H]2c2ccc(Cl)cc2)n(C)c1Cl,CHEMBL4446884,6.83,nM,149.3,nM,149.3,AKT1,149.3,6.825940192274975,DMUZNAYVDHFCSL-WMLDXEAASA-N,466.8000000000002,4.261300000000003,2,3,0,63.88,4,30
C[C@H]1O[C@@H]2CC(=O)O[C@@H]2C2=C1C(=O)c1ccccc1C2=O,CHEMBL522996,6.82,nM,150.0,nM,150.0,AKT1,150.0,6.823908740944319,CLQWEHDPSOGFQR-FJHWUWLYSA-N,284.26700000000005,1.465,0,5,0,69.67,0,21
NC1(c2ccc(-c3nc4cc(Cl)c(Cl)cn4c3-c3ccccc3)cc2)CCC1,CHEMBL3699756,6.82,nM,150.0,nM,150.0,AKT1,150.0,6.823908740944319,WLFAMTKOKLCOTJ-UHFFFAOYSA-N,408.3320000000002,6.313000000000004,1,2,1,43.31999999999999,3,28
Cc1cc(-c2cn(CCNC3CC3)c(C3CCN(c4ncnc(N)c4-c4cn[nH]c4)CC3)n2)ccc1F,CHEMBL3983786,6.82,nM,150.0,nM,150.0,AKT1,150.0,6.823908740944319,PDWXUDFNTMNSTQ-UHFFFAOYSA-N,501.6140000000002,3.895920000000002,3,7,1,113.57000000000001,8,37
Cc1cc(-c2cccnc2)c2nc(-c3ccc(C4(N)CCC4)cc3)c(-c3ccccc3)n2c1,CHEMBL3699763,6.82,nM,150.0,nM,150.0,AKT1,150.0,6.823908740944319,DVQPLUOKKCUTKU-UHFFFAOYSA-N,430.5550000000002,6.376620000000005,1,3,1,56.209999999999994,4,33
COc1ccc(C[C@@H](N)C(=O)N2CCN(c3ncnc4ccccc34)CC2)cc1,CHEMBL1258550,6.82,nM,150.0,nM,150.0,AKT1,150.0,6.823908740944319,DNOXKZASDOBDFG-LJQANCHMSA-N,391.47500000000014,1.8570000000000002,1,6,0,84.58,5,29
O=C(Nc1ccc(-c2nnc3n2-c2cccnc2Nc2ccccc2-3)cc1)c1ccc(F)c(F)c1,CHEMBL3684348,6.82,nM,150.0,nM,150.0,AKT1,150.0,6.823908740944319,REHSSNAIYFMQST-UHFFFAOYSA-N,466.45100000000014,5.583800000000002,2,5,1,84.73,3,35
Cc1nnc(-c2ccccc2Nc2ncnc3[nH]ccc23)[nH]1,CHEMBL428963,6.82,nM,151.0,nM,151.0,AKT1,151.0,6.82102305270683,OKGCSZUKOGMZAL-UHFFFAOYSA-N,291.31800000000004,2.79502,3,5,0,95.16999999999999,3,22
NC1(c2ccc(-c3nc4ccccn4c3-c3ccccc3)cc2)CCC1,CHEMBL2035021,6.82,nM,151.0,nM,151.0,AKT1,151.0,6.82102305270683,ABXVUGZVUCYNCO-UHFFFAOYSA-N,339.4420000000002,5.006200000000003,1,2,1,43.31999999999999,3,26
NC1(c2ccc(-c3nc4cc(-c5cc[nH]n5)ccn4c3-c3ccccc3)cc2)CCC1,CHEMBL3703107,6.82,nM,153.0,nM,153.0,AKT1,153.0,6.815308569182402,DNLPIJXLHBUSLS-UHFFFAOYSA-N,405.5050000000002,5.396300000000004,2,3,1,72.0,4,31
O=C(Cc1nc(N2CCOCC2)cc(=O)[nH]1)N1CC2(CCOCC2)c2ccccc21,CHEMBL3904288,6.81,nM,155.0,nM,155.0,AKT1,155.0,6.809668301829708,XYFUKFPWEIDBQI-UHFFFAOYSA-N,410.4740000000003,1.2440000000000004,1,6,0,87.76,3,30
C[C@H]1Cc2ccccc2N1C(=O)Cc1nc(N2CCOC(CO)C2)cc(=O)[nH]1,CHEMBL3899292,6.81,nM,156.0,nM,156.0,AKT1,156.0,6.806875401645538,CVYNDVPEEURJCK-CFMCSPIPSA-N,384.43600000000004,0.4876999999999997,2,6,0,98.75999999999999,4,28
c1ccc(-c2cn3ccnc3nc2-c2ccc(CN3CCC(c4nc5ccncc5[nH]4)CC3)cc2)cc1,CHEMBL3667045,6.8,nM,157.0,nM,157.0,AKT1,157.0,6.804100347590766,JYDUMJHVIAOWOQ-UHFFFAOYSA-N,485.59500000000025,5.714200000000004,1,5,1,75.0,5,37
Cn1c(CC(=O)N2CCc3c(F)cccc32)nc(N2CCOCC2)c(F)c1=O,CHEMBL3956312,6.8,nM,158.0,nM,158.0,AKT1,158.0,6.801342913045577,SWCIVZLVRIKWKS-UHFFFAOYSA-N,390.39000000000027,1.0269000000000001,0,5,0,67.67000000000002,3,28
COC(=O)COc1ccn2c(-c3ccccc3)c(-c3ccc(C4(N)CCC4)cc3)nc2c1,CHEMBL3703161,6.8,nM,158.0,nM,158.0,AKT1,158.0,6.801342913045577,UFOIRIHRBHLNIF-UHFFFAOYSA-N,427.50400000000025,4.558000000000003,1,5,0,78.85,6,32
NCCNC(=O)c1cc(Br)c(-c2ccnc3[nH]ccc23)s1,CHEMBL470409,6.8,nM,158.0,nM,158.0,AKT1,158.0,6.801342913045577,JWMDMQGOJLNOPE-UHFFFAOYSA-N,365.25600000000003,2.742400000000001,3,4,0,83.79999999999998,4,21
Cc1ccc(S(=O)(=O)NC[C@@H](O)CN2CCC[C@@]3(CCN(c4ncnc(N)c4C4CC4)C3)C2)c(C)c1,CHEMBL1760774,6.8,nM,160.0,uM,0.16,AKT1,160.0,6.795880017344075,ZSHIEONBZRBQOM-QFQXNSOFSA-N,514.6960000000005,2.1847399999999997,3,8,1,124.67999999999999,8,36
NC1(c2ccc(-c3nc4c5cccc(-c6cn[nH]c6)c5nn4cc3-c3ccccc3)cc2)CCC1,CHEMBL3672549,6.8,nM,160.0,nM,160.0,AKT1,160.0,6.795880017344075,GMNRWIFWEPXNOP-UHFFFAOYSA-N,456.5530000000003,5.944500000000003,2,4,1,84.89,4,35
O=C(Nc1ccc(-c2nnc3n2-c2cccnc2Nc2ccccc2-3)cc1)c1cnc2ccccc2n1,CHEMBL3684365,6.8,nM,160.0,nM,160.0,AKT1,160.0,6.795880017344075,HMABXTCQFLMGKB-UHFFFAOYSA-N,482.5070000000002,5.248800000000003,2,7,1,110.51,3,37
CC(C)NC(c1ccc(Cl)cc1)c1ccc(-c2ncnc3[nH]cnc23)cc1,CHEMBL3113129,6.8,nM,160.0,uM,0.16,AKT1,160.0,6.795880017344075,ULSOWTDYCOZTGW-UHFFFAOYSA-N,377.879,4.760700000000003,2,4,0,66.49000000000001,5,27
COc1ccc(O)c(C(=O)c2ccc(/C=C/[C@@H]3CCCNC[C@H]3NC(=O)c3ccncc3)cc2)c1F.Cl,CHEMBL1204095,6.8,nM,160.0,nM,160.0,AKT1,160.0,6.795880017344075,QXALMENQPNPILV-ANFMQWFKSA-N,526.0080000000002,4.399100000000004,3,6,1,100.55,7,37
Cn1cc(-c2ccc(F)c(C(F)(F)F)c2)nc1C1CCN(c2ncnc(N)c2C=O)CC1,CHEMBL3904322,6.8,nM,160.0,nM,160.0,AKT1,160.0,6.795880017344075,OHPGVBAFZWTDHG-UHFFFAOYSA-N,448.42400000000026,3.8137000000000016,1,6,0,89.93,4,32
N#Cc1c(N)ncnc1N1CCC(c2nc(-c3ccc(F)c(C(F)(F)F)c3)cn2C2CCNCC2)CC1,CHEMBL3906695,6.8,nM,160.0,nM,160.0,AKT1,160.0,6.795880017344075,XCTRDYNPZXNINO-UHFFFAOYSA-N,514.5310000000002,4.260380000000003,2,7,1,108.68,4,37
COc1ccc(C(=O)Nc2ccc(-c3nnc4n3-c3cccnc3Nc3ccccc3-4)cc2)cc1,CHEMBL3684342,6.8,nM,160.0,nM,160.0,AKT1,160.0,6.795880017344075,AHYNCHMIMGBSKQ-UHFFFAOYSA-N,460.4970000000001,5.314200000000003,2,6,1,93.96,4,35
Nc1nccc2cc(-c3cncc(OC[C@@H](N)Cc4c[nH]c5ccccc45)c3)ccc12,CHEMBL208962,6.8,nM,160.0,nM,160.0,AKT1,160.0,6.795880017344075,OIOSZWHRMMGGEC-FQEVSTJZSA-N,409.49300000000005,4.309100000000003,3,5,0,102.84,6,31
COc1cccc(C(=O)Nc2ccc(-c3nnc4n3-c3cccnc3Nc3ccccc3-4)cc2)c1,CHEMBL3684338,6.8,nM,160.0,nM,160.0,AKT1,160.0,6.795880017344075,KPNQQUWRVFXSLZ-UHFFFAOYSA-N,460.4970000000001,5.314200000000003,2,6,1,93.96,4,35
CCc1c(N)ncnc1N1CCC(c2nc(-c3ccc(OC)c(C(N)=O)c3)cn2CCN2CCC2)CC1,CHEMBL3950201,6.8,nM,160.0,nM,160.0,AKT1,160.0,6.795880017344075,KAMPZQNJPKFZFG-UHFFFAOYSA-N,504.63900000000046,2.6819000000000006,2,8,1,128.42000000000002,9,37
CCc1cc(CC)c2nc(-c3ccc(C4(N)CCC4)cc3)c(-c3ccccc3)n2n1,CHEMBL5862997,6.8,nM,160.0,nM,160.0,AKT1,160.0,6.795880017344075,YDHIPMITJBJKQC-UHFFFAOYSA-N,396.538,5.526000000000005,1,3,1,56.209999999999994,5,30
CSc1ncc2cc(-c3ccccc3)c(-c3ccc(CNCCc4n[nH]c(C)n4)cc3)nc2n1,CHEMBL403355,6.79,nM,162.0,nM,162.0,AKT1,162.0,6.790484985457369,AYDUKKLNEOXCBX-UHFFFAOYSA-N,467.60200000000026,4.839520000000004,2,7,0,92.27000000000001,8,34
Cn1nccc1-c1oc(C(=O)N[C@@H]2CNCC[C@H]2c2ccc(Cl)cc2)cc1Br,CHEMBL4544411,6.79,nM,162.5,nM,162.5,AKT1,162.5,6.789146634685107,SYVWLBAQTJCGHV-GOEBONIOSA-N,463.7630000000001,3.9715000000000025,2,4,0,72.09,4,28
CCNc1cc(/C=C/c2cncc(OC[C@@H](N)Cc3c[nH]c4ccccc34)c2)ccn1,CHEMBL382914,6.79,nM,163.0,nM,163.0,AKT1,163.0,6.787812395596042,MINCWMVJSPHHTM-CQQBXOTJSA-N,413.52500000000003,4.508900000000002,3,5,0,88.85000000000001,9,31
CCC[C@H]1O[C@@H]2CC(=O)O[C@@H]2C2=C1C(=O)c1ccccc1C2=O,CHEMBL475826,6.79,nM,163.0,uM,0.163,AKT1,163.0,6.787812395596042,AWQDEPOBZKVDQV-FMTVUPSXSA-N,312.321,2.2452000000000005,0,5,0,69.67,2,23
N#Cc1c(N)ncnc1N1CCC(c2nc(-c3ccccc3)cn2CCN2CCC2)CC1,CHEMBL3931262,6.78,nM,165.0,nM,165.0,AKT1,165.0,6.782516055786093,GIIXJDCFQJQOJU-UHFFFAOYSA-N,428.5440000000003,2.883680000000002,1,7,0,99.89,6,32
CN1CCN(c2cccc3c2CCN3C(=O)Cc2nc(N3CCOCC3)cc(=O)[nH]2)CC1,CHEMBL3112859,6.78,nM,167.0,nM,167.0,AKT1,167.0,6.777283528852417,RWWRRZNPLVRCJF-UHFFFAOYSA-N,438.53200000000027,0.49010000000000203,1,7,0,85.00999999999999,4,32
NC1(c2ccc(-c3nc4c(CO)cccn4c3-c3ccccc3)cc2)CCC1,CHEMBL3699694,6.78,nM,168.0,nM,168.0,AKT1,168.0,6.774690718274137,IYTYBBKZINCQJF-UHFFFAOYSA-N,369.46800000000013,4.4985000000000035,2,3,0,63.55,4,28
NC1(c2ccc(-c3nc4c5cccc(Br)c5nn4cc3-c3ccccc3)cc2)CCC1,CHEMBL3672545,6.77,nM,170.0,nM,170.0,AKT1,170.0,6.769551078621726,QEYYDDZOUTZDSR-UHFFFAOYSA-N,469.38600000000025,6.316900000000004,1,3,1,56.209999999999994,3,31
CCOCCN(C[C@@H](O)CN1CCCC2(CCc3cc(C#N)ccc3O2)C1)S(=O)(=O)c1c(C)cccc1C,CHEMBL1761087,6.77,nM,170.0,uM,0.17,AKT1,170.0,6.769551078621726,JPBNLFIIFNMMLS-QUWDGAPNSA-N,541.7140000000002,3.423020000000001,1,7,1,103.1,10,38
CC(C)(C)c1cc(-c2cn(CCN3CCC3)c(C3CCN(c4ncnc(N)c4C(N)=O)CC3)n2)ccn1,CHEMBL3918747,6.77,nM,170.0,nM,170.0,AKT1,170.0,6.769551078621726,DCGFVBYKXGOXIU-UHFFFAOYSA-N,503.65500000000026,2.803400000000001,2,8,1,132.07999999999998,7,37
O=S(=O)(NCc1ccc(-c2nnc3n2-c2cccnc2Nc2ccccc2-3)cc1)c1ccccc1F,CHEMBL3684422,6.77,nM,170.0,nM,170.0,AKT1,170.0,6.769551078621726,UKGHEGUHNWDLIW-UHFFFAOYSA-N,498.5430000000002,4.670900000000003,2,6,0,101.8,5,36
CC(C)(C)NC(c1ccc(Cl)cc1)c1ccc(-c2ccncc2)cc1,CHEMBL3113136,6.77,nM,170.0,uM,0.17,AKT1,170.0,6.769551078621726,DYNMXXYTOFUDLF-UHFFFAOYSA-N,350.89300000000003,5.8795000000000055,1,2,1,24.92,4,25
Cc1ccn2c(-c3ccccc3)c(-c3ccc(C4(N)CCC4)cc3)nc2c1Cl,CHEMBL3699750,6.77,nM,170.0,nM,170.0,AKT1,170.0,6.769551078621726,BTNPNIPURYJILA-UHFFFAOYSA-N,387.9140000000002,5.968020000000005,1,2,1,43.32,3,28
Cc1ccc2nc(-c3ccc(C4(N)CCC4)cc3)c(-c3ccccc3)n2n1,CHEMBL5832328,6.77,nM,170.0,nM,170.0,AKT1,170.0,6.769551078621726,WVCHDNGRFNSIHT-UHFFFAOYSA-N,354.457,4.709620000000004,1,3,0,56.209999999999994,3,27
Cc1nnc(-c2cc(Cl)ccc2Nc2ncnc3[nH]ccc23)[nH]1,CHEMBL259834,6.77,nM,171.0,nM,171.0,AKT1,171.0,6.767003889607846,KCGZDMJBAZEEGK-UHFFFAOYSA-N,325.76300000000003,3.4484200000000005,3,5,0,95.16999999999999,3,23
CC(O)c1ccc2nc(-c3ccc(C4(N)CCC4)cc3)c(-c3ccccc3)n2c1,CHEMBL3699692,6.77,nM,171.0,nM,171.0,AKT1,171.0,6.767003889607846,VDKHXAAHUVGQOQ-UHFFFAOYSA-N,383.495,5.059500000000004,2,3,1,63.55,4,29
NC1(c2ccc(-c3nc4ccc(-c5cc[nH]n5)cn4c3-c3ccccc3)cc2)CCC1,CHEMBL3703123,6.77,nM,171.0,nM,171.0,AKT1,171.0,6.767003889607846,ALKDQQZUPXPOBW-UHFFFAOYSA-N,405.5050000000002,5.396300000000004,2,3,1,72.0,4,31
Cc1cc(NC(=O)Cc2nc(N3CCOCC3)cc(=O)[nH]2)ccc1F,CHEMBL2151925,6.77,nM,171.0,nM,171.0,AKT1,171.0,6.767003889607846,RPNYSADTAYSTDL-UHFFFAOYSA-N,346.36199999999997,1.2352199999999993,2,5,0,87.32,4,25
COc1cccn2c(-c3ccccc3)c(-c3ccc(C4(N)CCC4)cc3)nc12,CHEMBL3699691,6.76,nM,173.0,nM,173.0,AKT1,173.0,6.761953896871205,MZAMJYVYNLRQJQ-UHFFFAOYSA-N,369.46800000000025,5.014800000000005,1,3,1,52.55,4,28
CNS(=O)(=O)c1ccc2ncnc(N3CCN(C(=O)[C@H](N)Cc4ccc(Cl)cc4)CC3)c2c1,CHEMBL2021429,6.76,nM,174.0,nM,174.0,AKT1,174.0,6.7594507517174005,SGJMKRKHEPKFOX-LJQANCHMSA-N,489.00100000000026,1.409900000000001,2,7,0,121.52,6,33
NC(=O)/C=C/c1ccn2c(-c3ccccc3)c(-c3ccc(C4(N)CCC4)cc3)nc2c1,CHEMBL3703116,6.76,nM,174.0,nM,174.0,AKT1,174.0,6.7594507517174005,RXXZXZOLEIMPSZ-KPKJPENVSA-N,408.5050000000002,4.504700000000003,2,3,0,86.41,5,31
O=C(Cc1nc(N2CCOCC2)cc(=O)[nH]1)Nc1ccc(F)cc1OCC1CCNCC1,CHEMBL3699795,6.76,nM,174.0,nM,174.0,AKT1,174.0,6.7594507517174005,BJCLPTYOTQJQPS-UHFFFAOYSA-N,445.4950000000003,1.3051999999999997,3,7,0,108.58000000000001,7,32
Cc1cc(-c2cccnc2)cn2c(-c3ccccc3)c(-c3ccc(C4(N)CCC4)cc3)nc12,CHEMBL3699777,6.76,nM,175.0,nM,175.0,AKT1,175.0,6.756961951313706,VXKMKCHPPGQXNG-UHFFFAOYSA-N,430.5550000000003,6.376620000000005,1,3,1,56.21,4,33
CC(=O)c1ccn2c(-c3ccccc3)c(-c3ccc(C4(N)CCC4)cc3)nc2c1,CHEMBL3703120,6.76,nM,175.0,nM,175.0,AKT1,175.0,6.756961951313706,LYEYCIOFBOBJRV-UHFFFAOYSA-N,381.4790000000002,5.2088000000000045,1,3,1,60.39,4,29
CCOC(=O)c1c(C)nc(NNC(=O)c2cccc3c(=O)c4ccccc4[nH]c23)nc1-c1ccc(F)cc1,CHEMBL4159491,6.75,nM,176.0,nM,176.0,AKT1,176.0,6.7544873321858505,UZWPZSQIWRCKEQ-UHFFFAOYSA-N,511.51300000000026,4.519420000000003,3,7,1,126.06999999999998,6,38
CCn1nccc1-c1ccc(C(=O)N[C@@H]2CNCC[C@H]2c2ccc(F)c(F)c2)c(F)c1.Cl,CHEMBL4847466,6.75,nM,176.0,nM,176.0,AKT1,176.0,6.7544873321858505,VBNIPZFBWHKAPB-HRAATJIYSA-N,464.91900000000004,4.284600000000004,2,3,0,58.95,5,32
NC1(c2ccc(-c3nc4nc(-c5ccccc5)ccn4c3-c3ccccc3)cc2)CCC1,CHEMBL3699667,6.75,nM,176.0,nM,176.0,AKT1,176.0,6.7544873321858505,IGZBZGFHJNODTL-UHFFFAOYSA-N,416.52800000000025,6.0682000000000045,1,3,1,56.209999999999994,4,32
CNc1cc(/C=C/c2cncc(OC[C@@H](N)Cc3c[nH]c4ccccc34)c2)ccn1,CHEMBL202787,6.75,nM,176.0,nM,176.0,AKT1,176.0,6.7544873321858505,UJBAOFINUSTMCY-YJJPMGAVSA-N,399.498,4.118800000000002,3,5,0,88.85000000000001,8,30
NC(=O)c1cc(-c2cccnc2)cn2c(-c3ccccc3)c(-c3ccc(C4(N)CCC4)cc3)nc12,CHEMBL3699772,6.75,nM,177.0,nM,177.0,AKT1,177.0,6.752026733638194,IOYHLHFBJYDFEU-UHFFFAOYSA-N,459.5530000000003,5.167100000000004,2,4,1,99.3,5,35
COC(=O)COc1ccc2nc(-c3ccc(C4(N)CCC4)cc3)c(-c3ccccc3)n2c1,CHEMBL3703165,6.75,nM,179.0,nM,179.0,AKT1,179.0,6.747146969020107,LCEROUCIPDMXRO-UHFFFAOYSA-N,427.5040000000002,4.558000000000003,1,5,0,78.85,6,32
N[C@H](COc1cncc(-c2cc3ccncc3s2)c1)Cc1c[nH]c2ccccc12,CHEMBL516429,6.75,nM,179.0,nM,179.0,AKT1,179.0,6.747146969020107,GWJHMRBQEUHFOC-SFHVURJKSA-N,400.5070000000001,4.788400000000003,2,5,0,76.82,6,29
COc1cc(COc2ccn3c(-c4ccccc4)c(-c4ccc(C5(N)CCC5)cc4)nc3n2)ccn1,CHEMBL3699705,6.75,nM,179.0,nM,179.0,AKT1,179.0,6.747146969020107,SYMPTBRPUWCVTC-UHFFFAOYSA-N,477.5680000000003,5.383800000000006,1,6,1,87.56,7,36
O=C1Nc2ccc(N[C@H](COc3cncc(-c4ccc5c(c4)C(=O)C(=O)N5)c3)Cc3c[nH]c4ccccc34)cc2C1=O,CHEMBL377687,6.75,nM,179.0,nM,179.0,AKT1,179.0,6.747146969020107,BJBYRXGOEDKOAM-NRFANRHFSA-N,557.5660000000003,4.601700000000003,4,7,1,142.27999999999997,8,42
CN(C)CCn1cc(-c2ccc(F)c(C(F)(F)F)c2)nc1C1CCN(c2ncnc(N)c2-c2ccc(N)nc2)CC1,CHEMBL3973946,6.75,nM,180.0,nM,180.0,AKT1,180.0,6.7447274948966935,XBXIODDCUMBUKP-UHFFFAOYSA-N,569.611,4.670000000000002,2,8,1,115.01,7,41
CC#Cc1cc2cc(-c3cncc(OC[C@@H](N)Cc4c[nH]c5ccccc45)c3)ccc2cn1,CHEMBL378714,6.75,nM,180.0,nM,180.0,AKT1,180.0,6.7447274948966935,JDRVIQDEIGTXLO-DEOSSOPVSA-N,432.52700000000004,5.098300000000004,2,4,1,76.82,6,33
C=Cc1cccn2c(-c3ccccc3)c(-c3ccc(C4(N)CCC4)cc3)nc12,CHEMBL3699725,6.75,nM,180.0,nM,180.0,AKT1,180.0,6.7447274948966935,DKFLSQRUSSOPJV-UHFFFAOYSA-N,365.4800000000002,5.649200000000005,1,2,1,43.32,4,28
NC(=O)c1c(N)ncnc1N1CCC(c2nc(-c3ccc(F)c(C(F)(F)F)c3)cn2CCO)CC1,CHEMBL3949232,6.75,nM,180.0,nM,180.0,AKT1,180.0,6.7447274948966935,OPMLKXQPQMIRGC-UHFFFAOYSA-N,493.4650000000002,2.5554000000000006,3,7,0,136.17999999999998,6,35
Nc1cc(N2CCC(c3nc(-c4ccc(F)c(C(F)(F)F)c4)cn3CCN3CCCC3)CC2)ncn1,CHEMBL3932730,6.75,nM,180.0,nM,180.0,AKT1,180.0,6.7447274948966935,VLNRWHJKUQHNER-UHFFFAOYSA-N,503.54800000000034,4.560000000000004,1,6,1,76.1,6,36
CCOCCN(C[C@@H](O)CN1CCCC2(CCc3cc(F)ccc3O2)C1)S(=O)(=O)c1c(C)cccc1C,CHEMBL1761086,6.75,nM,180.0,uM,0.18,AKT1,180.0,6.7447274948966935,JANLTTGWVGUGII-ALLRNTDFSA-N,534.6940000000002,3.6904400000000024,1,6,1,79.31,10,37
O=C(Cc1nc(N2CCOCC2)cc(=O)[nH]1)N1CCc2ncccc21,CHEMBL3699803,6.75,nM,180.0,nM,180.0,AKT1,180.0,6.7447274948966935,NCFVSAPWWCEXTQ-UHFFFAOYSA-N,341.3710000000001,0.1333000000000002,1,6,0,91.42,3,25
Nc1ccnn2c(-c3ccccc3)c(-c3ccc(C4(N)CCC4)cc3)nc12,CHEMBL5973860,6.75,nM,180.0,nM,180.0,AKT1,180.0,6.7447274948966935,QDBYRZLZEBYRKU-UHFFFAOYSA-N,355.4450000000002,3.9834000000000023,2,4,0,82.22999999999999,3,27
CCc1c(N)ncnc1N1CCC(c2nc(-c3ccc(C(F)(F)F)cc3)cn2CCN2CCCC2)CC1,CHEMBL3950595,6.75,nM,180.0,nM,180.0,AKT1,180.0,6.7447274948966935,CQAJURUOVMFONQ-UHFFFAOYSA-N,513.6120000000003,4.983300000000004,1,6,1,76.10000000000001,7,37
Cc1c[nH]c2ncnc(N3CC[C@@H](N)C3)c12,CHEMBL1173273,6.75,nM,180.0,nM,180.0,AKT1,180.0,6.7447274948966935,SMTIKTZYKPWXQP-MRVPVSSYSA-N,217.27599999999995,0.8037199999999999,2,4,0,70.83,1,16
NC1(c2ccc(-c3nc4cc(-c5ccncc5)ccn4c3-c3ccccc3)cc2)CCC1,CHEMBL3703104,6.74,nM,181.0,nM,181.0,AKT1,181.0,6.7423214251308154,ZBWUPNWRTMRORJ-UHFFFAOYSA-N,416.52800000000025,6.0682000000000045,1,3,1,56.209999999999994,4,32
N[C@H](CNc1nnc(-c2ccc3[nH]nc(C4CC4)c3c2)s1)Cc1ccc(C(F)(F)F)cc1,CHEMBL1081437,6.74,nM,181.0,nM,181.0,AKT1,181.0,6.7423214251308154,VSDYUWIOYNTKSO-INIZCTEOSA-N,458.5130000000001,4.959500000000003,3,6,0,92.51,7,32
Cn1ncc(Br)c1-c1ccc(C(=O)N[C@@H]2CNCC[C@H]2c2cccc(F)c2)nc1,CHEMBL4544069,6.74,nM,181.8,nM,181.8,AKT1,181.8,6.740406121114051,DOBLWTQGEHFPJQ-QFBILLFUSA-N,458.3350000000002,3.2592000000000017,2,4,0,71.84,4,29
CC(NC(=O)C1(N)CCN(c2ncnc3[nH]ccc23)CC1)c1ccc(S(C)(=O)=O)cc1,CHEMBL2325990,6.74,nM,183.0,nM,183.0,AKT1,183.0,6.73754891026957,VEWPUFBIMQZXRG-UHFFFAOYSA-N,442.5450000000003,1.5365000000000006,3,7,0,134.07,5,31
COc1cc2ncc3c(N)nc(-c4cncc(OC[C@@H](N)Cc5ccc(F)cc5)c4)cc3c2cc1OC,CHEMBL1095621,6.74,nM,183.0,nM,183.0,AKT1,183.0,6.73754891026957,OBAJYVJLNXGBOG-IBGZPJMESA-N,499.5460000000002,4.532300000000003,2,8,0,118.4,8,37
C#Cc1cccc(NC(=O)Cc2nc(N3CCOCC3)cc(=O)[nH]2)c1,CHEMBL3696265,6.74,nM,184.0,nM,184.0,AKT1,184.0,6.735182176990463,WGNUWYIZQFJWNO-UHFFFAOYSA-N,338.367,0.7689999999999997,2,5,0,87.32,4,25
Cc1c(Cl)cn2c(-c3ccccc3)c(-c3ccc(C4(N)CCC4)cc3)nc2c1-c1ccn[nH]1,CHEMBL3699761,6.73,nM,187.0,nM,187.0,AKT1,187.0,6.728158393463501,RLWYOWMXBOMUSN-UHFFFAOYSA-N,453.97700000000026,6.358120000000005,2,3,1,72.0,4,33
Cn1nccc1-c1csc(C(=O)N[C@@H]2CNCC[C@H]2c2ccc(Cl)cc2)c1,CHEMBL4530506,6.73,nM,187.9,nM,187.9,AKT1,187.9,6.726073219899474,SGZPWEJRZLFGLZ-DLBZAZTESA-N,400.93500000000006,3.677500000000002,2,4,0,58.95,4,27
NC1(c2ccc(-c3nc4cc(-c5cn[nH]c5)ccn4c3-c3ccccc3)cc2)CCC1,CHEMBL3699700,6.73,nM,188.0,nM,188.0,AKT1,188.0,6.72584215073632,HPQFDZVVQQRZHS-UHFFFAOYSA-N,405.5050000000002,5.396300000000004,2,3,1,72.0,4,31
NC1(c2ccc(-c3ncc4ncccc4c3-c3ccccc3)cc2)CCC1,CHEMBL2035028,6.73,nM,188.0,uM,0.188,AKT1,188.0,6.72584215073632,OAVFNCRJWQAXCI-UHFFFAOYSA-N,351.45300000000015,5.301700000000003,1,3,1,51.8,3,27
Cc1cccc(NC(=O)Cc2nc(N3CCOCC3)cc(=O)[nH]2)c1O,CHEMBL3699807,6.72,nM,189.0,nM,189.0,AKT1,189.0,6.723538195826756,CRIHIEAILJVYHK-UHFFFAOYSA-N,344.37100000000004,0.8017199999999998,3,6,0,107.55,4,25
CCOc1ccn2c(-c3ccccc3)c(-c3ccc(C4(N)CCC4)cc3)nc2n1,CHEMBL3699706,6.72,nM,190.0,nM,190.0,AKT1,190.0,6.721246399047171,INAUCNDZLSOGJO-UHFFFAOYSA-N,384.48300000000023,4.7999000000000045,1,4,0,65.44,5,29
N[C@H](COc1cncc2nc(-c3ccncc3)ccc12)Cc1c[nH]c2ccccc12,CHEMBL207496,6.72,nM,190.0,nM,190.0,AKT1,190.0,6.721246399047171,DQIXTEDFNFZMCM-SFHVURJKSA-N,395.4660000000001,4.121900000000003,2,5,0,89.71000000000001,6,30
Nc1ncc(-c2cc(C(=O)c3ccccc3Cl)cc(N3CCOCC3)n2)cn1,CHEMBL5855570,6.72,nM,190.0,nM,190.0,AKT1,190.0,6.721246399047171,XZOPDDDJHRZAKW-UHFFFAOYSA-N,395.85000000000025,2.841800000000001,1,7,0,94.23,4,28
CCc1c(N)ncnc1N1CCC(c2nc(-c3ccc(F)c(C(F)(F)F)c3)cn2C2CCNCC2)CC1,CHEMBL3915684,6.72,nM,190.0,nM,190.0,AKT1,190.0,6.721246399047171,JNWSILMDEXPLAM-UHFFFAOYSA-N,517.5750000000002,4.951100000000004,2,6,1,84.89000000000001,5,37
CCc1c(N)ncnc1N1CCC(c2nc(-c3ccc(Cl)cc3)cn2CCN2CCCC2)CC1,CHEMBL3945304,6.72,nM,190.0,nM,190.0,AKT1,190.0,6.721246399047171,PZOKYBNWYFILSM-UHFFFAOYSA-N,480.0600000000004,4.617900000000004,1,6,0,76.10000000000001,7,34
CC(=O)Nc1c(N)ncnc1N1CCC(c2nc(-c3ccc(F)c(C(F)(F)F)c3)cn2CCN2CCC2)CC1,CHEMBL3913301,6.72,nM,190.0,nM,190.0,AKT1,190.0,6.721246399047171,AFNBZIQKVHCFIT-UHFFFAOYSA-N,546.5730000000001,4.128300000000003,2,7,1,105.2,7,39
O=C(NC(c1ccc(Cl)cc1)C1CCNCC1)c1ccc2cnccc2c1,CHEMBL1823640,6.72,nM,190.0,uM,0.19,AKT1,190.0,6.721246399047171,JKMRXGNFZRTSJG-UHFFFAOYSA-N,379.8910000000001,4.358900000000003,2,3,0,54.02,4,27
NC1(c2ccc(-c3nc4c(-c5ccc(F)cc5)ccnn4c3-c3ccccc3)cc2)CCC1,CHEMBL6043422,6.72,nM,190.0,nM,190.0,AKT1,190.0,6.721246399047171,HLLKVZPEOSSZJO-UHFFFAOYSA-N,434.5180000000002,6.2073000000000045,1,3,1,56.209999999999994,4,33
NC1(c2ccc(-c3nc4cccnn4c3-c3ccccc3)cc2)CCC1,CHEMBL6040871,6.72,nM,190.0,nM,190.0,AKT1,190.0,6.721246399047171,FWAHOJMLPIYTNE-UHFFFAOYSA-N,340.4300000000002,4.401200000000003,1,3,0,56.209999999999994,3,26
C=Cc1cc(OC)c2nc(-c3ccc(C4(N)CCC4)cc3)c(-c3ccccc3)n2c1,CHEMBL3703151,6.72,nM,191.0,nM,191.0,AKT1,191.0,6.718966632752273,MXIHJUGRVIDEMV-UHFFFAOYSA-N,395.50600000000003,5.657800000000005,1,3,1,52.55,5,30
NC1(c2ccc(-c3ncc4ccncc4c3-c3ccccc3)cc2)CCC1,CHEMBL2035030,6.71,nM,193.0,uM,0.193,AKT1,193.0,6.714442690992226,LODATPFQIYRJKC-UHFFFAOYSA-N,351.45300000000015,5.301700000000003,1,3,1,51.8,3,27
CC1CN(C(=O)Cc2nc(N3CCOCC3)cc(=O)n2C)c2ccccc21,CHEMBL3699782,6.71,nM,194.0,nM,194.0,AKT1,194.0,6.7121982700697735,XKVQSHFPNNDYOI-UHFFFAOYSA-N,368.43700000000007,1.3096999999999999,0,5,0,67.67,3,27
NC1(c2ccc(-c3nc4ccc(-c5cnc[nH]5)cn4c3-c3ccccc3)cc2)CCC1,CHEMBL3703121,6.71,nM,195.0,nM,195.0,AKT1,195.0,6.709965388637482,NRFYHWQUGROXDP-UHFFFAOYSA-N,405.5050000000002,5.396300000000004,2,3,1,72.0,4,31
CCn1c(CC(=O)Nc2ccc(F)cc2)nc(N2CCOCC2)cc1=O,CHEMBL3696283,6.71,nM,195.0,nM,195.0,AKT1,195.0,6.709965388637482,KYWNYOUAXKHJSH-UHFFFAOYSA-N,360.38900000000024,1.4201,1,5,0,76.46000000000001,5,26
COC(=O)/C=C/c1ccc2nc(-c3ccc(C4(N)CCC4)cc3)c(-c3ccccc3)n2c1,CHEMBL3703132,6.71,nM,196.0,nM,196.0,AKT1,196.0,6.707743928643524,FTNAWZGCDDQDJB-OQLLNIDSSA-N,423.51600000000013,5.192400000000005,1,4,1,69.61999999999999,5,32
Cn1c(CC(=O)N2CC3(CCNCC3)c3ccccc32)nc(N2CCOCC2)cc1=O,CHEMBL3893381,6.71,nM,196.0,nM,196.0,AKT1,196.0,6.707743928643524,MKQNVZLABQSHEH-UHFFFAOYSA-N,423.5170000000003,0.8274000000000004,1,6,0,79.70000000000002,3,31
N[C@H](CCc1cnc(Cl)c(/C=C/c2ccncc2)c1)Cc1c[nH]c2ccccc12,CHEMBL203329,6.7,nM,198.0,nM,198.0,AKT1,198.0,6.703334809738469,CFYHQUNHGODMIT-GZNAHNRGSA-N,402.92900000000014,5.2843000000000035,2,3,1,67.59,7,29
CCC[C@H]1O[C@@H]2CC(=O)O[C@@H]2C2=C1C(=O)c1c(O)cccc1C2=O,CHEMBL474390,6.7,nM,198.0,uM,0.198,AKT1,198.0,6.703334809738469,AVCPRTNVVRPELB-YRUZYCQGSA-N,328.32000000000005,1.9507999999999999,1,6,0,89.9,2,24
CSc1ncc2cc(-c3ccccc3)c(-c3ccc(CNCCc4nccs4)cc3)nc2n1,CHEMBL252056,6.7,nM,198.0,nM,198.0,AKT1,198.0,6.703334809738469,ZKGZBXPPWINVIJ-UHFFFAOYSA-N,469.63900000000024,5.869500000000005,1,7,1,63.59,8,33
COc1cc(-c2ncc[nH]2)cn2c(-c3ccccc3)c(-c3ccc(C4(N)CCC4)cc3)nc12,CHEMBL3703140,6.7,nM,198.0,nM,198.0,AKT1,198.0,6.703334809738469,BSWGDKWWXTZXEK-UHFFFAOYSA-N,435.5310000000003,5.404900000000005,2,4,1,81.22999999999999,5,33
Cc1n[nH]c2ccc(-c3nnc(NC[C@@H](N)Cc4ccccc4F)s3)cc12,CHEMBL1088613,6.7,nM,198.0,nM,198.0,AKT1,198.0,6.703334809738469,CLSSTGLQHZQBJO-AWEZNQCLSA-N,382.468,3.5108200000000007,3,6,0,92.50999999999999,6,27
NC1(c2ccc(-c3nn4ccccc4c3-c3ccccc3)cc2)CCC1,CHEMBL2035020,6.7,nM,199.0,uM,0.199,AKT1,199.0,6.701146923590294,RIXXOXWVNANJOX-UHFFFAOYSA-N,339.4420000000002,5.006200000000003,1,2,1,43.31999999999999,3,26
Cn1ncc(Br)c1-c1cc(C(=O)N[C@@H]2CNCC[C@H]2c2ccc(Cl)cc2)n(C)c1Br,CHEMBL4560290,6.7,nM,199.1,nM,199.1,AKT1,199.1,6.70092873997259,FPWXDJFRNZVCBT-WMLDXEAASA-N,555.7020000000002,4.479500000000003,2,3,1,63.88,4,30
O=C(Cc1nc(N2CCOCC2)cc(=O)[nH]1)Nc1cccc(C2CC2)c1,CHEMBL3696253,6.7,nM,200.0,nM,200.0,AKT1,200.0,6.698970004336019,XZWZWBGVQDNQIA-UHFFFAOYSA-N,354.41000000000014,1.6650999999999991,2,5,0,87.32000000000001,5,26
NC1CCCN(c2ncnc3[nH]cc(Cl)c23)C1,CHEMBL1173349,6.7,nM,200.0,nM,200.0,AKT1,200.0,6.698970004336019,ZTLLVNOJBVRFOM-UHFFFAOYSA-N,251.721,1.5387999999999993,2,4,0,70.83,1,17
CCn1c(-c2nonc2N)nc2cncc(CNC3CCNCC3)c21,CHEMBL188434,6.7,nM,200.0,uM,0.2,AKT1,200.0,6.698970004336019,MBCJUIJWPYUEBX-UHFFFAOYSA-N,342.40700000000015,0.9249999999999997,3,8,0,119.71000000000001,5,25
O=C(NCc1ccc(-c2nnc3n2-c2cccnc2Nc2ccccc2-3)cc1)c1ccccc1,CHEMBL3684409,6.7,nM,200.0,nM,200.0,AKT1,200.0,6.698970004336019,UJSWKDPVCYFLNR-UHFFFAOYSA-N,444.4980000000001,4.983300000000003,2,5,0,84.73,4,34
O=C(NCc1ccc(-c2nnc3n2-c2cccnc2Nc2ccccc2-3)cc1)c1cccnc1,CHEMBL3684406,6.7,nM,200.0,nM,200.0,AKT1,200.0,6.698970004336019,XORJSLMBTQQXNN-UHFFFAOYSA-N,445.4860000000001,4.378300000000003,2,6,0,97.62,4,34
O=C(NC(c1ccc(Cl)c(-c2ccccc2)c1)C1CCNCC1)c1ccc2cnccc2c1,CHEMBL1823637,6.7,nM,200.0,uM,0.2,AKT1,200.0,6.698970004336019,NXYYMIBPNKBZEO-UHFFFAOYSA-N,455.98900000000026,6.0259000000000045,2,3,1,54.02,5,33
Cc1c(C(N)=O)cn2c(-c3ccccc3)c(-c3ccc(C4(N)CCC4)cc3)nc2c1C,CHEMBL3699773,6.7,nM,201.0,nM,201.0,AKT1,201.0,6.696803942579511,SIIXQCPGTUWGJH-UHFFFAOYSA-N,410.5210000000003,4.721940000000004,2,3,0,86.41,4,31
CC(C)NC[C@@H](C(=O)N1CCN(c2ncnc3c2[C@@H](C)OC(=O)N3)CC1)c1ccc(Cl)cc1.O=CO,CHEMBL5193935,6.7,nM,201.0,nM,201.0,AKT1,201.0,6.696803942579511,DHMFFVNUPLZBKN-CRAIPNDOSA-N,519.0020000000003,2.8842999999999996,3,8,1,136.98999999999998,6,36
Cc1ccc2nc(-c3ccc(C4(N)CCC4)cc3)c(-c3ccccc3)n2c1,CHEMBL3699687,6.69,nM,203.0,nM,203.0,AKT1,203.0,6.692503962086787,NMIWYCWLYFRSLJ-UHFFFAOYSA-N,353.469,5.314620000000004,1,2,1,43.31999999999999,3,27
NC1(c2ccc(-c3nc4cc(-c5ccccn5)ccn4c3-c3ccccc3)cc2)CCC1,CHEMBL3703106,6.69,nM,204.0,nM,204.0,AKT1,204.0,6.690369832574102,UFAPEESOYAUIKS-UHFFFAOYSA-N,416.52800000000025,6.068200000000004,1,3,1,56.209999999999994,4,32
CCOc1ccc2nc(-c3ccc(C4(N)CCC4)cc3)c(-c3ccccc3)n2c1,CHEMBL3703102,6.69,nM,204.0,nM,204.0,AKT1,204.0,6.690369832574102,BRVNNBSKYFJJGM-UHFFFAOYSA-N,383.495,5.404900000000005,1,3,1,52.55,5,29
NC(=O)c1ccn2c(-c3ccccc3)c(-c3ccc(C4(N)CCC4)cc3)nc2c1,CHEMBL2035022,6.69,nM,204.0,nM,204.0,AKT1,204.0,6.690369832574102,JBTAEEKPONTXSL-UHFFFAOYSA-N,382.4670000000002,4.105100000000003,2,3,0,86.41,4,29
NC1(c2ccc(-c3nc4c(-c5cccc(F)c5)cccn4c3-c3ccccc3)cc2)CCC1,CHEMBL3699745,6.68,nM,208.0,nM,208.0,AKT1,208.0,6.681936665037238,XQIJCRMHBBDRAW-UHFFFAOYSA-N,433.5300000000002,6.812300000000005,1,2,1,43.31999999999999,4,33
N[C@H](CNc1cncc(Oc2cccc3cnccc23)c1)Cc1c[nH]c2ccccc12,CHEMBL206732,6.68,nM,210.0,nM,210.0,AKT1,210.0,6.6777807052660805,MVTVTYOUUHYCFU-IBGZPJMESA-N,409.49300000000017,4.8853000000000035,3,5,0,88.85,7,31
N[C@H](COc1cncc(C#Cc2ccncc2)c1)Cc1c[nH]c2ccccc12,CHEMBL206208,6.68,nM,210.0,nM,210.0,AKT1,210.0,6.6777807052660805,XWOJZDOMTFSWIB-FQEVSTJZSA-N,368.44000000000005,3.3065000000000015,2,4,0,76.82,5,28
Nc1cc(N2CCC(c3nc(-c4cccc(F)c4)cn3CCN3CCCC3)CC2)ncn1,CHEMBL3907714,6.68,nM,210.0,nM,210.0,AKT1,210.0,6.6777807052660805,LSTZFFWLDDGGRX-UHFFFAOYSA-N,435.5510000000004,3.5412000000000026,1,6,0,76.1,6,32
N[C@H](COc1cncc(CCc2ccncc2)c1)Cc1c[nH]c2ccccc12,CHEMBL575646,6.68,nM,210.0,nM,210.0,AKT1,210.0,6.6777807052660805,PDLRPFXSDYPMIA-FQEVSTJZSA-N,372.4720000000001,3.691900000000002,2,4,0,76.82,8,28
c1ccc(-c2nnc[nH]2)c(Nc2ncnc3[nH]ccc23)c1,CHEMBL261204,6.68,nM,210.0,nM,210.0,AKT1,210.0,6.6777807052660805,WDTMEWDAVQAOHU-UHFFFAOYSA-N,277.29100000000005,2.4866,3,5,0,95.17000000000002,3,21
CC1Cc2cc(F)c(F)cc2N1C(=O)Cc1nc(N2CCOCC2)c(F)c(=O)n1C,CHEMBL3951881,6.68,nM,211.0,nM,211.0,AKT1,211.0,6.675717544702307,VBHWQVIKHMHOSB-UHFFFAOYSA-N,422.40700000000027,1.5544999999999998,0,5,0,67.67,3,30
Cn1cc(-c2c(Cl)cnn2C)cc1C(=O)N[C@@H]1CNCC[C@H]1c1ccc(Cl)cc1,CHEMBL4457188,6.67,nM,211.9,nM,211.9,AKT1,211.9,6.673869043289206,YYYRQABJOAXKCA-FUHWJXTLSA-N,432.35500000000013,3.6079000000000017,2,3,0,63.88,4,29
NC1(c2ccc(-c3nc4cc(-c5cnc[nH]5)ccn4c3-c3ccccc3)cc2)CCC1,CHEMBL3703109,6.67,nM,212.0,nM,212.0,AKT1,212.0,6.673664139071248,ZFGXZTDHBIUEIQ-UHFFFAOYSA-N,405.5050000000002,5.396300000000004,2,3,1,72.0,4,31
CCc1nc(N[C@H](CNC)c2cccc(F)c2)c2cccc(C(N)=O)c2n1,CHEMBL4869229,6.67,nM,212.0,nM,212.0,AKT1,212.0,6.673664139071248,FLGUGRAWIWHCJF-MRXNPFEDSA-N,367.4280000000001,2.8028000000000004,3,5,0,92.92999999999999,7,27
N[C@H](COc1cncc(-c2ccc3nnccc3c2)c1)Cc1c[nH]c2ccccc12,CHEMBL573394,6.67,nM,215.0,nM,215.0,AKT1,215.0,6.667561540084395,CGUVHVMACLRYNH-FQEVSTJZSA-N,395.4660000000001,4.121900000000003,2,5,0,89.71000000000001,6,30
Cn1ncc(Cl)c1-c1ccc(C(=O)N[C@@H]2CNCC[C@H]2c2ccc(F)c(F)c2)cn1,CHEMBL4451405,6.67,nM,215.0,nM,215.0,AKT1,215.0,6.667561540084395,WOVXYXLODMXKPA-IFXJQAMLSA-N,431.8740000000002,3.289200000000002,2,4,0,71.84,4,30
Cc1cc(-c2cc(C)c3nc(-c4ccc(C5(N)CCC5)cc4)c(-c4ccccc4)n3c2)[nH]n1,CHEMBL3699778,6.66,nM,217.0,nM,217.0,AKT1,217.0,6.663540266151471,XGYWJGDFOXGYAO-UHFFFAOYSA-N,433.5590000000001,6.013140000000005,2,3,1,72.0,4,33
NC1(c2ccc(-c3nc4ccc(-c5cn[nH]c5)cn4c3-c3ccccc3)cc2)CCC1,CHEMBL3703124,6.66,nM,219.0,nM,219.0,AKT1,219.0,6.6595558851598815,OFRLOQQQWQBNPQ-UHFFFAOYSA-N,405.5050000000002,5.396300000000004,2,3,1,72.0,4,31
Cn1c(CC(=O)Nc2cc(F)c(F)c(F)c2)nc(N2CCOCC2)cc1=O,CHEMBL3696303,6.66,nM,219.0,nM,219.0,AKT1,219.0,6.6595558851598815,ZTHHWULPWFUTMF-UHFFFAOYSA-N,382.3420000000002,1.2154,1,5,0,76.46000000000001,4,27
N#Cc1c(N)ncnc1N1CCC(c2nc(-c3cnoc3)cn2CCN2CCC2)CC1,CHEMBL3906804,6.66,nM,220.0,nM,220.0,AKT1,220.0,6.657577319177793,KTBJSZWXMIFTCA-UHFFFAOYSA-N,419.49300000000034,1.8716799999999998,1,9,0,125.92,6,31
NC(=O)c1c(N)ncnc1N1CCC(c2nc(-c3ccc(F)c(C(F)(F)F)c3)cn2CC2CCCN2)CC1,CHEMBL3901251,6.66,nM,220.0,nM,220.0,AKT1,220.0,6.657577319177793,GGCRTRINBCFKEU-UHFFFAOYSA-N,532.546,3.315100000000001,3,7,1,127.97999999999999,6,38
NC(=O)c1c(N)ncnc1N1CCC(c2nc(-c3ccc(F)c(C(F)(F)F)c3)cn2CC2CCN2)CC1,CHEMBL3955405,6.66,nM,220.0,nM,220.0,AKT1,220.0,6.657577319177793,VNTBJROWKHAASF-UHFFFAOYSA-N,518.5190000000001,2.9250000000000007,3,7,1,127.97999999999999,6,37
O=S(=O)(NCc1ccc(-c2nnc3n2-c2cccnc2Nc2ccccc2-3)cc1)c1cccnc1,CHEMBL3684415,6.66,nM,220.0,nM,220.0,AKT1,220.0,6.657577319177793,NDLWURNJGOZBEL-UHFFFAOYSA-N,481.54100000000017,3.926800000000002,2,7,0,114.69,5,35
CCCc1ccnn2c(-c3ccccc3)c(-c3ccc(C4(N)CCC4)cc3)nc12,CHEMBL5957892,6.66,nM,220.0,nM,220.0,AKT1,220.0,6.657577319177793,XAGVHYFMZUFBLC-UHFFFAOYSA-N,382.51100000000025,5.353700000000005,1,3,1,56.21,5,29
Cc1ccc(-c2cn(CCN3CCC3)c(C3CCN(c4ncnc(N)c4C(N)=O)CC3)n2)cc1Cl,CHEMBL3927542,6.66,nM,220.0,nM,220.0,AKT1,220.0,6.657577319177793,UZJADKTVPXXGSB-UHFFFAOYSA-N,495.0310000000003,3.0727200000000012,2,7,0,119.18999999999998,7,35
CC(C)NC[C@@H](C(=O)N1CCN(c2ncnc3c2[C@H](C)CC(=O)N3)C[C@@H]1C)c1ccc(Cl)cc1.O=CO,CHEMBL5175305,6.66,nM,220.0,nM,220.0,AKT1,220.0,6.657577319177793,JNHNQKIFPQKEFS-FUHIMQAGSA-N,531.0570000000004,3.0954000000000006,3,7,1,127.76,6,37
CC(C)NC(c1ccc(Cl)cc1)c1ccc(-c2ccncc2)cc1,CHEMBL3113134,6.66,nM,220.0,uM,0.22,AKT1,220.0,6.657577319177793,OWJDEPLXSNLLNS-UHFFFAOYSA-N,336.866,5.489400000000004,1,2,1,24.92,5,24
COc1ccc(COc2ccn3c(-c4ccccc4)c(-c4ccc(C5(N)CCC5)cc4)nc3n2)cn1,CHEMBL3639985,6.66,nM,221.0,nM,221.0,AKT1,221.0,6.655607726314889,GHEHSCYHOBFXLO-UHFFFAOYSA-N,477.5680000000003,5.383800000000005,1,6,1,87.56,7,36
C[C@H]1Cc2ccccc2N1C(=O)Cc1nc(N2CCOCC2)c(F)c(=S)[nH]1,CHEMBL3930072,6.66,nM,221.0,nM,221.0,AKT1,221.0,6.655607726314889,ZVNGTCORBWGENG-LBPRGKRZSA-N,388.468,2.6351900000000006,1,5,0,61.46,3,27
Cn1ncc(Cl)c1-c1cc(C(=O)N[C@@H]2CNCC[C@H]2c2ccc(F)c(F)c2)sc1Cl,CHEMBL4582476,6.65,nM,222.2,nM,222.2,AKT1,222.2,6.653255945395151,UWEOLGYXVVCAOI-MEDUHNTESA-N,471.3600000000001,4.609100000000003,2,4,0,58.95,4,30
N[C@H](COc1cncc(-c2cc3cn[nH]c3cn2)c1)Cc1ccccc1,CHEMBL226331,6.65,nM,223.0,nM,223.0,AKT1,223.0,6.651695136951839,UPWMWRRIGPQATG-KRWDZBQOSA-N,345.4060000000001,2.968700000000001,2,5,0,89.71,6,26
COC(=O)c1ccn2c(-c3ccccc3)c(-c3ccc(C4(N)CCC4)cc3)nc2c1,CHEMBL3699712,6.65,nM,226.0,nM,226.0,AKT1,226.0,6.645891560852599,FQSAGOQZJDXZJW-UHFFFAOYSA-N,397.47800000000024,4.792800000000003,1,4,0,69.62,4,30
CSc1ncc2cc(-c3ccccc3)c(-c3ccc(CNCCC(N)=O)cc3)nc2n1,CHEMBL276130,6.65,nM,226.0,nM,226.0,AKT1,226.0,6.645891560852599,ZIEOPLAPGXNRCU-UHFFFAOYSA-N,429.54900000000026,4.045700000000002,2,6,0,93.78999999999999,8,31
O=C(Cc1nc(N2CCOCC2)cc(=O)[nH]1)Nc1ccc(F)c(C2CC2)c1,CHEMBL3696268,6.64,nM,227.0,nM,227.0,AKT1,227.0,6.6439741428068775,OZZWAAOZGJCBIB-UHFFFAOYSA-N,372.40000000000015,1.8041999999999996,2,5,0,87.32000000000001,5,27
N[C@H](COc1cncc(-c2ccc3c(F)nccc3c2)c1)Cc1c[nH]c2ccccc12,CHEMBL210093,6.64,nM,227.0,nM,227.0,AKT1,227.0,6.6439741428068775,ILXYHGZZSULLPC-FQEVSTJZSA-N,412.46800000000013,4.866000000000003,2,4,0,76.82,6,31
CC(=O)Nc1ccc(-c2cncc(OC[C@@H](N)Cc3c[nH]c4ccccc34)c2)cc1,CHEMBL381785,6.64,nM,227.0,nM,227.0,AKT1,227.0,6.6439741428068775,ZDDCPXDMNGMWAB-FQEVSTJZSA-N,400.482,4.137100000000002,3,4,0,93.03,7,30
NC1(c2ccc(-c3nc4ccc(-n5cccn5)cn4c3-c3ccccc3)cc2)CCC1,CHEMBL3699679,6.64,nM,228.0,nM,228.0,AKT1,228.0,6.642065152999546,XXQGWNIKFHCTIN-UHFFFAOYSA-N,405.5050000000002,5.191900000000004,1,3,1,61.14,4,31
Cn1cccc1-c1n[nH]c2cnc(-c3cncc(OC[C@@H](N)Cc4ccccc4)c3)cc12,CHEMBL375486,6.64,nM,228.0,nM,228.0,AKT1,228.0,6.642065152999546,HJKLJGCUVOFHPH-IBGZPJMESA-N,424.5080000000002,3.9742000000000024,2,5,0,94.64,7,32
Cc1cc(-c2ccn[nH]2)c2nc(-c3ccc(C4(N)CCC4)cc3)c(-c3ccccc3)n2c1,CHEMBL3699765,6.64,nM,229.0,nM,229.0,AKT1,229.0,6.640164517660112,FFZHGIBVKMZARL-UHFFFAOYSA-N,419.53200000000015,5.7047200000000045,2,3,1,72.0,4,32
NC1(c2ccc(-c3nc4c5ccc(-c6ccc(F)cc6)cc5nn4cc3-c3ccccc3)cc2)CCC1,CHEMBL3672520,6.64,nM,229.0,nM,229.0,AKT1,229.0,6.640164517660112,WORPOVSLHDNZAW-UHFFFAOYSA-N,484.57800000000026,7.360500000000005,1,3,1,56.209999999999994,4,37
CC(C)(C)c1ccc(C(=O)Nc2ccc(-c3nnc4n3-c3cccnc3Nc3ccccc3-4)cc2)cc1,CHEMBL3684355,6.64,nM,230.0,nM,230.0,AKT1,230.0,6.638272163982407,FQXCEXPMXDUHLM-UHFFFAOYSA-N,486.5790000000001,6.603100000000006,2,5,1,84.73,3,37
N#CC(NC(=O)C1(N)CCN(c2ncnc3[nH]ccc23)CC1)c1ccc(Cl)cc1,CHEMBL5883220,6.64,nM,230.0,nM,230.0,AKT1,230.0,6.638272163982407,NXSAIRHLFDHNHR-UHFFFAOYSA-N,409.8810000000002,2.2900800000000006,3,6,0,123.72,4,29
CCCOc1ccn2c(-c3ccccc3)c(-c3ccc(C4(N)CCC4)cc3)nc2n1,CHEMBL3699682,6.64,nM,230.0,nM,230.0,AKT1,230.0,6.638272163982407,PTBIXVGGTHAJMK-UHFFFAOYSA-N,398.5100000000002,5.190000000000005,1,4,1,65.44,6,30
Cn1nccc1-c1ccc(C(=O)N[C@@H]2CNCC[C@H]2c2ccc(Cl)cc2)o1,CHEMBL4522820,6.64,nM,230.2,nM,230.2,AKT1,230.2,6.637894680706227,ARYZFEKWMFZSBP-JKSUJKDBSA-N,384.8670000000001,3.2090000000000014,2,4,0,72.09,4,27
CCOc1cnc2nc(-c3ccc(C4(N)CCC4)cc3)c(-c3ccccc3)n2c1,CHEMBL3699671,6.63,nM,233.0,nM,233.0,AKT1,233.0,6.632644078973981,ZNLHXUTZXOXBOT-UHFFFAOYSA-N,384.48300000000006,4.799900000000004,1,4,0,65.44,5,29
O=C(Cc1nc(N2CCOCC2)cc(=O)[nH]1)Nc1cccc2c1NCCC2,CHEMBL3699805,6.63,nM,234.0,nM,234.0,AKT1,234.0,6.6307841425898575,OCACPSFTSYRQMD-UHFFFAOYSA-N,369.4250000000002,1.1457999999999993,3,6,0,99.35000000000001,4,27
Cn1cncc1-c1ccn2c(-c3ccccc3)c(-c3ccc(C4(N)CCC4)cc3)nc2c1,CHEMBL3703110,6.63,nM,236.0,nM,236.0,AKT1,236.0,6.627087997029894,UPXGPTVFECKXRX-UHFFFAOYSA-N,419.5320000000002,5.406700000000005,1,3,1,61.14,4,32
Cn1cnc(S(=O)(=O)NCc2ccc(-c3nnc4n3-c3cccnc3Nc3ccccc3-4)cc2)c1,CHEMBL3684413,6.62,nM,240.0,nM,240.0,AKT1,240.0,6.619788758288394,LEFFTMGWWQTSLQ-UHFFFAOYSA-N,484.54500000000013,3.2653000000000008,2,7,0,119.61999999999999,5,35
NC1(C(=O)N[C@H](CCCO)c2ccc(Cl)cc2)CCN(c2ncnc3[nH]ccc23)CC1,CHEMBL5776584,6.62,nM,240.0,nM,240.0,AKT1,240.0,6.619788758288394,LDSYQXFMCPTTQM-GOSISDBHSA-N,442.95100000000025,2.5390000000000006,4,6,0,120.16,7,31
N#Cc1c(N)ncnc1N1CCC(c2nc(-c3ccc(F)c(C(F)(F)F)c3)cn2C2CNC2)CC1,CHEMBL3891763,6.62,nM,240.0,nM,240.0,AKT1,240.0,6.619788758288394,XTVAOEKBSKZYFK-UHFFFAOYSA-N,486.4770000000002,3.4801800000000016,2,7,0,108.68,4,35
O=C(Cc1ccccc1)Nc1ccc(-c2nnc3n2-c2cccnc2Nc2ccccc2-3)cc1,CHEMBL3684359,6.62,nM,240.0,nM,240.0,AKT1,240.0,6.619788758288394,HHBDACGMARHKNU-UHFFFAOYSA-N,444.4980000000001,5.234500000000003,2,5,1,84.73,4,34
Cc1c[nH]c2ncnc(N3CC[C@H](N)C3)c12,CHEMBL2021603,6.62,nM,240.0,nM,240.0,AKT1,240.0,6.619788758288394,SMTIKTZYKPWXQP-QMMMGPOBSA-N,217.27599999999995,0.8037199999999999,2,4,0,70.83,1,16
NC1(c2ccc(-c3nc4ccccc4cc3-c3ccccc3)cc2)CCC1,CHEMBL2035017,6.61,nM,243.0,uM,0.243,AKT1,243.0,6.614393726401688,HYGFBWZFNKCVQF-UHFFFAOYSA-N,350.46500000000015,5.906700000000004,1,2,1,38.91,3,27
Cc1cc(-c2cc(=O)[nH]c(CC(=O)N3CCc4c(F)cccc43)n2)ccn1,CHEMBL3961321,6.61,nM,244.0,nM,244.0,AKT1,244.0,6.61261017366127,YAYJUXLOPVAGKM-UHFFFAOYSA-N,364.38,2.41122,1,4,0,78.95,3,27
N[C@H](COc1cncc(-c2ccncc2)c1)Cc1c[nH]c2ccccc12,CHEMBL208199,6.61,nM,245.0,nM,245.0,AKT1,245.0,6.610833915635467,JBXZUPCBWLNUJT-SFHVURJKSA-N,344.41800000000006,3.5737000000000023,2,4,0,76.82,6,26
NC1(c2ccc(-c3nn4ccnc4cc3-c3ccccc3)cc2)CCC1,CHEMBL2035019,6.61,nM,246.0,nM,246.0,AKT1,246.0,6.609064892896621,GRIWUEMXZJIXMP-UHFFFAOYSA-N,340.4300000000002,4.401200000000003,1,3,0,56.209999999999994,3,26
N#Cc1cc(NC(=O)Cc2nc(N3CCOCC3)cc(=O)[nH]2)ccc1F,CHEMBL3696245,6.61,nM,247.0,nM,247.0,AKT1,247.0,6.607303046740334,ZYNBTAXJWLVCOM-UHFFFAOYSA-N,357.34499999999997,0.7984799999999996,2,6,0,111.10999999999999,4,26
COc1ccn2c(-c3ccccc3)c(-c3ccc(C4(N)CCC4)cc3)nc2c1C#N,CHEMBL3699755,6.61,nM,247.0,nM,247.0,AKT1,247.0,6.607303046740334,WURJZSZUOFJYBH-UHFFFAOYSA-N,394.47800000000024,4.886480000000004,1,4,0,76.34,4,30
NCC(CNc1ccc(-c2ccnc3[nH]ccc23)s1)c1ccccc1,CHEMBL469561,6.6,nM,250.0,nM,250.0,AKT1,250.0,6.6020599913279625,YDRKDXNMZVEHNN-UHFFFAOYSA-N,348.475,4.445800000000003,3,4,0,66.72999999999999,6,25
N#Cc1c(N)ncnc1N1CCC(c2nc(-c3ccoc3)cn2CCN2CCC2)CC1,CHEMBL3908333,6.6,nM,250.0,nM,250.0,AKT1,250.0,6.6020599913279625,QSSBFEIISOSMHF-UHFFFAOYSA-N,418.50500000000034,2.47668,1,8,0,113.02999999999999,6,31
Cn1c(CC(=O)Nc2cccc(Br)c2)nc(N2CCOCC2)cc1=O,CHEMBL3696282,6.6,nM,250.0,nM,250.0,AKT1,250.0,6.6020599913279625,UXOSSZIFRFEGMC-UHFFFAOYSA-N,407.26800000000026,1.5606,1,5,0,76.46000000000001,4,25
Nc1ncccc1-c1nc2cccnc2n1-c1ccc(CNC(=O)C2CCCCC2)cc1,CHEMBL2177820,6.6,nM,250.0,uM,0.25,AKT1,250.0,6.6020599913279625,ZRYXUSNOHRQNIO-UHFFFAOYSA-N,426.52400000000034,4.261200000000003,2,5,0,98.72,5,32
O=C(NC(c1ccc(Cl)c(Cl)c1)C1CCNCC1)c1ccc2[nH]ncc2c1,CHEMBL1823647,6.6,nM,250.0,uM,0.25,AKT1,250.0,6.6020599913279625,IKANYDMRAFPCDG-UHFFFAOYSA-N,403.3130000000001,4.3404000000000025,3,3,0,69.81,4,27
Cc1cccc(C)c1S(=O)(=O)N1CCC[C@H]1[C@H](O)CN1CCC[C@@]2(CCN(c3ncnc(N)c3C3CC3)C2)C1,CHEMBL1760766,6.6,nM,250.0,uM,0.25,AKT1,250.0,6.6020599913279625,QLEXQCDQNMSBQO-CTVOUCONSA-N,554.7610000000002,3.059540000000001,2,8,1,115.89,7,39
CCOC(=O)c1c(C)nc(NNC(=O)c2cccc3c(=O)c4ccccc4[nH]c23)nc1-c1cccc(OC)c1,CHEMBL4163164,6.6,nM,251.0,nM,251.0,AKT1,251.0,6.600326278518962,QJSLTFGKUMFWNG-UHFFFAOYSA-N,523.5490000000003,4.388920000000002,3,8,1,135.29999999999998,7,39
COc1cc2ncc3c(N)nc(-c4cncc(OC[C@H](N)Cc5ccc(F)cc5)c4)cc3c2cc1OC,CHEMBL1095622,6.6,nM,251.0,nM,251.0,AKT1,251.0,6.600326278518962,OBAJYVJLNXGBOG-LJQANCHMSA-N,499.5460000000002,4.532300000000003,2,8,0,118.4,8,37
CCc1c(N)ncnc1N1CCC(c2nc(-c3ccc(F)c(F)c3)cn2CCN2CC3(COC3)C2)CC1,CHEMBL3976391,6.59,nM,255.0,nM,255.0,AKT1,255.0,6.5934598195660445,BTHHPHAIATVJEX-UHFFFAOYSA-N,509.6050000000004,3.4791000000000025,1,7,1,85.33000000000001,7,37
Cn1cc(-c2c(Br)cnn2C)cc1C(=O)N[C@@H]1CNCC[C@H]1c1ccc(Cl)cc1,CHEMBL4588742,6.59,nM,255.3,nM,255.3,AKT1,255.3,6.592949185195749,XPGCFLWNSHRDPS-FUHWJXTLSA-N,476.80600000000015,3.7170000000000023,2,3,0,63.88,4,29
Cc1nc(N)nc2c1cc(-c1cn[nH]c1)c(=O)n2[C@H]1CC[C@H](OCC(N)=O)CC1,CHEMBL2375955,6.59,nM,256.0,nM,256.0,AKT1,256.0,6.59176003468815,NNXNZTDFLLHLOS-JOCQHMNTSA-N,397.4390000000003,1.0578199999999995,3,7,0,154.79999999999998,5,29
NC(=O)Nc1ccc2nc(-c3ccc(C4(N)CCC4)cc3)c(-c3ccccc3)n2c1,CHEMBL3703148,6.59,nM,256.0,nM,256.0,AKT1,256.0,6.59176003468815,NQBZWIXQIDSOBC-UHFFFAOYSA-N,397.482,4.496800000000003,3,3,0,98.44,4,30
NC1(c2ccc(-c3nc4ccc(C(=O)NO)cn4c3-c3ccccc3)cc2)CCC1,CHEMBL3699735,6.59,nM,257.0,nM,257.0,AKT1,257.0,6.590066876668706,POHBSNCKJNYVAL-UHFFFAOYSA-N,398.4660000000002,4.125200000000003,3,4,0,92.64999999999999,4,30
CN(C)C(=O)COc1ccn2c(-c3ccccc3)c(-c3ccc(C4(N)CCC4)cc3)nc2c1,CHEMBL3703163,6.59,nM,258.0,nM,258.0,AKT1,258.0,6.58838029403677,KFHJHDRJNCEESE-UHFFFAOYSA-N,440.54700000000025,4.473200000000003,1,4,0,72.86,6,33
CS(=O)(=O)N1CCN(Cc2cccc3c2CCN3C(=O)Cc2nc(N3CCOCC3)cc(=O)[nH]2)CC1,CHEMBL3985936,6.59,nM,259.0,nM,259.0,AKT1,259.0,6.586700235918748,GUMAPEYOJRCTRM-UHFFFAOYSA-N,516.6240000000004,-0.18449999999999678,1,8,1,119.15,6,36
COc1cc2ncc3c(N)nc(-c4cncc(OC[C@H](N)Cc5ccccc5)c4)cc3c2cc1OC,CHEMBL1095294,6.59,nM,259.0,nM,259.0,AKT1,259.0,6.586700235918748,XNXUJUXYVTYIGP-LJQANCHMSA-N,481.5560000000002,4.393200000000003,2,8,0,118.4,8,36
Cn1c(CC(=O)Nc2ccc(F)c(C(F)F)c2)nc(N2CCOCC2)cc1=O,CHEMBL3696302,6.58,nM,260.0,nM,260.0,AKT1,260.0,6.585026652029182,KPDOJMHVWUBMQV-UHFFFAOYSA-N,396.36900000000026,1.8747999999999996,1,5,0,76.46000000000001,5,28
O=C(Nc1ccc(-c2nnc3n2-c2cccnc2Nc2ccccc2-3)cc1)c1cccnc1,CHEMBL3684351,6.58,nM,260.0,nM,260.0,AKT1,260.0,6.585026652029182,QRQCPFGSVDDRLJ-UHFFFAOYSA-N,431.4590000000001,4.700600000000002,2,6,0,97.62,3,33
CCc1ccc2nc(-c3ccc(C4(N)CCC4)cc3)c(-c3ccccc3)n2c1,CHEMBL3699715,6.58,nM,260.0,nM,260.0,AKT1,260.0,6.585026652029182,JVOLVCNRQRHUHA-UHFFFAOYSA-N,367.49600000000004,5.568600000000005,1,2,1,43.31999999999999,4,28
Nc1ncccc1-c1nc2cccnc2n1-c1ccc(CNCc2ccccc2)cc1,CHEMBL2177824,6.58,nM,260.0,uM,0.26,AKT1,260.0,6.585026652029182,LQSXSFCEWIASQF-UHFFFAOYSA-N,406.49300000000017,4.354500000000003,2,5,0,81.65,6,31
C[C@H]1SCc2ncnc(N3CCN(C(=O)[C@H](N)Cc4ccc(Cl)cc4)CC3)c21,CHEMBL1632374,6.58,nM,260.0,nM,260.0,AKT1,260.0,6.585026652029182,UDCLTQDGBYLTCA-CZUORRHYSA-N,417.9660000000002,2.6564000000000005,1,6,0,75.35000000000001,4,28
COc1cc(F)ccc1NC(=O)Cc1nc(N2CCOCC2)cc(=O)[nH]1,CHEMBL3696262,6.58,nM,261.0,nM,261.0,AKT1,261.0,6.583359492661719,PHLWVGSIVOIZRP-UHFFFAOYSA-N,362.36100000000016,0.9353999999999998,2,6,0,96.54999999999998,5,26
COc1cc2ncc3c(N)nc(-c4cncc(OC[C@@H](N)Cc5ccccc5)c4)cc3c2cc1OC,CHEMBL1097602,6.58,nM,261.0,nM,261.0,AKT1,261.0,6.583359492661719,XNXUJUXYVTYIGP-IBGZPJMESA-N,481.5560000000002,4.393200000000003,2,8,0,118.4,8,36
Cn1ncc(Br)c1-c1ccc(C(=O)N[C@@H]2CNCC[C@H]2c2ccc(F)c(F)c2)cn1,CHEMBL4587088,6.57,nM,269.8,nM,269.8,AKT1,269.8,6.568958054664114,AWJKEZBLMFXELX-IFXJQAMLSA-N,476.3250000000002,3.3983000000000017,2,4,0,71.84,4,30
N[C@H](CNc1cncc(Nc2cccc3cnccc23)c1)Cc1c[nH]c2ccccc12,CHEMBL205994,6.57,nM,270.0,nM,270.0,AKT1,270.0,6.568636235841013,ZTSGMPMNVIVHKB-IBGZPJMESA-N,408.5090000000002,4.8366000000000025,4,5,0,91.65,7,31
CC[C@@H](NC(=O)C1(N)CCN(c2ncnc3[nH]ccc23)CC1)c1ccc(Cl)cc1,CHEMBL5999638,6.57,nM,270.0,nM,270.0,AKT1,270.0,6.568636235841013,ZFMRDRXPXZUHDB-QGZVFWFLSA-N,412.9250000000002,3.1765000000000017,3,5,0,99.93,5,29
Cl.NCc1ccc(-n2c(-c3cccnc3N)nc3ccc(Cl)nc32)cc1,CHEMBL4545250,6.57,nM,270.0,uM,0.27,AKT1,270.0,6.568636235841013,LJQFIAYIVWMEKG-UHFFFAOYSA-N,387.2740000000001,3.598600000000001,2,5,0,95.64,3,26
CC(C)C[C@@H](NC(=O)C1(N)CCN(c2ncnc3[nH]ccc23)CC1)C(=O)NO.Cl,CHEMBL4860306,6.57,nM,270.0,nM,270.0,AKT1,270.0,6.568636235841013,MKBQAJXAABAJSL-CYBMUJFWSA-N,425.9210000000001,0.713700000000002,5,7,0,149.26,6,29
Cc1cnc2c(c1)nc(-c1cccnc1N)n2-c1ccc(CN)cc1.Cl,CHEMBL4565210,6.57,nM,270.0,uM,0.27,AKT1,270.0,6.568636235841013,PNKRHUGUFAPIKL-UHFFFAOYSA-N,366.85600000000005,3.25362,2,5,0,95.64,3,26
CN1CCN(Cc2cccc3c2CCN3C(=O)Cc2nc(N3CCOCC3)cc(=O)[nH]2)CC1,CHEMBL3112860,6.57,nM,272.0,nM,272.0,AKT1,272.0,6.565431095965801,PLOZCOMIWYJHAK-UHFFFAOYSA-N,452.5590000000003,0.4857000000000025,1,7,0,85.00999999999999,5,33
N[C@H](COc1cc(/C=C/c2ccncc2)cnc1Cl)Cc1c[nH]c2ccccc12,CHEMBL206198,6.56,nM,273.0,nM,273.0,AKT1,273.0,6.5638373529592435,AQDWLHMFJHACCX-UEKDZROGSA-N,404.9010000000001,4.730500000000003,2,4,0,76.82,7,29
N[C@H](COc1cncc(/C=C/c2ccncc2)c1)C(c1ccccc1)c1ccccc1,CHEMBL203434,6.56,nM,273.0,nM,273.0,AKT1,273.0,6.5638373529592435,ATMJJEZNNJSDSO-TYBKAHOSSA-N,407.5170000000001,5.1852000000000045,1,4,1,61.03,8,31
C[C@@H](NC(=O)C1(N)CCN(c2ncnc3[nH]ccc23)CC1)c1ccc(Cl)cc1,CHEMBL2325742,6.56,nM,276.0,nM,276.0,AKT1,276.0,6.559090917934782,RCUDMUZVZCVJCO-CYBMUJFWSA-N,398.89800000000025,2.7864000000000013,3,5,0,99.93,4,28
N[C@@H](Cc1c[nH]c2ccccc12)C(=O)Nc1cncc(/C=C/c2ccncc2)c1,CHEMBL205415,6.56,nM,278.0,nM,278.0,AKT1,278.0,6.555955204081924,RFVBRKXQYUDGIO-LYSGITKLSA-N,383.4550000000001,3.6368000000000027,3,4,0,96.69,6,29
COc1cccc2c1CCN2C(=O)Cc1nc(N2CCOCC2)cc(=O)n1C,CHEMBL3696312,6.56,nM,278.0,nM,278.0,AKT1,278.0,6.555955204081924,IEPXQEPPVSTUGZ-UHFFFAOYSA-N,384.4360000000002,0.7573000000000001,0,6,0,76.9,4,28
CCc1c(N)ncnc1N1CCC(c2nc(-c3ccc(F)c(C(F)(F)F)c3)cn2CC2CCN2)CC1,CHEMBL3961268,6.55,nM,280.0,nM,280.0,AKT1,280.0,6.552841968657781,WHMIUKFQZDKPNG-UHFFFAOYSA-N,503.54800000000023,4.388500000000003,2,6,1,84.89000000000001,6,36
Cc1cc2cc(-c3nnc(NC[C@@H](N)Cc4ccc(C(F)(F)F)cc4)s3)ccc2cn1,CHEMBL1081629,6.55,nM,280.0,nM,280.0,AKT1,280.0,6.552841968657781,JITNHYKCFBSHCI-IBGZPJMESA-N,443.49800000000005,5.062420000000004,2,6,1,76.72,6,31
NCC(c1ccccc1)c1cncc(/C=C/c2ccncc2)c1,CHEMBL383254,6.55,nM,284.0,nM,284.0,AKT1,284.0,6.546681659952962,PSKXKMKENKURHT-VOTSOKGWSA-N,301.393,3.737600000000003,1,3,0,51.8,5,23
N#Cc1ccc(C[C@@H](N)C(=O)N2CCN(c3ncnc4ccccc34)CC2)cc1,CHEMBL1258441,6.55,nM,284.0,nM,284.0,AKT1,284.0,6.546681659952962,MLORNHCWYKBAPF-LJQANCHMSA-N,386.4590000000001,1.7200799999999996,1,6,0,99.13999999999999,4,29
CC(C)NC[C@@H](C(=O)N1C[C@@H]2CN(c3ncnc4c3[C@H](C)CC(=O)N4)C[C@@H]2C1)c1ccc(Cl)cc1,CHEMBL5172419,6.54,nM,285.0,nM,285.0,AKT1,285.0,6.54515513999149,OWOJTYIGFIFRFV-RDPOXOKHSA-N,497.04300000000023,3.2521000000000013,2,6,0,90.46000000000001,6,35
CSc1ncc2cc(-c3ccccc3)c(-c3ccc(CN4CCC(NC(=O)CNC(C)=O)CC4)cc3)nc2n1,CHEMBL252654,6.54,nM,286.0,nM,286.0,AKT1,286.0,6.543633966870957,QCSBUEMDGVYHPM-UHFFFAOYSA-N,540.6930000000003,4.297400000000003,2,7,1,100.11000000000001,8,39
N#Cc1ccc2nc(-c3ccc(C4(N)CCC4)cc3)c(-c3ccccc3)n2c1,CHEMBL3699673,6.54,nM,287.0,nM,287.0,AKT1,287.0,6.542118103266008,GLKFXRCYMJOMSD-UHFFFAOYSA-N,364.452,4.877880000000004,1,3,0,67.11,3,28
Cc1nc(N)nc2c1cc(-c1cnn(C)c1)c(=O)n2[C@H]1CC[C@H](OCO)CC1,CHEMBL2375966,6.54,nM,288.0,nM,288.0,AKT1,288.0,6.540607512240769,HFFRBNFVPWVIBS-HDJSIYSDSA-N,384.4400000000002,1.5327199999999992,2,7,0,121.08000000000001,4,28
Cc1nc2nc(-c3ccc(CN4CCC(n5ncc6c(N)ncnc65)CC4)cc3)c(-c3ccccc3)cn2n1,CHEMBL3672022,6.54,nM,288.0,nM,288.0,AKT1,288.0,6.540607512240769,NYQZVVRJQDPIAJ-UHFFFAOYSA-N,516.6130000000002,4.325720000000003,1,8,1,115.94,5,39
Cc1n[nH]c2ccc(-c3cncc(OC[C@@H](N)Cc4cccc(OCCC5CCNCC5)c4)c3)cc12,CHEMBL388310,6.54,nM,290.0,nM,290.0,AKT1,290.0,6.5376020021010435,TXQJLFJJIQTNAF-VWLOTQADSA-N,485.6320000000003,4.6506200000000035,3,6,0,98.08,10,36
O=C(Cc1nc(N2CCOCC2)cc(=O)[nH]1)Nc1cc(F)c(F)cc1F,CHEMBL3696275,6.54,nM,290.0,nM,290.0,AKT1,290.0,6.5376020021010435,FODYRVOIUCSEHX-UHFFFAOYSA-N,368.31500000000005,1.2049999999999994,2,5,0,87.32000000000001,4,26
c1nc(N2CCc3[nH]cnc3C2)c2cc[nH]c2n1,CHEMBL407891,6.53,nM,294.0,nM,294.0,AKT1,294.0,6.531652669587842,RNQMCOZOSONNRJ-UHFFFAOYSA-N,240.26999999999998,1.2437,2,4,0,73.49000000000001,1,18
O=C1C[C@H]2OC3(CCCC3)C3=C(C(=O)c4ccccc4C3=O)[C@H]2O1,CHEMBL504537,6.53,nM,295.0,uM,0.295,AKT1,295.0,6.530177984021837,XCZHOTOHALTCOW-XIKOKIGWSA-N,324.3320000000001,2.3893000000000004,0,5,0,69.67,0,24
C[C@H]1COCCN1c1nc(N2CCOCC2)nc2nc(-c3ccc(N)nc3)ccc12,CHEMBL3693559,6.53,nM,295.1,nM,295.1,AKT1,295.1,6.5300307905000405,LZQOSKPVZKZQAQ-AWEZNQCLSA-N,407.4780000000001,1.7307,1,9,0,102.52,3,30
N[C@H](COc1cnc2ccc(-c3ccncc3)cc2c1)Cc1c[nH]c2ccccc12,CHEMBL206819,6.52,nM,300.0,nM,300.0,AKT1,300.0,6.522878745280337,JQSKWGALHLCBQA-NRFANRHFSA-N,394.4780000000001,4.726900000000003,2,4,0,76.82,6,30
Cc1noc(C)c1S(=O)(=O)N(CCOC(C)C)C[C@@H](O)CN1CCCC2(CC(=O)c3cc(O)ccc3O2)C1,CHEMBL1761072,6.52,nM,300.0,uM,0.3,AKT1,300.0,6.522878745280337,WGEPMLUTQQQQSC-GVNKFJBHSA-N,551.6620000000004,2.2736400000000003,2,10,1,142.64,10,38
C=Cc1ccc2nc(-c3ccc(C4(N)CCC4)cc3)c(-c3ccccc3)n2c1,CHEMBL3699724,6.52,nM,300.0,nM,300.0,AKT1,300.0,6.522878745280337,BBKYAPLWNWFTDX-UHFFFAOYSA-N,365.48,5.649200000000005,1,2,1,43.31999999999999,4,28
O=C(NCc1ccc(-c2nnc3n2-c2cccnc2Nc2ccccc2-3)cc1)c1ccc(F)cc1,CHEMBL3684405,6.52,nM,300.0,nM,300.0,AKT1,300.0,6.522878745280337,TYBCUVLFCJTZAU-UHFFFAOYSA-N,462.4880000000001,5.122400000000003,2,5,1,84.73,4,35
CCOCCN(C[C@@H](O)CN1CCCC2(CC(=O)c3cc(O)ccc3O2)C1)S(=O)(=O)c1c(C)cccc1C,CHEMBL1761083,6.52,nM,300.0,uM,0.3,AKT1,300.0,6.522878745280337,ONZIIEDMJXLRAD-UHFKCPIBSA-N,546.6860000000001,2.897140000000001,2,8,1,116.61000000000001,10,38
NC(=O)c1ccnc2c(N[C@H](CN3CCC3)c3ccc(C(F)(F)F)cc3)ncnc12,CHEMBL5879158,6.52,nM,300.0,nM,300.0,AKT1,300.0,6.522878745280337,RLLCVDXOVYXGLY-OAHLLOKOSA-N,416.407,3.001400000000001,2,6,0,97.03,6,30
NC(=O)c1cccc2c(NC3CNCCC3c3ccc(C(F)(F)F)cc3)nnnc12,CHEMBL5806058,6.52,nM,300.0,nM,300.0,AKT1,300.0,6.522878745280337,ZONZNYXZHDNBLS-UHFFFAOYSA-N,416.40700000000004,2.700100000000001,3,6,0,105.82000000000001,4,30
NC(=O)c1ccnc2c(NC3CNCCC3c3ccc(F)c(Cl)c3)ncnc12,CHEMBL6019379,6.52,nM,300.0,nM,300.0,AKT1,300.0,6.522878745280337,XZXCEDAJMZJAQS-UHFFFAOYSA-N,400.8450000000001,2.4737999999999998,3,6,0,105.82000000000001,4,28
N#Cc1cc([C@@H](CN2CCC2)Nc2nnnc3c(C(N)=O)cccc23)ccc1Cl,CHEMBL4251455,6.52,nM,300.0,nM,300.0,AKT1,300.0,6.522878745280337,UVBULURUUGWOSB-QGZVFWFLSA-N,407.8650000000001,2.5076799999999997,2,7,0,120.82,6,29
CN(C)C[C@@H](Nc1nnnc2c(C(N)=O)cccc12)c1ccc(Cl)c(C#N)c1,CHEMBL4247161,6.52,nM,300.0,nM,300.0,AKT1,300.0,6.522878745280337,GXPXLCKCZLZHRD-MRXNPFEDSA-N,395.8540000000001,2.3635800000000007,2,7,0,120.82,6,28
COc1cc([C@@H](CN(C)C)Nc2nnnc3c(C(N)=O)cccc23)ccc1Cl,CHEMBL4246697,6.52,nM,300.0,nM,300.0,AKT1,300.0,6.522878745280337,YRBXVESCSKRYGH-OAHLLOKOSA-N,400.8700000000001,2.5005000000000006,2,7,0,106.25999999999999,7,28
COc1cc([C@@H](CN2CCC2)Nc2nnnc3c(C(N)=O)cccc23)ccc1Cl,CHEMBL4243808,6.52,nM,300.0,nM,300.0,AKT1,300.0,6.522878745280337,WSHQSNODWQYJOP-MRXNPFEDSA-N,412.8810000000001,2.6446000000000005,2,7,0,106.25999999999999,7,29
NC(=O)c1ccnc2c(N[C@H](CN3CCC3)c3ccc(Cl)cc3)ncnc12,CHEMBL5817585,6.52,nM,300.0,nM,300.0,AKT1,300.0,6.522878745280337,GANJRLMWURFCRJ-OAHLLOKOSA-N,382.85499999999996,2.636,2,6,0,97.03,6,27
CNC[C@@H](Nc1ncnc2c(C(N)=O)ccnc12)c1ccc(C(C)C)cc1,CHEMBL5935444,6.52,nM,300.0,nM,300.0,AKT1,300.0,6.522878745280337,PUXIJUMOWKMKBQ-MRXNPFEDSA-N,364.4530000000001,2.619700000000001,3,6,0,105.82000000000001,7,27
CNC[C@@H](Nc1ncnc2c(C(N)=O)ccnc12)c1ccc(C(F)(F)F)c(F)c1,CHEMBL5871514,6.52,nM,300.0,nM,300.0,AKT1,300.0,6.522878745280337,OWVGBAJPONLYFG-CYBMUJFWSA-N,408.35900000000004,2.6542000000000012,3,6,0,105.82000000000001,6,29
CCNC[C@@H](Nc1ncnc2c(C(N)=O)ccnc12)c1cc(F)c(F)cc1F,CHEMBL5758047,6.52,nM,300.0,nM,300.0,AKT1,300.0,6.522878745280337,JCZDYEBBWFRSGI-CQSZACIVSA-N,390.3690000000001,2.3037,3,6,0,105.82000000000001,7,28
CCNC[C@@H](Nc1ncnc2c(C(N)=O)ccnc12)c1cc(F)c(OC)cc1F,CHEMBL5833609,6.52,nM,300.0,nM,300.0,AKT1,300.0,6.522878745280337,CKKONTWSDZZMIN-CQSZACIVSA-N,402.40500000000014,2.1731999999999996,3,7,0,115.05000000000001,8,29
CNC[C@@H](Nc1ncnc2c(C(N)=O)ccnc12)c1ccc(F)c(C(F)F)c1,CHEMBL5861815,6.52,nM,300.0,nM,300.0,AKT1,300.0,6.522878745280337,NBHLTGXFOXEKDP-CYBMUJFWSA-N,390.369,2.5730000000000004,3,6,0,105.82000000000001,7,28
CNC[C@@H](Nc1ncnc2c(C(N)=O)ccnc12)c1ccc(F)c(Cl)c1,CHEMBL5789724,6.52,nM,300.0,nM,300.0,AKT1,300.0,6.522878745280337,HBSMHSYCMIMOMC-CYBMUJFWSA-N,374.807,2.2888,3,6,0,105.82000000000001,6,26
CC(C)NC[C@@H](Nc1ncnc2c(C(N)=O)ccnc12)c1ccc(Cl)c(F)c1,CHEMBL6042207,6.52,nM,300.0,nM,300.0,AKT1,300.0,6.522878745280337,UZTWTPFMQKUXRF-OAHLLOKOSA-N,402.8610000000001,3.0674,3,6,0,105.82000000000001,7,28
O=C(Cc1nc(N2CCOCC2)cc(=O)[nH]1)N1CCc2ccccc2C1,CHEMBL3696313,6.52,nM,301.0,nM,301.0,AKT1,301.0,6.521433504406157,PRBZOPIWUPEVHS-UHFFFAOYSA-N,354.41000000000014,0.7339,1,5,0,78.53,3,26
NC1(c2ccc(-c3ncc4ccccc4c3-c3ccccc3)cc2)CCC1,CHEMBL2035027,6.52,nM,301.0,uM,0.301,AKT1,301.0,6.521433504406157,UIKDMTZAMLGVGD-UHFFFAOYSA-N,350.46500000000015,5.906700000000003,1,2,1,38.91,3,27
COc1cc2ncc3c(N)nc(-c4cncc(OC[C@@H](N)Cc5c[nH]c6ccccc56)c4)cc3c2cc1OC,CHEMBL1095612,6.52,nM,302.0,nM,302.0,AKT1,302.0,6.519993057042849,ZWSYVXUTWLOAGF-IBGZPJMESA-N,520.5930000000002,4.874500000000003,3,8,1,134.19,8,39
COC(=O)c1cccc(NC(=O)Cc2nc(N3CCOCC3)cc(=O)[nH]2)c1O,CHEMBL3699799,6.52,nM,302.0,nM,302.0,AKT1,302.0,6.519993057042849,ZGLLAPIDFCDRSZ-UHFFFAOYSA-N,388.38000000000017,0.27989999999999987,3,8,0,133.84999999999997,5,28
NC1(c2ccc(-c3nc4ccc(O)cn4c3-c3ccccc3)cc2)CCC1,CHEMBL3703154,6.52,nM,303.0,nM,303.0,AKT1,303.0,6.518557371497695,XBQDOZCBHDDKPA-UHFFFAOYSA-N,355.44100000000014,4.711800000000002,2,3,0,63.55,3,27
CCN(c1nccc(-c2ccc3nc(NC(C)=O)sc3c2)n1)S(=O)(=O)c1ccc(OC)cc1,CHEMBL1773576,6.52,nM,305.0,nM,305.0,AKT1,305.0,6.515700160653214,KHSRJLWEMLJKCX-UHFFFAOYSA-N,483.5750000000002,3.935500000000002,1,8,0,114.38000000000001,7,33
N[C@H](COc1cncc(-c2ccc3cnc(-c4ccccc4)cc3c2)c1)Cc1c[nH]c2ccccc12,CHEMBL210544,6.52,nM,305.0,nM,305.0,AKT1,305.0,6.515700160653214,XPBYNTVKVYATHN-MHZLTWQESA-N,470.5760000000002,6.393900000000005,2,4,1,76.82,7,36
CC(C)Oc1cccc(NC(=O)Cc2nc(N3CCOCC3)cc(=O)[nH]2)c1,CHEMBL3696261,6.51,nM,308.0,nM,308.0,AKT1,308.0,6.511449283499556,IDHTWOIPSWSQKS-UHFFFAOYSA-N,372.4250000000001,1.5748999999999995,2,6,0,96.54999999999998,6,27
NC1(c2ccc(-c3nc4c(-c5ccc(F)cc5)cccn4c3-c3ccccc3)cc2)CCC1,CHEMBL3699744,6.51,nM,308.0,nM,308.0,AKT1,308.0,6.511449283499556,IAHBHCUTIPCVMP-UHFFFAOYSA-N,433.5300000000002,6.812300000000005,1,2,1,43.31999999999999,4,33
O=C(NCc1ccc(-c2nnc3n2-c2cccnc2Nc2ccccc2-3)cc1)Nc1ccccc1F,CHEMBL3684431,6.51,nM,310.0,nM,310.0,AKT1,310.0,6.508638306165727,AKNGNVBZNUSGHJ-UHFFFAOYSA-N,477.5030000000001,5.514100000000003,3,5,1,96.76,4,36
Nc1ncc(-c2cc(N3CCCc4ccccc43)cc(N3CCOCC3)n2)cn1,CHEMBL5782562,6.51,nM,310.0,nM,310.0,AKT1,310.0,6.508638306165727,WETSTVOERCRPHB-UHFFFAOYSA-N,388.4750000000002,3.0417000000000014,1,7,0,80.4,3,29
Cc1nc(N)nc2c1cc(-c1cnn(C)c1)c(=O)n2[C@H]1CC[C@@H](OCO)CC1,CHEMBL2375970,6.51,nM,310.0,nM,310.0,AKT1,310.0,6.508638306165727,HFFRBNFVPWVIBS-OKILXGFUSA-N,384.4400000000002,1.5327199999999992,2,7,0,121.08000000000001,4,28
CN(C)C(=O)c1ccc2nc(-c3ccc(C4(N)CCC4)cc3)c(-c3ccccc3)n2n1,CHEMBL5932276,6.51,nM,310.0,nM,310.0,AKT1,310.0,6.508638306165727,OHYWWEHQILBQKO-UHFFFAOYSA-N,411.50900000000007,4.103000000000002,1,4,0,76.52,4,31
COC(=O)c1c(C)nc(NNC(=O)c2cccc3c(=O)c4ccccc4[nH]c23)nc1-c1ccc(OC)c(OC)c1,CHEMBL4160580,6.51,nM,311.0,nM,311.0,AKT1,311.0,6.507239610973162,XXYFFIKPIFNJJL-UHFFFAOYSA-N,539.5480000000003,4.007420000000003,3,9,1,144.52999999999997,7,40
N[C@H](COc1cncc(-c2ccc3ncccc3c2)c1)Cc1c[nH]c2ccccc12,CHEMBL573393,6.51,nM,312.0,nM,312.0,AKT1,312.0,6.505845405981558,QMGXJRYZCNWMOA-NRFANRHFSA-N,394.4780000000001,4.726900000000003,2,4,0,76.82,6,30
COC(=O)c1c(C)nc(NNC(=O)c2cccc3c(=O)c4ccccc4[nH]c23)nc1-c1ccc(F)cc1,CHEMBL4169321,6.5,nM,313.0,nM,313.0,AKT1,313.0,6.504455662453552,BZUCQVXORXPOIU-UHFFFAOYSA-N,497.4860000000002,4.1293200000000025,3,7,0,126.06999999999998,5,37
CC1OC2OC(=O)OC2C2=C1C(=O)c1c(O)cccc1C2=O,CHEMBL1908343,6.5,nM,313.0,uM,0.313,AKT1,313.0,6.504455662453552,MCSWCIQAECMQGP-UHFFFAOYSA-N,302.23800000000006,1.3479999999999999,1,7,0,99.13,0,22
COc1cc(NC(=O)Cc2nc(N3CCOCC3)cc(=O)[nH]2)ccc1F,CHEMBL2151927,6.5,nM,318.0,nM,318.0,AKT1,318.0,6.497572880015567,UNDRYPNXYPXVPQ-UHFFFAOYSA-N,362.361,0.9354000000000002,2,6,0,96.54999999999998,5,26
Clc1c[nH]c2ncnc(Nc3ccccc3-c3nnc[nH]3)c12,CHEMBL260990,6.5,nM,318.0,nM,318.0,AKT1,318.0,6.497572880015567,KETKYSSUSUDHEN-UHFFFAOYSA-N,311.736,3.1399999999999997,3,5,0,95.17000000000002,3,22
CC[C@@H](N)COc1cncc(-c2cc3c(cnc4cc(OC)c(OC)cc43)c(N)n2)c1,CHEMBL1094320,6.5,nM,318.0,nM,318.0,AKT1,318.0,6.497572880015567,PHJGKALEAVCXAU-CQSZACIVSA-N,419.48500000000024,3.560500000000002,2,8,0,118.4,7,31
Cc1nc(-c2ccc(CN3CCC(n4c(=O)[nH]c5ccc(N)cc54)CC3)cc2)c(-c2ccccc2)[nH]c1=O,CHEMBL5649159,6.5,nM,319.0,nM,319.0,AKT1,319.0,6.496209316942819,ZAWIDCUNRSFLTI-UHFFFAOYSA-N,506.61000000000024,4.4746200000000025,3,5,1,112.79999999999998,5,38
N#Cc1ccc(-c2cccc3nn4cc(-c5ccccc5)c(-c5ccc(C6(N)CCC6)cc5)nc4c23)cc1,CHEMBL3672543,6.5,nM,320.0,nM,320.0,AKT1,320.0,6.494850021680094,QQHQIJHUVZCTNF-UHFFFAOYSA-N,491.5980000000003,7.093080000000006,1,4,1,80.0,4,38
Cl.NCc1ccc(-n2c(-c3cccnc3N)nc3cc(Br)cnc32)cc1,CHEMBL4558319,6.5,nM,320.0,uM,0.32,AKT1,320.0,6.494850021680094,OMQZNKIQMWDSNI-UHFFFAOYSA-N,431.7250000000001,3.7077000000000018,2,5,0,95.64,3,26
N#Cc1cccc(C[C@H](N)COc2cncc(/C=C/c3ccncc3)c2)c1,CHEMBL205410,6.5,nM,320.0,nM,320.0,AKT1,320.0,6.494850021680094,ZTHCLLAIZUAHHH-FNEOHHHZSA-N,356.42900000000003,3.467480000000003,1,5,0,84.82000000000001,7,27
Cn1ncc(Cl)c1-c1csc(C(=O)NC2(c3ccc(F)cc3)CCNCC2)c1,CHEMBL3806131,6.5,nM,320.0,uM,0.32,AKT1,320.0,6.494850021680094,MUBZXHWRHNPWGD-UHFFFAOYSA-N,418.9250000000002,3.9498000000000024,2,4,0,58.95,4,28
NC1(c2ccc(-c3nc4ccc(-c5ncc[nH]5)cn4c3-c3ccccc3)cc2)CCC1,CHEMBL3703122,6.49,nM,321.0,nM,321.0,AKT1,321.0,6.493494967595128,AZAFWIPEROVPFZ-UHFFFAOYSA-N,405.5050000000002,5.396300000000004,2,3,1,72.0,4,31
O=C(Cc1nc(N2CCOCC2)cc(=O)[nH]1)Nc1ccc(F)cc1,CHEMBL2151821,6.49,nM,321.0,nM,321.0,AKT1,321.0,6.493494967595128,NPAUEGMLUVJJFP-UHFFFAOYSA-N,332.33500000000004,0.9267999999999995,2,5,0,87.32000000000001,4,24
N[C@H](COc1cncc(/C=C/c2ccncc2)c1)Cc1cccc2ccccc12,CHEMBL205871,6.49,nM,324.0,nM,324.0,AKT1,324.0,6.489454989793388,DZQYVIOHGJRCPS-YVSHKSEASA-N,381.4790000000001,4.749000000000004,1,4,0,61.03,7,29
CCn1c(-c2nonc2N)nc2cncc(C(=O)N3CC[C@H](N)C3)c21,CHEMBL1956071,6.49,nM,324.0,nM,324.0,AKT1,324.0,6.489454989793388,PHWHNHYZZNJPLB-QMMMGPOBSA-N,342.36300000000017,0.25659999999999983,2,8,0,141.98,3,25
CNC(=O)Nc1ccc2nc(-c3ccc(C4(N)CCC4)cc3)c(-c3ccccc3)n2c1,CHEMBL3703149,6.49,nM,327.0,nM,327.0,AKT1,327.0,6.485452247339714,WARCYKWNWXOOSP-UHFFFAOYSA-N,411.50900000000007,4.757500000000003,3,3,0,84.45,4,31
Cc1c(-c2ccn[nH]2)cn2c(-c3ccccc3)c(-c3ccc(C4(N)CCC4)cc3)nc2c1C,CHEMBL3699762,6.48,nM,330.0,nM,330.0,AKT1,330.0,6.481486060122113,OXVAKPMYZFUKFH-UHFFFAOYSA-N,433.55900000000025,6.013140000000005,2,3,1,72.0,4,33
O=C(NC(c1ccc(Cl)c(Cl)c1)C1CCNCC1)c1ccc2cnncc2c1,CHEMBL1823648,6.48,nM,330.0,uM,0.33,AKT1,330.0,6.481486060122113,SKCLXSULKQAAON-UHFFFAOYSA-N,415.3240000000001,4.407300000000003,2,4,0,66.91,4,28
N[C@H](COc1cncc(-c2cccc3cnccc23)c1)Cc1c[nH]c2ccccc12,CHEMBL581848,6.48,nM,331.0,nM,331.0,AKT1,331.0,6.480172006224281,ZNOYOLGWROHHHR-FQEVSTJZSA-N,394.4780000000001,4.726900000000003,2,4,0,76.82,6,30
CCn1c(-c2nonc2N)nc2c(-c3ccccc3)ncc(OCCCN)c21,CHEMBL493250,6.48,nM,331.0,uM,0.331,AKT1,331.0,6.480172006224281,OAYXVYXQZWJEBE-UHFFFAOYSA-N,379.4240000000002,2.4779999999999998,2,8,0,130.9,7,28
CCn1c(-c2nonc2N)nc2cncc(C(=O)N3CC[C@@H](N)C3)c21,CHEMBL523695,6.48,nM,331.0,uM,0.331,AKT1,331.0,6.480172006224281,PHWHNHYZZNJPLB-MRVPVSSYSA-N,342.36300000000017,0.25659999999999983,2,8,0,141.98,3,25
CC(=O)Nc1nc2ccc(-c3ccnc(N(C)S(=O)(=O)c4ccc(C)cc4)n3)cc2s1,CHEMBL1773582,6.48,nM,334.0,nM,334.0,AKT1,334.0,6.476253533188435,CJVXPWZJWZDNTG-UHFFFAOYSA-N,453.54900000000015,3.845220000000003,1,7,0,105.14999999999999,5,31
CC(=O)Nc1nc2ccc(-c3cnc(Cl)c(NS(=O)(=O)c4ccc(F)cc4)c3)cc2[nH]1,CHEMBL1822060,6.47,nM,335.0,nM,335.0,AKT1,335.0,6.474955192963154,VMOWYZQEUZXDFM-UHFFFAOYSA-N,459.8900000000001,4.176600000000001,3,5,0,116.83999999999997,5,31
COc1ccc(S(=O)(=O)N(C)c2nccc(-c3ccc4nc(NC(C)=O)sc4c3)n2)cc1,CHEMBL1773575,6.47,nM,336.0,nM,336.0,AKT1,336.0,6.4736607226101555,AIBUAENDRJZVDK-UHFFFAOYSA-N,469.5480000000002,3.5454000000000017,1,8,0,114.38000000000001,6,32
CCOc1c(N)ncnc1N1CCC(c2nc(-c3ccc(F)c(C)c3)cn2CCO)CC1,CHEMBL3924930,6.47,nM,340.0,nM,340.0,AKT1,340.0,6.468521082957745,ZBAAWCIEXLKIOX-UHFFFAOYSA-N,440.52300000000025,3.144820000000002,2,7,0,102.32000000000001,7,32
CC(C)(C)CC(=O)Nc1ccc(-c2nnc3n2-c2cccnc2Nc2ccccc2-3)cc1,CHEMBL3684347,6.47,nM,340.0,nM,340.0,AKT1,340.0,6.468521082957745,ZCVKLHHZRWXBOG-UHFFFAOYSA-N,424.5080000000001,5.428000000000004,2,5,1,84.73,3,32
Cn1c(CC(=O)Nc2ccccc2)nc(N2CCOCC2)cc1=O,CHEMBL2151930,6.47,nM,340.0,nM,340.0,AKT1,340.0,6.468521082957745,UOVQMPIROGSARP-UHFFFAOYSA-N,328.3720000000001,0.7980999999999998,1,5,0,76.46000000000001,4,24
CC(C)(N)c1ccc(-c2nnc3n2-c2cccnc2Nc2ccccc2-3)cc1,CHEMBL3684501,6.47,nM,340.0,nM,340.0,AKT1,340.0,6.468521082957745,BVMOIUVSHIOEBE-UHFFFAOYSA-N,368.444,4.247100000000002,2,5,0,81.65,2,28
CCOCCc1c(N)ncnc1N1CCC(c2nc(-c3ccc(F)c(C(F)(F)F)c3)cn2CCN(C)C)CC1,CHEMBL3901997,6.47,nM,340.0,nM,340.0,AKT1,340.0,6.468521082957745,ALXARYSWRHEWCG-UHFFFAOYSA-N,549.6170000000001,4.6048000000000044,1,7,1,85.33,10,39
NC1(c2ccc(-c3nc4ccc(C(=O)NCC5CC5)cn4c3-c3ccccc3)cc2)CCC1,CHEMBL3699734,6.47,nM,342.0,nM,342.0,AKT1,342.0,6.465973893943865,QTMAVKBPASHUTM-UHFFFAOYSA-N,436.5590000000002,5.146000000000004,2,3,1,72.41999999999999,6,33
COC(=O)/C=C/c1ccn2c(-c3ccccc3)c(-c3ccc(C4(N)CCC4)cc3)nc2c1,CHEMBL3703115,6.46,nM,345.0,nM,345.0,AKT1,345.0,6.462180904926726,LKWMVZZEONIZRJ-MDWZMJQESA-N,423.51600000000025,5.192400000000005,1,4,1,69.62,5,32
O=C(Cc1nc(N2CCOCC2)cc(=O)[nH]1)Nc1ccc(F)c(C(F)(F)F)c1,CHEMBL3696264,6.46,nM,346.0,nM,346.0,AKT1,346.0,6.460923901207224,INRMRZQMOPZSHB-UHFFFAOYSA-N,400.33200000000005,1.9455999999999998,2,5,0,87.32000000000001,4,28
NC(=O)/C=C/c1ccc2nc(-c3ccc(C4(N)CCC4)cc3)c(-c3ccccc3)n2c1,CHEMBL3703133,6.46,nM,347.0,nM,347.0,AKT1,347.0,6.459670525209126,ZLUZMRGENYSWJR-NTUHNPAUSA-N,408.50500000000005,4.504700000000002,2,3,0,86.41,5,31
NC1(c2ccc(-c3nc4ncccn4c3-c3ccccc3)cc2)CCC1,CHEMBL3699664,6.46,nM,348.0,nM,348.0,AKT1,348.0,6.458420756053419,LMBQMEOEJDKMKM-UHFFFAOYSA-N,340.4300000000002,4.401200000000003,1,3,0,56.209999999999994,3,26
O=C(Nc1ccc(-c2nnc3n2-c2cccnc2Nc2ccccc2-3)cc1)c1ccncc1,CHEMBL3684368,6.46,nM,350.0,nM,350.0,AKT1,350.0,6.455931955649724,YAEJPLJOPMZJHJ-UHFFFAOYSA-N,431.4590000000001,4.700600000000002,2,6,0,97.62,3,33
CC(C)c1cccc(NC(=O)Cc2nc(N3CCOCC3)cc(=O)[nH]2)c1,CHEMBL3696244,6.46,nM,350.0,nM,350.0,AKT1,350.0,6.455931955649724,QJLCSXCDAOWJDW-UHFFFAOYSA-N,356.42600000000004,1.9110999999999998,2,5,0,87.32,5,26
O=C1C[C@H]2O[C@@H](c3cccc(O)c3)C3=C(C(=O)c4ccccc4C3=O)[C@H]2O1,CHEMBL474000,6.46,nM,350.0,uM,0.35,AKT1,350.0,6.455931955649724,SEAKJVAUJPHEMF-OREJSRFESA-N,362.3370000000001,2.5234000000000005,1,6,0,89.9,1,27
O=C1Cc2cc(C(=O)NC(c3ccc(Cl)c(Cl)c3)C3CCNCC3)ccc2N1,CHEMBL1823645,6.46,nM,350.0,uM,0.35,AKT1,350.0,6.455931955649724,VKIGGXWXRUJMJS-UHFFFAOYSA-N,418.3240000000002,3.958700000000002,3,3,0,70.23,4,28
Nc1ccc2nc(-c3ccc(C4(N)CCC4)cc3)c(-c3ccccc3)n2n1,CHEMBL5807504,6.46,nM,350.0,nM,350.0,AKT1,350.0,6.455931955649724,BNXFRCGURJGXJQ-UHFFFAOYSA-N,355.445,3.9834000000000023,2,4,0,82.22999999999999,3,27
COc1ccc(O)c(C(=O)c2ccc(CO[C@@H]3CCCNCC3NC(=O)c3ccncc3)cc2)c1F.Cl.Cl,CHEMBL1202525,6.45,nM,355.0,nM,355.0,AKT1,355.0,6.449771646944906,PDMPNESLWSOZQA-LWMIZPGFSA-N,566.4570000000002,4.076700000000004,3,7,1,109.78000000000002,8,38
Cc1nc2nc(-c3ccc(CN4CCC(c5n[nH]c(-c6cnccn6)n5)CC4)cc3)c(-c3ccc(F)cc3F)cn2n1,CHEMBL3672056,6.45,nM,355.0,nM,355.0,AKT1,355.0,6.449771646944906,ZHLCALWRSVQDRX-UHFFFAOYSA-N,564.6040000000002,4.999620000000005,1,8,1,113.67,6,42
N[C@@H](COc1cncc(/C=C/c2ccncc2)c1)Cc1c[nH]c2ccccc12,CHEMBL381808,6.44,nM,360.0,nM,360.0,AKT1,360.0,6.443697499232712,SGHXFHRRWFLILP-RRFGBZISSA-N,370.4560000000001,4.077100000000003,2,4,0,76.82,7,28
Cn1ncc(Br)c1-c1csc(C(=O)NC2(c3ccc(F)cc3)CCNCC2)c1,CHEMBL3805232,6.44,nM,360.0,uM,0.36,AKT1,360.0,6.443697499232712,LPMQFBYONXKOIW-UHFFFAOYSA-N,463.37600000000026,4.058900000000002,2,4,0,58.95,4,28
O=C(Nc1ccc(-c2nnc3n2-c2cccnc2Nc2ccccc2-3)cc1)c1cc2ccccc2s1,CHEMBL3684353,6.44,nM,360.0,nM,360.0,AKT1,360.0,6.443697499232712,NUXVAUMMDPJEAM-UHFFFAOYSA-N,486.5600000000002,6.520300000000003,2,6,1,84.73,3,36
N[C@H](CNc1nnc(-c2ccc3[nH]ncc3c2)s1)Cc1ccc(F)cc1,CHEMBL1081439,6.43,nM,368.0,nM,368.0,AKT1,368.0,6.434152181326482,DXIAHMIZSNQSST-HNNXBMFYSA-N,368.44100000000014,3.202400000000001,3,6,0,92.51,6,26
CS(=O)(=O)c1ccc2nc(-c3ccc(C4(N)CCC4)cc3)c(-c3ccccc3)n2n1,CHEMBL6005964,6.43,nM,370.0,nM,370.0,AKT1,370.0,6.431798275933005,MCQAPNYXMOVSPO-UHFFFAOYSA-N,418.52200000000016,3.804700000000002,1,5,0,90.35,4,30
CC(C)NC(c1ccc(Cl)cc1)c1ccc(-c2cn[nH]c2)cc1,CHEMBL3113143,6.43,nM,370.0,uM,0.37,AKT1,370.0,6.431798275933005,OHVWBNWJBQMHPB-UHFFFAOYSA-N,325.84299999999996,4.8175000000000034,2,2,0,40.71,5,23
O=C(Cc1nc(-c2ccncc2)cc(=O)[nH]1)N1CCc2c(F)cccc21,CHEMBL3977387,6.43,nM,370.0,nM,370.0,AKT1,370.0,6.431798275933005,YAPONISIEWMFHL-UHFFFAOYSA-N,350.35300000000007,2.1027999999999993,1,4,0,78.95,3,26
CCc1c(N)ncnc1N1CCC(c2nc(-c3ccc(F)c(F)c3)cn2CCN2CCOCC2)CC1,CHEMBL3971381,6.43,nM,370.0,nM,370.0,AKT1,370.0,6.431798275933005,OGKDMWHNCKBDCJ-UHFFFAOYSA-N,497.5940000000004,3.4791000000000025,1,7,0,85.33000000000001,7,36
CCc1n[nH]c2ccc(-c3nnc(NC[C@@H](N)Cc4ccccc4)s3)cc12,CHEMBL1081426,6.43,nM,370.0,nM,370.0,AKT1,370.0,6.431798275933005,ANYCWFADTHVOPB-HNNXBMFYSA-N,378.50500000000005,3.625700000000002,3,6,0,92.50999999999999,7,27
CCc1n[nH]c2ncnc(N3CCN(c4cc(Cl)cc(NCCN(C)C)c4C)CC3)c12,CHEMBL2012701,6.43,nM,371.0,nM,371.0,AKT1,371.0,6.430626090384954,ACXREQVXILYMKB-UHFFFAOYSA-N,442.9990000000003,3.177220000000002,2,7,0,76.21,7,31
COc1cncc(-c2cc(C)cn3c(-c4ccccc4)c(-c4ccc(C5(N)CCC5)cc4)nc23)c1,CHEMBL3699764,6.43,nM,371.0,nM,371.0,AKT1,371.0,6.430626090384954,FVXZQCOTPCONRK-UHFFFAOYSA-N,460.5810000000003,6.385220000000007,1,4,1,65.44,5,35
C=CC(=O)Nc1cccc(-c2cn(Cc3ccc(-c4nc5ccccn5c4-c4ccccc4)cc3)nn2)c1,CHEMBL5920413,6.43,nM,372.0,nM,372.0,AKT1,372.0,6.429457060118103,OPVLQYOJFKQONT-UHFFFAOYSA-N,496.5740000000001,6.099600000000006,1,4,1,77.11,7,38
CCNC(=O)c1ccc2nc(-c3ccc(C4(N)CCC4)cc3)c(-c3ccccc3)n2c1,CHEMBL3699738,6.42,nM,376.0,nM,376.0,AKT1,376.0,6.424812155072339,OQBNARLLVQAWES-UHFFFAOYSA-N,410.5210000000001,4.755900000000003,2,3,0,72.42,5,31
Cc1nc(N)nc2c1cc(-c1cnn(C)c1)c(=O)n2[C@H]1CC[C@H](OCC(N)=O)CC1,CHEMBL2375954,6.42,nM,376.0,nM,376.0,AKT1,376.0,6.424812155072339,LOYNAYXFINASCA-HDJSIYSDSA-N,411.4660000000003,1.0682199999999997,2,7,0,143.94,5,30
COc1cc2ncc3c(N)nc(-c4cncc(OC[C@@H](C)N)c4)cc3c2cc1OC,CHEMBL1097955,6.42,nM,377.0,nM,377.0,AKT1,377.0,6.423658649794207,CFWZNCTWCNPULR-GFCCVEGCSA-N,405.45800000000014,3.1704000000000008,2,8,0,118.4,6,30
CCc1cnc2nc(-c3ccc(C4(N)CCC4)cc3)c(-c3ccccc3)n2c1,CHEMBL3699710,6.42,nM,379.0,nM,379.0,AKT1,379.0,6.421360790031928,LGWBCYYZSZQYET-UHFFFAOYSA-N,368.48400000000004,4.963600000000004,1,3,0,56.209999999999994,4,28
NC(=O)c1c(N)ncnc1N1CCC(c2nc(-c3ccc(F)cc3)cn2CCN2CCCC2)CC1,CHEMBL3966878,6.42,nM,380.0,nM,380.0,AKT1,380.0,6.42021640338319,CIGYNACQDYSRCK-UHFFFAOYSA-N,478.57600000000036,2.6401000000000003,2,7,0,119.18999999999998,7,35
Nc1ncc(-c2cc(C3(c4ccccc4)CC3)cc(N3CCOCC3)n2)cn1,CHEMBL5857695,6.42,nM,380.0,nM,380.0,AKT1,380.0,6.42021640338319,YUAITLJOHKMDAE-UHFFFAOYSA-N,373.4600000000002,3.037300000000002,1,6,0,77.16,4,28
Nc1ncc(-c2cc(Oc3ccccc3Cl)cc(N3CCOCC3)n2)cn1,CHEMBL5848864,6.42,nM,380.0,nM,380.0,AKT1,380.0,6.42021640338319,SEZCHLLNKIYQLL-UHFFFAOYSA-N,383.8390000000002,3.403100000000002,1,7,0,86.39,4,27
C[C@H]1COCCN1c1nc(N2CCOC[C@@H]2C)c2ccc(-c3ccc4c(c3)C(=O)NCCN4)nc2n1,CHEMBL3693591,6.42,nM,381.3,nM,381.3,AKT1,381.3,6.41873319472633,FETQDGRYQYXTMA-IRXDYDNUSA-N,489.5800000000002,2.2973,2,9,0,104.74,3,36
CCC[C@@H]1O[C@@H]2CC(=O)O[C@@H]2C2=C1C(=O)c1ccccc1C2=O,CHEMBL525077,6.42,nM,383.0,uM,0.383,AKT1,383.0,6.416801226031377,AWQDEPOBZKVDQV-IUUKEHGRSA-N,312.321,2.2452000000000005,0,5,0,69.67,2,23
N[C@]1(c2ccc(-c3nc4nc(O)ccn4c3-c3ccccc3)cc2)C[C@H](O)C1,CHEMBL3703152,6.42,nM,384.0,nM,384.0,AKT1,384.0,6.4156687756324695,MTKDZBSUMDZNNJ-LMTLIKQPSA-N,372.4280000000001,3.0776000000000012,3,5,0,96.67,3,28
CCc1c(N)ncnc1N1CCC(c2nc(-c3ccc(F)c(F)c3)cn2CCN2CC(F)C2)CC1,CHEMBL3922457,6.42,nM,385.0,nM,385.0,AKT1,385.0,6.414539270491499,JSWNYZOFSLKPNK-UHFFFAOYSA-N,485.5580000000003,3.800600000000003,1,6,0,76.10000000000001,7,35
Cc1cnc2nc(-c3ccc(C4(N)CCC4)cc3)c(-c3ccccc3)n2c1,CHEMBL3699669,6.41,nM,388.0,nM,388.0,AKT1,388.0,6.411168274405792,CIKUORISQCEFPK-UHFFFAOYSA-N,354.457,4.709620000000003,1,3,0,56.209999999999994,3,27
NC1(c2ccc(-c3nc4c(-c5ccc6cn[nH]c6c5)cccn4c3-c3ccccc3)cc2)CCC1,CHEMBL3699748,6.41,nM,390.0,nM,390.0,AKT1,390.0,6.4089353929735005,KSFUYHJYEXMKDO-UHFFFAOYSA-N,455.5650000000002,6.549500000000004,2,3,1,72.0,4,35
Cn1ncc(Cl)c1-c1cc(C(=O)NC2(c3ccc(F)cc3)CCNCC2)oc1Cl,CHEMBL3805691,6.41,nM,390.0,uM,0.39,AKT1,390.0,6.4089353929735005,MEMRHVNWMQWCLF-UHFFFAOYSA-N,437.30200000000025,4.134700000000002,2,4,0,72.09,4,29
NC(=O)COc1ccn2c(-c3ccccc3)c(-c3ccc(C4(N)CCC4)cc3)nc2c1,CHEMBL3703162,6.4,nM,397.0,nM,397.0,AKT1,397.0,6.401209493236885,JDOWLNKLGCBQGB-UHFFFAOYSA-N,412.4930000000002,3.870300000000002,2,4,0,95.64,6,31
CNC[C@@H](Nc1nc(C(F)(F)F)nc2c(C(N)=O)cccc12)c1cccc(F)c1,CHEMBL4853030,6.4,nM,400.0,nM,400.0,AKT1,400.0,6.3979400086720375,GDZSUVPAQIUIGI-CQSZACIVSA-N,407.37100000000004,3.2592000000000008,3,5,0,92.93,6,29
Nc1ncc(-c2cc(C(F)(F)C3CCOCC3)cc(N3CCOCC3)n2)cn1,CHEMBL6010446,6.4,nM,400.0,nM,400.0,AKT1,400.0,6.3979400086720375,XFPYMWIXBOVFON-UHFFFAOYSA-N,391.42200000000014,2.4758000000000004,1,7,0,86.39,4,28
O=C(NC(c1ccc2ccccc2c1)C1CCNCC1)c1ccc2cnccc2c1,CHEMBL1823633,6.4,nM,400.0,uM,0.4,AKT1,400.0,6.3979400086720375,FSLOKKWSEZAAGP-UHFFFAOYSA-N,395.50600000000014,4.858700000000004,2,3,0,54.02,4,30
O=S(=O)(NCc1ccc(-c2nnc3n2-c2cccnc2Nc2ccccc2-3)cc1)c1cccc(F)c1,CHEMBL3684423,6.4,nM,400.0,nM,400.0,AKT1,400.0,6.3979400086720375,YYAJLAWSMGXXAH-UHFFFAOYSA-N,498.5430000000002,4.670900000000003,2,6,0,101.8,5,36
COc1cc2ncc3c(N)nc(-c4cncc(OCCN)c4)cc3c2cc1OC,CHEMBL1095278,6.4,nM,402.0,nM,402.0,AKT1,402.0,6.39577394691553,KKXKMMGAGIUIAK-UHFFFAOYSA-N,391.43100000000015,2.781900000000001,2,8,0,118.4,6,29
N[C@H](CNc1cnc(-c2ccc3cnccc3c2)s1)Cc1ccc(C(F)(F)F)cc1,CHEMBL1081425,6.39,nM,404.0,nM,404.0,AKT1,404.0,6.393618634889395,YZANFKNGZATACL-IBGZPJMESA-N,428.4830000000001,5.359000000000003,2,5,1,63.83,6,30
N[C@H](COc1cncc(-c2ccc3cnc(Cl)cc3c2)c1)Cc1c[nH]c2ccccc12,CHEMBL210783,6.39,nM,407.0,nM,407.0,AKT1,407.0,6.39040559077478,RRNVRBJCISDRTQ-NRFANRHFSA-N,428.9230000000002,5.380300000000003,2,4,1,76.82,6,31
CNC(=O)c1ccn2c(-c3ccccc3)c(-c3ccc(C4(N)CCC4)cc3)nc2c1,CHEMBL3703114,6.39,nM,409.0,nM,409.0,AKT1,409.0,6.388276691992658,KJVRCOXMJJVLCG-UHFFFAOYSA-N,396.49400000000026,4.365800000000003,2,3,0,72.42,4,30
Cc1noc(C2CCCN(Cc3ccc(-c4nnc5n4-c4cccnc4Nc4ccccc4-5)cc3)C2)n1,CHEMBL3684499,6.39,nM,410.0,nM,410.0,AKT1,410.0,6.3872161432802645,LUADSLHUJVKFQV-UHFFFAOYSA-N,490.57100000000014,5.124320000000004,1,8,1,97.79,4,37
Nc1cc(N2CCC(c3nc(-c4ccc(F)c(C(F)(F)F)c4)cn3CCN3CCCCC3)CC2)ncn1,CHEMBL3939144,6.39,nM,410.0,nM,410.0,AKT1,410.0,6.3872161432802645,GPWCEAMLIWQBGJ-UHFFFAOYSA-N,517.5750000000004,4.950100000000004,1,6,1,76.1,6,37
N[C@H](CNc1nnc(-c2ccc3[nH]nc(-c4ccccc4)c3c2)s1)Cc1cccc(C(F)(F)F)c1,CHEMBL1081438,6.38,nM,413.0,nM,413.0,AKT1,413.0,6.384049948343599,ZQQBIGSVNNCTCR-IBGZPJMESA-N,494.54600000000016,5.749100000000003,3,6,1,92.51,7,35
CC(C)NC[C@@H](C(=O)N1CC2CC1CN2c1ncnc2c1[C@H](C)CC(=O)N2)c1ccc(Cl)cc1,CHEMBL5181308,6.38,nM,414.0,nM,414.0,AKT1,414.0,6.382999658879101,PHZMQVYDBKLDOE-BTWUCOSQSA-N,483.0160000000002,3.147000000000001,2,6,0,90.46000000000001,6,34
Nc1cn2nc(-c3cnc(Cl)c(NS(=O)(=O)c4ccc(F)cc4)c3)ccc2n1,CHEMBL1822055,6.38,nM,415.0,nM,415.0,AKT1,415.0,6.3819519032879075,FPJNXVCSICMXRJ-UHFFFAOYSA-N,418.8410000000001,2.966800000000001,2,6,0,115.27,4,28
CC(C)(C)C(=O)Nc1ccc(-c2nnc3n2-c2cccnc2Nc2ccccc2-3)cc1,CHEMBL3684354,6.38,nM,420.0,nM,420.0,AKT1,420.0,6.376750709602099,AYDFYSCNRNNMGE-UHFFFAOYSA-N,410.4810000000001,5.037900000000003,2,5,1,84.73,2,31
Cc1ccc(-c2cn(CCN3CCC3)c(C3CCN(c4ncnc(N)c4C(N)=O)CC3)n2)cc1C(F)(F)F,CHEMBL3920410,6.38,nM,420.0,nM,420.0,AKT1,420.0,6.376750709602099,ZYVZIIOEQZQPSX-UHFFFAOYSA-N,528.5830000000003,3.4381200000000014,2,7,1,119.18999999999998,7,38
CCc1c(N)ncnc1N1CCC(c2nc(-c3cccc(C(F)(F)F)n3)cn2CCN2CCC2)CC1,CHEMBL3968002,6.38,nM,420.0,nM,420.0,AKT1,420.0,6.376750709602099,XAPNJWNZKQISOS-UHFFFAOYSA-N,500.5730000000003,3.9882000000000035,1,7,1,88.99,7,36
CC[C@H](N)COc1cncc(-c2cc3c(cnc4cc(OC)c(OC)cc43)c(N)n2)c1,CHEMBL1097956,6.38,nM,422.0,nM,422.0,AKT1,422.0,6.374687549038326,PHJGKALEAVCXAU-AWEZNQCLSA-N,419.48500000000024,3.560500000000002,2,8,0,118.4,7,31
NC1(c2ccc(-c3nc4ccc(C(=O)NCCF)cn4c3-c3ccccc3)cc2)CCC1,CHEMBL3699730,6.37,nM,423.0,nM,423.0,AKT1,423.0,6.373659632624958,UBSFWERTKGDEBO-UHFFFAOYSA-N,428.5110000000002,4.705500000000004,2,3,0,72.41999999999999,6,32
CCC[C@H]1O[C@H](CC(=O)O)CC2=C1C(=O)c1c(O)cccc1C2=O,CHEMBL444165,6.37,nM,424.0,uM,0.424,AKT1,424.0,6.372634143407267,XWXZEYLPRXYHQC-TVQRCGJNSA-N,330.336,2.5001000000000007,2,5,0,100.9,4,24
Cc1c[nH]c2ncnc(Nc3ccccc3-c3nnc[nH]3)c12,CHEMBL409880,6.37,nM,425.0,nM,425.0,AKT1,425.0,6.371611069949688,UBIKUVKCWZPHLD-UHFFFAOYSA-N,291.31800000000004,2.79502,3,5,0,95.17000000000002,3,22
COC(=O)c1cc(F)ccc1NC(=O)Cc1nc(N2CCOCC2)cc(=O)[nH]1,CHEMBL3699802,6.37,nM,432.0,nM,432.0,AKT1,432.0,6.364516253185088,RHKQXPULBJUAFR-UHFFFAOYSA-N,390.3710000000002,0.7133999999999996,2,7,0,113.61999999999998,5,28
COC(=O)c1c(C)nc(NNC(=O)c2cccc3c(=O)c4ccccc4[nH]c23)nc1-c1ccccc1F,CHEMBL4164809,6.37,nM,432.0,nM,432.0,AKT1,432.0,6.364516253185088,YXQCDLHPDDIMHO-UHFFFAOYSA-N,497.4860000000002,4.1293200000000025,3,7,0,126.06999999999998,5,37
Nc1ncnc(N2CCN(C(=O)C(N)Cc3ccccc3)CC2)c1Br,CHEMBL3127380,6.37,nM,432.0,uM,0.432,AKT1,432.0,6.364516253185088,SMSQVCPBDITJAV-UHFFFAOYSA-N,405.30000000000007,1.039900000000001,2,6,0,101.36999999999999,4,25
CCc1n[nH]c2ncnc(N3CCN(c4cc(Cl)cc(NCCN5CCCC5)c4C)CC3)c12,CHEMBL2012699,6.36,nM,434.0,nM,434.0,AKT1,434.0,6.36251027048749,MYIRXQMHGQHKKB-UHFFFAOYSA-N,469.03700000000043,3.711420000000002,2,7,0,76.21,7,33
COCCN(C)CCn1cc(-c2ccc(F)c(C(F)(F)F)c2)nc1C1CCN(c2ncnc(N)c2C(N)=O)CC1,CHEMBL3897576,6.36,nM,440.0,nM,440.0,AKT1,440.0,6.356547323513812,NCEKGJMLNJWDDU-UHFFFAOYSA-N,564.5880000000001,3.141300000000001,2,8,1,128.42,10,40
COc1c(N)ncnc1N1CCC(c2nc(-c3ccc(F)c(C(F)(F)F)c3)cn2C)CC1,CHEMBL3964789,6.36,nM,440.0,nM,440.0,AKT1,440.0,6.356547323513812,FFERJDPLOMISPG-UHFFFAOYSA-N,450.4400000000001,4.009800000000003,1,6,0,82.09,4,32
Cn1cc(-c2ccc(F)c(C(F)(F)F)c2)nc1C1CCN(c2ncnc(N)c2-c2cncnc2)CC1,CHEMBL3929608,6.36,nM,440.0,nM,440.0,AKT1,440.0,6.356547323513812,QABWGDMMZLJSRS-UHFFFAOYSA-N,498.4880000000003,4.458200000000002,1,7,0,98.64,4,36
Cc1cc(-c2cn(CCO)c(C3CCN(c4ncnc(N)c4C#N)CC3)n2)ccc1F,CHEMBL3900331,6.36,nM,440.0,nM,440.0,AKT1,440.0,6.356547323513812,FVZJYBLPVJFOIE-UHFFFAOYSA-N,421.4800000000002,2.617800000000001,2,7,0,116.88000000000001,5,31
Cn1ncc(Br)c1-c1coc(C(=O)NC2(c3ccc(Cl)c(Cl)c3)CCNCC2)c1,CHEMBL3805855,6.36,nM,440.0,uM,0.44,AKT1,440.0,6.356547323513812,COKTXHHYCCULDW-UHFFFAOYSA-N,498.2080000000003,4.758100000000004,2,4,0,72.09,4,29
Cc1cnc2cc(-c3ccccc3)c(-c3ccc(C4(N)CCC4)cc3)nn12,CHEMBL3672479,6.36,nM,441.0,nM,441.0,AKT1,441.0,6.355561410532162,HFQKDOVPYOASSG-UHFFFAOYSA-N,354.45700000000016,4.709620000000004,1,3,0,56.209999999999994,3,27
Cn1ncc(Cl)c1-c1cc(C(=O)N[C@@H]2CNCC[C@H]2c2ccc(Cl)cc2)sc1Cl,CHEMBL4543839,6.35,nM,448.9,nM,448.9,AKT1,448.9,6.347850394598347,HYVKAOIMDIOMER-XJKSGUPXSA-N,469.82500000000016,4.984300000000004,2,4,0,58.95,4,29
CN(C)CCn1cc(-c2ccc(F)c(C(F)(F)F)c2)nc1C1CCN(c2ncnc(N)c2-c2cnc(N)nc2)CC1,CHEMBL3922652,6.35,nM,450.0,nM,450.0,AKT1,450.0,6.346787486224656,NSSGEOSIDLVXLC-UHFFFAOYSA-N,570.599,4.065000000000001,2,9,1,127.9,7,41
NC1(c2ccc(-c3nc4ccc(C(=O)O)nn4c3-c3ccccc3)cc2)CCC1,CHEMBL5827571,6.35,nM,450.0,nM,450.0,AKT1,450.0,6.346787486224656,OWPDGTJNKVXYND-UHFFFAOYSA-N,384.43900000000014,4.099400000000003,2,4,0,93.50999999999999,4,29
Cc1ccccc1Oc1cc(-c2cnc(N)nc2)nc(N2CCOCC2)c1,CHEMBL5914799,6.35,nM,450.0,nM,450.0,AKT1,450.0,6.346787486224656,STGMRFRVEBSQDM-UHFFFAOYSA-N,363.4210000000002,3.0581200000000015,1,7,0,86.39,4,27
CCc1cc(-c2cn(CCN3CCC3)c(C3CCN(c4ncnc(N)c4C(N)=O)CC3)n2)ccn1,CHEMBL3913252,6.35,nM,450.0,nM,450.0,AKT1,450.0,6.346787486224656,SZZYWZLEQNPFSI-UHFFFAOYSA-N,475.6010000000002,2.0683,2,8,0,132.07999999999998,8,35
COCCNC(=O)c1ccc2nc(-c3ccc(C4(N)CCC4)cc3)c(-c3ccccc3)n2c1,CHEMBL3699732,6.34,nM,452.0,nM,452.0,AKT1,452.0,6.3448615651886175,MYLUEKSBIRDYJU-UHFFFAOYSA-N,440.5470000000002,4.382400000000003,2,4,0,81.64999999999999,7,33
Nc1noc2ccc(-c3cnc(NC[C@@H](N)Cc4ccc(C(F)(F)F)cc4)s3)cc12,CHEMBL1081660,6.34,nM,453.0,nM,453.0,AKT1,453.0,6.343901797987168,VWWGPEDOUGDOMJ-AWEZNQCLSA-N,433.45900000000006,4.534200000000002,3,7,0,102.99,6,30
NC(=O)Nc1ccn2c(-c3ccccc3)c(-c3ccc(C4(N)CCC4)cc3)nc2c1,CHEMBL3703144,6.34,nM,457.0,nM,457.0,AKT1,457.0,6.34008379993015,LQMSNTHUOFIWKS-UHFFFAOYSA-N,397.48200000000026,4.496800000000003,3,3,0,98.44,4,30
O=C(NC(c1ccc(Cl)c(Cl)c1)C1CCNCC1)c1ccc2[nH]c(=O)oc2c1,CHEMBL1823646,6.34,nM,460.0,uM,0.46,AKT1,460.0,6.337242168318426,IJQDLQCGKPLTAY-UHFFFAOYSA-N,420.29600000000016,3.898600000000002,3,4,0,87.13000000000001,4,28
Nc1ncc(-c2cc(C(F)(F)c3ccccc3)cc(N3CCOCC3)n2)cn1,CHEMBL5821158,6.34,nM,460.0,nM,460.0,AKT1,460.0,6.337242168318426,VYJVZMADYMHXLJ-UHFFFAOYSA-N,383.4020000000002,3.097500000000001,1,6,0,77.16,4,28
CCc1c(N)ncnc1N1CCC(c2nc(-c3cncc(C)c3)cn2CCN2CCC2)CC1,CHEMBL3941855,6.33,nM,465.0,nM,465.0,AKT1,465.0,6.3325470471100465,OUKOSGWRDBRDEU-UHFFFAOYSA-N,446.60300000000035,3.277820000000002,1,7,0,88.99,7,33
NC1(c2ccc(-c3ncc4cccnc4c3-c3ccccc3)cc2)CCC1,CHEMBL2035031,6.33,nM,465.0,uM,0.465,AKT1,465.0,6.3325470471100465,JJYHGGFMSOGVHA-UHFFFAOYSA-N,351.45300000000015,5.301700000000003,1,3,1,51.8,3,27
Clc1ccc(C(NC2CC2)c2ccc(-c3ncnc4[nH]cnc34)cc2)cc1,CHEMBL3113130,6.33,nM,470.0,uM,0.47,AKT1,470.0,6.327902142064283,RXIYBVFGNVXNEY-UHFFFAOYSA-N,375.863,4.514700000000002,2,4,0,66.49000000000001,5,27
O=C(Cc1nc(N2CCOCC2)cc(=O)[nH]1)Nc1cccc2c1OCCN2,CHEMBL3699801,6.33,nM,473.0,nM,473.0,AKT1,473.0,6.325138859262188,FNVXODZLOZEOPT-UHFFFAOYSA-N,371.39700000000016,0.5919999999999997,3,7,0,108.58000000000001,4,27
N#Cc1c(N)ncnc1N1CCC(c2nc(-c3ccc(OC(F)F)cc3)cn2CCN2CCC2)CC1,CHEMBL3970397,6.32,nM,479.0,nM,479.0,AKT1,479.0,6.319664486585437,ODYFSBTYYQCOOI-UHFFFAOYSA-N,494.55000000000035,3.4850800000000026,1,8,0,109.11999999999999,8,36
Cc1cccc(NC(=O)NCc2ccc(-c3nnc4n3-c3cccnc3Nc3ccccc3-4)cc2)c1,CHEMBL3684435,6.32,nM,480.0,nM,480.0,AKT1,480.0,6.318758762624412,LEEUNNVOTWCBBS-UHFFFAOYSA-N,473.54000000000013,5.6834200000000035,3,5,1,96.76,4,36
NC(=O)c1c(N)ncnc1N1CCC(c2nc(-c3ccc(F)c(C(F)(F)F)c3)cn2C2CCNCC2)CC1,CHEMBL3968856,6.32,nM,480.0,nM,480.0,AKT1,480.0,6.318758762624412,WGAZQGSVJXMVOV-UHFFFAOYSA-N,532.546,3.4876000000000014,3,7,1,127.97999999999999,5,38
O=C(Cc1nc(N2CCOCC2)cc(=O)[nH]1)Nc1cccc(OC(F)F)c1,CHEMBL3696255,6.32,nM,480.0,nM,480.0,AKT1,480.0,6.318758762624412,BQNDICLRJMUHCA-UHFFFAOYSA-N,380.35100000000006,1.3890999999999993,2,6,0,96.55000000000001,6,27
Clc1ccc(C(NC2CC2)c2ccc(-c3cn[nH]c3)cc2)cc1,CHEMBL3113145,6.32,nM,480.0,uM,0.48,AKT1,480.0,6.318758762624412,MXKMQPQCKJWTCJ-UHFFFAOYSA-N,323.82699999999994,4.571500000000003,2,2,0,40.71,5,23
Nc1ncc(-c2cc(C(=O)c3ccccc3)cc(N3CCOCC3)n2)cn1,CHEMBL5793746,6.32,nM,480.0,nM,480.0,AKT1,480.0,6.318758762624412,LZKXBBBGUGTFQS-UHFFFAOYSA-N,361.4050000000002,2.1883999999999997,1,7,0,94.23,4,27
COC(=O)c1c(C)nc(NNC(=O)c2cccc3c(=O)c4ccccc4[nH]c23)nc1-c1cccc(OC)c1,CHEMBL4170874,6.32,nM,482.0,nM,482.0,AKT1,482.0,6.31695296176115,CKHBYLANBKZVPE-UHFFFAOYSA-N,509.5220000000003,3.998820000000003,3,8,1,135.29999999999998,6,38
Cc1ccc2c(c1)Nc1ncccc1-n1c(-c3ccc(C4(N)CCC4)cc3)nnc1-2,CHEMBL3684532,6.31,nM,490.0,nM,490.0,AKT1,490.0,6.309803919971486,JPIAEVVYYNNACB-UHFFFAOYSA-N,394.48200000000026,4.699620000000003,2,5,0,81.65,2,30
C=C(c1ccccc1)c1cc(-c2cnc(N)nc2)nc(N2CCOCC2)c1,CHEMBL6064795,6.31,nM,490.0,nM,490.0,AKT1,490.0,6.309803919971486,ISNDHCBLFHJBMJ-UHFFFAOYSA-N,359.43300000000016,3.0189000000000012,1,6,0,77.16,4,27
c1ccc(-n2cc(COCc3ccc(-c4nnc5n4-c4cccnc4Nc4ccccc4-5)cc3)nn2)cc1,CHEMBL3684495,6.31,nM,490.0,nM,490.0,AKT1,490.0,6.309803919971486,CPTFINJXVBRPQD-UHFFFAOYSA-N,498.5500000000001,5.350800000000005,1,7,1,95.57,6,38
CS(=O)(=O)OCc1ccc(-c2nnc3n2-c2cccnc2Nc2ccccc2-3)cc1,CHEMBL3684374,6.31,nM,490.0,nM,490.0,AKT1,490.0,6.309803919971486,CGPKSSDVSBGIJM-UHFFFAOYSA-N,419.4660000000001,3.5295000000000014,1,7,0,99.00000000000001,4,30
Cc1n[nH]c2ccc(-c3nnc(NC[C@@H](N)Cc4ccccc4C(F)(F)F)s3)cc12,CHEMBL1080892,6.31,nM,491.0,nM,491.0,AKT1,491.0,6.308918507877031,DENRRAMLWBYAGF-AWEZNQCLSA-N,432.475,4.390520000000002,3,6,0,92.50999999999999,6,30
NC1(c2ccc(-c3nc4ccc(C(=O)NC5CC5)cn4c3-c3ccccc3)cc2)CCC1,CHEMBL3699733,6.31,nM,493.0,nM,493.0,AKT1,493.0,6.30715308072277,VVJALPIXKAWUMN-UHFFFAOYSA-N,422.5320000000002,4.898400000000004,2,3,0,72.41999999999999,5,32
CCC[C@H]1O[C@@H]2CC(=O)O[C@@H]2C2=C1C(=O)c1c(OC)cccc1C2=O,CHEMBL474391,6.3,nM,497.0,uM,0.497,AKT1,497.0,6.303643611266668,PICJQLJNOPUUBL-CLUVUEOHSA-N,342.34700000000004,2.2538,0,6,0,78.9,3,25
NC1(c2ccc(-c3nnc4n3-c3cccnc3Nc3ccccc3-4)cc2)CCCCC1,CHEMBL3684526,6.3,nM,500.0,nM,500.0,AKT1,500.0,6.301029995663981,IHWLDWKJPPQBMW-UHFFFAOYSA-N,408.5090000000003,5.171400000000004,2,5,1,81.65,2,31
N#Cc1c(N)ncnc1N1CCC(c2nc(-c3cc[nH]c(=O)c3)cn2CCN2CCC2)CC1,CHEMBL3975126,6.3,nM,500.0,nM,500.0,AKT1,500.0,6.301029995663981,MODCCKTUINHVCL-UHFFFAOYSA-N,445.53100000000035,1.5719799999999995,2,8,0,132.75,6,33
Cc1n[nH]c2ccc(-c3cc(OC[C@@H](N)Cc4ccccc4)cnc3-c3ccc(O)cc3)cc12,CHEMBL595685,6.3,nM,500.0,uM,0.5,AKT1,500.0,6.301029995663981,RFEGALABMKZYJT-QFIPXVFZSA-N,450.5420000000001,5.254720000000004,3,5,1,97.05,7,34
CCNc1nc(-c2ccoc2)c(-c2cnc3[nH]nc(C)c3n2)cc1OC[C@@H](N)Cc1ccccc1,CHEMBL593573,6.3,nM,500.0,uM,0.5,AKT1,500.0,6.301029995663981,CEKSBBZAKLNEBU-IBGZPJMESA-N,469.54900000000026,4.363920000000002,3,8,0,127.77000000000001,9,35
Cc1ccnc2c1nc(-c1cccnc1N)n2-c1ccc(CN)cc1.Cl,CHEMBL4568743,6.3,nM,500.0,uM,0.5,AKT1,500.0,6.301029995663981,LBNLKEAGWGZVSG-UHFFFAOYSA-N,366.85600000000005,3.25362,2,5,0,95.64,3,26
Cn1cc(C[C@H](N)COc2cncc(/C=C/c3ccncc3)c2)c2ccccc21,CHEMBL204012,6.3,nM,500.0,nM,500.0,AKT1,500.0,6.301029995663981,WSGRIPRDCJLYBR-BXKJMJEDSA-N,384.4830000000001,4.087500000000003,1,4,0,65.96000000000001,7,29
CCOCCN(C[C@@H](O)CN1CCCC2(CC(=O)c3cc(O)ccc3O2)C1)S(=O)(=O)c1ccccc1C,CHEMBL1761082,6.3,nM,500.0,uM,0.5,AKT1,500.0,6.301029995663981,JDFJJGRNMNHIGL-YMQLSTQVSA-N,532.6590000000001,2.5887200000000004,2,8,1,116.61000000000001,10,37
CCn1c(-c2nonc2N)nc2cncc(C(=O)N3CCNCC3)c21,CHEMBL493066,6.3,nM,501.0,uM,0.501,AKT1,501.0,6.300162274132754,CUAJADFGIOFJQT-UHFFFAOYSA-N,342.36300000000017,0.12879999999999986,2,8,0,127.99,3,25
NC(=O)C1Cc2ccccc2N1C(=O)Cc1nc(N2CCOCC2)cc(=O)[nH]1,CHEMBL3699785,6.3,nM,503.0,nM,503.0,AKT1,503.0,6.298432014944073,BCZAGMGRZQXCFT-UHFFFAOYSA-N,383.4080000000002,-0.4077999999999999,2,6,0,121.62,4,28
C[C@@H]1Cc2ccccc2N1C(=O)Cc1nc(N2CCOCC2)c(F)c(=O)[nH]1,CHEMBL3974788,6.3,nM,503.0,nM,503.0,AKT1,503.0,6.298432014944073,PVZSDGHHZVSRSC-GFCCVEGCSA-N,372.40000000000003,1.2659,1,5,0,78.53,3,27
NC1(c2ccc(-c3nc4ccc(CO)cn4c3-c3ccccc3)cc2)CCC1,CHEMBL3699703,6.3,nM,504.0,nM,504.0,AKT1,504.0,6.297569463554475,WBZUWSGBNWQZOF-UHFFFAOYSA-N,369.46800000000013,4.4985000000000035,2,3,0,63.55,4,28
CC(C)S(=O)(=O)Nc1cccc(-c2ccc3c(N4CCOC[C@@H]4C)nc(N4CCOC[C@@H]4C)nc3n2)c1,CHEMBL3693446,6.3,nM,505.1,nM,505.1,AKT1,505.1,6.296622631487651,DNENTFGHGCKHIG-OALUTQOASA-N,526.6630000000005,3.2921000000000022,1,9,1,109.78,6,37
Nc1ccn2c(-c3ccccc3)c(-c3ccc(C4(N)CCC4)cc3)nc2c1,CHEMBL3703142,6.29,nM,514.0,nM,514.0,AKT1,514.0,6.289036881004725,UVMWGRJYEMCBSN-UHFFFAOYSA-N,354.45700000000016,4.588400000000004,2,3,0,69.34,3,27
CN1CCN(Cc2cccc3c2CCN3C(=O)Cc2nc(N3CCOCC3)cc(=O)n2C)CC1,CHEMBL3930747,6.28,nM,520.0,nM,520.0,AKT1,520.0,6.2839966563652006,JNSRUSZQLFFYSD-UHFFFAOYSA-N,466.58600000000035,0.49610000000000265,0,7,0,74.15,5,34
CCN(C)Cc1c(N)ncnc1N1CCC(c2nc(-c3ccc(F)c(C(F)(F)F)c3)cn2CCN(C)C)CC1,CHEMBL3931709,6.28,nM,520.0,nM,520.0,AKT1,520.0,6.2839966563652006,CJMAJALOUQYWKR-UHFFFAOYSA-N,548.633,4.477500000000004,1,7,1,79.33999999999999,9,39
COc1ccccc1C(=O)Nc1ccc(-c2nnc3n2-c2cccnc2Nc2ccccc2-3)cc1,CHEMBL3684352,6.28,nM,520.0,nM,520.0,AKT1,520.0,6.2839966563652006,FUJAIGRMJJUONI-UHFFFAOYSA-N,460.4970000000001,5.314200000000003,2,6,1,93.96,4,35
NC1(c2ccc(-c3nc4c5cc(F)ccc5nn4c(NC4CC4)c3-c3ccccc3)cc2)CCC1,CHEMBL3672516,6.28,nM,528.0,nM,528.0,AKT1,528.0,6.277366077466188,NXYMIMNKTWGZOU-UHFFFAOYSA-N,463.5600000000003,6.267800000000004,2,4,1,68.24,5,35
CNc1cc(-c2ccc(C(=O)N[C@@H]3CNCC[C@H]3c3ccc(Cl)cc3)o2)ncn1,CHEMBL4435265,6.28,nM,529.5,nM,529.5,AKT1,529.5,6.276134035556496,HGQYWYXFWFGYJO-DOTOQJQBSA-N,411.89300000000003,3.3072000000000017,3,6,0,92.08000000000001,5,29
NC1(c2ccc(-c3nc4ccc(-c5ccccn5)cn4c3-c3ccccc3)cc2)CCC1,CHEMBL3703130,6.28,nM,530.0,nM,530.0,AKT1,530.0,6.275724130399211,KGFCVDXTZKVKJN-UHFFFAOYSA-N,416.52800000000025,6.068200000000004,1,3,1,56.209999999999994,4,32
O=C(Cc1nc(N2CCOCC2)cc(=O)[nH]1)N1CCOc2ccccc21,CHEMBL3696277,6.28,nM,530.0,nM,530.0,AKT1,530.0,6.275724130399211,XXURWBFYWSSZKP-UHFFFAOYSA-N,356.3820000000001,0.5746,1,6,0,87.76,3,26
NC1(c2ccc(-c3nc4ccc(-c5ccncc5)cn4c3-c3ccccc3)cc2)CCC1,CHEMBL3703128,6.27,nM,533.0,nM,533.0,AKT1,533.0,6.273272790973428,MHPDKKLTPXQKGE-UHFFFAOYSA-N,416.52800000000025,6.0682000000000045,1,3,1,56.209999999999994,4,32
O=C(Cc1nc(N2CCOCC2)cc(=O)[nH]1)N1CCc2c(CO)cccc21,CHEMBL3699794,6.27,nM,533.0,nM,533.0,AKT1,533.0,6.273272790973428,VZOGIVAROUTZMP-UHFFFAOYSA-N,370.40900000000016,0.23060000000000064,2,6,0,98.76,4,27
CN(C)c1ccc2ncnc(N3CCN(C(=O)[C@H](N)Cc4ccc(Cl)cc4)CC3)c2c1,CHEMBL1257752,6.27,nM,536.0,nM,536.0,AKT1,536.0,6.27083521030723,YBVYGYMUOBEMHX-HXUWFJFHSA-N,438.96300000000014,2.567800000000001,1,6,0,78.59,5,31
Cn1ncc(Cl)c1-c1cc(C(=O)NC2CNCC2c2ccc(C(F)(F)F)cc2)oc1Cl,CHEMBL4461188,6.27,nM,538.0,nM,538.0,AKT1,538.0,6.269217724333611,IGTFCBRFEJKRCK-UHFFFAOYSA-N,473.28200000000015,4.491100000000003,2,4,0,72.09,4,31
COC(=O)C1(c2ccc(-n3c(-c4cccnc4N)nc4ccc(-c5ccccc5)nc43)cc2)CCC1,CHEMBL4526693,6.27,nM,540.0,uM,0.54,AKT1,540.0,6.267606240177032,CPFVKDSDYFWAIN-UHFFFAOYSA-N,475.55200000000025,5.326400000000004,1,6,1,95.92,5,36
NC1(c2ccc(-c3nc4ccc(-c5cccnc5)cn4c3-c3ccccc3)cc2)CCC1,CHEMBL3703129,6.27,nM,541.0,nM,541.0,AKT1,541.0,6.266802734893431,UDVSAIBACXRTOQ-UHFFFAOYSA-N,416.52800000000025,6.068200000000004,1,3,1,56.209999999999994,4,32
NC1(c2ccc(-c3nc4nc(O)ccn4c3-c3ccccc3)cc2)CCC1,CHEMBL3699681,6.26,nM,544.0,nM,544.0,AKT1,544.0,6.2644011003018205,YANODRAYNDRPAT-UHFFFAOYSA-N,356.42900000000014,4.1068000000000024,2,4,0,76.44,3,27
O=C(Cc1nc(N2CCOCC2)cc(=O)[nH]1)Nc1cccc(OC(F)(F)F)c1,CHEMBL3696260,6.26,nM,549.0,nM,549.0,AKT1,549.0,6.260427655549908,IWKYBAHKUZPKPQ-UHFFFAOYSA-N,398.34100000000007,1.6862999999999995,2,6,0,96.55000000000001,5,28
NC1(c2ccc(-c3nc4cc(C(=O)O)ccn4c3-c3ccccc3)cc2)CCC1,CHEMBL3703113,6.26,nM,550.0,nM,550.0,AKT1,550.0,6.259637310505756,DSFVQRXMNPJWDH-UHFFFAOYSA-N,383.45100000000014,4.704400000000003,2,3,0,80.61999999999999,4,29
CC(=O)Nc1ccn2c(-c3ccccc3)c(-c3ccc(C4(N)CCC4)cc3)nc2c1,CHEMBL3703143,6.26,nM,554.0,nM,554.0,AKT1,554.0,6.2564902352715706,PGYSOMADUOJSOK-UHFFFAOYSA-N,396.49400000000026,4.964600000000003,2,3,0,72.42,4,30
Cn1cc(-c2ccn3c(-c4ccccc4)c(-c4ccc(C5(N)CCC5)cc4)nc3c2)cn1,CHEMBL3703141,6.25,nM,558.0,nM,558.0,AKT1,558.0,6.253365801062421,VQGZGYYXZFFFCR-UHFFFAOYSA-N,419.53200000000027,5.406700000000005,1,3,1,61.14,4,32
CS(=O)(=O)c1cccc(-c2cn(CCN3CCC3)c(C3CCN(c4ncnc(N)c4C(N)=O)CC3)n2)c1,CHEMBL3890873,6.25,nM,560.0,nM,560.0,AKT1,560.0,6.251811972993799,ZFQXWLPSRKUTTL-UHFFFAOYSA-N,524.6510000000004,1.5144000000000017,2,9,1,153.32999999999998,8,37
Nc1ncc(-c2cc(C(=O)C3CCOCC3)cc(N3CCOCC3)n2)cn1,CHEMBL6005316,6.25,nM,560.0,nM,560.0,AKT1,560.0,6.251811972993799,URYLXGQUXXMCGL-UHFFFAOYSA-N,369.4250000000001,1.5666999999999995,1,8,0,103.46,4,27
CCn1c(-c2nonc2N)nc2cncc(C(=O)NC3CCNCC3)c21,CHEMBL494662,6.25,nM,562.0,uM,0.562,AKT1,562.0,6.250263684430939,LXUZPJDXRCSLIZ-UHFFFAOYSA-N,356.39000000000016,0.5651999999999995,3,8,0,136.78,4,26
NC(=O)c1cccc2c(N[C@H](CN3CCCC3)c3cccc(F)c3)ncnc12,CHEMBL4857965,6.25,nM,563.0,nM,563.0,AKT1,563.0,6.249491605148654,ROPCWFYJUONUHM-GOSISDBHSA-N,379.43899999999996,3.1168000000000022,2,5,0,84.14,6,28
O=C(Cc1nc(N2CCOCC2)c(F)c(=O)[nH]1)N1c2ccccc2CC1CO,CHEMBL3923121,6.25,nM,568.0,nM,568.0,AKT1,568.0,6.245651664288981,KZVPDRCRRZBZLJ-UHFFFAOYSA-N,388.3990000000001,0.23829999999999957,2,6,0,98.76,4,28
NC(=O)c1ccc(NC2CNCCC2c2ccc(F)c(Cl)c2)c2cncnc12,CHEMBL3924538,6.24,nM,570.0,nM,570.0,AKT1,570.0,6.2441251443275085,DMKGGPGYGHAZLX-UHFFFAOYSA-N,399.8570000000001,3.078800000000001,3,5,0,92.93,4,28
Nc1ncc(-c2cc(S(=O)(=O)c3ccccc3)cc(N3CCOCC3)n2)cn1,CHEMBL5853550,6.24,nM,570.0,nM,570.0,AKT1,570.0,6.2441251443275085,JKWJJSBYSROHTC-UHFFFAOYSA-N,397.4600000000002,1.7902,1,8,0,111.3,4,28
O=S(=O)(Nc1cc(-c2ccc3nccn3c2)cnc1Cl)c1ccc(F)cc1,CHEMBL1822059,6.24,nM,574.0,nM,574.0,AKT1,574.0,6.241088107602026,DNCWCPDSMUNNAM-UHFFFAOYSA-N,402.83800000000014,3.989600000000002,1,4,0,76.36,4,27
NC(=O)/C=C/c1cccc2c1nn1cc(-c3ccccc3)c(-c3ccc(C4(N)CCC4)cc3)nc21,CHEMBL3672553,6.24,nM,580.0,nM,580.0,AKT1,580.0,6.236572006437063,YLJFAOLMBZALEK-NTCAYCPXSA-N,459.5530000000003,5.052900000000004,2,4,1,99.3,5,35
CC(=O)Nc1ccc2nc(-c3ccc(C4(N)CCC4)cc3)c(-c3ccccc3)n2n1,CHEMBL6033047,6.24,nM,580.0,nM,580.0,AKT1,580.0,6.236572006437063,SRWUIFSGXXWMJC-UHFFFAOYSA-N,397.482,4.359600000000002,2,4,0,85.31,4,30
C=CC(=O)[C@H](Cc1ccccc1)NC(=O)OC(C)(C)C,CHEMBL3298512,6.24,nM,580.0,uM,0.58,AKT1,580.0,6.236572006437063,YAABAAPIHZWIND-ZDUSSCGKSA-N,275.348,2.8775000000000013,1,3,0,55.400000000000006,5,20
CNC(=O)Nc1ccn2c(-c3ccccc3)c(-c3ccc(C4(N)CCC4)cc3)nc2c1,CHEMBL3699677,6.23,nM,588.0,nM,588.0,AKT1,588.0,6.230622673923862,DOLDYUXQWQXPRT-UHFFFAOYSA-N,411.50900000000024,4.757500000000003,3,3,0,84.45,4,31
NC1(c2ccc(-c3nc4c(O)cccn4c3-c3ccccc3)cc2)CCC1,CHEMBL3703155,6.23,nM,590.0,nM,590.0,AKT1,590.0,6.229147988357855,SKFOXLKQCOJVTK-UHFFFAOYSA-N,355.44100000000014,4.711800000000002,2,3,0,63.55,3,27
N[C@H](Cc1cccc(Cl)c1)C(=O)N1CCN(c2ncnc3ccccc23)CC1,CHEMBL1258778,6.22,nM,595.0,nM,595.0,AKT1,595.0,6.22548303427145,SXYLSTFTOJZUGU-GOSISDBHSA-N,395.8940000000001,2.501800000000001,1,5,0,75.35000000000001,4,28
Nc1ncnc(N2CCC(c3nc(-c4ccc(F)c(C(F)(F)F)c4)c[nH]3)CC2)c1Br,CHEMBL3906130,6.22,nM,600.0,nM,600.0,AKT1,600.0,6.221848749616356,CEEYIVGYAJJUTB-UHFFFAOYSA-N,485.2830000000001,4.753300000000002,2,5,0,83.72,3,30
Cc1c[nH]c2ncnc(N3CC[C@@H](NS(=O)(=O)c4ccccc4)C3)c12,CHEMBL1173697,6.22,nM,600.0,uM,0.6,AKT1,600.0,6.221848749616356,XDUMWAUKELAIOD-CYBMUJFWSA-N,357.4390000000001,1.8235199999999998,2,5,0,90.97999999999999,4,25
CCNC(=O)c1ccn2c(-c3ccccc3)c(-c3ccc(C4(N)CCC4)cc3)nc2c1,CHEMBL3703118,6.22,nM,601.0,nM,601.0,AKT1,601.0,6.221125527997261,VMDVOPZSDPSBAT-UHFFFAOYSA-N,410.52100000000024,4.755900000000003,2,3,0,72.42,5,31
CC(C)c1ccc(C[C@@H](CN)C(=O)N2CCN(c3ncnc4[nH]ccc34)CC2)cc1,CHEMBL1257513,6.22,nM,604.0,nM,604.0,AKT1,604.0,6.218963061378868,RGBCOJWNFVRZBN-IBGZPJMESA-N,406.53400000000005,2.5475000000000003,2,5,0,91.14000000000001,6,30
CN(C)CCn1cc(-c2ccn3c(-c4ccc(C(N)=O)c(OCc5cccc(F)c5)c4)cnc3c2)cn1,CHEMBL4062453,6.22,nM,608.0,nM,608.0,AKT1,608.0,6.216096420727265,CGECJCJUHCZZGO-UHFFFAOYSA-N,498.56200000000024,4.243400000000003,1,5,0,90.68,9,37
O=C(Cc1nc(N2CCOCC2)cc(=O)[nH]1)Nc1cc(F)c(F)c(F)c1,CHEMBL3696251,6.21,nM,609.0,nM,609.0,AKT1,609.0,6.215382707367125,DQQHEAUPTPXSGY-UHFFFAOYSA-N,368.31500000000005,1.2049999999999994,2,5,0,87.32000000000001,4,26
N[C@H](CNc1ncc(-c2ccc3cn[nH]c3c2)s1)Cc1ccc(C(F)(F)F)cc1,CHEMBL1079625,6.21,nM,613.0,nM,613.0,AKT1,613.0,6.212539525481585,SXMJEDMPDDTFKV-INIZCTEOSA-N,417.46000000000015,4.687100000000002,3,5,0,79.62,6,29
NC(=O)c1c(N)ncnc1N1CCC(c2nc(-c3cccc(F)c3)cn2CCN2CCCC2)CC1,CHEMBL3933596,6.21,nM,620.0,nM,620.0,AKT1,620.0,6.2076083105017466,DXJHAPDVEFMSCV-UHFFFAOYSA-N,478.57600000000036,2.6401000000000003,2,7,0,119.18999999999998,7,35
O=C(NCCc1ccc(-c2nnc3n2-c2cccnc2Nc2ccccc2-3)cc1)c1ccccc1,CHEMBL3684421,6.2,nM,630.0,nM,630.0,AKT1,630.0,6.200659450546418,RFXYDFVQAJZUHY-UHFFFAOYSA-N,458.52500000000015,5.025800000000004,2,5,1,84.73,5,35
CCn1c(-c2nonc2N)nc2cncc(C(=O)NC3CCCNC3)c21,CHEMBL493067,6.2,nM,631.0,uM,0.631,AKT1,631.0,6.199970640755866,GRMVBDUZCLNCGD-UHFFFAOYSA-N,356.39000000000016,0.5651999999999995,3,8,0,136.78,4,26
COc1ccccc1NC(=O)Cc1nc(N2CCOCC2)cc(=O)[nH]1,CHEMBL3696238,6.2,nM,632.0,nM,632.0,AKT1,632.0,6.199282921717615,VUXSMCAYMJBDHO-UHFFFAOYSA-N,344.3710000000001,0.7962999999999998,2,6,0,96.54999999999998,5,25
O=C(Nc1ccc(-c2nnc3n2-c2cccnc2Nc2ccccc2-3)cc1)c1cccc2ccccc12,CHEMBL3684345,6.19,nM,640.0,nM,640.0,AKT1,640.0,6.1938200260161125,YXVRJOZAAIBAPT-UHFFFAOYSA-N,480.5310000000002,6.4588000000000045,2,5,1,84.73,3,37
Nc1ncc(-c2cc(Oc3ccccc3)cc(N3CCOCC3)n2)cn1,CHEMBL5905770,6.19,nM,640.0,nM,640.0,AKT1,640.0,6.1938200260161125,NORCBTIZLLLLCH-UHFFFAOYSA-N,349.3940000000002,2.7497000000000007,1,7,0,86.39,4,26
CCc1c(N)ncnc1N1CCC(c2nc(-c3ccc(F)cc3)cn2CCN2CC(F)C2)CC1,CHEMBL3894443,6.19,nM,640.0,nM,640.0,AKT1,640.0,6.1938200260161125,NZSCAAFVISAPPF-UHFFFAOYSA-N,467.56800000000027,3.661500000000003,1,6,0,76.10000000000001,7,34
N#Cc1cc2cc(-c3cncc(OC[C@@H](N)Cc4c[nH]c5ccccc45)c3)ccc2cn1,CHEMBL381273,6.19,nM,640.0,nM,640.0,AKT1,640.0,6.1938200260161125,SJEBTTUNLKKAEO-QFIPXVFZSA-N,419.48800000000006,4.598580000000003,2,5,0,100.61,6,32
COC(=O)c1c(C)nc(NNC(=O)c2cccc3c(=O)c4ccccc4[nH]c23)nc1-c1ccc(OC)cc1,CHEMBL4161394,6.19,nM,640.0,nM,640.0,AKT1,640.0,6.1938200260161125,PXPWEDKAJHXDST-UHFFFAOYSA-N,509.5220000000003,3.998820000000003,3,8,1,135.29999999999998,6,38
Clc1ccc(C(NC2CCCCC2)c2ccc(-c3ncnc4[nH]cnc34)cc2)cc1,CHEMBL3113141,6.19,nM,640.0,uM,0.64,AKT1,640.0,6.1938200260161125,XKXBWWANDFQFGM-UHFFFAOYSA-N,417.944,5.685000000000004,2,4,1,66.49000000000001,5,30
COCc1cc(NC(=O)Cc2nc(N3CCOCC3)cc(=O)[nH]2)ccc1F,CHEMBL3696286,6.19,nM,650.0,nM,650.0,AKT1,650.0,6.187086643357144,FANHUGUJYGOSMO-UHFFFAOYSA-N,376.38800000000003,1.0731999999999997,2,6,0,96.54999999999998,6,27
O=C(Nc1ccc(-c2nnc3n2-c2cccnc2Nc2ccccc2-3)cc1)c1ccc(C(F)(F)F)cc1,CHEMBL3684362,6.19,nM,650.0,nM,650.0,AKT1,650.0,6.187086643357144,HMNXRDAOYZJNJR-UHFFFAOYSA-N,498.46800000000013,6.3244000000000025,2,5,1,84.73,3,37
OCCNC(c1ccc(Cl)cc1)c1ccc(-c2cn[nH]c2)cc1,CHEMBL3113149,6.19,nM,650.0,uM,0.65,AKT1,650.0,6.187086643357144,AKEJRIXSVRURDM-UHFFFAOYSA-N,327.815,3.4014000000000015,3,3,0,60.94,6,23
[C-]#[N+]COc1ccn2c(-c3ccccc3)c(-c3ccc(C4(N)CCC4)cc3)nc2c1,CHEMBL3703164,6.18,nM,655.0,nM,655.0,AKT1,655.0,6.183758700008217,HAMFDEMVIOTUAN-UHFFFAOYSA-N,394.47800000000024,5.261790000000005,1,3,1,56.91,5,30
Nc1ncccc1-c1nc2cccnc2n1-c1ccc(CNC(=O)Cc2ccccc2)cc1,CHEMBL2177821,6.18,nM,660.0,uM,0.66,AKT1,660.0,6.180456064458132,KUZJNSZAXWUWCY-UHFFFAOYSA-N,434.5030000000002,3.923600000000002,2,5,0,98.72,6,33
O=C(Cc1nc(N2CCOCC2)cc(=O)[nH]1)Nc1ccccc1OCc1cccnc1,CHEMBL3696315,6.18,nM,664.0,nM,664.0,AKT1,664.0,6.1778319206319825,SZIFXBPIIGXOSO-UHFFFAOYSA-N,421.45700000000016,1.761699999999999,2,7,0,109.44000000000001,7,31
Cn1ccc2c(NC(=O)Cc3nc(N4CCOCC4)cc(=O)[nH]3)cccc21,CHEMBL3696304,6.18,nM,666.0,nM,666.0,AKT1,666.0,6.176525770829699,PIOBNNVDRKELEL-UHFFFAOYSA-N,367.40900000000005,1.2793999999999996,2,5,0,92.25,4,27
N[C@@H](Cc1cccc2ccccc12)C(=O)Nc1cncc(/C=C/c2ccncc2)c1,CHEMBL383527,6.17,nM,668.0,nM,668.0,AKT1,668.0,6.175223537524454,WZSVRUCBLPTNFX-KDLSMAQYSA-N,394.47800000000007,4.308700000000003,2,4,0,80.9,6,30
NC(=O)c1c(N)ncnc1N1CCC(c2nc(-c3ccc(F)c(C(F)(F)F)c3)cn2C2CNC2)CC1,CHEMBL3952076,6.17,nM,670.0,nM,670.0,AKT1,670.0,6.173925197299173,FJMQHAKZJZXKED-UHFFFAOYSA-N,504.4920000000002,2.7074000000000007,3,7,1,127.97999999999999,5,36
Cc1cc(-c2cn(CCO)c(C3CCN(c4ncnc(N)c4-c4cn[nH]c4)CC3)n2)ccc1F,CHEMBL3900157,6.17,nM,670.0,nM,670.0,AKT1,670.0,6.173925197299173,IEESPAXLZMRDHR-UHFFFAOYSA-N,462.5330000000002,3.1362200000000007,3,7,0,121.77,6,34
CC(=O)Nc1nc2ccc(-c3ccnc(N(C)S(=O)(=O)c4ccccc4F)n3)cc2s1,CHEMBL1773578,6.17,nM,676.0,nM,676.0,AKT1,676.0,6.170053304058364,POTXEIKHPXLNLL-UHFFFAOYSA-N,457.5120000000001,3.675900000000002,1,7,0,105.14999999999999,5,31
O=C(Nc1ccc(-c2nnc3n2-c2cccnc2Nc2ccccc2-3)cc1)c1ccc2ccccc2c1,CHEMBL3684339,6.17,nM,680.0,nM,680.0,AKT1,680.0,6.167491087293763,YDOBLZXPBMALLE-UHFFFAOYSA-N,480.5310000000002,6.4588000000000045,2,5,1,84.73,3,37
CNC(=O)C1CCN(c2nc(N3CCOC[C@@H]3C)c3ccc(-c4ccc(N)nc4)nc3n2)CC1,CHEMBL3693558,6.17,nM,682.1,nM,682.1,AKT1,682.1,6.166151950468852,PJXXTBMORNNMSM-HNNXBMFYSA-N,462.5580000000002,1.8564999999999998,2,9,0,122.39,4,34
NC1(c2ccc(-c3nc4ncc(-c5ccccc5)cn4c3-c3ccccc3)cc2)CCC1,CHEMBL3699672,6.16,nM,685.0,nM,685.0,AKT1,685.0,6.164309428507575,UPJRTEWYTRCMGI-UHFFFAOYSA-N,416.52800000000025,6.0682000000000045,1,3,1,56.209999999999994,4,32
Cc1cc(-c2ccc3nc(-c4ccc(C5(N)CCC5)cc4)c(-c4ccccc4)n3c2)[nH]n1,CHEMBL3640020,6.16,nM,688.0,nM,688.0,AKT1,688.0,6.162411561764489,MNKWQDBCRJYVMM-UHFFFAOYSA-N,419.53200000000004,5.704720000000005,2,3,1,72.0,4,32
NC1(c2ccc(-c3nc4ccc(-c5ccc(F)cc5)nn4c3-c3ccccc3)cc2)CCC1,CHEMBL5892469,6.16,nM,690.0,nM,690.0,AKT1,690.0,6.161150909262744,LAICVIYAFQLCID-UHFFFAOYSA-N,434.5180000000002,6.2073000000000045,1,3,1,56.209999999999994,4,33
NCc1ccc(-c2nnc3n2-c2cccnc2Nc2ccccc2-3)cc1,CHEMBL3684372,6.16,nM,690.0,nM,690.0,AKT1,690.0,6.161150909262744,SBJNLTJMRWOBMP-UHFFFAOYSA-N,340.39000000000004,3.5120000000000013,2,5,0,81.65,2,26
N[C@H](COc1cncc(/C=C/c2ccncc2)c1)Cc1ccccc1,CHEMBL203673,6.16,nM,690.0,nM,690.0,AKT1,690.0,6.161150909262744,UMULGPSQNQMYNC-YJJPMGAVSA-N,331.41900000000004,3.5958000000000023,1,4,0,61.03,7,25
N[C@H](Cc1cc(F)cc(F)c1)C(=O)N1CCN(c2ncnc3ccccc23)CC1,CHEMBL1257280,6.16,nM,690.0,nM,690.0,AKT1,690.0,6.161150909262744,NVNIQKOLISHGOO-GOSISDBHSA-N,397.4290000000001,2.1266,1,5,0,75.35000000000001,4,29
Cn1cc(-c2ccc3nc(-c4ccc(C5(N)CCC5)cc4)c(-c4ccccc4)n3c2)cn1,CHEMBL3703126,6.16,nM,691.0,nM,691.0,AKT1,691.0,6.1605219526258015,VBLRWCPOAATBTO-UHFFFAOYSA-N,419.53200000000004,5.406700000000005,1,3,1,61.14,4,32
N#C/C=C/c1c(OC[C@@H](N)Cc2c[nH]c3ccccc23)cncc1-c1ccc2cnccc2c1,CHEMBL210628,6.16,nM,697.0,nM,697.0,AKT1,697.0,6.15676722190199,BSKCLWQBYNIJTD-OJZQOFKYSA-N,445.5260000000002,5.2636800000000035,2,5,1,100.60999999999999,7,34
O=C(Nc1ccc(F)cc1)C(F)(F)c1nc(N2CCOCC2)cc(=O)[nH]1,CHEMBL3696290,6.16,nM,698.0,nM,698.0,AKT1,698.0,6.156144577376839,SFOGGCJMTMRHBF-UHFFFAOYSA-N,368.3150000000001,1.4761,2,5,0,87.32,4,26
Cc1c[nH]c2ncnc(N3CC[C@@H](NC(=O)c4ccccc4)C3)c12,CHEMBL1170238,6.16,nM,700.0,uM,0.7,AKT1,700.0,6.154901959985743,KOXOYCKSGKSAKU-CQSZACIVSA-N,321.38400000000007,2.2750199999999996,2,4,0,73.91,3,24
Cc1c[nH]c2ncnc(N3CC[C@@H](NC(=O)Nc4ccccc4)C3)c12,CHEMBL1173304,6.16,nM,700.0,uM,0.7,AKT1,700.0,6.154901959985743,HJTMFSJSSPZLPN-CQSZACIVSA-N,336.39900000000006,2.6667200000000006,3,4,0,85.94,3,25
O=C(Nc1ccc(-c2nnc3n2-c2cccnc2Nc2ccccc2-3)cc1)C1CCC1,CHEMBL3684367,6.16,nM,700.0,nM,700.0,AKT1,700.0,6.154901959985743,AIRQLXZDZKXGOF-UHFFFAOYSA-N,408.4650000000002,4.791900000000003,2,5,0,84.73,3,31
CC(C)CC(=O)Nc1ccc(-c2nnc3n2-c2cccnc2Nc2ccccc2-3)cc1,CHEMBL3684344,6.16,nM,700.0,nM,700.0,AKT1,700.0,6.154901959985743,BZGGAMPMNAQGGD-UHFFFAOYSA-N,410.4810000000001,5.037900000000003,2,5,1,84.73,4,31
COc1cc2ncc3c(N)nc(-c4cncc(OC[C@H](C)N)c4)cc3c2cc1OC,CHEMBL1095279,6.15,nM,712.0,nM,712.0,AKT1,712.0,6.147520006363144,CFWZNCTWCNPULR-LBPRGKRZSA-N,405.45800000000014,3.1704000000000008,2,8,0,118.4,6,30
NC1(c2ccc(-c3nc4c5cccc(-c6ccc(CO)cc6)c5nn4cc3-c3ccccc3)cc2)CCC1,CHEMBL3672547,6.14,nM,720.0,nM,720.0,AKT1,720.0,6.142667503568732,FQWKNVNOFXOAJS-UHFFFAOYSA-N,496.61400000000026,6.7137000000000056,2,4,1,76.44,5,38
Cc1ccc(-n2c(-c3cccnc3N)nc3cccnc32)cc1,CHEMBL4535365,6.14,nM,720.0,uM,0.72,AKT1,720.0,6.142667503568732,ATCBNRSBCPIMBZ-UHFFFAOYSA-N,301.35300000000007,3.373120000000001,1,4,0,69.62,2,23
Cc1n[nH]c2ccc(-c3cc(OC[C@@H](N)Cc4ccccc4)cnc3C#CCCO)cc12,CHEMBL592898,6.14,nM,720.0,uM,0.72,AKT1,720.0,6.142667503568732,PMHKZESZKHZCSN-NRFANRHFSA-N,426.52000000000015,3.6160200000000025,3,5,0,97.05,7,32
COCc1ccc2nc(-c3ccc(C4(N)CCC4)cc3)c(-c3ccccc3)n2c1,CHEMBL3699690,6.14,nM,723.0,nM,723.0,AKT1,723.0,6.140861702705469,URLXVJBLJIEHQN-UHFFFAOYSA-N,383.495,5.152600000000004,1,3,1,52.55,5,29
O=C(Cc1nc(N2CCOCC2)cc(=O)[nH]1)Nc1ccccc1F,CHEMBL2151819,6.14,nM,727.0,nM,727.0,AKT1,727.0,6.138465589140962,CPZGYCQRKVAJBS-UHFFFAOYSA-N,332.33500000000004,0.9267999999999995,2,5,0,87.32000000000001,4,24
CCCC(=O)Nc1ccc(-c2nnc3n2-c2cccnc2Nc2ccccc2-3)cc1,CHEMBL3684343,6.14,nM,730.0,nM,730.0,AKT1,730.0,6.136677139879544,IWHQBFBZQFDHKP-UHFFFAOYSA-N,396.45400000000006,4.791900000000003,2,5,0,84.73,4,30
Nc1ccc(-c2nnc3n2-c2cccnc2Nc2ccccc2-3)cc1,CHEMBL3679720,6.14,nM,730.0,nM,730.0,AKT1,730.0,6.136677139879544,JMJZSUKTRUJIIQ-UHFFFAOYSA-N,326.36300000000006,3.6355000000000013,2,5,0,81.65,1,25
CN(C)CCN(C)CCn1cc(-c2ccc(F)c(C(F)(F)F)c2)nc1C1CCN(c2ncnc(N)c2C(N)=O)CC1,CHEMBL3963052,6.14,nM,730.0,nM,730.0,AKT1,730.0,6.136677139879544,QHGSRVBVRLMYKL-UHFFFAOYSA-N,577.631,3.0565000000000007,2,8,1,122.43,10,41
Nc1ncnc(N2CCC(c3nc(-c4ccc(F)c(C(F)(F)F)c4)cn3CCN3CCCC3)CC2)c1C(=O)O,CHEMBL3918796,6.14,nM,730.0,nM,730.0,AKT1,730.0,6.136677139879544,YWFWYTMEDQZKIQ-UHFFFAOYSA-N,547.5570000000005,4.258200000000003,2,7,1,113.40000000000002,7,39
NC1(c2ccc(-c3nc4ccc(C5CC5)cn4c3-c3ccccc3)cc2)CCC1,CHEMBL3699739,6.13,nM,734.0,nM,734.0,AKT1,734.0,6.134303940083929,NVABCHXZMMWMST-UHFFFAOYSA-N,379.5070000000001,5.883600000000004,1,2,1,43.31999999999999,4,29
O=C(Cc1nc(N2CCOCC2)cc(=O)[nH]1)Nc1cccc(F)c1F,CHEMBL3639951,6.13,nM,737.0,nM,737.0,AKT1,737.0,6.132532512140949,GRWOXCZFIJZLAJ-UHFFFAOYSA-N,350.32500000000005,1.0658999999999996,2,5,0,87.32000000000001,4,25
COC(=O)c1c(C)nc(NNC(=O)c2cccc3c(=O)c4ccccc4[nH]c23)nc1-c1ccc(C)cc1,CHEMBL4176130,6.13,nM,738.0,nM,738.0,AKT1,738.0,6.131943638176958,JACKURVBTCWBPA-UHFFFAOYSA-N,493.52300000000025,4.2986400000000025,3,7,0,126.06999999999998,5,37
COc1ccc(S(=O)(=O)Nc2cncc(-c3ccc4nc(NC(C)=O)sc4c3)n2)cc1,CHEMBL1773600,6.13,nM,739.0,nM,739.0,AKT1,739.0,6.131355561605174,APXMTNJAMHGVDJ-UHFFFAOYSA-N,455.5210000000002,3.5211000000000015,2,8,0,123.17,6,31
COC(=O)c1cccc2c1nn1cc(-c3ccccc3)c(-c3ccc(C4(N)CCC4)cc3)nc21,CHEMBL3672551,6.13,nM,740.0,nM,740.0,AKT1,740.0,6.130768280269024,FZNVVBCJEGQFRR-UHFFFAOYSA-N,448.5260000000003,5.341000000000005,1,5,1,82.50999999999999,4,34
COC/C=C/c1c(N)ncnc1N1CCC(c2nc(-c3ccc(F)c(C(F)(F)F)c3)cn2C)CC1,CHEMBL3889930,6.13,nM,740.0,nM,740.0,AKT1,740.0,6.130768280269024,KTJLGJXEMNHTFM-ONEGZZNKSA-N,490.5050000000002,4.660800000000004,1,6,0,82.09,6,35
Clc1ccc(C(NCc2ccccc2)c2ccc(-c3ncnc4[nH]cnc34)cc2)cc1,CHEMBL3113142,6.13,nM,740.0,uM,0.74,AKT1,740.0,6.130768280269024,MBEZQMKHLUHIGD-UHFFFAOYSA-N,425.9230000000001,5.552500000000004,2,4,1,66.49000000000001,6,31
Nc1ccc(-n2c(-c3cccnc3N)nc3cccnc32)cc1,CHEMBL2177816,6.13,nM,740.0,uM,0.74,AKT1,740.0,6.130768280269024,KNEPJZSAROVRPH-UHFFFAOYSA-N,302.34100000000007,2.6469000000000005,2,5,0,95.64,2,23
CC(C)CNC(c1ccc(Cl)cc1)c1ccc(-c2ncnc3[nH]cnc23)cc1,CHEMBL3113140,6.13,nM,740.0,uM,0.74,AKT1,740.0,6.130768280269024,ASKYTOPBQXFCBV-UHFFFAOYSA-N,391.90600000000006,5.008300000000004,2,4,1,66.49000000000001,6,28
Nc1ncc(-c2cc(OC3CCOC3)cc(N3CCOCC3)n2)cn1,CHEMBL5976472,6.12,nM,750.0,nM,750.0,AKT1,750.0,6.1249387366083,BXETYAXZBHMEMY-UHFFFAOYSA-N,343.3870000000001,1.1250999999999995,1,8,0,95.62,4,25
NC(=O)c1ccnc2c(NC3CNCCC3c3ccc(C(F)(F)F)cc3)ncnc12,CHEMBL5981176,6.12,nM,750.0,nM,750.0,AKT1,750.0,6.1249387366083,AYKWTDPVGSXENA-UHFFFAOYSA-N,416.40700000000004,2.700100000000001,3,6,0,105.82000000000001,4,30
NC(=O)c1ccnc2c(NC3CNCCC3c3cccc(C(F)(F)F)c3)ncnc12,CHEMBL5906186,6.12,nM,750.0,nM,750.0,AKT1,750.0,6.1249387366083,AUUKINDXWMPFLW-UHFFFAOYSA-N,416.40700000000004,2.7001,3,6,0,105.82000000000001,4,30
Cc1n[nH]c2cnc(-c3cncc(OC[C@@H](N)Cc4cccc(OCCN5CCOCC5)c4)c3)cc12,CHEMBL575428,6.12,nM,751.0,nM,751.0,AKT1,751.0,6.124360062995832,CEKSYZRSNOXWHP-QFIPXVFZSA-N,488.5920000000004,2.988120000000001,2,8,0,111.41,10,36
Cc1n[nH]c2ccc(-c3cncc(OC[C@@H](N)Cc4cccc(OCCN5CCOCC5)c4)c3)cc12,CHEMBL415220,6.12,nM,751.0,nM,751.0,AKT1,751.0,6.124360062995832,WMHUNWSSFWGGDP-DEOSSOPVSA-N,487.6040000000003,3.5931200000000016,2,7,0,98.52,10,36
COc1ccc(S(=O)(=O)Nc2cc(-c3ccc4nc(NC(C)=O)sc4c3)cnc2C#N)cc1,CHEMBL1773602,6.12,nM,757.0,nM,757.0,AKT1,757.0,6.120904120499927,XKSGMQQGAXYLFE-UHFFFAOYSA-N,479.5430000000002,3.9977800000000014,2,8,0,134.07000000000002,6,33
Cn1cc(C(CN)Oc2cncc(/C=C/c3ccncc3)c2)c2ccccc21,CHEMBL574290,6.12,nM,760.0,nM,760.0,AKT1,760.0,6.119186407719209,LRGLASTUFMCSKF-VOTSOKGWSA-N,370.45600000000013,4.217500000000003,1,4,0,65.96000000000001,6,28
Cn1cc(C(CN)c2cncc(/C=C/c3ccncc3)c2)c2ccccc21,CHEMBL202937,6.12,nM,760.0,nM,760.0,AKT1,760.0,6.119186407719209,SJDGHXXYFFXVPE-VOTSOKGWSA-N,354.4570000000001,4.229300000000003,1,3,0,56.730000000000004,5,27
Cc1nc(-c2ccc(CN3CCC(n4c(=O)[nH]c5ccccc54)CC3)cc2)c(-c2ccccc2)[nH]c1=O,CHEMBL178397,6.12,nM,760.0,nM,760.0,AKT1,760.0,6.119186407719209,VQEYGNWUFJMZPZ-UHFFFAOYSA-N,491.5950000000002,4.892420000000004,2,4,0,86.78,5,37
NC(=O)c1c(N)ncnc1N1CCC(c2nc(-c3cnoc3)cn2CCN2CCC2)CC1,CHEMBL3929885,6.12,nM,760.0,nM,760.0,AKT1,760.0,6.119186407719209,ZCEQLFLDGQIVDG-UHFFFAOYSA-N,437.5080000000003,1.0988999999999989,2,9,0,145.22000000000003,7,32
CN(CCn1cc(-c2ccc(F)c(C(F)(F)F)c2)nc1C1CCN(c2ncnc(N)c2C(N)=O)CC1)Cc1ccccc1,CHEMBL3986416,6.12,nM,760.0,nM,760.0,AKT1,760.0,6.119186407719209,QTAJBRBSORWZDL-UHFFFAOYSA-N,596.6330000000003,4.695100000000003,2,7,1,119.19,9,43
N#Cc1cnc(-c2ccc(CN3CCC(n4c(=O)[nH]c5ccccc54)CC3)cc2)c(-c2ccccc2)c1,CHEMBL255212,6.12,nM,762.0,nM,762.0,AKT1,762.0,6.1180450286604,GAUFULRKDWCITD-UHFFFAOYSA-N,485.5910000000002,5.7673800000000055,1,4,1,77.71000000000001,5,37
CSc1ncc2cc(-c3ccccc3)c(-c3ccc(CNCCCN4CCN(C)CC4)cc3)nc2n1,CHEMBL251860,6.12,nM,765.0,nM,765.0,AKT1,765.0,6.116338564846382,XAWKMEQMBAPUEE-UHFFFAOYSA-N,498.70000000000044,4.807800000000005,1,7,0,57.18000000000001,9,36
CC(=O)NCC1(N)CCN(c2ncnc3[nH]cc(C)c23)C1,CHEMBL1171841,6.12,nM,765.0,nM,765.0,AKT1,765.0,6.116338564846382,JHGYMHRYBDBXOU-UHFFFAOYSA-N,288.35500000000013,0.31002000000000046,3,5,0,99.93,3,21
O=S(=O)(Nc1cc(-c2ccc3ncsc3c2)cnc1Cl)c1ccc(F)cc1,CHEMBL1822053,6.11,nM,769.0,nM,769.0,AKT1,769.0,6.114073660198569,KUFZSPXXONLZCF-UHFFFAOYSA-N,419.89000000000004,4.951600000000002,1,5,0,71.95,4,27
CC(C)NC[C@@H](C(=O)N1CCN(c2ncnc3c2[C@@H](C(F)(F)F)CC(=O)N3)CC1)c1ccc(Cl)cc1,CHEMBL5200967,6.11,nM,776.0,nM,776.0,AKT1,776.0,6.110138278741812,YXJORAFRRFTOMV-MSOLQXFVSA-N,524.9750000000003,3.5485000000000015,2,6,1,90.46000000000001,6,36
N[C@H](COc1cncc(-c2ccc3c(Cl)nccc3c2)c1)Cc1c[nH]c2ccccc12,CHEMBL208014,6.11,nM,778.0,nM,778.0,AKT1,778.0,6.1090204030103115,WPMZSQVDRQXIQU-FQEVSTJZSA-N,428.9230000000002,5.380300000000003,2,4,1,76.82,6,31
CN(CCc1ccccc1)Cc1ccc(-c2nnc3n2-c2cccnc2Nc2ccccc2-3)cc1,CHEMBL3684389,6.11,nM,780.0,nM,780.0,AKT1,780.0,6.107905397309519,NQCVSFOSXMIMFN-UHFFFAOYSA-N,458.5690000000001,5.727800000000005,1,5,1,58.870000000000005,6,35
CCc1c(N)ncnc1N1CCC(c2nc(-c3cccc(Cl)n3)cn2CCN2CCC2)CC1,CHEMBL3905865,6.11,nM,780.0,nM,780.0,AKT1,780.0,6.107905397309519,CBEVEZTUJLXHCH-UHFFFAOYSA-N,467.02100000000036,3.6228000000000025,1,7,0,88.99,7,33
O=C1/C(=C/c2ccccc2F)CNC/C1=C\c1ccccc1F,CHEMBL379849,6.11,nM,780.0,uM,0.78,AKT1,780.0,6.107905397309519,NIVYQYSNRUIFIF-KAVGSWPWSA-N,311.33099999999996,3.6041000000000025,1,2,0,29.1,2,23
NC1(c2ccc(-c3ncc4cccn4c3-c3ccccc3)cc2)CCC1,CHEMBL2035024,6.1,nM,787.0,uM,0.787,AKT1,787.0,6.104025267640935,QLMXZXJYKSBDBE-UHFFFAOYSA-N,339.4420000000002,5.006200000000003,1,2,1,43.31999999999999,3,26
COC(=O)c1sccc1S(=O)(=O)NC1CCN(Cc2ccc(-c3nnc4n3-c3cccnc3Nc3ccccc3-4)cc2)CC1,CHEMBL3684455,6.1,nM,790.0,nM,790.0,AKT1,790.0,6.102372908709558,IPOMQFKSRKWRFO-UHFFFAOYSA-N,627.7520000000002,4.844300000000004,2,10,1,131.33999999999997,7,44
Cc1n[nH]c2ccc(-c3cc(OC[C@@H](N)Cc4ccccc4)cnc3-c3ccco3)cc12,CHEMBL595708,6.1,nM,790.0,uM,0.79,AKT1,790.0,6.102372908709558,BMZLSZWHTJZVBV-FQEVSTJZSA-N,424.5040000000001,5.142120000000004,2,5,1,89.96,7,32
CCn1c(-c2nonc2N)nc2c(C#CCN)ncc(OCCCN)c21.O=C(O)C(F)(F)F,CHEMBL1794064,6.1,nM,794.0,uM,0.794,AKT1,794.0,6.100179497572904,AOKADEMCVOQECP-UHFFFAOYSA-N,470.4120000000002,0.7545000000000006,4,10,0,194.22,6,33
COc1ccc(S(=O)(=O)NCc2ccc(-c3nnc4n3-c3cccnc3Nc3ccccc3-4)cc2)cc1,CHEMBL3684412,6.1,nM,800.0,nM,800.0,AKT1,800.0,6.096910013008056,FYOCHVKIMVUNRG-UHFFFAOYSA-N,510.5790000000002,4.540400000000003,2,7,1,111.03000000000002,6,37
N[C@H](Cc1ccc(Cl)cc1)C(=O)N1CCN(c2ncnc3ccc(-c4ccccc4)cc23)CC1,CHEMBL1257985,6.09,nM,809.0,nM,809.0,AKT1,809.0,6.092051478387727,CEDTYXKBYYSJLX-XMMPIXPASA-N,471.9920000000002,4.168800000000004,1,5,0,75.35000000000001,5,34
CC(=O)NCc1ccc(-n2c(-c3cccnc3N)nc3cccnc32)cc1,CHEMBL2177822,6.09,nM,810.0,uM,0.81,AKT1,810.0,6.0915149811213505,DMZYRKRBZQQLFK-UHFFFAOYSA-N,358.40500000000003,2.7008,2,5,0,98.72,4,27
CC(c1ccccc1)c1cc(-c2cnc(N)nc2)nc(N2CCOCC2)c1,CHEMBL6022979,6.09,nM,810.0,nM,810.0,AKT1,810.0,6.0915149811213505,BOWLTCSRJMCFBE-UHFFFAOYSA-N,361.4490000000002,3.1092000000000013,1,6,0,77.16,4,27
NCCNC(c1ccc(Cl)cc1)c1ccc(-c2cn[nH]c2)cc1,CHEMBL3113150,6.09,nM,820.0,uM,0.82,AKT1,820.0,6.086186147616283,WYQNADNUGPFGRG-UHFFFAOYSA-N,326.83099999999996,3.3678000000000017,3,3,0,66.72999999999999,6,23
Cc1ccn2c(-c3ccccc3)c(-c3ccc(C4(N)CCC4)cc3)nc2c1,CHEMBL3699684,6.08,nM,829.0,nM,829.0,AKT1,829.0,6.081445469449727,LJBPADJHDSNGPA-UHFFFAOYSA-N,353.46900000000016,5.314620000000005,1,2,1,43.32,3,27
COc1cc(C[C@@H](N)C(=O)N2CCN(c3ncnc4ccccc34)CC2)cc(OC)c1,CHEMBL1257281,6.08,nM,838.0,nM,838.0,AKT1,838.0,6.076755981369724,ZYXDZOGHPMBENZ-HXUWFJFHSA-N,421.5010000000002,1.8656000000000004,1,7,0,93.81,6,31
O=C(NC(c1ccccc1)C1CCNCC1)c1ccc2cnccc2c1,CHEMBL1823632,6.07,nM,850.0,uM,0.85,AKT1,850.0,6.070581074285707,HERLPXJOFZEMRL-UHFFFAOYSA-N,345.446,3.7055000000000025,2,3,0,54.02,4,26
NC(=O)c1ccc(N[C@H]2CNCC[C@@H]2c2ccc(F)c(Cl)c2)c2cncnc12,CHEMBL4109551,6.07,nM,850.0,nM,850.0,AKT1,850.0,6.070581074285707,DMKGGPGYGHAZLX-XIKOKIGWSA-N,399.8570000000001,3.078800000000001,3,5,0,92.93,4,28
COc1cccc(NC(=O)Cc2nc(N3CCOCC3)cc(=O)[nH]2)c1,CHEMBL2151922,6.07,nM,850.0,nM,850.0,AKT1,850.0,6.070581074285707,RUVSRIAGPJOKFO-UHFFFAOYSA-N,344.37100000000004,0.7962999999999998,2,6,0,96.54999999999998,5,25
Nc1ccc([C@@H]2O[C@@H]3CC(=O)O[C@@H]3C3=C2C(=O)c2ccccc2C3=O)cc1,CHEMBL514989,6.07,nM,850.0,uM,0.85,AKT1,850.0,6.070581074285707,IHBRLMBTNSCUNU-OREJSRFESA-N,361.35300000000007,2.4000000000000004,1,6,0,95.69,1,27
Nc1ccc2nc(-c3ccc(C4(N)CCC4)cc3)c(-c3ccccc3)n2c1,CHEMBL3703146,6.07,nM,854.0,nM,854.0,AKT1,854.0,6.068542129310995,VDWVIQZXVQSPBH-UHFFFAOYSA-N,354.457,4.588400000000003,2,3,0,69.33999999999999,3,27
Cn1cc(-c2ccc(F)c(C(F)(F)F)c2)nc1C1CCN(c2ncnc(N)c2-c2ccncc2)CC1,CHEMBL3978717,6.07,nM,860.0,nM,860.0,AKT1,860.0,6.0655015487564325,OSJZAAQNTQOLFR-UHFFFAOYSA-N,497.5000000000003,5.063200000000004,1,6,1,85.75,4,36
O=S(=O)(Cc1ccc(F)cc1)c1cc(-c2cccc(O)c2)cc(N2CCOCC2)c1,CHEMBL5848821,6.07,nM,860.0,nM,860.0,AKT1,860.0,6.0655015487564325,GNPGNLUFMXYLDV-UHFFFAOYSA-N,427.49700000000024,4.0088000000000035,1,5,0,66.84,5,30
N#Cc1cnc(-c2ccc(CN3CCC(c4nc5cc(F)ccc5[nH]4)CC3)cc2)c(-c2ccccc2)c1,CHEMBL368010,6.06,nM,865.0,nM,865.0,AKT1,865.0,6.062983892535185,LMOLFVPLNKPSKR-UHFFFAOYSA-N,487.58200000000016,6.682280000000006,1,4,1,68.6,5,37
CC(=O)Nc1ccc2ncnc(N3CCN(C(=O)[C@H](N)Cc4ccc(Cl)cc4)CC3)c2c1,CHEMBL1257873,6.06,nM,868.0,nM,868.0,AKT1,868.0,6.061480274823508,QDVBJEKZZIAJJO-HXUWFJFHSA-N,452.9460000000002,2.4602000000000013,2,6,0,104.45,5,32
Cc1sc(C(=O)N[C@@H]2[C@H](N)CCCC2(F)F)cc1-c1cnn2cc(Cl)cnc12,CHEMBL4552628,6.06,nM,870.0,nM,870.0,AKT1,870.0,6.060480747381382,NGFGTMFVWSDFPS-UKRRQHHQSA-N,425.89200000000005,3.664520000000002,2,5,0,85.31,3,28
NC1(c2ccc(-n3c(-c4ccccc4)nc4ccc(NCc5ccccc5)nc43)cc2)CCC1,CHEMBL3649687,6.06,nM,871.0,nM,871.0,AKT1,871.0,6.059981844992337,IJWWPJRMHHINSA-UHFFFAOYSA-N,445.5700000000003,6.037500000000004,2,4,1,68.76,6,34
N[C@H](COc1cncc(/C=C/c2ccncc2)c1)Cc1cccc(O)c1,CHEMBL203685,6.06,nM,875.0,nM,875.0,AKT1,875.0,6.057991946977687,UWJCJSXOLBVAPX-PXPVJAHISA-N,347.41800000000006,3.301400000000002,2,5,0,81.26,7,26
Cn1cc(-c2ccc(F)c(C(F)(F)F)c2)nc1C1CCN(c2ncnc(N)c2-c2cccnc2)CC1,CHEMBL3958964,6.06,nM,880.0,nM,880.0,AKT1,880.0,6.055517327849832,CHNUAVFQDQXIJR-UHFFFAOYSA-N,497.5000000000003,5.063200000000004,1,6,1,85.75,4,36
O=C(CCCn1[se]c2ccccc2c1=O)N[C@@H]1O[C@H](CO)[C@@H](O)[C@H](O)[C@H]1O,CHEMBL1940999,6.06,nM,880.0,uM,0.88,AKT1,880.0,6.055517327849832,URSLEHKVHAOWPQ-LMXXTMHSSA-N,445.3300000000001,-2.2451999999999974,5,7,0,141.25,6,27
N[C@H](Cc1ccccc1)C(=O)N1CCN(c2ncnc3ccccc23)CC1,CHEMBL1258329,6.05,nM,884.0,nM,884.0,AKT1,884.0,6.053547734986927,ISKBJWPYUBLZFJ-GOSISDBHSA-N,361.44900000000007,1.8483999999999996,1,5,0,75.35000000000001,4,27
Nc1ncc(-c2cc(Cc3ccccc3)cc(N3CCOCC3)n2)cn1,CHEMBL5800284,6.05,nM,890.0,nM,890.0,AKT1,890.0,6.050609993355087,BIBKDEWJEDPFAP-UHFFFAOYSA-N,347.42200000000014,2.5482000000000005,1,6,0,77.16,4,26
Cc1cc(C(N)=O)c2nc(-c3ccc(C4(N)CCC4)cc3)c(-c3ccccc3)n2c1,CHEMBL3699769,6.05,nM,893.0,nM,893.0,AKT1,893.0,6.049148541111453,HHRIIEGZTIJORA-UHFFFAOYSA-N,396.494,4.413520000000003,2,3,0,86.41,4,30
Cn1ncc2ccc(-c3cnc(NC[C@@H](N)Cc4ccc(C(F)(F)F)cc4)s3)cc21,CHEMBL1079626,6.05,nM,895.0,nM,895.0,AKT1,895.0,6.048176964684088,GFKUTFHFJROQLY-KRWDZBQOSA-N,431.487,4.697500000000003,2,5,0,68.76,6,30
NC(=O)c1ccc(N[C@@H]2CNCC[C@H]2c2ccc(F)cc2)c2cncnc12,CHEMBL3910187,6.05,nM,900.0,nM,900.0,AKT1,900.0,6.045757490560675,QXQBUHCSEYQBBD-KBXCAEBGSA-N,365.41200000000003,2.4254000000000007,3,5,0,92.93,4,27
CC(C)CNC(c1ccc(Cl)cc1)c1ccc(-c2cn[nH]c2)cc1,CHEMBL3113144,6.05,nM,900.0,uM,0.9,AKT1,900.0,6.045757490560675,XFSCRCQNAKRXLP-UHFFFAOYSA-N,339.87,5.065100000000004,2,2,1,40.71,6,24
C[C@@H]1C[C@@H](O)c2ncnc(N3CCN(C(=O)[C@H](CNCC(F)(F)F)c4ccc(Cl)cc4)CC3)c21,CHEMBL2177376,6.04,nM,902.0,nM,902.0,AKT1,902.0,6.044793462458058,RERSEUJKWZVXCS-ZTFGCOKTSA-N,497.9490000000001,3.254900000000002,2,6,0,81.59,6,34
COc1cc2ncc3c(N)nc(-c4cncc(OC[C@@H](N)CC(C)C)c4)cc3c2cc1OC,CHEMBL1094321,6.04,nM,905.0,nM,905.0,AKT1,905.0,6.043351420794797,YPVWKNICBVIRFI-INIZCTEOSA-N,447.5390000000002,4.196600000000003,2,8,0,118.4,8,33
CC(=O)N1CC[C@@H](c2ccc(F)c(F)c2)[C@H](NC(=O)c2cc3c(s2)OCCn2ncc(Br)c2-3)C1,CHEMBL5399565,6.04,nM,911.0,nM,911.0,AKT1,911.0,6.040481623027001,OSZRXSFATSCQMK-IFXJQAMLSA-N,551.4130000000001,4.179100000000004,1,5,1,76.46000000000001,3,34
Cn1nccc1-c1csc(C(=O)NC2(c3ccc(F)cc3)CCNCC2)c1,CHEMBL3805292,6.04,nM,920.0,uM,0.92,AKT1,920.0,6.036212172654444,NAIQKXKDKHEYMA-UHFFFAOYSA-N,384.4800000000002,3.296400000000002,2,4,0,58.95,4,27
Cn1ncc(Cl)c1-c1coc(C(=O)NC2(c3ccc(F)cc3)CCNCC2)c1,CHEMBL3806229,6.04,nM,920.0,uM,0.92,AKT1,920.0,6.036212172654444,ZJLKSQGADUGNOE-UHFFFAOYSA-N,402.8570000000002,3.481300000000002,2,4,0,72.09,4,28
NC1(c2ccc(-c3nn4cccc4cc3-c3ccccc3)cc2)CCC1,CHEMBL2035018,6.03,nM,926.0,uM,0.926,AKT1,926.0,6.033389013318065,KIDMFHKRSFOWBW-UHFFFAOYSA-N,339.4420000000002,5.006200000000003,1,2,1,43.31999999999999,3,26
NCc1ccc(-n2c(-c3cccnc3N)nc3cccnc32)cc1,CHEMBL2177847,6.03,nM,930.0,uM,0.93,AKT1,930.0,6.031517051446065,RGDKQPDDLFBPMH-UHFFFAOYSA-N,316.36800000000005,2.5234000000000005,2,5,0,95.64,3,24
N#Cc1cccc(NC(=O)Cc2nc(N3CCOCC3)cc(=O)[nH]2)c1O,CHEMBL3699809,6.03,nM,938.0,nM,938.0,AKT1,938.0,6.027797161620936,XZYRYZNRGYFFBH-UHFFFAOYSA-N,355.35400000000004,0.3649799999999997,3,7,0,131.33999999999997,4,26
CC(C(=O)N1CCc2c(F)cccc21)c1nc(N2CCOCC2)c(F)c(=O)n1C,CHEMBL3896167,6.03,nM,938.0,nM,938.0,AKT1,938.0,6.027797161620936,HGJKRIWAWNVCGD-UHFFFAOYSA-N,404.41700000000026,1.5878999999999999,0,5,0,67.67,3,29
CCc1c(N)ncnc1N1CCC(c2nc(-c3ccnc(OC)c3)cn2CCN2CCC2)CC1,CHEMBL3904876,6.03,nM,940.0,nM,940.0,AKT1,940.0,6.026872146400302,PCCMBBLDUSAOMZ-UHFFFAOYSA-N,462.6020000000004,2.9780000000000015,1,8,0,98.22000000000001,8,34
O=C1NCN(c2ccccc2)C12CCN(Cc1ccc(-c3nnc4n3-c3cccnc3Nc3ccccc3-4)cc1)CC2,CHEMBL3684471,6.02,nM,950.0,nM,950.0,AKT1,950.0,6.022276394711152,BEENNMRVJKBFIT-UHFFFAOYSA-N,554.658,4.981800000000004,2,7,1,91.21000000000001,4,42
O=C(Cc1cccc2ccccc12)Nc1ccc(-c2nnc3n2-c2cccnc2Nc2ccccc2-3)cc1,CHEMBL3684346,6.02,nM,950.0,nM,950.0,AKT1,950.0,6.022276394711152,DRQFVYRSWVOLHP-UHFFFAOYSA-N,494.55800000000016,6.387700000000004,2,5,1,84.73,4,38
CC(C)NC[C@@H](C(=O)N1CC=C(c2ncnc3c2[C@H](C)CC(=O)N3)CC1)c1ccc(Cl)cc1,CHEMBL5181964,6.02,nM,951.0,nM,951.0,AKT1,951.0,6.021819483062586,WLQQISMLFAWNEA-OXQOHEQNSA-N,468.0010000000002,3.973200000000002,2,5,0,87.22,6,33
N[C@H](COc1cncc(-c2cc3cn[nH]c3cc2[N+](=O)[O-])c1)Cc1c[nH]c2ccccc12,CHEMBL225788,6.02,nM,953.0,nM,953.0,AKT1,953.0,6.020907099361674,UUZCIFFMEXAOMZ-KRWDZBQOSA-N,428.45200000000017,3.9632000000000023,3,6,0,135.75,7,32
Cc1ccc2c(c1)-c1nnc(-c3ccc(C4(N)CCC4)cc3)n1-c1cccnc1N2,CHEMBL3684525,6.02,nM,960.0,nM,960.0,AKT1,960.0,6.017728766960431,GVTATTDEXZWFAG-UHFFFAOYSA-N,394.4820000000001,4.699620000000002,2,5,0,81.65,2,30
CCOC(=O)c1c(C)nc(NNC(=O)c2cccc3c(=O)c4ccccc4[nH]c23)nc1-c1ccc(C)cc1,CHEMBL4161273,6.01,nM,980.0,nM,980.0,AKT1,980.0,6.008773924307505,VLNQOODSGKFRIF-UHFFFAOYSA-N,507.5500000000003,4.688740000000003,3,7,1,126.06999999999998,6,38
Cc1nc(N)nc2c1cc(-c1cnn(C)c1)c(=O)n2[C@H]1CC[C@@H](OCC(N)=O)CC1,CHEMBL2375960,6.0,nM,988.0,nM,988.0,AKT1,988.0,6.005243055412372,LOYNAYXFINASCA-OKILXGFUSA-N,411.4660000000003,1.0682199999999997,2,7,0,143.94,5,30
NC1(c2ccc(-c3nc4cc(-c5ccc(F)cc5)ccn4c3-c3ccccc3)cc2)CCC1,CHEMBL3699711,6.0,nM,989.0,nM,989.0,AKT1,989.0,6.004803708402821,GTFSRNKPWDHODK-UHFFFAOYSA-N,433.5300000000002,6.812300000000005,1,2,1,43.31999999999999,4,33
COc1ccc(-c2cn(CCN3CCC3)c(C3CCN(c4ncnc(N)c4C(N)=O)CC3)n2)cc1Cl,CHEMBL3912088,6.0,nM,990.0,nM,990.0,AKT1,990.0,6.00436480540245,HFPDALKHSRIELA-UHFFFAOYSA-N,511.0300000000002,2.772900000000001,2,8,1,128.42000000000002,8,36
CCC(=O)Nc1cccc(-c2cn(Cc3ccc(-c4nc5ccccn5c4-c4ccccc4)cc3)nn2)c1,CHEMBL5764100,6.0,nM,992.0,nM,992.0,AKT1,992.0,6.0034883278458215,XLDKRWZSDVOIJI-UHFFFAOYSA-N,498.5900000000001,6.323600000000006,1,4,1,77.11,7,38
Cc1cc(-c2cncc(OC[C@@H](N)Cc3c[nH]c4ccccc34)c2)cc2ccncc12,CHEMBL208961,6.0,nM,995.0,nM,995.0,AKT1,995.0,6.002176919254275,BHPSGEAUUZMDDL-QFIPXVFZSA-N,408.5050000000001,5.035320000000003,2,4,1,76.82,6,31
OCc1ccc(-c2nnc3n2-c2cccnc2Nc2ccccc2-3)cc1,CHEMBL3684334,6.0,nM,1000.0,nM,1000.0,AKT1,1000.0,6.0,ZOXSPDARSPXASJ-UHFFFAOYSA-N,341.3740000000001,3.545600000000001,2,5,0,75.86,2,26
CN1C(=O)[C@@H](N2CCc3cn(CC4CCS(=O)(=O)CC4)nc3C2=O)COc2ccccc21,CHEMBL4097778,6.0,nM,1000.0,,6.0,AKT1,1000.0,6.0,IVVSBEQDCAZLFY-SFHVURJKSA-N,458.5400000000003,1.1301999999999994,0,6,0,101.81000000000002,3,32
COc1cc(NS(=O)(=O)c2ccc(NS(=O)(=O)c3c(C)noc3C)cc2)nc(OC)n1,CHEMBL3912759,6.0,nM,1000.0,nM,1000.0,AKT1,1000.0,6.0,SSDWSTAYENJABB-UHFFFAOYSA-N,469.5010000000003,1.7002399999999998,2,10,0,162.61,8,31
O=C(Cc1nc(N2CCOCC2)cc(=O)[nH]1)N1Cc2ccccc2C1,CHEMBL3699791,6.0,nM,1000.0,nM,1000.0,AKT1,1000.0,6.0,WYIIEHXQLYDFDG-UHFFFAOYSA-N,340.3830000000001,0.6913999999999996,1,5,0,78.53,3,25
NCCn1cc(-c2cc(-c3cc4ccccc4s3)c3[nH]ncc3c2)c2nc(N)ncc21,CHEMBL590109,6.0,nM,1000.0,uM,1.0,AKT1,1000.0,6.0,JPOSFPUHBHRUAX-UHFFFAOYSA-N,425.52100000000013,4.397200000000002,3,6,0,111.42999999999999,4,31
Nc1ncc(-c2cc(N3CCOCC3)cc(S(=O)(=O)C(F)(F)c3ccccc3)c2)cn1,CHEMBL5933789,6.0,nM,1000.0,nM,1000.0,AKT1,1000.0,6.0,LAYSHJBZMVAZOG-UHFFFAOYSA-N,446.47900000000004,3.085600000000002,1,7,0,98.40999999999998,5,31
Nc1cc(N2CCC(c3nc(-c4ccc(C(F)(F)F)cc4)cn3CCN3CCCC3)CC2)ncn1,CHEMBL3890965,6.0,nM,1000.0,nM,1000.0,AKT1,1000.0,6.0,WBBQUUVVEQSQJP-UHFFFAOYSA-N,485.5580000000004,4.420900000000004,1,6,0,76.1,6,35
Cc1c[nH]c2nccc(Oc3c(F)cc(Nc4cc(Cl)nc(N)n4)cc3F)c12,CHEMBL1971943,6.0,nM,1000.0,uM,1.0,AKT1,1000.0,6.0,NRSGWEVTVGZDFC-UHFFFAOYSA-N,402.7920000000001,4.711020000000001,3,6,0,101.74,4,28
CCOCCN(C[C@@H](O)CN1CCCC2(CC(=O)c3cc(O)ccc3O2)C1)S(=O)(=O)c1ccccc1Cl,CHEMBL1761077,6.0,nM,1000.0,uM,1.0,AKT1,1000.0,6.0,LEHBRCOLRVRBBU-DQUNLGLBSA-N,553.0770000000001,2.933700000000001,2,8,1,116.61000000000001,10,37
CCOCCN(C[C@@H](O)CN1CCCC2(CC(=O)c3cc(O)ccc3O2)C1)S(=O)(=O)c1c(C)noc1C,CHEMBL1761071,6.0,nM,1000.0,uM,1.0,AKT1,1000.0,6.0,ILHDZJHLVBFCDE-JINQPTGOSA-N,537.6350000000002,1.8851399999999996,2,10,1,142.64,10,37
Cc1nc(-c2ccccc2)c(-c2ccc(CN3CCC(n4c(=O)[nH]c5ccccc54)CC3)cc2)[nH]c1=O,CHEMBL572629,6.0,nM,1003.0,nM,1003.0,AKT1,1003.0,5.998699066979582,JQURUANNPOVYFL-UHFFFAOYSA-N,491.59500000000014,4.892420000000003,2,4,0,86.78,5,37
NC1(c2ccc(-c3nc4nc(C5CC5)ccn4c3-c3ccccc3)cc2)CCC1,CHEMBL3699666,6.0,nM,1009.0,nM,1009.0,AKT1,1009.0,5.996108833763089,GPJNKJQYJDBCRJ-UHFFFAOYSA-N,380.4950000000001,5.2786000000000035,1,3,1,56.209999999999994,4,29
N[C@H](COc1cncc(-c2ccc3c(O)nccc3c2)c1)Cc1c[nH]c2ccccc12,CHEMBL207215,5.99,nM,1022.0,nM,1022.0,AKT1,1022.0,5.990549104201306,LNNKVVBFVNQCFM-FQEVSTJZSA-N,410.47700000000015,4.432500000000003,3,5,0,97.05000000000001,6,31
O=C(Cc1nc(N2CCOCC2)cc(=O)[nH]1)Nc1cccnc1,CHEMBL3696248,5.99,nM,1030.0,nM,1030.0,AKT1,1030.0,5.987162775294828,BGFJVEJJKHCWAW-UHFFFAOYSA-N,315.333,0.18269999999999992,2,6,0,100.21000000000001,4,23
NC(=O)c1cnc(-c2ccc(C3(N)CCC3)cc2)c(-c2ccccc2)c1,CHEMBL2035040,5.98,nM,1042.0,uM,1.042,AKT1,1042.0,5.9821322810364945,GIRZDHCBMNHMEH-UHFFFAOYSA-N,343.43,3.852400000000003,2,3,0,82.0,4,26
Nc1ccc(-c2cc(N3CCOCC3)cc(S(=O)(=O)Cc3ccc(F)cc3F)c2)nn1,CHEMBL5854166,5.97,nM,1060.0,nM,1060.0,AKT1,1060.0,5.97469413473523,PTCBOMFJHXSNJC-UHFFFAOYSA-N,446.4790000000001,2.8145000000000016,1,7,0,98.41,5,31
NC(=O)C1(COc2ccn3c(-c4ccccc4)c(-c4ccc(C5(N)CCC5)cc4)nc3n2)CC1,CHEMBL3699741,5.97,nM,1066.0,nM,1066.0,AKT1,1066.0,5.972242795309446,FYAKXCWSZDVBDW-UHFFFAOYSA-N,453.54600000000033,4.045500000000002,2,5,0,108.53,7,34
CC(=O)Nc1nc2ccc(-c3cnc(Cl)c(NS(=O)(=O)c4ccc(F)cc4)c3)cc2o1,CHEMBL1822210,5.96,nM,1100.0,nM,1100.0,AKT1,1100.0,5.958607314841775,QFGPLNAQFOAOAP-UHFFFAOYSA-N,460.87400000000014,4.441500000000002,2,6,0,114.18999999999998,5,31
Clc1ccc(C(NC2CCCCC2)c2ccc(-c3cn[nH]c3)cc2)cc1,CHEMBL3113146,5.96,nM,1100.0,uM,1.1,AKT1,1100.0,5.958607314841775,ZDIXEQRWXYBXTA-UHFFFAOYSA-N,365.90799999999996,5.741800000000004,2,2,1,40.71,5,26
Cn1cc(-c2ccc(F)c(C(F)(F)F)c2)nc1C1CCN(c2ncnc(N)c2CO)CC1,CHEMBL3927385,5.96,nM,1100.0,nM,1100.0,AKT1,1100.0,5.958607314841775,HSVLBSIZOSRWTQ-UHFFFAOYSA-N,450.4400000000003,3.493500000000001,2,6,0,93.09,4,32
c1ccc2c(c1)Nc1ncccc1-n1c(-c3ccc(C4CCCN4)cc3)nnc1-2,CHEMBL3684505,5.96,nM,1100.0,nM,1100.0,AKT1,1100.0,5.958607314841775,GTGZEZDRKRIFBO-UHFFFAOYSA-N,380.45500000000015,4.477800000000003,2,5,0,67.66,2,29
CN(C)[C@H](COc1cncc(/C=C/c2ccncc2)c1)Cc1c[nH]c2ccccc12,CHEMBL202893,5.96,nM,1100.0,nM,1100.0,AKT1,1100.0,5.958607314841775,WVWADKWOFBWBAW-DORXLWPQSA-N,398.51000000000016,4.680000000000004,1,4,0,54.04,8,30
O=C(NCc1ccc(-c2nnc3n2-c2cccnc2Nc2ccccc2-3)cc1)Nc1cccc(F)c1,CHEMBL3684432,5.96,nM,1100.0,nM,1100.0,AKT1,1100.0,5.958607314841775,XCTISAFFIFKCBS-UHFFFAOYSA-N,477.5030000000001,5.514100000000003,3,5,1,96.76,4,36
O=C(NCc1ccc(-c2nnc3n2-c2cccnc2Nc2ccccc2-3)cc1)c1ccco1,CHEMBL3684407,5.96,nM,1100.0,nM,1100.0,AKT1,1100.0,5.958607314841775,AMJPOYZOCKBDKI-UHFFFAOYSA-N,434.4590000000001,4.576300000000003,2,6,0,97.87,4,33
CN(CCc1ccccn1)Cc1ccc(-c2nnc3n2-c2cccnc2Nc2ccccc2-3)cc1,CHEMBL3684385,5.96,nM,1100.0,nM,1100.0,AKT1,1100.0,5.958607314841775,QNOZHHVKBGQJIZ-UHFFFAOYSA-N,459.5570000000001,5.122800000000004,1,6,1,71.76,6,35
Cc1ccncc1S(=O)(=O)NC[C@@H](O)CN1CCC[C@@]2(CCN(c3ncnc(N)c3C3CC3)C2)C1,CHEMBL1760775,5.96,nM,1100.0,uM,1.1,AKT1,1100.0,5.958607314841775,RJILMCQMDWXDNA-NTKDMRAZSA-N,501.6570000000005,1.2713200000000007,3,9,1,137.57,8,35
CCCCCN(C[C@@H](O)CN1CCCC2(CC(=O)c3cc(O)ccc3O2)C1)S(=O)(=O)c1c(C)noc1C,CHEMBL1761073,5.96,nM,1100.0,uM,1.1,AKT1,1100.0,5.958607314841775,CNDFZFNVVGFVSZ-GVNKFJBHSA-N,535.6630000000002,3.038840000000002,2,9,1,133.41,10,37
N[C@H](COc1cncc(-c2ccc3ccccc3c2)c1)Cc1c[nH]c2ccccc12,CHEMBL564795,5.95,nM,1117.0,nM,1117.0,AKT1,1117.0,5.951946826884391,DHLBSEUGYOJYMB-QHCPKHFHSA-N,393.4900000000001,5.331900000000004,2,3,1,63.93,6,30
N[C@H](COc1cncc(-c2ccc(NC(=O)Nc3ccccc3)nc2)c1)Cc1c[nH]c2ccccc12,CHEMBL378589,5.95,nM,1120.0,nM,1120.0,AKT1,1120.0,5.950781977329818,UDZQOAWTKYWMCQ-QFIPXVFZSA-N,478.55600000000015,5.217700000000003,4,5,1,117.95000000000002,8,36
N[C@H](COc1cncc(-c2ccc(NC(=O)Nc3ccccc3)cn2)c1)Cc1c[nH]c2ccccc12,CHEMBL572859,5.95,nM,1120.0,nM,1120.0,AKT1,1120.0,5.950781977329818,WJRPWAUZCCDAOO-NRFANRHFSA-N,478.55600000000015,5.217700000000003,4,5,1,117.95000000000002,8,36
NC1(c2ccc(-c3nc4ccc(C(=O)NCCO)cn4c3-c3ccccc3)cc2)CCC1,CHEMBL3699731,5.95,nM,1136.0,nM,1136.0,AKT1,1136.0,5.9446216686249995,NPOGSQHOERHPNH-UHFFFAOYSA-N,426.5200000000002,3.7283000000000026,3,4,0,92.64999999999999,6,32
Cc1ccn2c(-c3ccccc3)c(-c3ccc(C4(N)CCC4)cc3)nc2n1,CHEMBL3699665,5.94,nM,1157.0,nM,1157.0,AKT1,1157.0,5.936666641048251,UHNOLIYOGJZRNT-UHFFFAOYSA-N,354.45700000000016,4.709620000000005,1,3,0,56.21,3,27
NC1(c2ccc(-n3c(-c4cc[nH]n4)nc4ccc(-c5cccc(N6CCOCC6)c5)nc43)cc2)CCC1,CHEMBL3649678,5.94,nM,1160.0,nM,1160.0,AKT1,1160.0,5.935542010773082,RFKSSTBMOKGXNL-UHFFFAOYSA-N,491.59900000000044,4.652100000000004,2,6,0,97.88,5,37
COc1ccc(S(=O)(=O)Nc2cccc(-c3ccc4nc(NC(C)=O)sc4c3)c2)cc1,CHEMBL1773601,5.94,nM,1160.0,nM,1160.0,AKT1,1160.0,5.935542010773082,AJYCJBFSBQHKOS-UHFFFAOYSA-N,453.5450000000002,4.731100000000003,2,6,0,97.39000000000001,6,31
CC(C)NC[C@@H](C(=O)N1CCN(c2ncnc3c2[C@H](C)CC3(F)F)CC1)c1ccc(Cl)cc1,CHEMBL2177383,5.93,nM,1169.0,nM,1169.0,AKT1,1169.0,5.93218548883816,GYYWFOFPSXMXBV-VQIMIIECSA-N,477.9870000000002,4.159400000000003,1,5,0,61.36000000000001,6,33
COCCOc1ccn2c(-c3ccccc3)c(-c3ccc(C4(N)CCC4)cc3)nc2n1,CHEMBL3699704,5.93,nM,1186.0,nM,1186.0,AKT1,1186.0,5.925915310971756,YNOSHXGRYKDBMO-UHFFFAOYSA-N,414.50900000000024,4.426400000000003,1,5,0,74.67,7,31
COc1ccc(C(C)NC(=O)C2(N)CCN(c3ncnc4[nH]ccc34)CC2)cc1OC,CHEMBL2325991,5.92,nM,1192.0,nM,1192.0,AKT1,1192.0,5.923723744595782,IYQIOQXDNPZMSK-UHFFFAOYSA-N,424.50500000000017,2.1502,3,7,0,118.39,6,31
NC1(c2ccc(-c3nnc4n3-c3cccnc3Nc3ccc(-c5ccccc5)cc3-4)cc2)CCC1,CHEMBL3684533,5.92,nM,1200.0,nM,1200.0,AKT1,1200.0,5.920818753952375,OEKYIKCMNCPKJE-UHFFFAOYSA-N,456.5530000000003,6.058200000000004,2,5,1,81.65,3,35
O=C(Nc1ccccc1)NC1(c2ccc(-c3nnc4n3-c3cccnc3Nc3ccccc3-4)cc2)CCC1,CHEMBL3684503,5.92,nM,1200.0,nM,1200.0,AKT1,1200.0,5.920818753952375,DWMSBFHBHMORKE-UHFFFAOYSA-N,499.5780000000002,6.2542000000000035,3,5,1,96.76,4,38
CS(=O)(=O)Nc1ccc2nc(-c3ccc(C4(N)CCC4)cc3)c(-c3ccccc3)n2n1,CHEMBL6061004,5.92,nM,1200.0,nM,1200.0,AKT1,1200.0,5.920818753952375,VFENWMPXWRREMI-UHFFFAOYSA-N,433.5370000000002,3.772700000000002,2,5,0,102.38,5,31
O=C(NCc1ccc(-c2nnc3n2-c2cccnc2Nc2ccccc2-3)cc1)Nc1ccc(F)cc1,CHEMBL3684434,5.92,nM,1200.0,nM,1200.0,AKT1,1200.0,5.920818753952375,IAZTZGDPBSQPHA-UHFFFAOYSA-N,477.5030000000001,5.514100000000003,3,5,1,96.76,4,36
Cn1nccc1-c1cc(Cl)nn2c(-c3ccccc3)c(-c3ccc(C4(N)CCC4)cc3)nc12,CHEMBL5759291,5.92,nM,1200.0,nM,1200.0,AKT1,1200.0,5.920818753952375,NFMBOBSRULCGBO-UHFFFAOYSA-N,454.9650000000003,5.455100000000004,1,4,1,74.03,4,33
CC(C)Oc1ccn2c(-c3ccccc3)c(-c3ccc(C4(N)CCC4)cc3)nc2n1,CHEMBL3699707,5.91,nM,1225.0,nM,1225.0,AKT1,1225.0,5.911863911299449,SSMHOKCXASOSDR-UHFFFAOYSA-N,398.5100000000003,5.188400000000005,1,4,1,65.44,5,30
N[C@H](COc1cnc(C#Cc2ccccc2)c(-c2ccc3cnccc3c2)c1)Cc1c[nH]c2ccccc12,CHEMBL207545,5.91,nM,1240.0,nM,1240.0,AKT1,1240.0,5.906578314837765,IDORTMHUPPZYPT-NDEPHWFRSA-N,494.5980000000002,6.126700000000004,2,4,1,76.82,6,38
Clc1ccc(C(NCc2ccccc2)c2ccc(-c3ccncc3)cc2)cc1,CHEMBL3113139,5.9,nM,1250.0,uM,1.25,AKT1,1250.0,5.903089986991944,QCOQDZLFGQZWGN-UHFFFAOYSA-N,384.9100000000001,6.281200000000005,1,2,1,24.92,6,28
O=[N+]([O-])c1ccc(S(=O)(=O)Nc2ccc(O)c(Sc3ncn[nH]3)c2)cc1,CHEMBL2436727,5.9,nM,1260.0,uM,1.26,AKT1,1260.0,5.8996294548824375,CGQHLWDWBCMNQL-UHFFFAOYSA-N,393.406,2.3705,3,8,0,151.10999999999999,6,26
Clc1ccc(C(NC2CCCCC2)c2ccc(-c3ccncc3)cc2)cc1,CHEMBL3113137,5.9,nM,1260.0,uM,1.26,AKT1,1260.0,5.8996294548824375,PYKLZPJFIKUEJF-UHFFFAOYSA-N,376.931,6.413700000000006,1,2,1,24.92,5,27
Cn1cc(-c2c(Br)cnn2C)cc1C(=O)NC1(c2ccc(Cl)c(Cl)c2)CCNCC1,CHEMBL3805443,5.9,nM,1260.0,uM,1.26,AKT1,1260.0,5.8996294548824375,OEJSKCNTFQFBPA-UHFFFAOYSA-N,511.2510000000003,4.503600000000003,2,3,1,63.88,4,30
CC(=O)Nc1nc2ccc(-c3ccnc(NS(=O)(=O)c4ccc(C)cc4)n3)cc2s1,CHEMBL1773581,5.9,nM,1260.0,nM,1260.0,AKT1,1260.0,5.8996294548824375,RVCFUPFVNDAYNL-UHFFFAOYSA-N,439.52200000000016,3.820920000000002,2,7,0,113.93999999999998,5,30
NC1(c2ccc(-c3ncc4nccn4c3-c3ccccc3)cc2)CCC1,CHEMBL2035025,5.9,nM,1262.0,uM,1.262,AKT1,1262.0,5.898940645091884,YNWTXEUYEFVUCD-UHFFFAOYSA-N,340.4300000000002,4.401200000000003,1,3,0,56.209999999999994,3,26
NC1(c2ccc(-c3nc4cc(O)ccn4c3-c3ccccc3)cc2)CCC1,CHEMBL3703167,5.89,nM,1273.0,nM,1273.0,AKT1,1273.0,5.895171596346344,MUGMJCOSDPCGSO-UHFFFAOYSA-N,355.44100000000014,4.711800000000002,2,3,0,63.55,3,27
N#Cc1cnc(-c2ccc(CNCc3ccc(-c4csnn4)cc3)cc2)c(-c2ccccc2)c1,CHEMBL360333,5.89,nM,1288.0,nM,1288.0,AKT1,1288.0,5.890084136976207,FWYIMAUKHHHKGK-UHFFFAOYSA-N,459.5780000000001,6.095580000000004,1,6,1,74.49000000000001,7,34
CC(=O)Nc1ccc(-n2c(-c3cccnc3N)nc3cccnc32)cc1,CHEMBL2177815,5.89,nM,1300.0,uM,1.3,AKT1,1300.0,5.886056647693163,UWILEVIFKOTKNY-UHFFFAOYSA-N,344.37800000000004,3.0231000000000003,2,5,0,98.72,3,26
CCOCCN(C[C@@H](O)CN1CCCC2(CC(=O)c3cc(O)ccc3O2)C1)S(=O)(=O)c1ccccc1C(F)(F)F,CHEMBL1761081,5.89,nM,1300.0,uM,1.3,AKT1,1300.0,5.886056647693163,GRFJJAWWBOABJH-DQUNLGLBSA-N,586.6290000000002,3.299100000000002,2,8,1,116.61000000000001,10,40
CC(NC(=O)C1(N)CCN(c2ncnc3[nH]ccc23)CC1)c1cccnc1,CHEMBL2325988,5.88,nM,1313.0,nM,1313.0,AKT1,1313.0,5.881735273910521,YUZRIQNBQFPWRI-UHFFFAOYSA-N,365.4410000000002,1.5279999999999998,3,6,0,112.82000000000001,4,27
COC(=O)c1cccc(NC(=O)Cc2nc(N3CCOCC3)cc(=O)[nH]2)c1,CHEMBL3696242,5.88,nM,1314.0,nM,1314.0,AKT1,1314.0,5.881404634776238,UJJLMGVFHFWZJS-UHFFFAOYSA-N,372.38100000000014,0.5743,2,7,0,113.61999999999998,5,27
NC1(c2ccc(-c3nc4nc(OC5CCCCC5)ccn4c3-c3ccccc3)cc2)CCC1,CHEMBL3699708,5.88,nM,1315.0,nM,1315.0,AKT1,1315.0,5.881074247174223,VYFQASOWIMQBFB-UHFFFAOYSA-N,438.57500000000016,6.112700000000006,1,4,1,65.44,5,33
Clc1ccc(C(NCc2ccccc2)c2ccc(-c3cn[nH]c3)cc2)cc1,CHEMBL3113148,5.88,nM,1320.0,uM,1.32,AKT1,1320.0,5.87942606879415,FSVQYXOQASTJRX-UHFFFAOYSA-N,373.88700000000006,5.609300000000004,2,2,1,40.71,6,27
COc1cc2ncc3c(N)nc(-c4cncc(OC[C@H](N)Cc5c[nH]c6ccccc56)c4)cc3c2cc1OC,CHEMBL1097604,5.88,nM,1324.0,nM,1324.0,AKT1,1324.0,5.878112014896319,ZWSYVXUTWLOAGF-LJQANCHMSA-N,520.5930000000002,4.874500000000003,3,8,1,134.19,8,39
c1ccc(Cc2c[nH]c3ncnc(N4CC5(CCNCC5)c5ccccc54)c23)cc1,CHEMBL411276,5.88,nM,1330.0,nM,1330.0,AKT1,1330.0,5.876148359032914,OVOMREJCQLCUHL-UHFFFAOYSA-N,395.51000000000016,4.321600000000004,2,4,0,56.84,3,30
O=C(Cc1nc(N2CCOC(CO)C2)cc(=O)[nH]1)N1CCc2c(F)cccc21,CHEMBL3954012,5.88,nM,1332.0,nM,1332.0,AKT1,1332.0,5.875495775165717,CPAKOWWGPKUEFW-UHFFFAOYSA-N,388.39900000000017,0.2382999999999995,2,6,0,98.76,4,28
Cc1c(-c2cncc(OC[C@@H](N)Cc3c[nH]c4ccccc34)c2)cc(C#N)c(=O)n1C,CHEMBL268054,5.87,nM,1340.0,nM,1340.0,AKT1,1340.0,5.872895201635193,KZGGPZPXZOQAOP-IBGZPJMESA-N,413.48100000000017,3.057500000000002,2,5,0,109.72,6,31
Cc1n[nH]c2cnc(-c3cncc(OC[C@@H](N)Cc4cccc(OCC5CCCCC5)c4)c3)cc12,CHEMBL574978,5.87,nM,1360.0,nM,1360.0,AKT1,1360.0,5.866461091629782,XALLNMSDVOREEJ-QHCPKHFHSA-N,471.60500000000036,5.236220000000005,2,6,1,98.94,9,35
Cc1n[nH]c2ccc(-c3cncc(OC[C@@H](N)Cc4cccc(OCC5CCCCC5)c4)c3)cc12,CHEMBL226796,5.87,nM,1360.0,nM,1360.0,AKT1,1360.0,5.866461091629782,MFYOLTIJRSXVBH-VWLOTQADSA-N,470.6170000000003,5.841220000000005,2,5,1,86.05,9,35
Cc1c(Cl)cn2c(-c3ccccc3)c(-c3ccc(C4(N)CCC4)cc3)nc2c1-c1ccc(F)cc1,CHEMBL3699760,5.86,nM,1368.0,nM,1368.0,AKT1,1368.0,5.863913902615902,FQVDDVQBSVTNFF-UHFFFAOYSA-N,482.0020000000003,7.774120000000006,1,2,1,43.32,4,35
NC1(c2ccc(-c3nc4nc(Oc5ccccc5)ccn4c3-c3ccccc3)cc2)CCC1,CHEMBL3699709,5.86,nM,1385.0,nM,1385.0,AKT1,1385.0,5.858550226599532,ZYLHBIQWOJSANG-UHFFFAOYSA-N,432.5270000000002,6.193500000000004,1,4,1,65.44,5,33
NC(=O)Cc1cccc(-c2cncc(OC[C@@H](N)Cc3c[nH]c4ccccc34)c2)c1,CHEMBL206746,5.86,nM,1390.0,nM,1390.0,AKT1,1390.0,5.856985199745905,BYVKRXCDVCJRAQ-FQEVSTJZSA-N,400.4820000000001,3.206500000000001,3,4,0,107.02000000000001,8,30
COc1cc2ncc3c(N)nc(-c4cncc(OC[C@H](N)CC(C)C)c4)cc3c2cc1OC,CHEMBL1094637,5.86,nM,1395.0,nM,1395.0,AKT1,1395.0,5.855425792390384,YPVWKNICBVIRFI-MRXNPFEDSA-N,447.5390000000002,4.196600000000003,2,8,0,118.4,8,33
CC(C)(C)OC(=O)NC1(c2ccc(-c3nnc4n3-c3cccnc3Nc3ccccc3-4)cc2)CC1,CHEMBL3684530,5.85,nM,1400.0,nM,1400.0,AKT1,1400.0,5.853871964321762,GKKVSIJQEVVYKL-UHFFFAOYSA-N,466.5450000000002,5.567100000000004,2,6,1,93.96,3,35
O=C(c1ccco1)N1CCN(Cc2ccc(-c3nnc4n3-c3cccnc3Nc3ccccc3-4)cc2)CC1,CHEMBL3684402,5.85,nM,1400.0,nM,1400.0,AKT1,1400.0,5.853871964321762,ZEOBYHATVDMOHO-UHFFFAOYSA-N,503.5660000000002,4.604300000000004,1,7,1,92.32000000000001,4,38
NC(=O)c1c(N)ncnc1N1CCC(c2nc(C3CCCCC3)cn2CCN2CCC2)CC1,CHEMBL3961623,5.85,nM,1400.0,nM,1400.0,AKT1,1400.0,5.853871964321762,VJKDRJBAKXNGGX-UHFFFAOYSA-N,452.6070000000005,2.491599999999999,2,7,0,119.18999999999998,7,33
Cn1cc(-c2ccc(F)c(C(F)(F)F)c2)nc1C1CCN(c2ncncc2Br)CC1,CHEMBL3892829,5.85,nM,1400.0,nM,1400.0,AKT1,1400.0,5.853871964321762,JRTUQALCPFMDCY-UHFFFAOYSA-N,484.2950000000002,5.181500000000003,0,4,1,46.84,3,30
Cc1cccc2c1Nc1ncccc1-n1c(-c3ccc(C4(N)CCC4)cc3)nnc1-2,CHEMBL3684527,5.85,nM,1400.0,nM,1400.0,AKT1,1400.0,5.853871964321762,CCSSOGZYUAOOGU-UHFFFAOYSA-N,394.48200000000026,4.699620000000003,2,5,0,81.65,2,30
O=C(Nc1ccc(-c2c[nH]cn2)cc1)C1COc2ccccc2O1,CHEMBL485214,5.85,nM,1410.0,uM,1.41,AKT1,1410.0,5.85078088734462,ZCAQGEOLBJBISN-UHFFFAOYSA-N,321.336,2.855200000000001,2,4,0,76.24000000000001,3,24
O=C(Cc1nc(N2CCOCC2)cc(=O)[nH]1)Nc1ccc(Cl)cc1,CHEMBL2151920,5.85,nM,1420.0,nM,1420.0,AKT1,1420.0,5.847711655616943,WANOJUXINQJWKS-UHFFFAOYSA-N,348.7900000000001,1.4410999999999998,2,5,0,87.32000000000001,4,24
CC(C)CNC(c1ccc(Cl)cc1)c1ccc(-c2ccncc2)cc1,CHEMBL3113135,5.84,nM,1430.0,uM,1.43,AKT1,1430.0,5.844663962534939,WJQLOJRKFXLWBU-UHFFFAOYSA-N,350.89300000000003,5.737000000000005,1,2,1,24.92,6,25
CC1(C)O[C@@H]2CC(=O)O[C@@H]2C2=C1C(=O)c1ccccc1C2=O,CHEMBL475840,5.84,nM,1440.0,uM,1.44,AKT1,1440.0,5.841637507904751,YNQWJSGTQYKNOA-HWPZZCPQSA-N,298.29400000000004,1.8551000000000002,0,5,0,69.67,0,22
COc1cccc(Cn2cnc3ccc(-c4cn[nH]c4)cc3c2=O)c1,CHEMBL4742990,5.84,nM,1449.0,nM,1449.0,AKT1,1449.0,5.838931614528826,QQJKCGXOHWHBQV-UHFFFAOYSA-N,332.3630000000001,2.8435000000000006,1,4,0,72.8,4,25
Nc1ccc(-c2cncc(OC[C@@H](N)Cc3c[nH]c4ccccc34)c2)cc1C(=O)c1cccc(Cl)c1,CHEMBL439340,5.84,nM,1450.0,nM,1450.0,AKT1,1450.0,5.838631997765025,JMSLHIHVUFAAJQ-QHCPKHFHSA-N,496.99800000000016,5.645300000000004,3,5,1,107.01999999999998,8,36
CC(C)(C)c1ccc2ncnc(N3CCN(C(=O)[C@H](N)Cc4ccc(Cl)cc4)CC3)c2c1,CHEMBL1257986,5.84,nM,1460.0,nM,1460.0,AKT1,1460.0,5.835647144215563,ZKOZGMORPPVXJB-OAQYLSRUSA-N,452.00200000000024,3.7993000000000015,1,5,0,75.35000000000001,4,32
N#Cc1cnc(-c2ccc(CN3CCC(c4nc5ccccc5[nH]4)CC3)cc2)c(-c2ccccc2)c1,CHEMBL369094,5.83,nM,1471.0,nM,1471.0,AKT1,1471.0,5.83238732727247,ORBNIMIXUBKTHN-UHFFFAOYSA-N,469.59200000000016,6.543180000000006,1,4,1,68.6,5,36
O=C(Cc1nc(N2CCOCC2)cc(=O)[nH]1)Nc1cccc(C(F)(F)F)c1,CHEMBL3696240,5.83,nM,1481.0,nM,1481.0,AKT1,1481.0,5.829444941478791,NZAGWBNGEBTQOV-UHFFFAOYSA-N,382.34200000000004,1.8064999999999996,2,5,0,87.32000000000001,4,27
Cc1cccc(NC(=O)Cc2nc(N3CCOCC3)cc(=O)[nH]2)c1C,CHEMBL3696257,5.83,nM,1494.0,nM,1494.0,AKT1,1494.0,5.82564940252062,CYWXYXBLHOKXKY-UHFFFAOYSA-N,342.39900000000006,1.4045399999999995,2,5,0,87.32,4,25
O=c1cnc(-c2ccccc2)c(-c2ccc(CN3CCC(n4c(=O)[nH]c5ccccc54)CC3)cc2)[nH]1,CHEMBL577792,5.82,nM,1500.0,nM,1500.0,AKT1,1500.0,5.823908740944319,YARSMPWWCPECQM-UHFFFAOYSA-N,477.5680000000002,4.584000000000002,2,4,0,86.78,5,36
COCC(=O)Nc1ccc(-c2nnc3n2-c2cccnc2Nc2ccccc2-3)cc1,CHEMBL3684363,5.82,nM,1500.0,nM,1500.0,AKT1,1500.0,5.823908740944319,BJIRHLZXASXPCW-UHFFFAOYSA-N,398.4260000000001,3.638200000000002,2,6,0,93.96,4,30
Cc1cccc2nc(-c3ccc(C4(N)CCC4)cc3)c(-c3ccccc3)n12,CHEMBL3703170,5.82,nM,1505.0,nM,1505.0,AKT1,1505.0,5.822463500070138,AQQGZTUNRJVZAQ-UHFFFAOYSA-N,353.46900000000005,5.314620000000004,1,2,1,43.31999999999999,3,27
Nc1ncc(-c2cc(Oc3ccccc3OC(F)(F)F)cc(N3CCOCC3)n2)cn1,CHEMBL5951826,5.82,nM,1510.0,nM,1510.0,AKT1,1510.0,5.82102305270683,KHIUCPUWDPSZOH-UHFFFAOYSA-N,433.3900000000002,3.6483000000000017,1,8,0,95.62,5,31
NC1(c2ccc(-c3nc4ccc(-c5cccnc5O)cn4c3-c3ccccc3)cc2)CCC1,CHEMBL3703168,5.82,nM,1510.0,nM,1510.0,AKT1,1510.0,5.82102305270683,AFBOMFWMMSRZBK-UHFFFAOYSA-N,432.5270000000002,5.773800000000004,2,4,1,76.44,4,33
COc1ccc(C(NC(=O)c2ccc3cnccc3c2)C2CCNCC2)cc1F,CHEMBL1823635,5.82,nM,1510.0,uM,1.51,AKT1,1510.0,5.82102305270683,GMMUHXJPOVGLQA-UHFFFAOYSA-N,393.46200000000016,3.853200000000003,2,4,0,63.25,5,29
CSc1ncc2cc(-c3ccccc3)c(-c3ccc(CN(C)CCc4cn[nH]c4)cc3)nc2n1,CHEMBL252260,5.82,nM,1521.0,nM,1521.0,AKT1,1521.0,5.817870785947002,GQEPHZRQVGFQLK-UHFFFAOYSA-N,466.61400000000026,5.478300000000006,1,6,1,70.59,8,34
N[C@H](COc1cncc(-c2ccc(F)cc2)c1)Cc1c[nH]c2ccccc12,CHEMBL382397,5.81,nM,1560.0,nM,1560.0,AKT1,1560.0,5.806875401645538,VUDAXHCEPITOSW-IBGZPJMESA-N,361.4200000000001,4.317800000000003,2,3,0,63.93,6,27
Cn1ncc(Cl)c1-c1coc(C(=O)NC2CNCC2c2ccc(F)c(F)c2)c1,CHEMBL4473634,5.8,nM,1566.0,nM,1566.0,AKT1,1566.0,5.805208242278075,QUHWVJKPDYFDEA-UHFFFAOYSA-N,406.8200000000001,3.097100000000001,2,4,0,72.09,4,28
O=C(NC(c1nccs1)C1CCNCC1)c1ccc2cnccc2c1,CHEMBL1823634,5.8,nM,1570.0,uM,1.57,AKT1,1570.0,5.804100347590766,IVYGVYJVPJSBIE-UHFFFAOYSA-N,352.463,3.1620000000000017,2,5,0,66.91,4,25
c1nc(N2CCC3(CCCNC3)CC2)c2nc[nH]c2n1,CHEMBL2420911,5.8,nM,1600.0,uM,1.6,AKT1,1600.0,5.795880017344075,ZXMGQAIKNOIWHC-UHFFFAOYSA-N,272.356,1.3229,2,5,0,69.73,1,20
CCc1c(N)ncnc1N1CCC(c2nc(-c3ccc(F)c(C(F)(F)F)c3)cn2CCN2CC(F)(F)C2)CC1,CHEMBL3934633,5.8,nM,1600.0,nM,1600.0,AKT1,1600.0,5.795880017344075,RYBNDYDRZYVXES-UHFFFAOYSA-N,553.555,4.977500000000004,1,6,1,76.10000000000001,7,39
c1ccc2c(c1)Nc1ncccc1-n1c(-c3ccc(CN4CCOCC4)cc3)nnc1-2,CHEMBL3684394,5.8,nM,1600.0,nM,1600.0,AKT1,1600.0,5.795880017344075,RCZZSJMNLMGNGX-UHFFFAOYSA-N,410.4810000000003,3.885500000000002,1,6,0,68.10000000000001,3,31
O=S(=O)(NCCNC/C=C/c1ccc(Br)cc1)c1cccc2cnccc12,CHEMBL104264,5.8,nM,1600.0,uM,1.6,AKT1,1600.0,5.795880017344075,ZKZXNDJNWUTGDK-NSCUHMNNSA-N,446.3700000000001,3.5786000000000024,2,4,0,71.09,8,27
NC1(c2ccc(-c3nc4c(O)nccn4c3-c3ccccc3)cc2)CCC1,CHEMBL3982161,5.8,nM,1600.0,nM,1600.0,AKT1,1600.0,5.795880017344075,YRJOCSPCUOAQGY-UHFFFAOYSA-N,356.42900000000014,4.1068000000000024,2,4,0,76.44,3,27
Cn1cc(-c2ccc(F)c(C(F)(F)F)c2)nc1C1CCN(c2ncnc(N)c2C(N)=O)CC1,CHEMBL3964726,5.8,nM,1600.0,nM,1600.0,AKT1,1600.0,5.795880017344075,ODHFZINJDDSFIB-UHFFFAOYSA-N,463.4390000000003,3.1001000000000003,2,6,0,115.94999999999999,4,33
CN(C)c1ccc(-c2nnc3n2-c2cccnc2Nc2ccccc2-3)cc1,CHEMBL3679721,5.8,nM,1600.0,nM,1600.0,AKT1,1600.0,5.795880017344075,CINDNKLAVSJIFW-UHFFFAOYSA-N,354.4170000000001,4.119300000000003,1,5,0,58.870000000000005,2,27
N[C@H](CCc1nc(-c2ccc3cnccc3c2)no1)Cc1ccc(C(F)(F)F)cc1,CHEMBL1081118,5.8,nM,1600.0,nM,1600.0,AKT1,1600.0,5.795880017344075,IHTIFKUCLCXNDN-LJQANCHMSA-N,412.41500000000013,4.806200000000003,1,5,0,77.83,6,30
COc1ccccc1Oc1cc(-c2cnc(N)nc2)nc(N2CCOCC2)c1,CHEMBL5767540,5.79,nM,1620.0,nM,1620.0,AKT1,1620.0,5.790484985457369,YHJAWWBUBRTVQJ-UHFFFAOYSA-N,379.4200000000002,2.758300000000001,1,8,0,95.62,5,28
NC1(c2ccc(-c3nc4cc(C5CC5)ccn4c3-c3ccccc3)cc2)CCC1,CHEMBL3699714,5.79,nM,1636.0,nM,1636.0,AKT1,1636.0,5.786216700664696,DYEWQJXBDVQCKP-UHFFFAOYSA-N,379.5070000000001,5.883600000000004,1,2,1,43.31999999999999,4,29
O=C(/C=C/c1nc2ccccc2[nH]1)c1c(-c2ccccc2)c2cc(Br)ccc2[nH]c1=O,CHEMBL4636228,5.79,nM,1640.0,uM,1.64,AKT1,1640.0,5.785156151952302,ICUUOERWYGBKHB-OUKQBFOZSA-N,470.32600000000014,5.730000000000003,2,3,1,78.61,4,31
O=C(/C=C/c1nc2ccccc2[nH]1)c1c(-c2ccccc2)c2ccccc2[nH]c1=O,CHEMBL4646965,5.79,nM,1640.0,uM,1.64,AKT1,1640.0,5.785156151952302,JMHGWNZBVSPKBH-CCEZHUSRSA-N,391.4300000000001,4.967500000000004,2,3,0,78.61,4,30
O=C(/C=C/c1nc2ccccc2[nH]1)c1c(O)nc2ccc(Cl)cc2c1-c1ccccc1,CHEMBL190313,5.79,nM,1640.0,uM,1.64,AKT1,1640.0,5.785156151952302,SBOKKVUBLNZTCT-OUKQBFOZSA-N,425.87500000000017,6.033200000000004,2,4,1,78.87,4,31
Cc1ccc2[nH]c(/C=C/C(=O)c3c(-c4ccccc4)c4cc(Cl)ccc4[nH]c3=O)nc2c1,CHEMBL4637800,5.79,nM,1640.0,uM,1.64,AKT1,1640.0,5.785156151952302,ASHKPIIAMIIBLC-VAWYXSNFSA-N,439.90200000000016,5.929320000000003,2,3,1,78.61,4,32
Cc1ccc2[nH]c(=O)c(C(=O)/C=C/c3nc4ccccc4[nH]3)c(-c3ccccc3)c2c1,CHEMBL4643610,5.79,nM,1640.0,uM,1.64,AKT1,1640.0,5.785156151952302,DSQQKMMDIXQMNZ-BUHFOSPRSA-N,405.4570000000001,5.275920000000004,2,3,1,78.61,4,31
Cn1c(=O)c(C(=O)/C=C/c2nc3cc(F)ccc3[nH]2)c(-c2ccccc2)c2cc(Cl)ccc21,CHEMBL4646743,5.79,nM,1640.0,uM,1.64,AKT1,1640.0,5.785156151952302,DQGPVLGXKRWKSL-VAWYXSNFSA-N,457.8920000000001,5.770400000000003,1,3,1,67.75,4,33
O=C(/C=C/c1nc2cc(F)ccc2[nH]1)c1c(-c2ccc(F)cc2)c2cc(F)ccc2[nH]c1=O,CHEMBL4638124,5.79,nM,1640.0,uM,1.64,AKT1,1640.0,5.785156151952302,RUIDYVRUBNTCRS-MDZDMXLPSA-N,445.40000000000015,5.384800000000003,2,3,1,78.61,4,33
O=C(/C=C/c1nc2cc(F)c(F)cc2[nH]1)c1c(-c2ccc(F)c(F)c2)c2cc(F)ccc2[nH]c1=O,CHEMBL4649562,5.79,nM,1640.0,uM,1.64,AKT1,1640.0,5.785156151952302,CRSXAJYRKIQUCU-AATRIKPKSA-N,481.3800000000001,5.663000000000002,2,3,1,78.61,4,35
O=C(/C=C/c1nc2cc(F)ccc2[nH]1)c1c(-c2ccccc2)c2cc(Cl)ccc2[nH]c1=O,CHEMBL4644882,5.79,nM,1640.0,uM,1.64,AKT1,1640.0,5.785156151952302,COXWTCPTVOKDNB-ZHACJKMWSA-N,443.8650000000001,5.760000000000003,2,3,1,78.61,4,32
O=C(/C=C/c1nc2cc(F)c(F)cc2[nH]1)c1c(-c2ccc(F)cc2)c2cc(Cl)ccc2[nH]c1=O,CHEMBL4633766,5.79,nM,1640.0,uM,1.64,AKT1,1640.0,5.785156151952302,YETAWRPZGSRKAX-BQYQJAHWSA-N,479.84500000000014,6.0382000000000025,2,3,1,78.61,4,34
O=C(/C=C/c1nc2cc(F)c(F)cc2[nH]1)c1c(-c2ccc(F)cc2)c2cc(F)ccc2[nH]c1=O,CHEMBL4645387,5.79,nM,1640.0,uM,1.64,AKT1,1640.0,5.785156151952302,LSTVFBPDBBAOEC-BQYQJAHWSA-N,463.3900000000001,5.523900000000003,2,3,1,78.61,4,34
Nc1ncc(-c2cc(N3CCOCC3)cc(S(=O)(=O)[C@H]3CCOC3)c2)cn1,CHEMBL5885350,5.78,nM,1650.0,nM,1650.0,AKT1,1650.0,5.782516055786093,JOSFJDYSRMQQQE-INIZCTEOSA-N,390.46500000000015,1.1249999999999996,1,8,0,107.63999999999999,4,27
CCc1ccn2c(-c3ccccc3)c(-c3ccc(C4(N)CCC4)cc3)nc2c1,CHEMBL3699699,5.78,nM,1657.0,nM,1657.0,AKT1,1657.0,5.780677491580663,LFEWFIMPGRKMKG-UHFFFAOYSA-N,367.4960000000002,5.568600000000005,1,2,1,43.32,4,28
C#Cc1ccn2c(-c3ccccc3)c(-c3ccc(C4(N)CCC4)cc3)nc2c1,CHEMBL3703158,5.78,nM,1658.0,nM,1658.0,AKT1,1658.0,5.780415473785745,SYCVULGNXZQCGX-UHFFFAOYSA-N,363.46400000000017,4.987500000000004,1,2,0,43.32,3,28
N[C@H](COc1cncc(C(=O)Nc2ccncc2)c1)Cc1c[nH]c2ccccc12,CHEMBL208499,5.78,nM,1659.0,nM,1659.0,AKT1,1659.0,5.7801536139756395,MUSFVJUDKNXXKM-KRWDZBQOSA-N,387.44300000000015,3.1590000000000007,3,5,0,105.92000000000002,7,29
NC1(c2ccc(-c3nc4nc(OCCN5CCCC5=O)ccn4c3-c3ccccc3)cc2)CCC1,CHEMBL3699740,5.78,nM,1659.0,nM,1659.0,AKT1,1659.0,5.7801536139756395,FJZWNBISHWDALI-UHFFFAOYSA-N,467.57300000000015,4.402400000000004,1,5,0,85.75,7,35
Nc1ncnc(N2CCC(c3nc(-c4cccc(C(F)(F)F)c4)c[nH]3)CC2)c1Br,CHEMBL3926903,5.77,nM,1700.0,nM,1700.0,AKT1,1700.0,5.769551078621726,NNFMZOAUPAFRQG-UHFFFAOYSA-N,467.2930000000001,4.614200000000003,2,5,0,83.72,3,29
NC1(c2ccc(-c3nc4ccc(NC(=O)C(F)(F)F)nn4c3-c3ccccc3)cc2)CCC1,CHEMBL5843267,5.77,nM,1700.0,nM,1700.0,AKT1,1700.0,5.769551078621726,SCASZVGHWLKNJB-UHFFFAOYSA-N,451.4520000000002,4.902000000000003,2,4,0,85.30999999999999,4,33
CC(C)NC(=O)c1ccc2nc(-c3ccc(C4(N)CCC4)cc3)c(-c3ccccc3)n2c1,CHEMBL3699729,5.77,nM,1708.0,nM,1708.0,AKT1,1708.0,5.767512133647013,YAYCLPNKCZCYNV-UHFFFAOYSA-N,424.5480000000001,5.144400000000004,2,3,1,72.42,5,32
COc1ccc(S(=O)(=O)Nc2cc(Sc3ncnc4nc[nH]c34)c(O)c3ccccc23)cc1OC,CHEMBL3113284,5.76,nM,1730.0,uM,1.73,AKT1,1730.0,5.761953896871205,OGYAOIRZEOKQGD-UHFFFAOYSA-N,509.56900000000024,4.180900000000002,3,9,1,139.32,7,35
COc1cc2ncc3c(N)nc(-c4cncc(OC[C@@H](N)Cc5ccncc5)c4)cc3c2cc1OC,CHEMBL1097973,5.76,nM,1750.0,nM,1750.0,AKT1,1750.0,5.756961951313706,YBRYILPNEOTARN-SFHVURJKSA-N,482.5440000000002,3.7882000000000025,2,9,0,131.29,8,36
COc1cc(NC(=O)C(C)c2nc(N3CCOCC3)cc(=O)[nH]2)ccc1F,CHEMBL3696256,5.75,nM,1763.0,nM,1763.0,AKT1,1763.0,5.753747687700678,ZZWCXKXAKCZIMC-UHFFFAOYSA-N,376.38800000000003,1.4963999999999997,2,6,0,96.54999999999998,5,27
NC1(c2ccc(-c3nc4cc(CO)ccn4c3-c3ccccc3)cc2)CCC1,CHEMBL3699693,5.75,nM,1771.0,nM,1771.0,AKT1,1771.0,5.7517814388099255,YRBLOFAVEJSWNY-UHFFFAOYSA-N,369.46800000000013,4.4985000000000035,2,3,0,63.55,4,28
CCC(=O)Nc1ccc(-c2nnc3n2-c2cccnc2Nc2ccccc2-3)cc1,CHEMBL3684350,5.75,nM,1800.0,nM,1800.0,AKT1,1800.0,5.7447274948966935,YLDVZXJYHGGBPK-UHFFFAOYSA-N,382.4270000000001,4.401800000000002,2,5,0,84.73,3,29
Nc1ccc(-c2nnc3n2-c2ccccc2Nc2ccccc2-3)cc1,CHEMBL3679731,5.75,nM,1800.0,nM,1800.0,AKT1,1800.0,5.7447274948966935,SFNNXJCYISJXNW-UHFFFAOYSA-N,325.37500000000006,4.240500000000002,2,4,0,68.75999999999999,1,25
O=C(NCc1ccc(-c2nnc3n2-c2cccnc2Nc2ccccc2-3)cc1)C1CCC1,CHEMBL3684410,5.75,nM,1800.0,nM,1800.0,AKT1,1800.0,5.7447274948966935,YGKZUWPLDIPOGF-UHFFFAOYSA-N,422.4920000000002,4.4696000000000025,2,5,0,84.73,4,32
O=C(CCc1ccccc1)Nc1ccc(-c2nnc3n2-c2cccnc2Nc2ccccc2-3)cc1,CHEMBL3684364,5.75,nM,1800.0,nM,1800.0,AKT1,1800.0,5.7447274948966935,IUOHBEOWLFVOAA-UHFFFAOYSA-N,458.52500000000015,5.624600000000004,2,5,1,84.73,5,35
NC1(c2ccc(-c3c(-c4ccccc4)ccn4ccnc34)cc2)CCC1,CHEMBL2035033,5.74,nM,1807.0,uM,1.807,AKT1,1807.0,5.743041847439068,XJHBNEIYDGMVER-UHFFFAOYSA-N,339.4420000000002,5.006200000000002,1,2,1,43.32,3,26
Nc1ncnc(N2CCN(C(=O)[C@@H](N)Cc3ccccc3)CC2)c1Cl,CHEMBL3127377,5.74,nM,1819.7,,5.74,AKT1,1819.7,5.740000204918113,AZCOXSYRCOKPBI-ZDUSSCGKSA-N,360.84900000000005,0.9308000000000012,2,6,0,101.36999999999999,4,25
CNc1cc(N2CCC(CN)(c3ccc(Cl)c(Cl)c3)CC2)ncn1,CHEMBL3124965,5.74,nM,1830.0,uM,1.83,AKT1,1830.0,5.73754891026957,MKPBZBVZBHHZGM-UHFFFAOYSA-N,366.2960000000001,3.322000000000001,2,5,0,67.07,4,24
N#Cc1ccc(-c2cncc(OC[C@@H](N)Cc3c[nH]c4ccccc34)c2)cc1,CHEMBL427388,5.74,nM,1830.0,nM,1830.0,AKT1,1830.0,5.73754891026957,SEGBNHRBOUFPMU-FQEVSTJZSA-N,368.44000000000005,4.050380000000001,2,4,0,87.72,6,28
N[C@H](COc1cncc(-c2ccc3[nH]nc(C=O)c3c2)c1)Cc1c[nH]c2ccccc12,CHEMBL574774,5.73,nM,1848.0,nM,1848.0,AKT1,1848.0,5.733298033115912,ATOXLTMLIQMPDW-SFHVURJKSA-N,411.46500000000015,3.8675000000000024,3,5,0,109.67999999999998,7,31
N=C(N)NC(=N)N/C(=N/O)c1nonc1N,CHEMBL3764886,5.73,nM,1850.0,uM,1.85,AKT1,1850.0,5.732828271596986,QDFLGWBZRQJVTM-UHFFFAOYSA-N,227.18800000000002,-2.20496,7,8,1,195.30999999999997,1,16
NC(=O)c1c(N)ncnc1N1CCC(c2nc(-c3ccsc3)cn2CCN2CCC2)CC1,CHEMBL3922482,5.72,nM,1900.0,nM,1900.0,AKT1,1900.0,5.721246399047171,QHFPMNTVJHAPJM-UHFFFAOYSA-N,452.5880000000003,2.1723999999999997,2,8,0,119.18999999999998,7,32
ClCc1ccc(-c2nnc3n2-c2cccnc2Nc2ccccc2-3)cc1,CHEMBL3684437,5.72,nM,1900.0,nM,1900.0,AKT1,1900.0,5.721246399047171,XSUPRXIYZYTKHO-UHFFFAOYSA-N,359.82000000000005,4.792100000000003,1,4,0,55.63,2,26
NC(=O)c1c(N)ncnc1N1CCC(c2nc(-c3ccccc3)cn2CCN2CCC2)CC1,CHEMBL3913487,5.72,nM,1900.0,nM,1900.0,AKT1,1900.0,5.721246399047171,VCEOIPYMISBYNL-UHFFFAOYSA-N,446.5590000000003,2.1108999999999987,2,7,0,119.18999999999998,7,33
c1ccc(-c2nnc3n2-c2ccccc2Nc2ccccc2-3)cc1,CHEMBL3679729,5.72,nM,1900.0,nM,1900.0,AKT1,1900.0,5.721246399047171,CDNKZLQKFGQTPA-UHFFFAOYSA-N,310.36000000000007,4.658300000000002,1,3,0,42.74,1,24
CN(C)c1ccc(C(=O)Nc2ccc(-c3nnc4n3-c3cccnc3Nc3ccccc3-4)cc2)cc1,CHEMBL3684356,5.72,nM,1900.0,nM,1900.0,AKT1,1900.0,5.721246399047171,VQRCZWHPJWKKJB-UHFFFAOYSA-N,473.54000000000013,5.3716000000000035,2,6,1,87.97,4,36
c1ccc(CNCc2ccc(-c3nnc4n3-c3cccnc3Nc3ccccc3-4)cc2)cc1,CHEMBL3684376,5.72,nM,1900.0,nM,1900.0,AKT1,1900.0,5.721246399047171,GCGNWKPWIYOIPR-UHFFFAOYSA-N,430.5150000000001,5.343100000000003,2,5,1,67.66,5,33
CCN1CCN(c2ccc(-c3nn(Cc4cn(Cc5ccccc5)nn4)c4nc(NC)ncc34)cn2)CC1,CHEMBL4217649,5.72,nM,1900.0,uM,1.9,AKT1,1900.0,5.721246399047171,PAZDHXLZWBCXCX-UHFFFAOYSA-N,509.6220000000002,2.7600000000000007,1,9,1,105.71000000000001,8,38
C=CC(=O)Nc1ccc2[nH]c(=O)n(C3CCN(Cc4ccc(-c5ccc6c(c5)NC(=O)CO6)cc4)CC3)c2c1,CHEMBL4802051,5.72,nM,1900.0,nM,1900.0,AKT1,1900.0,5.721246399047171,DHRJWFCFMBINAK-UHFFFAOYSA-N,523.5930000000003,4.289100000000003,3,5,1,108.46,6,39
CCN[C@@H]1CCN(c2ncnc3[nH]cc(C)c23)C1,CHEMBL1173305,5.72,nM,1900.0,uM,1.9,AKT1,1900.0,5.721246399047171,IAXCHEZVLGNNCH-SNVBAGLBSA-N,245.33,1.4545199999999994,2,4,0,56.839999999999996,3,18
CN(C)C(=O)c1ccc2nc(-c3ccc(C4(N)CCC4)cc3)c(-c3ccccc3)n2c1,CHEMBL3699737,5.72,nM,1904.0,nM,1904.0,AKT1,1904.0,5.720333055951545,SPEBRUYKFDLZQY-UHFFFAOYSA-N,410.5210000000001,4.708000000000004,1,3,0,63.629999999999995,4,31
Cn1ncc(Cl)c1-c1ccc(C(=O)NC2(c3ccc(Cl)c(Cl)c3)CCNCC2)cc1,CHEMBL3805006,5.72,nM,1910.0,uM,1.91,AKT1,1910.0,5.718966632752273,JHHJJSLGKHPTTC-UHFFFAOYSA-N,463.7960000000003,5.0560000000000045,2,3,1,58.95,4,30
Cn1c(CC(=O)Nc2ccc(F)c(CO)c2)nc(N2CCOCC2)cc1=O,CHEMBL3696291,5.71,nM,1940.0,nM,1940.0,AKT1,1940.0,5.7121982700697735,UEWAZZPAYBGVAD-UHFFFAOYSA-N,376.3880000000002,0.4295,2,6,0,96.69,5,27
C=Cc1ccn2c(-c3ccccc3)c(-c3ccc(C4(N)CCC4)cc3)nc2c1,CHEMBL3703103,5.71,nM,1951.0,nM,1951.0,AKT1,1951.0,5.709742730605482,PANSYNBNNASHEW-UHFFFAOYSA-N,365.4800000000002,5.649200000000005,1,2,1,43.32,4,28
NC(=O)c1ccc(NC2CNCCC2c2ccc(F)cc2)c2cncnc12,CHEMBL3980317,5.7,nM,2000.0,nM,2000.0,AKT1,2000.0,5.698970004336019,QXQBUHCSEYQBBD-UHFFFAOYSA-N,365.41200000000003,2.4254000000000007,3,5,0,92.93,4,27
NC1(c2ccc(-c3nc4ccc(O)nn4c3-c3ccccc3)cc2)CCC1,CHEMBL5896561,5.7,nM,2000.0,nM,2000.0,AKT1,2000.0,5.698970004336019,KXURUIRWWZYPEO-UHFFFAOYSA-N,356.42900000000014,4.1068000000000024,2,4,0,76.44,3,27
O=S(=O)(NC1CCN(Cc2ccc(-c3nnc4n3-c3cccnc3Nc3ccccc3-4)cc2)CC1)c1ccc2c(c1)OCCO2,CHEMBL3684465,5.7,nM,2000.0,nM,2000.0,AKT1,2000.0,5.698970004336019,APJRQHYPFKVIGN-UHFFFAOYSA-N,621.7230000000001,4.767400000000005,2,9,1,123.50000000000001,6,45
N[C@H](COc1cncc(NC(=O)c2ccncc2)c1)Cc1c[nH]c2ccccc12,CHEMBL576565,5.7,nM,2020.0,nM,2020.0,AKT1,2020.0,5.694648630553377,RTFVZNXCTOPUGS-KRWDZBQOSA-N,387.4430000000001,3.1590000000000007,3,5,0,105.92000000000002,7,29
Cn1ncc(Br)c1-c1coc(C(=O)NC2(c3ccc(F)cc3)CCNCC2)c1,CHEMBL3805617,5.7,nM,2020.0,uM,2.02,AKT1,2020.0,5.694648630553377,CNEGXYDHFCCMQB-UHFFFAOYSA-N,447.3080000000002,3.5904000000000025,2,4,0,72.09,4,28
N[C@H](Cc1ccc(Cl)cc1)C(=O)N1CCN(c2ccnc3cc[nH]c23)CC1,CHEMBL1258444,5.69,nM,2048.0,nM,2048.0,AKT1,2048.0,5.688670047696207,DTQVYSNEFFXKTJ-MRXNPFEDSA-N,383.8830000000001,2.4349000000000007,2,4,0,78.25,4,27
COc1ccc(-c2cc3c(C)nc(N)nc3n([C@H]3CC[C@H](OCC(=O)O)CC3)c2=O)cn1,CHEMBL2376096,5.68,nM,2070.0,nM,2070.0,AKT1,2070.0,5.684029654543083,FYGAMXOBXPHZMN-SHTZXODSSA-N,439.47200000000026,2.3376200000000003,2,8,0,142.45000000000005,6,32
NC(=O)c1ccc(NC2CNCCC2c2cccc(C(F)(F)F)c2)c2cncnc12,CHEMBL3933453,5.68,nM,2100.0,nM,2100.0,AKT1,2100.0,5.6777807052660805,AGWDLZDWEJEFFL-UHFFFAOYSA-N,415.41900000000004,3.305100000000002,3,5,0,92.93,4,30
COCCN(C[C@@H](O)CN1CCCC2(CC(=O)c3cc(O)ccc3O2)C1)S(=O)(=O)c1c(C)noc1C,CHEMBL1761069,5.68,nM,2100.0,uM,2.1,AKT1,2100.0,5.6777807052660805,PDAQYFOOWGQKFR-XGLRFROISA-N,523.6080000000002,1.4950400000000001,2,10,1,142.64,9,36
Nc1ccc(-c2nnc3n2-c2cccnc2Nc2ccccc2-3)cn1,CHEMBL3679714,5.68,nM,2100.0,nM,2100.0,AKT1,2100.0,5.6777807052660805,YARCQAYMYTYGJR-UHFFFAOYSA-N,327.35100000000006,3.030500000000001,2,6,0,94.54,1,25
CCN(Cc1ccncc1)Cc1ccc(-c2nnc3n2-c2cccnc2Nc2ccccc2-3)cc1,CHEMBL3684380,5.68,nM,2100.0,nM,2100.0,AKT1,2100.0,5.6777807052660805,MQOCFKISJUHQAB-UHFFFAOYSA-N,459.55700000000013,5.470400000000005,1,6,1,71.76,6,35
Cc1cc(COCc2ccc(-c3nnc4n3-c3cccnc3Nc3ccccc3-4)cc2)no1,CHEMBL3684494,5.68,nM,2100.0,nM,2100.0,AKT1,2100.0,5.6777807052660805,GNKUPACZMLXALH-UHFFFAOYSA-N,436.47500000000014,5.066520000000004,1,7,1,90.89,5,33
Nc1ncc(-c2cc(N3CCOCC3)cc(S(=O)(=O)C3CCOC3)c2)cn1,CHEMBL5751880,5.67,nM,2120.0,nM,2120.0,AKT1,2120.0,5.673664139071248,JOSFJDYSRMQQQE-UHFFFAOYSA-N,390.46500000000015,1.1249999999999996,1,8,0,107.63999999999999,4,27
NC1(c2ccc(-c3c(-c4ccccc4)ccc4ncnn34)cc2)CCC1,CHEMBL2035036,5.67,nM,2135.0,uM,2.135,AKT1,2135.0,5.670602120638957,IVSOAUPZCPKIRF-UHFFFAOYSA-N,340.4300000000002,4.401200000000003,1,3,0,56.209999999999994,3,26
CC(C)CN1CCC([C@@H](NC(=O)c2ccc3cnccc3c2)c2ccc(Cl)c(Cl)c2)CC1,CHEMBL1823660,5.67,nM,2140.0,uM,2.14,AKT1,2140.0,5.669586226650809,YAOXZFKMHXFCSV-RUZDIDTESA-N,470.4440000000002,6.380700000000006,1,3,1,45.230000000000004,6,32
CON(C)C(=O)c1ccn2c(-c3ccccc3)c(-c3ccc(C4(N)CCC4)cc3)nc2c1,CHEMBL3703145,5.67,nM,2145.0,nM,2145.0,AKT1,2145.0,5.668572703479257,IIJPSYGMQNPMKH-UHFFFAOYSA-N,426.5200000000002,4.639600000000003,1,4,0,72.86,5,32
Cc1c(O)c(O)c2c(c1C=O)[C@@H]1O[C@H](O2)c2c(C)c(O)c(O)c(O)c2C1=O,CHEMBL3104851,5.67,nM,2150.0,uM,2.15,AKT1,2150.0,5.667561540084395,AHNFXMBOWJVAPB-FUHWJXTLSA-N,374.3010000000001,1.9891400000000012,5,9,0,153.75,1,27
N[C@H](COc1cncc(Nc2cccnc2)c1)Cc1c[nH]c2ccccc12,CHEMBL207671,5.67,nM,2160.0,nM,2160.0,AKT1,2160.0,5.665546248849069,JJGWIBAOEPVJHA-INIZCTEOSA-N,359.43300000000005,3.6503000000000014,3,5,0,88.85,7,27
NC(=O)c1cccc2c(-c3cncc(OC[C@@H](N)Cc4c[nH]c5ccccc45)c3)cccc12,CHEMBL205781,5.66,nM,2170.0,nM,2170.0,AKT1,2170.0,5.663540266151471,YWAMNVZBVJIQMD-IBGZPJMESA-N,436.5150000000001,4.430800000000002,3,4,0,107.02000000000001,7,33
NCCNc1ncc(-c2cc(N3CCOCC3)cc(S(=O)(=O)Cc3ccc(F)cc3)c2)cn1,CHEMBL5934855,5.66,nM,2180.0,nM,2180.0,AKT1,2180.0,5.661543506395395,SQJXKDBFQOBHDB-UHFFFAOYSA-N,471.5580000000001,2.4638,2,8,0,110.43999999999998,8,33
NC(=O)c1c(N)ncnc1N1CCC(c2nc(-c3cn[nH]c3)cn2CCN2CCC2)CC1,CHEMBL3963232,5.66,nM,2200.0,nM,2200.0,AKT1,2200.0,5.657577319177793,ANNZUUVDXWOCGW-UHFFFAOYSA-N,436.5240000000003,0.8339999999999992,3,8,0,147.87,7,32
Oc1ccc(-c2nnc3n2-c2cccnc2Nc2ccccc2-3)cc1,CHEMBL3679728,5.66,nM,2200.0,nM,2200.0,AKT1,2200.0,5.657577319177793,MRTZLRZWKJGXCG-UHFFFAOYSA-N,327.3470000000001,3.7589000000000015,2,5,0,75.86,1,25
NC(=O)c1ccc(N[C@H]2CNCC[C@@H]2c2ccc(F)cc2)c2cncnc12,CHEMBL4106661,5.66,nM,2200.0,nM,2200.0,AKT1,2200.0,5.657577319177793,QXQBUHCSEYQBBD-KDOFPFPSSA-N,365.41200000000003,2.4254000000000007,3,5,0,92.93,4,27
CCOC(=O)Cc1nc(N2CCOCC2)cc(=O)n1C,CHEMBL3696281,5.66,nM,2207.0,nM,2207.0,AKT1,2207.0,5.656197666838345,FKHZYSZINGWAFZ-UHFFFAOYSA-N,281.31199999999995,-0.27749999999999964,0,6,0,73.66,4,20
NC1(c2ccc(-c3nc4nc(-n5ccccc5=O)ccn4c3-c3ccccc3)cc2)CCC1,CHEMBL3699678,5.64,nM,2268.0,nM,2268.0,AKT1,2268.0,5.644356949779131,LKCJZMOMLRYMDV-UHFFFAOYSA-N,433.5150000000002,4.552100000000004,1,4,0,78.21,4,33
N#Cc1cccc(NC(=O)Cc2nc(N3CCOCC3)cc(=O)[nH]2)c1,CHEMBL3696246,5.64,nM,2287.0,nM,2287.0,AKT1,2287.0,5.6407338353932515,IPUPEARUPHNBOT-UHFFFAOYSA-N,339.355,0.6593799999999994,2,6,0,111.10999999999999,4,25
O=C1Nc2ccccc2/C1=C/c1ccc[nH]1,CHEMBL86755,5.64,nM,2300.0,uM,2.3,AKT1,2300.0,5.638272163982407,SEZFNTZQMWJIAI-FLIBITNWSA-N,210.236,2.5073999999999996,2,1,0,44.89,1,16
CCOC(=O)N1CCC(NCc2ccc(-c3nnc4n3-c3cccnc3Nc3ccccc3-4)cc2)CC1,CHEMBL3684399,5.64,nM,2300.0,nM,2300.0,AKT1,2300.0,5.638272163982407,RJHRPQKLBLWGGM-UHFFFAOYSA-N,495.5870000000003,4.763800000000003,2,7,0,97.2,5,37
Cn1cncc1-c1ccc2nc(-c3ccc(C4(N)CCC4)cc3)c(-c3ccccc3)n2c1,CHEMBL3703125,5.63,nM,2320.0,nM,2320.0,AKT1,2320.0,5.634512015109101,OAXWKOAQPWOHNF-UHFFFAOYSA-N,419.5320000000001,5.406700000000004,1,3,1,61.14,4,32
N[C@H](Cc1ccccc1Cl)C(=O)N1CCN(c2ncnc3ccccc23)CC1,CHEMBL1258663,5.63,nM,2346.0,nM,2346.0,AKT1,2346.0,5.62967199222049,OHXQFFUUYPZRSE-GOSISDBHSA-N,395.89400000000006,2.501800000000001,1,5,0,75.35000000000001,4,28
COc1cccc([C@@H](C)NC(=O)c2ccc(-c3ccnc(F)c3)cc2)c1,CHEMBL4459800,5.62,nM,2370.0,uM,2.37,AKT1,2370.0,5.6252516539898965,JEFRBITWIOXMNQ-CQSZACIVSA-N,350.39300000000003,4.387300000000003,1,3,0,51.22,5,26
NC(=O)c1ccc(NCCc2cccc(F)c2)c2cncnc12,CHEMBL3968412,5.62,nM,2400.0,nM,2400.0,AKT1,2400.0,5.619788758288394,FODVSAUJMGFYEF-UHFFFAOYSA-N,310.332,2.522400000000001,2,4,0,80.9,5,23
Cc1c(Nc2c(C#N)cncc2/C=C/CCN2CCC[C@@H](N)C2)ccc2[nH]ccc12,CHEMBL606245,5.62,nM,2400.0,nM,2400.0,AKT1,2400.0,5.619788758288394,KAJIDAUQCMSGGN-XQASTXFUSA-N,400.5300000000001,4.313000000000002,3,5,0,93.75999999999999,6,30
Cc1ccc(-c2cn(CCN3CCC3)c(C3CCN(c4ncnc(N)c4C(N)=O)CC3)n2)cc1F,CHEMBL3922125,5.62,nM,2400.0,nM,2400.0,AKT1,2400.0,5.619788758288394,OOVIVPWBZTUYTH-UHFFFAOYSA-N,478.57600000000025,2.558420000000001,2,7,0,119.18999999999998,7,35
Cc1c[nH]c2ncnc(N3CC[C@@H](NCc4ccccc4)C3)c12,CHEMBL1173306,5.62,nM,2400.0,uM,2.4,AKT1,2400.0,5.619788758288394,PEYCOFVFFPIRDS-OAHLLOKOSA-N,307.40100000000007,2.6348200000000004,2,4,0,56.84,4,23
Cn1nc(N)c2ccc(-c3cnc(NC[C@@H](N)Cc4ccc(C(F)(F)F)cc4)s3)cc21,CHEMBL1079627,5.62,nM,2406.0,nM,2406.0,AKT1,2406.0,5.618704376996174,HUZSZGBYKRTSEZ-HNNXBMFYSA-N,446.50200000000007,4.279700000000003,3,6,0,94.78,6,31
CC(C)(C)OC(=O)N1CC(S(=O)(=O)c2cc(-c3cnc(N)nc3)cc(N3CCOCC3)c2)C1,CHEMBL5970737,5.61,nM,2460.0,nM,2460.0,AKT1,2460.0,5.609064892896621,BYFFRDOLDMUBDX-UHFFFAOYSA-N,475.5710000000003,1.9553999999999998,1,9,0,127.94999999999999,4,33
CC(C)(C)OC(=O)NCCc1cccc(NC(=O)Cc2nc(N3CCOCC3)cc(=O)[nH]2)c1,CHEMBL3696263,5.6,nM,2498.0,nM,2498.0,AKT1,2498.0,5.602407565961883,STHIBVGAFABBFS-UHFFFAOYSA-N,457.5310000000003,1.8549,3,7,0,125.65,7,33
NC(=O)c1ccc(NC2CCNCC2c2ccc(F)cc2)c2cncnc12,CHEMBL3903158,5.6,nM,2500.0,nM,2500.0,AKT1,2500.0,5.6020599913279625,SCWYHQWISDGCJM-UHFFFAOYSA-N,365.41200000000003,2.4254000000000007,3,5,0,92.93,4,27
CCCN(C)Cc1ccc(-c2nnc3n2-c2cccnc2Nc2ccccc2-3)cc1,CHEMBL3684400,5.6,nM,2500.0,nM,2500.0,AKT1,2500.0,5.6020599913279625,ZGOYDTRNNMURFM-UHFFFAOYSA-N,396.49800000000005,4.895100000000004,1,5,0,58.870000000000005,5,30
COc1ccc(S(=O)(=O)Nc2nccc(-c3ccc4nc(NC(C)=O)sc4c3)n2)cc1,CHEMBL1773574,5.6,nM,2500.0,nM,2500.0,AKT1,2500.0,5.6020599913279625,HDFPRKJPIMMORW-UHFFFAOYSA-N,455.5210000000002,3.5211000000000015,2,8,0,123.17,6,31
CCc1c(N)ncnc1N1CCC(c2nc(-c3ccc(F)c(F)c3)cn2CCN2CCC23COC3)CC1,CHEMBL3971435,5.6,nM,2500.0,nM,2500.0,AKT1,2500.0,5.6020599913279625,TZWJJDGZBRXBKO-UHFFFAOYSA-N,509.6050000000004,3.6216000000000026,1,7,1,85.33000000000001,7,37
NC1(c2ccc(-c3nnc4n3-c3cc(-c5ccccc5)cnc3Nc3ccccc3-4)cc2)CCC1,CHEMBL3684539,5.58,nM,2600.0,nM,2600.0,AKT1,2600.0,5.585026652029182,SXPIEJHMGPTGLZ-UHFFFAOYSA-N,456.5530000000002,6.058200000000004,2,5,1,81.65,3,35
COC(=O)c1ccc(-c2nnc3n2-c2cccnc2Nc2ccccc2-3)cc1,CHEMBL3684336,5.58,nM,2600.0,nM,2600.0,AKT1,2600.0,5.585026652029182,AKKBHYDWGOQCJA-UHFFFAOYSA-N,369.38400000000007,3.839900000000002,1,6,0,81.93,2,28
O=C1COc2ccc(-c3cc(-c4ccccc4)cc(-c4ccc5oc(=O)[nH]c5c4)n3)cc2N1,CHEMBL564972,5.58,nM,2600.0,uM,2.6,AKT1,2600.0,5.585026652029182,HANXTWNEEIOPQW-UHFFFAOYSA-N,435.43900000000014,4.8480000000000025,2,5,0,97.22,3,33
CN1C/C(=C\c2ccccn2)C(=O)/C(=C/c2ccccn2)C1,CHEMBL2338333,5.58,nM,2600.0,uM,2.6,AKT1,2600.0,5.585026652029182,VCLPNFMJSSBBKX-WFYKWJGLSA-N,291.35400000000004,2.458100000000001,0,4,0,46.09,2,22
CC1=C(C#N)c2nc(N)c(C#N)c(C)c2/C1=C/c1ccc(-c2ccc(C(=O)O)c(Cl)c2)o1,CHEMBL192519,5.58,nM,2600.0,uM,2.6,AKT1,2600.0,5.585026652029182,MXRZMCQXMYYJTF-LZYBPNLTSA-N,442.8620000000002,5.3067800000000025,2,6,1,136.93,3,32
CNc1c(-c2ccccc2)c(-c2ccc(C3(N)CCC3)cc2)nc2c3cc(F)ccc3nn12,CHEMBL3672517,5.58,nM,2630.0,nM,2630.0,AKT1,2630.0,5.580044251510242,COWBKDQADIKECF-UHFFFAOYSA-N,437.5220000000001,5.735200000000004,2,4,1,68.24,4,33
NC1(c2ccc(-c3c(-c4ccccc4)ccn4ncnc34)cc2)CCC1,CHEMBL2035035,5.57,nM,2668.0,uM,2.668,AKT1,2668.0,5.573814174755489,SVMKTIMVFDYDLB-UHFFFAOYSA-N,340.4300000000002,4.401200000000003,1,3,0,56.21,3,26
COc1cc(/C=C/c2cncc(OC[C@@H](N)Cc3c[nH]c4ccccc34)c2)ccn1,CHEMBL377294,5.57,nM,2670.0,nM,2670.0,AKT1,2670.0,5.573488738635425,BQAKNRDEPAZDKP-YJJPMGAVSA-N,400.482,4.085700000000002,2,5,0,86.05,8,30
O=C(NC(c1ccc(F)c(F)c1)C1CCNCC1)c1ccc2cnccc2c1,CHEMBL1823636,5.57,nM,2680.0,uM,2.68,AKT1,2680.0,5.5718652059712115,PAVVSLLABJSASQ-UHFFFAOYSA-N,381.42600000000004,3.9837000000000025,2,3,0,54.02,4,28
Cn1cc(-c2ccc(F)c(C(F)(F)F)c2)nc1C1CCN(c2ncnc(N)c2-c2ccc(N)nc2)CC1,CHEMBL3904694,5.57,nM,2700.0,nM,2700.0,AKT1,2700.0,5.568636235841013,IAFSIRVNXCVBPH-UHFFFAOYSA-N,512.5150000000003,4.645400000000002,2,7,1,111.77,4,37
Nc1nccc(Nc2ccc(-c3cncc(OC[C@@H](N)Cc4c[nH]c5ccccc45)c3)cc2)n1,CHEMBL208406,5.57,nM,2710.0,nM,2710.0,AKT1,2710.0,5.567030709125595,CIKVOSWVTAMFQS-FQEVSTJZSA-N,451.53400000000016,4.294500000000002,4,7,0,127.76,8,34
NC1(c2ccc(-c3c(-c4ccccc4)ccc4ccnn34)cc2)CCC1,CHEMBL2035032,5.57,nM,2716.0,uM,2.716,AKT1,2716.0,5.566070234391536,GMINCAUYRPRHBG-UHFFFAOYSA-N,339.4420000000002,5.006200000000002,1,2,1,43.31999999999999,3,26
Cc1nc2cc(-c3ccccc3)c(-c3ccc(C4(N)CCC4)cc3)nn2c1-c1ccn[nH]1,CHEMBL3672505,5.56,nM,2732.0,nM,2732.0,AKT1,2732.0,5.563519304990505,LBWPUVQYKMNKBT-UHFFFAOYSA-N,420.52000000000015,5.099720000000004,2,4,1,84.88999999999999,4,32
CC(NC(=O)C1(N)CCN(c2ncnc3[nH]ccc23)CC1)c1ccccn1,CHEMBL2325989,5.56,nM,2753.0,nM,2753.0,AKT1,2753.0,5.56019378860667,ZBHPPMORCCNMSS-UHFFFAOYSA-N,365.4410000000002,1.5279999999999998,3,6,0,112.82000000000001,4,27
CC(=O)N1CCC2(CC1)CN(c1ncnc3[nH]ccc13)c1ccc(F)cc12,CHEMBL411718,5.55,nM,2790.0,nM,2790.0,AKT1,2790.0,5.554395796726403,PIIVXMNAKBBMBD-UHFFFAOYSA-N,365.41200000000015,3.128800000000001,1,4,0,65.12,1,27
Cn1cnc2c(-c3ccc(C4(N)CCC4)cc3)c(-c3ccccc3)ccc21,CHEMBL2035037,5.55,nM,2799.0,uM,2.799,AKT1,2799.0,5.552997101533838,KQBSFOHZTGMBMA-UHFFFAOYSA-N,353.469,5.245200000000004,1,2,1,43.84,3,27
c1ccc(-c2nnc3n2-c2cccnc2Nc2ccccc2-3)cc1,CHEMBL3679710,5.55,nM,2800.0,nM,2800.0,AKT1,2800.0,5.552841968657781,FZJFEUPMGGNDSC-UHFFFAOYSA-N,311.34800000000007,4.053300000000002,1,4,0,55.63,1,24
CC(=O)Nc1nc2ccc(-c3ccnc(NC(C)(C)c4ccccc4)n3)cc2s1,CHEMBL1773572,5.55,nM,2800.0,nM,2800.0,AKT1,2800.0,5.552841968657781,YWWPYGURSDURBZ-UHFFFAOYSA-N,403.5110000000001,5.058900000000003,2,6,1,79.8,5,29
O=C(Cc1nc(-c2ccnc(F)c2)cc(=O)[nH]1)N1CCc2c(F)cccc21,CHEMBL3986565,5.54,nM,2855.0,nM,2855.0,AKT1,2855.0,5.544393887418133,BNKDUJYYNUICRN-UHFFFAOYSA-N,368.34300000000013,2.2419000000000002,1,4,0,78.95,3,27
N[C@H](COc1cncc(Nc2ccncc2)c1)Cc1c[nH]c2ccccc12,CHEMBL383223,5.54,nM,2860.0,nM,2860.0,AKT1,2860.0,5.543633966870957,LEFITUMYPXLPSR-INIZCTEOSA-N,359.43300000000005,3.6503000000000014,3,5,0,88.85,7,27
Cc1ccc2[nH]c(C3CCN(Cc4ccc(-c5ncc(C#N)cc5-c5ccccc5)cc4)CC3)nc2c1,CHEMBL181927,5.54,nM,2874.0,nM,2874.0,AKT1,2874.0,5.541513236201793,KOJPWIUIKNIADX-UHFFFAOYSA-N,483.61900000000026,6.851600000000007,1,4,1,68.6,5,37
N[C@H](Cc1ccc(-c2ccccc2)cc1)C(=O)N1CCN(c2ncnc3ccccc23)CC1,CHEMBL1257164,5.54,nM,2883.0,nM,2883.0,AKT1,2883.0,5.540155357611792,BPEYRVMEDMVKIU-XMMPIXPASA-N,437.5470000000002,3.5154000000000023,1,5,0,75.35000000000001,5,33
Cc1cc(C(=O)N2CCN(Cc3ccc(-c4nnc5n4-c4cccnc4Nc4ccccc4-5)cc3)CC2)no1,CHEMBL3684452,5.54,nM,2900.0,nM,2900.0,AKT1,2900.0,5.5376020021010435,MZQWAKJVNYXEPG-UHFFFAOYSA-N,518.5810000000002,4.307720000000003,1,8,1,105.21000000000001,4,39
O=C(NCc1ccc(-c2nnc3n2-c2cccnc2Nc2ccccc2-3)cc1)Nc1ccccc1,CHEMBL3684417,5.54,nM,2900.0,nM,2900.0,AKT1,2900.0,5.5376020021010435,VGSLDRWPEJBHRI-UHFFFAOYSA-N,459.5130000000001,5.3750000000000036,3,5,1,96.76,4,35
CC(C)(C)NC(=O)N1CC(S(=O)(=O)c2cc(-c3cnc(N)nc3)cc(N3CCOCC3)c2)C1,CHEMBL6016576,5.54,nM,2910.0,nM,2910.0,AKT1,2910.0,5.536107011014093,LKWHZSGIFUMCLX-UHFFFAOYSA-N,474.58700000000033,1.5284000000000004,2,8,0,130.75,4,33
O=C1C[C@@H](O)[C@@H](C2=CC(=O)c3ccccc3C2=O)O1,CHEMBL3099612,5.53,nM,2940.0,uM,2.94,AKT1,2940.0,5.531652669587842,LVEBUCVBJRBSIE-BXUZGUMPSA-N,258.229,0.6684000000000001,1,5,0,80.67,1,19
CS(=O)(=O)Nc1ccc2nc(-c3ccc(C4(N)CCC4)cc3)c(-c3ccccc3)n2c1,CHEMBL3703150,5.53,nM,2988.0,nM,2988.0,AKT1,2988.0,5.5246194068566385,NBYASNLRMKAGQF-UHFFFAOYSA-N,432.5490000000002,4.377700000000003,2,4,0,89.49,5,31
COc1ccc(O)c(C(=O)c2ccc(CN[C@@H]3CCCNC[C@H]3NC(=O)c3ccncc3)cc2)c1F.Cl,CHEMBL1202519,5.52,nM,3000.0,uM,3.0,AKT1,3000.0,5.522878745280337,IJSCWNUPUAQTRD-NHCUHLMSSA-N,529.0120000000003,3.2279000000000013,4,7,1,112.58,8,37
COc1cc(-c2cc(=O)[nH]c(CC(=O)N3CCc4c(F)cccc43)n2)ccn1,CHEMBL3938410,5.52,nM,3000.0,nM,3000.0,AKT1,3000.0,5.522878745280337,DQBLIBNAIMHTJV-UHFFFAOYSA-N,380.379,2.1113999999999997,1,5,0,88.18,4,28
O=C(Cc1nc(N2CCOCC2)cc(=O)[nH]1)Nc1cccc2[nH]cnc12,CHEMBL3699798,5.52,nM,3000.0,nM,3000.0,AKT1,3000.0,5.522878745280337,XRRBFYWXHQSCON-UHFFFAOYSA-N,354.37000000000006,0.6639999999999997,3,6,0,116.00000000000001,4,26
O=c1cnc(-c2ccc(CN3CCC(n4c(=O)[nH]c5ccccc54)CC3)cc2)c(-c2ccccc2)[nH]1,CHEMBL440560,5.52,nM,3029.0,nM,3029.0,AKT1,3029.0,5.518700726667144,KUIOUPFLVCDGMI-UHFFFAOYSA-N,477.56800000000015,4.584000000000003,2,4,0,86.78,5,36
NC(=O)c1ccc(N2CCC(CCc3ccccc3)C2)c2cncnc12,CHEMBL3930070,5.51,nM,3100.0,nM,3100.0,AKT1,3100.0,5.508638306165727,UMRPTDGLNAANGL-UHFFFAOYSA-N,346.4340000000001,3.187800000000002,1,4,0,72.11000000000001,5,26
Cc1cc(-c2cnc(Nc3cc(Cl)cc(Cl)c3)nc2NC2CCC(N(C)C)CC2)on1,CHEMBL2312654,5.51,nM,3100.0,uM,3.1,AKT1,3100.0,5.508638306165727,ZTSOUDMNSOYCTG-UHFFFAOYSA-N,461.3970000000003,5.775120000000004,2,7,1,79.11,6,31
N[C@H](COc1cncc(/C=C/c2ccnc(SCc3ccccc3)c2)c1)Cc1c[nH]c2ccccc12,CHEMBL381260,5.51,nM,3110.0,nM,3110.0,AKT1,3110.0,5.507239610973162,HHYCIRVOPHWGIH-BKRCECSGSA-N,492.64800000000025,6.369400000000005,2,5,1,76.82,10,36
CCn1c(-c2nonc2N)nc2c(-c3cn[nH]c3)ncc(OCCCN)c21,CHEMBL450487,5.5,nM,3160.0,uM,3.16,AKT1,3160.0,5.5003129173815966,SFFXQQVPUQMHAP-UHFFFAOYSA-N,369.38900000000024,1.2010999999999998,3,9,0,159.58,7,27
CS(=O)(=O)N1CCC2(CC1)CN(c1ncnc3[nH]ccc13)c1ccc(F)cc12,CHEMBL410235,5.5,nM,3190.0,nM,3190.0,AKT1,3190.0,5.496209316942819,QNIZDHODQALCHO-UHFFFAOYSA-N,401.4670000000001,2.541900000000001,1,5,0,82.19,2,28
Nc1ncc(-c2cc(N3CCOCC3)cc(S(=O)(=O)C3CN(C(=O)C4CC4)C3)c2)cn1,CHEMBL5863821,5.5,nM,3190.0,nM,3190.0,AKT1,3190.0,5.496209316942819,GQPLKKMMMCWSGR-UHFFFAOYSA-N,443.5290000000002,0.9568999999999999,1,8,0,118.71999999999998,5,31
N[C@@H](Cc1ccccc1)C(=O)Nc1cncc(/C=C/c2ccncc2)c1,CHEMBL205514,5.5,nM,3200.0,nM,3200.0,AKT1,3200.0,5.494850021680094,LCQILRAPFBHLAD-YJJPMGAVSA-N,344.418,3.1555000000000017,2,4,0,80.9,6,26
Cc1ccc2c(N3CCN(C(=O)[C@H](N)Cc4ccc(Cl)cc4)CC3)ncnc2c1,CHEMBL1255592,5.49,nM,3203.0,nM,3203.0,AKT1,3203.0,5.494443061336178,MMAZDTWBRWNILS-LJQANCHMSA-N,409.9210000000001,2.810220000000001,1,5,0,75.35,4,29
Cc1nc(-c2ccccc2)c(-c2ccc(CN3CCC(n4c(=O)[nH]c5ccc(N)cc54)CC3)cc2)[nH]c1=O,CHEMBL5649157,5.49,nM,3206.0,nM,3206.0,AKT1,3206.0,5.494036481981874,ZBQSGVUVJAZACV-UHFFFAOYSA-N,506.6100000000002,4.4746200000000025,3,5,1,112.79999999999998,5,38
N=C(N/C(=N/O)c1nonc1N)N1CCCN=C1N,CHEMBL3764684,5.49,nM,3230.0,uM,3.23,AKT1,3230.0,5.490797477668897,XZALCVQZUCMEJE-UHFFFAOYSA-N,267.253,-1.667629999999999,5,9,0,175.03,1,19
N[C@H](CNc1ncc(-c2ccc3c(c2)CCC(=O)N3)s1)Cc1ccc(C(F)(F)F)cc1,CHEMBL1082017,5.48,nM,3315.0,nM,3315.0,AKT1,3315.0,5.4795164672592085,JDMVDVWEHDEPEM-KRWDZBQOSA-N,446.4980000000001,4.695500000000003,3,5,0,80.03999999999999,6,31
N[C@H](Cc1ccc(Cl)cc1)C(=O)N1CCN(c2ccnc3ccnn23)CC1,CHEMBL1258215,5.48,nM,3321.0,nM,3321.0,AKT1,3321.0,5.478731124401615,UDQKETYUWNMMCQ-MRXNPFEDSA-N,384.8710000000001,1.6013,1,5,0,79.76,4,27
O=c1oc2c(O)c(O)cc3c(=O)oc4c(O)c(O)cc1c4c23,CHEMBL6246,5.48,nM,3340.0,uM,3.34,AKT1,3340.0,5.476253533188435,AFSDNFLWKVMVRB-UHFFFAOYSA-N,302.194,1.3127999999999997,4,8,0,141.34,0,22
N[C@H](COc1cncc(/C=C/c2ccnc(-n3ccc4ccccc43)c2)c1)Cc1c[nH]c2ccccc12,CHEMBL206708,5.48,nM,3340.0,nM,3340.0,AKT1,3340.0,5.476253533188435,HJGRQCRBHSDOIH-OGJPMFGRSA-N,485.59100000000024,6.021000000000004,2,4,1,81.75,8,37
N[C@H](CNC(=O)c1ccc2cnccc2c1)Cc1ccc(C(F)(F)F)cc1,CHEMBL1823631,5.47,nM,3380.0,uM,3.38,AKT1,3380.0,5.471083299722345,QNFUNZOWZYJKBX-SFHVURJKSA-N,373.378,3.5534000000000017,2,3,0,68.00999999999999,5,27
CC(=O)NC1CCN(Cc2ccc(-c3nnc4n3-c3cccnc3Nc3ccccc3-4)cc2)C1,CHEMBL3684396,5.47,nM,3400.0,nM,3400.0,AKT1,3400.0,5.468521082957745,XJNNGTAWJFWSGU-UHFFFAOYSA-N,451.53400000000016,3.763700000000002,2,6,0,87.97,4,34
CC(C)(N)c1ccc(-c2nc3ccccc3nc2-c2ccccc2)cc1,CHEMBL362455,5.47,nM,3400.0,nM,3400.0,AKT1,3400.0,5.468521082957745,CBJJSCYIXJYEAW-UHFFFAOYSA-N,339.442,5.157600000000004,1,3,1,51.8,3,26
O=C(C1CCCC1)N1CCN(Cc2ccc(-c3nnc4n3-c3cccnc3Nc3ccccc3-4)cc2)CC1,CHEMBL3684443,5.47,nM,3400.0,nM,3400.0,AKT1,3400.0,5.468521082957745,IZXUNKAVQFQTOV-UHFFFAOYSA-N,505.62600000000026,4.887700000000004,1,6,1,79.18,4,38
COCCN(CC(O)CN1CCCC2(CC(=O)c3cc(O)ccc3O2)C1)S(=O)(=O)c1c(C)noc1C,CHEMBL1761067,5.47,nM,3400.0,uM,3.4,AKT1,3400.0,5.468521082957745,PDAQYFOOWGQKFR-UHFFFAOYSA-N,523.6080000000002,1.4950400000000001,2,10,1,142.64,9,36
COC(=O)CCc1ccn2c(-c3ccccc3)c(-c3ccc(C4(N)CCC4)cc3)nc2c1,CHEMBL3703117,5.46,nM,3436.0,nM,3436.0,AKT1,3436.0,5.4639468448407955,LNHXAMFKIDOTFU-UHFFFAOYSA-N,425.53200000000027,5.111800000000004,1,4,1,69.62,6,32
Nc1ncc(-c2cc(OC3CN(C(=O)C4CC4)C3)cc(N3CCOCC3)n2)cn1,CHEMBL5892172,5.46,nM,3460.0,nM,3460.0,AKT1,3460.0,5.460923901207224,ZUOOZRKTIWVPFW-UHFFFAOYSA-N,396.4510000000002,0.9569999999999999,1,8,0,106.7,5,29
Nc1ncc(-c2cc(N3CCOCC3)cc(S(=O)(=O)[C@@H]3CCOC3)c2)cn1,CHEMBL5762998,5.46,nM,3460.0,nM,3460.0,AKT1,3460.0,5.460923901207224,JOSFJDYSRMQQQE-MRXNPFEDSA-N,390.46500000000015,1.1249999999999996,1,8,0,107.63999999999999,4,27
Cc1ccccc1NC(=O)Cc1nc(N2CCOCC2)cc(=O)[nH]1,CHEMBL2151822,5.46,nM,3498.0,nM,3498.0,AKT1,3498.0,5.4561801948573425,OKMBPDCVLICEHC-UHFFFAOYSA-N,328.37200000000007,1.09612,2,5,0,87.32,4,24
CN(C)c1ccc(-c2nnc3n2-c2ccccc2Nc2ccccc2-3)cc1,CHEMBL3679730,5.46,nM,3500.0,nM,3500.0,AKT1,3500.0,5.455931955649724,UWEGTRVBWDOQNR-UHFFFAOYSA-N,353.4290000000001,4.724300000000003,1,4,0,45.980000000000004,2,27
NC(=O)c1c(N)ncnc1N1CCC(c2nc(-c3ccoc3)cn2CCN2CCC2)CC1,CHEMBL3962137,5.44,nM,3600.0,nM,3600.0,AKT1,3600.0,5.443697499232712,AQWOGQIBQPRDAX-UHFFFAOYSA-N,436.5200000000003,1.703899999999999,2,8,0,132.33,7,32
O=C1/C(=C/c2ccccn2)CSC/C1=C\c1ccccn1,CHEMBL2036343,5.44,nM,3600.0,uM,3.6,AKT1,3600.0,5.443697499232712,SZUIRPWFHMMLIA-UTLPMFLDSA-N,294.37899999999996,3.259500000000002,0,4,0,42.85,2,21
CCc1c(N)ncnc1N1CCC(c2nc(-c3ccc(F)cc3)cn2CCN2CCC23COC3)CC1,CHEMBL3941846,5.44,nM,3600.0,nM,3600.0,AKT1,3600.0,5.443697499232712,JEGSHKAZFYNMBP-UHFFFAOYSA-N,491.6150000000004,3.4825000000000026,1,7,0,85.33000000000001,7,36
O=C(Cc1nc(N2CCOCC2)cc(=O)[nH]1)Nc1cccc(O)c1,CHEMBL3696250,5.44,nM,3635.0,nM,3635.0,AKT1,3635.0,5.439495584804943,UTKHNAVWNQFWSV-UHFFFAOYSA-N,330.34400000000005,0.4932999999999998,3,6,0,107.55000000000001,4,24
Cn1ncc(Br)c1-c1coc(C(=O)NC2CNCC2c2ccc(F)c(F)c2)c1,CHEMBL4449288,5.44,nM,3646.0,nM,3646.0,AKT1,3646.0,5.4381833356810425,UUSGUNAIYOBCNR-UHFFFAOYSA-N,451.27100000000013,3.2062000000000017,2,4,0,72.09,4,28
N[C@H](COc1cncc(-c2cccc(Nc3ncccn3)c2)c1)Cc1c[nH]c2ccccc12,CHEMBL202972,5.43,nM,3670.0,nM,3670.0,AKT1,3670.0,5.43533393574791,FVTWTVHLHUNJHF-NRFANRHFSA-N,436.5190000000002,4.7123000000000035,3,6,0,101.74000000000001,8,33
NC1(c2ccc(-c3nc4c(O)ccnn4c3-c3ccccc3)cc2)CCC1,CHEMBL5016886,5.43,nM,3700.0,nM,3700.0,AKT1,3700.0,5.431798275933005,DSWFCCRSSVVRIR-UHFFFAOYSA-N,356.42900000000014,4.1068000000000024,2,4,0,76.44,3,27
COc1cc2c(cc1OC)/C(=C/COCc1c(-c3ccc(F)cc3)nc(N(C)S(C)(=O)=O)nc1C(C)C)OC2=O,CHEMBL4756388,5.43,nM,3700.0,uM,3.7,AKT1,3700.0,5.431798275933005,QPDRWVMTBQDYLF-JJFYIABZSA-N,571.6270000000001,4.547200000000005,0,9,1,117.15,10,40
Nc1cc(Cl)c(-c2cc(N3CCOCC3)cc(S(=O)(=O)[C@@H]3CCOC3)c2)cn1,CHEMBL5987049,5.43,nM,3700.0,nM,3700.0,AKT1,3700.0,5.431798275933005,DREGPUYHKUGXIX-OAHLLOKOSA-N,423.92200000000014,2.383400000000001,1,7,0,94.75,4,28
Nc1ncc(-c2cc(N3CCOCC3)cc(S(=O)(=O)Cc3ccc4[nH]cnc4c3)c2)cn1,CHEMBL5804915,5.43,nM,3710.0,nM,3710.0,AKT1,3710.0,5.430626090384954,QSULAKNUOMLTTH-UHFFFAOYSA-N,450.5240000000001,2.4126000000000003,2,8,0,127.08999999999997,5,32
c1ccc(CCNC2(c3ccc(-c4nnc5n4-c4cccnc4Nc4ccccc4-5)cc3)CCC2)cc1,CHEMBL3684538,5.42,nM,3800.0,nM,3800.0,AKT1,3800.0,5.42021640338319,VUIUIXLSBSIFKY-UHFFFAOYSA-N,484.60700000000026,6.264800000000005,2,5,1,67.66,6,37
Cc1noc(C)c1S(=O)(=O)N(Cc1ccccc1)CC(O)CN1CCCC2(CC(=O)c3cc(O)ccc3O2)C1,CHEMBL1761068,5.41,nM,3900.0,uM,3.9,AKT1,3900.0,5.4089353929735005,CFRXEDVVVVCCFS-UHFFFAOYSA-N,555.6530000000004,3.048840000000001,2,9,1,133.41,8,39
CC(C)(C)c1ccc(-n2c(-c3cccnc3N)nc3cccnc32)cc1,CHEMBL2177840,5.41,nM,3900.0,uM,3.9,AKT1,3900.0,5.4089353929735005,ZRZWDPLGTAJRFF-UHFFFAOYSA-N,343.434,4.362200000000002,1,4,0,69.62,2,26
CC(C)=CCc1c(O)cc(O)c2c(=O)cc(-c3ccc(O)c(O)c3)oc12,CHEMBL1783943,5.41,nM,3900.0,uM,3.9,AKT1,3900.0,5.4089353929735005,WLZYCSNLBZYEHT-UHFFFAOYSA-N,354.35800000000006,3.791100000000002,4,6,0,111.13000000000001,3,26
Cc1c[nH]c2ncnc(N3CC[C@@H](NS(C)(=O)=O)C3)c12,CHEMBL1173696,5.4,nM,4000.0,uM,4.0,AKT1,4000.0,5.3979400086720375,QRJXWNZSGNXVJF-SECBINFHSA-N,295.36800000000005,0.39422000000000007,2,5,0,90.97999999999999,3,20
Nc1ncc(-c2cc(N3CCOCC3)cc(S(=O)(=O)C3COc4ccccc43)c2)cn1,CHEMBL5747565,5.4,nM,4000.0,nM,4000.0,AKT1,4000.0,5.3979400086720375,GOTAIGHGVOKIIG-UHFFFAOYSA-N,438.5090000000001,2.4698,1,8,0,107.63999999999999,4,31
Cc1noc(C)c1S(=O)(=O)N(C[C@@H](O)CN1CCCC2(CC(=O)c3cc(O)ccc3O2)C1)C1CCCCC1,CHEMBL1761074,5.4,nM,4000.0,uM,4.0,AKT1,4000.0,5.3979400086720375,XMCAETDASGAZSZ-YMQLSTQVSA-N,547.6740000000003,3.1813400000000014,2,9,1,133.41,7,38
CC(=O)Nc1nc2ccc(-c3ccnc(NS(=O)(=O)c4ccccc4F)n3)cc2s1,CHEMBL1773577,5.4,nM,4010.0,nM,4010.0,AKT1,4010.0,5.396855627379818,GAZUMBXPTNFZDE-UHFFFAOYSA-N,443.4850000000001,3.651600000000002,2,7,0,113.93999999999998,5,30
Nc1cc(C(F)(F)F)c(-c2cc(N3CCOCC3)cc(S(=O)(=O)C3CCOC3)c2)cn1,CHEMBL5766478,5.4,nM,4020.0,nM,4020.0,AKT1,4020.0,5.39577394691553,ABFSEKIPQPPYFD-UHFFFAOYSA-N,457.4740000000002,2.748800000000001,1,7,0,94.75,4,31
N[C@H](COc1cncc(-c2ccc(CO)cc2)c1)Cc1c[nH]c2ccccc12,CHEMBL576761,5.4,nM,4022.0,nM,4022.0,AKT1,4022.0,5.395557933739277,HGIMPTZRANHUPB-FQEVSTJZSA-N,373.4560000000001,3.671000000000002,3,4,0,84.16,7,28
N[C@@H](COCc1ccccc1)COc1cncc(/C=C/c2ccncc2)c1,CHEMBL206236,5.39,nM,4040.0,nM,4040.0,AKT1,4040.0,5.393618634889395,XFTPNRUQKBIHDT-BXKJMJEDSA-N,361.44500000000005,3.5699000000000023,1,5,0,70.26,9,27
Cc1c(O)c(O)c(O)c(C=O)c1-c1cc2c(C=O)c(C)c(O)c(O)c2o1,CHEMBL3104855,5.39,nM,4070.0,uM,4.07,AKT1,4070.0,5.39040559077478,HTCVSLIHSFBUEL-UHFFFAOYSA-N,358.30200000000013,2.8696400000000013,5,8,0,148.43,3,26
Nc1cc(F)c(-c2cc(N3CCOCC3)cc(S(=O)(=O)[C@@H]3CCOC3)c2)cn1,CHEMBL5887082,5.39,nM,4100.0,nM,4100.0,AKT1,4100.0,5.3872161432802645,WTSDUVPALLLEIC-OAHLLOKOSA-N,407.46700000000016,1.8691,1,7,0,94.75,4,28
O=C(c1ccccn1)N1CCN(Cc2ccc(-c3nnc4n3-c3cccnc3Nc3ccccc3-4)cc2)CC1,CHEMBL3684470,5.38,nM,4200.0,nM,4200.0,AKT1,4200.0,5.376750709602099,CEEKFVQFPNNUFM-UHFFFAOYSA-N,514.5930000000001,4.406300000000003,1,7,1,92.07000000000001,4,39
c1ccc2c(c1)Nc1ncccc1-n1c(-c3ccc(CN4CCCC4)cc3)nnc1-2,CHEMBL3684375,5.37,nM,4300.0,nM,4300.0,AKT1,4300.0,5.366531544420414,UXBTULHTQGYCAV-UHFFFAOYSA-N,394.48200000000026,4.649100000000003,1,5,0,58.870000000000005,3,30
COc1cc2cc(COCc3c(-c4ccc(F)cc4)nc(N(C)S(C)(=O)=O)nc3C(C)C)oc(=O)c2cc1OC,CHEMBL4759850,5.37,nM,4300.0,uM,4.3,AKT1,4300.0,5.366531544420414,PRZOWIBPQONFFA-UHFFFAOYSA-N,571.6270000000002,4.642300000000004,0,9,1,121.06000000000002,10,40
CC(C)(C)OC(=O)NCCc1ccc(-c2nnc3n2-c2cccnc2Nc2ccccc2-3)cc1,CHEMBL3684521,5.37,nM,4300.0,nM,4300.0,AKT1,4300.0,5.366531544420414,IRWGPPQCQDRPPY-UHFFFAOYSA-N,454.5340000000001,5.120500000000004,2,6,1,93.96,4,34
NCC1(c2ccc(Cl)c(Cl)c2)CCN(c2cc(N)ncn2)CC1,CHEMBL3127376,5.37,nM,4320.0,uM,4.32,AKT1,4320.0,5.364516253185088,COSCWMOBFOBSAO-UHFFFAOYSA-N,352.2690000000001,2.8625000000000007,2,5,0,81.06,3,23
N#Cc1cnc(-c2ccc(CN3CCC(n4cnc5ccccc54)CC3)cc2)c(-c2ccccc2)c1,CHEMBL361391,5.36,nM,4397.0,nM,4397.0,AKT1,4397.0,5.356843534380293,SAMGJCKBKBTGPW-UHFFFAOYSA-N,469.59200000000016,6.474080000000006,0,4,1,57.74,5,36
CCOCCN(C[C@@H](O)CN1CCCC2(CC(=O)c3cc(O)ccc3O2)C1)S(=O)(=O)c1ccccc1C#N,CHEMBL1761080,5.36,nM,4400.0,uM,4.4,AKT1,4400.0,5.356547323513812,ZPHJYLLAOXJARH-YMQLSTQVSA-N,543.642,2.15198,2,9,1,140.4,10,38
CC(C)CCNCc1ccc(-c2nnc3n2-c2cccnc2Nc2ccccc2-3)cc1,CHEMBL3684378,5.36,nM,4400.0,nM,4400.0,AKT1,4400.0,5.356547323513812,HZJOCUQIIWTKOE-UHFFFAOYSA-N,410.5250000000001,5.189000000000004,2,5,1,67.66,6,31
O=C1CCCN1CCCNCc1ccc(-c2nnc3n2-c2cccnc2Nc2ccccc2-3)cc1,CHEMBL3684388,5.36,nM,4400.0,nM,4400.0,AKT1,4400.0,5.356547323513812,MQNGKRGGVJCQSI-UHFFFAOYSA-N,465.56100000000015,4.155400000000003,2,6,0,87.97,7,35
Cc1nc2cc(-c3ccccc3)c(-c3ccc(C4(N)CCC4)cc3)nn2c1-c1ccc(F)cc1,CHEMBL3672503,5.35,nM,4428.0,nM,4428.0,AKT1,4428.0,5.353792387793315,NHQAWYRCHZCPFB-UHFFFAOYSA-N,448.5450000000002,6.515720000000005,1,3,1,56.209999999999994,4,34
O=C(N[C@H]1CC[C@H](O)CC1)c1ccc2c(c1)Cc1c(-c3ccc(-c4ccc(O)cc4)cc3)n[nH]c1-2,CHEMBL438485,5.35,nM,4430.0,uM,4.43,AKT1,4430.0,5.3535962737769305,VKPCXCHYSBVEMW-HCGLCNNCSA-N,465.5530000000001,5.053800000000004,4,4,1,98.24000000000001,4,35
CC(C)(C)OC(=O)N[C@@H](Cc1ccccc1)C(=O)NCCN1C(=O)C=CC1=O,CHEMBL3298516,5.35,nM,4480.0,uM,4.48,AKT1,4480.0,5.3487219860018556,VXZPBKXXNDNKAR-HNNXBMFYSA-N,387.43600000000015,1.1636,2,5,0,104.80999999999997,7,28
NC(=O)c1ccc(NC2CNCC2c2cccc(C(F)(F)F)c2)c2cncnc12,CHEMBL3921054,5.35,nM,4500.0,nM,4500.0,AKT1,4500.0,5.346787486224656,SFFJZCPGYSFVNX-UHFFFAOYSA-N,401.39200000000005,2.915000000000001,3,5,0,92.93,4,29
c1ccc2c(c1)Nc1ncccc1-n1c(-c3ccc(CNC4CCC4)cc3)nnc1-2,CHEMBL3684379,5.35,nM,4500.0,nM,4500.0,AKT1,4500.0,5.346787486224656,LQYMXYDCHDBLCD-UHFFFAOYSA-N,394.4820000000002,4.695400000000004,2,5,0,67.66,4,30
Nc1ncc(-c2cc(N3CCOCC3)cc(S(=O)(=O)C3CN(C(=O)Cc4ccc(F)cc4)C3)c2)cn1,CHEMBL5936801,5.34,nM,4520.0,nM,4520.0,AKT1,4520.0,5.3448615651886175,BKEZTGYVYYPAKU-UHFFFAOYSA-N,511.57900000000024,1.9286999999999996,1,8,1,118.71999999999998,6,36
COCCNCc1ccc(-c2nnc3n2-c2cccnc2Nc2ccccc2-3)cc1,CHEMBL3684383,5.34,nM,4600.0,nM,4600.0,AKT1,4600.0,5.337242168318426,JCFDITCFRODRAK-UHFFFAOYSA-N,398.4700000000001,3.7893000000000026,2,6,0,76.89,6,30
CCOC(=O)c1c(NC(=S)Nc2cc(C)ccc2Cl)sc2c1N(C)CC2,CHEMBL5559432,5.34,nM,4600.0,uM,4.6,AKT1,4600.0,5.337242168318426,KMLYMHIAESKQED-UHFFFAOYSA-N,409.96400000000017,4.687820000000003,2,5,0,53.6,4,26
CC(=O)N1CC(S(=O)(=O)c2cc(-c3cnc(N)nc3)cc(N3CCOCC3)c2)C1,CHEMBL5964644,5.33,nM,4660.0,nM,4660.0,AKT1,4660.0,5.33161408331,REVVXZMXEHLSOS-UHFFFAOYSA-N,417.49100000000027,0.5668000000000002,1,8,0,118.72,4,29
CC(C)(C)OC(=O)NN(Cc1ccccc1)C(=O)CN1C(=O)C=CC1=O,CHEMBL3298929,5.33,nM,4680.0,uM,4.68,AKT1,4680.0,5.329754146925876,ZHKBXYYPMBVKBW-UHFFFAOYSA-N,359.3820000000001,1.3799,1,5,0,96.02000000000001,4,26
Cc1ccccc1-c1ccn2c(-c3ccccc3)c(-c3ccc(C4(N)CCC4)cc3)nc2n1,CHEMBL3699668,5.33,nM,4695.0,nM,4695.0,AKT1,4695.0,5.32836440339787,RQDFSQMPAJYSAC-UHFFFAOYSA-N,430.5550000000003,6.376620000000006,1,3,1,56.21,4,33
COCCN(C)Cc1ccc(-c2nnc3n2-c2cccnc2Nc2ccccc2-3)cc1,CHEMBL3684387,5.33,nM,4700.0,nM,4700.0,AKT1,4700.0,5.327902142064283,JXWPTUDLGMTVMN-UHFFFAOYSA-N,412.49700000000007,4.131500000000003,1,6,0,68.1,6,31
CC(C)(C)c1ccc(-c2nnc3n2-c2cccnc2Nc2ccccc2-3)cc1,CHEMBL3679716,5.33,nM,4700.0,nM,4700.0,AKT1,4700.0,5.327902142064283,JZVZIBRKFRYPGG-UHFFFAOYSA-N,367.456,5.350800000000004,1,4,1,55.63,1,28
CNc1ccc(-c2cc(N3CCOCC3)cc(S(=O)(=O)[C@@H]3CCOC3)c2)cn1,CHEMBL5967665,5.33,nM,4720.0,nM,4720.0,AKT1,4720.0,5.3260580013659125,NEBGGJXVTCYVRW-GOSISDBHSA-N,403.50400000000013,2.1895,1,7,0,80.76,5,28
Cc1nc2cc(-c3ccccc3)c(-c3ccc(C4(N)CCC4)cc3)nn2c1-c1cn[nH]c1,CHEMBL3672502,5.32,nM,4780.0,nM,4780.0,AKT1,4780.0,5.320572103387881,RXMJZQCRGWWPLM-UHFFFAOYSA-N,420.52000000000015,5.099720000000004,2,4,1,84.88999999999999,4,32
NC(=O)c1ccc(NCCc2ccc(F)cc2)c2cncnc12,CHEMBL3949722,5.32,nM,4800.0,nM,4800.0,AKT1,4800.0,5.318758762624412,AGDNLBHROLOTDM-UHFFFAOYSA-N,310.332,2.5224,2,4,0,80.9,5,23
COc1ccc2c(c1)C(=O)N(c1nc(C(=O)Nc3cnccc3N3CCNCC3)cs1)C2,CHEMBL2381116,5.32,nM,4800.0,nM,4800.0,AKT1,4800.0,5.318758762624412,KLJVDMAOKMSBQX-UHFFFAOYSA-N,450.5240000000002,2.3689999999999998,2,8,0,99.69,5,32
CCOc1ccc(NC2=C(Cl)C(=O)c3[nH]ncc3C2=O)cc1,CHEMBL375985,5.31,nM,4900.0,nM,4900.0,AKT1,4900.0,5.309803919971486,OXWUJMVMAWSPIX-UHFFFAOYSA-N,317.7320000000001,2.7499000000000002,2,5,0,84.07999999999998,4,22
COc1ccc2c(c1)CC(c1nc3c(F)cc(-c4ccnc(N)n4)cc3[nH]1)CO2,CHEMBL452598,5.3,nM,5000.0,nM,5000.0,AKT1,5000.0,5.301029995663981,LGNRWEUQQPIDQM-UHFFFAOYSA-N,391.4060000000001,3.4685000000000006,2,6,0,98.94000000000001,3,29
NC1(c2ccc(-c3nnc4n3-c3cnccc3Nc3ccccc3-4)cc2)CCC1,CHEMBL3684529,5.3,nM,5000.0,nM,5000.0,AKT1,5000.0,5.301029995663981,DUIRMLZULOYAAI-UHFFFAOYSA-N,380.4550000000002,4.391200000000003,2,5,0,81.65,2,29
CC1=NN(C(=O)c2ccc(Cl)cc2)C(=O)C1/N=N/c1ccc(S(=O)(=O)Nc2nnc(C)s2)cc1,CHEMBL3931875,5.3,nM,5000.0,nM,5000.0,AKT1,5000.0,5.301029995663981,CLHYHMXPLMIMQW-WCWDXBQESA-N,517.9800000000002,3.8115200000000016,1,10,1,146.40999999999997,6,34
CC(=O)Nc1ccc(S(=O)(=O)NC2CCN(Cc3ccc(-c4nnc5n4-c4cccnc4Nc4ccccc4-5)cc3)CC2)cc1,CHEMBL3684460,5.3,nM,5000.0,nM,5000.0,AKT1,5000.0,5.301029995663981,UJYJYCOMACPPJS-UHFFFAOYSA-N,620.739,4.954600000000004,3,8,1,134.14,7,45
NS(=O)(=O)c1ccc(-c2cc3ccncc3cc2OC2CCNCC2)cc1,CHEMBL519693,5.3,nM,5011.87,,5.3,AKT1,5011.87,5.300000202445418,WSLJHPIECPXNSM-UHFFFAOYSA-N,383.4730000000002,2.6800000000000015,2,5,0,94.31000000000002,4,27
Nc1ncc(-c2cc(N3CCOCC3)cc(S(=O)(=O)C3CN(C(=O)c4ccc(F)cc4)C3)c2)cn1,CHEMBL5791061,5.3,nM,5020.0,nM,5020.0,AKT1,5020.0,5.29929628285498,FUMKWTBAGZSSPX-UHFFFAOYSA-N,497.5520000000002,1.9997999999999996,1,8,0,118.71999999999998,5,35
NCCOc1cncc(/C=C/c2ccncc2)c1,CHEMBL206382,5.29,nM,5080.0,nM,5080.0,AKT1,5080.0,5.294136287716081,ZMBDLCDLIZXFHY-OWOJBTEDSA-N,241.294,1.9844999999999997,1,4,0,61.03,5,18
Clc1ccc(-c2nnc3n2-c2cccnc2Nc2ccccc2-3)cc1,CHEMBL3679718,5.29,nM,5100.0,nM,5100.0,AKT1,5100.0,5.292429823902063,VNYLGAVTAVIYLC-UHFFFAOYSA-N,345.79300000000006,4.706700000000002,1,4,0,55.63,1,25
Clc1ccc(-c2nnc3n2-c2cccnc2Nc2ccccc2-3)cc1Cl,CHEMBL3679722,5.29,nM,5100.0,nM,5100.0,AKT1,5100.0,5.292429823902063,UCJGRBBTDIMPSL-UHFFFAOYSA-N,380.23800000000006,5.360100000000003,1,4,1,55.63,1,26
CN(C)C(=O)N1CC(S(=O)(=O)c2cc(-c3cnc(N)nc3)cc(N3CCOCC3)c2)C1,CHEMBL5997607,5.29,nM,5190.0,nM,5190.0,AKT1,5190.0,5.284832642151542,HHRCZUVDMACSEU-UHFFFAOYSA-N,446.5330000000003,0.7019000000000013,1,8,0,121.96000000000001,4,31
OCc1ccc(-c2nnc3n2-c2cccnc2Nc2ccc(Br)cc2-3)cc1,CHEMBL3684534,5.28,nM,5200.0,nM,5200.0,AKT1,5200.0,5.2839966563652006,MQURKQFMQHPPER-UHFFFAOYSA-N,420.2700000000001,4.308100000000002,2,5,0,75.86,2,27
c1ccc2c(c1)Nc1ncccc1-n1c(-c3ccc(CN4CCN(Cc5ccncc5)CC4)cc3)nnc1-2,CHEMBL3684384,5.28,nM,5200.0,nM,5200.0,AKT1,5200.0,5.2839966563652006,GSHGZXZQZKSFGB-UHFFFAOYSA-N,500.61000000000035,4.766100000000003,1,7,1,75.0,5,38
C[C@H](N)COc1cnc(Cl)c(/C=C/c2ccncc2)c1,CHEMBL419932,5.28,nM,5290.0,nM,5290.0,AKT1,5290.0,5.276544327964814,OHPRWVPOPFGLJG-VUDBWIFFSA-N,289.766,3.0264000000000015,1,4,0,61.03,5,20
O=S(=O)(NC1CCN(Cc2ccc(-c3nnc4n3-c3cccnc3Nc3ccccc3-4)cc2)CC1)C1CC1,CHEMBL3684458,5.28,nM,5300.0,nM,5300.0,AKT1,5300.0,5.275724130399211,GBXFQCYPAMPFHO-UHFFFAOYSA-N,527.6540000000001,4.0995000000000035,2,7,1,105.04,6,38
c1ccc(CN2CCN(Cc3ccc(-c4nnc5n4-c4cccnc4Nc4ccccc4-5)cc3)CC2)cc1,CHEMBL3684392,5.28,nM,5300.0,nM,5300.0,AKT1,5300.0,5.275724130399211,BKSSHLATHWMMOK-UHFFFAOYSA-N,499.62200000000024,5.371100000000005,1,6,1,62.11000000000001,5,38
CCCCCCCCCCCCCCCCCCOP(=O)([O-])OC1CC[N+](C)(C)CC1,CHEMBL372764,5.28,nM,5300.0,uM,5.3,AKT1,5300.0,5.275724130399211,SZFPYBIJACMNJV-UHFFFAOYSA-N,461.6680000000002,6.988300000000008,0,4,1,58.59,20,31
O=c1c(O)c(-c2ccc(O)c(O)c2)oc2cc(O)cc(O)c12,CHEMBL50,5.27,nM,5390.0,uM,5.39,AKT1,5390.0,5.268411234813262,REFJWTPEDVJJIY-UHFFFAOYSA-N,302.23800000000006,1.988,5,7,0,131.36,1,22
CC(C)=CCc1c(O)cc2oc(-c3ccc(O)c(O)c3)cc(=O)c2c1O,CHEMBL1915459,5.27,nM,5400.0,uM,5.4,AKT1,5400.0,5.267606240177032,AFJYQKPCJLMHCC-UHFFFAOYSA-N,354.35800000000006,3.7911000000000024,4,6,0,111.13000000000001,3,26
NC1(c2ccc(-c3c(-c4ccccc4)ncc4nccn34)cc2)CCC1,CHEMBL2035034,5.27,nM,5404.0,uM,5.404,AKT1,5404.0,5.267284659650007,CPPCFBQZCSSDSL-UHFFFAOYSA-N,340.4300000000002,4.401200000000003,1,3,0,56.209999999999994,3,26
CCNC(=O)N1CC(S(=O)(=O)c2cc(-c3cnc(N)nc3)cc(N3CCOCC3)c2)C1,CHEMBL5912232,5.26,nM,5440.0,nM,5440.0,AKT1,5440.0,5.26440110030182,RBTWNXQTOCPFLO-UHFFFAOYSA-N,446.5330000000003,0.7498000000000018,2,8,0,130.75,5,31
Cn1ccc2ccc3c4[nH]c5c(CCCN[C@H]6CC[C@H](O)CC6)cccc5c4c4c(c3c21)C(=O)NC4=O,CHEMBL307152,5.26,nM,5480.0,uM,5.48,AKT1,5480.0,5.261219441515631,SDUWPCYMTHMQAZ-WGSAOQKQSA-N,494.59500000000025,4.675300000000004,4,4,0,99.15,5,37
CN1CCC(N(C)Cc2ccc(-c3nnc4n3-c3cccnc3Nc3ccccc3-4)cc2)CC1,CHEMBL3684398,5.26,nM,5500.0,nM,5500.0,AKT1,5500.0,5.259637310505756,ILZASUNKPVKMAK-UHFFFAOYSA-N,451.5780000000002,4.5793000000000035,1,6,0,62.11000000000001,4,34
NC1(c2ccc(-c3nc4c5cccc(-c6ccc(F)cc6)c5nn4cc3-c3ccccc3)cc2)CCC1,CHEMBL3672546,5.25,nM,5600.0,nM,5600.0,AKT1,5600.0,5.251811972993799,ZCPZAYQMFZTOEC-UHFFFAOYSA-N,484.57800000000026,7.360500000000006,1,3,1,56.209999999999994,4,37
NC(=O)c1ccc(NCCc2ccccc2)c2cncnc12,CHEMBL3891824,5.25,nM,5600.0,nM,5600.0,AKT1,5600.0,5.251811972993799,CTUYBVHSQPUJPV-UHFFFAOYSA-N,292.34200000000004,2.3833,2,4,0,80.9,5,22
CC(C)C(=O)N1CC(S(=O)(=O)c2cc(-c3cnc(N)nc3)cc(N3CCOCC3)c2)C1,CHEMBL5961297,5.25,nM,5640.0,nM,5640.0,AKT1,5640.0,5.248720896016658,SMNRAFUKBPHRSF-UHFFFAOYSA-N,445.5450000000003,1.2029000000000007,1,8,0,118.72,5,31
COCCNCc1ccc2nc(-c3ccc(C4(N)CCC4)cc3)c(-c3ccccc3)n2c1,CHEMBL3699702,5.25,nM,5643.0,nM,5643.0,AKT1,5643.0,5.248489949729959,VQSMZVPKNHDAHT-UHFFFAOYSA-N,426.56400000000014,4.742200000000004,2,4,0,64.58,8,32
CNc1ncnc(N2CCC(c3nc(-c4ccc(F)c(C)c4)cn3CC3CNC3)CC2)c1Cl,CHEMBL3923651,5.24,nM,5700.0,nM,5700.0,AKT1,5700.0,5.2441251443275085,TUUBMWQPSMPPKG-UHFFFAOYSA-N,469.9960000000003,4.086120000000003,2,6,0,70.9,6,33
NC(=O)c1ccc(N[C@@H]2CNCC[C@H]2c2ccc(F)c(Cl)c2)c2cncnc12,CHEMBL3919102,5.24,nM,5700.0,nM,5700.0,AKT1,5700.0,5.2441251443275085,DMKGGPGYGHAZLX-KPZWWZAWSA-N,399.8570000000001,3.078800000000001,3,5,0,92.93,4,28
OC1CCCN(Cc2ccc(-c3nnc4n3-c3cccnc3Nc3ccccc3-4)cc2)C1,CHEMBL3684393,5.24,nM,5700.0,nM,5700.0,AKT1,5700.0,5.2441251443275085,YGTPYDLLWKYNHH-UHFFFAOYSA-N,424.50800000000015,4.0100000000000025,2,6,0,79.1,3,32
CCc1c(N)ncnc1N1CCC(c2nc(-c3cnc(N(C)C)nc3)cn2CCN2CCC2)CC1,CHEMBL3982217,5.24,nM,5700.0,nM,5700.0,AKT1,5700.0,5.2441251443275085,FNYHDTWVIPVWQT-UHFFFAOYSA-N,476.6330000000004,2.4303999999999997,1,9,0,105.11999999999999,8,35
CCCNCc1ccc(-c2nnc3n2-c2cccnc2Nc2ccccc2-3)cc1,CHEMBL3684397,5.24,nM,5800.0,nM,5800.0,AKT1,5800.0,5.236572006437063,ROWACJPABVKXQN-UHFFFAOYSA-N,382.47100000000006,4.552900000000003,2,5,0,67.66,5,29
O=C(NC(c1ccc(Cl)c(Cl)c1)C1CCCCC1)c1ccc2cnccc2c1,CHEMBL1823657,5.24,nM,5800.0,uM,5.8,AKT1,5800.0,5.236572006437063,ICGQHMCGZOGFPK-UHFFFAOYSA-N,413.3480000000002,6.593000000000005,1,2,1,41.99,4,28
NC(=O)c1c(N)ncnc1N1CCC(c2nc(-c3cc[nH]c(=O)c3)cn2CCN2CCC2)CC1,CHEMBL3948232,5.24,nM,5800.0,nM,5800.0,AKT1,5800.0,5.236572006437063,YMAXDASFQVYAFA-UHFFFAOYSA-N,463.54600000000033,0.7991999999999995,3,8,0,152.05,7,34
O=S(=O)(NCCc1ccc(-c2nnc3n2-c2cccnc2Nc2ccccc2-3)cc1)c1ccccc1,CHEMBL3684418,5.24,nM,5800.0,nM,5800.0,AKT1,5800.0,5.236572006437063,BJAVRQSZSVNVKI-UHFFFAOYSA-N,494.58000000000015,4.574300000000004,2,6,0,101.8,6,36
O=S(=O)(c1cc(-c2cnc(NC3CC3)nc2)cc(N2CCOCC2)c1)C1CCOC1,CHEMBL5966042,5.24,nM,5810.0,nM,5810.0,AKT1,5810.0,5.235823867609669,RUNUGPBGQHZGLN-UHFFFAOYSA-N,430.53000000000037,2.1170999999999998,1,8,0,93.65,6,30
COC(=O)c1cc(NC(=O)Cc2nc(N3CCOCC3)cc(=O)[nH]2)ccc1F,CHEMBL2151928,5.23,nM,5865.0,nM,5865.0,AKT1,5865.0,5.2317319835484515,FQCKWXYGQSRKDC-UHFFFAOYSA-N,390.3710000000001,0.7133999999999994,2,7,0,113.61999999999998,5,28
COc1ccccc1Cn1c(-c2ccncc2)nc2cc(Br)cnc21,CHEMBL2177843,5.23,nM,5900.0,uM,5.9,AKT1,5900.0,5.229147988357856,KSYYTQGMYRNMIK-UHFFFAOYSA-N,395.26000000000005,4.312700000000002,0,4,0,52.83,4,25
COC(=O)/C=C/c1c(C)nc2cc(-c3ccccc3)c(-c3ccc(C4(N)CCC4)cc3)nn12,CHEMBL3672512,5.22,nM,5966.0,nM,5966.0,AKT1,5966.0,5.224316750973956,CMYKGSULRKNWKN-BUHFOSPRSA-N,438.5310000000003,4.895820000000004,1,5,0,82.50999999999999,5,33
O=C(Cc1ccccc1)N1CCN(Cc2ccc(-c3nnc4n3-c3cccnc3Nc3ccccc3-4)cc2)CC1,CHEMBL3684450,5.22,nM,6000.0,nM,6000.0,AKT1,6000.0,5.221848749616356,XTQWBTSQFAQQQQ-UHFFFAOYSA-N,527.6320000000001,4.940200000000004,1,6,1,79.18,5,40
NCc1ccc(-c2nnc3n2-c2cccnc2Nc2ccc(Br)cc2-3)cc1,CHEMBL3684536,5.21,nM,6100.0,nM,6100.0,AKT1,6100.0,5.214670164989233,PBLWURBUULSHAI-UHFFFAOYSA-N,419.28600000000006,4.2745000000000015,2,5,0,81.65,2,27
FC(F)(F)c1cccc(-c2c[nH]c(C3CCN(c4ncncc4Br)CC3)n2)c1,CHEMBL3895400,5.21,nM,6100.0,nM,6100.0,AKT1,6100.0,5.214670164989233,XLXPHWRYHJZABM-UHFFFAOYSA-N,452.2780000000001,5.032000000000003,1,4,1,57.7,3,28
O=C(Cc1nc(N2CCOCC2)cc(=O)[nH]1)Nc1ccc(F)c([N+](=O)[O-])c1,CHEMBL2151929,5.21,nM,6155.0,nM,6155.0,AKT1,6155.0,5.210771942732665,ZHUGIRWYGVFSFO-UHFFFAOYSA-N,377.3320000000001,0.8349999999999999,2,7,0,130.46,5,27
CCOCCN(C[C@@H](O)CN1CCCC2(CC(=O)c3cc(O)ccc3O2)C1)S(=O)(=O)c1ccccc1F,CHEMBL1761079,5.21,nM,6200.0,uM,6.2,AKT1,6200.0,5.207608310501746,JHEJAPHOSMBKJY-DQUNLGLBSA-N,536.6220000000002,2.4194000000000004,2,8,1,116.61000000000001,10,37
Nc1ncc(-c2cc(N3CCOCC3)cc(S(=O)(=O)Cc3ccc(F)cc3F)c2)cn1,CHEMBL5750327,5.21,nM,6200.0,nM,6200.0,AKT1,6200.0,5.207608310501746,BSWWWMIFNUFSMO-UHFFFAOYSA-N,446.4790000000001,2.8145000000000016,1,7,0,98.40999999999998,5,31
N[C@H](COc1cncc(-c2cccc(Nc3nccs3)c2)c1)Cc1c[nH]c2ccccc12,CHEMBL380542,5.21,nM,6230.0,nM,6230.0,AKT1,6230.0,5.205511953340831,COKYCKQSSRUIDM-FQEVSTJZSA-N,441.5600000000002,5.378800000000004,3,6,1,88.85,8,32
CCCCCCCCCCCCc1ccc(S(=O)(=O)Nc2nncs2)cc1,CHEMBL595583,5.2,nM,6300.0,nM,6300.0,AKT1,6300.0,5.200659450546418,BYWWNRBKPCPJMG-UHFFFAOYSA-N,409.62100000000004,5.802300000000005,1,5,1,71.95,14,27
c1coc(-c2nnc3n2-c2cccnc2Nc2ccccc2-3)c1,CHEMBL3679711,5.2,nM,6300.0,nM,6300.0,AKT1,6300.0,5.200659450546418,NRANZWYAERTHAI-UHFFFAOYSA-N,301.3090000000001,3.646300000000001,1,5,0,68.77,1,23
Nc1cc(C(F)(F)F)c(-c2cc(N3CCOCC3)cc(S(=O)(=O)Cc3ccccc3)c2)cn1,CHEMBL5860114,5.2,nM,6300.0,nM,6300.0,AKT1,6300.0,5.200659450546418,LVHZEQFUPUPOLU-UHFFFAOYSA-N,477.50800000000015,4.1601000000000035,1,6,0,85.52,5,33
N[C@H](COc1cncc(/C=C/c2ccnc(Sc3ccccc3)c2)c1)Cc1c[nH]c2ccccc12,CHEMBL203483,5.2,nM,6350.0,nM,6350.0,AKT1,6350.0,5.197226274708024,SNPAXCDTDTYIEG-LTDXDOBXSA-N,478.6210000000002,6.228300000000004,2,5,1,76.82,9,35
CC(C)CS(=O)(=O)NC1CCN(Cc2ccc(-c3nnc4n3-c3cccnc3Nc3ccccc3-4)cc2)CC1,CHEMBL3684463,5.19,nM,6400.0,nM,6400.0,AKT1,6400.0,5.1938200260161125,FUMKLKRMWDGWEZ-UHFFFAOYSA-N,543.697,4.593100000000003,2,7,1,105.04,7,39
NC(=O)c1ccc(N2CCN(c3cccc(F)c3)CC2)c2cncnc12,CHEMBL3918934,5.19,nM,6400.0,nM,6400.0,AKT1,6400.0,5.1938200260161125,YJPWBCHXZLGWCL-UHFFFAOYSA-N,351.3850000000001,2.1944,1,5,0,75.35000000000001,3,26
CC(C)CNCc1ccc(-c2nnc3n2-c2cccnc2Nc2ccccc2-3)cc1,CHEMBL3684381,5.19,nM,6400.0,nM,6400.0,AKT1,6400.0,5.1938200260161125,JFMFLGHKPXKDQT-UHFFFAOYSA-N,396.49800000000005,4.798900000000003,2,5,0,67.66,5,30
CCC(=O)N1CC(S(=O)(=O)c2cc(-c3cnc(N)nc3)cc(N3CCOCC3)c2)C1,CHEMBL5786685,5.19,nM,6400.0,nM,6400.0,AKT1,6400.0,5.1938200260161125,MYSAQBRFMVZHGR-UHFFFAOYSA-N,431.51800000000026,0.9569000000000007,1,8,0,118.72,5,30
O=C(Nc1ccc(-c2ccncc2)cc1)C1COc2ccccc2O1,CHEMBL485213,5.19,nM,6436.0,uM,6.436,AKT1,6436.0,5.191383964573008,WFRVZENQQASYRN-UHFFFAOYSA-N,332.35900000000004,3.5271000000000017,1,4,0,60.45,3,25
N[C@H](COc1cncc(/C=C/c2ccnc(Oc3ccccc3)c2)c1)Cc1c[nH]c2ccccc12,CHEMBL378823,5.19,nM,6450.0,nM,6450.0,AKT1,6450.0,5.1904402853647325,MSGFDGARFSWAMJ-LTDXDOBXSA-N,462.55300000000017,5.869400000000004,2,5,1,86.05000000000001,9,35
O=C(Cc1nc(N2CCOCC2)cc(=O)[nH]1)Nc1cc(F)ccc1O,CHEMBL3696279,5.19,nM,6460.0,nM,6460.0,AKT1,6460.0,5.189767482004916,WSLWZJKHHSBBIB-UHFFFAOYSA-N,348.33400000000006,0.6323999999999994,3,6,0,107.55000000000001,4,25
Nc1ncc(-c2cc(N3CCOCC3)cc(S(=O)(=O)C3CCOCC3)c2)cn1,CHEMBL6051203,5.19,nM,6470.0,nM,6470.0,AKT1,6470.0,5.189095719331299,MNXDJZUAFAEDPV-UHFFFAOYSA-N,404.4920000000002,1.5150999999999994,1,8,0,107.63999999999999,4,28
Nc1ncc(-c2cc(N3CCOCC3)cc(S(=O)(=O)C3CCC(F)(F)CC3)c2)cn1,CHEMBL5926108,5.18,nM,6540.0,nM,6540.0,AKT1,6540.0,5.184422251675732,JIVNHRQMFVKICN-UHFFFAOYSA-N,438.50000000000017,2.9140000000000015,1,7,0,98.40999999999998,4,30
O=S(=O)(Nc1ccc(-c2nnc3n2-c2cccnc2Nc2ccccc2-3)cc1)c1ccccc1,CHEMBL3684416,5.18,nM,6600.0,nM,6600.0,AKT1,6600.0,5.180456064458132,HLGMMJAGZSAIBQ-UHFFFAOYSA-N,466.5260000000001,4.8541000000000025,2,6,0,101.8,4,34
c1ccc2c(c1)Nc1ncccc1-n1c(-c3ccc(CNCC4CC4)cc3)nnc1-2,CHEMBL3684403,5.17,nM,6700.0,nM,6700.0,AKT1,6700.0,5.173925197299174,YNPMSPIVPFISFH-UHFFFAOYSA-N,394.4820000000002,4.552900000000003,2,5,0,67.66,5,30
O=C(Cc1nc(N2CCOCC2)cc(=O)[nH]1)Nc1ccc(F)cc1O,CHEMBL3696267,5.17,nM,6721.0,nM,6721.0,AKT1,6721.0,5.172566104599221,KTBVNKIGMNWKCN-UHFFFAOYSA-N,348.33400000000006,0.6323999999999996,3,6,0,107.55000000000001,4,25
O=C(C1CC1)N1CC(S(=O)(=O)c2cc(-c3cnc(NC4CC4)nc3)cc(N3CCOCC3)c2)C1,CHEMBL5950148,5.17,nM,6790.0,nM,6790.0,AKT1,6790.0,5.168130225719498,PVGCVDXYYMLKTI-UHFFFAOYSA-N,483.5940000000004,1.949,1,8,0,104.73,7,34
Cc1noc(C)c1S(=O)(=O)NC1CCN(Cc2ccc(-c3nnc4n3-c3cccnc3Nc3ccccc3-4)cc2)CC1,CHEMBL3684456,5.17,nM,6800.0,nM,6800.0,AKT1,6800.0,5.167491087293763,FNSLAJGDRDCPBK-UHFFFAOYSA-N,582.69,4.601040000000004,2,9,1,131.07,6,42
O=C(c1ccc2c(c1)OCO2)N1CCN(Cc2ccc(-c3nnc4n3-c3cccnc3Nc3ccccc3-4)cc2)CC1,CHEMBL3684467,5.16,nM,6900.0,nM,6900.0,AKT1,6900.0,5.161150909262744,SFMJHEPPWBWXSS-UHFFFAOYSA-N,557.614,4.740000000000004,1,8,1,97.64,4,42
Nc1ccc(-c2cncc(OC[C@@H](N)Cc3c[nH]c4ccccc34)c2)cc1,CHEMBL206179,5.16,nM,6940.0,nM,6940.0,AKT1,6940.0,5.158640529545145,OACNMGJHMSINIK-IBGZPJMESA-N,358.44500000000005,3.760900000000002,3,4,0,89.94999999999999,6,27
CN1CCC2=C1C1C(=O)NC(c3ccccc3)=NC1S2,CHEMBL5558384,5.16,nM,6960.0,uM,6.96,AKT1,6960.0,5.157390760389438,HLMCOCZPXZNLHD-UHFFFAOYSA-N,285.372,1.7992,1,4,0,44.7,1,20
N[C@H](COc1cncc(Nc2cccnc2)c1)Cc1ccccc1,CHEMBL382379,5.16,nM,6970.0,nM,6970.0,AKT1,6970.0,5.15676722190199,VHIJSEUJLNFOIL-INIZCTEOSA-N,320.396,3.1690000000000014,2,5,0,73.06,7,24
Nc1ncnc2c1c(-c1cccc(O)c1)cn2[C@H]1C[C@@H](CN2CCC2)C1,CHEMBL3787112,5.16,nM,7000.0,uM,7.0,AKT1,7000.0,5.154901959985743,BETBNWGUKZUUAX-OTVXOJSOSA-N,349.4380000000002,3.0429000000000013,2,5,0,80.2,4,26
NC1(c2ccc(-c3nc4ccccc4c(=O)n3-c3ccccc3)cc2)CCC1,CHEMBL2035038,5.15,nM,7024.0,uM,7.024,AKT1,7024.0,5.153415497101954,RZIKDNGIUPBPPO-UHFFFAOYSA-N,367.45200000000017,4.390600000000004,1,3,0,60.91,3,28
N[C@H](COc1cnc2ccc(-c3cccnc3)cc2c1)Cc1c[nH]c2ccccc12,CHEMBL205324,5.15,nM,7090.0,nM,7090.0,AKT1,7090.0,5.149353764816934,QNDBBJQBTYMVSL-NRFANRHFSA-N,394.4780000000001,4.726900000000003,2,4,0,76.82,6,30
CC(C)CN(C)Cc1ccc(-c2nnc3n2-c2cccnc2Nc2ccccc2-3)cc1,CHEMBL3684395,5.15,nM,7100.0,nM,7100.0,AKT1,7100.0,5.1487416512809245,UBAAYDYRHVFAOA-UHFFFAOYSA-N,410.5250000000001,5.141100000000004,1,5,1,58.870000000000005,5,31
N=C(N/C(=N/O)c1nonc1N)c1ccccc1,CHEMBL3764457,5.14,nM,7190.0,uM,7.19,AKT1,7190.0,5.1432711096171175,HJSCTTBVVQYFAJ-UHFFFAOYSA-N,246.23000000000002,0.4027699999999995,4,7,0,133.41,2,18
CNc1ncnc(N2CCC(c3nc(-c4ccnc(C(F)(F)F)c4)cn3CCN3CCC3)CC2)c1Cl,CHEMBL3984446,5.14,nM,7200.0,nM,7200.0,AKT1,7200.0,5.142667503568732,QGJNKRHJMHAHAR-UHFFFAOYSA-N,520.9910000000003,4.538700000000004,1,7,1,75.00000000000001,7,36
Fc1ccc(-c2nnc3n2-c2cccnc2Nc2ccccc2-3)c(F)c1,CHEMBL3679726,5.14,nM,7200.0,nM,7200.0,AKT1,7200.0,5.142667503568732,GJKHIRMOZAIENN-UHFFFAOYSA-N,347.3280000000001,4.331500000000001,1,4,0,55.63,1,26
CC(=O)N1CCC(S(=O)(=O)c2cc(-c3cnc(N)nc3)cc(N3CCOCC3)c2)C1,CHEMBL6029625,5.13,nM,7330.0,nM,7330.0,AKT1,7330.0,5.134896025358872,YMNYQOBKIRPWSR-UHFFFAOYSA-N,431.5180000000003,0.9569000000000007,1,8,0,118.72,4,30
Cc1nc2ccccc2n1C1CCN(Cc2ccc(-c3ncc(C#N)cc3-c3ccccc3)cc2)CC1,CHEMBL425338,5.13,nM,7407.0,nM,7407.0,AKT1,7407.0,5.130357655348405,BGGPIZRMKSCDID-UHFFFAOYSA-N,483.6190000000002,6.782500000000007,0,4,1,57.74,5,37
CN(C)CCOc1cc(-c2cn[nH]c2)ccc1NC(=O)C1COc2ccccc2O1,CHEMBL521179,5.12,nM,7491.0,uM,7.491,AKT1,7491.0,5.1254602029289895,OQWZIAVXCYIZNN-UHFFFAOYSA-N,408.45800000000025,2.7956000000000003,2,6,0,88.71000000000001,7,30
Nc1ncc(-c2cc(N3CCOCC3)cc(S(=O)(=O)c3ccccc3)c2)cn1,CHEMBL5869507,5.12,nM,7520.0,nM,7520.0,AKT1,7520.0,5.123782159408358,CQHLTHQSLFOTEX-UHFFFAOYSA-N,396.47200000000004,2.395200000000001,1,7,0,98.40999999999998,4,28
Nc1ncc(-c2cc(N3CCOCC3)cc(S(=O)(=O)c3ccc(F)cc3)c2)cn1,CHEMBL5961664,5.12,nM,7620.0,nM,7620.0,AKT1,7620.0,5.1180450286604,LISIKGZNDKCXNH-UHFFFAOYSA-N,414.46200000000005,2.534300000000001,1,7,0,98.40999999999998,4,29
c1c[nH]c(-c2nnc3n2-c2cccnc2Nc2ccccc2-3)c1,CHEMBL3679713,5.1,nM,7900.0,nM,7900.0,AKT1,7900.0,5.102372908709558,QBJOSHQRPDSXHM-UHFFFAOYSA-N,300.32500000000005,3.381400000000001,2,4,0,71.42,1,23
CN(C)C(=O)CN1CCN(Cc2ccc(-c3nnc4n3-c3cccnc3Nc3ccccc3-4)cc2)CC1,CHEMBL3684382,5.1,nM,8000.0,nM,8000.0,AKT1,8000.0,5.096910013008056,IPGDPDMJXQNRPL-UHFFFAOYSA-N,494.60300000000024,3.259100000000002,1,7,0,82.42000000000002,5,37
N[C@@H](CCc1ccccc1)COc1cncc(/C=C/c2ccncc2)c1,CHEMBL381829,5.1,nM,8020.0,nM,8020.0,AKT1,8020.0,5.095825631715837,UHEKFNIUGJXZOP-BXKJMJEDSA-N,345.446,3.9859000000000036,1,4,0,61.03,8,26
Nc1cccc(-c2nnc3n2-c2cccnc2Nc2ccccc2-3)c1,CHEMBL3679727,5.09,nM,8100.0,nM,8100.0,AKT1,8100.0,5.0915149811213505,DKOWWLJOPQFBMG-UHFFFAOYSA-N,326.36300000000006,3.635500000000002,2,5,0,81.65,1,25
NC(=O)c1ccc(N2CCC(c3cccc(C(F)(F)F)c3)C(N)C2)c2cncnc12,CHEMBL3948252,5.09,nM,8100.0,nM,8100.0,AKT1,8100.0,5.0915149811213505,SXQNITDIMFZZKR-UHFFFAOYSA-N,415.4190000000001,3.0687000000000006,2,5,0,98.13000000000001,3,30
N[C@H](Cc1ccc(Cl)cc1)C(=O)N1CCN(c2cnc3ccccn23)CC1,CHEMBL1258332,5.09,nM,8122.0,nM,8122.0,AKT1,8122.0,5.090337014845982,JFSGJWXYSBMVEO-QGZVFWFLSA-N,383.8830000000001,2.2063000000000006,1,4,0,66.87,4,27
Cc1cccc([C@@H]2CN(c3ccc(C(N)=O)c4ncncc34)C[C@H]2CO)c1,CHEMBL3940185,5.09,nM,8200.0,nM,8200.0,AKT1,8200.0,5.086186147616283,ZSNAABDJHCULQJ-YJBOKZPZSA-N,362.4330000000001,2.2494199999999998,2,5,0,92.34,4,27
OCC1CCN(Cc2ccc(-c3nnc4n3-c3cccnc3Nc3ccccc3-4)cc2)CC1,CHEMBL3684386,5.08,nM,8300.0,nM,8300.0,AKT1,8300.0,5.080921907623926,BSENSVKSTZLQGD-UHFFFAOYSA-N,438.5350000000002,4.257600000000003,2,6,0,79.1,4,33
CC(=O)N1CCC(S(=O)(=O)c2cc(-c3cnc(N)nc3)cc(N3CCOCC3)c2)CC1,CHEMBL6021979,5.07,nM,8470.0,nM,8470.0,AKT1,8470.0,5.072116589669293,LAKDHMSJDPGPMD-UHFFFAOYSA-N,445.54500000000036,1.3470000000000004,1,8,0,118.72,4,31
Nc1ncc(-c2cc(N3CCOCC3)cc(S(=O)(=O)Cc3ccccc3)c2)cn1,CHEMBL5996470,5.07,nM,8500.0,nM,8500.0,AKT1,8500.0,5.070581074285707,AXSUJMFUIXJCLT-UHFFFAOYSA-N,410.4990000000001,2.5363000000000007,1,7,0,98.40999999999998,5,29
Nc1ccc(-c2cc(N3CCOCC3)cc(S(=O)(=O)[C@@H]3CCOC3)c2)cn1,CHEMBL6045644,5.07,nM,8530.0,nM,8530.0,AKT1,8530.0,5.069050968832477,HUTDGWMBXAJTFX-QGZVFWFLSA-N,389.47700000000015,1.73,1,7,0,94.75,4,27
N=C(N/C(=N/O)c1nonc1N)c1ccccc1N,CHEMBL3763907,5.07,nM,8610.0,uM,8.61,AKT1,8610.0,5.064996848546345,YTZSEUAWBCUYCT-UHFFFAOYSA-N,261.245,-0.01503000000000021,5,8,0,159.43,2,19
NC1(c2ccc(-c3nn4ccc(=O)nc4cc3-c3ccccc3)cc2)CCC1,CHEMBL2035023,5.06,nM,8665.0,uM,8.665,AKT1,8665.0,5.062231432950064,KTGRXAXPOKGURD-UHFFFAOYSA-N,368.44000000000017,3.7614000000000027,1,4,0,73.28,3,28
Nc1ncc(-c2cc(N3CCOCC3)cc(S(=O)(=O)c3cccc4ccoc34)c2)cn1,CHEMBL5741468,5.06,nM,8700.0,nM,8700.0,AKT1,8700.0,5.060480747381382,XHNOMXWHDQWEPR-UHFFFAOYSA-N,436.4930000000001,3.1414000000000017,1,8,0,111.54999999999998,4,31
NCc1ccc(-n2c(-c3cccnc3)nc3cccnc32)cc1,CHEMBL2177848,5.06,nM,8800.0,uM,8.8,AKT1,8800.0,5.055517327849832,YQSWBLHTTHVXDM-UHFFFAOYSA-N,301.35300000000007,2.941200000000001,1,4,0,69.62,3,23
COc1cc(-c2cn[nH]c2)ccc1NC(=O)C1COc2ccccc2O1,CHEMBL485215,5.05,nM,8819.0,uM,8.819,AKT1,8819.0,5.0545806573969365,VGRBFVDNFGSMNW-UHFFFAOYSA-N,351.36200000000014,2.8638000000000012,2,5,0,85.47,4,26
C=Cc1c(C)nc2cc(-c3ccccc3)c(-c3ccc(C4(N)CCC4)cc3)nn12,CHEMBL3672513,5.05,nM,8937.0,nM,8937.0,AKT1,8937.0,5.048808242065294,FQRWQABEDACKNJ-UHFFFAOYSA-N,380.49500000000023,5.352620000000005,1,3,1,56.209999999999994,4,29
CCn1cnc2cnc(-c3ccc(C4(N)CCC4)cc3)c(-c3ccccc3)c21,CHEMBL2035026,5.05,nM,8976.0,uM,8.976,AKT1,8976.0,5.046917156087914,ZLEDYSWFEJBEGL-UHFFFAOYSA-N,368.48400000000004,5.123100000000004,1,3,1,56.730000000000004,4,28
N=C(N)SCCCn1c(=O)c2c(c1=O)n1c3ccccc3cc1c1cccc3ccn2c31,CHEMBL489083,5.05,nM,9000.0,uM,9.0,AKT1,9000.0,5.045757490560675,RUTCIZOQGCWURK-UHFFFAOYSA-N,441.51600000000013,3.628070000000003,2,4,0,97.75999999999999,4,32
Cc1n[nH]c2sc(C(N)=O)c(NC(=O)Nc3ccccc3)c12,CHEMBL199996,5.05,nM,9000.0,uM,9.0,AKT1,9000.0,5.045757490560675,GSCAIAFNYPEEIT-UHFFFAOYSA-N,315.358,2.675720000000001,4,4,0,112.9,3,22
Cc1cccc(C2CCNCC2Nc2ccc(C(N)=O)c3ncncc23)c1,CHEMBL3909073,5.05,nM,9000.0,nM,9000.0,AKT1,9000.0,5.045757490560675,YRFHMPCAMBSNJH-UHFFFAOYSA-N,361.44900000000007,2.5947200000000006,3,5,0,92.93,4,27
COc1ccc(S(=O)(=O)NCCc2ccc(-c3nnc4n3-c3cccnc3Nc3ccccc3-4)cc2)cc1,CHEMBL3684419,5.04,nM,9100.0,nM,9100.0,AKT1,9100.0,5.040958607678906,CXEUZAYBWJPACW-UHFFFAOYSA-N,524.6060000000002,4.582900000000003,2,7,1,111.03000000000002,7,38
Nc1ncc(-c2cc(N3CCOCC3)cc(S(=O)(=O)CC3CCOC3)c2)cn1,CHEMBL5915357,5.04,nM,9110.0,nM,9110.0,AKT1,9110.0,5.040481623027001,PBDNSQIGSLIDQF-UHFFFAOYSA-N,404.4920000000002,1.3725999999999998,1,8,0,107.63999999999999,5,28
Nc1ncc(-c2cc(N3CCOCC3)cc(S(=O)(=O)C3CCOC3)c2)c(C(F)(F)F)n1,CHEMBL5916396,5.04,nM,9130.0,nM,9130.0,AKT1,9130.0,5.039529222465701,CMGJJOGJVKPERQ-UHFFFAOYSA-N,458.46200000000016,2.1437999999999997,1,8,0,107.63999999999999,4,31
CC1(COc2ccc(Cl)cc2NC(=O)Nc2cnc(C#N)cn2)COC1,CHEMBL192161,5.04,nM,9210.0,nM,9210.0,AKT1,9210.0,5.035740369803151,PCXWBHWJIHAPAY-UHFFFAOYSA-N,373.8000000000002,3.06098,2,6,0,109.16,5,26
COc1cccc([C@@H](C)NC(=O)c2ccc(-c3ccnc(F)c3)nc2)c1,CHEMBL5176687,5.03,nM,9260.0,uM,9.26,AKT1,9260.0,5.033389013318065,HZBPSQIDFQPUKG-CYBMUJFWSA-N,351.38100000000003,3.782300000000002,1,4,0,64.11,5,26
NC(=O)c1ccc(-c2cncc(OC[C@@H](N)Cc3c[nH]c4ccccc34)c2)cc1,CHEMBL426126,5.03,nM,9310.0,nM,9310.0,AKT1,9310.0,5.031050319018657,ZQGCVZAWSFLXOG-IBGZPJMESA-N,386.455,3.2776000000000014,3,4,0,107.02000000000001,7,29
N[C@H](COc1cncc(-c2nc(-c3cccnc3)cs2)c1)Cc1ccccc1,CHEMBL207530,5.03,nM,9350.0,nM,9350.0,AKT1,9350.0,5.029188389127482,GEHWXRIGTGFLEJ-IBGZPJMESA-N,388.4960000000001,4.215900000000003,1,6,0,73.92,7,28
CCCCCCCCCCCCCCCCOP(=O)([O-])OCC[N+](C)(C)C,CHEMBL125,5.02,nM,9600.0,uM,9.6,AKT1,9600.0,5.017728766960431,PQLXHQMOHUQAKB-UHFFFAOYSA-N,407.57600000000014,5.675500000000006,0,4,1,58.59,20,27
N[C@H](COc1cncc(-c2nc(-c3ccncc3)cs2)c1)Cc1ccccc1,CHEMBL377771,5.01,nM,9870.0,nM,9870.0,AKT1,9870.0,5.005682847330363,MVLCNJKHGFMZMG-IBGZPJMESA-N,388.4960000000001,4.215900000000003,1,6,0,73.92,7,28
Nc1ncc(-c2cc(N3CCOCC3)cc(S(=O)(=O)CC3CCOCC3)c2)cn1,CHEMBL5848054,5.0,nM,9900.0,nM,9900.0,AKT1,9900.0,5.00436480540245,FKLPBMTYUBSJAH-UHFFFAOYSA-N,418.51900000000023,1.7626999999999997,1,8,0,107.63999999999999,5,29
O=C(Cc1nc(N2CCOCC2)cc(=O)[nH]1)Nc1cccc(C(=O)O)c1,CHEMBL3696243,5.0,nM,10000.0,nM,10000.0,AKT1,10000.0,5.0,YYYCGQMVETUNDT-UHFFFAOYSA-N,358.3540000000001,0.48589999999999933,3,6,0,124.62000000000002,5,26
O=C(Cc1nc(N2CCOCC2)cc(=O)[nH]1)Nc1cccc(OCCO)c1,CHEMBL3696271,5.0,nM,10000.0,nM,10000.0,AKT1,10000.0,5.0,RBYONONYUPSFAF-UHFFFAOYSA-N,374.39700000000016,0.15880000000000055,3,7,0,116.78000000000002,7,27
CCCCCCCCCC(=O)Nc1ccc(S(=O)(=O)Nc2nncs2)cc1,CHEMBL595582,5.0,nM,10000.0,uM,10.0,AKT1,10000.0,5.0,YWVBYQMBZAUQKJ-UHFFFAOYSA-N,410.5650000000001,4.4181000000000035,2,6,0,101.05,12,27
CC(=O)N[C@@H]1CCN(c2ncnc3[nH]cc(C)c23)C1,CHEMBL1173351,5.0,nM,10000.0,uM,10.0,AKT1,10000.0,5.0,XPBXZDVAFGFLIQ-SNVBAGLBSA-N,259.31300000000005,0.9811199999999995,2,4,0,73.91,2,19
O=C(Cc1nc(N2CCOCC2)cc(=O)[nH]1)Nc1ccccc1O,CHEMBL3696254,5.0,nM,10000.0,nM,10000.0,AKT1,10000.0,5.0,BLOPFANLDXUOKA-UHFFFAOYSA-N,330.34400000000005,0.49329999999999957,3,6,0,107.55000000000001,4,24
O=C(Cc1nc(N2CCOCC2)cc(=O)[nH]1)Nc1ccc(F)c(CO)c1,CHEMBL3696252,5.0,nM,10000.0,nM,10000.0,AKT1,10000.0,5.0,QWFBOWSSWVRDOS-UHFFFAOYSA-N,362.3610000000001,0.41909999999999975,3,6,0,107.55000000000001,5,26
N#Cc1cccc(-c2cccc3c2nn2cc(-c4ccccc4)c(-c4ccc(C5(N)CCC5)cc4)nc32)c1,CHEMBL3672544,5.0,nM,10000.0,nM,10000.0,AKT1,10000.0,5.0,YTFWLKFKAOSOMJ-UHFFFAOYSA-N,491.5980000000003,7.093080000000006,1,4,1,80.0,4,38
O=C(Cc1nc(N2CCOCC2)cc(=O)[nH]1)Nc1ccc(F)c(C(=O)O)c1,CHEMBL3696278,5.0,nM,10000.0,nM,10000.0,AKT1,10000.0,5.0,PRLGSRUIIAWWRO-UHFFFAOYSA-N,376.3440000000001,0.6249999999999998,3,6,0,124.62000000000002,5,27
COc1ccc2c(Oc3ccc(NC(=O)c4c(C)n(CC(C)(C)O)n(-c5ccccc5)c4=O)nc3)ccnc2c1,CHEMBL460472,5.0,nM,10000.0,uM,10.0,AKT1,10000.0,5.0,GLBZSOQDAOLMGC-UHFFFAOYSA-N,539.5920000000002,4.7147200000000025,2,7,1,120.5,8,40
CC1(C)C(=O)N([C@H]2CCc3c(O)cccc32)c2nc(Nc3ccccc3)ncc21,CHEMBL3884319,5.0,nM,10000.0,nM,10000.0,AKT1,10000.0,5.0,XLFNLJYGUOLEJS-SFHVURJKSA-N,386.45500000000004,4.2375000000000025,2,5,0,78.35000000000001,3,29
Cc1nc2cc(-c3ccccc3)c(-c3ccc(C4(N)CCC4)cc3)nn2c1-c1ccc(F)c(CO)c1,CHEMBL3672501,5.0,nM,10115.0,nM,10115.0,AKT1,10115.0,4.995034112893176,ZWVRASCQFFHLIN-UHFFFAOYSA-N,478.57100000000025,6.008020000000006,2,4,1,76.44,5,36
O=C1NC(=O)c2ccc(I)cc2/C1=C/NCc1ccc(-c2ccoc2)c(O)c1,CHEMBL504547,4.99,nM,10200.0,uM,10.2,AKT1,10200.0,4.991399828238082,CUISPPCDYZFGCY-ZDLGFXPLSA-N,486.2650000000002,3.6575000000000015,3,5,0,91.57000000000001,4,28
Cc1n[nH]c2ccc(-c3cc(OC[C@@H](N)Cc4ccccc4)cnc3C#CC(C)(C)O)cc12,CHEMBL594750,4.98,nM,10500.0,uM,10.5,AKT1,10500.0,4.978810700930062,SLOGHVOSBVGLSQ-NRFANRHFSA-N,440.54700000000014,4.004520000000002,3,5,0,97.05,6,33
Nc1ncc(-c2cc(N3CCOCC3)cc(S(=O)(=O)CCc3ccc(F)cc3)c2)cn1,CHEMBL5861846,4.97,nM,10780.0,nM,10780.0,AKT1,10780.0,4.96738123914928,KBLZPRZOOCVKTQ-UHFFFAOYSA-N,442.51600000000013,2.717900000000001,1,7,0,98.40999999999998,6,31
C(=C/c1cncc(OCC2CCN2)c1)\c1ccncc1,CHEMBL577186,4.96,nM,10870.0,nM,10870.0,AKT1,10870.0,4.963770455913705,ZZFNJIRAGPTYIN-OWOJBTEDSA-N,267.332,2.3877000000000006,1,4,0,47.04,5,20
C(=C/c1cncc(OC[C@@H]2CCN2)c1)\c1ccncc1,CHEMBL204213,4.96,nM,10870.0,nM,10870.0,AKT1,10870.0,4.963770455913705,ZZFNJIRAGPTYIN-YLSAJCSVSA-N,267.332,2.3877000000000006,1,4,0,47.04,5,20
Nc1ncc(-c2cc(N3CCOCC3)cc(S(=O)(=O)Cc3ccc(F)cc3)c2)cn1,CHEMBL6023462,4.96,nM,10900.0,nM,10900.0,AKT1,10900.0,4.962573502059376,DINYTTSGCRGAJR-UHFFFAOYSA-N,428.4890000000001,2.6754000000000007,1,7,0,98.40999999999998,5,30
O=C1C=CC(=O)c2ccccc21,CHEMBL55934,4.96,nM,10980.0,uM,10.98,AKT1,10980.0,4.959397659885927,FRASJONUBLZVQX-UHFFFAOYSA-N,158.156,1.6218000000000001,0,2,0,34.14,0,12
Nc1cc(C(F)(F)F)c(-c2cc(N3CCOCC3)cc(S(=O)(=O)[C@@H]3CCOC3)c2)cn1,CHEMBL5781418,4.95,nM,11200.0,nM,11200.0,AKT1,11200.0,4.950781977329818,ABFSEKIPQPPYFD-OAHLLOKOSA-N,457.4740000000002,2.748800000000001,1,7,0,94.75,4,31
COc1ccc2nc3[nH]nc(C)c3c(OC)c2c1,CHEMBL603097,4.94,nM,11400.0,nM,11400.0,AKT1,11400.0,4.943095148663527,AWSLSQGTMWLKRH-UHFFFAOYSA-N,243.26599999999996,2.43672,1,4,0,60.03,2,18
O=C1C(Nc2cccc(F)c2)=C(Cl)C(=O)c2[nH]ncc21,CHEMBL375142,4.93,nM,11800.0,nM,11800.0,AKT1,11800.0,4.928117992693875,MRXFSCPSMGCKHI-UHFFFAOYSA-N,291.669,2.4902999999999995,2,4,0,74.85,2,20
NC(=O)c1ccc(NCc2cccc(Cl)c2)c2cncnc12,CHEMBL3954224,4.92,nM,12000.0,nM,12000.0,AKT1,12000.0,4.920818753952375,WSEAJWAXWQGKPA-UHFFFAOYSA-N,312.76000000000005,2.994200000000001,2,4,0,80.9,4,22
CC(=O)Nc1cccc(-c2cncc(OC[C@@H](N)Cc3c[nH]c4ccccc34)c2)c1,CHEMBL205422,4.92,nM,12030.0,nM,12030.0,AKT1,12030.0,4.919734372660155,GJOXZVUGAHXZAU-FQEVSTJZSA-N,400.4820000000001,4.137100000000002,3,4,0,93.03,7,30
Cc1nc2cc(-c3ccccc3)c(-c3ccc(C4(N)CCC4)cc3)nn2c1-c1ccc(C(N)=O)cc1,CHEMBL3672504,4.92,nM,12083.0,nM,12083.0,AKT1,12083.0,4.917825224515333,KLAGYYYQOYRLDV-UHFFFAOYSA-N,473.58000000000027,5.475520000000005,2,4,1,99.29999999999998,5,36
C=CC(=O)c1ccccc1,CHEMBL3099615,4.91,nM,12270.0,uM,12.27,AKT1,12270.0,4.9111554372729955,KUIZKZHDMPERHR-UHFFFAOYSA-N,132.16199999999998,2.0553,0,1,0,17.07,2,10
O=C1C(Sc2cccc(Cl)c2Cl)=C(Cl)C(=O)c2[nH]ncc21,CHEMBL572400,4.91,nM,12300.0,nM,12300.0,AKT1,12300.0,4.910094888560602,IXSYFLFHUVZUIW-UHFFFAOYSA-N,359.6210000000001,4.3382000000000005,1,4,0,62.82,2,21
Nc1ncc(-c2cc(N3CCOCC3)cc(S(=O)(=O)Cc3ccncc3)c2)cn1,CHEMBL5981464,4.91,nM,12370.0,nM,12370.0,AKT1,12370.0,4.907630300370879,CODANOSHVFIHQI-UHFFFAOYSA-N,411.4870000000001,1.9312999999999998,1,8,0,111.29999999999998,5,29
O=C1C(Nc2ccc(C(F)(F)F)cc2)=C(Cl)C(=O)c2[nH]ncc21,CHEMBL222254,4.91,nM,12400.0,nM,12400.0,AKT1,12400.0,4.906578314837765,UQNFSLKPDVTAOI-UHFFFAOYSA-N,341.67600000000004,3.370000000000001,2,4,0,74.85,2,23
O=C(NC(c1cncnc1)c1ccc(Cl)c(Cl)c1)c1ccc2cnccc2c1,CHEMBL1823658,4.9,nM,12650.0,uM,12.65,AKT1,12650.0,4.897909474488163,GYOORXSUQDRTDK-UHFFFAOYSA-N,409.2760000000001,4.851000000000003,1,4,0,67.77000000000001,4,28
NC(=O)CCc1ccn2c(-c3ccccc3)c(-c3ccc(C4(N)CCC4)cc3)nc2c1,CHEMBL3703159,4.9,nM,12688.0,nM,12688.0,AKT1,12688.0,4.896606830026472,XUBHFJGWXWMFCJ-UHFFFAOYSA-N,410.52100000000024,4.424100000000003,2,3,0,86.41,6,31
COc1ccc(-c2cn(CCN3CCC3)c(C3CCN(c4ncnc(N)c4C(N)=O)CC3)n2)cc1F,CHEMBL3899515,4.89,nM,13000.0,nM,13000.0,AKT1,13000.0,4.886056647693163,WVIJYQPKRLAJHG-UHFFFAOYSA-N,494.5750000000002,2.2585999999999995,2,8,0,128.42000000000002,8,36
Nc1ncc(-c2cc(N3CCOCC3)cc(S(=O)(=O)Cc3ccc(CO)cc3)c2)cn1,CHEMBL6028049,4.89,nM,13000.0,nM,13000.0,AKT1,13000.0,4.886056647693163,HEXZJRXLBPGLGP-UHFFFAOYSA-N,440.52500000000015,2.0286,2,8,0,118.63999999999999,6,31
Nc1ncccc1-c1nc2cccnc2n1-c1cccc(CNC(=O)c2ccccc2)c1,CHEMBL2177823,4.89,nM,13000.0,uM,13.0,AKT1,13000.0,4.886056647693163,OIRCVTJQBUXGHJ-UHFFFAOYSA-N,420.47600000000017,3.9947000000000026,2,5,0,98.72,5,32
Nc1cc(-c2nnc3n2-c2cccnc2Nc2ccccc2-3)ccn1,CHEMBL3679712,4.89,nM,13000.0,nM,13000.0,AKT1,13000.0,4.886056647693163,BXJIETWGIUWWDI-UHFFFAOYSA-N,327.3510000000001,3.030500000000001,2,6,0,94.54,1,25
Cc1ccc(-c2nnc3n2-c2cccnc2Nc2ccccc2-3)cc1,CHEMBL3679715,4.89,nM,13000.0,nM,13000.0,AKT1,13000.0,4.886056647693163,OPXNDTASKFWXJJ-UHFFFAOYSA-N,325.37500000000006,4.361720000000003,1,4,0,55.63,1,25
Cc1cc(C)cc(C(=O)NC(=S)Nc2cc(-c3ccccc3)ccc2O)c1,CHEMBL3693949,4.87,nM,13400.0,nM,13400.0,AKT1,13400.0,4.872895201635193,VPDLRGFVKFCAKS-UHFFFAOYSA-N,376.48100000000005,4.802840000000003,3,3,0,61.36,3,27
COC(=O)CC/C=C/C(=O)c1ccccc1,CHEMBL3099614,4.86,nM,13670.0,uM,13.67,AKT1,13670.0,4.864231485432177,ZXTODIWSDYLZCE-WEVVVXLNSA-N,218.252,2.3787000000000003,0,3,0,43.370000000000005,5,16
Nc1ncc(-c2cc(N3CCOCC3)nc(S(=O)(=O)c3ccccc3)c2)cn1,CHEMBL5793099,4.86,nM,13800.0,nM,13800.0,AKT1,13800.0,4.860120913598763,JWQMKOMDJBLFAT-UHFFFAOYSA-N,397.46000000000004,1.7901999999999998,1,8,0,111.3,4,28
O=C1C(Nc2cccc(Br)c2)=C(Cl)C(=O)c2[nH]ncc21,CHEMBL374701,4.86,nM,13900.0,nM,13900.0,AKT1,13900.0,4.856985199745905,ZHEBDDJFTMKUSE-UHFFFAOYSA-N,352.57500000000005,3.1136999999999997,2,4,0,74.85,2,20
NCCc1ccc(-c2nnc3n2-c2cccnc2Nc2ccccc2-3)cc1,CHEMBL3684523,4.85,nM,14000.0,nM,14000.0,AKT1,14000.0,4.853871964321762,FLBLMFADJFKKIP-UHFFFAOYSA-N,354.4170000000001,3.5545000000000018,2,5,0,81.65,3,27
CC(C)(C)OC(=O)NCc1ccc(-c2nnc3n2-c2cccnc2Nc2ccccc2-3)cc1,CHEMBL3684522,4.85,nM,14000.0,nM,14000.0,AKT1,14000.0,4.853871964321762,AXXASHNBTQXLGP-UHFFFAOYSA-N,440.5070000000001,5.078000000000004,2,6,1,93.96,3,33
c1nc(N2CCC3(CCCCN3)CC2)c2nc[nH]c2n1,CHEMBL2420909,4.85,nM,14000.0,uM,14.0,AKT1,14000.0,4.853871964321762,SLPPJSSITOXUMX-UHFFFAOYSA-N,272.356,1.4653999999999998,2,5,0,69.73,1,20
CN(CCc1ccccc1)c1ccc(C(N)=O)c2ncncc12,CHEMBL3933947,4.85,nM,14000.0,nM,14000.0,AKT1,14000.0,4.853871964321762,KDJUPPVUTIDCIZ-UHFFFAOYSA-N,306.36899999999997,2.4076000000000004,1,4,0,72.11,5,23
N#Cc1cccc(CS(=O)(=O)c2cc(-c3cnc(N)nc3)cc(N3CCOCC3)c2)c1,CHEMBL5752575,4.85,nM,14000.0,nM,14000.0,AKT1,14000.0,4.853871964321762,KEVLFKYIMJFLKZ-UHFFFAOYSA-N,435.50900000000024,2.4079800000000002,1,8,0,122.19999999999999,5,31
Nc1ncc(-c2cc(N3CCOCC3)cc(S(=O)(=O)/C=C/c3ccccc3O)c2)cn1,CHEMBL5822265,4.84,nM,14300.0,nM,14300.0,AKT1,14300.0,4.844663962534939,VWSZMUAJTFRSBT-BJMVGYQFSA-N,438.50900000000007,2.712600000000001,2,8,0,118.63999999999999,5,31
N[C@H](COc1cncc(-c2ccc(Nc3ncccn3)cc2)c1)Cc1c[nH]c2ccccc12,CHEMBL207031,4.84,nM,14330.0,nM,14330.0,AKT1,14330.0,4.843753809602656,QJSPYIXFWLURHN-NRFANRHFSA-N,436.5190000000002,4.7123000000000035,3,6,0,101.74000000000001,8,33
Nc1ncc(-c2cc(N3CCOCC3)cc(S(=O)(=O)c3cccc4c3OCC4)c2)cn1,CHEMBL6062521,4.84,nM,14500.0,nM,14500.0,AKT1,14500.0,4.838631997765025,CHMWZOJYOCHQQM-UHFFFAOYSA-N,438.5090000000002,2.3301000000000007,1,8,0,107.63999999999999,4,31
NCCCOc1cncc(/C=C/c2ccncc2)c1,CHEMBL205820,4.83,nM,14710.0,nM,14710.0,AKT1,14710.0,4.83238732727247,KVYKDXMRLMPSGQ-NSCUHMNNSA-N,255.32100000000003,2.374600000000001,1,4,0,61.03,6,19
Cc1cc(-c2c(C)nc3cc(-c4ccccc4)c(-c4ccc(C5(N)CCC5)cc4)nn23)[nH]n1,CHEMBL3672506,4.83,nM,14853.0,nM,14853.0,AKT1,14853.0,4.828185818948853,IGYKCYVSZZXIJO-UHFFFAOYSA-N,434.54700000000025,5.408140000000006,2,4,1,84.89,4,33
NC(=O)c1c(N)ncnc1N1CCC(c2nc(-c3ccc(OC(F)F)cc3)cn2CCN2CCC2)CC1,CHEMBL3972226,4.82,nM,15000.0,nM,15000.0,AKT1,15000.0,4.823908740944319,RBLDRSHGAAWOKD-UHFFFAOYSA-N,512.5650000000003,2.7123,2,8,1,128.42000000000002,9,37
NC(=O)c1ccccc1Nc1ccnc(Nc2cccc(O)c2)n1,CHEMBL242237,4.82,nM,15000.0,uM,15.0,AKT1,15000.0,4.823908740944319,QHPKKGUGRGRSGA-UHFFFAOYSA-N,321.34000000000003,2.7683,4,6,0,113.16000000000001,5,24
NC(=O)c1ccc(N2CCN(c3ccccc3)CC2)c2cncnc12,CHEMBL3905526,4.82,nM,15000.0,nM,15000.0,AKT1,15000.0,4.823908740944319,VDZHBUUCZNRKBN-UHFFFAOYSA-N,333.39500000000004,2.0553,1,5,0,75.35000000000001,3,25
Nc1ncc(-c2cc(N3CCOCC3)cc(S(=O)(=O)c3coc4ccccc34)c2)cn1,CHEMBL5903679,4.82,nM,15000.0,nM,15000.0,AKT1,15000.0,4.823908740944319,VHKNCLVJHQMXJP-UHFFFAOYSA-N,436.4930000000001,3.1414000000000017,1,8,0,111.54999999999998,4,31
O=C(NCc1ccccc1)c1cc2c(-c3ccccc3)[nH]nc2s1,CHEMBL200499,4.82,nM,15000.0,uM,15.0,AKT1,15000.0,4.823908740944319,CNVFENCTUFMYBP-UHFFFAOYSA-N,333.416,4.221400000000002,2,3,0,57.78,4,24
Cc1nc2cc(-c3ccccc3)c(-c3ccc(C4(N)CCC4)cc3)nn2c1-c1cccc(C(N)=O)c1,CHEMBL3672500,4.82,nM,15038.0,nM,15038.0,AKT1,15038.0,4.822809919510391,PMAYTEUXTLFZME-UHFFFAOYSA-N,473.58000000000027,5.475520000000006,2,4,1,99.29999999999998,5,36
Nc1ncc(-c2cc(N3CCOCC3)cc(S(=O)(=O)c3c[nH]c4ccccc34)c2)cn1,CHEMBL5742183,4.82,nM,15300.0,nM,15300.0,AKT1,15300.0,4.815308569182401,PTXPJFUWHPHQMQ-UHFFFAOYSA-N,435.50900000000007,2.876500000000002,2,7,0,114.19999999999997,4,31
O=C1C(Nc2ccccc2F)=C(Cl)C(=O)c2[nH]ncc21,CHEMBL220006,4.8,nM,15800.0,nM,15800.0,AKT1,15800.0,4.801342913045577,SFTFPPBMKWFSMX-UHFFFAOYSA-N,291.669,2.4902999999999995,2,4,0,74.85,2,20
O=C1C(Nc2cc(F)ccc2F)=C(Cl)C(=O)c2[nH]ncc21,CHEMBL584181,4.8,nM,16000.0,nM,16000.0,AKT1,16000.0,4.795880017344075,RIOLSFWWLFGSER-UHFFFAOYSA-N,309.659,2.6294000000000004,2,4,0,74.85,2,21
COC(=O)c1cc2c(Nc3ccccc3)[nH]nc2s1,CHEMBL200796,4.8,nM,16000.0,uM,16.0,AKT1,16000.0,4.795880017344075,WIVJBVXMFDYZEO-UHFFFAOYSA-N,273.317,3.1546000000000003,2,5,0,67.00999999999999,3,19
CC(C)(C)OC(=O)NN(Cc1ccccc1)C(=O)CI,CHEMBL3298792,4.79,nM,16130.0,uM,16.13,AKT1,16130.0,4.792365632611038,DKYMRAKSIWFPNE-UHFFFAOYSA-N,390.221,2.8899000000000017,1,3,0,58.64,3,20
N=C(N/C(=N/O)c1nonc1N)c1ccccc1Br,CHEMBL3764688,4.79,nM,16350.0,uM,16.35,AKT1,16350.0,4.786482243003695,HDYLCWNDSFRJJQ-UHFFFAOYSA-N,325.126,1.1652699999999998,4,7,0,133.41,2,19
O=C(c1ccc(-c2nnc3n2-c2cccnc2Nc2ccccc2-3)cc1)N1CCNCC1,CHEMBL3684518,4.77,nM,17000.0,nM,17000.0,AKT1,17000.0,4.769551078621726,NYOTYZDMCSKKGE-UHFFFAOYSA-N,423.48000000000025,3.098700000000001,2,6,0,87.97,2,32
Cc1n[nH]c2sc(C(N)=O)c(NC(=O)c3cccs3)c12,CHEMBL382070,4.77,nM,17000.0,uM,17.0,AKT1,17000.0,4.769551078621726,CFCOQYROFLFNOU-UHFFFAOYSA-N,306.372,2.3455200000000005,3,5,0,100.87,3,20
Cc1cn2nc(-c3ccc(C4(N)CCC4)cc3)c(-c3ccccc3)cc2n1,CHEMBL3639713,4.76,nM,17257.0,nM,17257.0,AKT1,17257.0,4.763034700897021,GLOKHTIHUXDYDZ-UHFFFAOYSA-N,354.457,4.709620000000003,1,3,0,56.21,3,27
Nc1ncc(-c2cc(N3CCOCC3)cc(S(=O)(=O)c3ccccc3)n2)cn1,CHEMBL5920859,4.76,nM,17300.0,nM,17300.0,AKT1,17300.0,4.761953896871205,ICLOQJROEDOSQW-UHFFFAOYSA-N,397.46000000000004,1.7902,1,8,0,111.29999999999998,4,28
Cc1cc(C)cc(C(=O)NC(=S)Nc2c(O)cc(C)c(Cl)c2C)c1,CHEMBL3693945,4.76,nM,17500.0,nM,17500.0,AKT1,17500.0,4.756961951313706,MBMVVLWJEXWRCB-UHFFFAOYSA-N,362.8820000000002,4.406080000000003,3,3,0,61.36,2,24
CNCC1CCCN(c2ccc(C(N)=O)c3ncncc23)C1,CHEMBL3933454,4.75,nM,18000.0,nM,18000.0,AKT1,18000.0,4.7447274948966935,PLBMNGOXGSUIFL-UHFFFAOYSA-N,299.3780000000001,1.1644999999999996,2,5,0,84.14,4,22
CC(=O)Nc1ncc(-c2cc(N3CCOCC3)cc(S(=O)(=O)c3ccccc3)c2)cn1,CHEMBL5754702,4.75,nM,18000.0,nM,18000.0,AKT1,18000.0,4.7447274948966935,UTJHTHZLECYYPO-UHFFFAOYSA-N,438.50900000000007,2.7714000000000008,1,7,0,101.49,5,31
Cc1nc2cc(-c3ccccc3)c(-c3ccc(C4(N)CCC4)cc3)nn2c1/C=C/C(N)=O,CHEMBL3672511,4.74,nM,18031.0,nM,18031.0,AKT1,18031.0,4.743980186619878,QYLGZFIYBBKRBS-OUKQBFOZSA-N,423.5200000000002,4.208120000000003,2,4,0,99.29999999999998,5,32
Cc1cc(C)cc(C(=O)NC(=S)Nc2c(O)cc(C)c(Br)c2C)c1,CHEMBL3693948,4.74,nM,18100.0,nM,18100.0,AKT1,18100.0,4.7423214251308154,DTVBXJJHLVRONP-UHFFFAOYSA-N,407.33300000000014,4.515180000000003,3,3,0,61.36,2,24
CN1CCC(NC(=O)c2cnc(NCc3cc(Cl)ccc3Cl)nc2NC2CCCC2)CC1,CHEMBL2312646,4.73,nM,18580.0,uM,18.58,AKT1,18580.0,4.730954290342377,PRAFFLMXUBGHGX-UHFFFAOYSA-N,477.4400000000003,4.574000000000003,3,6,0,82.18,7,32
N[C@H](COc1cncc(Nc2ccncc2)c1)Cc1ccccc1,CHEMBL207699,4.72,nM,18830.0,nM,18830.0,AKT1,18830.0,4.7251496799833355,APKFQVPQVASHDW-INIZCTEOSA-N,320.396,3.1690000000000014,2,5,0,73.06,7,24
CC(C)[C@H](N)COc1cncc(/C=C/c2ccncc2)c1,CHEMBL204059,4.71,nM,19320.0,nM,19320.0,AKT1,19320.0,4.713992877920526,UOAMFFRIHFFHTO-REMYHPOOSA-N,283.375,3.009100000000001,1,4,0,61.03,6,21
NC1(c2ccc(-c3nc4cc(C(=O)N5CCCC5)ccn4c3-c3ccccc3)cc2)CCC1,CHEMBL3699718,4.71,nM,19417.0,nM,19417.0,AKT1,19417.0,4.711817869386342,JAEYTKRVBLGLPC-UHFFFAOYSA-N,436.55900000000014,5.242200000000005,1,3,1,63.629999999999995,4,33
CC1OC(=O)c2cc(O)c(O)c(O)c21,CHEMBL486813,4.71,nM,19700.0,uM,19.7,AKT1,19700.0,4.705533773838407,AGUVVAYMPQDJDX-UHFFFAOYSA-N,196.15799999999996,1.0348,3,5,0,86.99000000000001,0,14
Nc1ncc(-c2cc(N3CCOCC3)cc(S(=O)(=O)Cc3ccc(NS(N)(=O)=O)cc3)c2)cn1,CHEMBL5917773,4.7,nM,19750.0,nM,19750.0,AKT1,19750.0,4.704432900037521,AIEZAQLQTGRIBK-UHFFFAOYSA-N,504.59400000000016,1.1517000000000008,3,9,1,170.59999999999997,7,34
Nc1ncc(-c2cc(N3CCOCC3)cc(S(=O)(=O)Cc3ccc4[nH]ccc4c3)c2)cn1,CHEMBL5785269,4.7,nM,19760.0,nM,19760.0,AKT1,19760.0,4.70421305974839,XJDISKLIAOIKHD-UHFFFAOYSA-N,449.5360000000001,3.0176000000000007,2,7,0,114.19999999999997,5,32
COCNC(=O)N1CC(S(=O)(=O)c2cc(-c3cnc(N)nc3)cc(N3CCOCC3)c2)C1,CHEMBL5990902,4.7,nM,19840.0,nM,19840.0,AKT1,19840.0,4.70245833218184,ADHPKXSCGCUVNC-UHFFFAOYSA-N,462.5320000000003,0.333800000000001,2,9,0,139.98,6,32
Nc1ccc(S(=O)(=O)Nc2nncs2)cc1,CHEMBL286737,4.7,nM,20000.0,nM,20000.0,AKT1,20000.0,4.698970004336019,ATEAASNFYTUARU-UHFFFAOYSA-N,256.312,0.9210999999999998,2,6,0,97.97,3,16
CCc1c(C)nc2cc(-c3ccccc3)c(-c3ccc(C4(N)CCC4)cc3)nn12,CHEMBL3672514,4.7,nM,20000.0,nM,20000.0,AKT1,20000.0,4.698970004336019,DOCVGAYWAYCQMQ-UHFFFAOYSA-N,382.5110000000002,5.272020000000005,1,3,1,56.209999999999994,4,29
CCOCCN(C[C@@H](O)CN1CCCC2(CC(=O)c3cc(O)ccc3O2)C1)S(=O)(=O)c1ccc(Cl)cc1,CHEMBL1761076,4.7,nM,20000.0,uM,20.0,AKT1,20000.0,4.698970004336019,WIUWJZGAVWPJKP-GVNKFJBHSA-N,553.0770000000002,2.933700000000001,2,8,1,116.61000000000001,10,37
CN(C)Cc1c(O)ccc2oc(Cc3ccccc3)cc12,CHEMBL526034,4.7,nM,20000.0,uM,20.0,AKT1,20000.0,4.698970004336019,IIHQWGVGNVVDIB-UHFFFAOYSA-N,281.35499999999996,3.7908000000000026,1,3,0,36.61,4,21
O=C(NC(c1ccncc1)c1ccc(Cl)c(Cl)c1)c1ccc2cnccc2c1,CHEMBL1823659,4.69,nM,20440.0,uM,20.44,AKT1,20440.0,4.689519108537325,VUAXNOZBYICQPO-UHFFFAOYSA-N,408.2880000000001,5.456000000000004,1,3,1,54.88,4,28
Cc1cc(C)cc(C(=O)NC(=S)Nc2c(O)cc(C(F)(F)F)cc2C(F)(F)F)c1,CHEMBL3693947,4.68,nM,20800.0,nM,20800.0,AKT1,20800.0,4.681936665037238,SBPAHNYGLPVIRH-UHFFFAOYSA-N,436.37700000000007,5.173440000000003,3,3,1,61.36,2,29
N[C@H](Cc1ccc(Cl)cc1)C(=O)N1CCN(c2cnnc3ccccc23)CC1,CHEMBL1258102,4.67,nM,21233.0,nM,21233.0,AKT1,21233.0,4.67298864024759,ZUEHQYQGGOAIRP-GOSISDBHSA-N,395.8940000000001,2.501800000000001,1,5,0,75.35000000000001,4,28
COc1ccccc1N1CCN(c2ncnc3[nH]nc(Br)c23)CC1,CHEMBL1254209,4.66,nM,22000.0,nM,22000.0,AKT1,22000.0,4.657577319177793,CQXAPCMYRSTDGK-UHFFFAOYSA-N,389.2570000000001,2.4506000000000006,1,6,0,70.17,3,24
Nc1ncc(-c2cc(N3CCOCC3)cc(S(=O)(=O)c3ccc4ccoc4c3)c2)cn1,CHEMBL5874712,4.65,nM,22300.0,nM,22300.0,AKT1,22300.0,4.651695136951839,DXYJIZGMAVBSRD-UHFFFAOYSA-N,436.4930000000001,3.1414000000000017,1,8,0,111.54999999999998,4,31
Cc1cc(C)cc(C(=O)NC(=S)Nc2cc(C(F)(F)F)ccc2O)c1,CHEMBL3693946,4.65,nM,22600.0,nM,22600.0,AKT1,22600.0,4.645891560852599,PPQXWFMSMPXYRJ-UHFFFAOYSA-N,368.38000000000005,4.154640000000002,3,3,0,61.36,2,25
COCCN(C[C@H](O)CN1CCCC2(CC(=O)c3cc(O)ccc3O2)C1)S(=O)(=O)c1c(C)noc1C,CHEMBL1761070,4.64,nM,22800.0,uM,22.8,AKT1,22800.0,4.642065152999546,PDAQYFOOWGQKFR-PHSANKKPSA-N,523.6080000000002,1.4950400000000001,2,10,1,142.64,9,36
Nc1ncc(-c2cc(N3CCOCC3)cc(S(=O)(=O)c3ccc4c(c3)OCC4)c2)cn1,CHEMBL6029514,4.64,nM,22900.0,nM,22900.0,AKT1,22900.0,4.640164517660112,XRAYWWJSERJSCZ-UHFFFAOYSA-N,438.5090000000002,2.3301000000000007,1,8,0,107.63999999999999,4,31
N[C@H](Cc1ccc(Cl)cc1)C(=O)N1CCN(c2ccncn2)CC1,CHEMBL1258443,4.64,nM,22920.0,nM,22920.0,AKT1,22920.0,4.639785386704648,FYWMDKYKCFBUSC-OAHLLOKOSA-N,345.83400000000006,1.3486,1,5,0,75.35000000000001,4,24
Fc1ccc(-c2nnc3n2-c2cccnc2Nc2ccccc2-3)cc1,CHEMBL3679724,4.64,nM,23000.0,nM,23000.0,AKT1,23000.0,4.638272163982407,HUGZHPVNYMBTJI-UHFFFAOYSA-N,329.3380000000001,4.192400000000002,1,4,0,55.63,1,25
NC(=O)c1ccc(N2CCN(c3cccc(C(F)(F)F)c3)CC2)c2cncnc12,CHEMBL3939475,4.64,nM,23000.0,nM,23000.0,AKT1,23000.0,4.638272163982407,NEFNGAPOPLUHSG-UHFFFAOYSA-N,401.3920000000001,3.0741000000000014,1,5,0,75.35000000000001,3,29
Cc1c(O)c(O)c(O)c2c1COC2=O,CHEMBL3104854,4.63,nM,23200.0,uM,23.2,AKT1,23200.0,4.634512015109101,IREYRQPUBOQACQ-UHFFFAOYSA-N,196.15799999999996,0.7822199999999995,3,5,0,86.99000000000001,0,14
N[C@H](COc1cccc(/C=C/c2ccncc2)n1)Cc1c[nH]c2ccccc12,CHEMBL206654,4.63,nM,23270.0,nM,23270.0,AKT1,23270.0,4.63320361671327,GZSBNAZMOXRWNT-SGQUHAKNSA-N,370.4560000000001,4.077100000000003,2,4,0,76.82,7,28
O=S(=O)(Cc1ccccc1)c1cc(-c2cnc(NCCO)nc2)cc(N2CCOCC2)c1,CHEMBL5846485,4.63,nM,23490.0,nM,23490.0,AKT1,23490.0,4.629116983222394,AUFXEJFFYMFFGA-UHFFFAOYSA-N,454.5520000000003,2.3583,2,8,0,104.65,8,32
C(=C/c1cncc(OC[C@@H]2CCCN2)c1)\c1ccncc1,CHEMBL205645,4.62,nM,23910.0,nM,23910.0,AKT1,23910.0,4.621420423884225,UBTXPQLEIYAULK-CWDCEQMOSA-N,281.359,2.777800000000001,1,4,0,47.04,5,21
CC1=NN(C(=O)c2ccc(Cl)cc2)C(=O)C1/N=N/c1ccc(S(=O)(=O)Nc2ncccn2)cc1,CHEMBL603852,4.62,nM,24000.0,nM,24000.0,AKT1,24000.0,4.619788758288394,HRJNALBHZAXUKU-OCEACIFDSA-N,497.92400000000015,3.441600000000001,1,9,0,146.40999999999997,6,34
OC(COc1cncc(/C=C/c2ccncc2)c1)Cc1c[nH]c2ccccc12,CHEMBL380958,4.62,nM,24010.0,nM,24010.0,AKT1,24010.0,4.619607839942972,WYLVFMBGPRCDQF-AATRIKPKSA-N,371.4400000000001,4.110700000000003,2,4,0,71.03,7,28
CC(C)(C)OC(=O)NN(Cc1ccccc1)C(=O)CBr,CHEMBL3298611,4.61,nM,24660.0,uM,24.66,AKT1,24660.0,4.608006927740287,ZESJMRMPDHYYNY-UHFFFAOYSA-N,343.221,2.849800000000001,1,3,0,58.64,3,20
CCc1ccc(OC(C)=O)c(Cc2cc(CCCl)ccc2OC(C)=O)c1,CHEMBL1254859,4.6,nM,25000.0,uM,25.0,AKT1,25000.0,4.6020599913279625,FDIBPIZNHTWMOO-UHFFFAOYSA-N,374.8640000000001,4.471700000000004,0,4,0,52.6,7,26
Cc1nnc(NS(=O)(=O)c2ccc(NS(=O)(=O)c3ccc4ccccc4c3)cc2)s1,CHEMBL595786,4.6,nM,25000.0,uM,25.0,AKT1,25000.0,4.6020599913279625,YHFXJWRRQDJXOA-UHFFFAOYSA-N,460.5620000000002,3.601320000000002,2,7,0,118.12,6,30
COc1ccc(O)c(C(=O)c2ccc(NC[C@@H]3CCCNCC3NC(=O)c3ccncc3)cc2)c1F.Cl,CHEMBL1204097,4.6,nM,25000.0,uM,25.0,AKT1,25000.0,4.6020599913279625,MLTZJOCZZUFEDH-ZQRQZVKFSA-N,529.0120000000003,3.797800000000002,4,7,1,112.58,8,37
CCOc1ccccc1C(=O)Nc1ccccc1C(=O)O,CHEMBL3985551,4.6,nM,25000.0,nM,25000.0,AKT1,25000.0,4.6020599913279625,ZAPHGOGYMZFQGA-UHFFFAOYSA-N,285.299,3.0358,2,3,0,75.63,5,21
O=C(O)c1cc(-c2ccc(C=C3C(=O)c4ccccc4C3=O)o2)ccc1O,CHEMBL175828,4.6,nM,25100.0,uM,25.1,AKT1,25100.0,4.600326278518962,MIMODCWGTPVIBH-UHFFFAOYSA-N,360.3210000000001,3.813000000000002,2,5,0,104.81,3,27
N[C@H](COc1cncc(C#Cc2cccnc2)c1)Cc1c[nH]c2ccccc12,CHEMBL205349,4.6,nM,25200.0,nM,25200.0,AKT1,25200.0,4.598599459218456,PKRAZUPHRJJDNX-FQEVSTJZSA-N,368.44000000000005,3.3065000000000015,2,4,0,76.82,5,28
NC(=O)N1CC(S(=O)(=O)c2cc(-c3cnc(N)nc3)cc(N3CCOCC3)c2)C1,CHEMBL6023199,4.58,nM,26400.0,nM,26400.0,AKT1,26400.0,4.578396073130169,DQCCJKOIQDDDJX-UHFFFAOYSA-N,418.47900000000027,0.09900000000000064,2,8,0,144.73999999999998,4,29
CC(C)NCc1ccc(Nc2cc(-c3ccc(-c4ccc(O)cc4O)cc3)[nH]n2)cc1,CHEMBL398606,4.57,nM,26890.0,uM,26.89,AKT1,26890.0,4.570409197776699,MYHOUKHXSVKHBA-UHFFFAOYSA-N,414.50900000000007,5.396500000000005,5,5,1,93.2,7,31
Cc1cc(C)cc(C(=O)NC(=S)Nc2cc([N+](=O)[O-])ccc2O)c1,CHEMBL3596524,4.57,nM,27100.0,nM,27100.0,AKT1,27100.0,4.567030709125595,CGWBCAQMXJFWBU-UHFFFAOYSA-N,345.3800000000001,3.0440400000000007,3,5,0,104.5,3,24
COc1ccc2nc(NC(=O)CSc3nnc(COc4ccc5c(c4)CCCC5)o3)sc2c1,CHEMBL4163608,4.56,nM,27500.0,uM,27.5,AKT1,27500.0,4.560667306169737,QORIGXQNWZTPDI-UHFFFAOYSA-N,482.5870000000004,4.8765000000000045,1,9,0,99.37,8,33
Fc1cccc(F)c1-c1nnc2n1-c1cccnc1Nc1ccccc1-2,CHEMBL3679725,4.55,nM,28000.0,nM,28000.0,AKT1,28000.0,4.552841968657781,HKHIQHUKEJSNPY-UHFFFAOYSA-N,347.3280000000001,4.331500000000002,1,4,0,55.63,1,26
N#Cc1cccc(S(=O)(=O)c2cc(-c3cnc(N)nc3)cc(N3CCOCC3)c2)c1,CHEMBL6024896,4.54,nM,28600.0,nM,28600.0,AKT1,28600.0,4.543633966870957,NOVSQOKURKTTHJ-UHFFFAOYSA-N,421.48200000000026,2.2668800000000005,1,8,0,122.19999999999999,4,30
c1ccc2c(c1)Nc1ncccc1-n1c(-c3ccc4ccccc4c3)nnc1-2,CHEMBL3679719,4.54,nM,29000.0,nM,29000.0,AKT1,29000.0,4.5376020021010435,JQJOACFPEKRBKA-UHFFFAOYSA-N,361.4080000000001,5.206500000000004,1,4,1,55.63,1,28
FC(F)(F)c1ccc(-c2nnc3n2-c2cccnc2Nc2ccccc2-3)cc1,CHEMBL3679717,4.52,nM,30000.0,nM,30000.0,AKT1,30000.0,4.522878745280337,STPVIPPHVXTSCO-UHFFFAOYSA-N,379.3450000000001,5.0721000000000025,1,4,1,55.63,1,28
CN1CCC(NC(=O)c2cnc(Nc3cc(Cl)cc(Cl)c3)nc2N[C@@H]2COC[C@H]2O)CC1,CHEMBL2312652,4.52,nM,30000.0,uM,30.0,AKT1,30000.0,4.522878745280337,PIKLKDCPFVVYDK-QZTJIDSGSA-N,481.3840000000003,2.5226000000000006,4,8,0,111.64000000000001,6,32
CN1CCC(NC(=O)c2cnc(Nc3cc(Cl)cc(Cl)c3)nc2NC2CCC(N(C)C)CC2)CC1,CHEMBL2312649,4.52,nM,30000.0,uM,30.0,AKT1,30000.0,4.522878745280337,SQKBBDOFPPNVCL-UHFFFAOYSA-N,520.5090000000004,4.6357000000000035,3,7,1,85.42,7,35
COc1ccccc1CNc1ncc(C(=O)NC2CCN(C)CC2)c(NC2CCCC2)n1,CHEMBL2312645,4.52,nM,30000.0,uM,30.0,AKT1,30000.0,4.522878745280337,IHJZXCJKSRQJCM-UHFFFAOYSA-N,438.57600000000036,3.275800000000001,3,7,0,91.41,8,32
N#Cc1ccc(S(=O)(=O)c2cc(-c3cnc(N)nc3)cc(N3CCOCC3)c2)cc1,CHEMBL5947627,4.51,nM,30700.0,nM,30700.0,AKT1,30700.0,4.512861624522814,PQJFFUOVDUCZMA-UHFFFAOYSA-N,421.4820000000002,2.2668800000000005,1,8,0,122.19999999999999,4,30
CCCCCCCCCC(=O)OCC(COC(=O)CCCCCCCCC)O[C@@H]1O[C@H](C(=O)O)[C@@H](O)[C@H](O)[C@H]1O,CHEMBL5280505,4.51,nM,30750.0,uM,30.75,AKT1,30750.0,4.5121548798885645,KQNKBFXKJJELIH-DYXRGMLLSA-N,576.7240000000006,3.631600000000003,4,10,1,169.04999999999998,23,40
O=C(NC(=S)Nc1cc([N+](=O)[O-])cc(Cl)c1O)c1ccccc1,CHEMBL3596523,4.51,nM,31000.0,nM,31000.0,AKT1,31000.0,4.508638306165727,RIGXBXPAOGDDIG-UHFFFAOYSA-N,351.7710000000001,3.0806000000000004,3,5,0,104.5,3,23
Nc1ncc(-c2cc(N3CCOCC3)cc(S(=O)(=O)C3CCCCC3)c2)cn1,CHEMBL5743209,4.51,nM,31100.0,nM,31100.0,AKT1,31100.0,4.507239610973162,KDLQRPLIGSYUGT-UHFFFAOYSA-N,402.5200000000002,2.668800000000001,1,7,0,98.40999999999998,4,28
Nc1ncc(-c2cc(N3CCOCC3)cc(S(=O)(=O)CC3CCCCC3)c2)cn1,CHEMBL5769693,4.51,nM,31120.0,nM,31120.0,AKT1,31120.0,4.506960411682349,UGNHRUPSHOBCAE-UHFFFAOYSA-N,416.54700000000025,2.916400000000001,1,7,0,98.40999999999998,5,29
N[C@H](COc1cncc(-c2ccc(C(=O)O)cc2)c1)Cc1c[nH]c2ccccc12,CHEMBL204892,4.5,nM,31280.0,nM,31280.0,AKT1,31280.0,4.50473325561219,UDWUSWWNNBXJCA-IBGZPJMESA-N,387.43900000000014,3.876900000000002,3,4,0,101.23000000000002,7,29
CCCCCCCCCCCCCCCCCC(=O)OCC(CO)O[C@@H]1O[C@H](CS(=O)(=O)O)[C@@H](O)[C@H](O)[C@H]1O,CHEMBL3818018,4.5,nM,31330.0,uM,31.33,AKT1,31330.0,4.504039605118295,QXMLPPNBNQAAGU-RLUZFGJUSA-N,584.7690000000003,2.8640000000000003,5,10,1,180.04999999999998,23,39
N[C@H](COc1cncc(NC(=O)c2ccncc2)c1)Cc1ccccc1,CHEMBL414861,4.5,nM,31950.0,nM,31950.0,AKT1,31950.0,4.495529137505581,HURRTSIWDQEKPC-KRWDZBQOSA-N,348.40600000000006,2.6777000000000006,2,5,0,90.13000000000001,7,26
Brc1ccc(/C=C/CNCCOc2cncc(/C=C/c3ccncc3)c2)cc1,CHEMBL206328,4.49,nM,32250.0,nM,32250.0,AKT1,32250.0,4.491470281028714,BRTUFPWBSLVVMJ-MVJNYCIBSA-N,436.35300000000007,5.091300000000004,1,4,1,47.04,9,28
CS(=O)(=O)Nc1ccc(-c2cncc(OC[C@@H](N)Cc3c[nH]c4ccccc34)c2)cc1,CHEMBL383702,4.48,nM,33010.0,nM,33010.0,AKT1,33010.0,4.481354475669688,WNXJSXBPKJWPJT-IBGZPJMESA-N,436.53700000000015,3.550200000000001,3,5,0,110.1,8,31
N[C@H](COc1cncc(-c2ccc(-c3nn[nH]n3)cc2)c1)Cc1c[nH]c2ccccc12,CHEMBL206581,4.48,nM,33160.0,nM,33160.0,AKT1,33160.0,4.479385478121764,RTZPOEMVXWPJBG-IBGZPJMESA-N,411.46900000000016,3.3588000000000013,3,6,0,118.39000000000001,7,31
Nc1ncc(-c2cc(N3CCOCC3)cc(S(=O)(=O)Cc3c[nH]cn3)c2)cn1,CHEMBL5892264,4.44,nM,36090.0,nM,36090.0,AKT1,36090.0,4.442613117940493,FXBITLRVSYFNLQ-UHFFFAOYSA-N,400.46400000000006,1.2593999999999994,2,8,0,127.08999999999997,5,28
Cc1ccc(S(=O)(=O)c2cc(-c3cnc(N)nc3)cc(N3CCOCC3)c2)cc1,CHEMBL6001220,4.43,nM,37000.0,nM,37000.0,AKT1,37000.0,4.431798275933005,KOGZQRMLAGNKRT-UHFFFAOYSA-N,410.49900000000025,2.703620000000001,1,7,0,98.41,4,29
O=S(=O)(c1ccccc1)c1cc(-c2cnc(NCCO)nc2)cc(N2CCOCC2)c1,CHEMBL5810992,4.43,nM,37000.0,nM,37000.0,AKT1,37000.0,4.431798275933005,UXVRSRKRBBLSJY-UHFFFAOYSA-N,440.5250000000003,2.2172,2,8,0,104.65,7,31
O=C1/C(=C\c2ccc(O)c(O)c2)Oc2ccccc21,CHEMBL3361128,4.41,nM,38600.0,uM,38.6,AKT1,38600.0,4.413412695328245,HCBULGQMULJTCM-RIYZIHGNSA-N,254.24099999999999,2.7140000000000013,2,4,0,66.76,1,19
CC(=O)Nc1ccc(S(=O)(=O)c2cc(-c3cnc(N)nc3)cc(N3CCOCC3)c2)cc1,CHEMBL5969336,4.41,nM,39000.0,nM,39000.0,AKT1,39000.0,4.4089353929735005,JVZHZEZJQFVOIZ-UHFFFAOYSA-N,453.5240000000003,2.3536,2,8,0,127.50999999999999,5,32
COc1nccc2cc(-c3cncc(OC[C@@H](N)Cc4c[nH]c5ccccc45)c3)ccc12,CHEMBL210337,4.4,nM,39500.0,nM,39500.0,AKT1,39500.0,4.403402904373539,KBNUMNIBWXMEAR-NRFANRHFSA-N,424.5040000000001,4.735500000000003,2,5,0,86.05000000000001,7,32
Cn1c(-c2ccnc(Nc3ccc(Cl)cc3)n2)nc2ccccc21,CHEMBL2036727,4.39,nM,41000.0,uM,41.0,AKT1,41000.0,4.3872161432802645,MLYOBUVJVMVCCI-UHFFFAOYSA-N,335.79800000000006,4.4273000000000025,1,4,0,55.63,3,24
CC(C)(C)OC(=O)N1CCN(C(=O)c2ccc(-c3nnc4n3-c3cccnc3Nc3ccccc3-4)cc2)CC1,CHEMBL3684517,4.39,nM,41000.0,nM,41000.0,AKT1,41000.0,4.3872161432802645,JMPRDJFYASOJOJ-UHFFFAOYSA-N,523.5970000000001,4.746200000000004,1,7,1,105.48,2,39
NC(=O)c1ccc(NCCc2ccc(F)c(F)c2)c2cncnc12,CHEMBL3942274,4.39,nM,41000.0,nM,41000.0,AKT1,41000.0,4.3872161432802645,JFNFEXHHIFLGCI-UHFFFAOYSA-N,328.322,2.661500000000001,2,4,0,80.9,5,24
Nc1ncc(-c2cc(N3CCOCC3)cc(S(=O)(=O)Cc3ccc(N4CCOCC4)cc3)c2)cn1,CHEMBL5759109,4.38,nM,41290.0,nM,41290.0,AKT1,41290.0,4.384155117125298,LVUSAPAAXSOAIN-UHFFFAOYSA-N,495.6050000000003,2.3728999999999996,1,9,0,110.87999999999998,6,35
NC1(c2ccc(-n3c(-c4ccccc4)nc4ccccc4c3=O)cc2)CCC1,CHEMBL2035039,4.38,nM,41722.0,uM,41.722,AKT1,41722.0,4.379634881258331,VBDPGNXPOVBUGQ-UHFFFAOYSA-N,367.4520000000002,4.390600000000004,1,3,0,60.910000000000004,3,28
N[C@H](COc1ccc(/C=C/c2ccncc2)cn1)Cc1ccccc1,CHEMBL203004,4.37,nM,43010.0,nM,43010.0,AKT1,43010.0,4.366430557445908,JEJWDSQOWMJZBM-YJJPMGAVSA-N,331.41900000000004,3.5958000000000023,1,4,0,61.03,7,25
Nc1ncc(-c2cc(N3CCOCC3)cc(S(=O)(=O)[C@@H]3CCOC3)c2)cc1C(F)(F)F,CHEMBL5762480,4.32,nM,48200.0,nM,48200.0,AKT1,48200.0,4.31695296176115,MTRSYZORTNDHQH-MRXNPFEDSA-N,457.47400000000016,2.748800000000001,1,7,0,94.74999999999999,4,31
Cc1cc(C2CCN(CCCF)CC2)cc2[nH]c(-c3c(NCCn4cc(Cl)cn4)cc[nH]c3=O)nc12,CHEMBL459729,4.32,nM,48390.0,uM,48.39,AKT1,48390.0,4.315244377891376,VWELCPLMPPEKOL-UHFFFAOYSA-N,512.0330000000002,4.727620000000003,3,5,1,94.63000000000001,9,36
COC(=O)c1cc(O)c(O)c(C[C@]2(C)[C@@H](C)CC[C@@]3(C)C(C)=CCC[C@@H]23)c1,CHEMBL3109404,4.32,nM,48400.0,uM,48.4,AKT1,48400.0,4.315154638355588,VXQUGYOYJDITTO-KNSMUJDWSA-N,372.5050000000001,5.225700000000006,2,4,1,66.76,3,27
COC/C=C/C(=O)c1ccccc1,CHEMBL3099613,4.3,nM,50000.0,uM,50.0,AKT1,50000.0,4.301029995663981,INGIVWOHAHWXAJ-VMPITWQZSA-N,176.215,2.0719000000000003,0,2,0,26.3,4,13
Cc1ccc(F)c(NC(=O)Nc2ccc(-c3cccc4[nH]nc(N)c34)cc2)c1,CHEMBL223360,4.3,nM,50000.0,nM,50000.0,AKT1,50000.0,4.301029995663981,MPVGZUGXCQEXTM-UHFFFAOYSA-N,375.40700000000015,4.903620000000003,4,3,0,95.83,3,28
COc1cc(NS(=O)(=O)c2ccc(Nc3ccco3)cc2)nc(OC)n1,CHEMBL3987198,4.3,nM,50000.0,nM,50000.0,AKT1,50000.0,4.301029995663981,KEQFNFKDSQUPFY-UHFFFAOYSA-N,376.3940000000001,2.6312000000000006,2,8,0,115.58,7,26
O=C(Nc1ccccc1)c1ccccc1NC(=O)c1ccccc1C(=O)O,CHEMBL1733315,4.3,nM,50000.0,nM,50000.0,AKT1,50000.0,4.301029995663981,MVNHOZLXKLOTDT-UHFFFAOYSA-N,360.3690000000001,3.889400000000002,3,3,0,95.50000000000001,5,27
COc1cc(NS(=O)(=O)c2ccc(NC(C)=O)cc2)nc(OC)n1,CHEMBL1349361,4.3,nM,50000.0,nM,50000.0,AKT1,50000.0,4.301029995663981,WIYOSEJTAADVPJ-UHFFFAOYSA-N,352.37200000000007,1.2529999999999997,2,7,0,119.51,6,24
COc1cc(NS(=O)(=O)c2ccc(NC(=O)c3ccco3)cc2)nc(OC)n1,CHEMBL1533790,4.3,nM,50000.0,nM,50000.0,AKT1,50000.0,4.301029995663981,DQOZFKWKEFZPOO-UHFFFAOYSA-N,404.4040000000001,2.1399,2,8,0,132.65,7,28
NS(=O)(=O)c1nnc(NS(=O)(=O)c2cccc3cccnc23)s1,CHEMBL1994702,4.3,nM,50000.0,nM,50000.0,AKT1,50000.0,4.301029995663981,FZHGBFVLVKBLAD-UHFFFAOYSA-N,371.42500000000007,0.5345000000000003,2,8,0,145.0,4,23
Nc1ccc(S(=O)(=O)Nc2ccc(S(=O)(=O)Nc3nnc(S(N)(=O)=O)s3)cc2)cc1,CHEMBL3910424,4.3,nM,50000.0,nM,50000.0,AKT1,50000.0,4.301029995663981,VHRSRCJNVCZJPP-UHFFFAOYSA-N,490.57000000000016,0.3693000000000003,4,10,0,204.29999999999998,7,30
CC(C)=CCc1c(O)cc2oc(-c3ccc(O)cc3O)cc(=O)c2c1O,CHEMBL1915458,4.26,nM,54480.0,uM,54.48,AKT1,54480.0,4.263762901095271,YWUVFGZTDLJVCR-UHFFFAOYSA-N,354.35800000000006,3.7911000000000024,4,6,0,111.13000000000001,3,26
NC(=O)c1ccc(NCc2ccccc2)c2cncnc12,CHEMBL3960835,4.24,nM,57000.0,nM,57000.0,AKT1,57000.0,4.2441251443275085,XCDUPGWCPCEMHW-UHFFFAOYSA-N,278.31500000000005,2.3407999999999998,2,4,0,80.9,4,21
COc1ccccc1Cn1c(-c2cccnc2N)nc2cccnc21,CHEMBL2177841,4.24,nM,58000.0,uM,58.0,AKT1,58000.0,4.236572006437063,NZFPGVFBMKQBHX-UHFFFAOYSA-N,331.379,3.1324000000000005,1,5,0,78.85000000000001,4,25
O=C(Nc1ccc([N+](=O)[O-])cc1Cl)c1cc(Cl)ccc1O,CHEMBL1448,4.23,nM,59400.0,uM,59.4,AKT1,59400.0,4.2262135550188065,RJMUSRYZPJIFPJ-UHFFFAOYSA-N,327.12300000000005,3.859500000000001,2,4,0,92.47,3,21
N#CC(=C(/N)Sc1ccccc1N)/C(C#N)=C(\N)Sc1ccccc1N,CHEMBL34704,4.22,nM,60000.0,uM,60.0,AKT1,60000.0,4.221848749616356,DVEXZJFMOKTQEZ-JYFOCSDGSA-N,380.5020000000001,3.1231600000000004,4,8,0,151.66,5,26
CC1=C(C#N)c2nc(N)c(C#N)c(C)c2/C1=C/c1ccc(-c2cccc(C(=O)O)c2)o1,CHEMBL193261,4.22,nM,60200.0,uM,60.2,AKT1,60200.0,4.220403508742176,HAQZTEWQXRUDSW-RQZCQDPDSA-N,408.41700000000014,4.653380000000003,2,6,0,136.93,3,31
CN1c2ccccc2-c2nnc(-c3ccc4ccccc4c3)n2-c2ccccc21,CHEMBL3679723,4.17,nM,67000.0,nM,67000.0,AKT1,67000.0,4.173925197299174,GYZKXPDUVKUQQZ-UHFFFAOYSA-N,374.44700000000006,5.835800000000004,0,3,1,33.95,1,29
NC1CCN(C(=O)c2ccc(-c3nnc4n3-c3cccnc3Nc3ccccc3-4)cc2)CC1,CHEMBL3684520,4.16,nM,70000.0,nM,70000.0,AKT1,70000.0,4.154901959985743,GVURCZNLSCEFOY-UHFFFAOYSA-N,437.5070000000002,3.616600000000002,2,6,0,101.96,2,33
NC(=O)c1ccc(NCc2cccnc2)c2cncnc12,CHEMBL3972029,4.16,nM,70000.0,nM,70000.0,AKT1,70000.0,4.154901959985743,HRPLAOCUGOORSU-UHFFFAOYSA-N,279.30300000000005,1.7357999999999998,2,5,0,93.79,4,21
CC1=CCC[C@H]2[C@](C)(CC3=C(O)C(=O)C=C(NCCC(C)C)C3=O)[C@@H](C)CC[C@@]12C,CHEMBL3109401,4.13,nM,73200.0,uM,73.2,AKT1,73200.0,4.135488918941608,ACOQUBGHQYPJFN-NZZVAQPWSA-N,413.6020000000003,5.658800000000006,2,4,1,66.4,6,30
COc1ccc(Nc2nccc(-c3nc4ccccc4n3C)n2)cc1,CHEMBL2036868,4.12,nM,75000.0,uM,75.0,AKT1,75000.0,4.1249387366083,QYUAAGZZXLCOSX-UHFFFAOYSA-N,331.3790000000001,3.7825000000000015,1,5,0,64.86,4,25
Cc1n[nH]cc1-c1ccccc1,CHEMBL228114,4.1,nM,80000.0,uM,80.0,AKT1,80000.0,4.096910013008056,XTXZCNATVCIKTR-UHFFFAOYSA-N,158.20399999999998,2.3851200000000006,1,1,0,28.68,1,12
CC(C)=CCc1cc(C(=O)/C=C/c2cccc(O)c2)c(O)cc1O,CHEMBL1915456,4.07,nM,85900.0,uM,85.9,AKT1,85900.0,4.066006836168758,LJJSSJWLWFWWMA-VQHVLOKHSA-N,324.3760000000001,4.208200000000005,3,4,0,77.76,5,24
Cc1ccc(-c2ncc(OCC3CCNCC3)cc2-c2ccc(C#N)cc2)cc1,CHEMBL3759201,4.06,nM,87600.0,uM,87.6,AKT1,87600.0,4.057495893831919,JQPWKVGXPWCDEE-UHFFFAOYSA-N,383.49500000000006,4.974100000000004,1,4,0,57.94,5,29
Nc1ncnc2c1N=C(c1ccccc1)CCN2,CHEMBL262623,4.04,nM,92000.0,uM,92.0,AKT1,92000.0,4.036212172654444,WNTAZUFBXXQBAO-UHFFFAOYSA-N,239.282,1.9951999999999999,2,5,0,76.19,1,18
N=C(N)NCCNc1ccc(C(=O)Nc2ccc(N(Cc3ccccc3)Cc3ccccc3)cc2)cc1,CHEMBL513216,4.02,nM,96000.0,uM,96.0,AKT1,96000.0,4.017728766960432,NTEFUUDXMXONBE-UHFFFAOYSA-N,492.62700000000024,5.040670000000004,5,4,1,106.27,11,37
O=C(CSc1nnc(COc2ccc3c(c2)CCCC3)o1)Nc1nc2ccc(F)cc2s1,CHEMBL4170467,4.01,nM,98330.0,uM,98.33,AKT1,98330.0,4.007313960837872,IFXVDQQKCLQCNB-UHFFFAOYSA-N,470.5510000000002,5.007000000000003,1,8,1,90.14,7,32
Nc1ncc(-c2cc(N3CCOCC3)cc(S(=O)(=O)c3ccc(F)c(Cl)c3)c2)cn1,CHEMBL5990361,4.0,nM,100000.0,nM,100000.0,AKT1,100000.0,4.0,KCEIJUIZISZHPA-UHFFFAOYSA-N,448.9070000000001,3.187700000000002,1,7,0,98.40999999999998,4,30
O=S(=O)(c1ccccc1)c1cc(-c2cnc(NC3CC3)nc2)cc(N2CCOCC2)c1,CHEMBL5829379,4.0,nM,100000.0,nM,100000.0,AKT1,100000.0,4.0,AVSDJUUZCZSIGH-UHFFFAOYSA-N,436.5370000000003,3.3873000000000024,1,7,0,84.42,6,31
Nc1ncc(-c2cc(N3CCOCC3)cc(S(=O)(=O)c3ccc(OC(F)(F)F)cc3)c2)cn1,CHEMBL5831870,4.0,nM,100000.0,nM,100000.0,AKT1,100000.0,4.0,GNRZQAOZAOLONJ-UHFFFAOYSA-N,480.4680000000001,3.293800000000002,1,8,0,107.63999999999999,5,33
N#Cc1ccc(S(=O)(=O)c2cc(-c3cnc(N)nc3C(F)(F)F)cc(N3CCOCC3)c2)cc1,CHEMBL5926148,4.0,nM,100000.0,nM,100000.0,AKT1,100000.0,4.0,UOIGQFPHLCWPGS-UHFFFAOYSA-N,489.4790000000002,3.285680000000002,1,8,0,122.19999999999999,4,34
Cc1cnccc1-c1cc(N2CCOCC2)cc(S(=O)(=O)c2ccccc2)c1,CHEMBL5954830,4.0,nM,100000.0,nM,100000.0,AKT1,100000.0,4.0,OCSCJTVVJRDXDP-UHFFFAOYSA-N,394.49600000000004,3.7264200000000027,0,5,0,59.50000000000001,4,28
N#Cc1ccc(S(=O)(=O)c2cc(-c3cnc(N)cc3C(F)(F)F)cc(N3CCOCC3)c2)cc1,CHEMBL5802550,4.0,nM,100000.0,nM,100000.0,AKT1,100000.0,4.0,BIVPSVOHMHKNQJ-UHFFFAOYSA-N,488.4910000000002,3.8906800000000024,1,7,0,109.30999999999999,4,34
CC1=C(C#N)c2nc(N)c(C#N)c(C)c2/C1=C/c1ccc(-c2ccc(C(=O)O)cc2)o1,CHEMBL365978,,nM,126000.0,uM,126.0,AKT1,126000.0,3.899629454882437,WPBMKMXMEFLDDJ-RQZCQDPDSA-N,408.41700000000014,4.653380000000003,2,6,0,136.93,3,31
c1ccc(-c2cn[nH]c2)cc1,CHEMBL390066,3.87,nM,135000.0,uM,135.0,AKT1,135000.0,3.869666231504994,GPGKNEKFDGOXPO-UHFFFAOYSA-N,144.177,2.0766999999999998,1,1,0,28.68,1,11
O=C(CSc1nnc(COc2ccc3c(c2)CCCC3)o1)Nc1ncc([N+](=O)[O-])s1,CHEMBL4168160,,nM,138330.0,uM,138.33,AKT1,138330.0,3.85908362306093,HVCQOMPSLPQUDW-UHFFFAOYSA-N,447.4980000000002,3.6229000000000022,1,10,0,133.28,8,30
CC(C)=CCc1c(O)cc(O)c(C(=O)/C=C/c2ccc(O)cc2)c1O,CHEMBL466143,,nM,143900.0,uM,143.9,AKT1,143900.0,3.841939206063395,FUSADYLVRMROPL-UXBLZVDNSA-N,340.37500000000006,3.9138000000000024,4,5,0,97.99000000000001,5,25
CC(C)(C)c1ccc(-n2c(-c3cccnc3)nc3cccnc32)cc1,CHEMBL2177844,,nM,185000.0,uM,185.0,AKT1,185000.0,3.7328282715969863,GUGKTSFYWPKXBG-UHFFFAOYSA-N,328.41900000000004,4.780000000000004,0,3,0,43.6,2,25
